Guide_ID,Reads_in_input,Reads_lowqual,Reads_aligned_all_amplicons,Reads_aligned_WT,Reads_aligned_HDR,Reads_unaligned,WT,correct_edit,target_base_edit,byproduct_all,byproduct_INDEL,byproduct_sub,byproduct_ambiguous,corr_perc,target_base_edit_perc,WT_perc,byproduct_all_perc,byproduct_INDEL_perc,byproduct_sub_perc,byproduct_ambiguous_perc
gRNA_1000,0,0,0,0,0,0,0,0,0,0,0,0,0,0.0,0.0,0.0,0.0,0.0,0.0,0.0
gRNA_1004,4295,0,4295,3673,291,331,3466,248,291,581,0,250,331,5.774155995343422,6.775320139697323,80.69848661233993,13.527357392316647,0.0,5.820721769499418,7.706635622817229
gRNA_10049,1,0,1,0,1,0,0,0,1,1,0,1,0,0.0,100.0,0.0,100.0,0.0,100.0,0.0
gRNA_1006,1655,0,1655,1614,16,25,1396,7,16,252,0,227,25,0.4229607250755287,0.9667673716012085,84.35045317220543,15.226586102719033,0.0,13.716012084592146,1.5105740181268883
gRNA_10106,0,0,0,0,0,0,0,0,0,0,0,0,0,0.0,0.0,0.0,0.0,0.0,0.0,0.0
gRNA_10107,1,0,1,0,1,0,0,0,1,1,0,1,0,0.0,100.0,0.0,100.0,0.0,100.0,0.0
gRNA_1019,10493,0,10493,10489,2,2,9817,2,2,674,0,672,2,0.01906032593157343,0.01906032593157343,93.55760983512818,6.423329838940246,0.0,6.404269513008672,0.01906032593157343
gRNA_1023,7859,1,7858,7851,6,1,5914,2,6,1942,0,1941,1,0.025451768897938407,0.07635530669381523,75.26088063120388,24.713667599898194,0.0,24.700941715449225,0.012725884448969204
gRNA_10271,2501,0,2501,2493,1,7,2389,1,1,111,1,103,7,0.03998400639744103,0.03998400639744103,95.5217912834866,4.4382247101159535,0.03998400639744103,4.118352658936425,0.2798880447820872
gRNA_10272,1417,7,1410,1407,1,2,140,0,1,1270,550,252,468,0.0,0.07092198581560284,9.929078014184396,90.0709219858156,39.00709219858156,17.872340425531913,33.191489361702125
gRNA_10278,939,0,939,706,89,144,359,20,89,560,0,416,144,2.1299254526091587,9.478168264110757,38.2321618743344,59.63791267305644,0.0,44.3024494142705,15.335463258785943
gRNA_1032,774,0,774,731,17,26,633,7,17,134,0,108,26,0.9043927648578811,2.1963824289405687,81.78294573643412,17.31266149870801,0.0,13.953488372093023,3.359173126614987
gRNA_1034,14014,0,14014,14003,9,2,13337,8,9,669,0,667,2,0.057085771371485655,0.06422149279292136,95.16911659768803,4.773797630940488,0.0,4.759526188097617,0.014271442842871414
gRNA_10342,0,0,0,0,0,0,0,0,0,0,0,0,0,0.0,0.0,0.0,0.0,0.0,0.0,0.0
gRNA_10343,386,0,386,0,386,0,0,164,386,222,0,222,0,42.487046632124354,100.0,0.0,57.512953367875646,0.0,57.512953367875646,0.0
gRNA_1036,0,0,0,0,0,0,0,0,0,0,0,0,0,0.0,0.0,0.0,0.0,0.0,0.0,0.0
gRNA_10363,0,0,0,0,0,0,0,0,0,0,0,0,0,0.0,0.0,0.0,0.0,0.0,0.0,0.0
gRNA_10424,10140,0,10140,9855,115,170,7895,50,115,2195,0,2025,170,0.4930966469428008,1.1341222879684418,77.85996055226825,21.646942800788956,0.0,19.97041420118343,1.6765285996055226
gRNA_10425,9471,0,9471,9351,38,82,8554,22,38,895,0,813,82,0.23228803716608595,0.4012247914686939,90.31781226903178,9.449899693802132,0.0,8.584098828001267,0.8658008658008658
gRNA_10429,5947,0,5947,5914,7,26,4325,4,7,1618,0,1592,26,0.06726080376660501,0.11770640659155877,72.72574407264167,27.206995123591728,0.0,26.769799899108794,0.4371952244829326
gRNA_10432,8372,0,8372,8368,2,2,6784,0,2,1588,0,1586,2,0.0,0.023889154323936932,81.03201146679407,18.967988533205926,0.0,18.944099378881987,0.023889154323936932
gRNA_10438,38,0,38,36,2,0,32,1,2,5,0,5,0,2.6315789473684212,5.2631578947368425,84.21052631578948,13.157894736842104,0.0,13.157894736842104,0.0
gRNA_10461,11552,0,11552,11490,22,40,10738,17,22,797,0,757,40,0.1471606648199446,0.1904432132963989,92.95360110803324,6.899238227146815,0.0,6.55297783933518,0.3462603878116344
gRNA_10465,338,0,338,252,50,36,155,23,50,160,0,124,36,6.804733727810651,14.792899408284024,45.857988165680474,47.337278106508876,0.0,36.68639053254438,10.650887573964496
gRNA_10473,6610,0,6610,6142,182,286,5981,161,182,468,0,182,286,2.435703479576399,2.7534039334341904,90.48411497730712,7.08018154311649,0.0,2.7534039334341904,4.326777609682299
gRNA_10504,0,0,0,0,0,0,0,0,0,0,0,0,0,0.0,0.0,0.0,0.0,0.0,0.0,0.0
gRNA_1052,1048,0,1048,1021,12,15,643,4,12,401,0,386,15,0.3816793893129771,1.1450381679389312,61.35496183206107,38.26335877862596,0.0,36.83206106870229,1.4312977099236641
gRNA_10547,0,0,0,0,0,0,0,0,0,0,0,0,0,0.0,0.0,0.0,0.0,0.0,0.0,0.0
gRNA_10548,0,0,0,0,0,0,0,0,0,0,0,0,0,0.0,0.0,0.0,0.0,0.0,0.0,0.0
gRNA_1055,9235,0,9235,7876,461,898,7728,448,461,1059,0,161,898,4.851109907958852,4.991878722252301,83.6816459122902,11.467244179750947,0.0,1.7433676231727124,9.723876556578235
gRNA_10596,0,0,0,0,0,0,0,0,0,0,0,0,0,0.0,0.0,0.0,0.0,0.0,0.0,0.0
gRNA_10598,648,0,648,0,647,1,0,0,647,648,0,647,1,0.0,99.84567901234568,0.0,100.0,0.0,99.84567901234568,0.15432098765432098
gRNA_10617,254,0,254,253,1,0,62,1,1,191,0,191,0,0.3937007874015748,0.3937007874015748,24.409448818897637,75.19685039370079,0.0,75.19685039370079,0.0
gRNA_1062,10377,0,10377,9164,484,729,8001,387,484,1989,0,1260,729,3.7294015611448397,4.664161125566156,77.10320901994797,19.1673894189072,0.0,12.142237640936687,7.025151777970511
gRNA_10634,1,0,1,1,0,0,0,0,0,1,0,1,0,0.0,0.0,0.0,100.0,0.0,100.0,0.0
gRNA_10657,0,0,0,0,0,0,0,0,0,0,0,0,0,0.0,0.0,0.0,0.0,0.0,0.0,0.0
gRNA_10664,0,0,0,0,0,0,0,0,0,0,0,0,0,0.0,0.0,0.0,0.0,0.0,0.0,0.0
gRNA_10738,1290,0,1290,1289,1,0,1276,1,1,13,0,13,0,0.07751937984496124,0.07751937984496124,98.91472868217055,1.0077519379844961,0.0,1.0077519379844961,0.0
gRNA_10745,383,0,383,377,0,6,361,0,0,22,0,16,6,0.0,0.0,94.25587467362924,5.7441253263707575,0.0,4.177545691906006,1.566579634464752
gRNA_10750,4984,0,4984,4982,0,2,4784,0,0,200,0,198,2,0.0,0.0,95.98715890850723,4.012841091492777,0.0,3.972712680577849,0.04012841091492777
gRNA_10752,14983,0,14983,14979,2,2,14923,2,2,58,0,56,2,0.013348461589801776,0.013348461589801776,99.59954615230595,0.3871053861042515,0.0,0.3737569245144497,0.013348461589801776
gRNA_10775,4048,0,4048,4044,3,1,2794,2,3,1252,0,1251,1,0.04940711462450593,0.0741106719367589,69.02173913043478,30.92885375494071,0.0,30.904150197628457,0.024703557312252964
gRNA_10777,8290,0,8290,8193,36,61,8140,33,36,117,0,56,61,0.39806996381182147,0.43425814234016885,98.19059107358262,1.4113389626055488,0.0,0.6755126658624849,0.7358262967430639
gRNA_10781,19987,0,19987,12829,3783,3375,10696,2772,3783,6519,0,3144,3375,13.869014859658778,18.92730274678541,53.5147846099965,32.61620053034473,0.0,15.730224646019913,16.88597588432481
gRNA_10784,2306,0,2306,2126,82,98,1151,20,82,1135,0,1037,98,0.8673026886383348,3.5559410234171724,49.91326973113617,49.2194275802255,0.0,44.96964440589766,4.24978317432784
gRNA_10909,0,0,0,0,0,0,0,0,0,0,0,0,0,0.0,0.0,0.0,0.0,0.0,0.0,0.0
gRNA_10912,1699,0,1699,1689,2,8,985,0,2,714,0,706,8,0.0,0.11771630370806356,57.975279576221304,42.024720423778696,0.0,41.55385520894644,0.47086521483225424
gRNA_10917,126,0,126,113,2,11,18,0,2,108,0,97,11,0.0,1.5873015873015872,14.285714285714286,85.71428571428571,0.0,76.98412698412699,8.73015873015873
gRNA_10925,102,0,102,101,0,1,66,0,0,36,0,35,1,0.0,0.0,64.70588235294117,35.294117647058826,0.0,34.31372549019608,0.9803921568627451
gRNA_10942,4755,0,4755,4731,6,18,4614,5,6,136,0,118,18,0.10515247108307045,0.12618296529968454,97.03470031545741,2.8601472134595163,0.0,2.481598317560463,0.3785488958990536
gRNA_10945,300,0,300,285,3,12,172,0,3,128,0,116,12,0.0,1.0,57.333333333333336,42.666666666666664,0.0,38.666666666666664,4.0
gRNA_10946,8,0,8,8,0,0,8,0,0,0,0,0,0,0.0,0.0,100.0,0.0,0.0,0.0,0.0
gRNA_10949,303,1,302,154,74,74,61,38,74,203,53,76,74,12.582781456953642,24.503311258278146,20.198675496688743,67.21854304635761,17.549668874172184,25.165562913907284,24.503311258278146
gRNA_10961,1673,0,1673,1672,0,1,1422,0,0,251,1,249,1,0.0,0.0,84.997011356844,15.002988643156007,0.05977286312014345,14.88344291691572,0.05977286312014345
gRNA_10969,0,0,0,0,0,0,0,0,0,0,0,0,0,0.0,0.0,0.0,0.0,0.0,0.0,0.0
gRNA_10971,0,0,0,0,0,0,0,0,0,0,0,0,0,0.0,0.0,0.0,0.0,0.0,0.0,0.0
gRNA_10974,109,0,109,85,10,14,49,2,10,58,0,44,14,1.834862385321101,9.174311926605505,44.95412844036697,53.211009174311926,0.0,40.36697247706422,12.844036697247706
gRNA_11071,0,0,0,0,0,0,0,0,0,0,0,0,0,0.0,0.0,0.0,0.0,0.0,0.0,0.0
gRNA_11077,1663,0,1663,1660,2,1,1495,1,2,167,0,166,1,0.06013229104028864,0.12026458208057728,89.8977751052315,10.042092603728202,0.0,9.981960312687914,0.06013229104028864
gRNA_11100,21790,0,21790,20808,361,621,5633,57,361,16100,0,15479,621,0.2615878843506195,1.6567232675539239,25.851307939421755,73.88710417622762,0.0,71.03717301514456,2.8499311610830658
gRNA_11101,91,0,91,55,24,12,47,8,24,36,0,24,12,8.791208791208792,26.373626373626372,51.64835164835165,39.56043956043956,0.0,26.373626373626372,13.186813186813186
gRNA_11110,11290,1,11289,10675,268,346,10487,253,268,549,0,203,346,2.2411196740189565,2.3739923819647446,92.89573921516521,4.863141110815838,0.0,1.7982106475329966,3.064930463282842
gRNA_11118,539,0,539,539,0,0,260,0,0,279,0,279,0,0.0,0.0,48.23747680890538,51.76252319109462,0.0,51.76252319109462,0.0
gRNA_11120,3391,0,3391,3374,5,12,3197,2,5,192,0,180,12,0.058979652020053085,0.14744913005013272,94.27897375405485,5.662046593925096,0.0,5.308168681804777,0.3538779121203185
gRNA_11149,7106,0,7106,7102,4,0,6000,2,4,1104,0,1104,0,0.028145229383619477,0.056290458767238954,84.43568815085843,15.536166619757951,0.0,15.536166619757951,0.0
gRNA_11151,9454,0,9454,5751,1310,2393,5397,1188,1310,2869,0,476,2393,12.566109583245186,13.856568648191242,57.08694732388407,30.34694309287074,0.0,5.034905859953459,25.312037232917284
gRNA_1116,3853,0,3853,3844,2,7,3517,0,2,336,0,329,7,0.0,0.051907604464053986,91.27952245003893,8.72047754996107,0.0,8.53880093433688,0.18167661562418894
gRNA_11160,4523,0,4523,3850,297,376,268,17,297,4238,0,3862,376,0.37585673225735133,6.566438204731373,5.92527083793942,93.69887242980323,0.0,85.3858058810524,8.313066548750829
gRNA_11163,3812,0,3812,1778,753,1281,1678,693,753,1441,1,159,1281,18.179433368310598,19.753410283315844,44.01888772298006,37.80167890870934,0.026232948583420776,4.171038824763904,33.60440713536202
gRNA_11165,1805,0,1805,1805,0,0,946,0,0,859,0,859,0,0.0,0.0,52.40997229916898,47.59002770083102,0.0,47.59002770083102,0.0
gRNA_11186,61,0,61,18,2,41,13,0,2,48,0,7,41,0.0,3.278688524590164,21.311475409836067,78.68852459016394,0.0,11.475409836065573,67.21311475409836
gRNA_11188,2,0,2,0,2,0,0,0,2,2,0,2,0,0.0,100.0,0.0,100.0,0.0,100.0,0.0
gRNA_11223,0,0,0,0,0,0,0,0,0,0,0,0,0,0.0,0.0,0.0,0.0,0.0,0.0,0.0
gRNA_1128,3023,0,3023,2680,122,221,2588,107,122,328,0,107,221,3.539530267945749,4.035726099900761,85.61032087330466,10.850148858749586,0.0,3.539530267945749,7.310618590803838
gRNA_11284,0,0,0,0,0,0,0,0,0,0,0,0,0,0.0,0.0,0.0,0.0,0.0,0.0,0.0
gRNA_11285,0,0,0,0,0,0,0,0,0,0,0,0,0,0.0,0.0,0.0,0.0,0.0,0.0,0.0
gRNA_11305,825,0,825,0,825,0,0,0,825,825,0,825,0,0.0,100.0,0.0,100.0,0.0,100.0,0.0
gRNA_11315,0,0,0,0,0,0,0,0,0,0,0,0,0,0.0,0.0,0.0,0.0,0.0,0.0,0.0
gRNA_11324,0,0,0,0,0,0,0,0,0,0,0,0,0,0.0,0.0,0.0,0.0,0.0,0.0,0.0
gRNA_11361,246,0,246,237,2,7,211,2,2,33,0,26,7,0.8130081300813008,0.8130081300813008,85.77235772357723,13.414634146341463,0.0,10.56910569105691,2.845528455284553
gRNA_11371,3991,0,3991,3979,1,11,3319,1,1,671,0,660,11,0.02505637684790779,0.02505637684790779,83.16211475820596,16.81282886494613,0.0,16.537208719619144,0.2756201453269857
gRNA_11372,0,0,0,0,0,0,0,0,0,0,0,0,0,0.0,0.0,0.0,0.0,0.0,0.0,0.0
gRNA_11374,0,0,0,0,0,0,0,0,0,0,0,0,0,0.0,0.0,0.0,0.0,0.0,0.0,0.0
gRNA_11375,0,0,0,0,0,0,0,0,0,0,0,0,0,0.0,0.0,0.0,0.0,0.0,0.0,0.0
gRNA_11380,3539,0,3539,1336,698,1505,575,236,698,2728,0,1223,1505,6.66855043797683,19.723085617406046,16.24752755015541,77.08392201186776,0.0,34.55778468493925,42.52613732692851
gRNA_11386,64,0,64,62,1,1,41,0,1,23,0,21,2,0.0,1.5625,64.0625,35.9375,0.0,32.8125,3.125
gRNA_11398,306,0,306,117,102,87,68,58,102,180,0,93,87,18.954248366013072,33.333333333333336,22.22222222222222,58.8235294117647,0.0,30.392156862745097,28.431372549019606
gRNA_11401,11863,0,11863,11834,5,24,5876,1,5,5986,0,5962,24,0.008429570934839417,0.042147854674197086,49.53215881311641,50.459411615948746,0.0,50.2571019135126,0.202309702436146
gRNA_11407,22885,0,22885,22847,17,21,19799,6,17,3080,0,3059,21,0.026218046755516713,0.07428446580729736,86.5151846187459,13.45859733449858,0.0,13.366834170854272,0.0917631636443085
gRNA_1141,16012,0,16012,15944,22,46,15494,20,22,498,3,449,46,0.12490632025980515,0.13739695228578566,96.76492630527105,3.1101673744691483,0.018735948038970773,2.8041468898326256,0.2872845365975518
gRNA_11411,9676,0,9676,9659,1,16,8364,1,1,1311,0,1295,16,0.010334849111202976,0.010334849111202976,86.44067796610169,13.548987184787102,0.0,13.383629599007854,0.1653575857792476
gRNA_11416,6448,0,6448,2793,1357,2298,2467,1118,1357,2863,0,565,2298,17.338709677419356,21.04528535980149,38.25992555831265,44.40136476426799,0.0,8.762406947890819,35.63895781637717
gRNA_11422,7347,0,7347,6550,256,541,6303,238,256,806,0,265,541,3.2394174492990335,3.4844154076493807,85.79011841567987,10.970464135021096,0.0,3.6069143868245543,7.363549748196543
gRNA_11423,15869,0,15869,13220,1018,1631,12938,968,1018,1963,0,332,1631,6.099943285651269,6.4150230008192075,81.5300270968555,12.370029617493225,0.0,2.092129308715105,10.27790030877812
gRNA_11425,0,0,0,0,0,0,0,0,0,0,0,0,0,0.0,0.0,0.0,0.0,0.0,0.0,0.0
gRNA_11432,9879,0,9879,9879,0,0,9859,0,0,20,0,20,0,0.0,0.0,99.79755035934811,0.20244964065188784,0.0,0.20244964065188784,0.0
gRNA_11467,2865,0,2865,1360,486,1019,1220,412,486,1233,0,214,1019,14.3804537521815,16.963350785340314,42.582897033158815,43.03664921465968,0.0,7.469458987783595,35.56719022687609
gRNA_1147,47730,0,47730,37713,4270,5747,36788,4087,4270,6855,0,1108,5747,8.562748795306934,8.946155457783364,77.07521474963336,14.36203645505971,0.0,2.321391158600461,12.04064529645925
gRNA_11474,310,0,310,291,7,12,247,3,7,60,0,48,12,0.967741935483871,2.2580645161290325,79.6774193548387,19.35483870967742,0.0,15.483870967741936,3.870967741935484
gRNA_11478,208,0,208,208,0,0,84,0,0,124,0,124,0,0.0,0.0,40.38461538461539,59.61538461538461,0.0,59.61538461538461,0.0
gRNA_11482,429,0,429,429,0,0,288,0,0,141,0,141,0,0.0,0.0,67.13286713286713,32.86713286713287,0.0,32.86713286713287,0.0
gRNA_1149,0,0,0,0,0,0,0,0,0,0,0,0,0,0.0,0.0,0.0,0.0,0.0,0.0,0.0
gRNA_11495,7855,0,7855,7437,196,222,7288,185,196,382,0,160,222,2.3551877784850412,2.495225970719287,92.78166772756207,4.8631444939528965,0.0,2.0369191597708465,2.8262253341820496
gRNA_11507,2,0,2,2,0,0,1,0,0,1,0,1,0,0.0,0.0,50.0,50.0,0.0,50.0,0.0
gRNA_11516,32,0,32,31,0,1,4,0,0,28,0,27,1,0.0,0.0,12.5,87.5,0.0,84.375,3.125
gRNA_11519,368,0,368,368,0,0,25,0,0,343,0,343,0,0.0,0.0,6.793478260869565,93.20652173913044,0.0,93.20652173913044,0.0
gRNA_11523,279,0,279,275,3,1,145,0,3,134,0,133,1,0.0,1.075268817204301,51.971326164874554,48.028673835125446,0.0,47.67025089605735,0.35842293906810035
gRNA_11534,794,0,794,788,3,3,413,0,3,381,0,378,3,0.0,0.3778337531486146,52.015113350125944,47.984886649874056,0.0,47.60705289672544,0.3778337531486146
gRNA_11536,521,0,521,504,5,12,204,2,5,315,28,272,15,0.3838771593090211,0.9596928982725528,39.15547024952016,60.46065259117083,5.3742802303262955,52.20729366602687,2.8790786948176583
gRNA_1154,5016,0,5016,5004,0,12,4612,0,0,404,0,392,12,0.0,0.0,91.94577352472089,8.054226475279107,0.0,7.814992025518341,0.23923444976076555
gRNA_11541,1451,0,1451,952,172,327,481,82,172,888,0,561,327,5.651274982770503,11.853893866299105,33.14955203308063,61.199172984148866,0.0,38.662991040661616,22.53618194348725
gRNA_1157,8436,0,8436,8412,6,18,8105,6,6,325,1,306,18,0.07112375533428165,0.07112375533428165,96.07633949739213,3.8525367472735894,0.011853959222380275,3.6273115220483643,0.21337126600284495
gRNA_11607,0,0,0,0,0,0,0,0,0,0,0,0,0,0.0,0.0,0.0,0.0,0.0,0.0,0.0
gRNA_11608,0,0,0,0,0,0,0,0,0,0,0,0,0,0.0,0.0,0.0,0.0,0.0,0.0,0.0
gRNA_11670,0,0,0,0,0,0,0,0,0,0,0,0,0,0.0,0.0,0.0,0.0,0.0,0.0,0.0
gRNA_11798,0,0,0,0,0,0,0,0,0,0,0,0,0,0.0,0.0,0.0,0.0,0.0,0.0,0.0
gRNA_11817,4190,0,4190,4148,14,28,4053,9,14,128,0,100,28,0.21479713603818615,0.3341288782816229,96.73031026252983,3.054892601431981,0.0,2.386634844868735,0.6682577565632458
gRNA_11821,1622,0,1622,625,369,628,344,155,369,1123,0,495,628,9.556103575832307,22.74969173859433,21.208384710234277,69.23551171393342,0.0,30.517879161528978,38.71763255240444
gRNA_11827,822,0,822,754,27,41,284,5,27,533,0,492,41,0.6082725060827251,3.2846715328467155,34.54987834549878,64.84184914841849,0.0,59.85401459854015,4.987834549878346
gRNA_11829,4952,0,4952,4923,13,16,4027,8,13,917,236,654,27,0.16155088852988692,0.26252019386106623,81.32067851373182,18.517770597738288,4.765751211631664,13.206785137318255,0.5452342487883683
gRNA_11835,217,0,217,212,4,1,67,0,4,150,0,149,1,0.0,1.8433179723502304,30.87557603686636,69.12442396313364,0.0,68.66359447004608,0.4608294930875576
gRNA_11839,5176,0,5176,5089,28,59,3175,13,28,1988,0,1929,59,0.2511591962905719,0.5409582689335394,61.34080370942813,38.4080370942813,0.0,37.26816074188562,1.1398763523956723
gRNA_11848,798,0,798,797,1,0,787,1,1,10,0,10,0,0.12531328320802004,0.12531328320802004,98.62155388471177,1.2531328320802004,0.0,1.2531328320802004,0.0
gRNA_11850,955,0,955,859,42,54,759,33,42,163,0,109,54,3.4554973821989527,4.397905759162303,79.47643979057591,17.06806282722513,0.0,11.413612565445026,5.654450261780105
gRNA_11863,10484,0,10484,1816,8667,1,417,5748,8667,4319,0,4318,1,54.82640213658909,82.66882869133919,3.977489507821442,41.19610835558947,0.0,41.186570011446015,0.009538344143456695
gRNA_11866,982,0,982,759,91,132,606,69,91,307,1,174,132,7.026476578411406,9.266802443991853,61.710794297352344,31.26272912423625,0.10183299389002037,17.718940936863543,13.441955193482688
gRNA_11872,248,0,248,110,71,67,97,25,71,126,0,21,105,10.080645161290322,28.629032258064516,39.11290322580645,50.806451612903224,0.0,8.46774193548387,42.33870967741935
gRNA_11948,31857,1,31856,30924,277,655,30025,232,277,1599,0,944,655,0.7282772476142642,0.869537920642893,94.25226017076845,5.019462581617278,0.0,2.9633350075339027,2.056127574083375
gRNA_11970,4038,0,4038,3961,30,47,3057,17,30,964,0,917,47,0.42100049529470035,0.7429420505200595,75.70579494799405,23.873204556711244,0.0,22.709262010896484,1.1639425458147599
gRNA_11971,11013,0,11013,10990,1,22,10588,1,1,424,0,402,22,0.00908017797148824,0.00908017797148824,96.1409243621175,3.8499954599110144,0.0,3.650231544538273,0.1997639153727413
gRNA_11980,23672,0,23672,23669,2,1,18916,2,2,4754,0,4752,2,0.00844880027036161,0.00844880027036161,79.9087529570801,20.082798242649545,0.0,20.074349442379184,0.00844880027036161
gRNA_11982,758,0,758,754,1,3,599,0,1,159,0,156,3,0.0,0.13192612137203166,79.02374670184696,20.976253298153033,0.0,20.58047493403694,0.39577836411609496
gRNA_11983,2718,0,2718,2709,5,4,1549,3,5,1166,1,1161,4,0.11037527593818984,0.18395879323031641,56.99043414275202,42.89919058130979,0.03679175864606328,42.71523178807947,0.14716703458425312
gRNA_11986,807,0,807,804,0,3,432,0,0,375,0,372,3,0.0,0.0,53.531598513011154,46.468401486988846,0.0,46.09665427509294,0.37174721189591076
gRNA_12024,0,0,0,0,0,0,0,0,0,0,0,0,0,0.0,0.0,0.0,0.0,0.0,0.0,0.0
gRNA_12026,0,0,0,0,0,0,0,0,0,0,0,0,0,0.0,0.0,0.0,0.0,0.0,0.0,0.0
gRNA_12164,0,0,0,0,0,0,0,0,0,0,0,0,0,0.0,0.0,0.0,0.0,0.0,0.0,0.0
gRNA_12197,0,0,0,0,0,0,0,0,0,0,0,0,0,0.0,0.0,0.0,0.0,0.0,0.0,0.0
gRNA_12271,0,0,0,0,0,0,0,0,0,0,0,0,0,0.0,0.0,0.0,0.0,0.0,0.0,0.0
gRNA_12272,0,0,0,0,0,0,0,0,0,0,0,0,0,0.0,0.0,0.0,0.0,0.0,0.0,0.0
gRNA_12349,1747,0,1747,1724,12,11,466,0,12,1281,0,1269,12,0.0,0.6868918145392101,26.674298797939326,73.32570120206067,0.0,72.63880938752146,0.6868918145392101
gRNA_12351,12464,0,12464,12449,5,10,12220,3,5,241,0,231,10,0.024069319640564826,0.04011553273427471,98.0423620025674,1.9335686777920411,0.0,1.8533376123234917,0.08023106546854943
gRNA_12364,485,0,485,483,2,0,322,0,2,163,0,162,1,0.0,0.41237113402061853,66.3917525773196,33.608247422680414,0.0,33.402061855670105,0.20618556701030927
gRNA_12371,13654,0,13654,13342,101,211,9669,43,101,3942,0,3579,363,0.3149260290024901,0.7397099750988722,70.81441335872272,28.87066061227479,0.0,26.212099018602608,2.658561593672184
gRNA_12377,86972,1,86971,85456,537,978,85009,523,537,1439,1,460,978,0.6013498752457715,0.6174471950420255,97.7440756114107,1.6545745133435283,0.0011498085568752803,0.5289119361626289,1.1245127686240242
gRNA_12386,0,0,0,0,0,0,0,0,0,0,0,0,0,0.0,0.0,0.0,0.0,0.0,0.0,0.0
gRNA_12496,4,0,4,4,0,0,3,0,0,1,0,1,0,0.0,0.0,75.0,25.0,0.0,25.0,0.0
gRNA_12497,2,0,2,2,0,0,0,0,0,2,0,2,0,0.0,0.0,0.0,100.0,0.0,100.0,0.0
gRNA_12503,724,0,724,534,80,110,215,26,80,483,0,373,110,3.591160220994475,11.049723756906078,29.696132596685082,66.71270718232044,0.0,51.51933701657459,15.193370165745856
gRNA_12504,3539,0,3539,2830,299,410,1998,174,299,1367,0,957,410,4.91664311952529,8.448714326080815,56.4566261655835,38.62673071489121,0.0,27.041537157389094,11.58519355750212
gRNA_12505,1434,0,1434,1427,3,4,1101,0,3,333,0,329,4,0.0,0.20920502092050208,76.77824267782427,23.221757322175733,0.0,22.942817294281728,0.2789400278940028
gRNA_12506,2125,0,2125,2116,4,5,1498,2,4,625,0,620,5,0.09411764705882353,0.18823529411764706,70.49411764705883,29.41176470588235,0.0,29.176470588235293,0.23529411764705882
gRNA_12507,210,0,210,210,0,0,121,0,0,89,0,89,0,0.0,0.0,57.61904761904762,42.38095238095238,0.0,42.38095238095238,0.0
gRNA_12511,2146,0,2146,2103,17,26,1330,5,17,811,0,784,27,0.23299161230195714,0.7921714818266542,61.97576887232059,37.79123951537745,0.0,36.533084808946874,1.2581547064305685
gRNA_12512,2355,2078,277,203,29,45,169,19,29,89,0,44,45,6.859205776173285,10.469314079422382,61.01083032490975,32.12996389891697,0.0,15.884476534296029,16.24548736462094
gRNA_12513,2222,0,2222,1422,244,556,880,116,244,1226,1,668,557,5.2205220522052205,10.981098109810981,39.603960396039604,55.17551755175518,0.045004500450045004,30.063006300630065,25.06750675067507
gRNA_12514,8532,0,8532,8529,1,2,7570,0,1,962,0,960,2,0.0,0.011720581340834505,88.72480075011721,11.275199249882794,0.0,11.251758087201125,0.02344116268166901
gRNA_12515,34362,0,34362,34345,5,12,33274,4,5,1084,0,1072,12,0.011640765962400325,0.014550957453000408,96.83371165822712,3.1546475758104884,0.0,3.1197252779232874,0.03492229788720098
gRNA_12516,2797,0,2797,2794,2,1,2283,2,2,512,0,511,1,0.07150518412584912,0.07150518412584912,81.62316767965677,18.305327136217375,0.0,18.26957454415445,0.03575259206292456
gRNA_12517,18991,0,18991,18947,8,36,14306,3,8,4682,0,4646,36,0.01579695645305671,0.04212521720815123,75.33041967247644,24.653783371070507,0.0,24.464219893633828,0.18956347743668053
gRNA_12518,1270,0,1270,1270,0,0,1229,0,0,41,0,41,0,0.0,0.0,96.77165354330708,3.2283464566929134,0.0,3.2283464566929134,0.0
gRNA_12519,3651,0,3651,3646,4,1,3580,2,4,69,0,68,1,0.054779512462339086,0.10955902492467817,98.05532730758696,1.8898931799506984,0.0,1.8625034237195288,0.027389756231169543
gRNA_12520,199,0,199,199,0,0,196,0,0,3,0,3,0,0.0,0.0,98.49246231155779,1.5075376884422111,0.0,1.5075376884422111,0.0
gRNA_12523,495,0,495,0,495,0,0,476,495,19,0,19,0,96.16161616161617,100.0,0.0,3.8383838383838382,0.0,3.8383838383838382,0.0
gRNA_12524,3551,0,3551,3529,2,20,3230,2,2,319,0,299,20,0.056322162771050406,0.056322162771050406,90.96029287524641,8.98338496198254,0.0,8.420163334272036,0.5632216277105041
gRNA_12525,3746,0,3746,3732,0,14,1897,0,0,1849,0,1835,14,0.0,0.0,50.640683395622,49.359316604378,0.0,48.985584623598506,0.37373198077949815
gRNA_12526,999,0,999,994,5,0,584,0,5,415,0,415,0,0.0,0.5005005005005005,58.45845845845846,41.54154154154154,0.0,41.54154154154154,0.0
gRNA_12527,40034,0,40034,39378,192,464,35313,142,192,4579,0,4115,464,0.35469850626967075,0.47959234650547033,88.2075236049358,11.437777888794525,0.0,10.278763051406305,1.15901483738822
gRNA_12531,1259,2,1257,1110,57,90,582,19,57,656,0,566,90,1.511535401750199,4.534606205250597,46.30071599045346,52.187748607796344,0.0,45.02784407319014,7.159904534606206
gRNA_12532,886,0,886,585,106,195,311,45,106,530,0,335,195,5.07900677200903,11.963882618510159,35.10158013544018,59.81941309255079,0.0,37.81038374717833,22.00902934537246
gRNA_12533,14,0,14,9,3,2,5,1,3,8,0,6,2,7.142857142857143,21.428571428571427,35.714285714285715,57.142857142857146,0.0,42.857142857142854,14.285714285714286
gRNA_12536,0,0,0,0,0,0,0,0,0,0,0,0,0,0.0,0.0,0.0,0.0,0.0,0.0,0.0
gRNA_12539,39974,0,39974,39909,22,43,32252,13,22,7709,0,7666,43,0.032521138740181116,0.0550357732526142,80.68244358833242,19.285035272927402,0.0,19.17746535247911,0.10756992044829139
gRNA_12540,4318,0,4318,4114,83,121,4078,78,83,162,0,41,121,1.8063918480778138,1.922186197313571,94.44187123668365,3.7517369152385363,0.0,0.9495136637332098,2.8022232515053265
gRNA_12541,10692,0,10692,9581,484,627,9513,471,484,708,1,80,627,4.405162738496072,4.526748971193416,88.97306397306397,6.621773288439955,0.00935278713056491,0.7482229704451927,5.864197530864198
gRNA_12542,9694,0,9694,9523,76,95,7811,29,76,1854,1,1758,95,0.29915411594800906,0.7839900969671962,80.57561378172065,19.12523210233134,0.010315659170621003,18.13492882195172,0.9799876212089953
gRNA_12543,3877,0,3877,3822,23,32,3288,14,23,575,1,480,94,0.3611039463502708,0.5932421975754449,84.80784111426361,14.831054939386123,0.025793139025019344,12.380706732009285,2.424555068351818
gRNA_12544,3423,0,3423,2861,511,51,2334,493,511,596,0,545,51,14.402570844288636,14.928425357873211,68.18580192813322,17.411627227578148,0.0,15.921706105755186,1.4899211218229622
gRNA_12545,497,0,497,414,31,52,306,14,31,177,0,125,52,2.816901408450704,6.237424547283702,61.56941649899397,35.61368209255533,0.0,25.150905432595575,10.462776659959758
gRNA_12546,6124,0,6124,4471,523,1130,3554,334,523,2236,1,1104,1131,5.453951665578054,8.540169823644677,58.03396472893534,36.51208360548661,0.016329196603527107,18.027433050293926,18.468321358589158
gRNA_12548,0,0,0,0,0,0,0,0,0,0,0,0,0,0.0,0.0,0.0,0.0,0.0,0.0,0.0
gRNA_12550,28866,0,28866,28253,201,412,15395,95,201,13376,0,12964,412,0.32910690778078017,0.6963209311993348,53.33264047668538,46.33825261553385,0.0,44.9109679207372,1.4272846947966467
gRNA_12551,521,0,521,517,1,3,366,0,1,155,0,152,3,0.0,0.19193857965451055,70.24952015355086,29.750479846449135,0.0,29.174664107485604,0.5758157389635317
gRNA_12552,9150,0,9150,9072,28,50,6857,6,28,2287,0,2237,50,0.06557377049180328,0.30601092896174864,74.93989071038251,24.994535519125684,0.0,24.44808743169399,0.546448087431694
gRNA_12553,13246,1,13245,12033,477,735,6139,145,477,6961,0,6226,735,1.0947527368818422,3.6013590033975085,46.349565873914685,52.55568138920347,0.0,47.00641751604379,5.549263873159683
gRNA_12554,1084,0,1084,1084,0,0,1059,0,0,25,0,25,0,0.0,0.0,97.69372693726937,2.3062730627306274,0.0,2.3062730627306274,0.0
gRNA_12555,4075,0,4075,3816,93,166,3659,75,93,341,0,175,166,1.8404907975460123,2.2822085889570554,89.79141104294479,8.368098159509202,0.0,4.294478527607362,4.07361963190184
gRNA_12556,0,0,0,0,0,0,0,0,0,0,0,0,0,0.0,0.0,0.0,0.0,0.0,0.0,0.0
gRNA_12558,319,0,319,319,0,0,0,0,0,319,0,319,0,0.0,0.0,0.0,100.0,0.0,100.0,0.0
gRNA_12559,236,0,236,195,15,26,118,8,15,110,0,84,26,3.389830508474576,6.3559322033898304,50.0,46.610169491525426,0.0,35.59322033898305,11.016949152542374
gRNA_12563,7084,0,7084,7077,6,1,6140,1,6,943,0,942,1,0.014116318464144552,0.08469791078486731,86.67419536984754,13.311688311688311,0.0,13.297571993224167,0.014116318464144552
gRNA_12564,27085,0,27085,27069,12,4,23002,1,12,4082,857,3217,8,0.0036920804873546245,0.044304965848255495,84.92523537013106,15.071072549381576,3.164112977662913,11.877422927819827,0.029536643898836996
gRNA_12565,11814,0,11814,11787,2,25,10167,0,2,1647,0,1622,25,0.0,0.016929067208396816,86.05891315388521,13.941086846114779,0.0,13.72947350600982,0.21161334010496022
gRNA_12566,1738,0,1738,1734,4,0,1651,0,4,87,0,87,0,0.0,0.23014959723820483,94.99424626006905,5.005753739930955,0.0,5.005753739930955,0.0
gRNA_12567,0,0,0,0,0,0,0,0,0,0,0,0,0,0.0,0.0,0.0,0.0,0.0,0.0,0.0
gRNA_12568,8412,0,8412,3176,2270,2966,2472,1581,2270,4359,1,1392,2966,18.794579172610558,26.98525915359011,29.386590584878746,51.8188302425107,0.011887779362815026,16.547788873038517,35.25915359010937
gRNA_12569,21186,0,21186,20974,74,138,19301,37,74,1848,260,1436,152,0.17464363258755783,0.34928726517511566,91.10261493439063,8.722741433021806,1.2272255262909468,6.77806098366846,0.7174549230623997
gRNA_12570,5336,0,5336,5256,26,54,4943,16,26,377,0,323,54,0.29985007496251875,0.487256371814093,92.63493253373314,7.065217391304348,0.0,6.053223388305847,1.0119940029985008
gRNA_12571,4971,0,4971,4925,21,25,4575,11,21,385,0,360,25,0.2212834439750553,0.4224502112251056,92.03379601689801,7.7449205391269365,0.0,7.24200362100181,0.5029169181251257
gRNA_12572,7129,0,7129,7077,19,33,6700,13,19,416,1,382,33,0.18235376630663488,0.2665170430635433,93.98232571188105,5.835320521812316,0.014027212792818067,5.358395286856502,0.4628980221629962
gRNA_12573,5625,0,5625,5600,5,20,4904,4,5,717,0,697,20,0.07111111111111111,0.08888888888888889,87.18222222222222,12.746666666666666,0.0,12.391111111111112,0.35555555555555557
gRNA_12574,14240,0,14240,14238,0,2,14034,0,0,206,0,204,2,0.0,0.0,98.55337078651685,1.446629213483146,0.0,1.4325842696629214,0.014044943820224719
gRNA_12575,8030,0,8030,8016,7,7,7913,7,7,110,0,103,7,0.08717310087173101,0.08717310087173101,98.54296388542964,1.36986301369863,0.0,1.2826899128268991,0.08717310087173101
gRNA_12579,0,0,0,0,0,0,0,0,0,0,0,0,0,0.0,0.0,0.0,0.0,0.0,0.0,0.0
gRNA_12580,0,0,0,0,0,0,0,0,0,0,0,0,0,0.0,0.0,0.0,0.0,0.0,0.0,0.0
gRNA_12583,408,0,408,10,371,27,2,201,371,205,0,178,27,49.26470588235294,90.93137254901961,0.49019607843137253,50.245098039215684,0.0,43.627450980392155,6.617647058823529
gRNA_12592,40,0,40,40,0,0,27,0,0,13,0,13,0,0.0,0.0,67.5,32.5,0.0,32.5,0.0
gRNA_12593,7169,0,7169,7106,23,40,6031,15,23,1123,3,1079,41,0.20923420281768726,0.3208257776537871,84.12609847956479,15.66466731761752,0.041846840563537456,15.05091365601897,0.5719068210350119
gRNA_12594,765,0,765,762,1,2,532,0,1,233,2,229,2,0.0,0.13071895424836602,69.54248366013071,30.45751633986928,0.26143790849673204,29.934640522875817,0.26143790849673204
gRNA_12597,0,0,0,0,0,0,0,0,0,0,0,0,0,0.0,0.0,0.0,0.0,0.0,0.0,0.0
gRNA_12601,0,0,0,0,0,0,0,0,0,0,0,0,0,0.0,0.0,0.0,0.0,0.0,0.0,0.0
gRNA_12602,1,0,1,0,0,1,0,0,0,1,0,0,1,0.0,0.0,0.0,100.0,0.0,0.0,100.0
gRNA_12603,23020,0,23020,22724,123,173,5582,16,123,17422,0,17249,173,0.06950477845351868,0.5343179843614249,24.248479582971328,75.68201563857515,0.0,74.93049522154648,0.7515204170286707
gRNA_12604,1,0,1,0,1,0,0,1,1,0,0,0,0,100.0,100.0,0.0,0.0,0.0,0.0,0.0
gRNA_12605,270,0,270,263,4,3,170,0,4,100,0,97,3,0.0,1.4814814814814814,62.96296296296296,37.03703703703704,0.0,35.925925925925924,1.1111111111111112
gRNA_12611,8282,0,8282,8278,1,3,6984,1,1,1297,2,1292,3,0.01207437816952427,0.01207437816952427,84.3274571359575,15.660468485872977,0.02414875633904854,15.600096595025356,0.036223134508572806
gRNA_12612,435,0,435,435,0,0,398,0,0,37,0,37,0,0.0,0.0,91.49425287356321,8.505747126436782,0.0,8.505747126436782,0.0
gRNA_12613,2340,4,2336,1981,140,215,958,82,140,1296,318,763,215,3.51027397260274,5.993150684931507,41.01027397260274,55.47945205479452,13.613013698630137,32.66267123287671,9.20376712328767
gRNA_12614,588,0,588,236,121,231,231,117,121,240,0,9,231,19.897959183673468,20.578231292517007,39.285714285714285,40.816326530612244,0.0,1.530612244897959,39.285714285714285
gRNA_12615,76,0,76,22,19,35,20,19,19,37,0,2,35,25.0,25.0,26.31578947368421,48.68421052631579,0.0,2.6315789473684212,46.05263157894737
gRNA_12616,25,0,25,25,0,0,24,0,0,1,0,1,0,0.0,0.0,96.0,4.0,0.0,4.0,0.0
gRNA_12617,3793,1,3792,3785,2,5,3676,1,2,115,0,110,5,0.026371308016877638,0.052742616033755275,96.94092827004219,3.032700421940928,0.0,2.9008438818565403,0.13185654008438819
gRNA_12619,1242,0,1242,1240,0,2,1210,0,0,32,0,30,2,0.0,0.0,97.42351046698873,2.576489533011272,0.0,2.4154589371980677,0.1610305958132045
gRNA_12620,4148,0,4148,4138,2,8,2792,0,2,1356,0,1348,8,0.0,0.048216007714561235,67.30954676952749,32.690453230472514,0.0,32.497589199614275,0.19286403085824494
gRNA_12621,4957,0,4957,4955,2,0,3914,0,2,1043,0,1042,1,0.0,0.040346984062941293,78.95904781117612,21.040952188823887,0.0,21.020778696792416,0.020173492031470647
gRNA_12622,11437,0,11437,10987,152,298,8890,64,152,2483,2,2183,298,0.5595873043630323,1.3290198478622017,77.73017399667745,21.710238698959518,0.01748710326134476,19.087173209757804,2.605578385940369
gRNA_12623,5161,0,5161,4437,268,456,1996,78,268,3087,0,2631,456,1.5113350125944585,5.192792094555319,38.67467545049409,59.81398953691145,0.0,50.97849254020539,8.835496996706064
gRNA_12626,29,0,29,25,3,1,11,1,3,17,0,16,1,3.4482758620689653,10.344827586206897,37.93103448275862,58.62068965517241,0.0,55.172413793103445,3.4482758620689653
gRNA_12627,137,0,137,119,8,10,68,0,8,69,0,59,10,0.0,5.839416058394161,49.63503649635037,50.36496350364963,0.0,43.065693430656935,7.299270072992701
gRNA_12628,4819,0,4819,4811,4,4,3580,2,4,1237,0,1233,4,0.04150238638721727,0.08300477277443453,74.2892716331189,25.669225980493877,0.0,25.586221207719444,0.08300477277443453
gRNA_12629,6102,0,6102,6076,2,24,5968,2,2,132,0,108,24,0.03277613897082924,0.03277613897082924,97.80399868895444,2.1632251720747298,0.0,1.7699115044247788,0.39331366764995085
gRNA_12630,27257,0,27257,27164,40,53,23669,32,40,3556,3032,438,86,0.11740103459661738,0.14675129324577174,86.83640899585427,13.046189969549106,11.123748028029498,1.6069266610412005,0.3155152804784092
gRNA_12631,2200,0,2200,2200,0,0,1770,0,0,430,0,430,0,0.0,0.0,80.45454545454545,19.545454545454547,0.0,19.545454545454547,0.0
gRNA_12632,3715,0,3715,3601,40,74,2487,14,40,1214,0,1140,74,0.3768506056527591,1.0767160161507403,66.94481830417227,32.678331090174964,0.0,30.686406460296098,1.9919246298788695
gRNA_12633,5962,0,5962,3199,1142,1621,3082,1060,1142,1820,0,199,1621,17.779268701777927,19.154646091915463,51.694062395169404,30.526668903052666,0.0,3.3378061053337804,27.188862797718887
gRNA_12634,11950,2,11948,5142,2874,3932,3397,1666,2874,6885,0,2844,4041,13.943756277201205,24.054235018413124,28.431536658855038,57.62470706394376,0.0,23.803146970204217,33.821560093739535
gRNA_12636,17747,1,17746,17609,55,82,17346,45,55,355,0,273,82,0.25357827115969794,0.30992899808407526,97.74597092302491,2.000450805815395,0.0,1.538374845035501,0.46207596077989405
gRNA_12652,0,0,0,0,0,0,0,0,0,0,0,0,0,0.0,0.0,0.0,0.0,0.0,0.0,0.0
gRNA_12831,0,0,0,0,0,0,0,0,0,0,0,0,0,0.0,0.0,0.0,0.0,0.0,0.0,0.0
gRNA_12833,2705,0,2705,2692,2,11,2476,0,2,229,0,218,11,0.0,0.07393715341959335,91.53419593345656,8.465804066543438,0.0,8.059149722735675,0.4066543438077634
gRNA_12838,1484,0,1484,835,249,400,207,57,249,1220,0,820,400,3.8409703504043127,16.778975741239893,13.94878706199461,82.21024258760107,0.0,55.25606469002695,26.954177897574123
gRNA_12848,2823,0,2823,2812,3,8,2673,2,3,148,0,140,8,0.07084661707403471,0.10626992561105207,94.6865037194474,5.242649663478569,0.0,4.95926319518243,0.28338646829613884
gRNA_12863,169,2,167,165,2,0,54,0,2,113,0,113,0,0.0,1.1976047904191616,32.33532934131737,67.66467065868264,0.0,67.66467065868264,0.0
gRNA_12866,3369,0,3369,3357,4,8,2729,1,4,639,0,631,8,0.029682398337785694,0.11872959335114278,81.00326506381715,18.967052537845056,0.0,18.72959335114277,0.23745918670228555
gRNA_12867,1377,0,1377,1341,8,28,851,1,8,525,68,293,164,0.07262164124909223,0.5809731299927379,61.801016702977485,38.12636165577342,4.938271604938271,21.278140885984023,11.909949164851126
gRNA_12870,2159,0,2159,2068,39,52,1969,36,39,154,10,90,54,1.667438628994905,1.8063918480778138,91.19962945808244,7.13293191292265,0.4631773969430292,4.168596572487263,2.5011579434923576
gRNA_12881,9073,0,9073,9072,1,0,5334,0,1,3739,0,3739,0,0.0,0.011021712774165105,58.789815937396675,41.210184062603325,0.0,41.210184062603325,0.0
gRNA_13011,83,0,83,0,83,0,0,39,83,44,0,44,0,46.98795180722892,100.0,0.0,53.01204819277108,0.0,53.01204819277108,0.0
gRNA_13017,2,0,2,1,1,0,0,0,1,2,0,2,0,0.0,50.0,0.0,100.0,0.0,100.0,0.0
gRNA_13026,22,0,22,22,0,0,18,0,0,4,0,4,0,0.0,0.0,81.81818181818181,18.181818181818183,0.0,18.181818181818183,0.0
gRNA_13039,12329,0,12329,7968,2350,2011,7355,2059,2350,2915,0,904,2011,16.700462324600537,19.060751074701923,59.656095384864955,23.643442290534512,0.0,7.332305945332144,16.311136345202367
gRNA_13043,401,0,401,392,6,3,302,3,6,96,0,93,3,0.7481296758104738,1.4962593516209477,75.31172069825436,23.940149625935163,0.0,23.19201995012469,0.7481296758104738
gRNA_1322,0,0,0,0,0,0,0,0,0,0,0,0,0,0.0,0.0,0.0,0.0,0.0,0.0,0.0
gRNA_1337,0,0,0,0,0,0,0,0,0,0,0,0,0,0.0,0.0,0.0,0.0,0.0,0.0,0.0
gRNA_1343,0,0,0,0,0,0,0,0,0,0,0,0,0,0.0,0.0,0.0,0.0,0.0,0.0,0.0
gRNA_13599,0,0,0,0,0,0,0,0,0,0,0,0,0,0.0,0.0,0.0,0.0,0.0,0.0,0.0
gRNA_13600,0,0,0,0,0,0,0,0,0,0,0,0,0,0.0,0.0,0.0,0.0,0.0,0.0,0.0
gRNA_13601,0,0,0,0,0,0,0,0,0,0,0,0,0,0.0,0.0,0.0,0.0,0.0,0.0,0.0
gRNA_13602,0,0,0,0,0,0,0,0,0,0,0,0,0,0.0,0.0,0.0,0.0,0.0,0.0,0.0
gRNA_13603,0,0,0,0,0,0,0,0,0,0,0,0,0,0.0,0.0,0.0,0.0,0.0,0.0,0.0
gRNA_13604,0,0,0,0,0,0,0,0,0,0,0,0,0,0.0,0.0,0.0,0.0,0.0,0.0,0.0
gRNA_13605,0,0,0,0,0,0,0,0,0,0,0,0,0,0.0,0.0,0.0,0.0,0.0,0.0,0.0
gRNA_13606,0,0,0,0,0,0,0,0,0,0,0,0,0,0.0,0.0,0.0,0.0,0.0,0.0,0.0
gRNA_13607,0,0,0,0,0,0,0,0,0,0,0,0,0,0.0,0.0,0.0,0.0,0.0,0.0,0.0
gRNA_13608,0,0,0,0,0,0,0,0,0,0,0,0,0,0.0,0.0,0.0,0.0,0.0,0.0,0.0
gRNA_13609,0,0,0,0,0,0,0,0,0,0,0,0,0,0.0,0.0,0.0,0.0,0.0,0.0,0.0
gRNA_13610,0,0,0,0,0,0,0,0,0,0,0,0,0,0.0,0.0,0.0,0.0,0.0,0.0,0.0
gRNA_13611,0,0,0,0,0,0,0,0,0,0,0,0,0,0.0,0.0,0.0,0.0,0.0,0.0,0.0
gRNA_13612,0,0,0,0,0,0,0,0,0,0,0,0,0,0.0,0.0,0.0,0.0,0.0,0.0,0.0
gRNA_13613,0,0,0,0,0,0,0,0,0,0,0,0,0,0.0,0.0,0.0,0.0,0.0,0.0,0.0
gRNA_13614,0,0,0,0,0,0,0,0,0,0,0,0,0,0.0,0.0,0.0,0.0,0.0,0.0,0.0
gRNA_13615,0,0,0,0,0,0,0,0,0,0,0,0,0,0.0,0.0,0.0,0.0,0.0,0.0,0.0
gRNA_13616,0,0,0,0,0,0,0,0,0,0,0,0,0,0.0,0.0,0.0,0.0,0.0,0.0,0.0
gRNA_13617,0,0,0,0,0,0,0,0,0,0,0,0,0,0.0,0.0,0.0,0.0,0.0,0.0,0.0
gRNA_13618,0,0,0,0,0,0,0,0,0,0,0,0,0,0.0,0.0,0.0,0.0,0.0,0.0,0.0
gRNA_13619,0,0,0,0,0,0,0,0,0,0,0,0,0,0.0,0.0,0.0,0.0,0.0,0.0,0.0
gRNA_13620,0,0,0,0,0,0,0,0,0,0,0,0,0,0.0,0.0,0.0,0.0,0.0,0.0,0.0
gRNA_13621,0,0,0,0,0,0,0,0,0,0,0,0,0,0.0,0.0,0.0,0.0,0.0,0.0,0.0
gRNA_13622,0,0,0,0,0,0,0,0,0,0,0,0,0,0.0,0.0,0.0,0.0,0.0,0.0,0.0
gRNA_13623,0,0,0,0,0,0,0,0,0,0,0,0,0,0.0,0.0,0.0,0.0,0.0,0.0,0.0
gRNA_13624,0,0,0,0,0,0,0,0,0,0,0,0,0,0.0,0.0,0.0,0.0,0.0,0.0,0.0
gRNA_13625,0,0,0,0,0,0,0,0,0,0,0,0,0,0.0,0.0,0.0,0.0,0.0,0.0,0.0
gRNA_13626,0,0,0,0,0,0,0,0,0,0,0,0,0,0.0,0.0,0.0,0.0,0.0,0.0,0.0
gRNA_13627,0,0,0,0,0,0,0,0,0,0,0,0,0,0.0,0.0,0.0,0.0,0.0,0.0,0.0
gRNA_13628,0,0,0,0,0,0,0,0,0,0,0,0,0,0.0,0.0,0.0,0.0,0.0,0.0,0.0
gRNA_13629,0,0,0,0,0,0,0,0,0,0,0,0,0,0.0,0.0,0.0,0.0,0.0,0.0,0.0
gRNA_13630,0,0,0,0,0,0,0,0,0,0,0,0,0,0.0,0.0,0.0,0.0,0.0,0.0,0.0
gRNA_13631,0,0,0,0,0,0,0,0,0,0,0,0,0,0.0,0.0,0.0,0.0,0.0,0.0,0.0
gRNA_13632,0,0,0,0,0,0,0,0,0,0,0,0,0,0.0,0.0,0.0,0.0,0.0,0.0,0.0
gRNA_13633,0,0,0,0,0,0,0,0,0,0,0,0,0,0.0,0.0,0.0,0.0,0.0,0.0,0.0
gRNA_13634,0,0,0,0,0,0,0,0,0,0,0,0,0,0.0,0.0,0.0,0.0,0.0,0.0,0.0
gRNA_13635,0,0,0,0,0,0,0,0,0,0,0,0,0,0.0,0.0,0.0,0.0,0.0,0.0,0.0
gRNA_13636,0,0,0,0,0,0,0,0,0,0,0,0,0,0.0,0.0,0.0,0.0,0.0,0.0,0.0
gRNA_13637,0,0,0,0,0,0,0,0,0,0,0,0,0,0.0,0.0,0.0,0.0,0.0,0.0,0.0
gRNA_13638,0,0,0,0,0,0,0,0,0,0,0,0,0,0.0,0.0,0.0,0.0,0.0,0.0,0.0
gRNA_13639,0,0,0,0,0,0,0,0,0,0,0,0,0,0.0,0.0,0.0,0.0,0.0,0.0,0.0
gRNA_13640,0,0,0,0,0,0,0,0,0,0,0,0,0,0.0,0.0,0.0,0.0,0.0,0.0,0.0
gRNA_13641,0,0,0,0,0,0,0,0,0,0,0,0,0,0.0,0.0,0.0,0.0,0.0,0.0,0.0
gRNA_13642,0,0,0,0,0,0,0,0,0,0,0,0,0,0.0,0.0,0.0,0.0,0.0,0.0,0.0
gRNA_13643,0,0,0,0,0,0,0,0,0,0,0,0,0,0.0,0.0,0.0,0.0,0.0,0.0,0.0
gRNA_13644,0,0,0,0,0,0,0,0,0,0,0,0,0,0.0,0.0,0.0,0.0,0.0,0.0,0.0
gRNA_13645,0,0,0,0,0,0,0,0,0,0,0,0,0,0.0,0.0,0.0,0.0,0.0,0.0,0.0
gRNA_13646,0,0,0,0,0,0,0,0,0,0,0,0,0,0.0,0.0,0.0,0.0,0.0,0.0,0.0
gRNA_13647,0,0,0,0,0,0,0,0,0,0,0,0,0,0.0,0.0,0.0,0.0,0.0,0.0,0.0
gRNA_13648,0,0,0,0,0,0,0,0,0,0,0,0,0,0.0,0.0,0.0,0.0,0.0,0.0,0.0
gRNA_13649,0,0,0,0,0,0,0,0,0,0,0,0,0,0.0,0.0,0.0,0.0,0.0,0.0,0.0
gRNA_13650,0,0,0,0,0,0,0,0,0,0,0,0,0,0.0,0.0,0.0,0.0,0.0,0.0,0.0
gRNA_13651,0,0,0,0,0,0,0,0,0,0,0,0,0,0.0,0.0,0.0,0.0,0.0,0.0,0.0
gRNA_13652,0,0,0,0,0,0,0,0,0,0,0,0,0,0.0,0.0,0.0,0.0,0.0,0.0,0.0
gRNA_13653,0,0,0,0,0,0,0,0,0,0,0,0,0,0.0,0.0,0.0,0.0,0.0,0.0,0.0
gRNA_13654,0,0,0,0,0,0,0,0,0,0,0,0,0,0.0,0.0,0.0,0.0,0.0,0.0,0.0
gRNA_13655,0,0,0,0,0,0,0,0,0,0,0,0,0,0.0,0.0,0.0,0.0,0.0,0.0,0.0
gRNA_13656,0,0,0,0,0,0,0,0,0,0,0,0,0,0.0,0.0,0.0,0.0,0.0,0.0,0.0
gRNA_13657,0,0,0,0,0,0,0,0,0,0,0,0,0,0.0,0.0,0.0,0.0,0.0,0.0,0.0
gRNA_13658,0,0,0,0,0,0,0,0,0,0,0,0,0,0.0,0.0,0.0,0.0,0.0,0.0,0.0
gRNA_13659,0,0,0,0,0,0,0,0,0,0,0,0,0,0.0,0.0,0.0,0.0,0.0,0.0,0.0
gRNA_13660,0,0,0,0,0,0,0,0,0,0,0,0,0,0.0,0.0,0.0,0.0,0.0,0.0,0.0
gRNA_13661,0,0,0,0,0,0,0,0,0,0,0,0,0,0.0,0.0,0.0,0.0,0.0,0.0,0.0
gRNA_13662,0,0,0,0,0,0,0,0,0,0,0,0,0,0.0,0.0,0.0,0.0,0.0,0.0,0.0
gRNA_13663,0,0,0,0,0,0,0,0,0,0,0,0,0,0.0,0.0,0.0,0.0,0.0,0.0,0.0
gRNA_13664,0,0,0,0,0,0,0,0,0,0,0,0,0,0.0,0.0,0.0,0.0,0.0,0.0,0.0
gRNA_13665,0,0,0,0,0,0,0,0,0,0,0,0,0,0.0,0.0,0.0,0.0,0.0,0.0,0.0
gRNA_13666,0,0,0,0,0,0,0,0,0,0,0,0,0,0.0,0.0,0.0,0.0,0.0,0.0,0.0
gRNA_13667,0,0,0,0,0,0,0,0,0,0,0,0,0,0.0,0.0,0.0,0.0,0.0,0.0,0.0
gRNA_13668,0,0,0,0,0,0,0,0,0,0,0,0,0,0.0,0.0,0.0,0.0,0.0,0.0,0.0
gRNA_13669,0,0,0,0,0,0,0,0,0,0,0,0,0,0.0,0.0,0.0,0.0,0.0,0.0,0.0
gRNA_13670,0,0,0,0,0,0,0,0,0,0,0,0,0,0.0,0.0,0.0,0.0,0.0,0.0,0.0
gRNA_13671,0,0,0,0,0,0,0,0,0,0,0,0,0,0.0,0.0,0.0,0.0,0.0,0.0,0.0
gRNA_13672,0,0,0,0,0,0,0,0,0,0,0,0,0,0.0,0.0,0.0,0.0,0.0,0.0,0.0
gRNA_13673,0,0,0,0,0,0,0,0,0,0,0,0,0,0.0,0.0,0.0,0.0,0.0,0.0,0.0
gRNA_13674,0,0,0,0,0,0,0,0,0,0,0,0,0,0.0,0.0,0.0,0.0,0.0,0.0,0.0
gRNA_13675,0,0,0,0,0,0,0,0,0,0,0,0,0,0.0,0.0,0.0,0.0,0.0,0.0,0.0
gRNA_13676,0,0,0,0,0,0,0,0,0,0,0,0,0,0.0,0.0,0.0,0.0,0.0,0.0,0.0
gRNA_13677,0,0,0,0,0,0,0,0,0,0,0,0,0,0.0,0.0,0.0,0.0,0.0,0.0,0.0
gRNA_13678,0,0,0,0,0,0,0,0,0,0,0,0,0,0.0,0.0,0.0,0.0,0.0,0.0,0.0
gRNA_13679,0,0,0,0,0,0,0,0,0,0,0,0,0,0.0,0.0,0.0,0.0,0.0,0.0,0.0
gRNA_1368,31360,0,31360,31342,10,8,27432,0,10,3928,0,3920,8,0.0,0.03188775510204082,87.47448979591837,12.525510204081632,0.0,12.5,0.025510204081632654
gRNA_13680,0,0,0,0,0,0,0,0,0,0,0,0,0,0.0,0.0,0.0,0.0,0.0,0.0,0.0
gRNA_13681,0,0,0,0,0,0,0,0,0,0,0,0,0,0.0,0.0,0.0,0.0,0.0,0.0,0.0
gRNA_13682,0,0,0,0,0,0,0,0,0,0,0,0,0,0.0,0.0,0.0,0.0,0.0,0.0,0.0
gRNA_13683,0,0,0,0,0,0,0,0,0,0,0,0,0,0.0,0.0,0.0,0.0,0.0,0.0,0.0
gRNA_13684,0,0,0,0,0,0,0,0,0,0,0,0,0,0.0,0.0,0.0,0.0,0.0,0.0,0.0
gRNA_13685,0,0,0,0,0,0,0,0,0,0,0,0,0,0.0,0.0,0.0,0.0,0.0,0.0,0.0
gRNA_13686,0,0,0,0,0,0,0,0,0,0,0,0,0,0.0,0.0,0.0,0.0,0.0,0.0,0.0
gRNA_13687,0,0,0,0,0,0,0,0,0,0,0,0,0,0.0,0.0,0.0,0.0,0.0,0.0,0.0
gRNA_13688,0,0,0,0,0,0,0,0,0,0,0,0,0,0.0,0.0,0.0,0.0,0.0,0.0,0.0
gRNA_13689,0,0,0,0,0,0,0,0,0,0,0,0,0,0.0,0.0,0.0,0.0,0.0,0.0,0.0
gRNA_13690,0,0,0,0,0,0,0,0,0,0,0,0,0,0.0,0.0,0.0,0.0,0.0,0.0,0.0
gRNA_13691,0,0,0,0,0,0,0,0,0,0,0,0,0,0.0,0.0,0.0,0.0,0.0,0.0,0.0
gRNA_13692,0,0,0,0,0,0,0,0,0,0,0,0,0,0.0,0.0,0.0,0.0,0.0,0.0,0.0
gRNA_13693,0,0,0,0,0,0,0,0,0,0,0,0,0,0.0,0.0,0.0,0.0,0.0,0.0,0.0
gRNA_13694,0,0,0,0,0,0,0,0,0,0,0,0,0,0.0,0.0,0.0,0.0,0.0,0.0,0.0
gRNA_13695,0,0,0,0,0,0,0,0,0,0,0,0,0,0.0,0.0,0.0,0.0,0.0,0.0,0.0
gRNA_13696,0,0,0,0,0,0,0,0,0,0,0,0,0,0.0,0.0,0.0,0.0,0.0,0.0,0.0
gRNA_13697,0,0,0,0,0,0,0,0,0,0,0,0,0,0.0,0.0,0.0,0.0,0.0,0.0,0.0
gRNA_13698,0,0,0,0,0,0,0,0,0,0,0,0,0,0.0,0.0,0.0,0.0,0.0,0.0,0.0
gRNA_13699,0,0,0,0,0,0,0,0,0,0,0,0,0,0.0,0.0,0.0,0.0,0.0,0.0,0.0
gRNA_13700,0,0,0,0,0,0,0,0,0,0,0,0,0,0.0,0.0,0.0,0.0,0.0,0.0,0.0
gRNA_13701,0,0,0,0,0,0,0,0,0,0,0,0,0,0.0,0.0,0.0,0.0,0.0,0.0,0.0
gRNA_13702,0,0,0,0,0,0,0,0,0,0,0,0,0,0.0,0.0,0.0,0.0,0.0,0.0,0.0
gRNA_13703,0,0,0,0,0,0,0,0,0,0,0,0,0,0.0,0.0,0.0,0.0,0.0,0.0,0.0
gRNA_13704,0,0,0,0,0,0,0,0,0,0,0,0,0,0.0,0.0,0.0,0.0,0.0,0.0,0.0
gRNA_13705,0,0,0,0,0,0,0,0,0,0,0,0,0,0.0,0.0,0.0,0.0,0.0,0.0,0.0
gRNA_13706,0,0,0,0,0,0,0,0,0,0,0,0,0,0.0,0.0,0.0,0.0,0.0,0.0,0.0
gRNA_13707,0,0,0,0,0,0,0,0,0,0,0,0,0,0.0,0.0,0.0,0.0,0.0,0.0,0.0
gRNA_13708,0,0,0,0,0,0,0,0,0,0,0,0,0,0.0,0.0,0.0,0.0,0.0,0.0,0.0
gRNA_13709,0,0,0,0,0,0,0,0,0,0,0,0,0,0.0,0.0,0.0,0.0,0.0,0.0,0.0
gRNA_13710,0,0,0,0,0,0,0,0,0,0,0,0,0,0.0,0.0,0.0,0.0,0.0,0.0,0.0
gRNA_13711,0,0,0,0,0,0,0,0,0,0,0,0,0,0.0,0.0,0.0,0.0,0.0,0.0,0.0
gRNA_13712,0,0,0,0,0,0,0,0,0,0,0,0,0,0.0,0.0,0.0,0.0,0.0,0.0,0.0
gRNA_13713,0,0,0,0,0,0,0,0,0,0,0,0,0,0.0,0.0,0.0,0.0,0.0,0.0,0.0
gRNA_13714,0,0,0,0,0,0,0,0,0,0,0,0,0,0.0,0.0,0.0,0.0,0.0,0.0,0.0
gRNA_13715,0,0,0,0,0,0,0,0,0,0,0,0,0,0.0,0.0,0.0,0.0,0.0,0.0,0.0
gRNA_13716,0,0,0,0,0,0,0,0,0,0,0,0,0,0.0,0.0,0.0,0.0,0.0,0.0,0.0
gRNA_13717,0,0,0,0,0,0,0,0,0,0,0,0,0,0.0,0.0,0.0,0.0,0.0,0.0,0.0
gRNA_13718,0,0,0,0,0,0,0,0,0,0,0,0,0,0.0,0.0,0.0,0.0,0.0,0.0,0.0
gRNA_13719,0,0,0,0,0,0,0,0,0,0,0,0,0,0.0,0.0,0.0,0.0,0.0,0.0,0.0
gRNA_13720,0,0,0,0,0,0,0,0,0,0,0,0,0,0.0,0.0,0.0,0.0,0.0,0.0,0.0
gRNA_13721,0,0,0,0,0,0,0,0,0,0,0,0,0,0.0,0.0,0.0,0.0,0.0,0.0,0.0
gRNA_13722,0,0,0,0,0,0,0,0,0,0,0,0,0,0.0,0.0,0.0,0.0,0.0,0.0,0.0
gRNA_13723,0,0,0,0,0,0,0,0,0,0,0,0,0,0.0,0.0,0.0,0.0,0.0,0.0,0.0
gRNA_13724,0,0,0,0,0,0,0,0,0,0,0,0,0,0.0,0.0,0.0,0.0,0.0,0.0,0.0
gRNA_13725,0,0,0,0,0,0,0,0,0,0,0,0,0,0.0,0.0,0.0,0.0,0.0,0.0,0.0
gRNA_13726,0,0,0,0,0,0,0,0,0,0,0,0,0,0.0,0.0,0.0,0.0,0.0,0.0,0.0
gRNA_13727,0,0,0,0,0,0,0,0,0,0,0,0,0,0.0,0.0,0.0,0.0,0.0,0.0,0.0
gRNA_13728,0,0,0,0,0,0,0,0,0,0,0,0,0,0.0,0.0,0.0,0.0,0.0,0.0,0.0
gRNA_13729,0,0,0,0,0,0,0,0,0,0,0,0,0,0.0,0.0,0.0,0.0,0.0,0.0,0.0
gRNA_13730,0,0,0,0,0,0,0,0,0,0,0,0,0,0.0,0.0,0.0,0.0,0.0,0.0,0.0
gRNA_13731,0,0,0,0,0,0,0,0,0,0,0,0,0,0.0,0.0,0.0,0.0,0.0,0.0,0.0
gRNA_1376,0,0,0,0,0,0,0,0,0,0,0,0,0,0.0,0.0,0.0,0.0,0.0,0.0,0.0
gRNA_1381,0,0,0,0,0,0,0,0,0,0,0,0,0,0.0,0.0,0.0,0.0,0.0,0.0,0.0
gRNA_1382,3,0,3,0,3,0,0,2,3,1,0,1,0,66.66666666666667,100.0,0.0,33.333333333333336,0.0,33.333333333333336,0.0
gRNA_1383,0,0,0,0,0,0,0,0,0,0,0,0,0,0.0,0.0,0.0,0.0,0.0,0.0,0.0
gRNA_13855,5078,0,5078,4897,71,110,4795,66,71,217,0,107,110,1.2997243009058685,1.398188263095707,94.42693974005515,4.273335959038992,0.0,2.1071287908625442,2.1662071681764474
gRNA_13860,1331,0,1331,1327,4,0,1207,4,4,120,0,120,0,0.3005259203606311,0.3005259203606311,90.68369646882043,9.015777610818933,0.0,9.015777610818933,0.0
gRNA_13871,2,0,2,2,0,0,2,0,0,0,0,0,0,0.0,0.0,100.0,0.0,0.0,0.0,0.0
gRNA_1389,7908,0,7908,7852,19,37,4026,4,19,3878,0,3841,37,0.05058168942842691,0.2402630247850278,50.910470409711685,49.03894790085989,0.0,48.57106727364694,0.46788062721294893
gRNA_13903,8227,0,8227,7755,184,288,7637,171,184,419,0,131,288,2.0785219399538106,2.2365382277865566,92.82849155220615,5.092986507840039,0.0,1.5923179773915157,3.500668530448523
gRNA_13905,978,0,978,926,18,34,810,14,18,154,0,120,34,1.4314928425357873,1.8404907975460123,82.82208588957056,15.74642126789366,0.0,12.269938650306749,3.476482617586912
gRNA_13953,188,0,188,188,0,0,74,0,0,114,0,114,0,0.0,0.0,39.361702127659576,60.638297872340424,0.0,60.638297872340424,0.0
gRNA_1397,1,0,1,1,0,0,0,0,0,1,1,0,0,0.0,0.0,0.0,100.0,100.0,0.0,0.0
gRNA_14002,2695,0,2695,2689,5,1,2632,5,5,58,0,57,1,0.18552875695732837,0.18552875695732837,97.66233766233766,2.1521335807050095,0.0,2.1150278293135436,0.03710575139146568
gRNA_1404,3144,0,3144,3139,3,2,2707,3,3,434,0,431,3,0.09541984732824428,0.09541984732824428,86.10050890585242,13.804071246819339,0.0,13.708651399491094,0.09541984732824428
gRNA_14080,4303,0,4303,2809,578,916,2562,505,578,1236,0,320,916,11.735998140831978,13.432488961189868,59.539855914478274,28.724145944689752,0.0,7.436672089240065,21.287473855449687
gRNA_14104,5959,1,5958,5905,22,31,5057,11,22,890,1,858,31,0.18462571332661967,0.36925142665323935,84.87747566297415,14.937898623699228,0.016784155756965426,14.400805639476335,0.5203088284659282
gRNA_14164,10,1,9,6,2,1,1,0,2,8,0,7,1,0.0,22.22222222222222,11.11111111111111,88.88888888888889,0.0,77.77777777777777,11.11111111111111
gRNA_14242,7206,0,7206,7202,4,0,4901,4,4,2301,0,2301,0,0.055509297807382736,0.055509297807382736,68.0127671384957,31.93172356369692,0.0,31.93172356369692,0.0
gRNA_14243,52068,0,52068,51957,1,110,34196,1,1,17871,0,17761,110,0.0019205654144580165,0.0019205654144580165,65.67565491280634,34.32242452177921,0.0,34.11116232618883,0.2112621955903818
gRNA_14250,472,0,472,471,0,1,445,0,0,27,0,26,1,0.0,0.0,94.27966101694915,5.720338983050848,0.0,5.508474576271187,0.211864406779661
gRNA_14301,203,0,203,202,0,1,172,0,0,31,0,30,1,0.0,0.0,84.72906403940887,15.270935960591133,0.0,14.77832512315271,0.49261083743842365
gRNA_14304,14055,0,14055,13473,210,372,13334,197,210,524,0,152,372,1.4016364283173248,1.4941302027748133,94.87015297047314,3.728210601209534,0.0,1.0814656705798649,2.6467449306296693
gRNA_14320,1049,280,769,767,1,1,722,1,1,46,0,45,1,0.13003901170351106,0.13003901170351106,93.88816644993499,5.981794538361508,0.0,5.851755526657997,0.13003901170351106
gRNA_14331,3183,0,3183,2161,392,630,1476,217,392,1490,0,860,630,6.81746779767515,12.315425699026076,46.37134778510839,46.81118441721646,0.0,27.018535972353124,19.792648444863335
gRNA_14366,3326,0,3326,3066,81,179,1804,34,81,1488,1,1308,179,1.0222489476849068,2.43535778713169,54.23932651834035,44.738424533974744,0.03006614552014432,39.32651834034877,5.381840048105833
gRNA_14367,8405,0,8405,7080,533,792,4299,230,533,3876,0,3084,792,2.7364663890541343,6.341463414634147,51.14812611540749,46.11540749553837,0.0,36.692444973230224,9.42296252230815
gRNA_14368,4539,0,4539,3699,355,485,2027,166,355,2346,0,1861,485,3.6571932143643973,7.8211059704780785,44.65741352720864,51.68539325842696,0.0,41.00022031284424,10.685172945582728
gRNA_14369,7457,0,7457,6273,418,766,4390,243,418,2824,0,2058,766,3.2586831165347996,5.605471369183317,58.870859595011396,37.8704572884538,0.0,27.598229851146574,10.272227437307228
gRNA_14370,2927,0,2927,2924,0,3,2871,0,0,56,0,53,3,0.0,0.0,98.0867782712675,1.9132217287324906,0.0,1.810727707550393,0.10249402118209772
gRNA_14371,4792,0,4792,4783,5,4,3412,0,5,1380,0,1376,4,0.0,0.10434056761268781,71.20200333889817,28.797996661101838,0.0,28.714524207011685,0.08347245409015025
gRNA_14372,2472,0,2472,2464,0,8,2111,0,0,361,0,353,8,0.0,0.0,85.39644012944984,14.603559870550162,0.0,14.279935275080906,0.32362459546925565
gRNA_14373,3252,0,3252,3245,0,7,2710,0,0,542,0,535,7,0.0,0.0,83.33333333333333,16.666666666666668,0.0,16.451414514145142,0.21525215252152521
gRNA_14374,1400,0,1400,1007,201,192,984,193,201,223,0,31,192,13.785714285714286,14.357142857142858,70.28571428571429,15.928571428571429,0.0,2.2142857142857144,13.714285714285714
gRNA_14375,12368,0,12368,8278,1605,2485,7996,1510,1605,2862,0,377,2485,12.208926261319535,12.977037516170764,64.65071151358345,23.140362225097025,0.0,3.048188874514877,20.092173350582147
gRNA_14376,5011,0,5011,4984,8,19,3589,0,8,1422,0,1402,20,0.0,0.15964877270005987,71.62243065256436,28.377569347435642,0.0,27.97844741568549,0.39912193175014965
gRNA_14377,5952,0,5952,5932,11,9,4600,5,11,1347,0,1338,9,0.08400537634408602,0.18481182795698925,77.28494623655914,22.631048387096776,0.0,22.47983870967742,0.15120967741935484
gRNA_14378,2307,0,2307,2286,6,15,1255,2,6,1050,0,1035,15,0.08669267446900737,0.26007802340702213,54.399653229302125,45.51365409622887,0.0,44.863459037711316,0.6501950585175552
gRNA_14379,590,0,590,583,0,7,256,0,0,334,0,327,7,0.0,0.0,43.389830508474574,56.610169491525426,0.0,55.42372881355932,1.1864406779661016
gRNA_14380,20,0,20,15,4,1,7,0,4,13,0,11,2,0.0,20.0,35.0,65.0,0.0,55.0,10.0
gRNA_14381,15095,0,15095,14897,86,112,14465,71,86,559,0,447,112,0.47035442199403776,0.5697250745279894,95.82643259357403,3.7032129844319313,0.0,2.961245445511759,0.7419675389201722
gRNA_14382,26,0,26,25,0,1,10,0,0,16,1,14,1,0.0,0.0,38.46153846153846,61.53846153846154,3.8461538461538463,53.84615384615385,3.8461538461538463
gRNA_14383,74,0,74,62,6,6,53,5,6,16,0,10,6,6.756756756756757,8.108108108108109,71.62162162162163,21.62162162162162,0.0,13.513513513513514,8.108108108108109
gRNA_14384,4383,0,4383,4253,30,100,3763,20,30,600,0,500,100,0.4563084645220169,0.6844626967830253,85.85443759981747,13.689253935660506,0.0,11.407711613050422,2.2815423226100844
gRNA_14385,11836,1,11835,11640,65,130,10671,44,65,1120,0,990,130,0.3717786227291931,0.5492184199408534,90.16476552598226,9.46345585128855,0.0,8.365019011406844,1.0984368398817068
gRNA_14386,5266,0,5266,4027,122,1117,3093,63,122,2110,0,993,1117,1.1963539688568172,2.3167489555639955,58.73528294720851,40.06836308393468,0.0,18.85681731864793,21.211545765286743
gRNA_14387,3862,0,3862,3505,108,249,3107,78,108,677,2,425,250,2.0196789228379077,2.7964785085447956,80.45054375971,17.529777317452098,0.05178663904712584,11.00466079751424,6.47332988089073
gRNA_14388,2924,0,2924,2524,95,305,2032,52,95,840,3,532,305,1.7783857729138166,3.2489740082079344,69.4938440492476,28.72777017783858,0.10259917920656635,18.194254445964432,10.430916552667579
gRNA_14389,2931,0,2931,2915,4,12,499,1,4,2431,0,2419,12,0.03411804844762879,0.13647219379051517,17.02490617536677,82.9409757761856,0.0,82.53155919481405,0.4094165813715456
gRNA_14390,1262,0,1262,1256,2,4,881,0,2,381,0,377,4,0.0,0.15847860538827258,69.80982567353408,30.19017432646593,0.0,29.873217115689382,0.31695721077654515
gRNA_14391,9001,0,9001,8890,46,65,5387,17,46,3597,0,3532,65,0.18886790356627042,0.511054327296967,59.84890567714698,39.96222641928674,0.0,39.24008443506277,0.7221419842239751
gRNA_14392,5194,0,5194,5192,1,1,4542,0,1,652,0,651,1,0.0,0.019252984212552945,87.44705429341548,12.55294570658452,0.0,12.533692722371967,0.019252984212552945
gRNA_14393,68,0,68,65,2,1,6,0,2,62,0,61,1,0.0,2.9411764705882355,8.823529411764707,91.17647058823529,0.0,89.70588235294117,1.4705882352941178
gRNA_14394,3212,0,3212,3154,15,43,1867,7,15,1338,0,1294,44,0.21793275217932753,0.4669987546699875,58.125778331257784,41.656288916562886,0.0,40.28642590286426,1.36986301369863
gRNA_14395,1688,0,1688,1351,119,218,881,71,119,736,0,518,218,4.206161137440758,7.049763033175355,52.191943127962084,43.60189573459716,0.0,30.687203791469194,12.914691943127963
gRNA_14396,1906,0,1906,1775,38,93,51,4,38,1851,0,1758,93,0.2098635886673662,1.993704092339979,2.6757607555089193,97.11437565582372,0.0,92.23504721930745,4.879328436516264
gRNA_14397,2,0,2,2,0,0,1,0,0,1,0,1,0,0.0,0.0,50.0,50.0,0.0,50.0,0.0
gRNA_14402,30,0,30,14,4,12,6,1,4,23,0,11,12,3.3333333333333335,13.333333333333334,20.0,76.66666666666667,0.0,36.666666666666664,40.0
gRNA_14407,8265,0,8265,6623,651,991,5538,459,651,2268,0,1277,991,5.5535390199637025,7.876588021778584,67.005444646098,27.441016333938293,0.0,15.45069570477919,11.990320629159104
gRNA_14410,7082,0,7082,7081,0,1,6377,0,0,705,0,704,1,0.0,0.0,90.04518497599548,9.95481502400452,0.0,9.940694719005931,0.01412030499858797
gRNA_14413,0,0,0,0,0,0,0,0,0,0,0,0,0,0.0,0.0,0.0,0.0,0.0,0.0,0.0
gRNA_14414,48,0,48,47,0,1,42,0,0,6,0,5,1,0.0,0.0,87.5,12.5,0.0,10.416666666666666,2.0833333333333335
gRNA_14415,0,0,0,0,0,0,0,0,0,0,0,0,0,0.0,0.0,0.0,0.0,0.0,0.0,0.0
gRNA_14416,0,0,0,0,0,0,0,0,0,0,0,0,0,0.0,0.0,0.0,0.0,0.0,0.0,0.0
gRNA_14417,0,0,0,0,0,0,0,0,0,0,0,0,0,0.0,0.0,0.0,0.0,0.0,0.0,0.0
gRNA_14418,0,0,0,0,0,0,0,0,0,0,0,0,0,0.0,0.0,0.0,0.0,0.0,0.0,0.0
gRNA_14419,0,0,0,0,0,0,0,0,0,0,0,0,0,0.0,0.0,0.0,0.0,0.0,0.0,0.0
gRNA_14420,0,0,0,0,0,0,0,0,0,0,0,0,0,0.0,0.0,0.0,0.0,0.0,0.0,0.0
gRNA_14421,1,0,1,1,0,0,0,0,0,1,0,1,0,0.0,0.0,0.0,100.0,0.0,100.0,0.0
gRNA_14422,164,0,164,153,4,7,80,1,4,83,0,76,7,0.6097560975609756,2.4390243902439024,48.78048780487805,50.609756097560975,0.0,46.34146341463415,4.2682926829268295
gRNA_14423,0,0,0,0,0,0,0,0,0,0,0,0,0,0.0,0.0,0.0,0.0,0.0,0.0,0.0
gRNA_14424,0,0,0,0,0,0,0,0,0,0,0,0,0,0.0,0.0,0.0,0.0,0.0,0.0,0.0
gRNA_14425,0,0,0,0,0,0,0,0,0,0,0,0,0,0.0,0.0,0.0,0.0,0.0,0.0,0.0
gRNA_14426,5,0,5,5,0,0,4,0,0,1,0,1,0,0.0,0.0,80.0,20.0,0.0,20.0,0.0
gRNA_14427,0,0,0,0,0,0,0,0,0,0,0,0,0,0.0,0.0,0.0,0.0,0.0,0.0,0.0
gRNA_14428,0,0,0,0,0,0,0,0,0,0,0,0,0,0.0,0.0,0.0,0.0,0.0,0.0,0.0
gRNA_14429,0,0,0,0,0,0,0,0,0,0,0,0,0,0.0,0.0,0.0,0.0,0.0,0.0,0.0
gRNA_14430,0,0,0,0,0,0,0,0,0,0,0,0,0,0.0,0.0,0.0,0.0,0.0,0.0,0.0
gRNA_14431,0,0,0,0,0,0,0,0,0,0,0,0,0,0.0,0.0,0.0,0.0,0.0,0.0,0.0
gRNA_14432,0,0,0,0,0,0,0,0,0,0,0,0,0,0.0,0.0,0.0,0.0,0.0,0.0,0.0
gRNA_14433,0,0,0,0,0,0,0,0,0,0,0,0,0,0.0,0.0,0.0,0.0,0.0,0.0,0.0
gRNA_14434,0,0,0,0,0,0,0,0,0,0,0,0,0,0.0,0.0,0.0,0.0,0.0,0.0,0.0
gRNA_14435,0,0,0,0,0,0,0,0,0,0,0,0,0,0.0,0.0,0.0,0.0,0.0,0.0,0.0
gRNA_14436,0,0,0,0,0,0,0,0,0,0,0,0,0,0.0,0.0,0.0,0.0,0.0,0.0,0.0
gRNA_14437,0,0,0,0,0,0,0,0,0,0,0,0,0,0.0,0.0,0.0,0.0,0.0,0.0,0.0
gRNA_14438,0,0,0,0,0,0,0,0,0,0,0,0,0,0.0,0.0,0.0,0.0,0.0,0.0,0.0
gRNA_14439,0,0,0,0,0,0,0,0,0,0,0,0,0,0.0,0.0,0.0,0.0,0.0,0.0,0.0
gRNA_14440,0,0,0,0,0,0,0,0,0,0,0,0,0,0.0,0.0,0.0,0.0,0.0,0.0,0.0
gRNA_14441,0,0,0,0,0,0,0,0,0,0,0,0,0,0.0,0.0,0.0,0.0,0.0,0.0,0.0
gRNA_14442,479,0,479,475,3,1,470,3,3,6,0,5,1,0.6263048016701461,0.6263048016701461,98.12108559498957,1.2526096033402923,0.0,1.0438413361169103,0.20876826722338204
gRNA_14443,0,0,0,0,0,0,0,0,0,0,0,0,0,0.0,0.0,0.0,0.0,0.0,0.0,0.0
gRNA_14444,0,0,0,0,0,0,0,0,0,0,0,0,0,0.0,0.0,0.0,0.0,0.0,0.0,0.0
gRNA_14445,114,0,114,112,0,2,107,0,0,7,0,5,2,0.0,0.0,93.85964912280701,6.140350877192983,0.0,4.385964912280702,1.7543859649122806
gRNA_14446,1899,0,1899,1583,132,184,1155,69,132,675,1,490,184,3.6334913112164298,6.9510268562401265,60.821484992101105,35.54502369668246,0.0526592943654555,25.803054239073198,9.689310163243812
gRNA_14447,59,0,59,54,3,2,46,2,3,11,0,9,2,3.389830508474576,5.084745762711864,77.96610169491525,18.64406779661017,0.0,15.254237288135593,3.389830508474576
gRNA_14448,15475,0,15475,15345,37,93,1326,2,37,14147,0,14053,94,0.012924071082390954,0.23909531502423265,8.568659127625201,91.41841680129241,0.0,90.81098546042003,0.6074313408723748
gRNA_14449,1186,1,1185,1138,18,29,795,3,18,387,0,358,29,0.25316455696202533,1.518987341772152,67.0886075949367,32.65822784810127,0.0,30.21097046413502,2.4472573839662446
gRNA_14450,39799,0,39799,39776,3,20,36777,2,3,3020,0,3000,20,0.005025251890751024,0.007537877836126536,92.4068443930752,7.588130355034046,0.0,7.537877836126536,0.05025251890751024
gRNA_14451,13,0,13,0,13,0,0,0,13,13,0,13,0,0.0,100.0,0.0,100.0,0.0,100.0,0.0
gRNA_14452,10103,0,10103,9551,243,309,7307,118,243,2678,0,2369,309,1.1679699099277443,2.4052261704444224,72.32505196476293,26.506978125309313,0.0,23.448480649312085,3.0584974759972288
gRNA_14453,277,0,277,262,9,6,187,2,9,88,1,80,7,0.7220216606498195,3.2490974729241877,67.50902527075812,31.768953068592058,0.36101083032490977,28.880866425992778,2.527075812274368
gRNA_14454,302,0,302,298,4,0,44,0,4,258,0,258,0,0.0,1.3245033112582782,14.56953642384106,85.43046357615894,0.0,85.43046357615894,0.0
gRNA_14455,12102,0,12102,11930,85,87,9331,48,85,2723,0,2635,88,0.3966286564204264,0.702363245744505,77.10295818872913,22.50041315485044,0.0,21.773260618079657,0.7271525367707817
gRNA_14456,17654,0,17654,17613,4,37,14076,3,4,3575,0,3538,37,0.016993315962388126,0.022657754616517502,79.7326384955251,20.250368188512518,0.0,20.04078395830973,0.2095842302027869
gRNA_14457,13423,0,13423,7693,1152,4578,7608,1126,1152,4689,2,106,4581,8.38858675407882,8.582284139164122,56.67883483572972,34.93257841019146,0.014899798852715489,0.7896893391939209,34.12798927214482
gRNA_14458,16149,0,16149,13987,581,1581,13151,496,581,2502,0,921,1581,3.071397609759118,3.597745990463806,81.43538299585114,15.493219394389746,0.0,5.703139513282556,9.79007988110719
gRNA_14459,6888,0,6888,6832,17,39,4868,11,17,2009,0,1970,39,0.15969802555168408,0.24680603948896632,70.67363530778165,29.166666666666668,0.0,28.600464576074334,0.5662020905923345
gRNA_14460,2513,0,2513,2497,0,16,2460,0,0,53,0,37,16,0.0,0.0,97.89096697174692,2.109033028253084,0.0,1.4723438121766812,0.6366892160764027
gRNA_14461,2672,0,2672,2531,40,101,1708,26,40,938,0,837,101,0.9730538922155688,1.4970059880239521,63.92215568862275,35.104790419161674,0.0,31.3248502994012,3.779940119760479
gRNA_14462,15991,0,15991,14994,349,648,5895,63,349,10033,0,9384,649,0.39397160903007944,2.182477643674567,36.86448627352886,62.741542117441064,0.0,58.68300919267088,4.058532924770184
gRNA_14463,4312,0,4312,4286,8,18,3832,7,8,473,0,455,18,0.16233766233766234,0.18552875695732837,88.8682745825603,10.96938775510204,0.0,10.551948051948052,0.4174397031539889
gRNA_14464,1181,0,1181,1180,0,1,1171,0,0,10,0,9,1,0.0,0.0,99.1532599491956,0.8467400508044031,0.0,0.7620660457239627,0.0846740050804403
gRNA_14465,7314,0,7314,6750,377,187,3650,145,377,3519,0,3331,188,1.9824993163795461,5.1544982225868194,49.90429313645064,48.113207547169814,0.0,45.54279464041564,2.57041290675417
gRNA_14466,46,0,46,46,0,0,45,0,0,1,0,1,0,0.0,0.0,97.82608695652173,2.1739130434782608,0.0,2.1739130434782608,0.0
gRNA_14467,4487,36,4451,4399,18,34,3138,6,18,1307,0,1273,34,0.13480116827679173,0.4044035048303752,70.50101100876208,29.36418782296113,0.0,28.60031453605931,0.7638732869018198
gRNA_14468,2596,0,2596,2584,9,3,1120,5,9,1471,0,1175,296,0.1926040061633282,0.34668721109399075,43.143297380585516,56.664098613251156,0.0,45.261941448382125,11.40215716486903
gRNA_14469,1165,0,1165,840,124,201,479,42,124,644,0,443,201,3.6051502145922747,10.643776824034335,41.11587982832618,55.27896995708154,0.0,38.02575107296137,17.253218884120173
gRNA_14470,2153,0,2153,1281,383,489,697,134,383,1322,0,831,491,6.223873664653971,17.789131444496054,32.37343241987924,61.40269391546679,0.0,38.59730608453321,22.80538783093358
gRNA_14471,2012,0,2012,2009,3,0,1915,1,3,96,0,96,0,0.04970178926441352,0.14910536779324055,95.17892644135189,4.7713717693836974,0.0,4.7713717693836974,0.0
gRNA_14472,6663,0,6663,6642,3,18,6457,3,3,203,1,183,19,0.045024763619991,0.045024763619991,96.90829956476063,3.046675671619391,0.015008254539996999,2.7465105808194505,0.285156836259943
gRNA_14473,552,0,552,552,0,0,302,0,0,250,0,250,0,0.0,0.0,54.710144927536234,45.289855072463766,0.0,45.289855072463766,0.0
gRNA_14474,15373,0,15373,15335,4,34,14731,2,4,640,0,606,34,0.013009822415924023,0.026019644831848047,95.82384700448839,4.163143173095687,0.0,3.941976192024979,0.2211669810707084
gRNA_14475,1685,0,1685,1669,1,15,1056,1,1,628,0,613,15,0.05934718100890208,0.05934718100890208,62.67062314540059,37.27002967359051,0.0,36.37982195845697,0.8902077151335311
gRNA_14476,4,0,4,3,1,0,2,0,1,2,0,2,0,0.0,25.0,50.0,50.0,0.0,50.0,0.0
gRNA_14477,555,0,555,515,17,23,92,1,17,462,0,438,24,0.18018018018018017,3.063063063063063,16.576576576576578,83.24324324324324,0.0,78.91891891891892,4.324324324324325
gRNA_14478,754,0,754,713,11,30,49,4,11,701,0,671,30,0.5305039787798409,1.4588859416445623,6.49867374005305,92.9708222811671,0.0,88.9920424403183,3.9787798408488064
gRNA_14479,760,0,760,759,1,0,700,0,1,60,0,60,0,0.0,0.13157894736842105,92.10526315789474,7.894736842105263,0.0,7.894736842105263,0.0
gRNA_14480,2016,0,2016,1992,6,18,1913,5,6,98,0,80,18,0.24801587301587302,0.2976190476190476,94.89087301587301,4.861111111111111,0.0,3.9682539682539684,0.8928571428571429
gRNA_14481,21760,0,21760,16229,1915,3616,14580,1491,1915,5689,0,2073,3616,6.852022058823529,8.800551470588236,67.00367647058823,26.144301470588236,0.0,9.526654411764707,16.61764705882353
gRNA_14482,38,1,37,32,2,3,7,0,2,30,0,27,3,0.0,5.405405405405405,18.91891891891892,81.08108108108108,0.0,72.97297297297297,8.108108108108109
gRNA_14483,15679,0,15679,14905,308,466,13394,217,308,2068,2,1600,466,1.3840168378085338,1.964410995599209,85.42636647745393,13.189616684737548,0.01275591555583902,10.204732444671217,2.972128324510492
gRNA_14484,545,0,545,544,1,0,288,0,1,257,0,257,0,0.0,0.1834862385321101,52.84403669724771,47.15596330275229,0.0,47.15596330275229,0.0
gRNA_14485,1684,0,1684,1684,0,0,962,0,0,722,0,722,0,0.0,0.0,57.12589073634204,42.87410926365796,0.0,42.87410926365796,0.0
gRNA_14486,3066,0,3066,3043,7,16,2863,4,7,199,0,183,16,0.1304631441617743,0.228310502283105,93.37899543378995,6.490541422048271,0.0,5.968688845401174,0.5218525766470972
gRNA_14487,5463,0,5463,5359,32,72,3367,8,32,2088,0,2016,72,0.14643968515467692,0.5857587406187077,61.63280248947465,38.220757825370676,0.0,36.902800658978585,1.3179571663920921
gRNA_14488,12235,0,12235,12051,69,115,10157,37,69,2041,0,1926,115,0.30241111565181855,0.5639558643236616,83.01593788312219,16.68165100122599,0.0,15.741724560686555,0.9399264405394361
gRNA_14489,6783,0,6783,6706,19,58,6105,10,19,668,0,605,63,0.14742739200943536,0.2801120448179272,90.00442282176029,9.848149786230282,0.0,8.91935721657084,0.9287925696594427
gRNA_14490,4800,0,4800,4800,0,0,4491,0,0,309,0,309,0,0.0,0.0,93.5625,6.4375,0.0,6.4375,0.0
gRNA_14491,4743,0,4743,4721,11,11,4543,8,11,192,0,181,11,0.1686696183849884,0.23192072527935906,95.78325954037528,4.0480708412397215,0.0,3.8161501159603626,0.23192072527935906
gRNA_14492,10891,0,10891,10835,20,36,9838,15,20,1038,0,1002,36,0.1377283995959967,0.1836378661279956,90.33146634836103,9.53080525204297,0.0,9.20025709301258,0.3305481590303921
gRNA_14493,12442,0,12442,12428,5,9,11963,4,5,475,0,465,10,0.03214917215881691,0.040186465198521135,96.15013663398167,3.817714193859508,0.0,3.737341263462466,0.08037293039704227
gRNA_14494,8029,0,8029,7977,20,32,6450,3,20,1576,0,1544,32,0.03736455349358575,0.24909702329057168,80.33379001120936,19.62884543529705,0.0,19.230290198032133,0.3985552372649147
gRNA_14495,17047,0,17047,16963,35,49,10354,8,35,6685,1,6635,49,0.04692907843022233,0.20531471813222268,60.73795975831525,39.215111163254534,0.005866134803777791,38.921804423065645,0.28744060538511174
gRNA_14496,24717,0,24717,24559,49,109,24111,39,49,567,0,458,109,0.1577861390945503,0.19824412347776835,97.54824614637698,2.293967714528462,0.0,1.8529756847513856,0.4409920297770765
gRNA_14497,13623,0,13623,11697,725,1201,8508,384,725,4731,0,3526,1205,2.8187623871393965,5.321882111135579,62.45320414005726,34.72803347280335,0.0,25.882698377743523,8.845335095059825
gRNA_14498,2622,0,2622,2594,6,22,2210,2,6,410,0,386,24,0.07627765064836003,0.2288329519450801,84.28680396643783,15.636918382913807,0.0,14.721586575133486,0.9153318077803204
gRNA_14499,0,0,0,0,0,0,0,0,0,0,0,0,0,0.0,0.0,0.0,0.0,0.0,0.0,0.0
gRNA_14500,605,0,605,595,5,5,561,3,5,41,0,36,5,0.49586776859504134,0.8264462809917356,92.72727272727273,6.776859504132231,0.0,5.950413223140496,0.8264462809917356
gRNA_14501,6884,0,6884,6850,7,27,6350,3,7,531,0,504,27,0.04357931435212086,0.10168506682161534,92.24288204532249,7.7135386403253925,0.0,7.3213248111563045,0.39221382916908776
gRNA_14502,15334,0,15334,15135,65,134,13933,36,65,1365,0,1231,134,0.23477240119994783,0.4238946132776836,90.8634407199687,8.901786878831356,0.0,8.027911829920438,0.8738750489109169
gRNA_14503,3113,0,3113,3111,2,0,1175,0,2,1938,0,1936,2,0.0,0.06424670735624799,37.744940571795695,62.255059428204305,0.0,62.19081272084806,0.06424670735624799
gRNA_14504,1656,0,1656,1654,2,0,1503,1,2,152,0,152,0,0.06038647342995169,0.12077294685990338,90.76086956521739,9.178743961352657,0.0,9.178743961352657,0.0
gRNA_14505,4249,0,4249,4233,4,12,4155,4,4,90,10,68,12,0.09413979759943517,0.09413979759943517,97.78771475641328,2.1181454459872913,0.2353494939985879,1.6003765591903978,0.28241939279830547
gRNA_14506,128097,0,128097,127859,6,232,48091,6,6,80000,0,79768,232,0.004683950443804304,0.004683950443804304,37.5426434654988,62.452672584057396,0.0,62.27155983356363,0.18111275049376643
gRNA_14507,6603,0,6603,6590,8,5,6443,1,8,159,0,154,5,0.015144631228229592,0.12115704982583674,97.57685900348326,2.407996365288505,0.0,2.3322732091473575,0.07572315614114797
gRNA_14508,15305,0,15305,15273,1,31,14922,1,1,382,0,351,31,0.006533812479581836,0.006533812479581836,97.49754982032016,2.4959163672002616,0.0,2.2933681803332244,0.2025481868670369
gRNA_14509,4539,0,4539,4538,0,1,4518,0,0,21,0,20,1,0.0,0.0,99.53734302709849,0.46265697290152014,0.0,0.4406256884776382,0.022031284423881914
gRNA_14510,14982,0,14982,14978,1,3,7850,1,1,7131,0,7128,3,0.006674676278200507,0.006674676278200507,52.39620878387398,47.59711653984782,0.0,47.57709251101321,0.020024028834601523
gRNA_14511,7309,0,7309,7306,1,2,3423,1,1,3885,0,3883,2,0.013681762210972774,0.013681762210972774,46.8326720481598,53.15364618962922,0.0,53.12628266520728,0.027363524421945548
gRNA_14512,7394,0,7394,4897,1197,1300,4320,1023,1197,2051,0,751,1300,13.835542331620232,16.188801731133353,58.42575060860157,27.7387070597782,0.0,10.15688395996754,17.581823099810656
gRNA_14513,4570,0,4570,4567,1,2,1429,1,1,3140,0,3138,2,0.02188183807439825,0.02188183807439825,31.269146608315097,68.70897155361051,0.0,68.66520787746171,0.0437636761487965
gRNA_14514,220,0,220,204,4,12,204,4,4,12,0,0,12,1.8181818181818181,1.8181818181818181,92.72727272727273,5.454545454545454,0.0,0.0,5.454545454545454
gRNA_14515,378,0,378,374,3,1,126,0,3,252,0,251,1,0.0,0.7936507936507936,33.333333333333336,66.66666666666667,0.0,66.4021164021164,0.26455026455026454
gRNA_14516,639,0,639,639,0,0,319,0,0,320,0,320,0,0.0,0.0,49.92175273865415,50.07824726134585,0.0,50.07824726134585,0.0
gRNA_14517,249,0,249,248,1,0,173,0,1,76,0,76,0,0.0,0.40160642570281124,69.47791164658635,30.522088353413654,0.0,30.522088353413654,0.0
gRNA_14518,828,0,828,823,1,4,799,0,1,29,0,25,4,0.0,0.12077294685990338,96.4975845410628,3.502415458937198,0.0,3.0193236714975846,0.4830917874396135
gRNA_14519,23344,0,23344,23241,25,78,8979,5,25,14360,0,14281,79,0.02141877998629198,0.1070938999314599,38.46384509938314,61.514736120630566,0.0,61.176319396847155,0.3384167237834133
gRNA_14520,1082,0,1082,1074,2,6,387,0,2,695,0,689,6,0.0,0.18484288354898337,35.76709796672828,64.23290203327171,0.0,63.67837338262477,0.5545286506469501
gRNA_14521,21229,0,21229,21201,10,18,19293,7,10,1929,0,1911,18,0.032973762306279145,0.047105374723255926,90.88039945357765,9.086626784116067,0.0,9.001837109614208,0.08478967450186066
gRNA_14522,76,0,76,74,2,0,28,0,2,48,0,47,1,0.0,2.6315789473684212,36.8421052631579,63.1578947368421,0.0,61.8421052631579,1.3157894736842106
gRNA_14523,17281,0,17281,17231,18,32,14844,8,18,2429,0,2397,32,0.04629361726751924,0.10416063885191829,85.89780683988195,14.05589954285053,0.0,13.870725073780452,0.18517446907007695
gRNA_14524,7053,0,7053,6956,32,65,6212,18,32,823,0,758,65,0.25521054870267973,0.4537076421380973,88.07599603005814,11.668793421239188,0.0,10.747199773146178,0.92159364809301
gRNA_14525,6643,0,6643,6369,96,178,4271,41,96,2331,0,2153,178,0.6171910281499322,1.4451302122535,64.29324100556977,35.08956796628029,0.0,32.41005569772693,2.6795122685533643
gRNA_14526,316,0,316,295,9,12,109,2,9,205,0,193,12,0.6329113924050633,2.848101265822785,34.49367088607595,64.87341772151899,0.0,61.075949367088604,3.7974683544303796
gRNA_14527,8353,0,8353,8306,9,38,4663,2,9,3688,0,3649,39,0.023943493355680592,0.10774572010056267,55.82425475876931,44.15180174787501,0.0,43.68490362743924,0.46689812043577156
gRNA_14528,1342,0,1342,927,167,248,599,70,167,673,0,425,248,5.216095380029806,12.444113263785395,44.63487332339791,50.14903129657228,0.0,31.669150521609538,18.47988077496274
gRNA_14529,5067,0,5067,5056,11,0,3765,3,11,1299,0,1299,0,0.05920663114268798,0.2170909808565226,74.30432208407342,25.636471284783894,0.0,25.636471284783894,0.0
gRNA_14530,9285,0,9285,9204,33,48,5521,13,33,3751,0,3700,51,0.14001077005923532,0.3554119547657512,59.46149703823371,40.39849219170706,0.0,39.84921917070544,0.5492730210016155
gRNA_14531,7487,0,7487,7398,14,75,7022,13,14,452,0,377,75,0.17363429945238412,0.18699078402564445,93.78923467343395,6.037131027113664,0.0,5.03539468411914,1.0017363429945239
gRNA_14532,9514,0,9514,7266,1398,850,5025,895,1398,3594,0,2744,850,9.407189405087239,14.694134959007778,52.816901408450704,37.77590918646206,0.0,28.841706958166913,8.934202228295144
gRNA_14533,8974,0,8974,8972,1,1,5970,0,1,3004,0,3003,1,0.0,0.011143302874972142,66.52551816358368,33.47448183641632,0.0,33.46333853354134,0.011143302874972142
gRNA_14534,3620,0,3620,3614,4,2,3074,4,4,542,0,540,2,0.11049723756906077,0.11049723756906077,84.9171270718232,14.972375690607734,0.0,14.917127071823204,0.055248618784530384
gRNA_14535,53603,0,53603,53553,8,42,35248,2,8,18353,0,18311,42,0.0037311344514299573,0.01492453780571983,65.75751357200157,34.238755293547,0.0,34.16040147006697,0.0783538234800291
gRNA_14536,6717,0,6717,6618,29,70,5704,9,29,1004,0,934,70,0.13398838767306834,0.4317403602798869,84.91886258746464,14.94714902486229,0.0,13.905017120738425,1.0421319041238648
gRNA_14537,3009,0,3009,2997,2,10,2497,1,2,511,0,501,10,0.03323363243602526,0.06646726487205051,82.98438019275507,16.982386174808905,0.0,16.650049850448653,0.33233632436025257
gRNA_14538,6468,0,6468,6464,3,1,6142,0,3,326,0,325,1,0.0,0.04638218923933209,94.95980210265924,5.040197897340755,0.0,5.024737167594311,0.015460729746444033
gRNA_14539,6372,0,6372,6076,106,190,5005,50,106,1317,0,1127,190,0.7846829880728186,1.6635279347143754,78.54676710608913,20.66854990583804,0.0,17.686754551161332,2.9817953546767106
gRNA_14540,499,0,499,498,0,1,473,0,0,26,0,25,1,0.0,0.0,94.78957915831663,5.210420841683367,0.0,5.01002004008016,0.20040080160320642
gRNA_14541,22081,0,22081,17694,2428,1959,17521,2375,2428,2185,0,226,1959,10.755853448666274,10.995878809836512,79.34876137856075,9.895385172772972,0.0,1.0235043702730855,8.871880802499886
gRNA_14542,1488,0,1488,1488,0,0,1242,0,0,246,0,246,0,0.0,0.0,83.46774193548387,16.532258064516128,0.0,16.532258064516128,0.0
gRNA_14543,12509,0,12509,12478,9,22,11975,5,9,529,0,507,22,0.03997122072108082,0.07194819729794548,95.73107362698858,4.228955152290351,0.0,4.053081781117595,0.17587337117275562
gRNA_14544,0,0,0,0,0,0,0,0,0,0,0,0,0,0.0,0.0,0.0,0.0,0.0,0.0,0.0
gRNA_14545,915,0,915,915,0,0,634,0,0,281,0,281,0,0.0,0.0,69.2896174863388,30.7103825136612,0.0,30.7103825136612,0.0
gRNA_14546,5186,0,5186,4316,334,536,3554,206,334,1426,1,889,536,3.9722329348245276,6.440416505977632,68.53065946779792,27.497107597377553,0.01928268414963363,17.142306209024298,10.335518704203626
gRNA_14547,1235,0,1235,1226,5,4,1093,2,5,140,0,136,4,0.16194331983805668,0.4048582995951417,88.50202429149797,11.336032388663968,0.0,11.012145748987853,0.32388663967611336
gRNA_14548,4559,0,4559,4371,64,124,3266,30,64,1263,0,1139,124,0.6580390436499233,1.4038166264531695,71.6385172186883,27.703443737661768,0.0,24.98354902390875,2.719894713753016
gRNA_14549,5021,0,5021,4986,20,15,4775,5,20,241,0,226,15,0.09958175662218681,0.39832702648874724,95.1005775741884,4.799840669189405,0.0,4.501095399322844,0.29874526986656047
gRNA_14550,9223,0,9223,8763,158,302,8318,127,158,778,0,476,302,1.3769923018540604,1.7131085330152878,90.1875745419061,8.435433156239835,0.0,5.161010517185297,3.2744226390545377
gRNA_14551,2097,0,2097,1847,216,34,1194,90,216,813,0,779,34,4.291845493562231,10.300429184549357,56.93848354792561,38.76967095851216,0.0,37.14830710538865,1.6213638531235097
gRNA_14552,10811,0,10811,10632,59,120,8578,30,59,2203,1,2082,120,0.27749514383498286,0.545740449542133,79.34511146054945,20.377393395615577,0.009249838127832763,19.258162982147812,1.1099805753399314
gRNA_14553,3893,0,3893,3878,7,8,3265,3,7,625,0,617,8,0.07706139224248651,0.17980991523246853,83.86848189057282,16.054456717184692,0.0,15.848959671204726,0.20549704597996404
gRNA_14554,12424,0,12424,12418,2,4,11266,0,2,1158,0,1154,4,0.0,0.016097875080489377,90.67933032839665,9.320669671603348,0.0,9.28847392144237,0.03219575016097875
gRNA_14555,3483,0,3483,3429,21,33,3067,14,21,402,0,369,33,0.40195233993683605,0.602928509905254,88.05627332759116,11.541774332472007,0.0,10.594315245478036,0.9474590869939707
gRNA_14556,4355,0,4355,3679,267,409,3605,258,267,492,0,83,409,5.924225028702641,6.130884041331803,82.77841561423651,11.29735935706085,0.0,1.9058553386911596,9.39150401836969
gRNA_14557,11326,0,11326,11320,4,2,8433,3,4,2890,0,2888,2,0.026487727352993113,0.035316969803990815,74.45700158926364,25.516510683383366,0.0,25.49885219848137,0.017658484901995408
gRNA_14558,33844,0,33844,33765,5,74,31449,4,5,2391,0,2317,74,0.011818933932159319,0.014773667415199148,92.9234133081196,7.064767757948233,0.0,6.846117480203286,0.2186502777449474
gRNA_14559,6649,0,6649,6559,32,58,5668,27,32,954,0,896,58,0.406076101669424,0.4812753797563543,85.24590163934427,14.348022258986314,0.0,13.475710633177922,0.8723116258083923
gRNA_14560,0,0,0,0,0,0,0,0,0,0,0,0,0,0.0,0.0,0.0,0.0,0.0,0.0,0.0
gRNA_14561,2564,0,2564,2550,8,6,1365,6,8,1193,0,1187,6,0.23400936037441497,0.31201248049922,53.23712948517941,46.528861154446176,0.0,46.29485179407176,0.23400936037441497
gRNA_14562,33235,0,33235,33210,10,15,31055,3,10,2177,1,2161,15,0.009026628554234993,0.030088761847449977,93.44064991725591,6.5503234541898605,0.0030088761847449977,6.50218143523394,0.045133142771174965
gRNA_14563,13524,0,13524,13517,6,1,12907,4,6,613,0,612,1,0.029577048210588583,0.044365572315882874,95.43774031351671,4.532682638272701,0.0,4.525288376220053,0.007394262052647146
gRNA_14564,5195,0,5195,5181,1,13,4044,1,1,1150,0,982,168,0.019249278152069296,0.019249278152069296,77.84408084696824,22.136669874879694,0.0,18.90279114533205,3.233878729547642
gRNA_14565,9580,0,9580,9548,3,29,8885,3,3,692,0,663,29,0.031315240083507306,0.031315240083507306,92.74530271398747,7.223382045929019,0.0,6.920668058455115,0.302713987473904
gRNA_14566,6339,0,6339,6334,0,5,4980,0,0,1359,1,1353,5,0.0,0.0,78.56128726928537,21.438712730714624,0.015775358889414733,21.344060577378137,0.07887679444707367
gRNA_14567,11810,0,11810,10206,755,849,8784,539,755,2487,0,1638,849,4.563928873835732,6.392887383573243,74.37764606265877,21.058425063505503,0.0,13.869602032176122,7.188823031329382
gRNA_14568,3361,0,3361,2732,265,364,2370,192,265,799,0,435,364,5.712585540017852,7.884558167212139,70.51472775959536,23.77268670038679,0.0,12.942576614102945,10.830110086283844
gRNA_14569,1414,0,1414,1409,0,5,405,0,0,1009,0,1004,5,0.0,0.0,28.64214992927864,71.35785007072135,0.0,71.004243281471,0.3536067892503536
gRNA_14570,1443,0,1443,1178,98,167,564,19,98,860,0,693,167,1.3167013167013166,6.791406791406791,39.08523908523909,59.5980595980596,0.0,48.024948024948024,11.573111573111573
gRNA_14571,165,0,165,158,2,5,115,2,2,48,0,43,5,1.2121212121212122,1.2121212121212122,69.6969696969697,29.09090909090909,0.0,26.060606060606062,3.0303030303030303
gRNA_14572,5363,0,5363,4566,470,327,2438,190,470,2735,0,2408,327,3.542793212754056,8.763751631549505,45.45963080365467,50.997575983591275,0.0,44.900242401640874,6.097333581950401
gRNA_14573,6513,0,6513,4236,950,1327,3765,801,950,1947,0,620,1327,12.298479963150621,14.58621219100261,57.80746199907877,29.894058037770613,0.0,9.519422693075388,20.374635344695225
gRNA_14574,2984,0,2984,2976,3,5,2148,0,3,836,0,831,5,0.0,0.10053619302949061,71.98391420911528,28.01608579088472,0.0,27.8485254691689,0.1675603217158177
gRNA_14575,6111,0,6111,6105,5,1,3223,4,5,2884,0,2883,1,0.06545573555882835,0.08181966944853543,52.740958926525934,47.19358533791524,0.0,47.17722140402553,0.016363933889707086
gRNA_14576,2630,0,2630,2589,28,13,2102,22,28,506,0,46,460,0.8365019011406845,1.064638783269962,79.92395437262357,19.23954372623574,0.0,1.7490494296577948,17.490494296577946
gRNA_14577,58,0,58,29,13,16,18,11,13,29,0,12,17,18.96551724137931,22.413793103448278,31.03448275862069,50.0,0.0,20.689655172413794,29.310344827586206
gRNA_14578,924,0,924,884,20,20,676,9,20,239,0,219,20,0.974025974025974,2.1645021645021645,73.16017316017316,25.865800865800868,0.0,23.7012987012987,2.1645021645021645
gRNA_14579,0,0,0,0,0,0,0,0,0,0,0,0,0,0.0,0.0,0.0,0.0,0.0,0.0,0.0
gRNA_14580,0,0,0,0,0,0,0,0,0,0,0,0,0,0.0,0.0,0.0,0.0,0.0,0.0,0.0
gRNA_14581,0,0,0,0,0,0,0,0,0,0,0,0,0,0.0,0.0,0.0,0.0,0.0,0.0,0.0
gRNA_14582,0,0,0,0,0,0,0,0,0,0,0,0,0,0.0,0.0,0.0,0.0,0.0,0.0,0.0
gRNA_14583,0,0,0,0,0,0,0,0,0,0,0,0,0,0.0,0.0,0.0,0.0,0.0,0.0,0.0
gRNA_14584,184,0,184,183,1,0,68,1,1,115,0,115,0,0.5434782608695652,0.5434782608695652,36.95652173913044,62.5,0.0,62.5,0.0
gRNA_14585,0,0,0,0,0,0,0,0,0,0,0,0,0,0.0,0.0,0.0,0.0,0.0,0.0,0.0
gRNA_14586,0,0,0,0,0,0,0,0,0,0,0,0,0,0.0,0.0,0.0,0.0,0.0,0.0,0.0
gRNA_14587,191,0,191,191,0,0,188,0,0,3,0,3,0,0.0,0.0,98.42931937172774,1.5706806282722514,0.0,1.5706806282722514,0.0
gRNA_14588,0,0,0,0,0,0,0,0,0,0,0,0,0,0.0,0.0,0.0,0.0,0.0,0.0,0.0
gRNA_14589,1,0,1,1,0,0,1,0,0,0,0,0,0,0.0,0.0,100.0,0.0,0.0,0.0,0.0
gRNA_14590,0,0,0,0,0,0,0,0,0,0,0,0,0,0.0,0.0,0.0,0.0,0.0,0.0,0.0
gRNA_14591,0,0,0,0,0,0,0,0,0,0,0,0,0,0.0,0.0,0.0,0.0,0.0,0.0,0.0
gRNA_14592,0,0,0,0,0,0,0,0,0,0,0,0,0,0.0,0.0,0.0,0.0,0.0,0.0,0.0
gRNA_14593,0,0,0,0,0,0,0,0,0,0,0,0,0,0.0,0.0,0.0,0.0,0.0,0.0,0.0
gRNA_14594,0,0,0,0,0,0,0,0,0,0,0,0,0,0.0,0.0,0.0,0.0,0.0,0.0,0.0
gRNA_14595,0,0,0,0,0,0,0,0,0,0,0,0,0,0.0,0.0,0.0,0.0,0.0,0.0,0.0
gRNA_14596,0,0,0,0,0,0,0,0,0,0,0,0,0,0.0,0.0,0.0,0.0,0.0,0.0,0.0
gRNA_14597,12591,0,12591,12030,268,293,9613,152,268,2826,0,2533,293,1.2072115002779764,2.1285044873322216,76.34818521165913,22.4446032880629,0.0,20.117544277658645,2.3270590104042572
gRNA_14598,5681,0,5681,5671,3,7,2818,1,3,2862,0,2855,7,0.017602534765006162,0.05280760429501848,49.60394296778736,50.378454497447635,0.0,50.25523675409259,0.12321774335504312
gRNA_14599,33710,0,33710,28764,2568,2378,28417,2459,2568,2834,1,455,2378,7.294571343814892,7.617917531889647,84.29842776624147,8.407000889943637,0.0029664787896766538,1.3497478493028774,7.054286561851082
gRNA_14600,31053,0,31053,30399,316,338,21687,168,316,9198,0,8860,338,0.5410105303835379,1.017615045245226,69.83866293111777,29.620326538498695,0.0,28.531864876179434,1.0884616623192607
gRNA_14601,1690,0,1690,1689,0,1,1434,0,0,256,0,255,1,0.0,0.0,84.85207100591715,15.14792899408284,0.0,15.088757396449704,0.05917159763313609
gRNA_14602,8697,0,8697,8599,37,61,7948,27,37,722,0,661,61,0.3104518799586064,0.42543405772105325,91.38783488559274,8.30171323444866,0.0,7.600321950097735,0.7013912843509256
gRNA_14603,600,0,600,454,55,91,304,26,55,270,0,179,91,4.333333333333333,9.166666666666666,50.666666666666664,45.0,0.0,29.833333333333332,15.166666666666666
gRNA_14604,15978,0,15978,15974,4,0,11483,3,4,4492,0,4492,0,0.01877581674802854,0.025034422330704718,71.86756790587057,28.1136562773814,0.0,28.1136562773814,0.0
gRNA_14605,4370,0,4370,4086,99,185,3826,80,99,464,0,279,185,1.8306636155606408,2.265446224256293,87.55148741418765,10.617848970251716,0.0,6.384439359267734,4.233409610983982
gRNA_14606,8520,0,8520,8517,2,1,5100,2,2,3418,0,3417,1,0.023474178403755867,0.023474178403755867,59.859154929577464,40.117370892018776,0.0,40.105633802816904,0.011737089201877934
gRNA_14607,5409,0,5409,5403,1,5,4762,0,1,647,0,642,5,0.0,0.018487705675725642,88.0384544278055,11.96154557219449,0.0,11.869107043815863,0.09243852837862822
gRNA_14608,2116,0,2116,2024,35,57,1107,4,35,1005,0,948,57,0.1890359168241966,1.6540642722117203,52.315689981096405,47.49527410207939,0.0,44.801512287334596,2.6937618147448017
gRNA_14609,11602,0,11602,11592,4,6,11325,2,4,275,0,269,6,0.017238407171177382,0.034476814342354764,97.61248060679193,2.37028098603689,0.0,2.318565764523358,0.05171522151353215
gRNA_14610,11854,0,11854,9263,1637,954,9216,1622,1637,1016,0,62,954,13.683144929981442,13.809684494685339,77.74590855407457,8.570946515943985,0.0,0.5230302007761093,8.047916315167877
gRNA_14611,26040,1,26039,25309,244,486,21618,151,244,4270,0,3784,486,0.5798993816966858,0.9370559545297439,83.0216214140328,16.39847920427052,0.0,14.532048081723568,1.8664311225469488
gRNA_14612,6589,4,6585,6542,16,27,4908,5,16,1672,0,1645,27,0.07593014426727411,0.24297646165527714,74.53302961275627,25.391040242976462,0.0,24.98101746393318,0.41002277904328016
gRNA_14613,3064,0,3064,3054,1,9,2963,1,1,100,0,91,9,0.03263707571801567,0.03263707571801567,96.70365535248042,3.2637075718015667,0.0,2.9699738903394257,0.293733681462141
gRNA_14614,5855,0,5855,5848,4,3,5477,4,4,374,0,371,3,0.06831767719897523,0.06831767719897523,93.54397950469684,6.387702818104184,0.0,6.336464560204953,0.05123825789923143
gRNA_14615,7558,0,7558,7456,34,68,6896,22,34,640,0,572,68,0.2910822969039428,0.449854458851548,91.24106906589044,8.46784863720561,0.0,7.568139719502514,0.899708917703096
gRNA_14616,2178,0,2178,2171,1,6,2127,1,1,50,0,44,6,0.04591368227731864,0.04591368227731864,97.65840220385675,2.295684113865932,0.0,2.0202020202020203,0.27548209366391185
gRNA_14617,9554,0,9554,9550,0,4,9419,0,0,135,0,131,4,0.0,0.0,98.58697927569604,1.4130207243039565,0.0,1.3711534435838393,0.04186728072011723
gRNA_14618,11508,0,11508,11320,67,121,10789,53,67,666,70,472,124,0.4605491831769204,0.5822036843934654,93.75217240180744,5.787278415015641,0.6082725060827251,4.101494612443518,1.0775112964893987
gRNA_14619,10546,0,10546,6608,1774,2164,6557,1746,1774,2243,1,78,2164,16.55604020481699,16.82154371325621,62.175232315569886,21.268727479613123,0.009482268158543524,0.7396169163663948,20.519628295088186
gRNA_14620,8990,0,8990,5982,1656,1352,4015,892,1656,4083,0,2731,1352,9.922135706340379,18.420467185761957,44.660734149054505,45.41713014460512,0.0,30.378197997775306,15.038932146829811
gRNA_14621,3029,0,3029,2975,26,28,2949,26,26,54,0,26,28,0.8583690987124464,0.8583690987124464,97.35886431165402,1.7827665896335425,0.0,0.8583690987124464,0.924397490921096
gRNA_14622,10946,0,10946,10847,41,58,9642,38,41,1266,1,1204,61,0.3471587794628175,0.37456605152567146,88.08697241001279,11.565868810524393,0.00913575735428467,10.999451854558743,0.5572811986113649
gRNA_14623,4339,0,4339,4334,1,4,4022,0,1,317,0,313,4,0.0,0.023046784973496198,92.69416916340171,7.305830836598295,0.0,7.21364369670431,0.09218713989398479
gRNA_14624,8058,0,8058,8053,3,2,6410,1,3,1647,0,1644,3,0.012410027302060065,0.03723008190618019,79.54827500620502,20.439314966492926,0.0,20.402084884586746,0.03723008190618019
gRNA_14625,7867,0,7867,7846,11,10,6141,3,11,1723,0,1713,10,0.03813397737384009,0.13982458370408032,78.06025168425067,21.90161433837549,0.0,21.77450108046269,0.12711325791280031
gRNA_14626,62316,0,62316,62304,5,7,59958,1,5,2357,0,2350,7,0.001604724308363823,0.008023621541819115,96.21606008087811,3.782335194813531,0.0,3.771102124654984,0.011233070158546762
gRNA_14627,5848,0,5848,5838,2,8,5193,1,2,654,0,646,8,0.01709986320109439,0.03419972640218878,88.79958960328317,11.183310533515732,0.0,11.046511627906977,0.13679890560875513
gRNA_14628,3177,0,3177,2726,212,239,1142,80,212,1955,0,1716,239,2.5180988353792886,6.672961913755115,35.945860875039344,61.536040289581365,0.0,54.01322001888574,7.522820270695624
gRNA_14629,9680,0,9680,9676,0,4,9335,0,0,345,2,338,5,0.0,0.0,96.43595041322314,3.5640495867768593,0.02066115702479339,3.4917355371900825,0.05165289256198347
gRNA_14630,2279,0,2279,1735,217,327,1494,160,217,625,0,298,327,7.0206230802983765,9.521720052654674,65.55506801228609,27.424308907415533,0.0,13.075910487055726,14.348398420359807
gRNA_14631,3277,0,3277,3277,0,0,3269,0,0,8,0,8,0,0.0,0.0,99.75587427525176,0.24412572474824534,0.0,0.24412572474824534,0.0
gRNA_14632,2960,0,2960,2895,33,32,2894,32,33,34,0,2,32,1.0810810810810811,1.114864864864865,97.77027027027027,1.1486486486486487,0.0,0.06756756756756757,1.0810810810810811
gRNA_14633,3850,0,3850,3657,87,106,3594,85,87,171,0,65,106,2.207792207792208,2.25974025974026,93.35064935064935,4.441558441558442,0.0,1.6883116883116882,2.7532467532467533
gRNA_14634,8678,0,8678,8675,3,0,8642,3,3,33,0,33,0,0.034570177460244295,0.034570177460244295,99.58515787047706,0.38027195206268727,0.0,0.38027195206268727,0.0
gRNA_14635,21499,0,21499,21347,48,104,18325,28,48,3146,0,3042,104,0.13023861574956974,0.22326619842783385,85.23652262895949,14.633238755290943,0.0,14.14949532536397,0.48374342992697333
gRNA_14636,45108,0,45108,44842,99,167,11069,13,99,34026,0,33859,167,0.028819721557151724,0.2194732641660016,24.538884455085572,75.43229582335728,0.0,75.06207324643078,0.3702225769264875
gRNA_14637,1247,0,1247,1247,0,0,1233,0,0,14,0,14,0,0.0,0.0,98.87730553327987,1.1226944667201284,0.0,1.1226944667201284,0.0
gRNA_14638,7598,0,7598,7597,1,0,7263,1,1,334,4,330,0,0.013161358252171624,0.013161358252171624,95.59094498552251,4.395893656225322,0.052645433008686494,4.343248223216636,0.0
gRNA_14639,6582,0,6582,6359,82,141,6189,68,82,325,0,184,141,1.0331206320267396,1.24582193862048,94.02917046490428,4.937708903068976,0.0,2.7955028866605893,2.1422060164083865
gRNA_14640,1212,0,1212,1196,4,12,1180,4,4,28,0,16,12,0.33003300330033003,0.33003300330033003,97.35973597359735,2.31023102310231,0.0,1.3201320132013201,0.9900990099009901
gRNA_14641,3174,0,3174,2988,74,112,2958,71,74,145,0,33,112,2.236925015752993,2.3314429741650913,93.19470699432893,4.568367989918085,0.0,1.0396975425330812,3.5286704473850032
gRNA_14642,5796,0,5796,5795,1,0,5656,1,1,139,0,139,0,0.01725327812284334,0.01725327812284334,97.58454106280193,2.398205659075224,0.0,2.398205659075224,0.0
gRNA_14643,5264,0,5264,5134,42,88,4970,32,42,262,0,174,88,0.60790273556231,0.7978723404255319,94.41489361702128,4.977203647416413,0.0,3.3054711246200608,1.6717325227963526
gRNA_14644,97,0,97,97,0,0,95,0,0,2,0,1,1,0.0,0.0,97.9381443298969,2.0618556701030926,0.0,1.0309278350515463,1.0309278350515463
gRNA_14645,1935,0,1935,1934,0,1,1752,0,0,183,0,182,1,0.0,0.0,90.54263565891473,9.457364341085272,0.0,9.405684754521964,0.05167958656330749
gRNA_14646,2220,0,2220,2217,1,2,1694,0,1,526,96,412,18,0.0,0.04504504504504504,76.30630630630631,23.693693693693692,4.324324324324325,18.55855855855856,0.8108108108108109
gRNA_14647,20871,1974,18897,18870,22,5,18604,1,22,292,0,266,26,0.005291845266444409,0.116420595861777,98.44948933693179,1.5452188178017674,0.0,1.4076308408742129,0.13758797692755464
gRNA_14648,611,0,611,601,5,5,555,4,5,52,0,47,5,0.6546644844517185,0.8183306055646481,90.83469721767594,8.51063829787234,0.0,7.6923076923076925,0.8183306055646481
gRNA_14649,6086,0,6086,4136,862,1088,3752,689,862,1645,0,557,1088,11.32106473874466,14.163654288531054,61.649687808084124,27.029247453171212,0.0,9.152152481104174,17.877094972067038
gRNA_14650,45,0,45,21,9,15,19,9,9,17,0,2,15,20.0,20.0,42.22222222222222,37.77777777777778,0.0,4.444444444444445,33.333333333333336
gRNA_14651,1383,0,1383,1303,31,49,1284,29,31,70,0,21,49,2.0968908170643528,2.2415039768618943,92.84164859002169,5.061460592913956,0.0,1.5184381778741864,3.5430224150397684
gRNA_14652,26632,0,26632,26573,17,42,15541,8,17,11083,0,11041,42,0.030039050765995796,0.06383298287774106,58.35461099429258,41.61534995494142,0.0,41.457644938419946,0.15770501652147792
gRNA_14653,10276,0,10276,8821,604,851,8509,538,604,1229,0,378,851,5.23550019462826,5.877773452705333,82.80459322693655,11.95990657843519,0.0,3.678474114441417,8.281432463993772
gRNA_14654,4888,0,4888,4062,330,496,3975,306,330,607,0,111,496,6.260229132569558,6.751227495908347,81.32160392798691,12.418166939443536,0.0,2.2708674304418985,10.147299509001636
gRNA_14655,3656,0,3656,2667,406,583,1354,117,406,2185,0,1602,583,3.200218818380744,11.105032822757112,37.03501094091904,59.764770240700216,0.0,43.818380743982495,15.946389496717725
gRNA_14656,3876,0,3876,3794,36,46,2345,11,36,1520,0,1474,46,0.2837977296181631,0.9287925696594427,60.500515995872036,39.21568627450981,0.0,38.02889576883385,1.1867905056759547
gRNA_14657,0,0,0,0,0,0,0,0,0,0,0,0,0,0.0,0.0,0.0,0.0,0.0,0.0,0.0
gRNA_14658,0,0,0,0,0,0,0,0,0,0,0,0,0,0.0,0.0,0.0,0.0,0.0,0.0,0.0
gRNA_14659,0,0,0,0,0,0,0,0,0,0,0,0,0,0.0,0.0,0.0,0.0,0.0,0.0,0.0
gRNA_14660,0,0,0,0,0,0,0,0,0,0,0,0,0,0.0,0.0,0.0,0.0,0.0,0.0,0.0
gRNA_14661,0,0,0,0,0,0,0,0,0,0,0,0,0,0.0,0.0,0.0,0.0,0.0,0.0,0.0
gRNA_14662,0,0,0,0,0,0,0,0,0,0,0,0,0,0.0,0.0,0.0,0.0,0.0,0.0,0.0
gRNA_14663,0,0,0,0,0,0,0,0,0,0,0,0,0,0.0,0.0,0.0,0.0,0.0,0.0,0.0
gRNA_14664,0,0,0,0,0,0,0,0,0,0,0,0,0,0.0,0.0,0.0,0.0,0.0,0.0,0.0
gRNA_14665,0,0,0,0,0,0,0,0,0,0,0,0,0,0.0,0.0,0.0,0.0,0.0,0.0,0.0
gRNA_14666,0,0,0,0,0,0,0,0,0,0,0,0,0,0.0,0.0,0.0,0.0,0.0,0.0,0.0
gRNA_14667,0,0,0,0,0,0,0,0,0,0,0,0,0,0.0,0.0,0.0,0.0,0.0,0.0,0.0
gRNA_14668,0,0,0,0,0,0,0,0,0,0,0,0,0,0.0,0.0,0.0,0.0,0.0,0.0,0.0
gRNA_14669,0,0,0,0,0,0,0,0,0,0,0,0,0,0.0,0.0,0.0,0.0,0.0,0.0,0.0
gRNA_14670,0,0,0,0,0,0,0,0,0,0,0,0,0,0.0,0.0,0.0,0.0,0.0,0.0,0.0
gRNA_14671,0,0,0,0,0,0,0,0,0,0,0,0,0,0.0,0.0,0.0,0.0,0.0,0.0,0.0
gRNA_14672,0,0,0,0,0,0,0,0,0,0,0,0,0,0.0,0.0,0.0,0.0,0.0,0.0,0.0
gRNA_14673,0,0,0,0,0,0,0,0,0,0,0,0,0,0.0,0.0,0.0,0.0,0.0,0.0,0.0
gRNA_14674,0,0,0,0,0,0,0,0,0,0,0,0,0,0.0,0.0,0.0,0.0,0.0,0.0,0.0
gRNA_14675,0,0,0,0,0,0,0,0,0,0,0,0,0,0.0,0.0,0.0,0.0,0.0,0.0,0.0
gRNA_14676,0,0,0,0,0,0,0,0,0,0,0,0,0,0.0,0.0,0.0,0.0,0.0,0.0,0.0
gRNA_14677,0,0,0,0,0,0,0,0,0,0,0,0,0,0.0,0.0,0.0,0.0,0.0,0.0,0.0
gRNA_14678,0,0,0,0,0,0,0,0,0,0,0,0,0,0.0,0.0,0.0,0.0,0.0,0.0,0.0
gRNA_14679,0,0,0,0,0,0,0,0,0,0,0,0,0,0.0,0.0,0.0,0.0,0.0,0.0,0.0
gRNA_14680,0,0,0,0,0,0,0,0,0,0,0,0,0,0.0,0.0,0.0,0.0,0.0,0.0,0.0
gRNA_14681,0,0,0,0,0,0,0,0,0,0,0,0,0,0.0,0.0,0.0,0.0,0.0,0.0,0.0
gRNA_14682,0,0,0,0,0,0,0,0,0,0,0,0,0,0.0,0.0,0.0,0.0,0.0,0.0,0.0
gRNA_14683,0,0,0,0,0,0,0,0,0,0,0,0,0,0.0,0.0,0.0,0.0,0.0,0.0,0.0
gRNA_14684,0,0,0,0,0,0,0,0,0,0,0,0,0,0.0,0.0,0.0,0.0,0.0,0.0,0.0
gRNA_14685,0,0,0,0,0,0,0,0,0,0,0,0,0,0.0,0.0,0.0,0.0,0.0,0.0,0.0
gRNA_14686,0,0,0,0,0,0,0,0,0,0,0,0,0,0.0,0.0,0.0,0.0,0.0,0.0,0.0
gRNA_14687,0,0,0,0,0,0,0,0,0,0,0,0,0,0.0,0.0,0.0,0.0,0.0,0.0,0.0
gRNA_14688,0,0,0,0,0,0,0,0,0,0,0,0,0,0.0,0.0,0.0,0.0,0.0,0.0,0.0
gRNA_14689,0,0,0,0,0,0,0,0,0,0,0,0,0,0.0,0.0,0.0,0.0,0.0,0.0,0.0
gRNA_1469,656,0,656,656,0,0,281,0,0,375,0,375,0,0.0,0.0,42.83536585365854,57.16463414634146,0.0,57.16463414634146,0.0
gRNA_14690,0,0,0,0,0,0,0,0,0,0,0,0,0,0.0,0.0,0.0,0.0,0.0,0.0,0.0
gRNA_14691,0,0,0,0,0,0,0,0,0,0,0,0,0,0.0,0.0,0.0,0.0,0.0,0.0,0.0
gRNA_14692,0,0,0,0,0,0,0,0,0,0,0,0,0,0.0,0.0,0.0,0.0,0.0,0.0,0.0
gRNA_14693,0,0,0,0,0,0,0,0,0,0,0,0,0,0.0,0.0,0.0,0.0,0.0,0.0,0.0
gRNA_14694,0,0,0,0,0,0,0,0,0,0,0,0,0,0.0,0.0,0.0,0.0,0.0,0.0,0.0
gRNA_14695,0,0,0,0,0,0,0,0,0,0,0,0,0,0.0,0.0,0.0,0.0,0.0,0.0,0.0
gRNA_14696,0,0,0,0,0,0,0,0,0,0,0,0,0,0.0,0.0,0.0,0.0,0.0,0.0,0.0
gRNA_14697,0,0,0,0,0,0,0,0,0,0,0,0,0,0.0,0.0,0.0,0.0,0.0,0.0,0.0
gRNA_14698,0,0,0,0,0,0,0,0,0,0,0,0,0,0.0,0.0,0.0,0.0,0.0,0.0,0.0
gRNA_14699,0,0,0,0,0,0,0,0,0,0,0,0,0,0.0,0.0,0.0,0.0,0.0,0.0,0.0
gRNA_14700,0,0,0,0,0,0,0,0,0,0,0,0,0,0.0,0.0,0.0,0.0,0.0,0.0,0.0
gRNA_14701,0,0,0,0,0,0,0,0,0,0,0,0,0,0.0,0.0,0.0,0.0,0.0,0.0,0.0
gRNA_14702,0,0,0,0,0,0,0,0,0,0,0,0,0,0.0,0.0,0.0,0.0,0.0,0.0,0.0
gRNA_14703,0,0,0,0,0,0,0,0,0,0,0,0,0,0.0,0.0,0.0,0.0,0.0,0.0,0.0
gRNA_14704,0,0,0,0,0,0,0,0,0,0,0,0,0,0.0,0.0,0.0,0.0,0.0,0.0,0.0
gRNA_14705,0,0,0,0,0,0,0,0,0,0,0,0,0,0.0,0.0,0.0,0.0,0.0,0.0,0.0
gRNA_14706,0,0,0,0,0,0,0,0,0,0,0,0,0,0.0,0.0,0.0,0.0,0.0,0.0,0.0
gRNA_14707,0,0,0,0,0,0,0,0,0,0,0,0,0,0.0,0.0,0.0,0.0,0.0,0.0,0.0
gRNA_14708,0,0,0,0,0,0,0,0,0,0,0,0,0,0.0,0.0,0.0,0.0,0.0,0.0,0.0
gRNA_14709,0,0,0,0,0,0,0,0,0,0,0,0,0,0.0,0.0,0.0,0.0,0.0,0.0,0.0
gRNA_14710,0,0,0,0,0,0,0,0,0,0,0,0,0,0.0,0.0,0.0,0.0,0.0,0.0,0.0
gRNA_14711,0,0,0,0,0,0,0,0,0,0,0,0,0,0.0,0.0,0.0,0.0,0.0,0.0,0.0
gRNA_14712,0,0,0,0,0,0,0,0,0,0,0,0,0,0.0,0.0,0.0,0.0,0.0,0.0,0.0
gRNA_14713,0,0,0,0,0,0,0,0,0,0,0,0,0,0.0,0.0,0.0,0.0,0.0,0.0,0.0
gRNA_14714,0,0,0,0,0,0,0,0,0,0,0,0,0,0.0,0.0,0.0,0.0,0.0,0.0,0.0
gRNA_14715,0,0,0,0,0,0,0,0,0,0,0,0,0,0.0,0.0,0.0,0.0,0.0,0.0,0.0
gRNA_14716,0,0,0,0,0,0,0,0,0,0,0,0,0,0.0,0.0,0.0,0.0,0.0,0.0,0.0
gRNA_14717,0,0,0,0,0,0,0,0,0,0,0,0,0,0.0,0.0,0.0,0.0,0.0,0.0,0.0
gRNA_14718,0,0,0,0,0,0,0,0,0,0,0,0,0,0.0,0.0,0.0,0.0,0.0,0.0,0.0
gRNA_14719,0,0,0,0,0,0,0,0,0,0,0,0,0,0.0,0.0,0.0,0.0,0.0,0.0,0.0
gRNA_14720,0,0,0,0,0,0,0,0,0,0,0,0,0,0.0,0.0,0.0,0.0,0.0,0.0,0.0
gRNA_14721,0,0,0,0,0,0,0,0,0,0,0,0,0,0.0,0.0,0.0,0.0,0.0,0.0,0.0
gRNA_14722,0,0,0,0,0,0,0,0,0,0,0,0,0,0.0,0.0,0.0,0.0,0.0,0.0,0.0
gRNA_14723,0,0,0,0,0,0,0,0,0,0,0,0,0,0.0,0.0,0.0,0.0,0.0,0.0,0.0
gRNA_14724,0,0,0,0,0,0,0,0,0,0,0,0,0,0.0,0.0,0.0,0.0,0.0,0.0,0.0
gRNA_14725,0,0,0,0,0,0,0,0,0,0,0,0,0,0.0,0.0,0.0,0.0,0.0,0.0,0.0
gRNA_14726,0,0,0,0,0,0,0,0,0,0,0,0,0,0.0,0.0,0.0,0.0,0.0,0.0,0.0
gRNA_14727,0,0,0,0,0,0,0,0,0,0,0,0,0,0.0,0.0,0.0,0.0,0.0,0.0,0.0
gRNA_14728,0,0,0,0,0,0,0,0,0,0,0,0,0,0.0,0.0,0.0,0.0,0.0,0.0,0.0
gRNA_14729,0,0,0,0,0,0,0,0,0,0,0,0,0,0.0,0.0,0.0,0.0,0.0,0.0,0.0
gRNA_1473,493,0,493,417,40,36,195,13,40,285,0,248,37,2.636916835699797,8.113590263691684,39.553752535496955,57.809330628803245,0.0,50.30425963488844,7.505070993914807
gRNA_14730,0,0,0,0,0,0,0,0,0,0,0,0,0,0.0,0.0,0.0,0.0,0.0,0.0,0.0
gRNA_14731,0,0,0,0,0,0,0,0,0,0,0,0,0,0.0,0.0,0.0,0.0,0.0,0.0,0.0
gRNA_14732,0,0,0,0,0,0,0,0,0,0,0,0,0,0.0,0.0,0.0,0.0,0.0,0.0,0.0
gRNA_14733,0,0,0,0,0,0,0,0,0,0,0,0,0,0.0,0.0,0.0,0.0,0.0,0.0,0.0
gRNA_14734,0,0,0,0,0,0,0,0,0,0,0,0,0,0.0,0.0,0.0,0.0,0.0,0.0,0.0
gRNA_14735,0,0,0,0,0,0,0,0,0,0,0,0,0,0.0,0.0,0.0,0.0,0.0,0.0,0.0
gRNA_14736,0,0,0,0,0,0,0,0,0,0,0,0,0,0.0,0.0,0.0,0.0,0.0,0.0,0.0
gRNA_14737,0,0,0,0,0,0,0,0,0,0,0,0,0,0.0,0.0,0.0,0.0,0.0,0.0,0.0
gRNA_14738,0,0,0,0,0,0,0,0,0,0,0,0,0,0.0,0.0,0.0,0.0,0.0,0.0,0.0
gRNA_14739,0,0,0,0,0,0,0,0,0,0,0,0,0,0.0,0.0,0.0,0.0,0.0,0.0,0.0
gRNA_14740,0,0,0,0,0,0,0,0,0,0,0,0,0,0.0,0.0,0.0,0.0,0.0,0.0,0.0
gRNA_14741,0,0,0,0,0,0,0,0,0,0,0,0,0,0.0,0.0,0.0,0.0,0.0,0.0,0.0
gRNA_14742,0,0,0,0,0,0,0,0,0,0,0,0,0,0.0,0.0,0.0,0.0,0.0,0.0,0.0
gRNA_14743,0,0,0,0,0,0,0,0,0,0,0,0,0,0.0,0.0,0.0,0.0,0.0,0.0,0.0
gRNA_14744,0,0,0,0,0,0,0,0,0,0,0,0,0,0.0,0.0,0.0,0.0,0.0,0.0,0.0
gRNA_14745,0,0,0,0,0,0,0,0,0,0,0,0,0,0.0,0.0,0.0,0.0,0.0,0.0,0.0
gRNA_14746,0,0,0,0,0,0,0,0,0,0,0,0,0,0.0,0.0,0.0,0.0,0.0,0.0,0.0
gRNA_14747,0,0,0,0,0,0,0,0,0,0,0,0,0,0.0,0.0,0.0,0.0,0.0,0.0,0.0
gRNA_14748,0,0,0,0,0,0,0,0,0,0,0,0,0,0.0,0.0,0.0,0.0,0.0,0.0,0.0
gRNA_14749,0,0,0,0,0,0,0,0,0,0,0,0,0,0.0,0.0,0.0,0.0,0.0,0.0,0.0
gRNA_14750,0,0,0,0,0,0,0,0,0,0,0,0,0,0.0,0.0,0.0,0.0,0.0,0.0,0.0
gRNA_14751,0,0,0,0,0,0,0,0,0,0,0,0,0,0.0,0.0,0.0,0.0,0.0,0.0,0.0
gRNA_14752,0,0,0,0,0,0,0,0,0,0,0,0,0,0.0,0.0,0.0,0.0,0.0,0.0,0.0
gRNA_14753,0,0,0,0,0,0,0,0,0,0,0,0,0,0.0,0.0,0.0,0.0,0.0,0.0,0.0
gRNA_14754,0,0,0,0,0,0,0,0,0,0,0,0,0,0.0,0.0,0.0,0.0,0.0,0.0,0.0
gRNA_14755,0,0,0,0,0,0,0,0,0,0,0,0,0,0.0,0.0,0.0,0.0,0.0,0.0,0.0
gRNA_14756,0,0,0,0,0,0,0,0,0,0,0,0,0,0.0,0.0,0.0,0.0,0.0,0.0,0.0
gRNA_14757,0,0,0,0,0,0,0,0,0,0,0,0,0,0.0,0.0,0.0,0.0,0.0,0.0,0.0
gRNA_14758,0,0,0,0,0,0,0,0,0,0,0,0,0,0.0,0.0,0.0,0.0,0.0,0.0,0.0
gRNA_14759,0,0,0,0,0,0,0,0,0,0,0,0,0,0.0,0.0,0.0,0.0,0.0,0.0,0.0
gRNA_14760,0,0,0,0,0,0,0,0,0,0,0,0,0,0.0,0.0,0.0,0.0,0.0,0.0,0.0
gRNA_14761,0,0,0,0,0,0,0,0,0,0,0,0,0,0.0,0.0,0.0,0.0,0.0,0.0,0.0
gRNA_14762,0,0,0,0,0,0,0,0,0,0,0,0,0,0.0,0.0,0.0,0.0,0.0,0.0,0.0
gRNA_14763,0,0,0,0,0,0,0,0,0,0,0,0,0,0.0,0.0,0.0,0.0,0.0,0.0,0.0
gRNA_14764,0,0,0,0,0,0,0,0,0,0,0,0,0,0.0,0.0,0.0,0.0,0.0,0.0,0.0
gRNA_14765,0,0,0,0,0,0,0,0,0,0,0,0,0,0.0,0.0,0.0,0.0,0.0,0.0,0.0
gRNA_14766,0,0,0,0,0,0,0,0,0,0,0,0,0,0.0,0.0,0.0,0.0,0.0,0.0,0.0
gRNA_14767,0,0,0,0,0,0,0,0,0,0,0,0,0,0.0,0.0,0.0,0.0,0.0,0.0,0.0
gRNA_14768,0,0,0,0,0,0,0,0,0,0,0,0,0,0.0,0.0,0.0,0.0,0.0,0.0,0.0
gRNA_14769,0,0,0,0,0,0,0,0,0,0,0,0,0,0.0,0.0,0.0,0.0,0.0,0.0,0.0
gRNA_14770,0,0,0,0,0,0,0,0,0,0,0,0,0,0.0,0.0,0.0,0.0,0.0,0.0,0.0
gRNA_14771,0,0,0,0,0,0,0,0,0,0,0,0,0,0.0,0.0,0.0,0.0,0.0,0.0,0.0
gRNA_14772,0,0,0,0,0,0,0,0,0,0,0,0,0,0.0,0.0,0.0,0.0,0.0,0.0,0.0
gRNA_14773,0,0,0,0,0,0,0,0,0,0,0,0,0,0.0,0.0,0.0,0.0,0.0,0.0,0.0
gRNA_14774,0,0,0,0,0,0,0,0,0,0,0,0,0,0.0,0.0,0.0,0.0,0.0,0.0,0.0
gRNA_14775,0,0,0,0,0,0,0,0,0,0,0,0,0,0.0,0.0,0.0,0.0,0.0,0.0,0.0
gRNA_14776,0,0,0,0,0,0,0,0,0,0,0,0,0,0.0,0.0,0.0,0.0,0.0,0.0,0.0
gRNA_14777,0,0,0,0,0,0,0,0,0,0,0,0,0,0.0,0.0,0.0,0.0,0.0,0.0,0.0
gRNA_14778,0,0,0,0,0,0,0,0,0,0,0,0,0,0.0,0.0,0.0,0.0,0.0,0.0,0.0
gRNA_14779,0,0,0,0,0,0,0,0,0,0,0,0,0,0.0,0.0,0.0,0.0,0.0,0.0,0.0
gRNA_14780,0,0,0,0,0,0,0,0,0,0,0,0,0,0.0,0.0,0.0,0.0,0.0,0.0,0.0
gRNA_14781,0,0,0,0,0,0,0,0,0,0,0,0,0,0.0,0.0,0.0,0.0,0.0,0.0,0.0
gRNA_14782,0,0,0,0,0,0,0,0,0,0,0,0,0,0.0,0.0,0.0,0.0,0.0,0.0,0.0
gRNA_14783,0,0,0,0,0,0,0,0,0,0,0,0,0,0.0,0.0,0.0,0.0,0.0,0.0,0.0
gRNA_14784,0,0,0,0,0,0,0,0,0,0,0,0,0,0.0,0.0,0.0,0.0,0.0,0.0,0.0
gRNA_14785,0,0,0,0,0,0,0,0,0,0,0,0,0,0.0,0.0,0.0,0.0,0.0,0.0,0.0
gRNA_14786,0,0,0,0,0,0,0,0,0,0,0,0,0,0.0,0.0,0.0,0.0,0.0,0.0,0.0
gRNA_14787,0,0,0,0,0,0,0,0,0,0,0,0,0,0.0,0.0,0.0,0.0,0.0,0.0,0.0
gRNA_14788,0,0,0,0,0,0,0,0,0,0,0,0,0,0.0,0.0,0.0,0.0,0.0,0.0,0.0
gRNA_14789,0,0,0,0,0,0,0,0,0,0,0,0,0,0.0,0.0,0.0,0.0,0.0,0.0,0.0
gRNA_14790,0,0,0,0,0,0,0,0,0,0,0,0,0,0.0,0.0,0.0,0.0,0.0,0.0,0.0
gRNA_14791,0,0,0,0,0,0,0,0,0,0,0,0,0,0.0,0.0,0.0,0.0,0.0,0.0,0.0
gRNA_14792,0,0,0,0,0,0,0,0,0,0,0,0,0,0.0,0.0,0.0,0.0,0.0,0.0,0.0
gRNA_14793,0,0,0,0,0,0,0,0,0,0,0,0,0,0.0,0.0,0.0,0.0,0.0,0.0,0.0
gRNA_14794,0,0,0,0,0,0,0,0,0,0,0,0,0,0.0,0.0,0.0,0.0,0.0,0.0,0.0
gRNA_14795,0,0,0,0,0,0,0,0,0,0,0,0,0,0.0,0.0,0.0,0.0,0.0,0.0,0.0
gRNA_14796,0,0,0,0,0,0,0,0,0,0,0,0,0,0.0,0.0,0.0,0.0,0.0,0.0,0.0
gRNA_14797,0,0,0,0,0,0,0,0,0,0,0,0,0,0.0,0.0,0.0,0.0,0.0,0.0,0.0
gRNA_14798,0,0,0,0,0,0,0,0,0,0,0,0,0,0.0,0.0,0.0,0.0,0.0,0.0,0.0
gRNA_14799,0,0,0,0,0,0,0,0,0,0,0,0,0,0.0,0.0,0.0,0.0,0.0,0.0,0.0
gRNA_14800,0,0,0,0,0,0,0,0,0,0,0,0,0,0.0,0.0,0.0,0.0,0.0,0.0,0.0
gRNA_14801,0,0,0,0,0,0,0,0,0,0,0,0,0,0.0,0.0,0.0,0.0,0.0,0.0,0.0
gRNA_14802,0,0,0,0,0,0,0,0,0,0,0,0,0,0.0,0.0,0.0,0.0,0.0,0.0,0.0
gRNA_14803,0,0,0,0,0,0,0,0,0,0,0,0,0,0.0,0.0,0.0,0.0,0.0,0.0,0.0
gRNA_14804,0,0,0,0,0,0,0,0,0,0,0,0,0,0.0,0.0,0.0,0.0,0.0,0.0,0.0
gRNA_14805,0,0,0,0,0,0,0,0,0,0,0,0,0,0.0,0.0,0.0,0.0,0.0,0.0,0.0
gRNA_14806,0,0,0,0,0,0,0,0,0,0,0,0,0,0.0,0.0,0.0,0.0,0.0,0.0,0.0
gRNA_14807,0,0,0,0,0,0,0,0,0,0,0,0,0,0.0,0.0,0.0,0.0,0.0,0.0,0.0
gRNA_14808,0,0,0,0,0,0,0,0,0,0,0,0,0,0.0,0.0,0.0,0.0,0.0,0.0,0.0
gRNA_14809,0,0,0,0,0,0,0,0,0,0,0,0,0,0.0,0.0,0.0,0.0,0.0,0.0,0.0
gRNA_1481,4808,0,4808,4788,9,11,4252,4,9,552,0,541,11,0.08319467554076539,0.18718801996672213,88.43594009983362,11.480865224625624,0.0,11.252079866888518,0.22878535773710482
gRNA_14810,0,0,0,0,0,0,0,0,0,0,0,0,0,0.0,0.0,0.0,0.0,0.0,0.0,0.0
gRNA_14811,0,0,0,0,0,0,0,0,0,0,0,0,0,0.0,0.0,0.0,0.0,0.0,0.0,0.0
gRNA_14812,0,0,0,0,0,0,0,0,0,0,0,0,0,0.0,0.0,0.0,0.0,0.0,0.0,0.0
gRNA_14813,0,0,0,0,0,0,0,0,0,0,0,0,0,0.0,0.0,0.0,0.0,0.0,0.0,0.0
gRNA_14814,0,0,0,0,0,0,0,0,0,0,0,0,0,0.0,0.0,0.0,0.0,0.0,0.0,0.0
gRNA_14815,0,0,0,0,0,0,0,0,0,0,0,0,0,0.0,0.0,0.0,0.0,0.0,0.0,0.0
gRNA_14816,0,0,0,0,0,0,0,0,0,0,0,0,0,0.0,0.0,0.0,0.0,0.0,0.0,0.0
gRNA_14817,0,0,0,0,0,0,0,0,0,0,0,0,0,0.0,0.0,0.0,0.0,0.0,0.0,0.0
gRNA_14818,0,0,0,0,0,0,0,0,0,0,0,0,0,0.0,0.0,0.0,0.0,0.0,0.0,0.0
gRNA_14819,0,0,0,0,0,0,0,0,0,0,0,0,0,0.0,0.0,0.0,0.0,0.0,0.0,0.0
gRNA_1482,2136,0,2136,1864,146,126,1697,111,146,328,0,202,126,5.196629213483146,6.835205992509363,79.44756554307116,15.355805243445692,0.0,9.456928838951312,5.898876404494382
gRNA_14820,0,0,0,0,0,0,0,0,0,0,0,0,0,0.0,0.0,0.0,0.0,0.0,0.0,0.0
gRNA_14821,0,0,0,0,0,0,0,0,0,0,0,0,0,0.0,0.0,0.0,0.0,0.0,0.0,0.0
gRNA_14822,0,0,0,0,0,0,0,0,0,0,0,0,0,0.0,0.0,0.0,0.0,0.0,0.0,0.0
gRNA_14823,0,0,0,0,0,0,0,0,0,0,0,0,0,0.0,0.0,0.0,0.0,0.0,0.0,0.0
gRNA_14824,0,0,0,0,0,0,0,0,0,0,0,0,0,0.0,0.0,0.0,0.0,0.0,0.0,0.0
gRNA_14825,0,0,0,0,0,0,0,0,0,0,0,0,0,0.0,0.0,0.0,0.0,0.0,0.0,0.0
gRNA_14826,0,0,0,0,0,0,0,0,0,0,0,0,0,0.0,0.0,0.0,0.0,0.0,0.0,0.0
gRNA_14827,0,0,0,0,0,0,0,0,0,0,0,0,0,0.0,0.0,0.0,0.0,0.0,0.0,0.0
gRNA_14828,0,0,0,0,0,0,0,0,0,0,0,0,0,0.0,0.0,0.0,0.0,0.0,0.0,0.0
gRNA_14829,0,0,0,0,0,0,0,0,0,0,0,0,0,0.0,0.0,0.0,0.0,0.0,0.0,0.0
gRNA_14830,0,0,0,0,0,0,0,0,0,0,0,0,0,0.0,0.0,0.0,0.0,0.0,0.0,0.0
gRNA_14831,0,0,0,0,0,0,0,0,0,0,0,0,0,0.0,0.0,0.0,0.0,0.0,0.0,0.0
gRNA_14832,0,0,0,0,0,0,0,0,0,0,0,0,0,0.0,0.0,0.0,0.0,0.0,0.0,0.0
gRNA_14833,0,0,0,0,0,0,0,0,0,0,0,0,0,0.0,0.0,0.0,0.0,0.0,0.0,0.0
gRNA_14834,0,0,0,0,0,0,0,0,0,0,0,0,0,0.0,0.0,0.0,0.0,0.0,0.0,0.0
gRNA_14835,0,0,0,0,0,0,0,0,0,0,0,0,0,0.0,0.0,0.0,0.0,0.0,0.0,0.0
gRNA_14836,0,0,0,0,0,0,0,0,0,0,0,0,0,0.0,0.0,0.0,0.0,0.0,0.0,0.0
gRNA_14837,0,0,0,0,0,0,0,0,0,0,0,0,0,0.0,0.0,0.0,0.0,0.0,0.0,0.0
gRNA_14838,0,0,0,0,0,0,0,0,0,0,0,0,0,0.0,0.0,0.0,0.0,0.0,0.0,0.0
gRNA_14839,0,0,0,0,0,0,0,0,0,0,0,0,0,0.0,0.0,0.0,0.0,0.0,0.0,0.0
gRNA_14840,0,0,0,0,0,0,0,0,0,0,0,0,0,0.0,0.0,0.0,0.0,0.0,0.0,0.0
gRNA_14841,0,0,0,0,0,0,0,0,0,0,0,0,0,0.0,0.0,0.0,0.0,0.0,0.0,0.0
gRNA_14842,0,0,0,0,0,0,0,0,0,0,0,0,0,0.0,0.0,0.0,0.0,0.0,0.0,0.0
gRNA_14843,0,0,0,0,0,0,0,0,0,0,0,0,0,0.0,0.0,0.0,0.0,0.0,0.0,0.0
gRNA_14844,0,0,0,0,0,0,0,0,0,0,0,0,0,0.0,0.0,0.0,0.0,0.0,0.0,0.0
gRNA_14845,0,0,0,0,0,0,0,0,0,0,0,0,0,0.0,0.0,0.0,0.0,0.0,0.0,0.0
gRNA_14846,0,0,0,0,0,0,0,0,0,0,0,0,0,0.0,0.0,0.0,0.0,0.0,0.0,0.0
gRNA_14847,0,0,0,0,0,0,0,0,0,0,0,0,0,0.0,0.0,0.0,0.0,0.0,0.0,0.0
gRNA_14848,0,0,0,0,0,0,0,0,0,0,0,0,0,0.0,0.0,0.0,0.0,0.0,0.0,0.0
gRNA_14849,0,0,0,0,0,0,0,0,0,0,0,0,0,0.0,0.0,0.0,0.0,0.0,0.0,0.0
gRNA_14850,0,0,0,0,0,0,0,0,0,0,0,0,0,0.0,0.0,0.0,0.0,0.0,0.0,0.0
gRNA_14851,0,0,0,0,0,0,0,0,0,0,0,0,0,0.0,0.0,0.0,0.0,0.0,0.0,0.0
gRNA_14852,0,0,0,0,0,0,0,0,0,0,0,0,0,0.0,0.0,0.0,0.0,0.0,0.0,0.0
gRNA_14853,0,0,0,0,0,0,0,0,0,0,0,0,0,0.0,0.0,0.0,0.0,0.0,0.0,0.0
gRNA_14854,0,0,0,0,0,0,0,0,0,0,0,0,0,0.0,0.0,0.0,0.0,0.0,0.0,0.0
gRNA_14855,0,0,0,0,0,0,0,0,0,0,0,0,0,0.0,0.0,0.0,0.0,0.0,0.0,0.0
gRNA_14856,0,0,0,0,0,0,0,0,0,0,0,0,0,0.0,0.0,0.0,0.0,0.0,0.0,0.0
gRNA_14857,0,0,0,0,0,0,0,0,0,0,0,0,0,0.0,0.0,0.0,0.0,0.0,0.0,0.0
gRNA_14858,0,0,0,0,0,0,0,0,0,0,0,0,0,0.0,0.0,0.0,0.0,0.0,0.0,0.0
gRNA_14859,0,0,0,0,0,0,0,0,0,0,0,0,0,0.0,0.0,0.0,0.0,0.0,0.0,0.0
gRNA_1486,5593,3,5590,5473,3,114,5428,3,3,159,0,45,114,0.05366726296958855,0.05366726296958855,97.10196779964222,2.8443649373881934,0.0,0.8050089445438283,2.039355992844365
gRNA_14860,0,0,0,0,0,0,0,0,0,0,0,0,0,0.0,0.0,0.0,0.0,0.0,0.0,0.0
gRNA_14861,0,0,0,0,0,0,0,0,0,0,0,0,0,0.0,0.0,0.0,0.0,0.0,0.0,0.0
gRNA_14862,0,0,0,0,0,0,0,0,0,0,0,0,0,0.0,0.0,0.0,0.0,0.0,0.0,0.0
gRNA_14863,0,0,0,0,0,0,0,0,0,0,0,0,0,0.0,0.0,0.0,0.0,0.0,0.0,0.0
gRNA_14864,0,0,0,0,0,0,0,0,0,0,0,0,0,0.0,0.0,0.0,0.0,0.0,0.0,0.0
gRNA_14865,0,0,0,0,0,0,0,0,0,0,0,0,0,0.0,0.0,0.0,0.0,0.0,0.0,0.0
gRNA_14866,0,0,0,0,0,0,0,0,0,0,0,0,0,0.0,0.0,0.0,0.0,0.0,0.0,0.0
gRNA_14867,0,0,0,0,0,0,0,0,0,0,0,0,0,0.0,0.0,0.0,0.0,0.0,0.0,0.0
gRNA_14868,0,0,0,0,0,0,0,0,0,0,0,0,0,0.0,0.0,0.0,0.0,0.0,0.0,0.0
gRNA_14869,0,0,0,0,0,0,0,0,0,0,0,0,0,0.0,0.0,0.0,0.0,0.0,0.0,0.0
gRNA_14870,0,0,0,0,0,0,0,0,0,0,0,0,0,0.0,0.0,0.0,0.0,0.0,0.0,0.0
gRNA_14871,0,0,0,0,0,0,0,0,0,0,0,0,0,0.0,0.0,0.0,0.0,0.0,0.0,0.0
gRNA_14872,0,0,0,0,0,0,0,0,0,0,0,0,0,0.0,0.0,0.0,0.0,0.0,0.0,0.0
gRNA_14873,0,0,0,0,0,0,0,0,0,0,0,0,0,0.0,0.0,0.0,0.0,0.0,0.0,0.0
gRNA_14874,0,0,0,0,0,0,0,0,0,0,0,0,0,0.0,0.0,0.0,0.0,0.0,0.0,0.0
gRNA_14875,0,0,0,0,0,0,0,0,0,0,0,0,0,0.0,0.0,0.0,0.0,0.0,0.0,0.0
gRNA_14876,0,0,0,0,0,0,0,0,0,0,0,0,0,0.0,0.0,0.0,0.0,0.0,0.0,0.0
gRNA_14877,0,0,0,0,0,0,0,0,0,0,0,0,0,0.0,0.0,0.0,0.0,0.0,0.0,0.0
gRNA_14878,0,0,0,0,0,0,0,0,0,0,0,0,0,0.0,0.0,0.0,0.0,0.0,0.0,0.0
gRNA_14879,0,0,0,0,0,0,0,0,0,0,0,0,0,0.0,0.0,0.0,0.0,0.0,0.0,0.0
gRNA_14880,0,0,0,0,0,0,0,0,0,0,0,0,0,0.0,0.0,0.0,0.0,0.0,0.0,0.0
gRNA_14881,0,0,0,0,0,0,0,0,0,0,0,0,0,0.0,0.0,0.0,0.0,0.0,0.0,0.0
gRNA_14882,0,0,0,0,0,0,0,0,0,0,0,0,0,0.0,0.0,0.0,0.0,0.0,0.0,0.0
gRNA_14883,0,0,0,0,0,0,0,0,0,0,0,0,0,0.0,0.0,0.0,0.0,0.0,0.0,0.0
gRNA_14884,0,0,0,0,0,0,0,0,0,0,0,0,0,0.0,0.0,0.0,0.0,0.0,0.0,0.0
gRNA_14885,0,0,0,0,0,0,0,0,0,0,0,0,0,0.0,0.0,0.0,0.0,0.0,0.0,0.0
gRNA_14886,0,0,0,0,0,0,0,0,0,0,0,0,0,0.0,0.0,0.0,0.0,0.0,0.0,0.0
gRNA_14887,0,0,0,0,0,0,0,0,0,0,0,0,0,0.0,0.0,0.0,0.0,0.0,0.0,0.0
gRNA_14888,0,0,0,0,0,0,0,0,0,0,0,0,0,0.0,0.0,0.0,0.0,0.0,0.0,0.0
gRNA_14889,0,0,0,0,0,0,0,0,0,0,0,0,0,0.0,0.0,0.0,0.0,0.0,0.0,0.0
gRNA_14890,0,0,0,0,0,0,0,0,0,0,0,0,0,0.0,0.0,0.0,0.0,0.0,0.0,0.0
gRNA_14891,0,0,0,0,0,0,0,0,0,0,0,0,0,0.0,0.0,0.0,0.0,0.0,0.0,0.0
gRNA_14892,0,0,0,0,0,0,0,0,0,0,0,0,0,0.0,0.0,0.0,0.0,0.0,0.0,0.0
gRNA_14893,0,0,0,0,0,0,0,0,0,0,0,0,0,0.0,0.0,0.0,0.0,0.0,0.0,0.0
gRNA_14894,0,0,0,0,0,0,0,0,0,0,0,0,0,0.0,0.0,0.0,0.0,0.0,0.0,0.0
gRNA_14895,0,0,0,0,0,0,0,0,0,0,0,0,0,0.0,0.0,0.0,0.0,0.0,0.0,0.0
gRNA_14896,0,0,0,0,0,0,0,0,0,0,0,0,0,0.0,0.0,0.0,0.0,0.0,0.0,0.0
gRNA_14897,0,0,0,0,0,0,0,0,0,0,0,0,0,0.0,0.0,0.0,0.0,0.0,0.0,0.0
gRNA_14898,0,0,0,0,0,0,0,0,0,0,0,0,0,0.0,0.0,0.0,0.0,0.0,0.0,0.0
gRNA_14899,0,0,0,0,0,0,0,0,0,0,0,0,0,0.0,0.0,0.0,0.0,0.0,0.0,0.0
gRNA_14900,0,0,0,0,0,0,0,0,0,0,0,0,0,0.0,0.0,0.0,0.0,0.0,0.0,0.0
gRNA_14901,0,0,0,0,0,0,0,0,0,0,0,0,0,0.0,0.0,0.0,0.0,0.0,0.0,0.0
gRNA_14902,0,0,0,0,0,0,0,0,0,0,0,0,0,0.0,0.0,0.0,0.0,0.0,0.0,0.0
gRNA_14903,0,0,0,0,0,0,0,0,0,0,0,0,0,0.0,0.0,0.0,0.0,0.0,0.0,0.0
gRNA_14904,0,0,0,0,0,0,0,0,0,0,0,0,0,0.0,0.0,0.0,0.0,0.0,0.0,0.0
gRNA_14905,0,0,0,0,0,0,0,0,0,0,0,0,0,0.0,0.0,0.0,0.0,0.0,0.0,0.0
gRNA_14906,0,0,0,0,0,0,0,0,0,0,0,0,0,0.0,0.0,0.0,0.0,0.0,0.0,0.0
gRNA_14907,0,0,0,0,0,0,0,0,0,0,0,0,0,0.0,0.0,0.0,0.0,0.0,0.0,0.0
gRNA_14908,0,0,0,0,0,0,0,0,0,0,0,0,0,0.0,0.0,0.0,0.0,0.0,0.0,0.0
gRNA_14909,0,0,0,0,0,0,0,0,0,0,0,0,0,0.0,0.0,0.0,0.0,0.0,0.0,0.0
gRNA_14910,0,0,0,0,0,0,0,0,0,0,0,0,0,0.0,0.0,0.0,0.0,0.0,0.0,0.0
gRNA_14911,0,0,0,0,0,0,0,0,0,0,0,0,0,0.0,0.0,0.0,0.0,0.0,0.0,0.0
gRNA_14912,0,0,0,0,0,0,0,0,0,0,0,0,0,0.0,0.0,0.0,0.0,0.0,0.0,0.0
gRNA_14913,0,0,0,0,0,0,0,0,0,0,0,0,0,0.0,0.0,0.0,0.0,0.0,0.0,0.0
gRNA_14914,0,0,0,0,0,0,0,0,0,0,0,0,0,0.0,0.0,0.0,0.0,0.0,0.0,0.0
gRNA_14915,0,0,0,0,0,0,0,0,0,0,0,0,0,0.0,0.0,0.0,0.0,0.0,0.0,0.0
gRNA_14916,0,0,0,0,0,0,0,0,0,0,0,0,0,0.0,0.0,0.0,0.0,0.0,0.0,0.0
gRNA_14917,0,0,0,0,0,0,0,0,0,0,0,0,0,0.0,0.0,0.0,0.0,0.0,0.0,0.0
gRNA_14918,0,0,0,0,0,0,0,0,0,0,0,0,0,0.0,0.0,0.0,0.0,0.0,0.0,0.0
gRNA_14919,0,0,0,0,0,0,0,0,0,0,0,0,0,0.0,0.0,0.0,0.0,0.0,0.0,0.0
gRNA_14920,0,0,0,0,0,0,0,0,0,0,0,0,0,0.0,0.0,0.0,0.0,0.0,0.0,0.0
gRNA_14921,0,0,0,0,0,0,0,0,0,0,0,0,0,0.0,0.0,0.0,0.0,0.0,0.0,0.0
gRNA_14922,0,0,0,0,0,0,0,0,0,0,0,0,0,0.0,0.0,0.0,0.0,0.0,0.0,0.0
gRNA_14923,0,0,0,0,0,0,0,0,0,0,0,0,0,0.0,0.0,0.0,0.0,0.0,0.0,0.0
gRNA_14924,0,0,0,0,0,0,0,0,0,0,0,0,0,0.0,0.0,0.0,0.0,0.0,0.0,0.0
gRNA_14925,0,0,0,0,0,0,0,0,0,0,0,0,0,0.0,0.0,0.0,0.0,0.0,0.0,0.0
gRNA_14926,0,0,0,0,0,0,0,0,0,0,0,0,0,0.0,0.0,0.0,0.0,0.0,0.0,0.0
gRNA_14927,0,0,0,0,0,0,0,0,0,0,0,0,0,0.0,0.0,0.0,0.0,0.0,0.0,0.0
gRNA_14928,0,0,0,0,0,0,0,0,0,0,0,0,0,0.0,0.0,0.0,0.0,0.0,0.0,0.0
gRNA_14929,0,0,0,0,0,0,0,0,0,0,0,0,0,0.0,0.0,0.0,0.0,0.0,0.0,0.0
gRNA_14930,0,0,0,0,0,0,0,0,0,0,0,0,0,0.0,0.0,0.0,0.0,0.0,0.0,0.0
gRNA_14931,0,0,0,0,0,0,0,0,0,0,0,0,0,0.0,0.0,0.0,0.0,0.0,0.0,0.0
gRNA_14932,0,0,0,0,0,0,0,0,0,0,0,0,0,0.0,0.0,0.0,0.0,0.0,0.0,0.0
gRNA_14933,0,0,0,0,0,0,0,0,0,0,0,0,0,0.0,0.0,0.0,0.0,0.0,0.0,0.0
gRNA_14934,0,0,0,0,0,0,0,0,0,0,0,0,0,0.0,0.0,0.0,0.0,0.0,0.0,0.0
gRNA_14935,0,0,0,0,0,0,0,0,0,0,0,0,0,0.0,0.0,0.0,0.0,0.0,0.0,0.0
gRNA_14936,0,0,0,0,0,0,0,0,0,0,0,0,0,0.0,0.0,0.0,0.0,0.0,0.0,0.0
gRNA_14937,0,0,0,0,0,0,0,0,0,0,0,0,0,0.0,0.0,0.0,0.0,0.0,0.0,0.0
gRNA_14938,0,0,0,0,0,0,0,0,0,0,0,0,0,0.0,0.0,0.0,0.0,0.0,0.0,0.0
gRNA_14939,0,0,0,0,0,0,0,0,0,0,0,0,0,0.0,0.0,0.0,0.0,0.0,0.0,0.0
gRNA_14940,0,0,0,0,0,0,0,0,0,0,0,0,0,0.0,0.0,0.0,0.0,0.0,0.0,0.0
gRNA_14941,0,0,0,0,0,0,0,0,0,0,0,0,0,0.0,0.0,0.0,0.0,0.0,0.0,0.0
gRNA_14942,0,0,0,0,0,0,0,0,0,0,0,0,0,0.0,0.0,0.0,0.0,0.0,0.0,0.0
gRNA_14943,0,0,0,0,0,0,0,0,0,0,0,0,0,0.0,0.0,0.0,0.0,0.0,0.0,0.0
gRNA_14944,0,0,0,0,0,0,0,0,0,0,0,0,0,0.0,0.0,0.0,0.0,0.0,0.0,0.0
gRNA_14945,0,0,0,0,0,0,0,0,0,0,0,0,0,0.0,0.0,0.0,0.0,0.0,0.0,0.0
gRNA_14946,0,0,0,0,0,0,0,0,0,0,0,0,0,0.0,0.0,0.0,0.0,0.0,0.0,0.0
gRNA_14947,0,0,0,0,0,0,0,0,0,0,0,0,0,0.0,0.0,0.0,0.0,0.0,0.0,0.0
gRNA_14948,0,0,0,0,0,0,0,0,0,0,0,0,0,0.0,0.0,0.0,0.0,0.0,0.0,0.0
gRNA_14949,0,0,0,0,0,0,0,0,0,0,0,0,0,0.0,0.0,0.0,0.0,0.0,0.0,0.0
gRNA_14950,0,0,0,0,0,0,0,0,0,0,0,0,0,0.0,0.0,0.0,0.0,0.0,0.0,0.0
gRNA_14951,0,0,0,0,0,0,0,0,0,0,0,0,0,0.0,0.0,0.0,0.0,0.0,0.0,0.0
gRNA_14952,0,0,0,0,0,0,0,0,0,0,0,0,0,0.0,0.0,0.0,0.0,0.0,0.0,0.0
gRNA_14953,0,0,0,0,0,0,0,0,0,0,0,0,0,0.0,0.0,0.0,0.0,0.0,0.0,0.0
gRNA_14954,0,0,0,0,0,0,0,0,0,0,0,0,0,0.0,0.0,0.0,0.0,0.0,0.0,0.0
gRNA_14955,0,0,0,0,0,0,0,0,0,0,0,0,0,0.0,0.0,0.0,0.0,0.0,0.0,0.0
gRNA_14956,0,0,0,0,0,0,0,0,0,0,0,0,0,0.0,0.0,0.0,0.0,0.0,0.0,0.0
gRNA_14957,0,0,0,0,0,0,0,0,0,0,0,0,0,0.0,0.0,0.0,0.0,0.0,0.0,0.0
gRNA_14958,0,0,0,0,0,0,0,0,0,0,0,0,0,0.0,0.0,0.0,0.0,0.0,0.0,0.0
gRNA_14959,0,0,0,0,0,0,0,0,0,0,0,0,0,0.0,0.0,0.0,0.0,0.0,0.0,0.0
gRNA_14960,0,0,0,0,0,0,0,0,0,0,0,0,0,0.0,0.0,0.0,0.0,0.0,0.0,0.0
gRNA_14961,0,0,0,0,0,0,0,0,0,0,0,0,0,0.0,0.0,0.0,0.0,0.0,0.0,0.0
gRNA_14962,0,0,0,0,0,0,0,0,0,0,0,0,0,0.0,0.0,0.0,0.0,0.0,0.0,0.0
gRNA_14963,0,0,0,0,0,0,0,0,0,0,0,0,0,0.0,0.0,0.0,0.0,0.0,0.0,0.0
gRNA_14964,0,0,0,0,0,0,0,0,0,0,0,0,0,0.0,0.0,0.0,0.0,0.0,0.0,0.0
gRNA_14965,0,0,0,0,0,0,0,0,0,0,0,0,0,0.0,0.0,0.0,0.0,0.0,0.0,0.0
gRNA_14966,0,0,0,0,0,0,0,0,0,0,0,0,0,0.0,0.0,0.0,0.0,0.0,0.0,0.0
gRNA_14967,0,0,0,0,0,0,0,0,0,0,0,0,0,0.0,0.0,0.0,0.0,0.0,0.0,0.0
gRNA_14968,0,0,0,0,0,0,0,0,0,0,0,0,0,0.0,0.0,0.0,0.0,0.0,0.0,0.0
gRNA_14969,0,0,0,0,0,0,0,0,0,0,0,0,0,0.0,0.0,0.0,0.0,0.0,0.0,0.0
gRNA_1497,11857,0,11857,9634,845,1378,9552,820,845,1485,0,107,1378,6.915745972843046,7.126591886649237,80.56000674706924,12.524247280087712,0.0,0.902420511090495,11.621826768997217
gRNA_14970,0,0,0,0,0,0,0,0,0,0,0,0,0,0.0,0.0,0.0,0.0,0.0,0.0,0.0
gRNA_14971,0,0,0,0,0,0,0,0,0,0,0,0,0,0.0,0.0,0.0,0.0,0.0,0.0,0.0
gRNA_14972,0,0,0,0,0,0,0,0,0,0,0,0,0,0.0,0.0,0.0,0.0,0.0,0.0,0.0
gRNA_14973,0,0,0,0,0,0,0,0,0,0,0,0,0,0.0,0.0,0.0,0.0,0.0,0.0,0.0
gRNA_14974,0,0,0,0,0,0,0,0,0,0,0,0,0,0.0,0.0,0.0,0.0,0.0,0.0,0.0
gRNA_14975,0,0,0,0,0,0,0,0,0,0,0,0,0,0.0,0.0,0.0,0.0,0.0,0.0,0.0
gRNA_14976,0,0,0,0,0,0,0,0,0,0,0,0,0,0.0,0.0,0.0,0.0,0.0,0.0,0.0
gRNA_14977,0,0,0,0,0,0,0,0,0,0,0,0,0,0.0,0.0,0.0,0.0,0.0,0.0,0.0
gRNA_14978,0,0,0,0,0,0,0,0,0,0,0,0,0,0.0,0.0,0.0,0.0,0.0,0.0,0.0
gRNA_14979,0,0,0,0,0,0,0,0,0,0,0,0,0,0.0,0.0,0.0,0.0,0.0,0.0,0.0
gRNA_14980,0,0,0,0,0,0,0,0,0,0,0,0,0,0.0,0.0,0.0,0.0,0.0,0.0,0.0
gRNA_14981,0,0,0,0,0,0,0,0,0,0,0,0,0,0.0,0.0,0.0,0.0,0.0,0.0,0.0
gRNA_14982,0,0,0,0,0,0,0,0,0,0,0,0,0,0.0,0.0,0.0,0.0,0.0,0.0,0.0
gRNA_14983,0,0,0,0,0,0,0,0,0,0,0,0,0,0.0,0.0,0.0,0.0,0.0,0.0,0.0
gRNA_14984,0,0,0,0,0,0,0,0,0,0,0,0,0,0.0,0.0,0.0,0.0,0.0,0.0,0.0
gRNA_14985,0,0,0,0,0,0,0,0,0,0,0,0,0,0.0,0.0,0.0,0.0,0.0,0.0,0.0
gRNA_14986,0,0,0,0,0,0,0,0,0,0,0,0,0,0.0,0.0,0.0,0.0,0.0,0.0,0.0
gRNA_14987,0,0,0,0,0,0,0,0,0,0,0,0,0,0.0,0.0,0.0,0.0,0.0,0.0,0.0
gRNA_14988,0,0,0,0,0,0,0,0,0,0,0,0,0,0.0,0.0,0.0,0.0,0.0,0.0,0.0
gRNA_14989,0,0,0,0,0,0,0,0,0,0,0,0,0,0.0,0.0,0.0,0.0,0.0,0.0,0.0
gRNA_14990,0,0,0,0,0,0,0,0,0,0,0,0,0,0.0,0.0,0.0,0.0,0.0,0.0,0.0
gRNA_14991,0,0,0,0,0,0,0,0,0,0,0,0,0,0.0,0.0,0.0,0.0,0.0,0.0,0.0
gRNA_14992,0,0,0,0,0,0,0,0,0,0,0,0,0,0.0,0.0,0.0,0.0,0.0,0.0,0.0
gRNA_14993,0,0,0,0,0,0,0,0,0,0,0,0,0,0.0,0.0,0.0,0.0,0.0,0.0,0.0
gRNA_14994,0,0,0,0,0,0,0,0,0,0,0,0,0,0.0,0.0,0.0,0.0,0.0,0.0,0.0
gRNA_14995,0,0,0,0,0,0,0,0,0,0,0,0,0,0.0,0.0,0.0,0.0,0.0,0.0,0.0
gRNA_14996,0,0,0,0,0,0,0,0,0,0,0,0,0,0.0,0.0,0.0,0.0,0.0,0.0,0.0
gRNA_14997,0,0,0,0,0,0,0,0,0,0,0,0,0,0.0,0.0,0.0,0.0,0.0,0.0,0.0
gRNA_14998,0,0,0,0,0,0,0,0,0,0,0,0,0,0.0,0.0,0.0,0.0,0.0,0.0,0.0
gRNA_14999,0,0,0,0,0,0,0,0,0,0,0,0,0,0.0,0.0,0.0,0.0,0.0,0.0,0.0
gRNA_15000,0,0,0,0,0,0,0,0,0,0,0,0,0,0.0,0.0,0.0,0.0,0.0,0.0,0.0
gRNA_15001,0,0,0,0,0,0,0,0,0,0,0,0,0,0.0,0.0,0.0,0.0,0.0,0.0,0.0
gRNA_15002,0,0,0,0,0,0,0,0,0,0,0,0,0,0.0,0.0,0.0,0.0,0.0,0.0,0.0
gRNA_15003,0,0,0,0,0,0,0,0,0,0,0,0,0,0.0,0.0,0.0,0.0,0.0,0.0,0.0
gRNA_15004,0,0,0,0,0,0,0,0,0,0,0,0,0,0.0,0.0,0.0,0.0,0.0,0.0,0.0
gRNA_15005,0,0,0,0,0,0,0,0,0,0,0,0,0,0.0,0.0,0.0,0.0,0.0,0.0,0.0
gRNA_15006,0,0,0,0,0,0,0,0,0,0,0,0,0,0.0,0.0,0.0,0.0,0.0,0.0,0.0
gRNA_15007,0,0,0,0,0,0,0,0,0,0,0,0,0,0.0,0.0,0.0,0.0,0.0,0.0,0.0
gRNA_15008,0,0,0,0,0,0,0,0,0,0,0,0,0,0.0,0.0,0.0,0.0,0.0,0.0,0.0
gRNA_15009,0,0,0,0,0,0,0,0,0,0,0,0,0,0.0,0.0,0.0,0.0,0.0,0.0,0.0
gRNA_15010,0,0,0,0,0,0,0,0,0,0,0,0,0,0.0,0.0,0.0,0.0,0.0,0.0,0.0
gRNA_15011,0,0,0,0,0,0,0,0,0,0,0,0,0,0.0,0.0,0.0,0.0,0.0,0.0,0.0
gRNA_1503,4072,0,4072,1344,786,1942,1244,721,786,2107,0,165,1942,17.706286836935167,19.30255402750491,30.55009823182711,51.74361493123772,0.0,4.052062868369352,47.69155206286837
gRNA_1506,3744,0,3744,2065,711,968,1814,565,711,1365,0,394,971,15.090811965811966,18.990384615384617,48.4508547008547,36.458333333333336,0.0,10.523504273504274,25.93482905982906
gRNA_1551,1,0,1,0,1,0,0,0,1,1,0,1,0,0.0,100.0,0.0,100.0,0.0,100.0,0.0
gRNA_1556,14623,0,14623,14616,7,0,10411,5,7,4207,0,4207,0,0.034192710114203655,0.04786979415988511,71.19606099979484,28.769746290090954,0.0,28.769746290090954,0.0
gRNA_1565,17,0,17,8,3,6,6,1,3,10,0,4,6,5.882352941176471,17.647058823529413,35.294117647058826,58.8235294117647,0.0,23.529411764705884,35.294117647058826
gRNA_1567,3010,0,3010,2488,293,229,1371,140,293,1499,0,1270,229,4.651162790697675,9.73421926910299,45.548172757475086,49.800664451827245,0.0,42.19269102990033,7.607973421926911
gRNA_1576,1114,0,1114,1112,1,1,495,0,1,619,0,618,1,0.0,0.08976660682226212,44.43447037701975,55.56552962298025,0.0,55.47576301615799,0.08976660682226212
gRNA_1580,14291,0,14291,12465,726,1100,10382,471,726,3438,0,2338,1100,3.295780561192359,5.080120355468477,72.64712056539081,24.057098873416837,0.0,16.35994681967672,7.697152053740116
gRNA_1726,0,0,0,0,0,0,0,0,0,0,0,0,0,0.0,0.0,0.0,0.0,0.0,0.0,0.0
gRNA_1891,9603,0,9603,9600,1,2,9514,0,1,89,0,87,2,0.0,0.010413412475268145,99.07320628970113,0.9267937102988649,0.0,0.9059668853483287,0.02082682495053629
gRNA_1899,7177,0,7177,6734,161,282,3351,32,161,3794,0,3512,282,0.44586874738748783,2.243277135293298,46.69081789048349,52.86331336212902,0.0,48.934095025776784,3.9292183363522364
gRNA_19,4408,0,4408,4407,1,0,4262,0,1,146,0,146,0,0.0,0.022686025408348458,96.68784029038113,3.3121597096188746,0.0,3.3121597096188746,0.0
gRNA_1902,5163,0,5163,4554,248,361,4059,186,248,918,0,557,361,3.6025566531086577,4.803408870811544,78.61708309122604,17.78036025566531,0.0,10.788301375169475,6.9920588804958355
gRNA_1911,4539,0,4539,4530,8,1,4445,4,8,90,0,89,1,0.08812513769552766,0.1762502753910553,97.9290592641551,1.982815598149372,0.0,1.9607843137254901,0.022031284423881914
gRNA_1915,1459,0,1459,1433,11,15,1293,4,11,162,0,147,15,0.27416038382453733,0.7539410555174777,88.6223440712817,11.103495544893763,0.0,10.075394105551748,1.0281014393420151
gRNA_1977,50,0,50,50,0,0,39,0,0,11,0,11,0,0.0,0.0,78.0,22.0,0.0,22.0,0.0
gRNA_2,0,0,0,0,0,0,0,0,0,0,0,0,0,0.0,0.0,0.0,0.0,0.0,0.0,0.0
gRNA_21,1,0,1,0,1,0,0,0,1,1,0,1,0,0.0,100.0,0.0,100.0,0.0,100.0,0.0
gRNA_2117,198,0,198,197,0,1,171,0,0,27,0,26,1,0.0,0.0,86.36363636363636,13.636363636363637,0.0,13.131313131313131,0.5050505050505051
gRNA_2134,0,0,0,0,0,0,0,0,0,0,0,0,0,0.0,0.0,0.0,0.0,0.0,0.0,0.0
gRNA_2209,1425,0,1425,1378,18,29,1046,5,18,374,1,344,29,0.3508771929824561,1.263157894736842,73.40350877192982,26.24561403508772,0.07017543859649122,24.140350877192983,2.0350877192982457
gRNA_2213,2171,0,2171,1150,555,466,814,396,555,961,465,18,478,18.240442192538,25.56425610317826,37.494242284661446,44.265315522800556,21.41870105941962,0.8291110087517273,22.017503454629203
gRNA_2220,239,0,239,236,1,2,108,0,1,131,0,129,2,0.0,0.41841004184100417,45.18828451882845,54.81171548117155,0.0,53.97489539748954,0.8368200836820083
gRNA_2221,2183,862,1321,1317,3,1,587,3,3,731,0,730,1,0.22710068130204392,0.22710068130204392,44.43603330809992,55.33686601059803,0.0,55.26116578349735,0.0757002271006813
gRNA_2228,4774,0,4774,2958,661,1155,2821,601,661,1352,0,197,1155,12.58902387934646,13.845831587767071,59.09090909090909,28.32006702974445,0.0,4.1265186426476745,24.193548387096776
gRNA_2237,16825,0,16825,16317,211,297,13196,102,211,3527,1,3229,297,0.6062407132243685,1.2540861812778603,78.43090638930164,20.962852897473997,0.005943536404160475,19.191679049034175,1.7652303120356612
gRNA_2248,1725,0,1725,1439,108,178,166,11,108,1548,0,1370,178,0.6376811594202898,6.260869565217392,9.623188405797102,89.73913043478261,0.0,79.42028985507247,10.318840579710145
gRNA_2252,1569,0,1569,1568,1,0,1187,0,1,382,0,382,0,0.0,0.06373486297004462,75.65328234544296,24.346717654557043,0.0,24.346717654557043,0.0
gRNA_2254,18065,0,18065,17538,276,251,17294,255,276,516,0,265,251,1.4115693329642955,1.5278162192084142,95.73207860503736,2.856352061998339,0.0,1.4669249930805426,1.3894270689177968
gRNA_2256,3959,0,3959,3956,2,1,2365,0,2,1594,0,1593,1,0.0,0.05051780752715332,59.7373074008588,40.2626925991412,0.0,40.23743369537762,0.02525890376357666
gRNA_2265,0,0,0,0,0,0,0,0,0,0,0,0,0,0.0,0.0,0.0,0.0,0.0,0.0,0.0
gRNA_2266,2445,0,2445,2436,3,6,1688,0,3,757,0,751,6,0.0,0.12269938650306748,69.03885480572598,30.961145194274028,0.0,30.715746421267895,0.24539877300613497
gRNA_2278,4240,0,4240,4226,0,14,1218,0,0,3022,0,3008,14,0.0,0.0,28.72641509433962,71.27358490566037,0.0,70.94339622641509,0.330188679245283
gRNA_2291,1691,0,1691,1689,0,2,1364,0,0,327,0,325,2,0.0,0.0,80.66232998225902,19.337670017740983,0.0,19.2193968066233,0.11827321111768184
gRNA_2309,1198,0,1198,1192,1,5,882,0,1,316,0,311,5,0.0,0.08347245409015025,73.62270450751252,26.37729549248748,0.0,25.959933222036728,0.41736227045075125
gRNA_2319,4761,0,4761,4615,59,87,3840,30,59,891,0,803,88,0.630119722747322,1.2392354547364,80.65532451165721,18.714555765595463,0.0,16.866204578869986,1.8483511867254778
gRNA_2320,6242,0,6242,6003,98,141,4891,71,98,1280,910,218,152,1.137455943607818,1.5700096123037488,78.35629605895546,20.50624799743672,14.578660685677667,3.4924703620634414,2.4351169496956104
gRNA_2330,5094,0,5094,2922,828,1344,1783,440,828,2871,0,1527,1344,8.637612877895563,16.25441696113074,35.00196309383588,56.360424028268554,0.0,29.976442873969376,26.383981154299175
gRNA_2385,0,0,0,0,0,0,0,0,0,0,0,0,0,0.0,0.0,0.0,0.0,0.0,0.0,0.0
gRNA_2394,7716,1,7715,7710,2,3,7192,1,2,522,4,515,3,0.012961762799740765,0.02592352559948153,93.22099805573558,6.766040181464679,0.05184705119896306,6.675307841866494,0.03888528839922229
gRNA_2401,0,0,0,0,0,0,0,0,0,0,0,0,0,0.0,0.0,0.0,0.0,0.0,0.0,0.0
gRNA_2420,897,0,897,896,0,1,632,0,0,265,0,264,1,0.0,0.0,70.45707915273132,29.54292084726867,0.0,29.431438127090303,0.11148272017837235
gRNA_2421,2012,0,2012,1946,32,34,1744,18,32,250,0,216,34,0.8946322067594433,1.5904572564612327,86.67992047713717,12.42544731610338,0.0,10.73558648111332,1.6898608349900597
gRNA_2430,9809,1,9808,9792,5,11,7232,2,5,2574,0,2563,11,0.020391517128874388,0.050978792822185974,73.7357259380098,26.24388254486134,0.0,26.13172920065253,0.11215334420880914
gRNA_2432,4728,0,4728,2185,1131,1412,995,437,1131,3296,0,1884,1412,9.242808798646362,23.921319796954315,21.044839255499156,69.71235194585448,0.0,39.84771573604061,29.864636209813874
gRNA_2433,3173,0,3173,3165,3,5,3082,3,3,88,0,83,5,0.09454774661203907,0.09454774661203907,97.13205168610148,2.7734005672864797,0.0,2.6158209895997477,0.1575795776867318
gRNA_2436,104,0,104,102,1,1,45,0,1,59,0,58,1,0.0,0.9615384615384616,43.26923076923077,56.73076923076923,0.0,55.76923076923077,0.9615384615384616
gRNA_2443,510,0,510,510,0,0,493,0,0,17,0,17,0,0.0,0.0,96.66666666666667,3.3333333333333335,0.0,3.3333333333333335,0.0
gRNA_2444,1394,0,1394,1394,0,0,1373,0,0,21,0,21,0,0.0,0.0,98.49354375896701,1.5064562410329985,0.0,1.5064562410329985,0.0
gRNA_2447,11227,0,11227,10941,93,193,8674,46,93,2507,0,2314,193,0.40972655206199343,0.8283602030818562,77.26017636055937,22.33009708737864,0.0,20.611026988509842,1.7190700988687984
gRNA_2448,4660,0,4660,4412,81,167,2711,12,81,1937,0,1770,167,0.2575107296137339,1.738197424892704,58.17596566523605,41.566523605150216,0.0,37.98283261802575,3.5836909871244633
gRNA_2449,321,0,321,115,85,121,58,34,85,229,0,108,121,10.59190031152648,26.4797507788162,18.068535825545172,71.33956386292834,0.0,33.64485981308411,37.69470404984423
gRNA_2450,7997,0,7997,7652,120,225,7412,103,120,482,0,257,225,1.2879829936226084,1.5005627110166313,92.68475678379393,6.027260222583469,0.0,3.2137051394272853,2.8135550831561837
gRNA_2451,1360,0,1360,1359,0,1,1185,0,0,175,0,174,1,0.0,0.0,87.13235294117646,12.867647058823529,0.0,12.794117647058824,0.07352941176470588
gRNA_2452,4247,0,4247,4238,3,6,3566,1,3,680,0,674,6,0.02354603249352484,0.07063809748057452,83.96515187190958,16.011302095596893,0.0,15.870025900635742,0.14127619496114904
gRNA_2453,437,0,437,437,0,0,380,0,0,57,0,57,0,0.0,0.0,86.95652173913044,13.043478260869565,0.0,13.043478260869565,0.0
gRNA_2454,737,0,737,735,1,1,620,1,1,116,0,115,1,0.13568521031207598,0.13568521031207598,84.12483039348712,15.739484396200814,0.0,15.603799185888738,0.13568521031207598
gRNA_2455,3676,0,3676,3283,172,221,3025,143,172,508,0,286,222,3.8900979325353644,4.6789989118607185,82.29053318824809,13.81936887921654,0.0,7.780195865070729,6.039173014145811
gRNA_2456,1306,0,1306,1247,31,28,1172,24,31,110,0,82,28,1.8376722817764166,2.3736600306278715,89.739663093415,8.422664624808576,0.0,6.278713629402756,2.1439509954058193
gRNA_2459,7342,3104,4238,4206,14,18,3853,8,14,377,0,359,18,0.18876828692779613,0.33034450212364325,90.91552619159981,8.895705521472392,0.0,8.470976875884851,0.4247286455875413
gRNA_2460,90,0,90,80,6,4,15,1,6,74,30,34,10,1.1111111111111112,6.666666666666667,16.666666666666668,82.22222222222223,33.333333333333336,37.77777777777778,11.11111111111111
gRNA_2461,772,239,533,516,7,10,186,0,7,347,0,336,11,0.0,1.3133208255159474,34.8968105065666,65.10318949343339,0.0,63.03939962476548,2.0637898686679175
gRNA_2462,1451,0,1451,1447,4,0,1206,0,4,245,0,245,0,0.0,0.27567195037904896,83.11509303928325,16.884906960716748,0.0,16.884906960716748,0.0
gRNA_2463,14678,0,14678,14630,3,45,14216,2,3,460,0,415,45,0.013625834582368171,0.020438751873552256,96.85243221147296,3.133941953944679,0.0,2.8273606758413954,0.30658127810328384
gRNA_2464,15888,0,15888,15856,10,22,12072,5,10,3811,0,3789,22,0.03147029204431017,0.06294058408862034,75.98187311178248,23.986656596173212,0.0,23.848187311178247,0.13846928499496475
gRNA_2465,3731,0,3731,3631,37,63,3418,31,37,282,0,219,63,0.8308764406325382,0.9916912355936747,91.61082819619405,7.5582953631734116,0.0,5.869740016081479,1.6885553470919326
gRNA_2467,333,0,333,332,1,0,227,0,1,106,0,105,1,0.0,0.3003003003003003,68.16816816816817,31.83183183183183,0.0,31.53153153153153,0.3003003003003003
gRNA_2468,7814,0,7814,7811,1,2,6438,1,1,1375,0,1373,2,0.012797542871768621,0.012797542871768621,82.39058100844638,17.59662144868185,0.0,17.571026362938316,0.025595085743537242
gRNA_2469,9561,0,9561,6265,1305,1991,2320,433,1305,6808,3,4814,1991,4.528814977512813,13.649199874490115,24.26524422131576,71.20594080117142,0.031377470975839344,50.3503817592302,20.82418157096538
gRNA_2470,8065,0,8065,5982,872,1211,4088,402,872,3575,0,2363,1212,4.984500929944203,10.812151270923744,50.688158710477374,44.32734035957843,0.0,29.29944203347799,15.027898326100434
gRNA_2471,1217,0,1217,881,97,239,441,36,97,740,0,501,239,2.9580936729663105,7.970419063270337,36.2366474938373,60.80525883319638,0.0,41.166803615447826,19.63845521774856
gRNA_2474,0,0,0,0,0,0,0,0,0,0,0,0,0,0.0,0.0,0.0,0.0,0.0,0.0,0.0
gRNA_2475,4641,0,4641,4618,2,21,4024,1,2,616,0,595,21,0.021547080370609782,0.043094160741219564,86.70545141133377,13.273001508295627,0.0,12.820512820512821,0.45248868778280543
gRNA_2476,6167,0,6167,6065,37,65,5442,20,37,705,0,640,65,0.32430679422733905,0.5999675693205773,88.24387870925896,11.431814496513702,0.0,10.37781741527485,1.053997081238852
gRNA_2477,522,0,522,518,1,3,463,1,1,58,0,55,3,0.19157088122605365,0.19157088122605365,88.69731800766283,11.11111111111111,0.0,10.53639846743295,0.5747126436781609
gRNA_2478,547,0,547,540,2,5,475,2,2,70,0,65,5,0.3656307129798903,0.3656307129798903,86.83729433272394,12.79707495429616,0.0,11.882998171846435,0.9140767824497258
gRNA_2479,867,0,867,795,37,35,629,17,37,221,0,186,35,1.9607843137254901,4.267589388696655,72.54901960784314,25.49019607843137,0.0,21.453287197231834,4.036908881199539
gRNA_2480,27490,0,27490,22360,2438,2692,11139,741,2438,15610,0,12918,2692,2.6955256456893415,8.868679519825392,40.52018915969443,56.784285194616224,0.0,46.991633321207715,9.792651873408513
gRNA_2481,3405,0,3405,2950,177,278,2802,152,177,451,0,173,278,4.464023494860499,5.1982378854625555,82.29074889867842,13.245227606461087,0.0,5.0807635829662265,8.16446402349486
gRNA_2482,17713,0,17713,13475,1672,2566,11313,1142,1672,5258,0,2692,2566,6.447242138542314,9.439394794783492,63.868345283125386,29.6844125783323,0.0,15.197877265285383,14.486535313046915
gRNA_2483,11882,0,11882,9529,897,1456,8782,784,897,2316,0,860,1456,6.59821578858778,7.549234135667396,73.91011614206363,19.491668069348595,0.0,7.237838747685575,12.25382932166302
gRNA_2484,12351,0,12351,9901,882,1568,9168,755,882,2428,0,860,1568,6.112865355031981,7.141122176341996,74.22880738401749,19.65832726095053,0.0,6.962998947453648,12.695328313496884
gRNA_2485,5390,0,5390,4271,453,666,3848,365,453,1177,0,511,666,6.771799628942486,8.404452690166975,71.39146567717997,21.836734693877553,0.0,9.480519480519481,12.356215213358071
gRNA_2486,1900,0,1900,1601,138,161,1568,137,138,195,0,34,161,7.2105263157894735,7.2631578947368425,82.52631578947368,10.263157894736842,0.0,1.7894736842105263,8.473684210526315
gRNA_2487,6431,0,6431,5248,556,627,5151,535,556,745,0,118,627,8.319079458871093,8.645622764733323,80.09640802363552,11.58451251749339,0.0,1.834862385321101,9.74965013217229
gRNA_2488,4896,0,4896,3978,367,551,3844,335,367,717,0,166,551,6.842320261437909,7.495915032679738,78.51307189542484,14.644607843137255,0.0,3.3905228758169934,11.254084967320262
gRNA_2489,499,0,499,493,3,3,384,1,3,114,0,111,3,0.20040080160320642,0.6012024048096193,76.95390781563127,22.84569138276553,0.0,22.24448897795591,0.6012024048096193
gRNA_2490,3240,0,3240,3227,1,12,3210,1,1,29,0,17,12,0.030864197530864196,0.030864197530864196,99.07407407407408,0.8950617283950617,0.0,0.5246913580246914,0.37037037037037035
gRNA_2491,19655,0,19655,19628,8,19,18118,4,8,1533,0,1514,19,0.02035105571101501,0.04070211142203002,92.18010684304248,7.7995421012465025,0.0,7.702874586619181,0.09666751462732129
gRNA_2492,4531,0,4531,4106,4,421,3895,3,4,633,0,212,421,0.06621054954756124,0.08828073273008166,85.96336349591702,13.970425954535422,0.0,4.678878834694328,9.291547119841095
gRNA_2493,15158,5330,9828,9772,38,18,9623,5,38,200,0,143,57,0.05087505087505088,0.38665038665038665,97.91412291412291,2.035002035002035,0.0,1.4550264550264551,0.57997557997558
gRNA_2495,1538,0,1538,1362,97,79,643,32,97,863,0,784,79,2.080624187256177,6.306892067620286,41.8075422626788,56.11183355006502,0.0,50.97529258777633,5.136540962288686
gRNA_2496,5420,0,5420,5231,106,83,4514,65,106,841,0,758,83,1.1992619926199262,1.955719557195572,83.28413284132841,15.51660516605166,0.0,13.985239852398523,1.5313653136531364
gRNA_2497,9408,0,9408,9383,6,19,8321,3,6,1084,1,1064,19,0.03188775510204082,0.06377551020408163,88.44600340136054,11.522108843537415,0.010629251700680272,11.30952380952381,0.20195578231292516
gRNA_2498,2939,0,2939,2930,6,3,2539,5,6,395,0,392,3,0.1701258931609391,0.20415107179312691,86.38992854712487,13.439945559714188,0.0,13.337870023817626,0.10207553589656346
gRNA_2499,1697,0,1697,1411,93,193,1384,88,93,225,0,32,193,5.185621685327048,5.480259281084266,81.55568650559812,13.258691809074838,0.0,1.8856806128461991,11.373011196228639
gRNA_2500,2064,0,2064,1331,250,483,1285,241,250,538,0,55,483,11.676356589147288,12.112403100775193,62.257751937984494,26.065891472868216,0.0,2.6647286821705425,23.401162790697676
gRNA_2501,7229,0,7229,7228,1,0,5199,0,1,2030,0,2030,0,0.0,0.013833171946327293,71.91866094895559,28.081339051044406,0.0,28.081339051044406,0.0
gRNA_2502,45824,0,45824,45784,11,29,29250,1,11,16573,0,16544,29,0.002182262569832402,0.024004888268156426,63.831180167597765,36.1666375698324,0.0,36.10335195530726,0.06328561452513966
gRNA_2503,49,0,49,48,0,1,27,0,0,22,0,21,1,0.0,0.0,55.10204081632653,44.89795918367347,0.0,42.857142857142854,2.0408163265306123
gRNA_2532,130,0,130,130,0,0,114,0,0,16,0,16,0,0.0,0.0,87.6923076923077,12.307692307692308,0.0,12.307692307692308,0.0
gRNA_2569,1,0,1,1,0,0,0,0,0,1,0,1,0,0.0,0.0,0.0,100.0,0.0,100.0,0.0
gRNA_2658,0,0,0,0,0,0,0,0,0,0,0,0,0,0.0,0.0,0.0,0.0,0.0,0.0,0.0
gRNA_2677,11009,0,11009,10960,8,41,8497,2,8,2510,0,2469,41,0.01816695431010991,0.07266781724043964,77.18230538650195,22.799527659187937,0.0,22.427105095830683,0.37242256335725316
gRNA_2682,211,0,211,208,3,0,1,0,3,210,0,210,0,0.0,1.4218009478672986,0.47393364928909953,99.5260663507109,0.0,99.5260663507109,0.0
gRNA_2690,14047,0,14047,13999,10,38,12707,6,10,1334,0,1296,38,0.04271374670748202,0.07118957784580338,90.46059656866235,9.49668968463017,0.0,9.226169288816118,0.27052039581405285
gRNA_2695,304,0,304,304,0,0,228,0,0,76,0,75,1,0.0,0.0,75.0,25.0,0.0,24.67105263157895,0.32894736842105265
gRNA_2703,158,0,158,157,1,0,0,0,1,158,0,158,0,0.0,0.6329113924050633,0.0,100.0,0.0,100.0,0.0
gRNA_2707,1864,0,1864,1703,61,100,1601,53,61,210,0,110,100,2.8433476394849784,3.272532188841202,85.89055793991416,11.266094420600858,0.0,5.901287553648069,5.364806866952789
gRNA_2719,4648,0,4648,3227,702,719,3168,679,702,801,0,81,720,14.608433734939759,15.103270223752151,68.15834767641996,17.233218588640277,0.0,1.742685025817556,15.49053356282272
gRNA_2736,0,0,0,0,0,0,0,0,0,0,0,0,0,0.0,0.0,0.0,0.0,0.0,0.0,0.0
gRNA_2738,6392,0,6392,6318,1,73,5024,1,1,1367,1,1293,73,0.015644555694618274,0.015644555694618274,78.5982478097622,21.38610763454318,0.015644555694618274,20.228410513141426,1.1420525657071339
gRNA_2747,0,0,0,0,0,0,0,0,0,0,0,0,0,0.0,0.0,0.0,0.0,0.0,0.0,0.0
gRNA_2749,3776,0,3776,3454,142,180,3034,97,142,645,0,465,180,2.5688559322033897,3.760593220338983,80.34957627118644,17.08156779661017,0.0,12.314618644067796,4.766949152542373
gRNA_2760,401,0,401,382,13,6,208,3,13,190,0,184,6,0.7481296758104738,3.2418952618453867,51.87032418952619,47.38154613466334,0.0,45.885286783042396,1.4962593516209477
gRNA_2764,943,0,943,475,238,230,236,106,238,601,0,371,230,11.240721102863203,25.23860021208908,25.026511134676564,63.732767762460234,0.0,39.34252386002121,24.390243902439025
gRNA_2770,16002,0,16002,10811,1865,3326,10378,1737,1865,3887,1,560,3326,10.854893138357705,11.654793150856143,64.8543932008499,24.290713660792402,0.006249218847644044,3.499562554680665,20.78490188726409
gRNA_2772,9478,0,9478,9476,0,2,7935,0,0,1543,0,1541,2,0.0,0.0,83.7201941337835,16.279805866216503,0.0,16.25870436801013,0.02110149820637265
gRNA_2773,2841,0,2841,1439,906,496,615,129,906,2097,0,1601,496,4.540654699049631,31.890179514255543,21.647307286166843,73.81203801478352,0.0,56.353396691305875,17.45864132347765
gRNA_2775,0,0,0,0,0,0,0,0,0,0,0,0,0,0.0,0.0,0.0,0.0,0.0,0.0,0.0
gRNA_2795,3848,0,3848,3789,29,30,2647,9,29,1192,0,1161,31,0.2338877338877339,0.7536382536382537,68.78898128898129,30.977130977130976,0.0,30.171517671517673,0.8056133056133056
gRNA_2800,13218,348,12870,12868,2,0,7039,2,2,5829,0,5828,1,0.01554001554001554,0.01554001554001554,54.69308469308469,45.29137529137529,0.0,45.28360528360528,0.00777000777000777
gRNA_2808,522,0,522,171,109,242,120,72,109,330,0,88,242,13.793103448275861,20.881226053639846,22.988505747126435,63.2183908045977,0.0,16.85823754789272,46.36015325670498
gRNA_2810,0,0,0,0,0,0,0,0,0,0,0,0,0,0.0,0.0,0.0,0.0,0.0,0.0,0.0
gRNA_2831,309,0,309,307,2,0,101,2,2,206,0,206,0,0.6472491909385113,0.6472491909385113,32.68608414239482,66.66666666666667,0.0,66.66666666666667,0.0
gRNA_2853,833,0,833,826,2,5,691,1,2,141,0,136,5,0.12004801920768307,0.24009603841536614,82.953181272509,16.926770708283314,0.0,16.3265306122449,0.6002400960384153
gRNA_2854,1176,0,1176,1168,4,4,1128,2,4,46,0,42,4,0.17006802721088435,0.3401360544217687,95.91836734693878,3.9115646258503403,0.0,3.5714285714285716,0.3401360544217687
gRNA_2863,1928,0,1928,1923,0,5,1895,0,0,33,0,28,5,0.0,0.0,98.2883817427386,1.7116182572614107,0.0,1.4522821576763485,0.25933609958506226
gRNA_2867,14264,1202,13062,12789,115,158,11111,70,115,1881,816,870,195,0.5359056806002144,0.8804164752717807,85.0635431021283,14.400551217271474,6.2471290767110705,6.66054203031695,1.4928801102434544
gRNA_2869,7541,4,7537,7173,132,232,5860,74,132,1603,0,1371,232,0.9818230065012604,1.751359957542789,77.74976781212685,21.268409181371897,0.0,18.190261377205786,3.0781478041661137
gRNA_2871,467,0,467,459,3,5,189,0,3,278,0,273,5,0.0,0.6423982869379015,40.471092077087796,59.528907922912204,0.0,58.45824411134904,1.0706638115631693
gRNA_289,8324,0,8324,8214,48,62,2995,4,48,5325,0,5263,62,0.048053820278712155,0.5766458433445459,35.980297933685726,63.971648246035556,0.0,63.22681403171552,0.7448342143200385
gRNA_295,0,0,0,0,0,0,0,0,0,0,0,0,0,0.0,0.0,0.0,0.0,0.0,0.0,0.0
gRNA_3011,0,0,0,0,0,0,0,0,0,0,0,0,0,0.0,0.0,0.0,0.0,0.0,0.0,0.0
gRNA_3012,9,0,9,0,9,0,0,0,9,9,0,9,0,0.0,100.0,0.0,100.0,0.0,100.0,0.0
gRNA_303,557,0,557,516,15,26,371,7,15,179,0,153,26,1.2567324955116697,2.6929982046678638,66.6068222621185,32.13644524236984,0.0,27.468581687612208,4.667863554757631
gRNA_3031,0,0,0,0,0,0,0,0,0,0,0,0,0,0.0,0.0,0.0,0.0,0.0,0.0,0.0
gRNA_304,3330,0,3330,3274,25,31,2557,15,25,758,0,727,31,0.45045045045045046,0.7507507507507507,76.78678678678679,22.762762762762762,0.0,21.83183183183183,0.9309309309309309
gRNA_3052,12315,0,12315,12169,63,83,10669,39,63,1607,0,1524,83,0.3166869671132765,0.5115712545676004,86.63418595209095,13.049127080795778,0.0,12.375152253349574,0.6739748274462039
gRNA_3057,111,0,111,100,4,7,39,2,4,70,0,63,7,1.8018018018018018,3.6036036036036037,35.13513513513514,63.06306306306306,0.0,56.75675675675676,6.306306306306307
gRNA_3065,27652,0,27652,27570,30,52,26738,24,30,890,1,836,53,0.08679299869810501,0.10849124837263127,96.6946332995805,3.2185737017213945,0.0036163749457543757,3.023289454650658,0.19166787212498193
gRNA_3067,6859,0,6859,6667,60,132,6565,58,60,236,0,104,132,0.845604315497886,0.8747630849978131,95.71366088351071,3.440734800991398,0.0,1.5162560139962094,1.9244787869951887
gRNA_3073,4590,0,4590,3107,940,543,2759,774,940,1057,0,514,543,16.862745098039216,20.47930283224401,60.108932461873636,23.028322440087145,0.0,11.198257080610022,11.830065359477125
gRNA_3077,4106,0,4106,3996,42,68,3622,30,42,454,0,386,68,0.7306380905991232,1.0228933268387725,88.21237213833415,11.056989771066732,0.0,9.40087676570872,1.6561130053580126
gRNA_3084,0,0,0,0,0,0,0,0,0,0,0,0,0,0.0,0.0,0.0,0.0,0.0,0.0,0.0
gRNA_3086,0,0,0,0,0,0,0,0,0,0,0,0,0,0.0,0.0,0.0,0.0,0.0,0.0,0.0
gRNA_3090,3410,0,3410,3401,3,6,2845,3,3,562,0,556,6,0.08797653958944282,0.08797653958944282,83.43108504398828,16.480938416422287,0.0,16.3049853372434,0.17595307917888564
gRNA_3092,2237,0,2237,2204,14,19,2161,11,14,65,0,46,19,0.4917299955297273,0.6258381761287438,96.60259275815825,2.905677246312025,0.0,2.056325435851587,0.8493518104604381
gRNA_3105,131,0,131,125,4,2,72,1,4,58,0,56,2,0.7633587786259542,3.053435114503817,54.961832061068705,44.274809160305345,0.0,42.74809160305343,1.5267175572519085
gRNA_3107,369,0,369,0,368,1,0,355,368,14,0,13,1,96.2059620596206,99.7289972899729,0.0,3.794037940379404,0.0,3.5230352303523036,0.27100271002710025
gRNA_311,4039,0,4039,3944,29,66,3589,23,29,427,0,361,66,0.569447883139391,0.7179995048279277,88.85862837335974,10.571923743500866,0.0,8.937855904926963,1.6340678385739045
gRNA_3110,679,0,679,640,8,31,622,6,8,51,0,20,31,0.8836524300441826,1.1782032400589102,91.60530191458027,7.511045655375552,0.0,2.9455081001472756,4.565537555228277
gRNA_3118,17152,0,17152,17082,19,51,15917,16,19,1219,0,1168,51,0.09328358208955224,0.11077425373134328,92.79967350746269,7.1070429104477615,0.0,6.809701492537314,0.29734141791044777
gRNA_319,139,0,139,137,2,0,130,2,2,7,0,7,0,1.4388489208633093,1.4388489208633093,93.5251798561151,5.0359712230215825,0.0,5.0359712230215825,0.0
gRNA_324,4053,0,4053,3619,204,230,2061,57,204,1935,0,1705,230,1.4063656550703183,5.033308660251666,50.85122131754256,47.74241302738712,0.0,42.06760424377005,5.674808783617074
gRNA_335,853,0,853,852,1,0,848,1,1,4,0,4,0,0.11723329425556858,0.11723329425556858,99.41383352872215,0.46893317702227433,0.0,0.46893317702227433,0.0
gRNA_338,12604,0,12604,12597,3,4,12507,3,3,94,0,90,4,0.023801967629324024,0.023801967629324024,99.23040304665186,0.7457949857188194,0.0,0.7140590288797207,0.031735956839098696
gRNA_349,6178,0,6178,5551,304,323,1227,65,304,4886,0,4563,323,1.0521204273227582,4.920686306247977,19.860796374231143,79.0870831984461,0.0,73.85885399805763,5.228229200388475
gRNA_3522,5023,0,5023,8,4986,29,0,0,4986,5023,0,4994,29,0.0,99.26338841329883,0.0,100.0,0.0,99.42265578339638,0.5773442166036233
gRNA_3523,5,0,5,5,0,0,4,0,0,1,0,1,0,0.0,0.0,80.0,20.0,0.0,20.0,0.0
gRNA_3524,0,0,0,0,0,0,0,0,0,0,0,0,0,0.0,0.0,0.0,0.0,0.0,0.0,0.0
gRNA_3525,0,0,0,0,0,0,0,0,0,0,0,0,0,0.0,0.0,0.0,0.0,0.0,0.0,0.0
gRNA_3570,1,0,1,1,0,0,0,0,0,1,0,1,0,0.0,0.0,0.0,100.0,0.0,100.0,0.0
gRNA_3579,0,0,0,0,0,0,0,0,0,0,0,0,0,0.0,0.0,0.0,0.0,0.0,0.0,0.0
gRNA_3580,0,0,0,0,0,0,0,0,0,0,0,0,0,0.0,0.0,0.0,0.0,0.0,0.0,0.0
gRNA_362,6947,0,6947,6906,21,20,6778,16,21,153,0,133,20,0.2303152439902116,0.30228875773715275,97.56729523535338,2.2023895206563986,0.0,1.914495465668634,0.2878940549877645
gRNA_366,9501,0,9501,9361,57,83,9018,41,57,442,0,359,83,0.431533522787075,0.5999368487527629,94.91632459741079,4.652141879802126,0.0,3.7785496263551206,0.8735922534470055
gRNA_3677,3,0,3,3,0,0,3,0,0,0,0,0,0,0.0,0.0,100.0,0.0,0.0,0.0,0.0
gRNA_3686,0,0,0,0,0,0,0,0,0,0,0,0,0,0.0,0.0,0.0,0.0,0.0,0.0,0.0
gRNA_3698,0,0,0,0,0,0,0,0,0,0,0,0,0,0.0,0.0,0.0,0.0,0.0,0.0,0.0
gRNA_3703,0,0,0,0,0,0,0,0,0,0,0,0,0,0.0,0.0,0.0,0.0,0.0,0.0,0.0
gRNA_381,1539,0,1539,1046,198,295,969,155,198,415,0,120,295,10.071474983755685,12.865497076023392,62.96296296296296,26.965562053281353,0.0,7.797270955165692,19.16829109811566
gRNA_382,10906,0,10906,7914,1009,1983,5102,558,1009,5246,0,3263,1983,5.116449660737209,9.25178800660187,46.781588116633046,48.101962222629744,0.0,29.9193104713002,18.182651751329544
gRNA_383,4300,0,4300,4300,0,0,3098,0,0,1202,0,1202,0,0.0,0.0,72.04651162790698,27.953488372093023,0.0,27.953488372093023,0.0
gRNA_389,23335,2,23333,23309,7,17,16084,3,7,7246,0,7229,17,0.012857326533236188,0.030000428577551107,68.93241332019029,31.054729353276475,0.0,30.981871169588135,0.07285818368833841
gRNA_390,1091,0,1091,1090,0,1,961,0,0,130,55,38,37,0.0,0.0,88.08432630614115,11.915673693858846,5.0412465627864345,3.483043079743355,3.391384051329056
gRNA_3905,0,0,0,0,0,0,0,0,0,0,0,0,0,0.0,0.0,0.0,0.0,0.0,0.0,0.0
gRNA_3906,0,0,0,0,0,0,0,0,0,0,0,0,0,0.0,0.0,0.0,0.0,0.0,0.0,0.0
gRNA_3909,255,0,255,255,0,0,107,0,0,148,0,148,0,0.0,0.0,41.96078431372549,58.03921568627451,0.0,58.03921568627451,0.0
gRNA_3918,8289,616,7673,7668,3,2,5877,0,3,1796,0,1576,220,0.0,0.039098136322168645,76.59324905512837,23.40675094487163,0.0,20.539554281245927,2.8671966636257005
gRNA_3922,14033,0,14033,13905,62,66,11542,24,62,2467,2,2399,66,0.17102544003420508,0.4418157200883631,82.2489845364498,17.579990023515997,0.014252120002850425,17.095417943419083,0.470319960094064
gRNA_3930,76,0,76,71,2,3,33,1,2,42,7,32,3,1.3157894736842106,2.6315789473684212,43.421052631578945,55.26315789473684,9.210526315789474,42.10526315789474,3.9473684210526314
gRNA_3936,40,0,40,31,5,4,21,2,5,17,0,12,5,5.0,12.5,52.5,42.5,0.0,30.0,12.5
gRNA_3963,105,0,105,81,9,15,31,4,9,70,0,55,15,3.8095238095238093,8.571428571428571,29.523809523809526,66.66666666666667,0.0,52.38095238095238,14.285714285714286
gRNA_3981,14924,0,14924,12569,839,1516,11577,683,839,2664,0,1148,1516,4.576521039935674,5.621817207183061,77.57303671937818,17.850442240686142,0.0,7.6923076923076925,10.15813454837845
gRNA_3983,16983,0,16983,16941,13,29,16820,13,13,150,0,121,29,0.07654713537066478,0.07654713537066478,99.04021668727552,0.8832361773538244,0.0,0.7124771830654184,0.17075899428840605
gRNA_3993,1288,0,1288,1288,0,0,761,0,0,527,0,527,0,0.0,0.0,59.08385093167702,40.91614906832298,0.0,40.91614906832298,0.0
gRNA_3997,10205,0,10205,9051,432,722,6370,202,432,3633,0,2911,722,1.979421852033317,4.233219010289074,62.4203821656051,35.60019598236159,0.0,28.525232729054384,7.074963253307202
gRNA_4,7226,0,7226,4671,1273,1282,3677,1054,1273,2495,0,1213,1282,14.586216440631054,17.616938831995572,50.88569056185995,34.52809299750899,0.0,16.786603930251868,17.741489067257127
gRNA_4001,5781,0,5781,5779,2,0,4797,2,2,982,0,982,0,0.03459609064175748,0.03459609064175748,82.97872340425532,16.986680505102925,0.0,16.986680505102925,0.0
gRNA_4007,9387,0,9387,9385,2,0,8054,1,2,1332,0,1331,1,0.010653030787258976,0.02130606157451795,85.79950996058379,14.189837008628954,0.0,14.179183977841696,0.010653030787258976
gRNA_4008,1972,0,1972,1964,1,7,1864,1,1,107,0,100,7,0.05070993914807302,0.05070993914807302,94.52332657200812,5.425963488843814,0.0,5.070993914807302,0.35496957403651114
gRNA_4016,568,0,568,522,22,24,483,16,22,69,0,45,24,2.816901408450704,3.8732394366197185,85.03521126760563,12.147887323943662,0.0,7.922535211267606,4.225352112676056
gRNA_4029,1035,0,1035,276,335,424,244,296,335,495,1,70,424,28.59903381642512,32.367149758454104,23.57487922705314,47.82608695652174,0.0966183574879227,6.763285024154589,40.966183574879224
gRNA_4033,0,0,0,0,0,0,0,0,0,0,0,0,0,0.0,0.0,0.0,0.0,0.0,0.0,0.0
gRNA_4046,473,1,472,472,0,0,328,0,0,144,0,144,0,0.0,0.0,69.49152542372882,30.508474576271187,0.0,30.508474576271187,0.0
gRNA_4057,10410,0,10410,10398,1,11,8178,0,1,2232,87,2108,37,0.0,0.009606147934678195,78.55907780979827,21.44092219020173,0.8357348703170029,20.249759846301632,0.3554274735830932
gRNA_4063,4997,0,4997,4992,3,2,2399,2,3,2596,0,2594,2,0.040024014408645184,0.06003602161296778,48.0088052831699,51.95117070242145,0.0,51.911146688012806,0.040024014408645184
gRNA_4068,6091,0,6091,5714,234,143,5225,169,234,697,0,554,143,2.7745854539484487,3.8417337054670826,85.7823017566902,11.443112789361352,0.0,9.095386636020358,2.3477261533409948
gRNA_4070,35278,0,35278,35197,7,74,33392,4,7,1882,1,1807,74,0.01133851125347242,0.019842394693576734,94.65389194398776,5.334769544758773,0.002834627813368105,5.1221724587561654,0.20976245818923975
gRNA_4078,258,1,257,188,28,41,118,15,28,124,0,82,42,5.836575875486381,10.894941634241246,45.91439688715953,48.249027237354085,0.0,31.90661478599222,16.342412451361866
gRNA_4080,8801,0,8801,8327,170,304,5924,82,170,2795,0,2491,304,0.9317123054198386,1.9315986819679583,67.31053289398932,31.757754800590842,0.0,28.30360186342461,3.454152937166231
gRNA_4081,3428,0,3428,3297,40,91,2890,25,40,513,0,422,91,0.7292882147024504,1.1668611435239207,84.30571761960327,14.964994165694282,0.0,12.310385064177362,2.6546091015169195
gRNA_4082,1054,0,1054,1018,14,22,605,4,14,445,0,423,22,0.3795066413662239,1.3282732447817838,57.400379506641364,42.22011385199241,0.0,40.13282732447818,2.0872865275142316
gRNA_4084,8498,0,8498,7819,241,438,6866,172,241,1460,100,919,441,2.024005648387856,2.835961402682984,80.79548128971523,17.180513061896917,1.1767474699929394,10.814309249235114,5.189456342668863
gRNA_4096,478,0,478,358,50,70,330,43,50,105,0,35,70,8.99581589958159,10.460251046025105,69.0376569037657,21.96652719665272,0.0,7.322175732217573,14.644351464435147
gRNA_4195,441,0,441,441,0,0,305,0,0,136,0,135,1,0.0,0.0,69.16099773242631,30.839002267573697,0.0,30.612244897959183,0.22675736961451248
gRNA_4437,6845,0,6845,6842,2,1,6268,2,2,575,0,574,1,0.029218407596785977,0.029218407596785977,91.57048940832725,8.400292184075967,0.0,8.385682980277576,0.014609203798392988
gRNA_4440,0,0,0,0,0,0,0,0,0,0,0,0,0,0.0,0.0,0.0,0.0,0.0,0.0,0.0
gRNA_4454,14925,0,14925,14543,134,248,11367,62,134,3496,1,3247,248,0.4154103852596315,0.897822445561139,76.1608040201005,23.423785594639867,0.006700167504187605,21.75544388609715,1.661641541038526
gRNA_4456,646,0,646,645,1,0,344,0,1,302,0,302,0,0.0,0.15479876160990713,53.250773993808046,46.749226006191954,0.0,46.749226006191954,0.0
gRNA_4461,0,0,0,0,0,0,0,0,0,0,0,0,0,0.0,0.0,0.0,0.0,0.0,0.0,0.0
gRNA_4577,0,0,0,0,0,0,0,0,0,0,0,0,0,0.0,0.0,0.0,0.0,0.0,0.0,0.0
gRNA_4578,0,0,0,0,0,0,0,0,0,0,0,0,0,0.0,0.0,0.0,0.0,0.0,0.0,0.0
gRNA_4621,0,0,0,0,0,0,0,0,0,0,0,0,0,0.0,0.0,0.0,0.0,0.0,0.0,0.0
gRNA_4628,0,0,0,0,0,0,0,0,0,0,0,0,0,0.0,0.0,0.0,0.0,0.0,0.0,0.0
gRNA_4735,0,0,0,0,0,0,0,0,0,0,0,0,0,0.0,0.0,0.0,0.0,0.0,0.0,0.0
gRNA_4741,14039,0,14039,14015,10,14,7945,5,10,6089,1,6069,19,0.03561507229859676,0.07123014459719353,56.59234988247026,43.372035045231144,0.007123014459719353,43.229574756036754,0.13533727473466772
gRNA_4744,2705,0,2705,2702,3,0,1881,0,3,824,0,824,0,0.0,0.11090573012939002,69.53789279112755,30.462107208872457,0.0,30.462107208872457,0.0
gRNA_4754,5120,0,5120,5067,17,36,3568,10,17,1542,5,1501,36,0.1953125,0.33203125,69.6875,30.1171875,0.09765625,29.31640625,0.703125
gRNA_4758,597,0,597,545,16,36,67,2,16,528,0,492,36,0.33500837520938026,2.680067001675042,11.222780569514239,88.44221105527639,0.0,82.41206030150754,6.030150753768845
gRNA_4759,1982,1,1981,1830,68,83,1394,37,68,550,0,467,83,1.867743563856638,3.4326097930338215,70.36850075719333,27.763755678950027,0.0,23.573952549217566,4.189803129732458
gRNA_4763,826,0,826,825,1,0,199,0,1,627,0,627,0,0.0,0.12106537530266344,24.092009685230025,75.90799031476998,0.0,75.90799031476998,0.0
gRNA_4770,0,0,0,0,0,0,0,0,0,0,0,0,0,0.0,0.0,0.0,0.0,0.0,0.0,0.0
gRNA_4782,0,0,0,0,0,0,0,0,0,0,0,0,0,0.0,0.0,0.0,0.0,0.0,0.0,0.0
gRNA_4829,0,0,0,0,0,0,0,0,0,0,0,0,0,0.0,0.0,0.0,0.0,0.0,0.0,0.0
gRNA_4888,0,0,0,0,0,0,0,0,0,0,0,0,0,0.0,0.0,0.0,0.0,0.0,0.0,0.0
gRNA_516,21374,0,21374,20993,167,214,11362,61,167,9951,0,9736,215,0.2853934687002901,0.7813231028352203,53.1580424815196,46.55656404978011,0.0,45.550669037147934,1.00589501263217
gRNA_5191,2,0,2,2,0,0,0,0,0,2,0,2,0,0.0,0.0,0.0,100.0,0.0,100.0,0.0
gRNA_5194,296,0,296,0,296,0,0,165,296,131,0,131,0,55.74324324324324,100.0,0.0,44.25675675675676,0.0,44.25675675675676,0.0
gRNA_5200,453,0,453,445,1,7,231,1,1,221,0,214,7,0.22075055187637968,0.22075055187637968,50.99337748344371,48.78587196467991,0.0,47.24061810154525,1.5452538631346577
gRNA_5208,8016,0,8016,7928,29,59,4933,9,29,3074,0,3015,59,0.1122754491017964,0.36177644710578843,61.53942115768463,38.34830339321357,0.0,37.612275449101794,0.7360279441117764
gRNA_5216,1721,0,1721,1595,38,88,1115,16,38,590,0,502,88,0.9296920395119117,2.2080185938407904,64.78791400348635,34.282393957001744,0.0,29.16908773968623,5.113306217315515
gRNA_522,1911,0,1911,1264,196,451,1217,179,196,515,0,64,451,9.366823652537938,10.256410256410257,63.68393511250654,26.949241234955522,0.0,3.349031920460492,23.60020931449503
gRNA_5228,0,0,0,0,0,0,0,0,0,0,0,0,0,0.0,0.0,0.0,0.0,0.0,0.0,0.0
gRNA_523,293,0,293,284,4,5,10,1,4,282,0,277,5,0.3412969283276451,1.3651877133105803,3.4129692832764507,96.24573378839591,0.0,94.53924914675768,1.7064846416382253
gRNA_5236,0,0,0,0,0,0,0,0,0,0,0,0,0,0.0,0.0,0.0,0.0,0.0,0.0,0.0
gRNA_525,9469,0,9469,9464,3,2,6567,0,3,2902,198,2701,3,0.0,0.03168233181962193,69.3526243531524,30.647375646847607,2.091033900095047,28.524659414932938,0.03168233181962193
gRNA_526,19343,0,19343,19291,24,28,10975,2,24,8366,0,8338,28,0.010339657757328232,0.12407589308793879,56.73887194333867,43.250788398904,0.0,43.1060331903014,0.14475520860259525
gRNA_5287,583,0,583,568,6,9,253,1,6,329,0,320,9,0.17152658662092624,1.0291595197255574,43.39622641509434,56.43224699828473,0.0,54.888507718696395,1.5437392795883362
gRNA_5291,2546,0,2546,1569,491,486,1428,415,491,703,0,217,486,16.300078554595444,19.285153181461116,56.08798114689709,27.611940298507463,0.0,8.52317360565593,19.088766692851532
gRNA_5297,16035,0,16035,10263,2265,3507,10109,2224,2265,3702,0,195,3507,13.8696601184908,14.12535079513564,63.043342687870286,23.086997193638915,0.0,1.216089803554724,21.87090739008419
gRNA_5299,21029,26,21003,20818,62,123,20609,54,62,340,0,217,123,0.2571061276960434,0.2951959243917536,98.12407751273628,1.6188163595676808,0.0,1.0331857353711376,0.5856306241965433
gRNA_5305,11985,0,11985,11768,86,131,7756,39,86,4190,0,4059,131,0.32540675844806005,0.7175636211931581,64.7142261159783,34.96036712557363,0.0,33.867334167709636,1.0930329578639966
gRNA_5315,8400,0,8400,8281,39,80,7688,28,39,684,1,603,80,0.3333333333333333,0.4642857142857143,91.52380952380952,8.142857142857142,0.011904761904761904,7.178571428571429,0.9523809523809523
gRNA_5318,9431,0,9431,8342,578,511,1049,61,578,8321,0,7810,511,0.6468030961721981,6.128724419467713,11.122892588272718,88.23030431555509,0.0,82.81200296893225,5.418301346622839
gRNA_5322,6852,0,6852,6842,6,4,6555,4,6,293,0,289,4,0.05837711617046118,0.08756567425569177,95.66549912434326,4.276123759486281,0.0,4.21774664331582,0.05837711617046118
gRNA_533,6388,0,6388,6372,6,10,5938,6,6,444,1,433,10,0.09392611145898559,0.09392611145898559,92.95554164057609,6.950532247964934,0.015654351909830933,6.778334376956794,0.15654351909830932
gRNA_5343,2976,0,2976,1374,626,976,471,141,626,2364,0,1388,976,4.737903225806452,21.03494623655914,15.826612903225806,79.43548387096774,0.0,46.63978494623656,32.795698924731184
gRNA_5351,8160,0,8160,5995,860,1305,5140,632,860,2388,4,1077,1307,7.745098039215686,10.53921568627451,62.990196078431374,29.264705882352942,0.049019607843137254,13.198529411764707,16.017156862745097
gRNA_5353,682,0,682,681,1,0,587,0,1,95,0,95,0,0.0,0.1466275659824047,86.07038123167156,13.929618768328446,0.0,13.929618768328446,0.0
gRNA_5373,0,0,0,0,0,0,0,0,0,0,0,0,0,0.0,0.0,0.0,0.0,0.0,0.0,0.0
gRNA_5374,0,0,0,0,0,0,0,0,0,0,0,0,0,0.0,0.0,0.0,0.0,0.0,0.0,0.0
gRNA_538,2867,0,2867,2865,2,0,2406,2,2,459,0,459,0,0.06975933031042902,0.06975933031042902,83.9204743634461,16.00976630624346,0.0,16.00976630624346,0.0
gRNA_5501,0,0,0,0,0,0,0,0,0,0,0,0,0,0.0,0.0,0.0,0.0,0.0,0.0,0.0
gRNA_553,4282,0,4282,4275,4,3,3820,3,4,459,4,452,3,0.07006071929005138,0.09341429238673517,89.21064922933209,10.719290051377861,0.09341429238673517,10.555815039701073,0.07006071929005138
gRNA_5621,0,0,0,0,0,0,0,0,0,0,0,0,0,0.0,0.0,0.0,0.0,0.0,0.0,0.0
gRNA_5624,0,0,0,0,0,0,0,0,0,0,0,0,0,0.0,0.0,0.0,0.0,0.0,0.0,0.0
gRNA_5625,0,0,0,0,0,0,0,0,0,0,0,0,0,0.0,0.0,0.0,0.0,0.0,0.0,0.0
gRNA_568,38000,0,38000,33925,1909,2166,20833,839,1909,16328,0,14162,2166,2.207894736842105,5.023684210526316,54.82368421052632,42.96842105263158,0.0,37.26842105263158,5.7
gRNA_574,788,0,788,785,1,2,343,0,1,445,0,443,2,0.0,0.12690355329949238,43.52791878172589,56.47208121827411,0.0,56.21827411167513,0.25380710659898476
gRNA_5740,0,0,0,0,0,0,0,0,0,0,0,0,0,0.0,0.0,0.0,0.0,0.0,0.0,0.0
gRNA_5781,3229,0,3229,1094,1277,858,717,873,1277,1639,0,781,858,27.03623412821307,39.54784763084546,22.205017033137196,50.75874883864974,0.0,24.187054815732424,26.571694022917313
gRNA_5783,5139,0,5139,5139,0,0,4995,0,0,144,0,144,0,0.0,0.0,97.19789842381786,2.8021015761821366,0.0,2.8021015761821366,0.0
gRNA_5786,7161,0,7161,7139,3,19,5284,2,3,1875,0,1856,19,0.027929060187124703,0.04189359028068706,73.78857701438346,26.18349392542941,0.0,25.918167853651724,0.2653260717776847
gRNA_5795,1138,0,1138,1126,3,9,953,1,3,184,1,174,9,0.08787346221441125,0.26362038664323373,83.74340949033392,16.16871704745167,0.08787346221441125,15.289982425307556,0.7908611599297012
gRNA_5803,2794,0,2794,1603,498,693,1451,433,498,910,0,217,693,15.497494631352899,17.823908375089477,51.932712956335,32.5697924123121,0.0,7.766642806012885,24.80314960629921
gRNA_5805,529,0,529,348,55,126,214,27,55,288,0,162,126,5.103969754253308,10.396975425330814,40.45368620037807,54.44234404536862,0.0,30.623818525519848,23.81852551984877
gRNA_5906,15843,0,15843,15238,250,355,13427,156,250,2260,0,1905,355,0.9846619958341223,1.5779839676828884,84.75036293631257,14.26497506785331,0.0,12.024237833743609,2.2407372341097016
gRNA_5911,21372,0,21372,20404,624,344,13862,262,624,7248,0,6904,344,1.225903050720569,2.9197080291970803,64.86056522552873,33.9135317237507,0.0,32.30394909227026,1.6095826314804418
gRNA_592,14912,0,14912,14905,3,4,13430,0,3,1482,1,1477,4,0.0,0.020118025751072962,90.06169527896996,9.938304721030043,0.006706008583690987,9.904774678111588,0.02682403433476395
gRNA_5920,9744,0,9744,9698,6,40,6241,4,6,3499,0,3459,40,0.041050903119868636,0.06157635467980296,64.04967159277504,35.90927750410509,0.0,35.498768472906406,0.41050903119868637
gRNA_5932,2764,0,2764,2761,1,2,2729,1,1,34,0,32,2,0.0361794500723589,0.0361794500723589,98.73371924746743,1.2301013024602026,0.0,1.1577424023154848,0.0723589001447178
gRNA_5941,1011,0,1011,1004,1,6,1000,1,1,10,0,4,6,0.09891196834817013,0.09891196834817013,98.91196834817013,0.9891196834817013,0.0,0.39564787339268054,0.5934718100890207
gRNA_5952,13586,0,13586,11036,1008,1542,10312,918,1008,2356,0,808,1548,6.756955689680553,7.419402325923745,75.90166347710878,17.341380833210657,0.0,5.947298689827764,11.394082143382894
gRNA_5954,6153,0,6153,5019,509,625,3482,352,509,2319,0,1694,625,5.720786608158622,8.272387453274826,56.59028116366,37.68893222818137,0.0,27.531285551763368,10.157646676418008
gRNA_5960,13450,0,13450,9979,1654,1817,9614,1485,1654,2351,0,534,1817,11.04089219330855,12.297397769516728,71.47955390334573,17.479553903345725,0.0,3.970260223048327,13.509293680297398
gRNA_5964,4737,0,4737,4732,2,3,4606,1,2,130,1,126,3,0.021110407430863416,0.04222081486172683,97.23453662655689,2.744352966012244,0.021110407430863416,2.6599113362887903,0.06333122229259025
gRNA_605,1266,0,1266,1265,1,0,1081,1,1,184,0,184,0,0.07898894154818326,0.07898894154818326,85.3870458135861,14.533965244865719,0.0,14.533965244865719,0.0
gRNA_6080,530,0,530,0,524,6,0,0,524,530,0,524,6,0.0,98.86792452830188,0.0,100.0,0.0,98.86792452830188,1.1320754716981132
gRNA_6081,3,0,3,0,1,2,0,0,1,3,0,1,2,0.0,33.333333333333336,0.0,100.0,0.0,33.333333333333336,66.66666666666667
gRNA_6087,1162,0,1162,493,668,1,108,0,668,1054,0,1053,1,0.0,57.48709122203098,9.294320137693632,90.70567986230637,0.0,90.61962134251291,0.08605851979345955
gRNA_610,668,0,668,358,124,186,337,116,124,215,0,29,186,17.365269461077844,18.562874251497007,50.449101796407184,32.18562874251497,0.0,4.341317365269461,27.84431137724551
gRNA_6101,4323,0,4323,4291,14,18,1875,3,14,2445,2,2425,18,0.06939625260235947,0.3238491788110109,43.37265787647467,56.55794587092297,0.046264168401572985,56.09530418690724,0.4163775156141568
gRNA_6111,0,0,0,0,0,0,0,0,0,0,0,0,0,0.0,0.0,0.0,0.0,0.0,0.0,0.0
gRNA_6118,4359,0,4359,1341,1390,1628,1174,1196,1390,1989,0,361,1628,27.43748566184905,31.88804771736637,26.932782748336773,45.62973158981418,0.0,8.281715989905942,37.34801559990824
gRNA_6125,0,0,0,0,0,0,0,0,0,0,0,0,0,0.0,0.0,0.0,0.0,0.0,0.0,0.0
gRNA_6127,1997,0,1997,1602,252,143,1019,138,252,840,3,693,144,6.910365548322484,12.618928392588883,51.02653980971457,42.06309464196294,0.15022533800701052,34.70205307961943,7.210816224336504
gRNA_6129,3,0,3,3,0,0,3,0,0,0,0,0,0,0.0,0.0,100.0,0.0,0.0,0.0,0.0
gRNA_613,1490,0,1490,1488,1,1,1476,1,1,13,0,12,1,0.06711409395973154,0.06711409395973154,99.06040268456375,0.87248322147651,0.0,0.8053691275167785,0.06711409395973154
gRNA_6148,150,0,150,108,20,22,6,3,20,141,0,119,22,2.0,13.333333333333334,4.0,94.0,0.0,79.33333333333333,14.666666666666666
gRNA_6152,8012,10,8002,5163,1108,1731,4386,791,1108,2825,0,1094,1731,9.885028742814296,13.846538365408648,54.81129717570607,35.30367408147963,0.0,13.671582104473881,21.63209197700575
gRNA_6158,1216,0,1216,1209,3,4,1160,3,3,53,0,49,4,0.24671052631578946,0.24671052631578946,95.39473684210526,4.358552631578948,0.0,4.029605263157895,0.32894736842105265
gRNA_6160,957,0,957,956,0,1,859,0,0,98,0,97,1,0.0,0.0,89.75966562173458,10.240334378265413,0.0,10.135841170323928,0.1044932079414838
gRNA_6166,17306,0,17306,14394,1194,1718,11624,763,1194,4919,0,3201,1718,4.4088755344967065,6.899341268924073,67.16745637351208,28.423668091991217,0.0,18.496475210909512,9.927192881081705
gRNA_617,9281,2,9279,5864,1295,2120,4247,846,1295,4186,0,2066,2120,9.117361784675072,13.956245285052269,45.770018320939755,45.11261989438517,0.0,22.265330315766786,22.847289578618387
gRNA_6170,20162,0,20162,19442,258,462,5096,12,258,15054,0,14592,462,0.059517904969745065,1.279634956849519,25.27527031048507,74.66521178454518,0.0,72.37377244321,2.291439341335185
gRNA_6176,23677,0,23677,21830,745,1102,19372,528,745,3777,0,2675,1102,2.230012248173333,3.1465134941082065,81.81779786290492,15.952189888921739,0.0,11.297884022469063,4.654305866452676
gRNA_6178,0,0,0,0,0,0,0,0,0,0,0,0,0,0.0,0.0,0.0,0.0,0.0,0.0,0.0
gRNA_6179,1045,1037,8,1,6,1,0,0,6,8,0,7,1,0.0,75.0,0.0,100.0,0.0,87.5,12.5
gRNA_6181,8677,0,8677,8421,136,120,7145,91,136,1441,0,1321,120,1.0487495678229803,1.5673619914717067,82.34412815489225,16.607122277284777,0.0,15.224155814221506,1.3829664630632708
gRNA_6197,3798,0,3798,3750,19,29,2293,5,19,1500,0,1471,29,0.13164823591363875,0.5002632964718273,60.37388098999473,39.494470774091624,0.0,38.73091100579252,0.7635597682991048
gRNA_6215,2711,0,2711,2700,5,6,2303,2,5,406,0,399,7,0.07377351530800443,0.18443378827001106,84.9502028771671,14.9760236075249,0.0,14.717816303946883,0.25820730357801547
gRNA_6218,2119,0,2119,2118,0,1,1392,0,0,727,0,726,1,0.0,0.0,65.69136385087306,34.30863614912695,0.0,34.261444077395,0.04719207173194903
gRNA_627,308,0,308,306,1,1,121,0,1,187,0,186,1,0.0,0.3246753246753247,39.285714285714285,60.714285714285715,0.0,60.38961038961039,0.3246753246753247
gRNA_634,0,0,0,0,0,0,0,0,0,0,0,0,0,0.0,0.0,0.0,0.0,0.0,0.0,0.0
gRNA_635,18417,0,18417,13960,1859,2598,448,47,1859,17922,3868,886,13168,0.2551990009230602,10.093934951403595,2.4325351577347014,97.31226584134224,21.002334799370146,4.810772655698539,71.49915838627355
gRNA_636,8118,0,8118,7163,349,606,3720,126,349,4272,1,3665,606,1.5521064301552105,4.299088445429909,45.824094604582406,52.62379896526238,0.01231830500123183,45.14658782951466,7.464892830746489
gRNA_6370,26,0,26,23,2,1,19,1,2,6,0,5,1,3.8461538461538463,7.6923076923076925,73.07692307692308,23.076923076923077,0.0,19.23076923076923,3.8461538461538463
gRNA_6374,8113,0,8113,7547,221,345,5841,116,221,2156,0,1811,345,1.429804018242327,2.724023172685813,71.99556267718476,26.574633304572906,0.0,22.322198939972882,4.252434364600025
gRNA_6380,10300,0,10300,10211,28,61,9040,14,28,1246,0,1185,61,0.13592233009708737,0.27184466019417475,87.76699029126213,12.097087378640778,0.0,11.504854368932039,0.5922330097087378
gRNA_6382,79,0,79,77,2,0,5,0,2,74,0,74,0,0.0,2.5316455696202533,6.329113924050633,93.67088607594937,0.0,93.67088607594937,0.0
gRNA_6400,8733,0,8733,7322,609,802,1699,103,609,6931,0,6129,802,1.179434329554563,6.973548608725524,19.45494102828352,79.36562464216192,0.0,70.18206801786327,9.183556624298637
gRNA_6406,2908,0,2908,1872,444,592,949,203,444,1756,0,1164,592,6.980742778541953,15.268225584594223,32.63411279229711,60.38514442916094,0.0,40.02751031636864,20.357634112792297
gRNA_6407,5038,0,5038,5037,0,1,4619,0,0,419,1,417,1,0.0,0.0,91.68320762207225,8.316792377927749,0.019849146486701073,8.277094084954348,0.019849146486701073
gRNA_6414,10616,0,10616,10590,9,17,8140,4,9,2472,2,1095,1375,0.037678975131876416,0.08477769404672193,76.6767143933685,23.285606631499622,0.018839487565938208,10.314619442351168,12.952147701582517
gRNA_6433,1955,0,1955,1924,14,17,1537,5,14,413,0,396,17,0.2557544757033248,0.7161125319693095,78.61892583120205,21.125319693094628,0.0,20.255754475703323,0.8695652173913043
gRNA_6435,85,0,85,79,5,1,78,4,5,3,0,2,1,4.705882352941177,5.882352941176471,91.76470588235294,3.5294117647058822,0.0,2.3529411764705883,1.1764705882352942
gRNA_6436,13739,0,13739,12454,615,670,11054,477,615,2208,3,1534,671,3.4718684038139602,4.476308319382779,80.45709294708494,16.071038649101098,0.02183565033845258,11.165295873062085,4.883907125700561
gRNA_6441,991,990,1,0,1,0,0,0,1,1,0,1,0,0.0,100.0,0.0,100.0,0.0,100.0,0.0
gRNA_6452,994,0,994,958,15,21,840,7,15,147,0,126,21,0.704225352112676,1.5090543259557343,84.50704225352112,14.788732394366198,0.0,12.67605633802817,2.112676056338028
gRNA_6455,1207,0,1207,808,231,168,179,100,231,928,0,758,170,8.285004142502071,19.138359569179784,14.830157415078707,76.88483844241922,0.0,62.8003314001657,14.084507042253522
gRNA_646,53,0,53,52,1,0,12,0,1,41,0,41,0,0.0,1.8867924528301887,22.641509433962263,77.35849056603773,0.0,77.35849056603773,0.0
gRNA_6461,323,0,323,318,1,4,99,0,1,224,0,220,4,0.0,0.30959752321981426,30.65015479876161,69.3498452012384,0.0,68.11145510835914,1.238390092879257
gRNA_6465,293,0,293,284,1,8,220,1,1,72,0,64,8,0.3412969283276451,0.3412969283276451,75.08532423208192,24.573378839590443,0.0,21.843003412969285,2.7303754266211606
gRNA_6470,463,0,463,463,0,0,45,0,0,418,0,2,416,0.0,0.0,9.719222462203025,90.28077753779698,0.0,0.4319654427645788,89.8488120950324
gRNA_6472,0,0,0,0,0,0,0,0,0,0,0,0,0,0.0,0.0,0.0,0.0,0.0,0.0,0.0
gRNA_6478,4163,0,4163,4100,17,46,3089,7,17,1067,0,1020,47,0.16814797021378813,0.40835935623348546,74.2012971414845,25.630554888301706,0.0,24.50156137400913,1.1289935142925775
gRNA_6480,0,0,0,0,0,0,0,0,0,0,0,0,0,0.0,0.0,0.0,0.0,0.0,0.0,0.0
gRNA_6483,387,0,387,385,1,1,306,1,1,80,0,79,1,0.25839793281653745,0.25839793281653745,79.06976744186046,20.671834625322997,0.0,20.41343669250646,0.25839793281653745
gRNA_6497,14354,2,14352,11567,1070,1715,7770,433,1070,6149,8,4423,1718,3.0170011148272016,7.455406911928651,54.13879598662207,42.844202898550726,0.055741360089186176,30.818004459308806,11.970457079152732
gRNA_6498,7387,0,7387,6117,444,826,2069,101,444,5217,3,4387,827,1.367266820089346,6.010559090293759,28.008663868958983,70.62406931095167,0.0406118857452281,59.3881142547719,11.195343170434548
gRNA_6519,350,0,350,255,30,65,189,12,30,149,0,84,65,3.4285714285714284,8.571428571428571,54.0,42.57142857142857,0.0,24.0,18.571428571428573
gRNA_6520,6342,0,6342,6125,88,129,1672,17,88,4653,0,4524,129,0.26805424156417534,1.3875748975086724,26.363923052664774,73.36802270577105,0.0,71.33396404919584,2.034058656575213
gRNA_6530,8461,0,8461,7989,231,241,7675,203,231,583,0,342,241,2.399243588228342,2.7301737383288027,90.71031792932277,6.890438482448883,0.0,4.042075404798487,2.848363077650396
gRNA_6532,21227,0,21227,19278,780,1169,17242,607,780,3378,1,2208,1169,2.8595656475243794,3.6745654119753146,81.22673952984407,15.913694822631554,0.004710981297404249,10.401846704668582,5.507137136665567
gRNA_6537,5947,0,5947,5941,4,2,5770,1,4,176,0,173,3,0.016815200941651252,0.06726080376660501,97.02370943332772,2.9594753657306203,0.0,2.9090297629056665,0.05044560282495376
gRNA_655,2591,0,2591,2061,38,492,553,14,38,2024,308,963,753,0.5403319181783095,1.466615206483983,21.343110768043225,78.11655731377846,11.887302199922809,37.16711694326515,29.062138170590504
gRNA_6556,3649,0,3649,3160,177,312,3076,161,177,412,0,100,312,4.41216771718279,4.8506440120580985,84.29706768977802,11.290764593039189,0.0,2.740476842970677,8.550287750068511
gRNA_656,3285,0,3285,3278,4,3,2875,3,4,407,1,403,3,0.091324200913242,0.121765601217656,87.51902587519025,12.3896499238965,0.030441400304414,12.267884322678844,0.091324200913242
gRNA_6564,20,0,20,18,0,2,16,0,0,4,0,2,2,0.0,0.0,80.0,20.0,0.0,10.0,10.0
gRNA_6566,16502,0,16502,16336,44,122,15393,31,44,1078,0,956,122,0.18785601745243,0.26663434735183617,93.27960247242758,6.5325415101199855,0.0,5.793237183371713,0.739304326748273
gRNA_6568,3284,0,3284,1954,525,805,1110,263,525,1911,0,1105,806,8.008526187576127,15.986601705237515,33.80024360535932,58.19123020706456,0.0,33.64799025578563,24.543239951278927
gRNA_6570,477,0,477,473,3,1,99,0,3,378,0,377,1,0.0,0.6289308176100629,20.754716981132077,79.24528301886792,0.0,79.03563941299791,0.20964360587002095
gRNA_6573,6624,0,6624,6622,2,0,6432,0,2,192,0,192,0,0.0,0.030193236714975844,97.10144927536231,2.898550724637681,0.0,2.898550724637681,0.0
gRNA_6580,4917,0,4917,4914,3,0,4308,2,3,607,0,607,0,0.04067520846044336,0.06101281269066504,87.614399023795,12.34492576774456,0.0,12.34492576774456,0.0
gRNA_6594,7100,0,7100,6631,404,65,5288,275,404,1537,0,1472,65,3.8732394366197185,5.690140845070423,74.47887323943662,21.64788732394366,0.0,20.732394366197184,0.9154929577464789
gRNA_6602,2208,0,2208,2203,0,5,804,0,0,1404,0,1399,5,0.0,0.0,36.41304347826087,63.58695652173913,0.0,63.36050724637681,0.22644927536231885
gRNA_6610,21237,0,21237,19464,794,979,17049,574,794,3614,0,2557,1057,2.7028299665677826,3.7387578283185006,80.2797005226727,17.017469510759522,0.0,12.04030701134812,4.9771624994114045
gRNA_6611,51901,0,51901,49997,748,1156,49445,698,748,1758,0,602,1156,1.3448681142945222,1.4412053717654765,95.26791391302672,3.3872179726787537,0.0,1.15990057995029,2.2273173927284637
gRNA_6628,2095,0,2095,1883,76,136,1750,52,76,293,0,157,136,2.4821002386634845,3.627684964200477,83.53221957040573,13.985680190930788,0.0,7.494033412887828,6.491646778042959
gRNA_6629,0,0,0,0,0,0,0,0,0,0,0,0,0,0.0,0.0,0.0,0.0,0.0,0.0,0.0
gRNA_663,9383,0,9383,9301,40,42,9016,30,40,337,0,295,42,0.31972716615155067,0.4263028882020676,96.08867100074603,3.5916018331024193,0.0,3.1439838004902483,0.4476180326121709
gRNA_6630,1331,0,1331,744,227,360,546,148,227,637,1,276,360,11.11945905334335,17.054845980465814,41.021788129226145,47.858752817430506,0.07513148009015777,20.736288504883547,27.0473328324568
gRNA_6634,762,0,762,761,0,1,679,0,0,83,0,82,1,0.0,0.0,89.10761154855643,10.89238845144357,0.0,10.761154855643044,0.13123359580052493
gRNA_6635,1666,0,1666,1666,0,0,1431,0,0,235,0,235,0,0.0,0.0,85.89435774309725,14.105642256902762,0.0,14.105642256902762,0.0
gRNA_6647,102,0,102,55,20,27,43,12,20,47,0,20,27,11.764705882352942,19.607843137254903,42.15686274509804,46.07843137254902,0.0,19.607843137254903,26.470588235294116
gRNA_6651,3720,1,3719,3703,3,13,1713,1,3,2005,0,1992,13,0.026888948642108095,0.08066684592632428,46.060769023931165,53.912342027426725,0.0,53.56278569507932,0.34955633234740524
gRNA_6652,928,0,928,924,1,3,33,0,1,895,0,892,3,0.0,0.10775862068965517,3.5560344827586206,96.44396551724138,0.0,96.12068965517241,0.3232758620689655
gRNA_6653,559,0,559,553,2,4,427,1,2,131,0,127,4,0.17889087656529518,0.35778175313059035,76.38640429338103,23.43470483005367,0.0,22.719141323792485,0.7155635062611807
gRNA_6666,11930,0,11930,11916,4,10,10111,1,4,1818,0,1808,10,0.008382229673093043,0.03352891869237217,84.75272422464376,15.238893545683151,0.0,15.155071248952222,0.08382229673093043
gRNA_6669,113,0,113,86,9,18,61,3,9,49,0,31,18,2.6548672566371683,7.964601769911504,53.982300884955755,43.36283185840708,0.0,27.43362831858407,15.929203539823009
gRNA_6687,4745,1,4744,4715,10,19,1664,4,10,3076,2,3055,19,0.08431703204047218,0.21079258010118043,35.07588532883643,64.8397976391231,0.04215851602023609,64.39713322091062,0.40050590219224286
gRNA_6690,374,0,374,367,4,3,115,1,4,258,0,252,6,0.26737967914438504,1.0695187165775402,30.74866310160428,68.98395721925134,0.0,67.37967914438502,1.6042780748663101
gRNA_6696,1,0,1,1,0,0,0,0,0,1,0,1,0,0.0,0.0,0.0,100.0,0.0,100.0,0.0
gRNA_6704,4393,0,4393,3787,319,287,2720,196,319,1477,0,1190,287,4.461643523787845,7.261552469838379,61.91668563623947,33.62167083997269,0.0,27.088549965854767,6.533120874117915
gRNA_6706,44,0,44,35,5,4,0,0,5,44,0,40,4,0.0,11.363636363636363,0.0,100.0,0.0,90.9090909090909,9.090909090909092
gRNA_6712,0,0,0,0,0,0,0,0,0,0,0,0,0,0.0,0.0,0.0,0.0,0.0,0.0,0.0
gRNA_672,38,0,38,14,5,19,13,2,5,23,0,4,19,5.2631578947368425,13.157894736842104,34.21052631578947,60.526315789473685,0.0,10.526315789473685,50.0
gRNA_6720,3026,0,3026,3010,2,14,1491,0,2,1535,340,1126,69,0.0,0.06609385327164574,49.2729676140119,50.7270323859881,11.235955056179776,37.21083939193655,2.280237937871778
gRNA_6722,8373,0,8373,3175,2856,2342,2862,2533,2856,2978,0,636,2342,30.252000477726025,34.10963812253672,34.1812970261555,35.566702496118474,0.0,7.595843783590111,27.970858712528365
gRNA_6743,0,0,0,0,0,0,0,0,0,0,0,0,0,0.0,0.0,0.0,0.0,0.0,0.0,0.0
gRNA_6745,0,0,0,0,0,0,0,0,0,0,0,0,0,0.0,0.0,0.0,0.0,0.0,0.0,0.0
gRNA_6781,0,0,0,0,0,0,0,0,0,0,0,0,0,0.0,0.0,0.0,0.0,0.0,0.0,0.0
gRNA_6782,2,0,2,0,2,0,0,0,2,2,0,2,0,0.0,100.0,0.0,100.0,0.0,100.0,0.0
gRNA_6797,0,0,0,0,0,0,0,0,0,0,0,0,0,0.0,0.0,0.0,0.0,0.0,0.0,0.0
gRNA_6833,0,0,0,0,0,0,0,0,0,0,0,0,0,0.0,0.0,0.0,0.0,0.0,0.0,0.0
gRNA_6834,0,0,0,0,0,0,0,0,0,0,0,0,0,0.0,0.0,0.0,0.0,0.0,0.0,0.0
gRNA_6835,0,0,0,0,0,0,0,0,0,0,0,0,0,0.0,0.0,0.0,0.0,0.0,0.0,0.0
gRNA_6842,0,0,0,0,0,0,0,0,0,0,0,0,0,0.0,0.0,0.0,0.0,0.0,0.0,0.0
gRNA_6849,0,0,0,0,0,0,0,0,0,0,0,0,0,0.0,0.0,0.0,0.0,0.0,0.0,0.0
gRNA_687,8208,0,8208,7944,111,153,5621,73,111,2514,0,2361,153,0.8893762183235867,1.3523391812865497,68.48196881091619,30.628654970760234,0.0,28.764619883040936,1.8640350877192982
gRNA_690,19868,0,19868,16848,1088,1932,16759,1066,1088,2043,0,111,1932,5.365411717334407,5.476142540769076,84.35172136098248,10.282866921683109,0.0,0.5586873364203745,9.724179585262734
gRNA_694,1264,0,1264,813,173,278,806,172,173,286,0,8,278,13.60759493670886,13.686708860759493,63.765822784810126,22.626582278481013,0.0,0.6329113924050633,21.99367088607595
gRNA_7011,19994,0,19994,19943,37,14,19438,33,37,523,0,509,14,0.16504951485445635,0.1850555166549965,97.21916574972492,2.6157847354206263,0.0,2.5457637291187356,0.07002100630189056
gRNA_7015,2926,0,2926,2805,37,84,2205,11,37,710,0,626,84,0.37593984962406013,1.264524948735475,75.35885167464114,24.26520847573479,0.0,21.394395078605605,2.8708133971291865
gRNA_7021,423,0,423,422,0,1,221,0,0,202,0,201,1,0.0,0.0,52.24586288416076,47.75413711583924,0.0,47.5177304964539,0.2364066193853428
gRNA_7023,34,0,34,13,7,14,12,6,7,16,0,2,14,17.647058823529413,20.58823529411765,35.294117647058826,47.05882352941177,0.0,5.882352941176471,41.1764705882353
gRNA_703,409,0,409,409,0,0,254,0,0,155,1,154,0,0.0,0.0,62.10268948655257,37.89731051344743,0.24449877750611246,37.65281173594132,0.0
gRNA_7030,14851,0,14851,14795,7,49,14530,4,7,317,0,268,49,0.026934213184297354,0.04713487307252037,97.83852939196014,2.1345363948555653,0.0,1.8045922833479227,0.3299441115076426
gRNA_7034,1060,0,1060,920,65,75,911,63,65,86,0,11,75,5.943396226415095,6.132075471698113,85.94339622641509,8.11320754716981,0.0,1.0377358490566038,7.0754716981132075
gRNA_7043,511,0,511,511,0,0,469,0,0,42,0,42,0,0.0,0.0,91.78082191780823,8.219178082191782,0.0,8.219178082191782,0.0
gRNA_7045,11570,0,11570,10988,185,397,6034,67,185,5469,0,5072,397,0.5790838375108038,1.598962834917891,52.15211754537597,47.26879861711323,0.0,43.837510803802935,3.431287813310285
gRNA_705,456,0,456,453,0,3,426,0,0,30,0,27,3,0.0,0.0,93.42105263157895,6.578947368421052,0.0,5.921052631578948,0.6578947368421053
gRNA_7056,21919,1,21918,21917,1,0,20382,1,1,1535,0,1535,0,0.004562460078474313,0.004562460078474313,92.99206131946346,7.003376220458071,0.0,7.003376220458071,0.0
gRNA_7059,4848,0,4848,4846,0,2,4323,0,0,525,0,523,2,0.0,0.0,89.17079207920793,10.82920792079208,0.0,10.787953795379538,0.041254125412541254
gRNA_7065,3126,0,3126,3080,20,26,2694,13,20,419,0,393,26,0.41586692258477287,0.6397952655150352,86.18042226487523,13.403710812539988,0.0,12.571976967370441,0.8317338451695457
gRNA_707,1644,0,1644,1567,24,53,1508,20,24,116,0,63,53,1.2165450121654502,1.4598540145985401,91.72749391727494,7.0559610705596105,0.0,3.832116788321168,3.223844282238443
gRNA_710,4791,0,4791,3438,733,620,1898,328,733,2565,0,1945,620,6.846169901899395,15.2995199332081,39.61594656647881,53.53788353162179,0.0,40.596952619494886,12.940930912126905
gRNA_722,10588,0,10588,10414,48,126,9678,33,48,877,0,751,126,0.31167359274650547,0.45334340763128067,91.40536456365697,8.282961843596524,0.0,7.092935398564412,1.1900264450321119
gRNA_725,9977,0,9977,8761,453,763,5781,279,453,3917,1,3153,763,2.7964317931241855,4.54044301894357,57.94326951989576,39.26029868698006,0.010023053021950485,31.602686178209883,7.6475894557482205
gRNA_726,1598,0,1598,1567,7,24,1551,7,7,40,0,16,24,0.4380475594493116,0.4380475594493116,97.05882352941177,2.5031289111389237,0.0,1.0012515644555695,1.5018773466833542
gRNA_7276,3079,0,3079,2171,312,596,877,72,312,2130,0,1534,596,2.338421565443326,10.133160116921077,28.48327379019162,69.17830464436506,0.0,49.821370574861966,19.356934069503087
gRNA_7277,469,0,469,297,69,103,108,15,69,346,0,243,103,3.1982942430703623,14.712153518123667,23.02771855010661,73.77398720682302,0.0,51.81236673773987,21.961620469083154
gRNA_7281,5529,0,5529,5519,5,5,5193,2,5,334,0,328,6,0.03617290649303671,0.09043226623259179,93.92295170916984,6.040875384337132,0.0,5.9323566648580215,0.10851871947911014
gRNA_731,1445,0,1445,1431,7,7,1404,7,7,34,0,27,7,0.4844290657439446,0.4844290657439446,97.16262975778547,2.3529411764705883,0.0,1.8685121107266436,0.4844290657439446
gRNA_733,3255,0,3255,2010,481,764,1744,379,481,1132,0,368,764,11.643625192012289,14.77726574500768,53.57910906298003,34.77726574500768,0.0,11.30568356374808,23.4715821812596
gRNA_735,9236,0,9236,9135,29,72,7563,11,29,1662,0,1590,72,0.11909917713295799,0.31398873971416197,81.8860978778692,17.994802944997833,0.0,17.215244694673018,0.779558250324816
gRNA_7361,317,0,317,316,1,0,241,1,1,75,0,75,0,0.31545741324921134,0.31545741324921134,76.02523659305994,23.65930599369085,0.0,23.65930599369085,0.0
gRNA_7365,109,0,109,92,6,11,59,3,6,47,0,36,11,2.7522935779816513,5.504587155963303,54.12844036697248,43.11926605504587,0.0,33.027522935779814,10.091743119266056
gRNA_7371,3277,0,3277,3262,7,8,3165,7,7,105,0,97,8,0.21361000915471468,0.21361000915471468,96.58223985352457,3.20415013732072,0.0,2.9600244125724746,0.24412572474824534
gRNA_7372,329,0,329,326,2,1,157,0,2,172,0,171,1,0.0,0.60790273556231,47.72036474164134,52.27963525835866,0.0,51.97568389057751,0.303951367781155
gRNA_7379,5989,0,5989,5938,25,26,706,0,25,5283,0,5256,27,0.0,0.4174319585907497,11.788278510602773,88.21172148939723,0.0,87.76089497411922,0.4508265152780097
gRNA_7393,0,0,0,0,0,0,0,0,0,0,0,0,0,0.0,0.0,0.0,0.0,0.0,0.0,0.0
gRNA_7394,1809,0,1809,1690,52,67,1614,46,52,149,0,82,67,2.542841348811498,2.874516307352128,89.22056384742952,8.236594803758983,0.0,4.532891100055279,3.7037037037037037
gRNA_7409,245,0,245,243,0,2,107,0,0,138,0,136,2,0.0,0.0,43.673469387755105,56.326530612244895,0.0,55.51020408163265,0.8163265306122449
gRNA_742,569,0,569,567,2,0,219,0,2,350,0,349,1,0.0,0.351493848857645,38.488576449912124,61.511423550087876,0.0,61.33567662565905,0.1757469244288225
gRNA_7420,546,0,546,546,0,0,220,0,0,326,0,326,0,0.0,0.0,40.29304029304029,59.70695970695971,0.0,59.70695970695971,0.0
gRNA_7426,1898,7,1891,1838,27,26,1295,11,27,585,0,559,26,0.5817028027498677,1.4278159703860391,68.48228450555261,30.936012691697513,0.0,29.561078794288736,1.3749338974087784
gRNA_7429,0,0,0,0,0,0,0,0,0,0,0,0,0,0.0,0.0,0.0,0.0,0.0,0.0,0.0
gRNA_7434,1024,0,1024,1015,0,9,455,0,0,569,0,560,9,0.0,0.0,44.43359375,55.56640625,0.0,54.6875,0.87890625
gRNA_7436,3031,0,3031,2313,286,432,2153,231,286,647,0,215,432,7.621247113163972,9.435829759155395,71.03266248762785,21.346090399208183,0.0,7.093368525239195,14.252721873968987
gRNA_7444,1599,0,1599,1593,3,3,1138,0,3,461,0,458,3,0.0,0.18761726078799248,71.16948092557848,28.830519074421513,0.0,28.64290181363352,0.18761726078799248
gRNA_7446,19939,0,19939,17568,1348,1023,2181,99,1348,17659,0,16636,1023,0.496514368824916,6.760619890666533,10.938362004112543,88.56512362706255,0.0,83.43447514920507,5.1306484778574655
gRNA_7447,165,0,165,156,1,8,129,1,1,35,6,20,9,0.6060606060606061,0.6060606060606061,78.18181818181819,21.21212121212121,3.6363636363636362,12.121212121212121,5.454545454545454
gRNA_7448,488,0,488,456,14,18,99,0,14,389,0,371,18,0.0,2.8688524590163933,20.28688524590164,79.71311475409836,0.0,76.02459016393442,3.6885245901639343
gRNA_7450,425,0,425,398,12,15,61,1,12,363,0,348,15,0.23529411764705882,2.823529411764706,14.352941176470589,85.41176470588235,0.0,81.88235294117646,3.5294117647058822
gRNA_7462,3352,0,3352,3250,43,59,1897,11,43,1444,1,1384,59,0.32816229116945106,1.2828162291169452,56.59307875894988,43.078758949880665,0.029832935560859187,41.288782816229116,1.760143198090692
gRNA_748,3267,0,3267,2955,143,169,2605,102,143,560,0,391,169,3.1221303948576677,4.377104377104377,79.73676155494337,17.14110805019896,0.0,11.968166513621059,5.1729415365779
gRNA_7481,0,0,0,0,0,0,0,0,0,0,0,0,0,0.0,0.0,0.0,0.0,0.0,0.0,0.0
gRNA_750,3423,0,3423,3407,10,6,2992,4,10,427,0,421,6,0.11685655857434998,0.29214139643587494,87.40870581361379,12.474437627811861,0.0,12.299152789950336,0.175284837861525
gRNA_7510,403,0,403,0,403,0,0,0,403,403,0,403,0,0.0,100.0,0.0,100.0,0.0,100.0,0.0
gRNA_7511,0,0,0,0,0,0,0,0,0,0,0,0,0,0.0,0.0,0.0,0.0,0.0,0.0,0.0
gRNA_7512,0,0,0,0,0,0,0,0,0,0,0,0,0,0.0,0.0,0.0,0.0,0.0,0.0,0.0
gRNA_7513,0,0,0,0,0,0,0,0,0,0,0,0,0,0.0,0.0,0.0,0.0,0.0,0.0,0.0
gRNA_7514,0,0,0,0,0,0,0,0,0,0,0,0,0,0.0,0.0,0.0,0.0,0.0,0.0,0.0
gRNA_7558,1,0,1,1,0,0,1,0,0,0,0,0,0,0.0,0.0,100.0,0.0,0.0,0.0,0.0
gRNA_756,1895,0,1895,1388,250,257,1327,239,250,329,0,72,257,12.612137203166228,13.192612137203167,70.0263852242744,17.361477572559366,0.0,3.7994722955145117,13.562005277044856
gRNA_7645,14526,1,14525,14475,9,41,12656,6,9,1863,0,1822,41,0.04130808950086059,0.06196213425129088,87.13253012048193,12.826161790017212,0.0,12.543889845094665,0.2822719449225473
gRNA_7653,1625,0,1625,1620,1,4,1532,1,1,92,0,88,4,0.06153846153846154,0.06153846153846154,94.27692307692308,5.661538461538462,0.0,5.415384615384616,0.24615384615384617
gRNA_766,5972,3,5969,5575,163,231,5484,151,163,334,0,103,231,2.529736974367566,2.730775674317306,91.87468587703133,5.595577148601106,0.0,1.7255821745686044,3.8699949740325015
gRNA_7660,2023,0,2023,2020,0,3,1599,0,0,424,0,421,3,0.0,0.0,79.04102817597628,20.958971824023727,0.0,20.810677212061297,0.14829461196243204
gRNA_7669,10507,0,10507,7975,1084,1448,7687,994,1084,1826,0,378,1448,9.460359760159893,10.316931569429904,73.16074997620633,17.378890263633767,0.0,3.597601598934044,13.781288664699725
gRNA_7670,1331,0,1331,1287,20,24,970,10,20,351,0,327,24,0.7513148009015778,1.5026296018031555,72.87753568745305,26.37114951164538,0.0,24.567993989481593,1.8031555221637867
gRNA_7674,15278,0,15278,14728,249,301,8233,58,249,6987,0,6686,301,0.37963084173321116,1.6297944757167169,53.8879434480953,45.73242571017149,0.0,43.76227254876293,1.9701531614085612
gRNA_7687,5115,0,5115,5064,23,28,4937,18,23,160,0,132,28,0.3519061583577713,0.4496578690127077,96.52003910068426,3.1280547409579667,0.0,2.5806451612903225,0.5474095796676441
gRNA_7690,712,0,712,569,68,75,399,28,68,285,0,209,76,3.932584269662921,9.55056179775281,56.03932584269663,40.02808988764045,0.0,29.353932584269664,10.674157303370787
gRNA_7701,6142,0,6142,6142,0,0,5821,0,0,321,0,321,0,0.0,0.0,94.7736893520026,5.226310647997395,0.0,5.226310647997395,0.0
gRNA_7709,7966,0,7966,5482,1220,1264,5089,1041,1220,1836,0,572,1264,13.068039166457444,15.31508912879739,63.884007029876976,23.047953803665578,0.0,7.1805171980918905,15.867436605573689
gRNA_7710,38102,0,38102,38096,5,1,25902,3,5,12197,938,10936,323,0.007873602435567686,0.013122670725946145,67.9806834286914,32.01144296887303,2.4618130281874966,28.701905411789408,0.8477245288961209
gRNA_7712,633,0,633,271,157,205,250,135,157,248,0,42,206,21.327014218009477,24.80252764612954,39.494470774091624,39.178515007898895,0.0,6.6350710900473935,32.5434439178515
gRNA_7713,1605,0,1605,1049,240,316,528,91,240,986,0,670,316,5.669781931464175,14.953271028037383,32.89719626168224,61.43302180685358,0.0,41.74454828660436,19.68847352024922
gRNA_7718,5461,0,5461,5441,5,15,4103,3,5,1355,0,1340,15,0.054934993590917414,0.09155832265152902,75.13275956784472,24.812305438564366,0.0,24.537630470609777,0.27467496795458707
gRNA_772,2,0,2,1,1,0,1,0,1,1,0,1,0,0.0,50.0,50.0,50.0,0.0,50.0,0.0
gRNA_7721,0,0,0,0,0,0,0,0,0,0,0,0,0,0.0,0.0,0.0,0.0,0.0,0.0,0.0
gRNA_7730,7887,0,7887,7716,89,82,2481,16,89,5390,0,5308,82,0.20286547483200204,1.1284392037530113,31.456827691137313,68.34030683403068,0.0,67.30062127551668,1.0396855585140103
gRNA_7731,7922,0,7922,7910,3,9,7188,2,3,732,0,723,9,0.025246149962130773,0.03786922494319616,90.734662963898,9.240090886139864,0.0,9.126483211310275,0.11360767482958849
gRNA_7734,9773,0,9773,9707,23,43,8481,15,23,1277,0,1234,43,0.15348408881612607,0.23534226951805995,86.77990381663767,13.0666120945462,0.0,12.626624373273303,0.4399877212728947
gRNA_775,18325,0,18325,17797,178,350,4100,21,178,14204,0,13854,350,0.1145975443383356,0.9713506139154161,22.37380627557981,77.51159618008185,0.0,75.60163710777626,1.9099590723055935
gRNA_7750,2024,0,2024,2020,2,2,399,0,2,1625,0,1623,2,0.0,0.09881422924901186,19.713438735177867,80.28656126482214,0.0,80.18774703557312,0.09881422924901186
gRNA_7753,3171,0,3171,2527,259,385,2462,238,259,471,0,86,385,7.50551876379691,8.167770419426049,77.64112267423526,14.853358561967834,0.0,2.7120782087669504,12.141280353200884
gRNA_7754,1226,0,1226,1217,4,5,1189,3,4,34,0,29,5,0.24469820554649266,0.3262642740619902,96.98205546492659,2.7732463295269167,0.0,2.365415986949429,0.4078303425774878
gRNA_7762,3641,0,3641,3634,4,3,2797,2,4,842,0,839,3,0.05492996429552321,0.10985992859104642,76.8195550672892,23.12551496841527,0.0,23.043120021971987,0.08239494644328481
gRNA_7812,0,0,0,0,0,0,0,0,0,0,0,0,0,0.0,0.0,0.0,0.0,0.0,0.0,0.0
gRNA_7813,0,0,0,0,0,0,0,0,0,0,0,0,0,0.0,0.0,0.0,0.0,0.0,0.0,0.0
gRNA_7816,0,0,0,0,0,0,0,0,0,0,0,0,0,0.0,0.0,0.0,0.0,0.0,0.0,0.0
gRNA_7839,339,0,339,314,6,19,0,0,6,339,0,0,339,0.0,1.7699115044247788,0.0,100.0,0.0,0.0,100.0
gRNA_7843,0,0,0,0,0,0,0,0,0,0,0,0,0,0.0,0.0,0.0,0.0,0.0,0.0,0.0
gRNA_7883,701,0,701,700,0,1,560,0,0,141,0,140,1,0.0,0.0,79.88587731811698,20.114122681883025,0.0,19.971469329529246,0.14265335235378032
gRNA_7893,1283,0,1283,1275,3,5,788,1,3,494,0,489,5,0.0779423226812159,0.2338269680436477,61.41855027279813,38.503507404520654,0.0,38.113795791114576,0.3897116134060795
gRNA_7900,31,0,31,31,0,0,25,0,0,6,0,6,0,0.0,0.0,80.64516129032258,19.35483870967742,0.0,19.35483870967742,0.0
gRNA_7902,0,0,0,0,0,0,0,0,0,0,0,0,0,0.0,0.0,0.0,0.0,0.0,0.0,0.0
gRNA_7909,1131,0,1131,1076,32,23,865,22,32,244,0,221,23,1.945181255526083,2.8293545534924847,76.48099027409373,21.573828470380196,0.0,19.54022988505747,2.033598585322723
gRNA_7910,9047,0,9047,8298,292,457,7842,253,292,952,0,492,460,2.796507129435172,3.227589256106997,86.68066762462695,10.52282524593788,0.0,5.438266828783022,5.084558417154858
gRNA_7914,7839,0,7839,6934,354,551,6524,297,354,1018,0,467,551,3.788748564867968,4.515882127822426,83.2249011353489,12.986350299783135,0.0,5.957392524556703,7.028957775226432
gRNA_7918,1,0,1,1,0,0,1,0,0,0,0,0,0,0.0,0.0,100.0,0.0,0.0,0.0,0.0
gRNA_7928,626,0,626,453,60,113,237,15,60,374,1,259,114,2.3961661341853033,9.584664536741213,37.85942492012779,59.7444089456869,0.1597444089456869,41.373801916932905,18.210862619808307
gRNA_7931,17052,0,17052,8553,3292,5207,7632,2824,3292,6596,0,1389,5207,16.56110720150129,19.30565329580108,44.75721323011963,38.681679568379074,0.0,8.14567206192822,30.536007506450858
gRNA_7943,2927,0,2927,1349,733,845,925,502,733,1500,0,655,845,17.150666211137683,25.042705842159208,31.60232319781346,51.247010591048856,0.0,22.37786129142467,28.869149299624187
gRNA_7951,311,1,310,310,0,0,170,0,0,140,0,140,0,0.0,0.0,54.83870967741935,45.16129032258065,0.0,45.16129032258065,0.0
gRNA_7952,1536,0,1536,1526,2,8,882,2,2,652,0,644,8,0.13020833333333334,0.13020833333333334,57.421875,42.447916666666664,0.0,41.927083333333336,0.5208333333333334
gRNA_7954,7977,0,7977,7707,116,154,7322,96,116,559,1,404,154,1.2034599473486274,1.4541807697129248,91.78889306756926,7.007646985082111,0.012536041118214868,5.0645606117588065,1.9305503322050896
gRNA_7955,3213,0,3213,3118,39,56,3055,28,39,130,0,74,56,0.8714596949891068,1.2138188608776843,95.08247743541861,4.046062869592282,0.0,2.303143479614068,1.7429193899782136
gRNA_796,2901,0,2901,2847,17,37,1255,12,17,1634,0,1597,37,0.4136504653567735,0.5860048259220958,43.2609445018959,56.32540503274733,0.0,55.04998276456394,1.275422268183385
gRNA_7961,13,0,13,11,2,0,1,0,2,12,0,12,0,0.0,15.384615384615385,7.6923076923076925,92.3076923076923,0.0,92.3076923076923,0.0
gRNA_7964,2630,0,2630,2545,34,51,2112,18,34,500,2,447,51,0.6844106463878327,1.2927756653992395,80.30418250950571,19.011406844106464,0.07604562737642585,16.99619771863118,1.9391634980988592
gRNA_7973,6912,459,6453,6448,3,2,4196,2,3,2255,169,2083,3,0.030993336432666975,0.046490004649000466,65.02401983573532,34.94498682783202,2.6189369285603594,32.27955989462266,0.046490004649000466
gRNA_7974,98,0,98,54,19,25,45,15,19,38,1,12,25,15.306122448979592,19.387755102040817,45.91836734693877,38.775510204081634,1.0204081632653061,12.244897959183673,25.510204081632654
gRNA_7977,3,1,2,0,2,0,0,0,2,2,0,2,0,0.0,100.0,0.0,100.0,0.0,100.0,0.0
gRNA_7993,1874,0,1874,1873,1,0,1312,0,1,562,0,562,0,0.0,0.05336179295624333,70.01067235859125,29.989327641408753,0.0,29.989327641408753,0.0
gRNA_7996,24,0,24,22,2,0,16,0,2,8,0,8,0,0.0,8.333333333333334,66.66666666666667,33.333333333333336,0.0,33.333333333333336,0.0
gRNA_7997,12624,0,12624,12591,1,32,8168,0,1,4456,0,4424,32,0.0,0.007921419518377694,64.70215462610899,35.297845373891,0.0,35.044359949302915,0.2534854245880862
gRNA_8005,15866,1,15865,15857,3,5,12679,1,3,3185,1,3179,5,0.006303183107469272,0.018909549322407817,79.9180586196029,20.07563819728963,0.006303183107469272,20.037819098644814,0.03151591553734636
gRNA_804,670,0,670,664,2,4,650,0,2,20,0,15,5,0.0,0.29850746268656714,97.01492537313433,2.985074626865672,0.0,2.2388059701492535,0.746268656716418
gRNA_808,18130,0,18130,17949,54,127,12978,16,54,5136,0,5008,128,0.0882515168229454,0.2978488692774407,71.58301158301158,28.32873690016547,0.0,27.622724765581907,0.7060121345835632
gRNA_8103,75036,4,75032,64321,5944,4767,56939,4908,5944,13185,2118,6230,4837,6.541209084124107,7.921953299925365,75.88628851689946,17.572502398976436,2.8227956072075915,8.303124000426484,6.446582791342361
gRNA_8107,42,0,42,24,11,7,6,0,11,36,0,29,7,0.0,26.19047619047619,14.285714285714286,85.71428571428571,0.0,69.04761904761905,16.666666666666668
gRNA_8113,141,0,141,77,28,36,63,17,28,61,0,25,36,12.056737588652481,19.858156028368793,44.680851063829785,43.262411347517734,0.0,17.73049645390071,25.53191489361702
gRNA_8114,1404,0,1404,838,202,364,511,126,202,767,0,403,364,8.974358974358974,14.387464387464387,36.396011396011396,54.629629629629626,0.0,28.703703703703702,25.925925925925927
gRNA_8121,1580,0,1580,1302,106,172,924,53,106,603,0,431,172,3.3544303797468356,6.708860759493671,58.48101265822785,38.164556962025316,0.0,27.27848101265823,10.886075949367088
gRNA_8129,2988,2986,2,2,0,0,2,0,0,0,0,0,0,0.0,0.0,100.0,0.0,0.0,0.0,0.0
gRNA_8139,415,1,414,413,1,0,337,0,1,77,1,76,0,0.0,0.24154589371980675,81.40096618357488,18.59903381642512,0.24154589371980675,18.357487922705314,0.0
gRNA_8143,3154,0,3154,3099,21,34,2886,13,21,255,0,221,34,0.41217501585288524,0.6658211794546608,91.50285351934052,8.084971464806594,0.0,7.006975269499049,1.0779961953075459
gRNA_8148,23855,0,23855,23166,213,476,19567,106,213,4182,0,3706,476,0.4443512890379375,0.8928945713686858,82.02473276042758,17.530915950534478,0.0,15.535527143156571,1.9953888073779082
gRNA_8150,2827,0,2827,1793,487,547,756,190,487,1881,1,1333,547,6.720905553590378,17.226742129465865,26.742129465864874,66.53696498054475,0.035373187124159884,47.15245843650513,19.34913335691546
gRNA_8169,788,0,788,683,47,58,219,9,47,560,0,502,58,1.1421319796954315,5.964467005076142,27.79187817258883,71.06598984771574,0.0,63.70558375634518,7.3604060913705585
gRNA_8172,82,0,82,47,9,26,7,2,9,73,0,47,26,2.4390243902439024,10.975609756097562,8.536585365853659,89.02439024390245,0.0,57.31707317073171,31.70731707317073
gRNA_8173,798,0,798,790,4,4,563,1,4,234,0,230,4,0.12531328320802004,0.5012531328320802,70.5513784461153,29.32330827067669,0.0,28.82205513784461,0.5012531328320802
gRNA_8175,173,0,173,122,1,50,58,0,1,115,0,65,50,0.0,0.5780346820809249,33.52601156069364,66.47398843930635,0.0,37.57225433526011,28.90173410404624
gRNA_8183,4073,0,4073,4073,0,0,3890,0,0,183,0,183,0,0.0,0.0,95.50699729928799,4.4930027007120055,0.0,4.4930027007120055,0.0
gRNA_8186,1008,0,1008,1006,2,0,697,2,2,309,0,309,0,0.1984126984126984,0.1984126984126984,69.14682539682539,30.654761904761905,0.0,30.654761904761905,0.0
gRNA_8202,641,0,641,609,18,14,212,3,18,426,0,412,14,0.46801872074882994,2.8081123244929795,33.073322932917314,66.45865834633385,0.0,64.27457098283931,2.1840873634945397
gRNA_8218,31302,0,31302,31178,19,105,29587,12,19,1703,0,1598,105,0.03833620854897451,0.06069899686920963,94.5211168615424,5.440546929908632,0.0,5.105105105105105,0.3354418248035269
gRNA_8228,630,0,630,0,630,0,0,305,630,325,0,325,0,48.41269841269841,100.0,0.0,51.58730158730159,0.0,51.58730158730159,0.0
gRNA_8495,627,0,627,601,10,16,451,6,10,170,0,154,16,0.9569377990430622,1.594896331738437,71.9298245614035,27.11323763955343,0.0,24.56140350877193,2.5518341307814993
gRNA_8496,821,0,821,764,28,29,447,8,28,366,0,337,29,0.97442143727162,3.41047503045067,54.44579780755176,44.579780755176614,0.0,41.04750304506699,3.5322777101096223
gRNA_8497,1303,0,1303,1221,30,52,964,16,30,323,0,271,52,1.2279355333844972,2.3023791250959325,73.98311588641596,24.78894858019954,0.0,20.79815809669992,3.9907904834996164
gRNA_8498,2826,0,2826,2622,69,135,1655,24,69,1147,0,1012,135,0.8492569002123143,2.4416135881104033,58.56334041047417,40.587402689313514,0.0,35.81033262561925,4.777070063694268
gRNA_8499,1026,0,1026,704,139,183,568,80,139,378,0,195,183,7.797270955165692,13.54775828460039,55.360623781676416,36.8421052631579,0.0,19.005847953216374,17.83625730994152
gRNA_85,0,0,0,0,0,0,0,0,0,0,0,0,0,0.0,0.0,0.0,0.0,0.0,0.0,0.0
gRNA_8500,4012,0,4012,2629,528,855,2250,364,528,1398,0,543,855,9.072781655034895,13.160518444666002,56.08175473579262,34.845463609172484,0.0,13.534396809571286,21.311066799601196
gRNA_8501,2761,0,2761,2744,12,5,1829,6,12,926,0,920,6,0.21731256791017747,0.43462513582035495,66.24411445128577,33.538572980804055,0.0,33.32126041289388,0.21731256791017747
gRNA_8502,8766,0,8766,8270,200,296,8077,188,200,501,0,205,296,2.144649783253479,2.2815423226100844,92.14008669860826,5.715263518138261,0.0,2.3385808806753365,3.376682637462925
gRNA_8503,8076,0,8076,7790,112,174,7664,101,112,311,0,137,174,1.2506191183754334,1.3868251609707776,94.89846458642893,3.8509162951956415,0.0,1.696384348687469,2.1545319465081723
gRNA_8504,267,0,267,246,10,11,111,2,10,154,0,142,12,0.7490636704119851,3.745318352059925,41.57303370786517,57.67790262172284,0.0,53.18352059925093,4.49438202247191
gRNA_8505,18382,0,18382,16312,878,1192,10693,412,878,7277,0,6084,1193,2.2413230334022414,4.776411707104776,58.17103688390817,39.58764008268959,0.0,33.097595473833096,6.49004460885649
gRNA_8506,61,0,61,42,11,8,27,1,11,33,0,25,8,1.639344262295082,18.0327868852459,44.26229508196721,54.09836065573771,0.0,40.98360655737705,13.114754098360656
gRNA_8507,1980,1,1979,1317,320,342,790,73,320,1116,1,773,342,3.6887316826680143,16.16978271854472,39.919151086407275,56.39211723092471,0.050530570995452245,39.06013137948459,17.281455280444668
gRNA_8508,828,0,828,511,125,192,506,122,125,200,0,8,192,14.734299516908212,15.096618357487923,61.111111111111114,24.154589371980677,0.0,0.966183574879227,23.18840579710145
gRNA_8509,9181,0,9181,9116,12,53,8205,6,12,970,0,917,53,0.06535235813092256,0.13070471626184513,89.3693497440366,10.56529789783248,0.0,9.988018734342663,0.5772791634898159
gRNA_8510,12751,0,12751,12598,41,112,10408,20,41,2323,0,2211,112,0.15685044310250176,0.3215434083601286,81.62497059054192,18.21817896635558,0.0,17.33981648498157,0.8783624813740099
gRNA_8511,3012,0,3012,2990,7,15,2591,5,7,416,0,401,15,0.16600265604249667,0.23240371845949534,86.02257636122178,13.811420982735724,0.0,13.313413014608233,0.49800796812749004
gRNA_8512,3860,0,3860,3833,13,14,3563,9,13,288,0,274,14,0.23316062176165803,0.33678756476683935,92.30569948186529,7.461139896373057,0.0,7.098445595854923,0.3626943005181347
gRNA_8514,4954,0,4954,4953,1,0,2357,0,1,2597,1,2596,0,0.0,0.020185708518368994,47.57771497779572,52.42228502220428,0.020185708518368994,52.40209931368591,0.0
gRNA_8515,63,0,63,58,2,3,16,0,2,47,0,44,3,0.0,3.1746031746031744,25.396825396825395,74.60317460317461,0.0,69.84126984126983,4.761904761904762
gRNA_8516,1319,0,1319,1296,8,15,884,0,8,435,0,420,15,0.0,0.6065200909780136,67.02047005307051,32.97952994692949,0.0,31.842304776345717,1.1372251705837755
gRNA_8517,2629,0,2629,2595,10,24,2071,3,10,555,0,531,24,0.11411182959300115,0.3803727653100038,78.77519969570179,21.11068847470521,0.0,20.197793837961203,0.9128946367440092
gRNA_8518,712,1,711,498,71,142,300,22,71,389,0,247,142,3.0942334739803092,9.985935302390999,42.19409282700422,54.71167369901547,0.0,34.73980309423347,19.971870604781998
gRNA_8519,7,0,7,2,5,0,2,0,5,5,0,4,1,0.0,71.42857142857143,28.571428571428573,71.42857142857143,0.0,57.142857142857146,14.285714285714286
gRNA_8520,4200,4199,1,0,1,0,0,0,1,1,0,1,0,0.0,100.0,0.0,100.0,0.0,100.0,0.0
gRNA_8521,2581,1,2580,211,2293,76,140,1488,2293,952,0,876,76,57.674418604651166,88.87596899224806,5.426356589147287,36.89922480620155,0.0,33.95348837209303,2.945736434108527
gRNA_8522,5065,0,5065,632,4111,322,416,2705,4111,1944,0,1621,323,53.40572556762093,81.16485686080948,8.213228035538005,38.381046396841064,0.0,32.00394866732478,6.377097729516288
gRNA_8523,7155,0,7155,2697,2209,2249,1943,1543,2209,3669,0,1420,2249,21.56533892382949,30.87351502445842,27.15583508036338,51.278825995807125,0.0,19.84626135569532,31.43256464011181
gRNA_8524,942,0,942,930,12,0,420,0,12,522,0,522,0,0.0,1.2738853503184713,44.5859872611465,55.4140127388535,0.0,55.4140127388535,0.0
gRNA_8525,17485,0,17485,17472,6,7,10298,1,6,7186,0,7179,7,0.005719187875321705,0.03431512725193023,58.89619674006291,41.098084072061766,0.0,41.058049756934516,0.04003431512725193
gRNA_8526,601,0,601,595,4,2,362,0,4,239,0,237,2,0.0,0.6655574043261231,60.232945091514146,39.767054908485854,0.0,39.43427620632279,0.33277870216306155
gRNA_8527,13226,0,13226,11574,1,1651,10346,1,1,2879,0,1228,1651,0.007560864962951761,0.007560864962951761,78.22470890669892,21.76773022833812,0.0,9.284742174504764,12.482988053833358
gRNA_8528,2320,0,2320,2307,12,1,1587,1,12,732,0,731,1,0.04310344827586207,0.5172413793103449,68.40517241379311,31.551724137931036,0.0,31.50862068965517,0.04310344827586207
gRNA_8529,13705,0,13705,13502,115,88,11627,71,115,2007,5,1914,88,0.5180591025173295,0.8391098139365195,84.83765049252098,14.644290404961692,0.036483035388544326,13.965705946734769,0.6421014228383801
gRNA_8530,1874,0,1874,1649,84,141,973,41,84,860,0,719,141,2.1878335112059766,4.482390608324439,51.92102454642476,45.891141942369266,0.0,38.36712913553895,7.524012806830309
gRNA_8531,6637,0,6637,5888,288,461,4042,151,288,2444,0,1983,461,2.275124303149013,4.339309929184873,60.90100949224047,36.82386620461052,0.0,29.877956908241675,6.945909296368841
gRNA_8532,13855,0,13855,12340,421,1094,7177,135,421,6543,0,5449,1094,0.9743774810537712,3.0386142186936125,51.800793937206784,47.224828581739445,0.0,39.32876217971851,7.8960664020209315
gRNA_8533,0,0,0,0,0,0,0,0,0,0,0,0,0,0.0,0.0,0.0,0.0,0.0,0.0,0.0
gRNA_8534,81,0,81,78,1,2,47,1,1,33,0,31,2,1.2345679012345678,1.2345679012345678,58.02469135802469,40.74074074074074,0.0,38.27160493827161,2.4691358024691357
gRNA_8694,10960,0,10960,10279,291,390,10085,262,291,613,1,222,390,2.3905109489051095,2.6551094890510947,92.01642335766424,5.593065693430657,0.009124087591240875,2.0255474452554743,3.5583941605839415
gRNA_8699,0,0,0,0,0,0,0,0,0,0,0,0,0,0.0,0.0,0.0,0.0,0.0,0.0,0.0
gRNA_871,0,0,0,0,0,0,0,0,0,0,0,0,0,0.0,0.0,0.0,0.0,0.0,0.0,0.0
gRNA_8775,0,0,0,0,0,0,0,0,0,0,0,0,0,0.0,0.0,0.0,0.0,0.0,0.0,0.0
gRNA_8803,1,0,1,0,1,0,0,0,1,1,0,1,0,0.0,100.0,0.0,100.0,0.0,100.0,0.0
gRNA_8867,0,0,0,0,0,0,0,0,0,0,0,0,0,0.0,0.0,0.0,0.0,0.0,0.0,0.0
gRNA_895,0,0,0,0,0,0,0,0,0,0,0,0,0,0.0,0.0,0.0,0.0,0.0,0.0,0.0
gRNA_896,0,0,0,0,0,0,0,0,0,0,0,0,0,0.0,0.0,0.0,0.0,0.0,0.0,0.0
gRNA_8999,0,0,0,0,0,0,0,0,0,0,0,0,0,0.0,0.0,0.0,0.0,0.0,0.0,0.0
gRNA_9105,6,0,6,0,6,0,0,0,6,6,0,6,0,0.0,100.0,0.0,100.0,0.0,100.0,0.0
gRNA_9114,0,0,0,0,0,0,0,0,0,0,0,0,0,0.0,0.0,0.0,0.0,0.0,0.0,0.0
gRNA_9115,0,0,0,0,0,0,0,0,0,0,0,0,0,0.0,0.0,0.0,0.0,0.0,0.0,0.0
gRNA_937,1180,0,1180,1170,4,6,695,1,4,484,0,477,7,0.0847457627118644,0.3389830508474576,58.898305084745765,41.016949152542374,0.0,40.42372881355932,0.5932203389830508
gRNA_944,6048,0,6048,5795,79,174,4197,31,79,1820,0,1646,174,0.5125661375661376,1.3062169312169312,69.39484126984127,30.09259259259259,0.0,27.215608465608465,2.876984126984127
gRNA_946,6886,0,6886,6784,21,81,6254,18,21,614,0,533,81,0.26139994191112403,0.30496659889631134,90.82195759512054,8.916642462968342,0.0,7.740342724368284,1.176299738600058
gRNA_953,1593,0,1593,1592,1,0,363,1,1,1229,0,1229,0,0.06277463904582549,0.06277463904582549,22.78719397363465,77.15003138731953,0.0,77.15003138731953,0.0
gRNA_958,1439,0,1439,1436,1,2,1251,0,1,188,0,186,2,0.0,0.06949270326615706,86.93537178596247,13.064628214037526,0.0,12.925642807505213,0.13898540653231412
gRNA_9710,1781,0,1781,1739,15,27,1541,11,15,229,0,202,27,0.617630544637844,0.8422234699606962,86.52442448062887,12.857944974733297,0.0,11.341942728804042,1.5160022459292533
gRNA_9719,162,0,162,150,4,8,47,1,4,114,0,105,9,0.6172839506172839,2.4691358024691357,29.012345679012345,70.37037037037037,0.0,64.81481481481481,5.555555555555555
gRNA_9723,904,0,904,896,3,5,845,2,3,57,1,51,5,0.22123893805309736,0.33185840707964603,93.47345132743362,6.3053097345132745,0.11061946902654868,5.6415929203539825,0.5530973451327433
gRNA_9732,1075,0,1075,458,237,380,430,228,237,417,0,37,380,21.209302325581394,22.046511627906977,40.0,38.7906976744186,0.0,3.441860465116279,35.348837209302324
gRNA_9736,126,0,126,68,26,32,64,24,26,38,0,6,32,19.047619047619047,20.634920634920636,50.79365079365079,30.158730158730158,0.0,4.761904761904762,25.396825396825395
gRNA_9742,846,0,846,846,0,0,817,0,0,29,0,29,0,0.0,0.0,96.57210401891253,3.4278959810874703,0.0,3.4278959810874703,0.0
gRNA_9745,0,0,0,0,0,0,0,0,0,0,0,0,0,0.0,0.0,0.0,0.0,0.0,0.0,0.0
gRNA_990,21227,0,21227,18518,1102,1607,15480,697,1102,5050,0,3443,1607,3.283553964290762,5.191501389739483,72.92599048381778,23.79045555189146,0.0,16.21990860696283,7.570546944928629
gRNA_996,923,0,923,919,3,1,277,1,3,645,0,644,1,0.10834236186348863,0.3250270855904659,30.010834236186348,69.88082340195017,0.0,69.77248104008667,0.10834236186348863
