gRNA_id,Gene,bm1,bm2,bm3,bm4,bm5,LFC_avg_bm,LFC_median_bm,Input_median,d15-rep1,d15-rep2,d15-rep3,d15-rep4,d15-rep5,LFC_avg_d15,LFC_median_d15,d5,LFC_avg_d5,LFC_median_d5,input,LFC_avg_input,LFC_median_input,lib,LFC_avg_lib,LFC_median_lib,spleen1,spleen2,spleen3,spleen4,spleen5,LFC_avg_spleen,LFC_median_spleen,sensor_reads,corr_perc,target_base_edit_perc,byproduct_INDEL_perc,byproduct_sub_perc,gene_name_m_corrected,gene_name_h,HGVSp_m,HGVSp_h,classification,classification_m,p_high_unadjusted_d5_fishers,p_low_unadjusted_d5_fishers,FDR_high_d5_fishers,FDR_low_d5_fishers,p_high_unadjusted_d5_stouffers,p_low_unadjusted_d5_stouffers,FDR_high_d5_stouffers,FDR_low_d5_stouffers,FDR_d5_fishers,FDR_d5_stouffers,p_high_unadjusted_d15_fishers,p_low_unadjusted_d15_fishers,FDR_high_d15_fishers,FDR_low_d15_fishers,p_high_unadjusted_d15_stouffers,p_low_unadjusted_d15_stouffers,FDR_high_d15_stouffers,FDR_low_d15_stouffers,FDR_d15_fishers,FDR_d15_stouffers,p_high_unadjusted_spleen_fishers,p_low_unadjusted_spleen_fishers,FDR_high_spleen_fishers,FDR_low_spleen_fishers,p_high_unadjusted_spleen_stouffers,p_low_unadjusted_spleen_stouffers,FDR_high_spleen_stouffers,FDR_low_spleen_stouffers,FDR_spleen_fishers,FDR_spleen_stouffers,p_high_unadjusted_bm_fishers,p_low_unadjusted_bm_fishers,FDR_high_bm_fishers,FDR_low_bm_fishers,p_high_unadjusted_bm_stouffers,p_low_unadjusted_bm_stouffers,FDR_high_bm_stouffers,FDR_low_bm_stouffers,FDR_bm_fishers,FDR_bm_stouffers
gRNA_2,Abl1,-0.5268278917723058,-0.22475817992340413,-2.6067827536616073,1.2209789799409667,0.519893440828419,-0.3234992809175863,-0.22475817992340413,914.7160716975449,-4.7254058049398004,-3.2876122444825233,-3.209366253045047,-3.5501981112243364,-5.322555612099308,-4.019027605158203,-3.5501981112243364,-1.5625255669256222,-1.5625255669256222,-1.5625255669256222,0.0,0.0,0.0,-1.3174814735455687,-1.3174814735455687,-1.3174814735455687,0.12030957540400146,-0.2747168609106051,-1.031109256277761,-0.15460402337293735,-1.1600111342448332,-0.500026339880427,-0.2747168609106051,1932,13.354037267080743,29.96894409937888,0.0,46.325051759834366,Abl1,ABL1,Non-coding,,targeting guide,Intron,0.9908009199080092,0.009299070092990703,0.9960993205492286,1.0,0.9908009199080092,0.009299070092990696,0.9960993205492286,1.0,0.9960993205492286,0.9960993205492286,0.9999999981636648,4.020823492837371e-07,0.9999999996046233,7.559148166534258e-05,0.9999999725509644,2.9660871765156918e-08,1.0,5.5762438918495005e-06,7.559148166534258e-05,5.5762438918495005e-06,0.5902327576266042,0.4169092250530426,0.8314974349293486,1.0,0.5907790214459305,0.4095520379670229,0.7915631830520012,1.0,0.8314974349293486,0.7915631830520012,0.08813888431142664,0.5226931545495997,0.2285532448351477,0.9999999999481898,0.18184436936462062,0.8187075867487194,0.3777540490668362,1.0,0.2285532448351477,0.3777540490668362
gRNA_85,Akt1,-0.8489250812768933,-0.5689309437977269,-0.5564285342865518,-0.037411908446326546,0.06417335445364897,-0.38950462267076996,-0.5564285342865518,1443.590902244314,0.6291521839219388,0.7047621206470966,0.18322534274444863,0.9405139002772203,1.1843809276047572,0.7284068950390923,0.7047621206470966,0.43500232933396404,0.43500232933396404,0.43500232933396404,0.0,0.0,0.0,0.4173129215650172,0.4173129215650172,0.4173129215650172,0.1712174474012525,0.892796779932724,-0.15426184228255135,0.1788612561435745,0.2787844603195752,0.273479620302915,0.1788612561435745,8027,13.442132801793946,74.63560483368632,3.4134795066650057,70.33761056434533,Akt1,AKT1,D323G,D323G,targeting guide,Missense,0.013298670132986705,0.9868013198680132,0.045047747477504514,1.0,0.013298670132986684,0.9868013198680132,0.04504774747750444,1.0,0.045047747477504514,0.04504774747750444,4.0791490643916754e-05,0.9999970999300397,0.0002514360734772574,0.9999999999939124,5.9610726171502735e-06,0.9999941944892405,3.67436607221066e-05,1.0,0.0002514360734772574,3.67436607221066e-05,0.007829648995841307,0.9987418450708974,0.024532900186969426,1.0,0.0025381082076335144,0.9974794891583987,0.008445386602391162,1.0,0.024532900186969426,0.008445386602391162,0.5157094011440257,0.7983629041340772,0.758335028854568,0.9999999999481898,0.3433486486111024,0.656885247897304,0.5789196945191682,1.0,0.758335028854568,0.5789196945191682
gRNA_871,Arid2,-0.4086093521651788,-2.331458019051475,-0.46900273065985726,-0.01372664265174539,0.0023806627027104094,-0.6440832163651091,-0.4086093521651788,2999.728874830547,0.8478807522619969,0.7210297231522665,0.49510353661204326,0.8478256598804688,0.6951275177187084,0.7213934379250967,0.7210297231522665,0.4321524755473586,0.4321524755473586,0.4321524755473586,0.0,0.0,0.0,0.5850901648699693,0.5850901648699693,0.5850901648699693,-0.13738767472486507,-1.2146243730372561,-0.776134113202372,-0.27714538600226823,-0.4933808097184509,-0.5797344713370425,-0.4933808097184509,31597,0.3639586036649049,31.756179384118745,0.003164857423173,97.76244580181664,Arid2,ARID2,N1540S,N1546S,targeting guide,Missense,0.013298670132986705,0.9868013198680132,0.045047747477504514,1.0,0.013298670132986684,0.9868013198680132,0.04504774747750444,1.0,0.045047747477504514,0.04504774747750444,2.8155216186517256e-05,0.9999998001406456,0.00019247929611146343,0.9999999999939124,2.8545952097532592e-06,0.9999972113216221,1.9876440719763432e-05,1.0,0.00019247929611146343,1.9876440719763432e-05,0.8130972358685666,0.36739560390799086,0.9990998715247748,1.0,0.7367071830548895,0.2635383097047236,0.929536579961874,1.0,0.9990998715247748,0.929536579961874,0.5408323464033105,0.4928873114073721,0.7821267778755566,0.9999999999481898,0.49928183512470886,0.5010891204803861,0.7282378836117308,1.0,0.7821267778755566,0.7282378836117308
gRNA_895,Arid5b,0.5218594986731001,-2.5056652198201914,0.9780114394721378,0.6318942573641582,1.2972443717554931,0.18466886948893957,0.6318942573641582,777.5869859918662,2.1045712226136786,0.920225686257281,1.0590222966888052,0.625431193538219,1.1177731215245739,1.1654047041245117,1.0590222966888052,1.237565492968979,1.237565492968979,1.237565492968979,0.0,0.0,0.0,-0.7029577936091579,-0.7029577936091579,-0.7029577936091579,0.6040271284579445,0.8787204183301337,0.2454891263960216,0.7913963510951095,0.7695533475273206,0.6578372743613061,0.7695533475273206,13089,3.338681335472534,91.48903659561464,1.0161204064481626,90.35831614332646,Arid5b,ARID5B,K1026E,K1026E,targeting guide,Missense,9.99900009999001e-05,1.0,0.0005295245123374991,1.0,9.999000099989996e-05,1.0,0.0005295245123374983,1.0,0.0005295245123374991,0.0005295245123374983,7.534657699023214e-07,0.9999999949316828,1.089627421089511e-05,0.9999999999939124,5.890135080837866e-08,0.9999999447093346,8.340041484006107e-07,1.0,1.089627421089511e-05,8.340041484006107e-07,9.7652201928147e-05,0.9999976823827116,0.0005737066863278636,1.0,1.2904287117928974e-05,0.9999873289055369,7.954117961215237e-05,1.0,0.0005737066863278636,7.954117961215237e-05,0.004394871945021014,0.7574406659701837,0.02263660070312194,0.9999999999481898,0.010703825433360781,0.9893783549517589,0.041923316280663064,1.0,0.02263660070312194,0.041923316280663064
gRNA_896,Arid5b,1.883921963955389,1.5977826267168638,0.9737764098489851,0.24121640500594885,0.20568102216826936,0.9804756855390911,0.9737764098489851,1572.043982527489,-0.2002642379512137,0.6863078514939116,1.145660199623971,0.5173652180061892,-0.09652662530455104,0.41050848117366134,0.5173652180061892,0.8553554424716386,0.8553554424716386,0.8553554424716386,0.0,0.0,0.0,0.00993069766244699,0.00993069766244699,0.00993069766244699,0.6308088607311533,1.1612646977442187,0.3298214555515352,0.7425962357969362,0.4592008593700141,0.6647384218387715,0.6308088607311533,16805,0.1309134186254091,51.270455221660214,0.0059506099375185,95.19190717048498,Arid5b,ARID5B,K1026E,K1026E,targeting guide,Missense,9.99900009999001e-05,1.0,0.0005295245123374991,1.0,9.999000099989996e-05,1.0,0.0005295245123374983,1.0,0.0005295245123374991,0.0005295245123374983,0.0017782398992060003,0.9981954953261253,0.0071894430333489905,0.9999999999939124,0.0008099021322559118,0.9992004457250829,0.0030150812052299287,1.0,0.0071894430333489905,0.0030150812052299287,3.829654717508104e-05,0.9999975727132121,0.00025283411522528397,1.0,6.519154643887867e-06,0.9999938157683925,5.1066711377121627e-05,1.0,0.00025283411522528397,5.1066711377121627e-05,0.00012472383323137943,0.999938387807575,0.0016171090101723678,0.9999999999481898,3.4144676028238106e-05,0.9999668537749332,0.0005349332577757304,1.0,0.0016171090101723678,0.0005349332577757304
gRNA_1000,Atm,-0.35742357206756364,0.13703019030876382,0.677756478763049,-0.1431929832801682,0.37289953204327053,0.1374139291534703,0.13703019030876382,2349.2694682934175,0.3918251923218067,0.16578672622294344,1.218051025908305,0.6004604667521711,0.6692557720578051,0.6090758366526062,0.6004604667521711,0.5984572565415215,0.5984572565415215,0.5984572565415215,0.0,0.0,0.0,0.4212845888667368,0.4212845888667368,0.4212845888667368,0.5063115620790606,0.46623426051451516,1.5917063876757642,0.8505590947255012,1.0314235414359132,0.8892469692861509,0.8505590947255012,28154,0.046174611067699,47.2721460538467,0.110108687930667,97.90083114299922,Atm,ATM,K2450E,K2440E,targeting guide,Missense,0.009499050094990498,0.9906009399060094,0.03720461287204612,1.0,0.009499050094990488,0.9906009399060094,0.03720461287204608,1.0,0.03720461287204612,0.03720461287204608,0.0002721041425226089,0.999986273840264,0.001401522706691794,0.9999999999939124,4.6854099729801365e-05,0.9999539290990476,0.0002446825208111849,1.0,0.001401522706691794,0.0002446825208111849,1.413523224013974e-06,0.9999997668158384,1.714466878158885e-05,1.0,2.090396327998241e-07,0.9999998157143548,2.535448449443028e-06,1.0,1.714466878158885e-05,2.535448449443028e-06,0.06666034935722859,0.9898294729272972,0.18704695043520858,0.9999999999481898,0.025740592186974453,0.9743197292832784,0.08641484519912852,1.0,0.18704695043520858,0.08641484519912852
gRNA_1036,Atm,-0.8350002738193696,1.3503949805800033,-1.5697083571661807,0.8577663794246679,-0.5640135014852494,-0.1521121544932257,-0.5640135014852494,790.1189938243712,2.115204871796085,1.3045086796302852,1.2463213777141477,1.092931841548676,1.4292253876223326,1.4376384316623052,1.3045086796302852,0.9082059446437751,0.9082059446437751,0.9082059446437751,0.0,0.0,0.0,0.08991510528933061,0.08991510528933061,0.08991510528933061,0.5715774312312747,-0.05797050880786418,-0.20401133774300964,0.9350115408219958,0.7645158593228717,0.4018245969650537,0.5715774312312747,6275,57.73705179282869,99.6812749003984,0.3187250996015936,41.60956175298805,Atm,ATM,D2730G,D2720G,targeting guide,Missense,9.99900009999001e-05,1.0,0.0005295245123374991,1.0,9.999000099989996e-05,1.0,0.0005295245123374983,1.0,0.0005295245123374991,0.0005295245123374983,1.5397407894167556e-07,0.9999999997892202,3.405544334239412e-06,0.9999999999939124,9.320538980119903e-09,0.9999999914060372,2.0614839156029902e-07,1.0,3.405544334239412e-06,2.0614839156029902e-07,0.0012299220088348253,0.9985829796145295,0.0054405961802575795,1.0,0.0005593087374797395,0.99944930854843,0.0023366676143598006,1.0,0.0054405961802575795,0.0023366676143598006,0.06573780038007672,0.6615238950394849,0.1869361193422649,0.9999999999481898,0.1409552452150719,0.8595402618247923,0.3081347220980642,1.0,0.1869361193422649,0.3081347220980642
gRNA_1149,Atrx,-0.6185761757322213,-0.5694180145018156,-0.42951205252154845,0.17961763803529407,1.513381442535364,0.015098567563014509,-0.42951205252154845,1051.6041572525983,0.26039686422029446,0.7390585083011432,0.284371059078515,0.21158018615103805,0.08488387196505748,0.3160580979432096,0.26039686422029446,0.9250475872098936,0.9250475872098936,0.9250475872098936,0.0,0.0,0.0,0.18320852481889993,0.18320852481889993,0.18320852481889993,0.08365310055902243,0.9544188073927317,-1.3981785676344574,0.4677790255127149,-0.503292405653019,-0.07912400796460146,0.08365310055902243,14877,0.2755931975532701,95.36196813873764,0.0,99.24043826040196,Atrx,ATRX,N246S,N247S,targeting guide,Missense,9.99900009999001e-05,1.0,0.0005295245123374991,1.0,9.999000099989996e-05,1.0,0.0005295245123374983,1.0,0.0005295245123374991,0.0005295245123374983,0.00554108964736331,0.9997785468308895,0.01860222953043397,0.9999999999939124,0.001203599727744008,0.998803543688333,0.004229471940483617,1.0,0.01860222953043397,0.004229471940483617,0.01798167879495024,0.6677007547009198,0.049359198119327076,1.0,0.05919215303961769,0.941349406611198,0.1301535060988085,1.0,0.049359198119327076,0.1301535060988085,0.06492818909903324,0.9131174295770712,0.1863587717651641,0.9999999999481898,0.06801390785354257,0.9323482500010961,0.1839800672872806,1.0,0.1863587717651641,0.1839800672872806
gRNA_1322,Bap1,1.3156441498361244,1.5657714035845691,1.1013401391551012,1.3687102777300253,-0.2748127216779637,1.0153306497255714,1.3156441498361244,1908.2391926494954,0.5738113029845396,0.8195607832339572,0.6326142137144908,0.5837924717417577,0.25066189480803674,0.5720881332965563,0.5837924717417577,0.7783616659635476,0.7783616659635476,0.7783616659635476,0.0,0.0,0.0,0.28630042401796274,0.28630042401796274,0.28630042401796274,0.9109119708075528,1.1614814190744913,0.8343778150072165,1.141616169179698,1.1373992757431084,1.0371573299624133,1.1373992757431084,26891,2.978691755605965,95.45944739875794,0.0185935814956676,92.96790747833847,Bap1,BAP1,H141R,H141R,targeting guide,Missense,9.99900009999001e-05,1.0,0.0005295245123374991,1.0,9.999000099989996e-05,1.0,0.0005295245123374983,1.0,0.0005295245123374991,0.0005295245123374983,0.0002647765868023546,0.999995202242592,0.0013827221755234073,0.9999999999939124,3.6700464968389296e-05,0.9999637908639584,0.00019713392611591965,1.0,0.0013827221755234073,0.00019713392611591965,3.27352825964317e-08,0.9999999997410889,6.154233128129159e-07,1.0,2.175367098243199e-09,0.9999999981345599,4.544100160774683e-08,1.0,6.154233128129159e-07,4.544100160774683e-08,6.877167196859106e-05,0.9997909875141932,0.0011249007632635555,0.9999999999481898,2.0573032495632115e-05,0.9999799371637759,0.00035161182810716703,1.0,0.0011249007632635555,0.00035161182810716703
gRNA_1337,Bap1,0.4238785841355626,-0.6985333766860273,-1.394128676353202,-0.9559571057633227,-1.6747277747081872,-0.8598936698750353,-0.9559571057633227,2560.747100466938,-0.47877079044279675,-0.4603708220924467,0.08297420556063605,0.011388337120677567,-0.6778354226327363,-0.3045228984973332,-0.4603708220924467,0.28617141138902297,0.28617141138902297,0.28617141138902297,0.0,0.0,0.0,-0.12251642317327982,-0.12251642317327982,-0.12251642317327982,-0.3869641996304835,-1.0437209227721371,-0.5238528232155176,-0.14355891437388804,-2.032870034272701,-0.8261933788529454,-0.5238528232155176,22649,51.026535387875846,85.26645768025078,0.0044152059693584,35.99275906221025,Bap1,BAP1,Y173C,Y173C,targeting guide,Missense,0.0337966203379662,0.9663033696630337,0.10085340672281978,1.0,0.0337966203379662,0.9663033696630337,0.10085340672281978,1.0,0.10085340672281978,0.10085340672281978,0.4253194038313779,0.8115219476267553,0.7133762769381358,0.9999999999939124,0.2918045096039884,0.7084322302167587,0.4920111910811643,1.0,0.7133762769381358,0.4920111910811643,0.8769928943934596,0.1355795512012667,0.9999999999016121,1.0,0.8842485626220744,0.11599723462727768,1.0,0.8322839687728945,0.9999999999016121,0.8322839687728945,0.7446605900560255,0.26202402639684236,0.9240672668682033,0.9999999999481898,0.7767655017158783,0.2235008530165976,0.930981295800262,1.0,0.9240672668682033,0.930981295800262
gRNA_1343,Bap1,0.987700446068503,0.7571616487851802,2.863804431875439,0.8290432912117052,0.49827357995981186,1.1871966795801279,0.8290432912117052,1047.145654466034,-0.22798106543565813,0.5701725676081029,0.6731111836914967,0.8081625905422546,0.10658229469324025,0.3860095142198872,0.5701725676081029,0.8779676715682957,0.8779676715682957,0.8779676715682957,0.0,0.0,0.0,0.7905287405228001,0.7905287405228001,0.7905287405228001,1.2151460248458987,1.5682310047336714,1.3615203379361909,1.0866014566228008,1.107502721655021,1.2678003091587167,1.2151460248458987,13680,2.931286549707602,77.69736842105263,0.0219298245614035,90.57748538011695,Bap1,BAP1,N489S,N490S,targeting guide,Missense,9.99900009999001e-05,1.0,0.0005295245123374991,1.0,9.999000099989996e-05,1.0,0.0005295245123374983,1.0,0.0005295245123374991,0.0005295245123374983,0.0019905474066512717,0.9991731006454797,0.00791937048255659,0.9999999999939124,0.0006477808916448012,0.9993582445141592,0.002537141825608805,1.0,0.00791937048255659,0.002537141825608805,4.5266995050992354e-10,0.9999999999997751,1.7020390139173126e-08,1.0,1.8810745296159108e-11,0.9999999999865493,7.858711368173138e-10,1.0,1.7020390139173126e-08,7.858711368173138e-10,6.639142445429413e-06,0.9999959095685856,0.00017830839710581854,0.9999999999481898,2.306443814715804e-06,1.0,5.420142964582139e-05,1.0,0.00017830839710581854,5.420142964582139e-05
gRNA_1376,Bcl2,-0.6078468690636387,-1.9120858245661219,-1.8251021524496627,-0.8526550494091676,-0.6791604010726692,-1.175370059312252,-0.8526550494091676,1649.4050308781443,-1.0082711039595897,-0.3103562571727669,-0.6252217553757786,-0.14300333362452733,-0.5863759935130731,-0.5346456887291471,-0.5863759935130731,-0.5025313179422681,-0.5025313179422681,-0.5025313179422681,0.0,0.0,0.0,-0.1465811256437756,-0.1465811256437756,-0.1465811256437756,-0.38051506200549967,-0.27360591012865126,-0.4971619186871285,-0.5083770648024108,-0.02022403990466221,-0.3359767991056705,-0.38051506200549967,6017,0.0166195778627222,88.13362140601629,0.9805550939006148,91.90626558085424,Bcl2,BCL2,N140S,N143S,targeting guide,Missense,0.8048195180481952,0.19528047195280474,0.9142360688402459,1.0,0.8048195180481952,0.19528047195280474,0.9142360688402459,1.0,0.9142360688402459,0.9142360688402459,0.7824404597315334,0.5392506491524467,0.9999999996046233,0.9999999999939124,0.6356818637192869,0.36455585666071494,0.9031508751006712,1.0,0.9999999996046233,0.9031508751006712,0.5897129824465058,0.7910606313977071,0.8314974349293486,1.0,0.386264321227815,0.6139656452771493,0.5952269868100756,1.0,0.8314974349293486,0.5952269868100756,0.9662576912494246,0.13090936339250292,0.9999999998332031,0.9999999999481898,0.9351943404299882,0.06491890994439939,0.9849665882399875,1.0,0.9999999998332031,0.9849665882399875
gRNA_1381,Bcl2,0.7416911721732047,0.8503911081591607,0.18562107334831116,0.6109069754446258,0.792252785152516,0.6361726228555636,0.7416911721732047,1327.4288296430184,0.5299135072350627,0.05339169143208666,0.14207085660974295,0.5918531640903131,0.6498643674852612,0.3934187173704934,0.5299135072350627,0.754865339961747,0.754865339961747,0.754865339961747,0.0,0.0,0.0,0.595038170872992,0.595038170872992,0.595038170872992,0.81504744755492,0.10562045184657569,-1.6246478807032405,0.7128054696046082,0.41325534675586156,0.08441616701174498,0.41325534675586156,17022,80.6603219363177,97.64422512043238,4.840794266243685,12.64246269533545,Bcl2,BCL2,Y28C,Y28C,targeting guide,Missense,9.99900009999001e-05,1.0,0.0005295245123374991,1.0,9.999000099989996e-05,1.0,0.0005295245123374983,1.0,0.0005295245123374991,0.0005295245123374983,0.0022672269311116936,0.9998827532199966,0.008610882081797949,0.9999999999939124,0.00046445975756817954,0.999539034073199,0.0018982268352786468,1.0,0.008610882081797949,0.0018982268352786468,0.005870302043890787,0.7426376245275161,0.019476129589011335,1.0,0.014597319134092006,0.9855081807353518,0.03733736050624894,1.0,0.019476129589011335,0.03733736050624894,0.0025046187511424864,0.9999299628801314,0.014708954085690668,0.9999999999481898,0.00045220985015700856,0.9995508202556751,0.0034006180731807043,1.0,0.014708954085690668,0.0034006180731807043
gRNA_1382,Bcl2,0.6381626145711738,2.4378026100475014,0.21995364376664767,0.6864552544568261,-0.4052339092750089,0.715428042713428,0.6381626145711738,786.9859918662448,1.5044042786887242,1.8728959326933199,1.2955406710119552,1.5917608866385815,2.1628692282497113,1.6854941994564583,1.5917608866385815,0.9591492282581531,0.9591492282581531,0.9591492282581531,0.0,0.0,0.0,0.990987274128253,0.990987274128253,0.990987274128253,0.30999401468426974,0.7541025916999159,-0.3686304560435638,0.9289342251470275,-0.7888086104462262,0.16711835300828465,0.30999401468426974,10191,45.716808949072714,89.81454224315573,8.115003434402905,43.51879109017761,Bcl2,BCL2,Y28C,Y28C,targeting guide,Missense,9.99900009999001e-05,1.0,0.0005295245123374991,1.0,9.999000099989996e-05,1.0,0.0005295245123374983,1.0,0.0005295245123374991,0.0005295245123374983,3.672938198693103e-08,0.999999999953301,1.2712916516752054e-06,0.9999999999939124,2.0429779317350597e-09,0.9999999981848492,7.036972698227238e-08,1.0,1.2712916516752054e-06,7.036972698227238e-08,0.007396843832785063,0.9297762663305887,0.02337154017753936,1.0,0.010959522036494956,0.9891372943146368,0.029387789081391013,1.0,0.02337154017753936,0.029387789081391013,0.0011094771790291485,0.9979795761815675,0.008436891814428757,0.9999999999481898,0.0006703741320578778,0.9993536128200766,0.004402458278517269,1.0,0.008436891814428757,0.004402458278517269
gRNA_1383,Bcl2,-0.42380386176543466,2.8201914310272653,0.47327708564441356,0.5371104706811939,-0.06470599174493927,0.6684138267684998,0.47327708564441356,1883.6571772857358,1.7526514012957544,0.49606731053363695,0.13442739926480285,0.585794573177986,1.198444053077581,0.8334769474699522,0.585794573177986,-0.12822144366875915,-0.12822144366875915,-0.12822144366875915,0.0,0.0,0.0,0.10637963732190328,0.10637963732190328,0.10637963732190328,-0.09076088257925244,1.0126896946692654,-0.41152234018189726,0.07782735204910735,0.3947994109574316,0.19660664698293093,0.07782735204910735,6384,44.78383458646616,95.86466165413536,2.7725563909774436,47.44674185463659,Bcl2,BCL2,Y28C,Y28C,targeting guide,Missense,0.285971402859714,0.714128587141286,0.5048133684284153,1.0,0.285971402859714,0.7141285871412859,0.5048133684284153,1.0,0.5048133684284153,0.5048133684284153,4.2707294237645373e-05,0.9999923735615756,0.0002552543265046098,0.9999999999939124,8.072126289126997e-06,0.9999922143198448,4.817649975732937e-05,1.0,0.0002552543265046098,4.817649975732937e-05,0.006968820130227265,0.9897554831777504,0.022205731940385186,1.0,0.005182671016920148,0.9948960471569803,0.015715195986790127,1.0,0.022205731940385186,0.015715195986790127,0.0003806709217166775,0.9946154756383712,0.0035783066641367684,0.9999999999481898,0.0007390494137389603,1.0,0.0046313763260974845,1.0,0.0035783066641367684,0.0046313763260974845
gRNA_1551,Braf,-1.2857262857892056,-1.4599477435475012,-1.594911778193947,-1.1381401385326664,-1.405508243691007,-1.3768468379508654,-1.405508243691007,5419.370387106492,-1.2602862856789934,-0.34667081412668854,-0.7952272865822636,-0.9668508683089065,-1.3629583356555997,-0.9463987180704905,-0.9668508683089065,-0.1948273044391833,-0.1948273044391833,-0.1948273044391833,0.0,0.0,0.0,-0.6228031144789085,-0.6228031144789085,-0.6228031144789085,-0.8772697170834344,-0.8576404332382269,-0.315241983183857,-1.243771616730027,-0.7316847326696109,-0.8051216965810312,-0.8576404332382269,36705,15.371202833401442,54.47486718430732,0.035417518049312,65.79757526222586,Braf,BRAF,K638E,K601E,targeting guide,Missense,0.3224677532246774,0.6776322367763224,0.536495023064065,1.0,0.32246775322467747,0.6776322367763223,0.5364950230640652,1.0,0.536495023064065,0.5364950230640652,0.9756986174199542,0.12231617765771022,0.9999999996046233,0.9999999999939124,0.9464637797328059,0.05362790399351206,1.0,0.5041022975390134,0.9999999996046233,0.5041022975390134,0.9706343772346683,0.13480176695581825,0.9999999999016121,1.0,0.9383628874040354,0.0617390141314116,1.0,0.5952274182925836,0.9999999999016121,0.5952274182925836,0.9969758176381753,0.06094395669284319,0.9999999998332031,0.9999999999481898,0.9829001226001319,0.017137563471517667,1.0,0.6443723865290643,0.9999999998332031,0.6443723865290643
gRNA_1726,Card11,0.37798006703494497,1.6988831777768365,0.5396491099529556,0.5109317551488094,0.021248965280171173,0.6297386150387435,0.5109317551488094,1399.0058743786715,-1.1345395871467756,-0.7563850016442101,0.0938619918496813,-0.720171097507746,-1.1853966357508676,-0.7405260660399836,-0.7563850016442101,-0.11336630702809593,-0.11336630702809593,-0.11336630702809593,0.0,0.0,0.0,-0.2045694874661421,-0.2045694874661421,-0.2045694874661421,-0.13638370923425544,0.36817257292633604,-0.39966757341518555,0.46905516170084227,0.020513351811585923,0.06433796075786466,0.020513351811585923,4840,58.30578512396695,90.02066115702479,1.0330578512396695,33.099173553719005,Card11,CARD11,S116P,S116P,targeting guide,Missense,0.2712728727127287,0.7288271172882712,0.4927468605796425,1.0,0.2712728727127287,0.7288271172882712,0.4927468605796425,1.0,0.4927468605796425,0.4927468605796425,0.8300312753294772,0.2500461558446172,0.9999999996046233,0.9999999999939124,0.8200286037803444,0.1801856953525205,1.0,0.8547452158698222,0.9999999996046233,0.8547452158698222,0.05606519034344223,0.9853454792169163,0.12853970468984316,1.0,0.024947555234092523,0.975117547577856,0.05974701126126617,1.0,0.12853970468984316,0.05974701126126617,0.0020852271216093444,0.9996391812026997,0.012853203241395304,0.9999999999481898,0.0006425854322744954,0.9993671071859974,0.004314502188128755,1.0,0.012853203241395304,0.004314502188128755
gRNA_1977,Cd79a,0.3428581795254819,0.3413320312550824,1.0632999504742364,0.1830397010268213,0.5653102667654474,0.4991680258094139,0.3428581795254819,1130.7727067329417,0.6611720982375958,0.2163097983106598,0.16407809650393496,0.07040120372584685,-0.5699993693773364,0.1083923654801402,0.16407809650393496,1.3216518785309483,1.3216518785309483,1.3216518785309483,0.0,0.0,0.0,0.4910972555900949,0.4910972555900949,0.4910972555900949,0.698205434752313,-0.37858798597416843,-0.8059050617993097,0.053041899291452616,0.6667119456584857,0.04669324638575465,0.053041899291452616,23394,92.04069419509275,99.10660853210224,0.0,7.1727793451312305,Cd79a,CD79A,Non-coding,,targeting guide,Intron,9.99900009999001e-05,1.0,0.0005295245123374991,1.0,9.999000099989996e-05,1.0,0.0005295245123374983,1.0,0.0005295245123374991,0.0005295245123374983,0.028834460851698742,0.9852511374586609,0.07856345855245454,0.9999999999939124,0.01420545928300744,0.9858466710198981,0.037881224754686506,1.0,0.07856345855245454,0.037881224754686506,0.033719165438375026,0.9081702039252126,0.08277574227164158,1.0,0.03616458115338953,0.9639769892115501,0.0834225921084323,1.0,0.08277574227164158,0.0834225921084323,0.00840662455512943,0.9996180916315176,0.03718695097327842,0.9999999999481898,0.0019462535098356227,0.9980636559395369,0.010306919995749213,1.0,0.03718695097327842,0.010306919995749213
gRNA_2134,Chek2,0.20641137673577994,-0.2051401769758299,0.06725784292719313,0.050790399891826904,-1.5608087844217235,-0.2882978683685507,0.050790399891826904,1888.5976803735502,-0.8439706055014646,-0.8648228583383725,0.206767604390889,-0.8271465101423261,-1.6389543288241641,-0.7936253396830877,-0.8439706055014646,-0.15501186787645102,-0.15501186787645102,-0.15501186787645102,0.0,0.0,0.0,-0.418152780936766,-0.418152780936766,-0.418152780936766,-0.35221277886326746,-0.38941621815390204,-1.1526600222081256,0.24618200954249414,0.016530578207522722,-0.32631528629505563,-0.35221277886326746,12851,30.238891915026063,87.54960703447202,0.0,64.41522060540036,Chek2,CHEK2,K201E,K197E,targeting guide,Missense,0.3010698930106988,0.6990300969903009,0.5192765127157007,1.0,0.30106989301069886,0.6990300969903009,0.5192765127157009,1.0,0.5192765127157007,0.5192765127157009,0.7994454762584718,0.19468364674298924,0.9999999996046233,0.9999999999939124,0.839222313475823,0.16100892923358062,1.0,0.8071914318910175,0.9999999996046233,0.8071914318910175,0.3617007135031286,0.6754059889805689,0.609863086444737,1.0,0.32211695276028396,0.678190254430602,0.5220516130942533,1.0,0.609863086444737,0.5220516130942533,0.278300732707265,0.8037911416127552,0.5226810846090421,0.9999999999481898,0.20516930250282733,0.7950595335951871,0.408167501275466,1.0,0.5226810846090421,0.408167501275466
gRNA_2265,Crebbp,-0.5961173444333365,-0.04774052128991091,2.115742379114251,0.038748041415462994,-0.1531672053421791,0.27149306989285754,-0.04774052128991091,1573.9719837324897,0.449096907009627,0.13953777663215153,0.49573365212235304,-0.23341647276572838,0.3900503574242272,0.24820044408452607,0.3900503574242272,0.15519690299975852,0.15519690299975852,0.15519690299975852,0.0,0.0,0.0,0.38721640238756483,0.38721640238756483,0.38721640238756483,-0.08245739416757418,-0.18240858231469664,1.0776408543607856,0.42037786148686,0.545013447240403,0.35563323732115554,0.42037786148686,12635,70.1226751088247,91.7214087851207,0.0,22.136921250494655,Crebbp,CREBBP,C1475R,C1474R,targeting guide,Missense,0.06779322067793223,0.9323067693230677,0.17579483430967252,1.0,0.06779322067793217,0.9323067693230677,0.17579483430967238,1.0,0.17579483430967252,0.17579483430967238,0.01147422868752362,0.998545867786276,0.03344426346130915,0.9999999999939124,0.003324356191458122,0.996690294010033,0.00984218840935633,1.0,0.03344426346130915,0.00984218840935633,0.001344731696106513,0.9982942608006369,0.005807700623615337,1.0,0.0007299513574331683,0.999289223633209,0.003016062751591992,1.0,0.005807700623615337,0.003016062751591992,0.014011294117756862,0.9699160153664549,0.05504032143052262,0.9999999999481898,0.01681867092992988,0.9835938766204623,0.059658681789185236,1.0,0.05504032143052262,0.059658681789185236
gRNA_2385,Csf3r,0.7093262007932637,1.643521730013606,0.9838150183736046,0.3791818838400645,-0.31748223134955883,0.679672520334196,0.7093262007932637,3685.494803434252,-0.041385961539919094,-0.08082374882475615,0.08487790027147854,0.33527085294950476,-0.025750243362888506,0.054437759898683914,-0.025750243362888506,0.20032197478260616,0.20032197478260616,0.20032197478260616,0.0,0.0,0.0,0.07872787935920378,0.07872787935920378,0.07872787935920378,0.2719715247280386,0.2795734247838523,0.3926445970502282,0.14875267991444205,0.6119014150046337,0.3409687282962389,0.2795734247838523,27020,68.84529977794227,96.09918578830496,4.071058475203553,22.95336787564767,Csf3r,CSF3R,T774A,T773A,targeting guide,Missense,0.04389561043895609,0.9562043795620438,0.12135845239005506,1.0,0.04389561043895611,0.9562043795620438,0.12135845239005512,1.0,0.12135845239005506,0.12135845239005512,0.0781702946155713,0.9938298369514103,0.1803192072113792,0.9999999999939124,0.0255138240084459,0.9745388588696396,0.06189159888500425,1.0,0.1803192072113792,0.06189159888500425,0.005035680109562627,0.9998773316597228,0.017497562183214035,1.0,0.0009567642104580023,0.9990484062767728,0.0037086942590949367,1.0,0.017497562183214035,0.0037086942590949367,0.0011538043466377188,0.9992105454886113,0.008506479104623182,0.9999999999481898,0.0004209469212950528,0.9995852282815368,0.0032301233144273436,1.0,0.008506479104623182,0.0032301233144273436
gRNA_2401,Ctcf,-0.5007542631597995,-3.217387941586211,-3.747810036247962,-0.6204501620915802,-0.14235204570333193,-1.645750889757777,-0.6204501620915802,1440.4579002861876,-0.7955748954639461,-0.0055539506466392346,0.013642965138164136,0.003912881503463859,-0.3423425134254019,-0.2251831025788719,-0.0055539506466392346,-0.1238026979738235,-0.1238026979738235,-0.1238026979738235,0.0,0.0,0.0,0.31333290334209624,0.31333290334209624,0.31333290334209624,-0.9278908814418245,-0.39081842746599477,-0.40617682060088595,-0.37486381675505964,-0.04062834466871485,-0.4280756581864959,-0.39081842746599477,9250,38.0,73.80540540540541,0.0,53.63243243243243,Ctcf,CTCF,T374A,T374A,targeting guide,Missense,0.2800719928007199,0.7200279972002801,0.49908563646005066,1.0,0.2800719928007199,0.72002799720028,0.49908563646005066,1.0,0.49908563646005066,0.49908563646005066,0.3104938169940823,0.8769102109034304,0.5706099222486235,0.9999999999939124,0.19168526239088657,0.8085098358402406,0.35330224832830076,1.0,0.5706099222486235,0.35330224832830076,0.6733558259878769,0.638955426088267,0.9042206806122919,1.0,0.5168030821655906,0.4834534974725092,0.7311703452290892,1.0,0.9042206806122919,0.7311703452290892,0.8812740257590577,0.04231837550554775,0.9901747559609503,0.9999999999481898,0.9452376915595985,0.054989821709034985,0.9889519597579295,1.0,0.9901747559609503,0.9889519597579295
gRNA_2474,Ctnnb1,0.19753767915160228,-0.6589938847027549,1.1370504737124862,-0.40230641997066774,-0.8925666815055983,-0.12385576666298648,-0.40230641997066774,918.4515740322338,0.5906426333156971,-1.0082823627253321,0.15457780852384098,-0.3325717262090438,-0.3457771655046888,-0.18828216251990532,-0.3325717262090438,-0.05201821522548866,-0.05201821522548866,-0.05201821522548866,0.0,0.0,0.0,0.3852746072391845,0.3852746072391845,0.3852746072391845,1.5299556460823376,-0.13918456278246205,-0.764472232192239,0.4473019562684428,0.7738806344999605,0.3694962883752079,0.4473019562684428,4271,2.6925778506204634,97.84593771950362,0.0,92.69491922266448,Ctnnb1,CTNNB1,S45P,S45P,targeting guide,Missense,0.2270772922707729,0.773022697730227,0.4423889217295886,1.0,0.2270772922707729,0.773022697730227,0.4423889217295886,1.0,0.4423889217295886,0.4423889217295886,0.15926970476919533,0.8222143300537581,0.33643488198436766,0.9999999999939124,0.14854869529920373,0.851719983367965,0.2935592743603828,1.0,0.33643488198436766,0.2935592743603828,0.0006495633720855413,0.9621869903888896,0.0029426003361947414,1.0,0.0015292836815655366,0.9985619865478638,0.005528948694890786,1.0,0.0029426003361947414,0.005528948694890786,0.14708944992537284,0.8536705915394354,0.3253272539525893,0.9999999999481898,0.13498746614850443,0.8652998187850691,0.3045839092922615,1.0,0.3253272539525893,0.3045839092922615
gRNA_2569,Daxx,1.710205970734036,0.8003782579645572,0.9117680664471802,1.856211701399718,1.0079936808586252,1.2573115354808233,1.0079936808586252,1221.5092634432897,1.8296897284413454,2.018388715151969,1.731125955279303,1.6875753260936424,2.153744705306723,1.8841048860545968,1.8296897284413454,1.7331238800913402,1.7331238800913402,1.7331238800913402,0.0,0.0,0.0,0.4815118095524014,0.4815118095524014,0.4815118095524014,1.3154858027713285,1.8349639434978564,1.6051331731858756,1.8637893122000857,0.6656714384505042,1.4570087340211302,1.6051331731858756,28882,0.0,93.57385222630012,0.0415483692265078,99.68146250259676,Daxx,DAXX,N274S,N268S,targeting guide,Missense,9.99900009999001e-05,1.0,0.0005295245123374991,1.0,9.999000099989996e-05,1.0,0.0005295245123374983,1.0,0.0005295245123374991,0.0005295245123374983,8.833192803460529e-09,0.9999999999939124,9.684337681286012e-07,0.9999999999939124,4.3137379891755197e-10,0.9999999996310273,4.899807242252183e-08,1.0,9.684337681286012e-07,4.899807242252183e-08,1.0794897967280134e-09,0.9999999996116029,3.3824013630811085e-08,1.0,7.808058471109808e-11,0.9999999999481022,2.935829985137288e-09,1.0,3.3824013630811085e-08,2.935829985137288e-09,8.643139476637085e-06,0.9999997940501895,0.0002166546962143696,0.9999999999481898,1.007617482295771e-06,0.9999990359699654,2.7061726667372136e-05,1.0,0.0002166546962143696,2.7061726667372136e-05
gRNA_2658,Dis3,-0.21739167755538008,0.9956484329998708,0.611304838837981,1.0141160860323928,0.4807169763690664,0.5768789313367861,0.611304838837981,2000.060250037656,0.8444032711323152,0.5883118148952589,0.5088076824918338,0.596926511646966,0.6353233650270126,0.6347545290386772,0.596926511646966,0.2591238252664137,0.2591238252664137,0.2591238252664137,0.0,0.0,0.0,0.11949518631937878,0.11949518631937878,0.11949518631937878,0.15968260519113645,0.28906037773409915,1.8210895948550692,0.44378591003906803,0.4721378577896132,0.6371512691217972,0.44378591003906803,16404,31.88856376493538,38.557668861253354,4.352596927578639,24.04291636186296,Dis3,DIS3,M749T,M749T,targeting guide,Missense,0.03889611038896109,0.9612038796120388,0.11079498110794977,1.0,0.038896110388961076,0.9612038796120388,0.11079498110794973,1.0,0.11079498110794977,0.11079498110794973,0.00010909162433681418,0.9999991736601578,0.0006310530884714174,0.9999999999939124,1.2448728538598639e-05,0.9999877536239773,7.3136280164267e-05,1.0,0.0006310530884714174,7.3136280164267e-05,0.00014687182558128159,0.9999635562249664,0.00083672433967518,1.0,4.4023393059796816e-05,0.9999592546444375,0.00023646851129262292,1.0,0.00083672433967518,0.00023646851129262292,0.0038961272484669767,0.9993698458527177,0.020927769220336904,0.9999999999481898,0.0010575155616095256,0.998949490428857,0.006212903924455963,1.0,0.020927769220336904,0.006212903924455963
gRNA_2703,Dnmt3a,-0.0016543172175947428,0.6185669403978824,-0.6768626806671683,0.8284453508685337,-0.7299899647252048,0.007701065731289636,-0.0016543172175947428,1720.0180750112968,0.5730197397231623,0.9259659415106821,0.9650163058705855,0.5331580861152806,0.5718759493149571,0.7138072045069335,0.5730197397231623,0.3271534366702879,0.3271534366702879,0.3271534366702879,0.0,0.0,0.0,-0.19488773769198173,-0.19488773769198173,-0.19488773769198173,0.7155070033184243,0.9741108097540778,0.5236905117283501,0.46810680469407234,0.8167205594108793,0.6996271377811608,0.7155070033184243,14896,0.4900644468313641,82.78732545649838,0.0,98.67749731471535,Dnmt3a,DNMT3A,Non-coding,,targeting guide,Intron,0.0230976902309769,0.977002299770023,0.07237276272372763,1.0,0.023097690230976922,0.977002299770023,0.07237276272372768,1.0,0.07237276272372763,0.07237276272372768,3.556804760160224e-05,0.9999995532273692,0.0002388140338964722,0.9999999999939124,4.0779493034495324e-06,0.9999960231982269,2.7878344329036803e-05,1.0,0.0002388140338964722,2.7878344329036803e-05,2.711432494500016e-05,0.9999994171788238,0.00019990168979058942,1.0,3.4161166807481454e-06,0.9999966984134439,2.7923040694810928e-05,1.0,0.00019990168979058942,2.7923040694810928e-05,0.08691637232551927,0.9309229303865584,0.22694830551663364,0.9999999999481898,0.06299076112914133,0.9371555667867157,0.174150927827626,1.0,0.22694830551663364,0.174150927827626
gRNA_2747,Dnmt3a,-0.592268209335634,0.5324195351566854,1.4763178976234568,1.0773745106336257,1.8233617641807163,0.8634410996517701,1.0773745106336257,1320.4398252748908,-0.3619436609819882,0.40716881048672254,0.7141153790043983,0.7837962906353481,-0.41314186633875705,0.22599899056114472,0.40716881048672254,0.6020440842152119,0.6020440842152119,0.6020440842152119,0.0,0.0,0.0,0.21736546575197438,0.21736546575197438,0.21736546575197438,0.9392325543845775,1.017966227205853,0.8838701903084963,0.83633155320943,1.2130130181180985,0.9780827086452911,0.9392325543845775,14829,13.129678332996155,64.17155573538336,0.0067435430575224,75.97275608604761,Dnmt3a,DNMT3A,Non-coding,,targeting guide,Intron,0.009499050094990498,0.9906009399060094,0.03720461287204612,1.0,0.009499050094990488,0.9906009399060094,0.03720461287204608,1.0,0.03720461287204612,0.03720461287204608,0.00762486050484015,0.9846200625538336,0.0242961656764398,0.9999999999939124,0.005445795751956143,0.9945925680604737,0.015280740318921715,1.0,0.0242961656764398,0.015280740318921715,1.15585464879389e-07,0.9999999993841509,1.671543645948087e-06,1.0,8.05272436413688e-09,0.9999999928081085,1.4418211242454606e-07,1.0,1.671543645948087e-06,1.4418211242454606e-07,0.00018484248623575086,0.9976017638720173,0.002044140436018892,0.9999999999481898,0.00011443984658111431,0.9998886421659363,0.0013039206761969388,1.0,0.002044140436018892,0.0013039206761969388
gRNA_2775,Dnmt3a,1.6125984364630503,1.7814695852044555,1.7376554281162455,1.050562389599886,1.05182927712238,1.4468230233012034,1.6125984364630503,1643.0185268865794,1.9743298551757065,1.5358582721514964,1.660840676441828,2.0194600090338044,2.094309931845483,1.8569597489296636,1.9743298551757065,1.3321333543493685,1.3321333543493685,1.3321333543493685,0.0,0.0,0.0,0.44016185806888125,0.44016185806888125,0.44016185806888125,1.6680032348280553,1.39702209421475,0.3465701377617639,1.6219498318983294,1.2224415021813555,1.251197360176851,1.39702209421475,32900,4.310030395136779,99.07598784194528,0.0729483282674772,94.4741641337386,Dnmt3a,DNMT3A,M797V,M801V,targeting guide,Missense,9.99900009999001e-05,1.0,0.0005295245123374991,1.0,9.999000099989996e-05,1.0,0.0005295245123374983,1.0,0.0005295245123374991,0.0005295245123374983,1.828195461763101e-08,0.9999999999851994,1.14566915603821e-06,0.9999999999939124,9.381783000086685e-10,0.9999999991772729,5.879250680054323e-08,1.0,1.14566915603821e-06,5.879250680054323e-08,4.194971419071311e-09,0.9999999673057496,1.126649466836295e-07,1.0,4.82590445695892e-10,0.9999999996562533,1.2961000541546813e-08,1.0,1.126649466836295e-07,1.2961000541546813e-08,1.168009090534265e-06,0.9999999883516097,4.84960813128449e-05,0.9999999999481898,1.0036377764000799e-07,0.999999905587301,5.359908317447772e-06,1.0,4.84960813128449e-05,5.359908317447772e-06
gRNA_2810,Dnmt3a,-0.0018265990590882472,1.2376739485368446,-0.005313627320353373,1.1701197071828349,0.46628557629804057,0.5733878011276557,0.46628557629804057,1768.3386052116282,1.851630980992047,1.6231060867291696,1.2153079629840464,1.5337137115627515,1.9962599745886884,1.6440037433713406,1.6231060867291696,0.9632616807975461,0.9632616807975461,0.9632616807975461,0.0,0.0,0.0,0.47797875984284643,0.47797875984284643,0.47797875984284643,0.3300918808139986,1.2139538709087534,1.397665895640792,0.5683714487103139,-0.20245081033552173,0.6615264571476672,0.5683714487103139,28194,0.2660140455416046,98.15208909697098,0.1737958430871816,98.95367808753636,Dnmt3a,DNMT3A,K822R,K826R,targeting guide,Missense,9.99900009999001e-05,1.0,0.0005295245123374991,1.0,9.999000099989996e-05,1.0,0.0005295245123374983,1.0,0.0005295245123374991,0.0005295245123374983,5.201860103783347e-08,0.9999999999407053,1.4117357753568383e-06,0.9999999999939124,2.9103288114090204e-09,0.9999999973791418,7.88253787141771e-08,1.0,1.4117357753568383e-06,7.88253787141771e-08,2.1750617005189477e-05,0.9997176213909007,0.00017037983320731758,1.0,1.2361392631051234e-05,0.9999886799961779,7.746472715458773e-05,1.0,0.00017037983320731758,7.746472715458773e-05,0.004039680981203141,0.999137188726022,0.02139324012580818,0.9999999999481898,0.0012846991888525502,0.9987253363417586,0.007209655149381476,1.0,0.02139324012580818,0.007209655149381476
gRNA_3011,Egfr,0.989776655777911,-0.4858201575988989,1.153158906396136,0.043124699481822626,0.17189138080252678,0.37442629697189955,0.17189138080252678,2840.5482753426722,-0.005142915374040902,0.4895003277706948,0.7669142642107805,0.1299208224757174,-0.2418717718979181,0.2278641454370467,0.1299208224757174,0.41494504147202055,0.41494504147202055,0.41494504147202055,0.0,0.0,0.0,-0.09042899314274915,-0.09042899314274915,-0.09042899314274915,0.548882272561135,0.10259729006139238,0.33220393049625513,0.4185993848733293,0.2852945921910648,0.33751549403663533,0.33220393049625513,32195,1.1057617642491069,75.87824196303774,0.0528032303152663,97.09892840503184,Egfr,EGFR,E245G,E245G,targeting guide,Missense,0.013298670132986705,0.9868013198680132,0.045047747477504514,1.0,0.013298670132986684,0.9868013198680132,0.04504774747750444,1.0,0.045047747477504514,0.04504774747750444,0.011931540998067158,0.9969836533864853,0.03440950787625132,0.9999999999939124,0.004490162680867608,0.9955342316805901,0.01298693206158631,1.0,0.03440950787625132,0.01298693206158631,0.005099101562140148,0.9998733271037311,0.017497562183214035,1.0,0.000968145612272631,0.9990369943480552,0.003714517859331727,1.0,0.017497562183214035,0.003714517859331727,0.01381989918478736,0.9936908563660447,0.05504032143052262,0.9999999999481898,0.006311733688588607,0.993721060774111,0.027595486824526935,1.0,0.05504032143052262,0.027595486824526935
gRNA_3012,Egfr,0.43802620436800604,0.31108009244036494,1.1849051489404532,1.1773165636011662,1.1533455646424216,0.8529347147984824,1.1533455646424216,1921.7352010845007,-1.2908914255300763,-2.0480534759543888e-05,-0.24526494206760918,-0.04341552220240017,-1.1613599862196795,-0.5481904713109049,-0.24526494206760918,0.825278321783908,0.825278321783908,0.825278321783908,0.0,0.0,0.0,-0.22235468417344018,-0.22235468417344018,-0.22235468417344018,0.5382814140501379,0.6451775215450304,0.7549443963738914,0.8797043554177145,0.6598543494513444,0.6955924073676238,0.6598543494513444,24937,0.3488791755223162,72.59092914143642,0.0080202109315474,93.96880137947628,Egfr,EGFR,E245G,E245G,targeting guide,Missense,9.99900009999001e-05,1.0,0.0005295245123374991,1.0,9.999000099989996e-05,1.0,0.0005295245123374983,1.0,0.0005295245123374991,0.0005295245123374983,0.5812298062594128,0.46034214869970747,0.9112845106926171,0.9999999999939124,0.559226216280769,0.44109458472140683,0.8245845385159574,1.0,0.9112845106926171,0.8245845385159574,7.920395458073857e-05,0.9999994537193724,0.0004727093162279,1.0,8.691371577315407e-06,0.9999914610489442,6.051769839019616e-05,1.0,0.0004727093162279,6.051769839019616e-05,0.0005076235266374955,0.9999741274625146,0.004655279171114592,0.9999999999481898,8.994781059861712e-05,0.9999111406406666,0.0011079986525531463,1.0,0.004655279171114592,0.0011079986525531463
gRNA_3031,Eif1ad19,-0.06329049571145345,0.9851622790675167,0.0046421274962191806,-0.11601616609579249,0.3735893374288043,0.23681741643705884,0.0046421274962191806,2170.447356529598,-1.6500742362139793,-0.04532259299543235,0.06486288873085395,0.14907622603576373,-1.5234727671105868,-0.6009860963106762,-0.04532259299543235,0.013467849373183429,0.013467849373183429,0.013467849373183429,0.0,0.0,0.0,0.2770101817786868,0.2770101817786868,0.2770101817786868,0.5877496335232023,-0.008019364367209236,0.15167038740590053,0.6377532725381971,0.5145937287100207,0.37674953156202234,0.5145937287100207,14956,0.0066862797539449,91.30115004011768,1.4442364268520995,92.41775875902648,Eif1ad19,EIF1AX,K7R,K7R,targeting guide,Missense,0.17538246175382463,0.8247175282471753,0.36840114871194446,1.0,0.17538246175382471,0.8247175282471753,0.3684011487119446,1.0,0.36840114871194446,0.3684011487119446,0.39046756664452875,0.34183436000665196,0.6692501019896484,0.9999999999939124,0.5113056108285166,0.4891345710553448,0.7783437638523167,1.0,0.6692501019896484,0.7783437638523167,0.003696105804307236,0.9997659177526361,0.013624860611956087,1.0,0.0008246864020013419,0.9991806156184871,0.0032640219700263633,1.0,0.013624860611956087,0.0032640219700263633,0.04055869662046758,0.9942842183864947,0.13260930373300706,0.9999999999481898,0.014934292650157664,0.9851130082487298,0.054517417829701764,1.0,0.13260930373300706,0.054517417829701764
gRNA_3084,Ep300,1.4852590453018788,2.8437878625806214,2.4141759054941097,0.5075509672753844,0.27304515264963863,1.5047637866603265,1.4852590453018788,563.3378520861575,-0.4071723857773639,-0.09409975326384523,0.925602832142996,-0.5525332501366469,-0.9861810137117549,-0.222876714149323,-0.4071723857773639,1.1212023115177212,1.1212023115177212,1.1212023115177212,0.0,0.0,0.0,0.09841449413303702,0.09841449413303702,0.09841449413303702,0.01257870743616233,0.3199058663777965,1.256530637293612,0.39855419518370505,0.46013236105387495,0.4895403534690302,0.39855419518370505,6124,0.0,98.0078380143697,0.0979751796211626,99.78772044415416,Ep300,EP300,H350R,H349R,targeting guide,Missense,9.99900009999001e-05,1.0,0.0005295245123374991,1.0,9.999000099989996e-05,1.0,0.0005295245123374983,1.0,0.0005295245123374991,0.0005295245123374983,0.13714194268339447,0.7283506802451946,0.2978732374939923,0.9999999999939124,0.19683884504967208,0.8038157640150521,0.3592786686343529,1.0,0.2978732374939923,0.3592786686343529,0.00035976602651240146,0.999898260315144,0.0017820731503843056,1.0,0.0001118772644448711,0.999892713279367,0.0005608780190836204,1.0,0.0017820731503843056,0.0005608780190836204,3.2132190342741504e-07,0.999990239320451,2.416340713774161e-05,0.9999999999481898,1.5590652842472352e-07,1.0,6.513428298632894e-06,1.0,2.416340713774161e-05,6.513428298632894e-06
gRNA_3086,Ep300,1.1132444287441259,3.2469167364416767,1.524319339649124,0.8561002864338424,0.2596292935404048,1.4000420169618348,1.1132444287441259,1106.793191745745,1.0931163111649358,0.6407969736077463,1.0329296544293995,0.7659351427548483,0.6032811190129147,0.827211840193969,0.7659351427548483,1.100992357523702,1.100992357523702,1.100992357523702,0.0,0.0,0.0,0.008146920904074947,0.008146920904074947,0.008146920904074947,1.0849518889081171,1.4349990641032158,0.3477063625455206,1.308543949551716,0.7370626910717327,0.9826527912360605,1.0849518889081171,14062,0.2702318304650832,96.89233394965154,0.1066704593941118,99.39553406343336,Ep300,EP300,H350R,H349R,targeting guide,Missense,9.99900009999001e-05,1.0,0.0005295245123374991,1.0,9.999000099989996e-05,1.0,0.0005295245123374983,1.0,0.0005295245123374991,0.0005295245123374983,9.205074080826123e-06,0.9999999321027851,7.063485417123719e-05,0.9999999999939124,8.778259383883219e-07,0.9999991511536686,7.022607507106575e-06,1.0,7.063485417123719e-05,7.022607507106575e-06,1.1342135967097602e-07,0.9999998812204872,1.671543645948087e-06,1.0,1.6318851613398027e-08,0.9999999865983322,2.454355282655063e-07,1.0,1.671543645948087e-06,2.454355282655063e-07,1.571211908835556e-06,0.9999942742848464,5.370687979292446e-05,0.9999999999481898,5.704319851015878e-07,1.0,1.949840239983609e-05,1.0,5.370687979292446e-05,1.949840239983609e-05
gRNA_3107,Ep300,1.052491556827052,0.7052828227473729,1.7774973200437216,0.7486468908798337,1.690240444798734,1.1948318070593429,1.052491556827052,1153.065220665763,0.34748018032000066,0.3272242513462757,1.0562090740812675,0.33169604425405236,0.19621693031296106,0.4517652960629115,0.33169604425405236,1.0216663194717364,1.0216663194717364,1.0216663194717364,0.0,0.0,0.0,0.4239658232525431,0.4239658232525431,0.4239658232525431,1.073920182166876,0.93390607355915,0.7351438853960854,0.9093531823111815,1.1765598112074132,0.9657766269281411,0.93390607355915,15956,30.377287540737026,93.58861870142891,0.1190774630233141,65.14790674354475,Ep300,EP300,Q2287R,Q2290R,targeting guide,Missense,9.99900009999001e-05,1.0,0.0005295245123374991,1.0,9.999000099989996e-05,1.0,0.0005295245123374983,1.0,0.0005295245123374991,0.0005295245123374983,0.0013713676432872601,0.9999321247330935,0.005666310262373734,0.9999999999939124,0.0002893090840446699,0.9997142236563685,0.0012361388136454077,1.0,0.005666310262373734,0.0012361388136454077,1.13582290307564e-07,0.9999999983632729,1.671543645948087e-06,1.0,8.756325039991534e-09,0.9999999922604028,1.4965355522894623e-07,1.0,1.671543645948087e-06,1.4965355522894623e-07,1.1734175901674877e-05,0.999999560332373,0.0002618573020544193,0.9999999999481898,1.5076614131110946e-06,0.9999985557265424,3.7792046088651436e-05,1.0,0.0002618573020544193,3.7792046088651436e-05
gRNA_3522,Erbb3,0.7639297636951081,1.1465858329386127,0.3187057673899136,1.6992839171016636,1.2004583596072813,1.0257927281465158,1.1465858329386127,1042.3256514535321,1.865668879733276,1.4948324266551234,1.8690397991388727,2.1420507615798576,1.9523181508024505,1.8647820035819158,1.8690397991388727,1.3141577282720398,1.3141577282720398,1.3141577282720398,0.0,0.0,0.0,1.0312648034201695,1.0312648034201695,1.0312648034201695,1.4916004454410028,1.5617434765944587,1.3853272885702186,1.5449500734026875,1.2076830798730465,1.4382608727762827,1.4916004454410028,19185,0.4951785248892363,92.3690383111806,0.0156372165754495,98.75423507948918,Erbb3,ERBB3,Q807R,Q809R,targeting guide,Missense,9.99900009999001e-05,1.0,0.0005295245123374991,1.0,9.999000099989996e-05,1.0,0.0005295245123374983,1.0,0.0005295245123374991,0.0005295245123374983,1.2878108618731399e-08,0.9999999999892342,9.684337681286012e-07,0.9999999999939124,6.5157011200162e-10,0.9999999994365979,4.899807242252183e-08,1.0,9.684337681286012e-07,4.899807242252183e-08,7.569777813710812e-11,0.9999999999999765,4.066052082793237e-09,1.0,2.8174962102535603e-12,0.9999999999982924,1.5133979643647695e-10,1.0,4.066052082793237e-09,1.5133979643647695e-10,7.74966230424867e-05,0.9999936830578414,0.0011249007632635555,0.9999999999481898,1.2814026045728499e-05,0.9999875125403916,0.00024090368965969577,1.0,0.0011249007632635555,0.00024090368965969577
gRNA_3523,Erbb3,-0.18240346578502467,0.7687109455871519,-0.09239280368161117,0.7903974113415804,-0.7998808390923032,0.09688624967395867,-0.09239280368161117,1553.4869709293569,0.19497813245302872,0.04443959793807342,0.5393053551403959,0.2625039139159389,0.6488364002243989,0.3380126799343672,0.2625039139159389,0.6717236793331356,0.6717236793331356,0.6717236793331356,0.0,0.0,0.0,-0.011873524760740174,-0.011873524760740174,-0.011873524760740174,0.5630067695697606,0.6342351388146659,1.43954718627145,0.5990272811649697,1.0219083049083726,0.8515449361458437,0.6342351388146659,19286,2.136264647931142,98.1385460956134,0.0155553251062947,96.42746033392098,Erbb3,ERBB3,Q807R,Q809R,targeting guide,Missense,0.0052994700529947,0.9948005199480052,0.0262184307885001,1.0,0.005299470052994701,0.9948005199480052,0.026218430788500103,1.0,0.0262184307885001,0.026218430788500103,0.004361481788025634,0.9998107600337216,0.015184418076829983,0.9999999999939124,0.0009269187491391743,0.9990787603405586,0.0034168769576110743,1.0,0.015184418076829983,0.0034168769576110743,2.0482081544558323e-06,0.9999997815547939,2.333715957804221e-05,1.0,3.034099033011064e-07,0.9999997313679331,3.4570340497338184e-06,1.0,2.333715957804221e-05,3.4570340497338184e-06,0.055418355596516505,0.9591405778105121,0.16669841363432164,0.9999999999481898,0.036126085083423846,0.9639781307049069,0.11414628564174258,1.0,0.16669841363432164,0.11414628564174258
gRNA_3524,Erbb3,-0.19177096099151908,-0.7805663546476544,-0.0828151922998942,-0.32685699254964146,0.03653802341251857,-0.2690942954152381,-0.19177096099151908,2338.9064618165385,-0.22898750566633227,-0.16239653373231594,0.10913628784722519,0.34493196558829436,-0.5513524951284626,-0.09773365621831825,-0.16239653373231594,0.14277378880434494,0.14277378880434494,0.14277378880434494,0.0,0.0,0.0,-0.29463999996406753,-0.29463999996406753,-0.29463999996406753,-0.26618483067033144,-0.49908621044759255,-0.37356562617880806,0.2363270271804774,-0.5137272658227201,-0.28324738118779497,-0.37356562617880806,15946,58.62912329110749,95.9989966135708,0.0689828170073999,40.317320958234035,Erbb3,ERBB3,Q807R,Q809R,targeting guide,Missense,0.07289271072892711,0.9272072792720728,0.18644666145630337,1.0,0.07289271072892713,0.9272072792720728,0.1864466614563034,1.0,0.18644666145630337,0.1864466614563034,0.17484614906063348,0.9459499901244258,0.3652341780377677,0.9999999999939124,0.09427248396508342,0.9058676078008525,0.1991373818588279,1.0,0.3652341780377677,0.1991373818588279,0.44902550799882257,0.8162979029870773,0.6876200547956214,1.0,0.3043638464744619,0.6958781337523274,0.5002986406815055,1.0,0.6876200547956214,0.5002986406815055,0.3951816491658491,0.8956691570430098,0.6488572056172893,0.9999999999481898,0.22052006920631423,0.7796692412606372,0.4341128063956762,1.0,0.6488572056172893,0.4341128063956762
gRNA_3525,Erbb3,-0.5716128485786747,-0.6372272343560911,-0.06343415200581022,0.40815580093374004,1.2458456569575305,0.07634544459013895,-0.06343415200581022,1701.5815634884773,-1.5702601340999387,-0.4894604977432587,-0.29606346358214486,-0.36419147667971363,-1.3469461401487424,-0.8133843424507596,-0.4894604977432587,0.28743971624910997,0.28743971624910997,0.28743971624910997,0.0,0.0,0.0,-0.0270733420165698,-0.0270733420165698,-0.0270733420165698,0.45232105209021967,0.27280948147357664,-0.44685015154285807,0.36013544459315666,0.3072657964684574,0.18913632461651048,0.3072657964684574,12546,47.337796907380834,76.91694564004463,6.137414315319624,35.46150167384027,Erbb3,ERBB3,Q807R,Q809R,targeting guide,Missense,0.0337966203379662,0.9663033696630337,0.10085340672281978,1.0,0.0337966203379662,0.9663033696630337,0.10085340672281978,1.0,0.10085340672281978,0.10085340672281978,0.8979305602131344,0.21098692233273253,0.9999999996046233,0.9999999999939124,0.8599126231525025,0.1402796132990124,1.0,0.7644222405859226,0.9999999996046233,0.7644222405859226,0.016470179678727326,0.9948523820838121,0.04621483253135429,1.0,0.006097551037748219,0.9939259751015989,0.018052592048766383,1.0,0.04621483253135429,0.018052592048766383,0.059977358927759065,0.9458438297055484,0.17829696046137442,0.9999999999481898,0.04642329649421172,0.9537424398377794,0.13837394349169188,1.0,0.17829696046137442,0.13837394349169188
gRNA_3570,Erbb3,0.04124021154821796,-0.03290229151709439,0.361695901749053,0.8438581996812173,0.3106658746138687,0.3049115792150525,0.3106658746138687,2509.8960686850432,0.05540167171954655,0.4724977202038415,0.7429588713553147,0.4658822903556966,0.1488163592391415,0.3771113825747082,0.4658822903556966,0.6021928272305027,0.6021928272305027,0.6021928272305027,0.0,0.0,0.0,0.1262508045160993,0.1262508045160993,0.1262508045160993,0.3655111884400402,0.3894751231376822,0.3673041865267132,0.7214862944865129,0.40384139115699746,0.4495236367495892,0.3894751231376822,30176,0.0,58.91105514316013,0.2750530222693531,95.7283934252386,Erbb3,ERBB3,K329E,K329E,targeting guide,Missense,0.009499050094990498,0.9906009399060094,0.03720461287204612,1.0,0.009499050094990488,0.9906009399060094,0.03720461287204608,1.0,0.03720461287204612,0.03720461287204608,0.002935388004099133,0.9998567337986592,0.01092778108456707,0.9999999999939124,0.0006158521231809356,0.9993885414742653,0.0024634084927237423,1.0,0.01092778108456707,0.0024634084927237423,0.0015971809280936199,0.9999766985696085,0.006665710741257721,1.0,0.0002502180887624252,0.9997516834839475,0.0011200238258889511,1.0,0.006665710741257721,0.0011200238258889511,0.028581189617230936,0.9977917384250938,0.1023478790102746,0.9999999999481898,0.00842660445748731,0.9916009518121385,0.03481761841774976,1.0,0.1023478790102746,0.03481761841774976
gRNA_3579,Erbb3,1.3013503921841647,0.7617729290927192,1.0937394717005924,0.8386929182563942,0.7588270029577688,0.9508765428383278,0.8386929182563942,1014.972134357584,0.9966751579235154,0.7118260574178188,0.740606214603134,1.2118378259022202,1.7388590730355795,1.0799608657764537,0.9966751579235154,0.9865706209751559,0.9865706209751559,0.9865706209751559,0.0,0.0,0.0,0.015326174475961903,0.015326174475961903,0.015326174475961903,0.028569951844404355,-0.034124747162746626,0.7183311916517666,0.24215150480207442,-0.3645216537552651,0.11808124947604673,0.028569951844404355,14117,44.00368350216052,95.45229156336332,0.2408443720337182,52.149890203300984,Erbb3,ERBB3,H228R,H228R,targeting guide,Missense,9.99900009999001e-05,1.0,0.0005295245123374991,1.0,9.999000099989996e-05,1.0,0.0005295245123374983,1.0,0.0005295245123374991,0.0005295245123374983,1.180200690306299e-06,0.9999999931306691,1.4791848651838947e-05,0.9999999999939124,9.51578216278446e-08,0.9999999102143597,1.1710715356151955e-06,1.0,1.4791848651838947e-05,1.1710715356151955e-06,0.03585714815603171,0.9905426223030875,0.08642492119658925,1.0,0.015542970620851408,0.9845114464183531,0.039218081065716004,1.0,0.08642492119658925,0.039218081065716004,0.00017087252071078127,0.999998549254563,0.0019469111450682957,0.9999999999481898,2.0492167847132084e-05,0.9999798015890355,0.00035161182810716703,1.0,0.0019469111450682957,0.00035161182810716703
gRNA_3580,Erbb3,1.1008403287780253,-0.39698261782547456,1.4909832405847736,0.6806678422689245,0.44396780082252485,0.6638953189257548,0.6806678422689245,1481.5484259677664,1.144394454812042,1.0695572104544975,1.01051446467,0.9380291022875595,0.7216143725813273,0.9768219209610853,1.01051446467,0.9815383322014548,0.9815383322014548,0.9815383322014548,0.0,0.0,0.0,0.30553164304584773,0.30553164304584773,0.30553164304584773,1.1683705398777942,0.5742729091925516,0.587177933469751,1.7055712198951085,0.1909476856009158,0.8452680576072243,0.587177933469751,19274,6.9575594064542905,94.60412991594896,0.0155650098578395,92.64812701048044,Erbb3,ERBB3,H228R,H228R,targeting guide,Missense,9.99900009999001e-05,1.0,0.0005295245123374991,1.0,9.999000099989996e-05,1.0,0.0005295245123374983,1.0,0.0005295245123374991,0.0005295245123374983,1.0731944456034733e-06,0.9999999969528583,1.3914521087824343e-05,0.9999999999939124,7.79932063065713e-08,0.9999999259163884,1.0112222610783037e-06,1.0,1.3914521087824343e-05,1.0112222610783037e-06,3.236696989628317e-06,0.9999960789576834,3.477137337429278e-05,1.0,8.311102851734959e-07,0.9999992773853135,8.680485200700957e-06,1.0,3.477137337429278e-05,8.680485200700957e-06,0.0013907291969124025,0.998918859003203,0.009683595889612283,0.9999999999481898,0.0005174873302744676,0.9994888459960425,0.0037418314650615346,1.0,0.009683595889612283,0.0037418314650615346
gRNA_3677,Ercc2,-0.1943083389567087,-0.11454086897724279,0.23048562736123956,0.9082660403713989,-0.1770207443295186,0.13057634309383367,-0.11454086897724279,4581.41286338304,-0.1326435492330659,0.1273849508364458,0.42774409592615664,-0.17415506843885417,0.04057778022791775,0.057781641863720035,0.04057778022791775,0.15080542288447152,0.15080542288447152,0.15080542288447152,0.0,0.0,0.0,0.07094503058408518,0.07094503058408518,0.07094503058408518,0.13415563749633194,-0.29228347485856054,0.5691330723033216,0.22903914792324592,0.17271622171656603,0.16255212091618101,0.17271622171656603,36970,7.963213416283472,44.00054097917231,0.0270489586150933,80.11090073032189,Ercc2,ERCC2,I80T,I80T,targeting guide,Missense,0.06779322067793223,0.9323067693230677,0.17579483430967252,1.0,0.06779322067793217,0.9323067693230677,0.17579483430967238,1.0,0.17579483430967252,0.17579483430967238,0.0694038157280785,0.992318611632464,0.1705610112010295,0.9999999999939124,0.0245782698338101,0.9754770838583741,0.06000928219164024,1.0,0.1705610112010295,0.06000928219164024,0.028087942952050166,0.9959837153417326,0.07334073993035321,1.0,0.009445297230100768,0.9905857363519985,0.026306901914947323,1.0,0.07334073993035321,0.026306901914947323,0.07395489684012713,0.9865793636571989,0.2015002986368681,0.9999999999481898,0.03149845552157802,0.9685798162671994,0.10209844203545979,1.0,0.2015002986368681,0.10209844203545979
gRNA_3686,Ercc2,0.7943068801213046,-1.4219323124690324,0.21740553452972977,-0.38491970402292724,-1.1722542325513008,-0.39347876687844524,-0.38491970402292724,2187.919867449917,-0.6411776031240628,-0.12480723058324299,0.3447360671114357,-0.030835763308049286,-0.7293379915148165,-0.23628450428374714,-0.12480723058324299,0.3461838040516591,0.3461838040516591,0.3461838040516591,0.0,0.0,0.0,-0.14298253147099804,-0.14298253147099804,-0.14298253147099804,0.4401799982915556,-0.3738223739690254,0.9120604930663593,0.4435314026619965,0.6230051431078,0.4089909326317372,0.4435314026619965,23524,34.046080598537664,87.10253358272404,3.4050331576262542,55.37323584424417,Ercc2,ERCC2,Y14C,Y14C,targeting guide,Missense,0.018098190180981903,0.982001799820018,0.059692276386396445,1.0,0.018098190180981907,0.982001799820018,0.05969227638639646,1.0,0.059692276386396445,0.05969227638639646,0.29470003127951505,0.8336407760515048,0.5512796605029735,0.9999999999939124,0.21386844786645764,0.7863656747986378,0.3757688616719069,1.0,0.5512796605029735,0.3757688616719069,0.0013592490821227386,0.9985781998196648,0.005807700623615337,1.0,0.0005073311829427544,0.9994982007718479,0.002143331739173884,1.0,0.005807700623615337,0.002143331739173884,0.2598479056071459,0.6083326212399239,0.49848373728717776,0.9999999999481898,0.30951863364608934,0.6908693173837178,0.5438271320136897,1.0,0.49848373728717776,0.5438271320136897
gRNA_3698,Ercc2,1.1620683638960978,0.33434543011428663,-0.4644475225788708,0.32080698192816093,0.45814520425267713,0.36218369152247043,0.33434543011428663,3879.981924988703,-0.45250782714120685,0.2950485883113194,0.504488749575635,0.10916345855607235,-0.10907966656777458,0.06942266054680908,0.10916345855607235,0.4377484971473784,0.4377484971473784,0.4377484971473784,0.0,0.0,0.0,-0.02794009586072274,-0.02794009586072274,-0.02794009586072274,0.3917336231859416,0.4022743167373606,0.14005580139426962,0.4972310864508957,-0.20032941142007166,0.2461930832696792,0.3917336231859416,48298,6.853285850345769,75.98451281626568,3.105718663298687,84.88550250527972,Ercc2,ERCC2,T49A,T49A,targeting guide,Missense,0.013298670132986705,0.9868013198680132,0.045047747477504514,1.0,0.013298670132986684,0.9868013198680132,0.04504774747750444,1.0,0.045047747477504514,0.04504774747750444,0.04919883385625845,0.9856807491920523,0.12584191516974952,0.9999999999939124,0.021985293362607895,0.9780749579911425,0.055479666472084355,1.0,0.12584191516974952,0.055479666472084355,0.011918343373477323,0.99879511696252,0.03501013365958964,1.0,0.003292307091672217,0.9967218347482514,0.010671616090247875,1.0,0.03501013365958964,0.010671616090247875,0.01836170816096314,0.9954880035798512,0.0697373966517388,0.9999999999481898,0.00694382421248349,0.9930862323495463,0.030010090849353938,1.0,0.0697373966517388,0.030010090849353938
gRNA_3703,Ercc2,-1.724726065430215,0.6971805860712393,1.087099676374485,-0.6082031703720697,0.3351692716405989,-0.042695940343192296,0.3351692716405989,1268.6247928904957,0.7130461585140536,0.0652781169166458,0.9602177184291747,-0.09504249605905297,0.26722399980230277,0.38214469952062474,0.26722399980230277,-0.0737593328694302,-0.0737593328694302,-0.0737593328694302,0.0,0.0,0.0,0.7563295194029159,0.7563295194029159,0.7563295194029159,-0.1824699213426791,0.03543820165798333,0.8152136826006184,0.010668409666959274,0.537830295810699,0.24333613367871618,0.03543820165798333,4525,78.20994475138122,88.46408839779005,0.0,13.12707182320442,Ercc2,ERCC2,T484A,T484A,targeting guide,Missense,0.23987601239876016,0.7602239776022398,0.45552212455522134,1.0,0.23987601239876005,0.7602239776022398,0.4555221245552212,1.0,0.45552212455522134,0.4555221245552212,0.0020219669317165763,0.9993961801865986,0.00791937048255659,0.9999999999939124,0.0006652789350408675,0.9993422365188817,0.0025788131914986205,1.0,0.00791937048255659,0.0025788131914986205,0.010581112784795954,0.9974886100945431,0.03132675911089196,1.0,0.003949960329994253,0.9960735901520249,0.012480546925023858,1.0,0.03132675911089196,0.012480546925023858,0.048594098313378326,0.7798477224794585,0.1522615080485854,0.9999999999481898,0.07131464993148699,0.9289122811046401,0.19017239981729864,1.0,0.1522615080485854,0.19017239981729864
gRNA_3905,Etv6,0.8289373514832311,-0.8685688552248658,0.40188452021260107,0.8284826505321963,-0.933332872189528,0.05148055896272692,0.40188452021260107,1712.6675704172314,-0.058231605963005376,0.006750737891171855,0.7227201122123899,0.022699971761745673,-0.13807122123891105,0.1111735989326782,0.006750737891171855,0.016709754757298165,0.016709754757298165,0.016709754757298165,0.0,0.0,0.0,-0.12046247472162648,-0.12046247472162648,-0.12046247472162648,0.49227668541273184,0.31086924154939066,0.4326614022418932,0.19042087607152558,0.9190388912127991,0.46905341929766814,0.4326614022418932,9069,93.39508214797662,95.04906825449332,0.0,1.742198698864263,Etv6,ETV6,Non-coding,,targeting guide,Intron,0.17538246175382463,0.8247175282471753,0.36840114871194446,1.0,0.17538246175382471,0.8247175282471753,0.3684011487119446,1.0,0.36840114871194446,0.3684011487119446,0.038506474816042274,0.9937278383517971,0.10189435316848941,0.9999999999939124,0.015147342683413145,0.9849079767390156,0.03982797796477862,1.0,0.10189435316848941,0.03982797796477862,0.0007885913055948598,0.9999681166008834,0.003529884891710325,1.0,0.0001471566484610911,0.9998547240156349,0.0006830975286588921,1.0,0.003529884891710325,0.0006830975286588921,0.04752393801385216,0.8863781611122252,0.15015966969082697,0.9999999999481898,0.05021228047474906,0.9499389718180818,0.14412074395805838,1.0,0.15015966969082697,0.14412074395805838
gRNA_3906,Etv6,-1.1226575728258266,-2.9703965174736284,-0.6609808596487707,0.13499825861330783,0.15437741492727713,-0.8929318552815282,-0.6609808596487707,772.2849826781141,-1.6738602012208965,-0.4517433924083653,-0.6904236365230441,-2.458010523008086,-1.1379217751184625,-1.2823919056557709,-1.1379217751184625,-0.626296394352392,-0.626296394352392,-0.626296394352392,0.0,0.0,0.0,0.037406987953946216,0.037406987953946216,0.037406987953946216,-1.5348226253725907,-2.603561516403208,-2.5327408260474957,-1.4235389097318247,0.2948297601605498,-1.559966823478914,-1.5348226253725907,1215,16.049382716049383,74.48559670781893,0.0,73.25102880658436,Etv6,ETV6,Y397H,Y401H,targeting guide,Missense,0.9018098190180982,0.09829017098290173,0.9578544970361721,1.0,0.9018098190180983,0.09829017098290171,0.9578544970361722,1.0,0.9578544970361721,0.9578544970361722,0.9881519553140304,0.0334891318970967,0.9999999996046233,0.5246630663878483,0.9842983290197194,0.015757754435704867,1.0,0.23462962259135137,0.5246630663878483,0.23462962259135137,0.8833027490723658,0.0016521001909853416,0.9999999999016121,0.10353161196841475,0.9969166031481512,0.0031148034031424215,1.0,0.10218073041171602,0.10353161196841475,0.10218073041171602,0.599670336533182,0.24190032807146009,0.8110649155988361,0.9999999999481898,0.6888308031933049,0.3116276935688314,0.8691287986600089,1.0,0.8110649155988361,0.8691287986600089
gRNA_3909,Etv6,1.3069580335879099,0.6593652804154244,0.9210863272476192,0.7117383180464041,1.0946680572579608,0.9387632033110636,0.9210863272476192,2063.5637897273687,-0.4072948400524358,-0.03098894615557451,0.19442817390731218,-0.17217483236621572,-0.6791259631238067,-0.2190312815581441,-0.17217483236621572,0.4970125857411593,0.4970125857411593,0.4970125857411593,0.0,0.0,0.0,0.36740583272099986,0.36740583272099986,0.36740583272099986,1.178032103204824,0.4669733140438809,-0.5664224953017265,0.6337210104424695,0.7977843493678187,0.5020176563514533,0.6337210104424695,23799,26.98012521534518,91.07945712004704,0.1848817177192319,72.01563090886171,Etv6,ETV6,Y350C,Y354C,targeting guide,Missense,0.009499050094990498,0.9906009399060094,0.03720461287204612,1.0,0.009499050094990488,0.9906009399060094,0.03720461287204608,1.0,0.03720461287204612,0.03720461287204608,0.3188464953643537,0.8821078545062009,0.57597431409948,0.9999999999939124,0.19642511050000422,0.803774848382375,0.3592786686343529,1.0,0.57597431409948,0.3592786686343529,0.00015255134684486352,0.9947381457471058,0.0008561090509502789,1.0,0.00013199255257970803,0.9998738240987124,0.0006282177186072179,1.0,0.0008561090509502789,0.0006282177186072179,0.0002042661711653368,0.9999978223632662,0.0021944022959476182,0.9999999999481898,2.5712945274550367e-05,0.9999746454187151,0.0004203507575317799,1.0,0.0021944022959476182,0.0004203507575317799
gRNA_4033,Fat1,0.4674950903485929,1.1866687047516693,1.1474434032184273,0.665604637307979,0.04973575905044844,0.7033895189354233,0.665604637307979,3088.778430486519,1.255597243087758,1.2803415846894464,0.9558108704767592,1.3691838621838202,1.0198359908118402,1.1761539102499248,1.255597243087758,0.8064786189183428,0.8064786189183428,0.8064786189183428,0.0,0.0,0.0,0.12454803833026946,0.12454803833026946,0.12454803833026946,1.0653630593601757,0.8787973208650683,1.6908311368075766,0.9797315569057695,0.8289981260851719,1.0887442400047525,0.9797315569057695,45747,2.179377882702691,56.834327934072185,0.0,96.83476512121013,Fat1,FAT1,F3794S,F3769S,targeting guide,Missense,9.99900009999001e-05,1.0,0.0005295245123374991,1.0,9.999000099989996e-05,1.0,0.0005295245123374983,1.0,0.0005295245123374991,0.0005295245123374983,3.604308717200797e-07,0.999999999502225,5.420880310669999e-06,0.9999999999939124,2.284738688641467e-08,0.9999999785640566,3.436246987716766e-07,1.0,5.420880310669999e-06,3.436246987716766e-07,3.0306664468231714e-08,0.999999999653132,5.997529389502698e-07,1.0,2.141986739109674e-09,0.9999999982249815,4.544100160774683e-08,1.0,5.997529389502698e-07,4.544100160774683e-08,0.0014787316022478948,0.9998807472357168,0.010109146953549244,0.9999999999481898,0.0003189513559846808,0.9996839720018033,0.002855374044053333,1.0,0.010109146953549244,0.002855374044053333
gRNA_4195,Fgf4,-0.3136703352720193,-0.9744149490521655,-0.9733316095120407,0.095254862015095,-0.6787714801812024,-0.5689867024004667,-0.6787714801812024,5107.395692122307,0.45467138546162245,-0.06755186921859455,-0.35426913633639634,0.36027737205497623,0.8073857729363917,0.2401027049795999,0.36027737205497623,-0.27433323944537397,-0.27433323944537397,-0.27433323944537397,0.0,0.0,0.0,0.28893067484942575,0.28893067484942575,0.28893067484942575,0.059535298156715974,0.5700597896654399,1.368525914029074,0.22188595725723018,0.14794529650382668,0.47359045112245735,0.22188595725723018,33033,72.61829080010898,89.2289528653165,0.0,20.43411134320225,Fgf4,FGF4,R108G,R112G,targeting guide,Missense,0.47465253474652536,0.5254474552544746,0.6864205887103597,1.0,0.47465253474652536,0.5254474552544746,0.6864205887103597,1.0,0.6864205887103597,0.6864205887103597,0.009948836961283836,0.9948412662601397,0.029688592836847,0.9999999999939124,0.004469403563726709,0.9955575110219,0.01298693206158631,1.0,0.029688592836847,0.01298693206158631,0.0006270396041165978,0.9997829451174822,0.002875205989607814,1.0,0.00022933954121515072,0.9997795632245032,0.0010389357529746587,1.0,0.002875205989607814,0.0010389357529746587,0.6798743540368767,0.6052003272524595,0.8653274314968338,0.9999999999481898,0.5441134054680894,0.45614560100757157,0.7604407074376026,1.0,0.8653274314968338,0.7604407074376026
gRNA_4440,Flt3,1.168704978792889,0.05957294548910438,-0.4267010856362394,0.511757453668843,1.5929289894924956,0.5812526563614184,0.511757453668843,2418.1955113721947,1.2923202298328258,1.2151457474882004,0.6954926432839468,1.3786196471542298,0.8490020025341177,1.086116054058664,1.2151457474882004,0.7141518559250319,0.7141518559250319,0.7141518559250319,0.0,0.0,0.0,0.5418919641730269,0.5418919641730269,0.5418919641730269,1.385413478386407,0.10005898302707056,0.5795858347841336,1.4004694777186772,1.6286762068072738,1.0188407961447123,1.385413478386407,23519,73.01756027041965,96.7940813810111,0.110548917896169,22.301118244823336,Flt3,FLT3,Q450R,Q449R,targeting guide,Missense,9.99900009999001e-05,1.0,0.0005295245123374991,1.0,9.999000099989996e-05,1.0,0.0005295245123374983,1.0,0.0005295245123374991,0.0005295245123374983,1.2796025353218234e-06,0.9999999954521792,1.5520340428419535e-05,0.9999999999939124,9.655111064912515e-08,0.9999999082214677,1.1710715356151955e-06,1.0,1.5520340428419535e-05,1.1710715356151955e-06,2.445094861356456e-07,0.9999961444823805,3.2834130995358127e-06,1.0,6.630813531073299e-08,0.999999945816538,8.904235313155574e-07,1.0,3.2834130995358127e-06,8.904235313155574e-07,0.0027671221284188666,0.9969603797064872,0.015300557651257261,0.9999999999481898,0.0013898292910630185,0.9986264856955652,0.00768493843293669,1.0,0.015300557651257261,0.00768493843293669
gRNA_4461,Flt3,0.4726581063567567,-2.9022879780532396,-1.2003692057533155,0.8889318553748728,-0.3842962674231664,-0.6250726978996184,-0.3842962674231664,1397.6803735502333,1.057724523734304,0.2419516119250002,0.5848311464561203,-0.09284059173155614,-0.09981608937390915,0.33837012020199186,0.2419516119250002,0.8181651680906659,0.8181651680906659,0.8181651680906659,0.0,0.0,0.0,-0.1215936235811186,-0.1215936235811186,-0.1215936235811186,0.08327930819976938,-0.026823783504805007,0.1816147671334205,0.6174463359390812,0.5781297716016015,0.2867292798738135,0.1816147671334205,15114,72.72727272727273,91.53103083234087,2.970755590842927,23.408760089982795,Flt3,FLT3,R848G,R845G,targeting guide,Missense,9.99900009999001e-05,1.0,0.0005295245123374991,1.0,9.999000099989996e-05,1.0,0.0005295245123374983,1.0,0.0005295245123374991,0.0005295245123374983,0.0038847285154885247,0.9983513168472075,0.013779791715317787,0.9999999999939124,0.0015837025794737194,0.9984331562702995,0.005413383362564713,1.0,0.013779791715317787,0.005413383362564713,0.009455065331856022,0.9992950608063976,0.02890328914453548,1.0,0.0024581958474975724,0.9975538717233743,0.008252514630884708,1.0,0.02890328914453548,0.008252514630884708,0.2017004548320326,0.3191799743341501,0.4077385538540014,0.9999999999481898,0.3992491887681131,0.6014129135773105,0.6454932798832087,1.0,0.4077385538540014,0.6454932798832087
gRNA_4577,Foxa1,0.18844163266790115,-0.08022207168646477,0.5141924765154393,0.5777877705677184,-0.4570443733280273,0.14863108694731333,0.18844163266790115,1097.6351860219913,0.9219129661426074,0.2045507985705249,0.5926960994686405,0.7478445141132233,0.5790528595201528,0.6092114475630298,0.5926960994686405,0.7559830314271989,0.7559830314271989,0.7559830314271989,0.0,0.0,0.0,0.8900012150796434,0.8900012150796434,0.8900012150796434,0.47406965920308464,0.46357459632393194,0.9943767848636134,0.9110239111678353,0.9062151400985688,0.7498520183314068,0.9062151400985688,12037,81.90579047935532,84.56426019772368,0.2326161003572318,6.156018941596743,Foxa1,FOXA1,Y259C,Y259C,targeting guide,Missense,9.99900009999001e-05,1.0,0.0005295245123374991,1.0,9.999000099989996e-05,1.0,0.0005295245123374983,1.0,0.0005295245123374991,0.0005295245123374983,0.00015284972779899185,0.9999951816257352,0.000851133841924288,0.9999999999939124,2.2313939536774567e-05,0.9999780707755634,0.00012522449650488414,1.0,0.000851133841924288,0.00012522449650488414,1.002951364703562e-05,0.9999996527980595,9.197797881183886e-05,1.0,1.2244766308970022e-06,0.999998826110497,1.1805210595314688e-05,1.0,9.197797881183886e-05,1.1805210595314688e-05,0.06733847102262724,0.9887371311877922,0.1875501118852433,0.9999999999481898,0.026345936082240583,0.973713941064886,0.08766435368957928,1.0,0.1875501118852433,0.08766435368957928
gRNA_4578,Foxa1,0.7623455221844913,1.245362536232168,1.2804988239726507,2.031012128405536,0.4090960402279238,1.145663010204554,1.245362536232168,751.6794697996687,-0.4681946146665935,-0.35859732795768057,0.6782009962142581,0.6398988831903341,-0.040675829516186326,0.09012642145282637,-0.040675829516186326,0.9217823975946059,0.9217823975946059,0.9217823975946059,0.0,0.0,0.0,0.5512209177289257,0.5512209177289257,0.5512209177289257,0.11507740197565297,0.7119886337622269,0.8862055075123418,0.8661541629300061,1.0373867695522605,0.7233624951464976,0.8661541629300061,4982,81.01164191087916,85.60818948213569,0.0,6.965074267362505,Foxa1,FOXA1,Y259C,Y259C,targeting guide,Missense,9.99900009999001e-05,1.0,0.0005295245123374991,1.0,9.999000099989996e-05,1.0,0.0005295245123374983,1.0,0.0005295245123374991,0.0005295245123374983,0.029465639219505846,0.9685937529316526,0.07970561400384314,0.9999999999939124,0.0213912211085928,0.9787000294567729,0.05434526443804657,1.0,0.07970561400384314,0.05434526443804657,1.747470080611788e-05,0.9999959224427286,0.000142836684850007,1.0,2.876524774279491e-06,0.9999972337033004,2.403496255842419e-05,1.0,0.000142836684850007,2.403496255842419e-05,2.1784818381373736e-05,0.9999980134855723,0.00043111009007350135,0.9999999999481898,3.3917347430110678e-06,0.9999967508941137,7.08495701873423e-05,1.0,0.00043111009007350135,7.08495701873423e-05
gRNA_4621,Foxo1,-1.3208396584990494,-1.7601111073685702,-1.1352074820918345,0.1859251600037781,-1.56595343822972,-1.119237305237079,-1.3208396584990494,504.5338153336346,-0.8670327714997991,-0.8524399684590027,-0.4990957206989781,0.1787395856758908,0.795975948658489,-0.24877058526468004,-0.4990957206989781,-0.029725733950790312,-0.029725733950790312,-0.029725733950790312,0.0,0.0,0.0,0.3379765130572892,0.3379765130572892,0.3379765130572892,-0.24130782227533473,1.333319189245856,-0.7842434798098824,0.9676988930456095,-0.8546928583857807,0.08415478436409356,-0.24130782227533473,2707,53.67565570742519,93.5352789065386,0.0,44.99445881049132,Foxo1,FOXO1,M1V,M1V,targeting guide,Missense,0.2084791520847915,0.7916208379162084,0.416958304169583,1.0,0.2084791520847915,0.7916208379162084,0.416958304169583,1.0,0.416958304169583,0.416958304169583,0.1491666248882185,0.6725442288235225,0.32049514833125803,0.9999999999939124,0.21944185534904692,0.7810581887984276,0.38376808191275186,1.0,0.32049514833125803,0.38376808191275186,0.0022582335600611503,0.7331242429137086,0.009211815482970705,1.0,0.02247564734754988,0.9782839091138128,0.05452157033986293,1.0,0.009211815482970705,0.05452157033986293,0.8955909123205721,0.12518737606982983,0.9937207278147113,0.9999999999481898,0.9140820693284611,0.08606502765689195,0.9847867511853902,1.0,0.9937207278147113,0.9847867511853902
gRNA_4628,Foxo1,-0.45839780148312353,0.9348509411236358,-2.118592490762155,-1.4412504428640636,-3.10952226777982,-1.238582412353105,-1.4412504428640636,1013.4056333785209,0.01291038153971751,0.0578436232205063,0.718193214470889,-0.20910991985820332,-0.8643473448125247,-0.05690200908792305,0.01291038153971751,0.44743271816215086,0.44743271816215086,0.44743271816215086,0.0,0.0,0.0,0.6676513731836577,0.6676513731836577,0.6676513731836577,-0.1891911334602735,0.6990815829108681,-0.4869763397572572,0.5694150989376047,-0.5637521362566142,0.0057154144748655655,-0.1891911334602735,5647,78.90915530370108,85.56755799539579,0.0,12.449088011333451,Foxo1,FOXO1,T24A,T24A,targeting guide,Missense,0.013298670132986705,0.9868013198680132,0.045047747477504514,1.0,0.013298670132986684,0.9868013198680132,0.04504774747750444,1.0,0.045047747477504514,0.04504774747750444,0.07568329917895522,0.9164489086765523,0.17629753007340604,0.9999999999939124,0.061465086502410796,0.9387120256237425,0.13515130131524244,1.0,0.17629753007340604,0.13515130131524244,0.05970668528689016,0.918235513154256,0.1360588707143679,1.0,0.054598958939374685,0.9455718902722839,0.1214746068710348,1.0,0.1360588707143679,0.1214746068710348,0.5547052378789424,0.05481125953847705,0.784227682618784,0.9999999999481898,0.8786197899042034,0.12178714622676329,0.9635700099909593,1.0,0.784227682618784,0.9635700099909593
gRNA_4735,Gata2,0.04522044132540677,-0.9731126645378161,0.3884612528812987,0.8191511723899173,0.12654079171554602,0.08125219875487052,0.12654079171554602,2016.4482602801625,2.4992462980789134,1.2223833075726158,0.7178202097196288,1.020578634141534,1.0328789312186986,1.298581476146278,1.0328789312186986,0.33022560988118993,0.33022560988118993,0.33022560988118993,0.0,0.0,0.0,0.2974153177388386,0.2974153177388386,0.2974153177388386,0.7438851708554207,0.46687464188663214,0.7031937274362274,0.1309192173478435,0.7147768459289178,0.5519299206910083,0.7031937274362274,17566,70.4599795058636,97.11374245701924,0.3415689399977228,27.72401229648184,Gata2,GATA2,W360R,W360R,targeting guide,Missense,0.0230976902309769,0.977002299770023,0.07237276272372763,1.0,0.023097690230976922,0.977002299770023,0.07237276272372768,1.0,0.07237276272372763,0.07237276272372768,1.9635781625893055e-07,0.9999999986439839,3.866837908101214e-06,0.9999999999939124,1.4697396540096516e-08,0.9999999868410829,2.6315338567029954e-07,1.0,3.866837908101214e-06,2.6315338567029954e-07,0.0004735685717499781,0.999985275884498,0.002282843371512715,1.0,7.458734819338467e-05,0.9999262611927247,0.00038417593042072105,1.0,0.002282843371512715,0.00038417593042072105,0.06612368051202455,0.9539445700250115,0.1869361193422649,0.9999999999481898,0.04032423571488968,0.959775354728805,0.12258671775189321,1.0,0.1869361193422649,0.12258671775189321
gRNA_4770,Gata3,0.9731457705678426,-0.7762841453349171,-0.22875949208396573,0.8252173937704655,0.8367997718899987,0.3260238597618848,0.8252173937704655,1732.791082994427,-0.20179711369351247,0.3933848013890854,0.51212491990838,0.5022820854735762,0.14957463213509437,0.2711138650425247,0.3933848013890854,0.3475810864177466,0.3475810864177466,0.3475810864177466,0.0,0.0,0.0,0.3238698763905047,0.3238698763905047,0.3238698763905047,-0.24567216974779982,0.7060846202187029,-0.3195443176381841,0.0004617991678985727,0.5098156347784979,0.1302291133558231,0.0004617991678985727,14991,28.45040357547862,80.14141818424389,0.0867186978853979,66.68667867387099,Gata3,GATA3,F233S,F234S,targeting guide,Missense,0.018098190180981903,0.982001799820018,0.059692276386396445,1.0,0.018098190180981907,0.982001799820018,0.05969227638639646,1.0,0.059692276386396445,0.05969227638639646,0.009472148362792247,0.9988773095592332,0.02878297538198142,0.9999999999939124,0.0026489855435010094,0.9973635355615007,0.008300154702969829,1.0,0.02878297538198142,0.008300154702969829,0.030838058172290597,0.9865412904882943,0.07781952934752527,1.0,0.015749814470540205,0.9843105056911104,0.039218081065716004,1.0,0.07781952934752527,0.039218081065716004,0.012886339579740641,0.9800688127946289,0.0526659095867661,0.9999999999481898,0.008405826041027931,0.9916360009089729,0.03481761841774976,1.0,0.0526659095867661,0.03481761841774976
gRNA_4782,Gata3,2.091059265330917,-0.56814419617846,0.8515541699139378,2.2348384856480186,0.9563835195179774,1.1131382488464783,0.9563835195179774,981.5936134960083,0.8083809060282128,0.9740818842746773,0.7672216720876164,0.9120155882287977,0.9925021321191332,0.8908404365476874,0.9120155882287977,0.9416559045238458,0.9416559045238458,0.9416559045238458,0.0,0.0,0.0,0.45983507093169523,0.45983507093169523,0.45983507093169523,1.3384511504927266,1.5042632686130843,1.0943497491698486,1.279145697212264,1.9667231620630414,1.4365866055101928,1.3384511504927266,11568,21.84474412171508,88.41632088520055,0.0259336099585062,75.44951590594744,Gata3,GATA3,H281R,H281R,targeting guide,Missense,9.99900009999001e-05,1.0,0.0005295245123374991,1.0,9.999000099989996e-05,1.0,0.0005295245123374983,1.0,0.0005295245123374991,0.0005295245123374983,2.204825155758947e-06,0.9999999939349595,2.5121644198950425e-05,0.9999999999939124,1.6785239548843143e-07,0.9999998391771124,1.972265646989069e-06,1.0,2.5121644198950425e-05,1.972265646989069e-06,2.929744948233964e-11,0.9999999999999541,1.8359735008932842e-09,1.0,1.2553929362607165e-12,1.0,7.867129067233824e-11,1.0,1.8359735008932842e-09,7.867129067233824e-11,1.3921774837613097e-05,0.9984245354776664,0.00029081040771902913,0.9999999999481898,1.1973703722340031e-05,0.999989052486226,0.00023695329471578168,1.0,0.00029081040771902913,0.00023695329471578168
gRNA_4829,Gli1,0.20002044622396406,0.21306598038370386,0.5457558664081529,0.6047663444977369,1.207168589913635,0.5541554454854386,0.5457558664081529,2275.282422051514,3.066226973212422,0.3851500919896591,0.2603129469444213,0.456690285544071,1.5990902985173852,1.1534941192415917,0.456690285544071,0.19997168106913046,0.19997168106913046,0.19997168106913046,0.0,0.0,0.0,0.30368161450742687,0.30368161450742687,0.30368161450742687,0.2658834730403211,0.4795268152998257,0.5341941283094712,0.4245074006545947,0.2577228300650046,0.3923669294738434,0.4245074006545947,13367,0.4563477220019451,56.89384304630807,0.0149622203935063,86.26468167876112,Gli1,GLI1,F567S,F565S,targeting guide,Missense,0.04389561043895609,0.9562043795620438,0.12135845239005506,1.0,0.04389561043895611,0.9562043795620438,0.12135845239005512,1.0,0.12135845239005506,0.12135845239005512,1.983034786873661e-05,0.9999939973675541,0.00014338866920471087,0.9999999999939124,4.494981678333741e-06,0.9999958223833427,3.0180591268812264e-05,1.0,0.00014338866920471087,3.0180591268812264e-05,0.0028091171098221382,0.999953878481063,0.01066897003326388,1.0,0.00046824870978755853,0.9995346740736244,0.002023695573334736,1.0,0.01066897003326388,0.002023695573334736,0.005237760391545133,0.9997139785156092,0.025248691118217568,0.9999999999481898,0.001215798508315692,0.9987918881189771,0.006926367259495457,1.0,0.025248691118217568,0.006926367259495457
gRNA_4888,Gnas,-1.7177524848026502,-8.776016172558972,1.503590563552619,-0.291261106360508,-1.2626359767943875,-2.1088150353927797,-1.2626359767943875,585.9918662449164,0.2695539697225904,-2.5746006621064303,-0.8178901825554344,-0.47046941860383373,-0.4501624796431718,-0.808713754637256,-0.47046941860383373,-0.6484907827736708,-0.6484907827736708,-0.6484907827736708,0.0,0.0,0.0,0.15888360773926485,0.15888360773926485,0.15888360773926485,-0.01103906500842598,-1.8397456144262103,-0.22019248623767906,-0.38783140780181774,-0.8642658589315173,-0.6646148864811302,-0.38783140780181774,108,87.96296296296296,95.37037037037037,0.0,9.25925925925926,Gnas,GNAS,Q966R,Q227R,targeting guide,Missense,0.9118088191180882,0.08829117088291172,0.9603364593512637,1.0,0.9118088191180882,0.08829117088291172,0.9603364593512637,1.0,0.9603364593512637,0.9603364593512637,0.6456640260884637,0.20550857921971266,0.9868685927205787,0.9999999999939124,0.744865923571114,0.25558543581762816,0.989972867837791,1.0,0.9868685927205787,0.989972867837791,0.7297013271888623,0.2354624545891317,0.9428443265395609,1.0,0.7548131383376171,0.2455519400873678,0.9460324667164801,1.0,0.9428443265395609,0.9460324667164801,0.27055900274319766,0.03685334876338486,0.514696375659443,0.9999999999481898,0.8106185501479344,0.190929165850168,0.9398116783237126,1.0,0.514696375659443,0.9398116783237126
gRNA_5194,Idh2,1.1933807955073497,0.2790764643378067,1.5454594599952,1.4526081359921517,0.26027190198030686,0.946159351562563,1.1933807955073497,1859.5571622232264,0.6628446015959569,-0.5168272656134992,0.6801021890480822,0.20915723828808555,1.475936469078168,0.5022426464793587,0.6628446015959569,0.43688932858687557,0.43688932858687557,0.43688932858687557,0.0,0.0,0.0,0.7488878398471465,0.7488878398471465,0.7488878398471465,3.136680770126859,2.233435559108374,1.206565398661722,1.7951111654734073,2.1404709922141913,2.1024527771169104,2.1404709922141913,12908,56.06600557793616,86.35729779981406,0.2634025410598078,33.33591571118686,Idh2,IDH2,R172G,R172G,targeting guide,Missense,0.013298670132986705,0.9868013198680132,0.045047747477504514,1.0,0.013298670132986684,0.9868013198680132,0.04504774747750444,1.0,0.045047747477504514,0.04504774747750444,0.0008180630019920835,0.9959156627042577,0.0036187257499885107,0.9999999999939124,0.0004792336405194129,0.9995283496935733,0.0019375467616698843,1.0,0.0036187257499885107,0.0019375467616698843,1.600176288988244e-13,0.9999999999999997,3.008331423297899e-11,1.0,5.4529501510997884e-15,1.0,1.0251546284067603e-12,1.0,3.008331423297899e-11,1.0251546284067603e-12,0.00015658192296342057,0.9999581249741993,0.0018398375948201918,0.9999999999481898,3.592485635068553e-05,0.9999648569714399,0.0005403098395143104,1.0,0.0018398375948201918,0.0005403098395143104
gRNA_5228,Igf1r,1.1322017805859914,-0.5136732508198667,0.24651625940503885,0.008670368417415347,1.781693018794641,0.5310816352766439,0.24651625940503885,1425.8773911733695,-0.11793231889220268,0.12732915223070862,0.22321363161586807,0.20426239564447587,-0.7117360981717185,-0.054972647514573716,0.12732915223070862,0.6399904133110187,0.6399904133110187,0.6399904133110187,0.0,0.0,0.0,-0.22225109244284358,-0.22225109244284358,-0.22225109244284358,0.7802888904635399,-0.05724570321615987,1.7228667038216257,0.6296577124077161,0.6340628575768862,0.7419260922107215,0.6340628575768862,17646,0.0396690468094752,79.80278816729005,0.7140428425705543,97.5291850844384,Igf1r,IGF1R,N370S,N369S,targeting guide,Missense,0.0052994700529947,0.9948005199480052,0.0262184307885001,1.0,0.005299470052994701,0.9948005199480052,0.026218430788500103,1.0,0.0262184307885001,0.026218430788500103,0.11170099237124294,0.957292864850739,0.248518184210576,0.9999999999939124,0.05869827603953871,0.9414070563649595,0.13059498101104472,1.0,0.248518184210576,0.13059498101104472,3.5319077895882946e-05,0.999944839708633,0.00024145405979730886,1.0,1.126248839543683e-05,0.9999896778609053,7.30119937359353e-05,1.0,0.00024145405979730886,7.30119937359353e-05,0.0031579365028387547,0.9935582694330547,0.017208465580686547,0.9999999999481898,0.00221690491194945,0.9978180098186268,0.011418578724561552,1.0,0.017208465580686547,0.011418578724561552
gRNA_5236,Igf1r,0.686167022169846,0.30963430454700314,-0.4464198660235193,-0.07259423836948536,-0.042244748475503635,0.08690849476966817,-0.042244748475503635,1446.482904051815,0.7039313615901222,0.755786509561771,0.10599798067257543,0.5758098705440913,0.8300722116997448,0.594319586813661,0.7039313615901222,0.7637622188442484,0.7637622188442484,0.7637622188442484,0.0,0.0,0.0,0.6579515697113735,0.6579515697113735,0.6579515697113735,0.12314887703872997,-0.5683812332221436,-1.6722557462619632,0.5152543199400622,0.7830905559851192,-0.16382864530403912,0.12314887703872997,15936,42.04317269076305,97.18875502008032,0.0,55.92369477911646,Igf1r,IGF1R,D556G,D555G,targeting guide,Missense,9.99900009999001e-05,1.0,0.0005295245123374991,1.0,9.999000099989996e-05,1.0,0.0005295245123374983,1.0,0.0005295245123374991,0.0005295245123374983,0.00018654828658145464,0.9999913508910496,0.0010020307964946707,0.9999999999939124,2.8676192611984513e-05,0.9999717655182901,0.00015856247679567906,1.0,0.0010020307964946707,0.00015856247679567906,0.04633092304897564,0.5607797033938907,0.10753350040996816,1.0,0.11526058110396786,0.8851529881861686,0.2368195546179886,1.0,0.10753350040996816,0.2368195546179886,0.09011234097513951,0.9836926848137864,0.23071841301076282,0.9999999999481898,0.03803984395398074,0.9620393838544319,0.1191915110558063,1.0,0.23071841301076282,0.1191915110558063
gRNA_5373,Inha,0.3625785910554562,-0.3262610969881995,0.8756243823207526,0.22506998673037307,0.2881812106372049,0.2850386147511174,0.2881812106372049,2358.065973791234,0.5314836469439731,0.408534959836132,1.1877247573433611,0.6078336253169061,0.4252847134263449,0.6321723405733435,0.5314836469439731,0.5889068514170606,0.5889068514170606,0.5889068514170606,0.0,0.0,0.0,0.7541157983417335,0.7541157983417335,0.7541157983417335,1.1431955918411296,0.6255714112755061,0.27767328453040346,0.7392468604141438,-0.23465666971607133,0.5102060956690224,0.6255714112755061,24826,18.00128897123983,98.94465479738984,0.0,81.09643116087972,Inha,INHA,V179A,V178A,targeting guide,Missense,0.009499050094990498,0.9906009399060094,0.03720461287204612,1.0,0.009499050094990488,0.9906009399060094,0.03720461287204608,1.0,0.03720461287204612,0.03720461287204608,0.00021987789000497618,0.9999956404055658,0.0011644237555193105,0.9999999999939124,3.186891625356802e-05,0.9999686644509086,0.00017366250016437066,1.0,0.0011644237555193105,0.00017366250016437066,0.00026316943265367607,0.9994937268122189,0.001393686009546228,1.0,0.00010891672674940603,0.9998946167969451,0.0005534147196996846,1.0,0.001393686009546228,0.0005534147196996846,0.030218576044455835,0.9962838859881323,0.10719042068599428,0.9999999999481898,0.009989575684452322,0.990042948634404,0.03978199459037899,1.0,0.10719042068599428,0.03978199459037899
gRNA_5374,Inha,0.32802648432376175,-2.7229597735169606,-1.2083214956304131,-0.015460022510418754,-0.5356237811119697,-0.8308677176892001,-0.5356237811119697,885.0730531706582,0.6996420766475407,1.0583119677065518,0.1922516358604881,0.13399315722010322,0.5451508110525415,0.5258699296974452,0.5451508110525415,0.6967122315598872,0.6967122315598872,0.6967122315598872,0.0,0.0,0.0,0.31006431445265514,0.31006431445265514,0.31006431445265514,0.8482359297786838,0.41541031783329263,0.708597893518073,0.12101068056792572,1.2912536790899154,0.6769017001575781,0.708597893518073,5691,29.221577930065013,97.62783342119135,1.563872781584959,68.70497276401335,Inha,INHA,V179A,V178A,targeting guide,Missense,9.99900009999001e-05,1.0,0.0005295245123374991,1.0,9.999000099989996e-05,1.0,0.0005295245123374983,1.0,0.0005295245123374991,0.0005295245123374983,0.00047393256678092963,0.9999590878340908,0.0022274830638703692,0.9999999999939124,9.740539884000702e-05,0.9999041023372012,0.000457805374548033,1.0,0.0022274830638703692,0.000457805374548033,3.832857597830103e-05,0.9999892287415142,0.00025283411522528397,1.0,8.360829388767097e-06,0.9999920799484816,5.931456321087601e-05,1.0,0.00025283411522528397,5.931456321087601e-05,0.5693149283704788,0.26880928869071735,0.7928237521011112,0.9999999999481898,0.6579557312688316,0.34249263053619844,0.8443390954166575,1.0,0.7928237521011112,0.8443390954166575
gRNA_5501,Inppl1,0.23631361411372986,1.5241207650131359,0.3858371428659562,0.30528251766715453,0.915294785604763,0.6733697650529479,0.3858371428659562,1469.0164181352613,1.1588240891757542,0.5152653931123756,0.5602573201240059,1.1684720627150291,1.54767552888782,0.990098878802997,1.1588240891757542,0.6979131695733981,0.6979131695733981,0.6979131695733981,0.0,0.0,0.0,0.6315257554628393,0.6315257554628393,0.6315257554628393,0.6744495182203352,-0.5292819363137817,0.5827562002664319,0.12438468568434842,0.3447483786628793,0.23941136930404264,0.3447483786628793,12899,0.0,88.28591363671603,0.0,98.5037599813939,Inppl1,INPPL1,L58P,L58P,targeting guide,Missense,9.99900009999001e-05,1.0,0.0005295245123374991,1.0,9.999000099989996e-05,1.0,0.0005295245123374983,1.0,0.0005295245123374991,0.0005295245123374983,5.5353564755358146e-06,0.9999998758812249,5.0763269141499176e-05,0.9999999999939124,5.913130337949767e-07,0.9999994336198256,5.284648809304307e-06,1.0,5.0763269141499176e-05,5.284648809304307e-06,0.009759659578721252,0.9917161988440973,0.029593806464509605,1.0,0.00461722807387511,0.995406587552674,0.014230145539156077,1.0,0.029593806464509605,0.014230145539156077,0.001586141447970074,0.9998316456963124,0.010649806864941925,0.9999999999481898,0.0004020312647410007,0.9996029158232207,0.003149244907137839,1.0,0.010649806864941925,0.003149244907137839
gRNA_5621,Irf8,-0.559170050192718,-0.43498870943462054,-0.0663239679394315,-0.27865915264639657,-0.36576640708498004,-0.34098165745962933,-0.36576640708498004,1469.9804187377617,0.6685346137232872,1.1815651425540419,0.8979270972727245,0.8647415577444878,0.9746945758055879,0.9174925974200259,0.8979270972727245,0.5217455603936447,0.5217455603936447,0.5217455603936447,0.0,0.0,0.0,0.7680593930085284,0.7680593930085284,0.7680593930085284,0.7396322330879861,-0.09744706797686863,0.23515551040147312,0.8625335793341492,0.1603952185940773,0.3800538946881634,0.23515551040147312,17649,35.27678622018245,76.1119610176214,0.0226641736075698,58.09394299960338,Irf8,IRF8,T80A,T80A,targeting guide,Missense,0.009499050094990498,0.9906009399060094,0.03720461287204612,1.0,0.009499050094990488,0.9906009399060094,0.03720461287204608,1.0,0.03720461287204612,0.03720461287204608,2.4528602641341714e-06,0.999999991156941,2.712574880336613e-05,0.9999999999939124,1.9308177271122286e-07,0.9999998149351299,2.135257251159406e-06,1.0,2.712574880336613e-05,2.135257251159406e-06,0.002555174098301788,0.9995115836079479,0.01000776521834867,1.0,0.0007480393086474414,0.9992588915646496,0.003052415926245303,1.0,0.01000776521834867,0.003052415926245303,0.5059750412358034,0.8731531473492684,0.7540244271724174,0.9999999999481898,0.2886151005225816,0.7115872038297106,0.5151058487701269,1.0,0.7540244271724174,0.5151058487701269
gRNA_5624,Irs1,0.8580954888201883,-0.001959635730653384,-1.3024017314177867,0.8944254031403377,0.9734085189899281,0.2843136087604028,0.8580954888201883,1925.2297032685647,0.5280309108900714,1.1588192204725047,0.5366721058214966,0.9921496893351849,1.055748043345015,0.8542839939728545,0.9921496893351849,0.4319560562702202,0.4319560562702202,0.4319560562702202,0.0,0.0,0.0,0.5559494570627468,0.5559494570627468,0.5559494570627468,0.13058039500747556,0.3598111742029767,0.6653045743575028,0.20011242550419375,0.7153841119140837,0.41423853619724654,0.3598111742029767,20031,2.1267036094054217,90.8441915031701,2.391293495082622,87.20982477160402,Irs1,IRS1,V277A,V282A,targeting guide,Missense,0.013298670132986705,0.9868013198680132,0.045047747477504514,1.0,0.013298670132986684,0.9868013198680132,0.04504774747750444,1.0,0.045047747477504514,0.04504774747750444,7.5979143891604095e-06,0.9999998529016155,6.210469152878943e-05,0.9999999999939124,8.115011050641789e-07,0.9999992190809183,6.7805425667584724e-06,1.0,6.210469152878943e-05,6.7805425667584724e-06,0.0022784543614794562,0.9999126191271908,0.009211815482970705,1.0,0.0004442324001973684,0.9995591115669419,0.001942225377607099,1.0,0.009211815482970705,0.001942225377607099,0.011075222589091185,0.9393256602233496,0.04585469417078961,0.9999999999481898,0.010908949527466318,0.9891472755395065,0.04228623734358078,1.0,0.04585469417078961,0.04228623734358078
gRNA_5625,Irs1,0.6026258790268854,0.9075849322804396,-0.693101705606348,0.8605935354993587,0.3153133894255402,0.39860320612517514,0.6026258790268854,1776.1711101069438,0.33004356761565495,0.6325848112008015,0.35418433945817096,0.08031114363301042,0.41683273927447645,0.36279132023642285,0.35418433945817096,0.7428791373735742,0.7428791373735742,0.7428791373735742,0.0,0.0,0.0,0.13321119749753552,0.13321119749753552,0.13321119749753552,0.7549917432131326,1.463734434360641,0.21685972869621536,0.7640552984496852,0.857109201807036,0.811350081305342,0.7640552984496852,19932,11.453943407585792,80.20268914308649,0.0301023479831426,79.82139273530002,Irs1,IRS1,V277A,V282A,targeting guide,Missense,9.99900009999001e-05,1.0,0.0005295245123374991,1.0,9.999000099989996e-05,1.0,0.0005295245123374983,1.0,0.0005295245123374991,0.0005295245123374983,0.003823080253129858,0.9998885071819735,0.013690268335017398,0.9999999999939124,0.0007354439983190068,0.999269043455978,0.0027932014481610768,1.0,0.013690268335017398,0.0027932014481610768,6.802382980444337e-06,0.9999982954886857,6.73077894907124e-05,1.0,1.219656604778725e-06,0.9999988974586548,1.1805210595314688e-05,1.0,6.73077894907124e-05,1.1805210595314688e-05,0.010606894521195336,0.9925312739954151,0.04481114988729715,0.9999999999481898,0.004753972660412333,0.99526917852791,0.02153606891945828,1.0,0.04481114988729715,0.02153606891945828
gRNA_5740,Jak1,-0.20426282452399144,0.5917434900123504,0.09963642366471477,-0.796712752967488,-1.4382900728403571,-0.3495771473309543,-0.20426282452399144,3308.570567856605,-0.9571203214052191,-0.413618118764879,-0.25972517483940094,-0.7502774782723513,-0.8746616432228093,-0.6510805473009319,-0.7502774782723513,-0.4434250162872986,-0.4434250162872986,-0.4434250162872986,0.0,0.0,0.0,-0.6093081715701718,-0.6093081715701718,-0.6093081715701718,-1.1468381119493778,-0.5274054083277648,-0.38823521562669877,-0.2794298901715307,-0.009775945580861882,-0.4703369143312468,-0.38823521562669877,20199,7.698400910936185,79.47918213772958,0.0247537006782514,74.78588048913312,Jak1,JAK1,Y651H,Y652H,targeting guide,Missense,0.7524247575242475,0.24767523247675233,0.8896594617267832,1.0,0.7524247575242475,0.24767523247675227,0.8896594617267832,1.0,0.8896594617267832,0.8896594617267832,0.891464287880431,0.37736584324496397,0.9999999996046233,0.9999999999939124,0.784253789217768,0.21593810696657306,1.0,0.9332497496486376,0.9999999996046233,0.9332497496486376,0.6787975055791582,0.5344638569370734,0.905063340772211,1.0,0.5728429945475502,0.42743842791900544,0.7720034621859457,1.0,0.905063340772211,0.7720034621859457,0.31152272593754293,0.7116067978337263,0.5555258118067541,0.9999999999481898,0.28170843446766525,0.7185896294876608,0.5068056045925461,1.0,0.5555258118067541,0.5068056045925461
gRNA_6080,Keap1,1.8615195918936855,0.5419112181182424,2.8466517062739682,1.9548574658700073,1.6673638174024552,1.774460759911672,1.8615195918936855,1299.7138123211328,2.0143670722034432,1.519818855800893,1.358125584867212,1.8808825819345012,1.8714939680210154,1.728937612565413,1.8714939680210154,1.4238607531502039,1.4238607531502039,1.4238607531502039,0.0,0.0,0.0,0.45895589101522116,0.45895589101522116,0.45895589101522116,1.4797068719757094,1.7793481338458594,1.9851516846938186,1.5987079551555154,1.4189530684598584,1.6523735428261523,1.5987079551555154,28634,0.663546832436963,61.15107913669065,0.0,70.32548718306909,Keap1,KEAP1,Y33H,Y33H,targeting guide,Missense,9.99900009999001e-05,1.0,0.0005295245123374991,1.0,9.999000099989996e-05,1.0,0.0005295245123374983,1.0,0.0005295245123374991,0.0005295245123374983,3.1916035732972576e-08,0.999999999967767,1.2712916516752054e-06,0.9999999999939124,1.7198367696777974e-09,0.9999999984700748,7.036972698227238e-08,1.0,1.2712916516752054e-06,7.036972698227238e-08,3.85580510696714e-12,0.9999999999999986,3.6244568005491116e-10,1.0,1.3485372295208781e-13,1.0,1.2676249957496255e-11,1.0,3.6244568005491116e-10,1.2676249957496255e-11,1.269531125937882e-08,0.999999912566672,2.3867185167632184e-06,0.9999999999481898,2.0831673056636162e-09,1.0,3.916354534647599e-07,1.0,2.3867185167632184e-06,3.916354534647599e-07
gRNA_6081,Keap1,0.5172880838913643,2.0707866542711493,-0.9510831711047096,0.9662991009252829,1.0980230241792095,0.7402627384324593,0.9662991009252829,1178.0087362554602,1.376080538578434,0.12331800533755961,0.8397430935174734,0.4738189500360072,0.8792156860714722,0.7384352547081893,0.8397430935174734,0.9687913813023294,0.9687913813023294,0.9687913813023294,0.0,0.0,0.0,0.45679478767140885,0.45679478767140885,0.45679478767140885,-0.31452332848134584,0.1664346608417827,0.3933254534933473,0.015403218776993067,0.4315279797942274,0.13843359688500093,0.1664346608417827,18381,7.083401338338502,89.5489908057233,0.0108808008269408,84.50029922202275,Keap1,KEAP1,Y33H,Y33H,targeting guide,Missense,9.99900009999001e-05,1.0,0.0005295245123374991,1.0,9.999000099989996e-05,1.0,0.0005295245123374983,1.0,0.0005295245123374991,0.0005295245123374983,4.276867704731494e-05,0.9999938467535846,0.0002552543265046098,0.9999999999939124,7.218700021920897e-06,0.999992983456941,4.37779227135848e-05,1.0,0.0002552543265046098,4.37779227135848e-05,0.030305146408145925,0.9950924248007137,0.07699145303691127,1.0,0.010627909619465503,0.989405746260679,0.028957203021152383,1.0,0.07699145303691127,0.028957203021152383,0.0003188591970147821,0.9859104764248973,0.003074129694296361,0.9999999999481898,0.00038129270850637,0.9996339070164529,0.003116653443443372,1.0,0.003074129694296361,0.003116653443443372
gRNA_6087,Keap1,0.8401207379058669,-0.5838179508330942,1.151777232254259,1.777013732516586,1.2966211410317905,0.8963429785750817,1.151777232254259,1302.003313752071,1.6959943170565197,1.3669884326971657,1.6596377665701671,1.1754050606467472,1.6693589666660504,1.51347690872733,1.6596377665701671,0.9906057757133209,0.9906057757133209,0.9906057757133209,0.0,0.0,0.0,0.713987287159438,0.713987287159438,0.713987287159438,0.764206972843353,1.0461018427996618,0.45572439519562274,0.8459337929339495,0.8173161930220045,0.7858566393589184,0.8173161930220045,18722,2.4890503151372716,89.17316526012178,0.0427304775130862,96.6723640636684,Keap1,KEAP1,H311R,H311R,targeting guide,Missense,9.99900009999001e-05,1.0,0.0005295245123374991,1.0,9.999000099989996e-05,1.0,0.0005295245123374983,1.0,0.0005295245123374991,0.0005295245123374983,4.0573137819421304e-08,0.9999999999522575,1.2712916516752054e-06,0.9999999999939124,2.2458423504980546e-09,0.9999999979925037,7.036972698227238e-08,1.0,1.2712916516752054e-06,7.036972698227238e-08,9.31904612542539e-06,0.9999998541291899,8.759903357899867e-05,1.0,9.997263785900547e-07,0.9999990395359132,1.0159381577023258e-05,1.0,8.759903357899867e-05,1.0159381577023258e-05,0.00015026113742313256,0.9981722146194898,0.001839153462447136,0.9999999999481898,7.908883264026789e-05,0.999922928087504,0.001062050038312169,1.0,0.001839153462447136,0.001062050038312169
gRNA_6111,Kit,0.2638507539674299,-0.1818741585695802,0.7539682653507795,1.4253937750784267,0.9999487761853615,0.6522574824024836,0.7539682653507795,2219.4908871818043,0.16282098234216105,-0.002613304245306452,0.4121414280261868,0.31598543483815406,-0.07690439199562767,0.16228602979311357,0.16282098234216105,0.18690652146027742,0.18690652146027742,0.18690652146027742,0.0,0.0,0.0,0.08481827820341481,0.08481827820341481,0.08481827820341481,0.03468509825400378,0.05378887214287365,1.1038706786369556,0.7983217517545887,0.36354939868606223,0.4708431598948969,0.36354939868606223,18819,71.77320792815772,93.1345980126468,0.0053137786279823,21.85557149689144,Kit,KIT,I800V,I798V,targeting guide,Missense,0.0483951604839516,0.9517048295170483,0.13185927784033188,1.0,0.048395160483951635,0.9517048295170483,0.131859277840332,1.0,0.13185927784033188,0.131859277840332,0.030612009593075803,0.9979941015039044,0.08163202558153547,0.9999999999939124,0.008594070423351634,0.9914317448422132,0.023936077623557143,1.0,0.08163202558153547,0.023936077623557143,0.00039375408709714955,0.9997940060510772,0.0019227472305003667,1.0,0.0001389492481753243,0.9998654317987643,0.0006530614664240242,1.0,0.0019227472305003667,0.0006530614664240242,0.0017895355172382655,0.9993986973763753,0.011601126801406687,0.9999999999481898,0.0005649471353168851,0.9994410693761698,0.004007926846776392,1.0,0.011601126801406687,0.004007926846776392
gRNA_6125,Kit,0.024510882232776532,0.641733212605513,1.1460689841023188,0.3096078489280544,1.6268692299548657,0.7497580315647057,0.641733212605513,513.3303208314505,-0.489870840301352,0.4041938764393205,0.32389429554040855,0.4907936310025945,-0.7062172126991394,0.004558749996366429,0.32389429554040855,0.6978234186417386,0.6978234186417386,0.6978234186417386,0.0,0.0,0.0,0.7206306450928608,0.7206306450928608,0.7206306450928608,4.140929612435628,1.4792057943375354,-0.16484507353435393,0.7554264009421676,1.2209892128161701,1.4863411893994294,1.2209892128161701,6491,7.533507934062548,80.23417038977045,0.8011092281620705,86.33492528115852,Kit,KIT,L579P,L576P,targeting guide,Missense,9.99900009999001e-05,1.0,0.0005295245123374991,1.0,9.999000099989996e-05,1.0,0.0005295245123374983,1.0,0.0005295245123374991,0.0005295245123374983,0.05325822283931781,0.935246098597185,0.13350061191722332,0.9999999999939124,0.040934843682458914,0.9591769082369694,0.09328182560366395,1.0,0.13350061191722332,0.09328182560366395,2.6340484567969312e-08,0.9999274911643841,5.502234554198034e-07,1.0,1.9701462761506807e-08,1.0,2.849134614740984e-07,1.0,5.502234554198034e-07,2.849134614740984e-07,0.0008777986470608976,0.9997916446751026,0.007022389176487181,0.9999999999481898,0.0002489968683418184,0.999754889376033,0.002463758486750624,1.0,0.007022389176487181,0.002463758486750624
gRNA_6472,Kmt2d,-0.3927304095411682,2.0350520870978404,0.646374992202619,0.44708904281019124,0.6212524221420715,0.6714076269423108,0.6212524221420715,766.0189787618617,0.7061767107838833,1.3533401540772516,1.3025750328832106,1.1715437722839512,1.319123793414858,1.170551892688631,1.3025750328832106,1.0403689631068216,1.0403689631068216,1.0403689631068216,0.0,0.0,0.0,0.4101026570967477,0.4101026570967477,0.4101026570967477,0.3699291207004963,0.8274965179199848,0.44466650382913536,0.745298630516826,0.7273308025535855,0.6229443151040056,0.7273308025535855,10605,0.2074493163602074,83.36633663366337,0.0848656294200848,98.1046676096181,Kmt2d,KMT2D,K4845R,K4794R,targeting guide,Missense,9.99900009999001e-05,1.0,0.0005295245123374991,1.0,9.999000099989996e-05,1.0,0.0005295245123374983,1.0,0.0005295245123374991,0.0005295245123374983,8.298497229710966e-07,0.9999999973887089,1.155642577174564e-05,0.9999999999939124,5.988859576280982e-08,0.9999999433417045,8.340041484006107e-07,1.0,1.155642577174564e-05,8.340041484006107e-07,0.00018792947252365544,0.999997522187437,0.001024079444476731,1.0,2.4182960423920785e-05,0.9999761652035607,0.00014200463400613353,1.0,0.001024079444476731,0.00014200463400613353,0.0012355421933266198,0.9986091695105076,0.008765355937562435,0.9999999999481898,0.0005935663270024262,0.9994211179898504,0.004109292488781009,1.0,0.008765355937562435,0.004109292488781009
gRNA_6480,Kmt2d,0.32757788685496564,-0.27944932322537064,-2.531088740041638,0.05697537015319289,-0.6260147608537985,-0.6103999134225297,-0.27944932322537064,1005.4526284078928,-0.5502688606133591,-0.19454162063887587,-0.645639576479768,-0.47909209640397066,-0.9317578155739009,-0.5602599939419749,-0.5502688606133591,-0.5685103951631287,-0.5685103951631287,-0.5685103951631287,0.0,0.0,0.0,-0.1974141080848772,-0.1974141080848772,-0.1974141080848772,-0.8486540704121961,-0.1468913755477272,-1.880597808460567,-1.3066500847634177,0.30351207238128836,-0.7758562533605239,-0.8486540704121961,5159,18.588873812754407,98.9145183175034,0.0,80.6939329327389,Kmt2d,KMT2D,Non-coding,,targeting guide,Intron,0.8559144085591441,0.1441855814418558,0.9410053146732111,1.0,0.8559144085591441,0.14418558144185578,0.9410053146732111,1.0,0.9410053146732111,0.9410053146732111,0.8344344003105024,0.5063955846290504,0.9999999996046233,0.9999999999939124,0.685309799110401,0.3149098715638663,0.9438699064670725,1.0,0.9999999996046233,0.9438699064670725,0.6384356371111448,0.09679966341327896,0.8660927023819114,1.0,0.842684813608158,0.1576786851216112,1.0,0.912110547780397,0.8660927023819114,0.912110547780397,0.4199356026632359,0.47442002998204724,0.6805852870748995,0.9999999999481898,0.44008101675084105,0.5603423798535535,0.6689316856603472,1.0,0.6805852870748995,0.6689316856603472
gRNA_6629,Kmt2d,0.8565628701053715,-1.2587740459407584,2.634051392958493,0.8499264380127521,0.4221856675977424,0.7007904645467201,0.8499264380127521,1077.511673444796,0.7700904897482883,0.8060633164743066,0.9892583155444837,0.5662833530054489,1.0515103102503909,0.8366411570045837,0.8060633164743066,0.8753291419511636,0.8753291419511636,0.8753291419511636,0.0,0.0,0.0,0.15643749502564522,0.15643749502564522,0.15643749502564522,0.9686161106468886,1.290817182409475,1.8687463592792402,0.6441431468419084,1.2693302744699921,1.2083306147295008,1.2693302744699921,15638,0.4796009719913032,39.09067655710449,0.1023148740248113,91.69970584473718,Kmt2d,KMT2D,M3726V,M3728V,targeting guide,Missense,9.99900009999001e-05,1.0,0.0005295245123374991,1.0,9.999000099989996e-05,1.0,0.0005295245123374983,1.0,0.0005295245123374991,0.0005295245123374983,6.524861306714044e-06,0.9999999517630225,5.705460119359257e-05,0.9999999999939124,6.014748432687956e-07,0.9999994197397306,5.284648809304307e-06,1.0,5.705460119359257e-05,5.284648809304307e-06,7.001131552816371e-09,0.9999999990918571,1.7549503092393036e-07,1.0,5.329432406305187e-10,0.9999999995889596,1.3359110565138335e-08,1.0,1.7549503092393036e-07,1.3359110565138335e-08,8.352280268693313e-05,0.9612709871379199,0.0011631323633439577,0.9999999999481898,0.00036069984811856135,1.0,0.0030547072908513545,1.0,0.0011631323633439577,0.0030547072908513545
gRNA_6712,Kras,1.203329030865111,-0.8222185411827199,-0.46001704601507193,2.706855165578493,1.1965715991229868,0.7649040416737598,1.1965715991229868,2017.7737611086006,0.5328850737663534,0.7229871070718924,1.1853846475845433,1.0387061245230806,0.9662824153703904,0.8892490736632521,0.9662824153703904,0.8900449631371381,0.8900449631371381,0.8900449631371381,0.0,0.0,0.0,0.2177204080723432,0.2177204080723432,0.2177204080723432,0.6783402105895233,0.14186732039549185,-0.027683754449481915,1.6367198467182758,0.9896911216089121,0.6837869489725442,0.6783402105895233,32467,9.197030831305634,81.439615609696,0.1694027782055625,81.78458126713278,Kras,KRAS,Q61R,Q61R,targeting guide,Missense,9.99900009999001e-05,1.0,0.0005295245123374991,1.0,9.999000099989996e-05,1.0,0.0005295245123374983,1.0,0.0005295245123374991,0.0005295245123374983,4.542768534980815e-06,0.9999999544852944,4.494949918823123e-05,0.9999999999939124,4.218670207568256e-07,0.999999594749748,4.174263152751748e-06,1.0,4.494949918823123e-05,4.174263152751748e-06,2.057914475713727e-05,0.9998805918149554,0.00016463315805709817,1.0,9.887723347611537e-06,0.9999910786948402,6.759607234003523e-05,1.0,0.00016463315805709817,6.759607234003523e-05,6.78754577415085e-05,0.9699345294892675,0.0011249007632635555,0.9999999999481898,0.00036558996831997595,1.0,0.0030547072908513545,1.0,0.0011249007632635555,0.0030547072908513545
gRNA_6743,Lats1,1.145562811557453,1.2224838723055491,0.5252573640529865,0.5235926668572869,-0.3111545043824941,0.6211484420781563,0.5252573640529865,2467.359542099714,1.1428842937829005,0.5904104742211217,0.6815755486138116,0.43101135930306245,1.2698712316969976,0.8231505815235789,0.6815755486138116,0.33086630671605494,0.33086630671605494,0.33086630671605494,0.0,0.0,0.0,-0.0929713739641436,-0.0929713739641436,-0.0929713739641436,0.5208207069793372,0.6190662402383325,0.5152321147753204,0.468886840817226,0.643207067741377,0.5534425941103187,0.5208207069793372,21191,79.81690340238781,96.28144023406163,0.0,18.045396630645087,Lats1,LATS1,H748R,H749R,targeting guide,Missense,0.0230976902309769,0.977002299770023,0.07237276272372763,1.0,0.023097690230976922,0.977002299770023,0.07237276272372768,1.0,0.07237276272372763,0.07237276272372768,2.344117533343837e-05,0.9999995595159286,0.00016564927115202642,0.9999999999939124,2.750136372112934e-06,0.999997329349677,1.9510401432348362e-05,1.0,0.00016564927115202642,1.9510401432348362e-05,0.0005221650511017451,0.9999958386103099,0.002454175740178202,1.0,6.708490392483342e-05,0.9999335780356261,0.00035033227605190786,1.0,0.002454175740178202,0.00035033227605190786,0.00258017749415951,0.9991374684323013,0.014708954085690668,0.9999999999481898,0.0008127413869983263,0.99919413124347,0.0049288832501833985,1.0,0.014708954085690668,0.0049288832501833985
gRNA_6745,Lats1,0.14222052522772827,2.1542303567717425,0.7508686703803152,0.873177503644079,0.7248207236679762,0.9290635559383682,0.7508686703803152,1983.67223979515,0.4192397854195369,0.6718688842953064,0.15561384221729954,0.5700337809951288,0.48896726845176014,0.46114471227580633,0.48896726845176014,0.7308719765366553,0.7308719765366553,0.7308719765366553,0.0,0.0,0.0,0.4356915464884245,0.4356915464884245,0.4356915464884245,0.45466221400151646,0.6288349780838743,1.1863374243015814,0.1138043461757618,0.9137478991613394,0.6594773723448146,0.6288349780838743,24820,78.64625302175665,92.64705882352942,0.0,16.277195809830783,Lats1,LATS1,H748R,H749R,targeting guide,Missense,9.99900009999001e-05,1.0,0.0005295245123374991,1.0,9.999000099989996e-05,1.0,0.0005295245123374983,1.0,0.0005295245123374991,0.0005295245123374983,0.001224339257005996,0.9999730379856517,0.005115017340380605,0.9999999999939124,0.00019962809865260286,0.9998020483304494,0.000883060765804455,1.0,0.005115017340380605,0.000883060765804455,3.384834164071038e-05,0.9999892460958573,0.00023568474920198339,1.0,7.469276045306914e-06,0.9999929348308465,5.5067603785007844e-05,1.0,0.00023568474920198339,5.5067603785007844e-05,0.00015163233334005642,0.9999607311084231,0.001839153462447136,0.9999999999481898,3.965831792310477e-05,0.9999621189977345,0.0005735202899648997,1.0,0.001839153462447136,0.0005735202899648997
gRNA_6781,Lck,0.6546339349200632,-0.9254219767537905,1.653680512223707,0.8568700944306334,-0.2872204304963382,0.390508426864855,0.6546339349200632,1807.9831299894563,0.2819154873751894,0.5012013829973693,0.8976643631983557,0.6840472935151674,0.33108369696317524,0.5391824448098513,0.5012013829973693,0.5116934719983793,0.5116934719983793,0.5116934719983793,0.0,0.0,0.0,0.24754221989224726,0.24754221989224726,0.24754221989224726,0.9002582361168798,-0.007102417586507847,1.4166661463776542,0.8431047626130215,1.0418325626539655,0.8389518580350026,0.9002582361168798,19339,65.15331713118569,76.95847768757433,0.0051708981850147,13.837323543099435,Lck,LCK,T497A,T486A,targeting guide,Missense,0.009499050094990498,0.9906009399060094,0.03720461287204612,1.0,0.009499050094990488,0.9906009399060094,0.03720461287204608,1.0,0.03720461287204612,0.03720461287204608,0.00039384246807587796,0.9999890899800867,0.0019231788051497416,0.9999999999939124,6.24499049254275e-05,0.9999383870128844,0.0003130821900261432,1.0,0.0019231788051497416,0.0003130821900261432,1.4676782778481284e-06,0.9999878969098361,1.7245219764715508e-05,1.0,3.76282244975659e-07,0.9999996685625395,4.1612389444367e-06,1.0,1.7245219764715508e-05,4.1612389444367e-06,0.004915325218086982,0.9654610110353921,0.024642163760009404,0.9999999999481898,0.005756823661566065,0.994314957411138,0.025465478785280476,1.0,0.024642163760009404,0.025465478785280476
gRNA_6782,Lck,0.4202780258251197,0.7063347119953709,-0.695792413364025,-0.24269704054215976,0.5002833511829713,0.13768132701945543,0.4202780258251197,643.3499020936888,-0.4704514728039752,-0.7223513139073666,-0.502673582558716,0.5688861075266732,-0.5250875204453033,-0.3303355564377376,-0.502673582558716,0.5666937644851006,0.5666937644851006,0.5666937644851006,0.0,0.0,0.0,0.07792643091398663,0.07792643091398663,0.07792643091398663,0.6580655261280391,0.01427497280485242,0.4877603133242617,0.213962908536928,0.309651527730099,0.3367430497048361,0.309651527730099,3440,59.47674418604652,90.81395348837208,0.0,33.08139534883721,Lck,LCK,T497A,T486A,targeting guide,Missense,0.009499050094990498,0.9906009399060094,0.03720461287204612,1.0,0.009499050094990488,0.9906009399060094,0.03720461287204608,1.0,0.03720461287204612,0.03720461287204608,0.3785886881078513,0.6995844477959853,0.6529786547181289,0.9999999999939124,0.35250845585412055,0.6478592898941977,0.5713068077635747,1.0,0.6529786547181289,0.5713068077635747,0.005276558913918166,0.9997659654123799,0.017873749113812884,1.0,0.0011384235334591997,0.9988680022081585,0.004280472485806591,1.0,0.017873749113812884,0.004280472485806591,0.05301516342948316,0.9768600811505193,0.16119254802835414,0.9999999999481898,0.027107704186913478,0.9729638416343358,0.08940786644104795,1.0,0.16119254802835414,0.08940786644104795
gRNA_6797,Lyn,0.02073965223263102,0.012261992701931231,-0.7808217970159436,0.7879748978770961,0.7172701385994512,0.1514849768790332,0.02073965223263102,1888.3566802229252,1.0214167276189428,0.6126752633400798,0.7386688800893473,1.1097455845265844,1.1799642794106204,0.9324941469971151,1.0214167276189428,0.4570846664077466,0.4570846664077466,0.4570846664077466,0.0,0.0,0.0,0.167374813683476,0.167374813683476,0.167374813683476,0.5266933789524318,-0.24924621496363142,-0.21813054254783074,0.5120866934077201,-0.6349788095332416,-0.012715098936910363,-0.21813054254783074,16372,66.16784754458833,89.17664304910822,1.1605179574883948,24.071585634009285,Lyn,LYN,V303A,V303A,targeting guide,Missense,0.013298670132986705,0.9868013198680132,0.045047747477504514,1.0,0.013298670132986684,0.9868013198680132,0.04504774747750444,1.0,0.045047747477504514,0.04504774747750444,3.140126169047589e-06,0.9999999798472576,3.2796873321163706e-05,0.9999999999939124,2.7015820896506565e-07,0.9999997411723912,2.8216524047462413e-06,1.0,3.2796873321163706e-05,2.8216524047462413e-06,0.07814150675241999,0.9319614792487563,0.17385329312964448,1.0,0.05825185598285604,0.9418937354812237,0.12883939911502276,1.0,0.17385329312964448,0.12883939911502276,0.04467901833761429,0.974473745534793,0.1435838538029314,0.9999999999481898,0.024782973364112518,0.9752913613544099,0.08394953139555231,1.0,0.1435838538029314,0.08394953139555231
gRNA_6833,Map2k1,-0.9541259958220198,-0.05732625910649908,1.4057302790856336,0.37592974854070443,2.1767172300690247,0.5893850005533687,0.37592974854070443,1135.5927097454435,0.47711778023980095,0.3852312754771117,0.22306087493903942,0.32533175259340524,0.8745876266748592,0.4570658619848433,0.3852312754771117,0.7277289842868305,0.7277289842868305,0.7277289842868305,0.0,0.0,0.0,0.3176902242620681,0.3176902242620681,0.3176902242620681,0.2737163046212395,-0.33929899176607675,0.6953103949490969,1.4132021775886972,0.038123764847370546,0.4162107300480654,0.2737163046212395,11864,0.7670262980445044,98.32265677680375,0.0,98.22151045178693,Map2k1,MAP2K1,N122D,N122D,targeting guide,Missense,9.99900009999001e-05,1.0,0.0005295245123374991,1.0,9.999000099989996e-05,1.0,0.0005295245123374983,1.0,0.0005295245123374991,0.0005295245123374983,0.001128228340209453,0.9999641096401497,0.004820611999076754,0.9999999999939124,0.00020484611192294063,0.9997972998477669,0.0008956062567793683,1.0,0.004820611999076754,0.0008956062567793683,0.0005816205786180203,0.9971587492468023,0.002699868364942909,1.0,0.0004891394304179664,0.9995422358418654,0.0020899593845131294,1.0,0.002699868364942909,0.0020899593845131294,0.0010170680207772479,0.9708480032753726,0.007967032829421775,0.9999999999481898,0.0018455536999277887,0.9982207733064131,0.009913259873897837,1.0,0.007967032829421775,0.009913259873897837
gRNA_6834,Map2k1,-0.5093093312166086,-2.210912781156993,-0.26199451515960653,0.3949681185932008,-0.589650379127846,-0.6353797776135707,-0.5093093312166086,823.9795149871968,0.9711016272475872,0.5483630972851303,0.9361957654122034,1.039241847618442,1.0575442589997344,0.9104893193126194,0.9711016272475872,0.6359313140358003,0.6359313140358003,0.6359313140358003,0.0,0.0,0.0,0.7346985169008021,0.7346985169008021,0.7346985169008021,0.6721730085190862,0.34051211733761494,-1.0874473963811615,-0.184802796402977,1.101878378473303,0.16846266230917312,0.34051211733761494,5955,0.7724601175482787,98.25356842989083,0.0,97.78337531486146,Map2k1,MAP2K1,N122D,N122D,targeting guide,Missense,0.009499050094990498,0.9906009399060094,0.03720461287204612,1.0,0.009499050094990488,0.9906009399060094,0.03720461287204608,1.0,0.03720461287204612,0.03720461287204608,2.1483310021532044e-06,0.9999999804349236,2.5121644198950425e-05,0.9999999999939124,1.838537019301845e-07,0.9999998245245959,2.09481793714392e-06,1.0,2.5121644198950425e-05,2.09481793714392e-06,0.0027231440331788323,0.8896749475113707,0.010447981188522866,1.0,0.00706218741371741,0.9930916380711875,0.02058436021362594,1.0,0.010447981188522866,0.02058436021362594,0.5114487575640732,0.4580580346711026,0.7571052474176831,0.9999999999481898,0.5148454153983556,0.4855460450255561,0.7326804202678916,1.0,0.7571052474176831,0.7326804202678916
gRNA_6835,Map2k1,0.8368347613661202,0.03159578827887718,-0.6553882439163017,-0.5168556521669379,-0.25288956837146803,-0.11134058296194202,-0.25288956837146803,1691.3390570869108,0.7045905886099196,-0.05879665182592859,0.7916709272033609,0.31965132174506194,0.6070933961646702,0.4728419163794168,0.6070933961646702,0.49020284193042934,0.49020284193042934,0.49020284193042934,0.0,0.0,0.0,0.564986189042743,0.564986189042743,0.564986189042743,0.28982257738579253,0.1763436534944262,0.7974921678487756,0.5046311608947903,0.5447474577029914,0.4626074034653552,0.5046311608947903,17993,31.751236592008,79.11965764463959,0.2667704107152782,62.229756016228535,Map2k1,MAP2K1,N122D,N122D,targeting guide,Missense,0.009499050094990498,0.9906009399060094,0.03720461287204612,1.0,0.009499050094990488,0.9906009399060094,0.03720461287204608,1.0,0.03720461287204612,0.03720461287204608,0.0008783199018283799,0.9998728646426541,0.003795957276867481,0.9999999999939124,0.00019865765058769746,0.999803502074233,0.000883060765804455,1.0,0.003795957276867481,0.000883060765804455,0.001273221803534487,0.9999636682000492,0.005566644164290315,1.0,0.00022192405909282872,0.9997800544117311,0.001017603002669556,1.0,0.005566644164290315,0.001017603002669556,0.18085710691412565,0.9203097015315224,0.37990096200956003,0.9999999999481898,0.11668792579551879,0.8835053256750668,0.282981260565993,1.0,0.37990096200956003,0.282981260565993
gRNA_6842,Map2k1,0.517186143177994,0.1053590550805625,-1.539570254633841,-0.4818484549334497,0.02037019664149014,-0.27570066293344875,0.02037019664149014,1702.18406386504,0.5078860670215083,0.5377094527091312,0.9924577144658152,0.37143400130343757,0.6543544105445294,0.6127683292088844,0.5377094527091312,0.625217012547926,0.625217012547926,0.625217012547926,0.0,0.0,0.0,0.10845547635813657,0.10845547635813657,0.10845547635813657,0.4483412097353846,0.11602986129118502,0.6646238240236091,0.37852729983382183,-0.2483722174654871,0.2718299954837026,0.37852729983382183,18227,0.0,38.03697810939815,0.2578592198387008,95.09518845668514,Map2k1,MAP2K1,K57E,K57E,targeting guide,Missense,0.009499050094990498,0.9906009399060094,0.03720461287204612,1.0,0.009499050094990488,0.9906009399060094,0.03720461287204608,1.0,0.03720461287204612,0.03720461287204608,0.00015392846077354145,0.9999970944934727,0.000851133841924288,0.9999999999939124,2.1309471124431668e-05,0.9999790732441316,0.00012139941125433798,1.0,0.000851133841924288,0.00012139941125433798,0.008554537152903753,0.9984233940173597,0.026364803028621403,1.0,0.0026607960731109747,0.9973529739758716,0.008775958977980057,1.0,0.026364803028621403,0.008775958977980057,0.24540220562341516,0.7840932862698071,0.48057931934585474,0.9999999999481898,0.20154632059124844,0.7987024098735538,0.4052482168037937,1.0,0.48057931934585474,0.4052482168037937
gRNA_6849,Map2k2,-0.23224139613543227,-0.8908119040127571,-1.8353672601696756,-1.296434045185157,-1.305356836859149,-1.1120422884724341,-1.296434045185157,5514.203946377466,-0.4034182608577787,-0.458202659893882,0.0013037756343919314,-0.7819322976431846,-0.7181080084257057,-0.47207149023723183,-0.458202659893882,-0.5979522554815977,-0.5979522554815977,-0.5979522554815977,0.0,0.0,0.0,-0.20790601628793054,-0.20790601628793054,-0.20790601628793054,-0.3586306409355479,-1.097591559459851,-1.0374061256962823,-1.1610725528532782,-1.5184105714399347,-1.0346222900769788,-1.097591559459851,28267,62.95680475466091,70.15955000530654,0.0,9.802950436905226,Map2k2,MAP2K2,Y134C,Y134C,targeting guide,Missense,0.8742125787421258,0.12588741125887415,0.9472735723545801,1.0,0.8742125787421258,0.1258874112588742,0.9472735723545801,1.0,0.9472735723545801,0.9472735723545801,0.7040701510130675,0.6119106641877429,0.9999999996046233,0.9999999999939124,0.5547836441530113,0.4454683510184448,0.8212545283524892,1.0,0.9999999996046233,0.8212545283524892,0.9908062479137283,0.03683064945126784,0.9999999999016121,0.6237104472811451,0.9854104281592818,0.014632400459152763,1.0,0.25008102602915633,0.6237104472811451,0.25008102602915633,0.9534080135897313,0.14519613113997612,0.9999999998332031,0.9999999999481898,0.9245701473517505,0.07555045237689835,0.9847867511853902,1.0,0.9999999998332031,0.9847867511853902
gRNA_7393,Mtor,1.6028163820532588,2.5358198097431277,0.17106992439241972,2.0153712505917376,1.0500513887212737,1.4750257511003635,1.6028163820532588,2599.4276246422655,0.971668446095593,0.7574581185687898,0.643894912109906,0.8825353722039728,0.9591247528176503,0.8429363203591824,0.8825353722039728,0.42322337958521383,0.42322337958521383,0.42322337958521383,0.0,0.0,0.0,0.24162445886599543,0.24162445886599543,0.24162445886599543,1.6771452686651303,2.4458744790133466,-0.4260506531860587,1.483124487060488,2.0574359506882534,1.447505906448232,1.6771452686651303,24031,63.74682701510549,73.50089467770796,1.0860971245474595,14.385585285672672,Mtor,MTOR,Y1974H,Y1974H,targeting guide,Missense,0.013298670132986705,0.9868013198680132,0.045047747477504514,1.0,0.013298670132986684,0.9868013198680132,0.04504774747750444,1.0,0.045047747477504514,0.04504774747750444,4.9751946671884424e-06,0.9999999793462873,4.6766829871571356e-05,0.9999999999939124,4.1869807685744644e-07,0.9999995960695468,4.174263152751748e-06,1.0,4.6766829871571356e-05,4.174263152751748e-06,1.9144302115717046e-10,0.9991049122428886,7.998063995010677e-09,1.0,4.273397199807342e-10,1.0,1.2359979593288926e-08,1.0,7.998063995010677e-09,1.2359979593288926e-08,1.7098898252775246e-07,0.9999951242969318,2.143061914347831e-05,0.9999999999481898,5.984653562740396e-08,1.0,5.359908317447772e-06,1.0,2.143061914347831e-05,5.359908317447772e-06
gRNA_7429,Mtor,2.6776110591404407,2.6615211879867267,1.36012979909758,3.4514582958125612,1.3920774793167425,2.3085595642708103,2.6615211879867267,1000.7531254707034,1.8294021526628352,1.7607917548189456,2.011634096580633,2.0199513923011025,1.8023659979800566,1.8848290788687145,1.8294021526628352,1.3333563332554055,1.3333563332554055,1.3333563332554055,0.0,0.0,0.0,0.30464440004739196,0.30464440004739196,0.30464440004739196,2.569307843962656,2.6642934399073255,2.227550760568945,3.306113932932748,1.9178245661435678,2.5370181087030486,2.569307843962656,23468,0.3579342082836202,19.15374126470087,0.0,95.76018408044996,Mtor,MTOR,F1888L,F1888L,targeting guide,Missense,9.99900009999001e-05,1.0,0.0005295245123374991,1.0,9.999000099989996e-05,1.0,0.0005295245123374983,1.0,0.0005295245123374991,0.0005295245123374983,1.2549759547718692e-08,0.9999999999913127,9.684337681286012e-07,0.9999999999939124,6.234807993114638e-10,0.9999999994590305,4.899807242252183e-08,1.0,9.684337681286012e-07,4.899807242252183e-08,1.3670527421257479e-14,1.0,5.140118310392812e-12,1.0,3.6858020183744394e-16,1.0,1.3858615589087893e-13,1.0,5.140118310392812e-12,1.3858615589087893e-13,1.1012550324515725e-11,0.9999999999481898,4.140718922017913e-09,0.9999999999481898,1.0851956689868164e-12,1.0,4.0803357153904296e-10,1.0,4.140718922017913e-09,4.0803357153904296e-10
gRNA_7481,Myc,0.6238514490056863,-1.207196097756818,-1.1950528879514886,0.9373011365674825,0.46625759142333,-0.07496776174236153,0.46625759142333,806.8685042928151,-0.6513305852263523,0.08823761062834315,0.5147356742126202,0.05287981411815999,-0.6272572413119771,-0.12454694551584122,0.05287981411815999,-0.12488131260550155,-0.12488131260550155,-0.12488131260550155,0.0,0.0,0.0,1.419502050294131,1.419502050294131,1.419502050294131,0.5236494913227254,0.13259118464225753,0.7210988512653629,0.8630195822414825,0.8362920359344277,0.6153302290812512,0.7210988512653629,5577,93.43733189887035,96.66487358795052,0.4482696790389098,3.765465303926842,Myc,MYC,T73A,T73A,targeting guide,Missense,0.2800719928007199,0.7200279972002801,0.49908563646005066,1.0,0.2800719928007199,0.72002799720028,0.49908563646005066,1.0,0.49908563646005066,0.49908563646005066,0.13109154194797848,0.8989398404570706,0.28994364572023473,0.9999999999939124,0.09799649722454878,0.902184556806052,0.2047037942023908,1.0,0.28994364572023473,0.2047037942023908,0.00017215841494764843,0.9999914279736423,0.0009519347650046441,1.0,2.692241614992188e-05,0.9999735167141615,0.00015337618897531252,1.0,0.0009519347650046441,0.00015337618897531252,0.06272024639723228,0.7552001565086812,0.18281250112681657,0.9999999999481898,0.09339645210045106,0.9068496668319497,0.23150009341991382,1.0,0.18281250112681657,0.23150009341991382
gRNA_7510,Myd88,-0.07743604418125118,-0.9679390752061495,-1.505026653349546,-0.025732987470448585,-0.6231027460542538,-0.6398475012523298,-0.6231027460542538,2757.041723151077,-0.48786130193920385,-0.6944104551202517,-0.21472447108470338,-0.6492039869731858,-1.6158812481936342,-0.7324162926621959,-0.6492039869731858,0.12731510456071643,0.12731510456071643,0.12731510456071643,0.0,0.0,0.0,-0.5024971609127351,-0.5024971609127351,-0.5024971609127351,0.2606435088642349,-0.11918746573538432,-0.10768312292817504,-0.04355178360871621,-0.5931991061081492,-0.12059559390323797,-0.10768312292817504,27446,32.8754645485681,89.92202871092326,0.0036435181811557,62.37338774320483,Myd88,MYD88,L252P,L265P,targeting guide,Missense,0.09819018098190181,0.9019098090190981,0.23666351313586592,1.0,0.09819018098190174,0.901909809019098,0.23666351313586576,1.0,0.23666351313586592,0.23666351313586576,0.8846783546642917,0.3041147093461129,0.9999999996046233,0.9999999999939124,0.8086926346703065,0.19151681331866488,1.0,0.8675942386484096,0.9999999996046233,0.8675942386484096,0.21854697629614786,0.9347256580980948,0.41462658252618423,1.0,0.11826010729278952,0.8818926526083941,0.24166195838091772,1.0,0.41462658252618423,0.24166195838091772,0.6863658519380257,0.5100516399551062,0.8689345465612716,0.9999999999481898,0.5941077338266825,0.40616793848900073,0.7966881067338913,1.0,0.8689345465612716,0.7966881067338913
gRNA_7511,Myd88,1.2263062717735307,-0.946427532159182,1.7150802207239197,2.2667983105487375,0.32344930110286524,0.9170413143979743,1.2263062717735307,736.3759602349751,1.231331855328184,1.2430250212727594,1.363098091133728,1.2571335670846377,1.5993959312219126,1.3387968932082441,1.2571335670846377,1.293276822579154,1.293276822579154,1.293276822579154,0.0,0.0,0.0,1.0726335126072981,1.0726335126072981,1.0726335126072981,0.9168137523144022,0.5203972254391803,1.8866802676359533,1.018787644763044,1.0001179854295434,1.0685593751164248,1.0001179854295434,12410,11.03948428686543,73.92425463336019,0.016116035455278,84.14182111200644,Myd88,MYD88,M219T,M232T,targeting guide,Missense,9.99900009999001e-05,1.0,0.0005295245123374991,1.0,9.999000099989996e-05,1.0,0.0005295245123374983,1.0,0.0005295245123374991,0.0005295245123374983,2.3560208539278002e-07,0.9999999997011769,4.218399243223109e-06,0.9999999999939124,1.4458571211589144e-08,0.9999999865289708,2.6315338567029954e-07,1.0,4.218399243223109e-06,2.6315338567029954e-07,1.0361231906712679e-07,0.999999988007565,1.671543645948087e-06,1.0,1.0160431280735705e-08,0.9999999913841958,1.6610096354594022e-07,1.0,1.671543645948087e-06,1.6610096354594022e-07,6.92317437400743e-05,0.985884535515752,0.0011249007632635555,0.9999999999481898,0.0001184751083232191,0.9998879642063144,0.0013101953155744228,1.0,0.0011249007632635555,0.0013101953155744228
gRNA_7512,Myd88,-0.5223631469663755,0.5857492145137878,0.7152497218284726,0.404409576761167,0.658621355918909,0.36833334441119214,0.5857492145137878,2129.477330923332,1.315570166584146,1.0713424272021435,0.14010977402008196,1.1190138493903605,1.2267198755253221,0.9745512185444107,1.1190138493903605,0.22841327226150843,0.22841327226150843,0.22841327226150843,0.0,0.0,0.0,0.590375088787926,0.590375088787926,0.590375088787926,0.24289132529493307,0.49676193308332206,1.2118957930256105,0.19874176045315836,0.9018853080028374,0.6104352239719723,0.49676193308332206,13358,50.59889204970804,96.8258721365474,0.014972301242701,47.087887408294655,Myd88,MYD88,M219T,M232T,targeting guide,Missense,0.03889611038896109,0.9612038796120388,0.11079498110794977,1.0,0.038896110388961076,0.9612038796120388,0.11079498110794973,1.0,0.11079498110794977,0.11079498110794973,4.294514243751694e-06,0.9999985298426501,4.3641550152719914e-05,0.9999999999939124,6.0436143297895e-07,0.9999994230968006,5.284648809304307e-06,1.0,4.3641550152719914e-05,5.284648809304307e-06,6.549348217604369e-05,0.9999807159035738,0.00040369752947856435,1.0,1.6379648885881527e-05,0.9999844550795444,9.933464485631378e-05,1.0,0.00040369752947856435,9.933464485631378e-05,0.014052848024814286,0.9963211908578918,0.05504032143052262,0.9999999999481898,0.004886720521807251,0.9951332901994671,0.02187389185951817,1.0,0.05504032143052262,0.02187389185951817
gRNA_7513,Myd88,-0.042415589341063924,0.4221215138481271,0.5654656768105609,-0.703616940081363,0.02129736556995996,0.05257040536124422,0.02129736556995996,1790.6311191444495,0.6680920151992528,0.6585413326090401,0.8124228774093961,0.13979018779652252,0.5568109696722849,0.5671314765372992,0.6585413326090401,0.39663248730704465,0.39663248730704465,0.39663248730704465,0.0,0.0,0.0,0.6701319515600267,0.6701319515600267,0.6701319515600267,0.42792964941934686,-0.5264425776719699,0.09089784626203382,0.5508719212959743,0.23704035409108543,0.1560594386792941,0.23704035409108543,10514,56.134677572760125,81.36770020924482,0.0856001521780483,29.96005326231691,Myd88,MYD88,M219T,M232T,targeting guide,Missense,0.013298670132986705,0.9868013198680132,0.045047747477504514,1.0,0.013298670132986684,0.9868013198680132,0.04504774747750444,1.0,0.045047747477504514,0.04504774747750444,0.0002834109820779776,0.9999905701846393,0.0014400341792070212,0.9999999999939124,4.308865353589678e-05,0.9999574896236458,0.00022818779900700265,1.0,0.0014400341792070212,0.00022818779900700265,0.02210609748087819,0.9892810978618153,0.05894959328234184,1.0,0.009934742691511856,0.990101727670533,0.02746664155888572,1.0,0.05894959328234184,0.02746664155888572,0.10085090755285799,0.9723233778554352,0.2478427532017948,0.9999999999481898,0.04786346247061885,0.9522283452509341,0.1397340195464234,1.0,0.2478427532017948,0.1397340195464234
gRNA_7514,Myd88,0.5103810729634668,1.6969337819502255,0.6456548813049593,0.830629941552467,0.17678925022979367,0.7720777856001824,0.6456548813049593,1162.5847266154542,1.140890045640695,0.6448004555864376,0.6196590296465281,0.8671012214311977,1.3430605819498025,0.9231022668509322,0.8671012214311977,0.9999437882759474,0.9999437882759474,0.9999437882759474,0.0,0.0,0.0,1.0292088226624354,1.0292088226624354,1.0292088226624354,0.6619192549927388,0.597057616141659,0.28290840362574254,0.4186957492367366,-0.08430755764336977,0.3752546932707014,0.4186957492367366,17884,60.89241780362335,99.38492507269068,0.0,38.65466338626705,Myd88,MYD88,M219T,M232T,targeting guide,Missense,9.99900009999001e-05,1.0,0.0005295245123374991,1.0,9.999000099989996e-05,1.0,0.0005295245123374983,1.0,0.0005295245123374991,0.0005295245123374983,4.919773887447938e-06,0.9999999649073499,4.6766829871571356e-05,0.9999999999939124,4.447962474620573e-07,0.9999995722365731,4.288292026813681e-06,1.0,4.6766829871571356e-05,4.288292026813681e-06,0.00343740773768951,0.9997160831428972,0.012796686231398572,1.0,0.0007933834459068588,0.9992118423162228,0.003173533783627435,1.0,0.012796686231398572,0.003173533783627435,0.0006515841617133379,0.9999323938815309,0.00544434766231589,0.9999999999481898,0.00015127589341294156,0.9998514471522616,0.0015799926645351675,1.0,0.00544434766231589,0.0015799926645351675
gRNA_7558,Ncoa3,0.1634613622033285,0.8564946339684006,1.3888918004544382,0.2549285997330354,-0.4113815681933368,0.4504789656331732,0.2549285997330354,1589.3959933724957,0.9251851348627215,0.408910354615994,0.2715770345231081,0.9059725658582695,0.9276460073607654,0.6878582194441717,0.9059725658582695,0.09844130475776075,0.09844130475776075,0.09844130475776075,0.0,0.0,0.0,0.5227299530215375,0.5227299530215375,0.5227299530215375,0.6452150608535622,1.213810129915636,1.158078912620186,0.6786849674520918,1.018625964373662,0.9428830070430276,1.018625964373662,9758,83.0703012912482,98.0221356835417,0.0204960032793605,15.23877843820455,Ncoa3,NCOA3,M1396V,M1417V,targeting guide,Missense,0.11258874112588739,0.8875112488751125,0.2613170781687263,1.0,0.11258874112588735,0.8875112488751125,0.2613170781687262,1.0,0.2613170781687263,0.2613170781687262,3.720400118559445e-05,0.999997503773415,0.00024541586746988615,0.9999999999939124,5.5062311293938174e-06,0.9999946443321677,3.450571507753459e-05,1.0,0.00024541586746988615,3.450571507753459e-05,2.1175622102374833e-07,0.9999999867889688,2.9489014483307172e-06,1.0,2.093768359290543e-08,0.999999981504229,2.915766307752756e-07,1.0,2.9489014483307172e-06,2.915766307752756e-07,0.007236609409062881,0.9965802065785506,0.033193723362641564,0.9999999999481898,0.0031366624787657698,0.9968867904191586,0.015316689506700383,1.0,0.033193723362641564,0.015316689506700383
gRNA_7812,Nfe2,0.05900868046611596,0.8435996150759416,0.5037876476419377,0.41773559514755504,1.3113489502206892,0.6270960977104478,0.5037876476419377,979.5451122156951,0.4237337719006403,0.6092492131874989,0.760798641803543,0.6772247773537334,0.2174117693794068,0.5376836347249645,0.6092492131874989,0.5310413600762586,0.5310413600762586,0.5310413600762586,0.0,0.0,0.0,0.9413899592740168,0.9413899592740168,0.9413899592740168,0.9486435373780151,1.0683109167011098,-0.20297519067467776,1.3697810810359692,0.3506731242973064,0.7068866937475444,0.9486435373780151,9577,57.335282447530545,82.00897984755142,0.1253001983919807,28.98611256134489,Nfe2,NFE2,Q286R,Q263R,targeting guide,Missense,0.009499050094990498,0.9906009399060094,0.03720461287204612,1.0,0.009499050094990488,0.9906009399060094,0.03720461287204608,1.0,0.03720461287204612,0.03720461287204608,0.00048241557804669475,0.9999894710289646,0.0022393612017970028,0.9999999999939124,7.257925298187633e-05,0.9999282394222405,0.0003499614624684547,1.0,0.0022393612017970028,0.0003499614624684547,4.222996582228266e-06,0.9998085497641501,4.4106853192161887e-05,1.0,2.2026279620284445e-06,0.9999979997317335,1.900946713117239e-05,1.0,4.4106853192161887e-05,1.900946713117239e-05,0.0025818908767435748,0.9997995530017209,0.014708954085690668,0.9999999999481898,0.0006010933161780732,0.999403886225045,0.004109292488781009,1.0,0.014708954085690668,0.004109292488781009
gRNA_7813,Nfe2,2.291195577717136,-1.9064081260304724,0.8814167884442369,1.258853584539229,0.7085876768082836,0.6467291002956828,0.8814167884442369,1899.9246874529297,1.0619491236774268,0.7289685536233038,1.2664798441851361,0.9279431818023786,1.2998921834277601,1.057046577343201,1.0619491236774268,0.5449053909917145,0.5449053909917145,0.5449053909917145,0.0,0.0,0.0,0.5177670487569263,0.5177670487569263,0.5177670487569263,0.6514267429650341,-0.4856968675556127,0.9520869487569504,1.0779390355950016,0.7520740858425106,0.5895659891207767,0.7520740858425106,18316,71.68595763267089,89.74666957851059,0.0,19.73138239790347,Nfe2,NFE2,Q286R,Q263R,targeting guide,Missense,0.009499050094990498,0.9906009399060094,0.03720461287204612,1.0,0.009499050094990488,0.9906009399060094,0.03720461287204608,1.0,0.03720461287204612,0.03720461287204608,1.0731944456034733e-06,0.9999999969528583,1.3914521087824343e-05,0.9999999999939124,7.799320630657102e-08,0.9999999259163884,1.0112222610783037e-06,1.0,1.3914521087824343e-05,1.0112222610783037e-06,2.98700675594078e-05,0.9978806038392956,0.0002159835654295641,1.0,2.1445186696403043e-05,0.9999796113864567,0.00012799032060075466,1.0,0.0002159835654295641,0.00012799032060075466,0.00021153185519141195,0.8810115094452523,0.0022093327097769695,0.9999999999481898,0.0007687037963382323,0.9992618363447614,0.004738239793822547,1.0,0.0022093327097769695,0.004738239793822547
gRNA_7816,Nfe2l2,0.09153989015639316,-1.935116875101938,-1.3585902369596834,0.1316981834202689,-0.7821672842458359,-0.7705272645461592,-0.7821672842458359,4193.884621177888,-0.21592439797475277,-0.08093664353473591,-0.23806420715911963,-0.008175512198393155,-0.273754369968816,-0.16337102616716348,-0.21592439797475277,-0.18564778897865133,-0.18564778897865133,-0.18564778897865133,0.0,0.0,0.0,-0.49124783821990997,-0.49124783821990997,-0.49124783821990997,-0.20405346215361164,-1.5641781464847992,-1.3554659273199934,-0.46597530697195017,-1.2118018215523547,-0.9602949328965419,-1.2118018215523547,31625,77.6600790513834,86.5201581027668,0.1264822134387351,11.39604743083004,Nfe2l2,NFE2L2,I28T,I28T,targeting guide,Missense,0.3183681631836816,0.6817318268173183,0.5344037024868942,1.0,0.31836816318368155,0.6817318268173183,0.5344037024868941,1.0,0.5344037024868942,0.5344037024868941,0.3238237744617779,0.9473344422979457,0.5797987580839452,0.9999999999939124,0.15214335237306864,0.8480069499813141,0.2935592743603828,1.0,0.5797987580839452,0.2935592743603828,0.9562870717953129,0.05092989146543,0.9999999999016121,0.7659855676400672,0.9666670875327912,0.033425372948648016,1.0,0.46547926772932047,0.7659855676400672,0.46547926772932047,0.6431288504922874,0.3239625491400702,0.845975580945223,0.9999999999481898,0.6745632465236955,0.3257654811847167,0.8597823074335916,1.0,0.845975580945223,0.8597823074335916
gRNA_7839,Nkx2-1,0.32307500932716304,1.7339266676911227,-0.2906264358706883,0.6362908253337621,1.3263672189134619,0.7458066570789643,0.6362908253337621,1558.788974243109,0.08191383818328946,0.35676558743698317,0.6767789164802123,-0.06924958550934641,0.33615884976574545,0.2764735212713768,0.33615884976574545,0.7752430771795702,0.7752430771795702,0.7752430771795702,0.0,0.0,0.0,0.4903580868850428,0.4903580868850428,0.4903580868850428,0.8712967917881838,0.5182680348059867,0.6929820227683116,0.09034537287767792,0.6337619770403096,0.5613308398560939,0.6337619770403096,18280,31.03938730853392,40.37746170678337,0.2625820568927789,11.2472647702407,Nkx2-1,NKX2-1,Y174C,Y174C,targeting guide,Missense,9.99900009999001e-05,1.0,0.0005295245123374991,1.0,9.999000099989996e-05,1.0,0.0005295245123374983,1.0,0.0005295245123374991,0.0005295245123374983,0.009492257838738553,0.9992591412840353,0.02878297538198142,0.9999999999939124,0.002492071400204103,0.9975203745004623,0.00788546519790984,1.0,0.02878297538198142,0.00788546519790984,0.00036020627507767875,0.9999816751557522,0.0017820731503843056,1.0,6.093143486270449e-05,0.9999398891311315,0.0003226791480053083,1.0,0.0017820731503843056,0.0003226791480053083,0.0006193766481675548,0.9991349845777149,0.005292854993431832,0.9999999999481898,0.00027153266638755793,0.9997342063048986,0.0026178533990185073,1.0,0.005292854993431832,0.0026178533990185073
gRNA_7843,Nkx2-1,0.9545516897896913,0.7401965911194787,-0.34758016453532414,1.1375948390206854,0.20185541799150203,0.5373236746772065,0.7401965911194787,740.2319626449766,0.6854751774489397,0.443824322813324,0.4552042990859867,0.7020310280574543,2.008744726352681,0.8590559107516771,0.6854751774489397,0.23134984911629783,0.23134984911629783,0.23134984911629783,0.0,0.0,0.0,0.8151485506531453,0.8151485506531453,0.8151485506531453,0.8961093762490592,0.3163057933644479,0.07062477779284486,1.3197579324323283,0.386454653903715,0.597850506748479,0.386454653903715,3856,0.0,87.75933609958506,0.0,99.1701244813278,Nkx2-1,NKX2-1,N152S,N152S,targeting guide,Missense,0.03889611038896109,0.9612038796120388,0.11079498110794977,1.0,0.038896110388961076,0.9612038796120388,0.11079498110794973,1.0,0.11079498110794977,0.11079498110794973,4.0757808165592115e-05,0.9999990213741561,0.0002514360734772574,0.9999999999939124,5.441827094486682e-06,0.9999947290455606,3.450571507753459e-05,1.0,0.0002514360734772574,3.450571507753459e-05,0.00010064595497998178,0.9999568544958425,0.00058219813957651,1.0,2.8805110488953987e-05,0.9999725913064902,0.00016070063792545246,1.0,0.00058219813957651,0.00016070063792545246,0.004387035469633463,0.9985726331915358,0.02263660070312194,0.9999999999481898,0.0014682908132254932,0.9985417705702874,0.008001120953228774,1.0,0.02263660070312194,0.008001120953228774
gRNA_7902,Notch1,-0.5663881514124018,1.4720145304818546,0.3170734234159181,-1.1006678828753864,0.5937734919916289,0.14316108232032265,0.3170734234159181,1863.1721644826027,1.8889904920115863,1.1077368837048365,0.6939561381249686,1.1180158690950417,1.7185927508756194,1.3054584267624105,1.1180158690950417,0.47099881846826863,0.47099881846826863,0.47099881846826863,0.0,0.0,0.0,0.5584210797433726,0.5584210797433726,0.5584210797433726,0.2816227959509954,0.8357740472354881,-0.025832395342834758,0.49514709558585585,0.04041215165548199,0.32542473901699737,0.2816227959509954,18949,0.0,39.838513905747,0.0052773233416011,96.82832867169772,Notch1,NOTCH1,F357S,F357S,targeting guide,Missense,0.013298670132986705,0.9868013198680132,0.045047747477504514,1.0,0.013298670132986684,0.9868013198680132,0.04504774747750444,1.0,0.045047747477504514,0.04504774747750444,2.612685436107455e-07,0.9999999985437164,4.465316927165468e-06,0.9999999999939124,1.869364245257412e-08,0.999999982774266,3.056004157464291e-07,1.0,4.465316927165468e-06,3.056004157464291e-07,0.00511896765998283,0.9994216345433219,0.017497562183214035,1.0,0.001414481088672529,0.9985953794539032,0.005163542614959911,1.0,0.017497562183214035,0.005163542614959911,0.02575384276486812,0.8976917038436765,0.09311004691913859,0.9999999999481898,0.03388344469650852,0.9663242676301592,0.10847586948127817,1.0,0.09311004691913859,0.10847586948127817
gRNA_7918,Notch1,-1.4114272792537723,1.0125000531265982,-0.4792938786527392,-0.31568480475304,0.49349376700283515,-0.14008242850602365,-0.31568480475304,4191.354119596324,0.4373818432212984,0.8557649413917209,0.23874376177481957,0.3174242344455789,0.09829700540526237,0.38952235724773604,0.3174242344455789,0.6072797769527986,0.6072797769527986,0.6072797769527986,0.0,0.0,0.0,-0.2505926458096621,-0.2505926458096621,-0.2505926458096621,0.2728936939822845,0.4851807856631639,0.854307356623933,0.1655417939888293,0.05397099933123072,0.3663789259178883,0.2728936939822845,56259,1.0611635471657868,90.50640786363071,0.0017774933788371,97.00314616328056,Notch1,NOTCH1,I471T,I471T,targeting guide,Missense,0.009499050094990498,0.9906009399060094,0.03720461287204612,1.0,0.009499050094990488,0.9906009399060094,0.03720461287204608,1.0,0.03720461287204612,0.03720461287204608,0.002152280659584113,0.9998877450288681,0.008342861113439449,0.9999999999939124,0.000463564414779348,0.999540738176251,0.0018982268352786468,1.0,0.008342861113439449,0.0018982268352786468,0.0032396706817102304,0.999787964658298,0.012181161763230466,1.0,0.0007549858540979074,0.9992509841607853,0.003052415926245303,1.0,0.012181161763230466,0.003052415926245303,0.11357803077541076,0.8092670629823064,0.26858704133053113,0.9999999999481898,0.12183590991831383,0.8784333474205177,0.2881151077313585,1.0,0.26858704133053113,0.2881151077313585
gRNA_8228,Nsd1,1.0994742629087246,0.9752739531078545,0.14938627423446654,1.2257035830402454,1.109185480408003,0.9118047107398588,1.0994742629087246,3085.886428679018,0.5553005544815856,0.8467943845029382,0.312985273452336,0.645930797990286,0.3955475262291602,0.5513117073312612,0.5553005544815856,0.5560515850508533,0.5560515850508533,0.5560515850508533,0.0,0.0,0.0,0.31169649744278033,0.31169649744278033,0.31169649744278033,0.5769918177610783,0.6904063204560164,0.3158028115178401,1.0359383924137664,0.7394609081113954,0.6717200500520193,0.6904063204560164,39499,7.103977315881414,92.94159345806224,0.0,90.20987873110712,Nsd1,NSD1,T2030A,T2029A,targeting guide,Missense,0.009499050094990498,0.9906009399060094,0.03720461287204612,1.0,0.009499050094990488,0.9906009399060094,0.03720461287204608,1.0,0.03720461287204612,0.03720461287204608,0.00036391507029795634,0.999992608396797,0.0018244275524270878,0.9999999999939124,5.388458265759014e-05,0.9999468167738461,0.00027754250793498485,1.0,0.0018244275524270878,0.00027754250793498485,5.1378081970122816e-05,0.9999983071978844,0.0003274264206909522,1.0,7.339763011413809e-06,0.999992884074726,5.5067603785007844e-05,1.0,0.0003274264206909522,5.5067603785007844e-05,0.0002874761768048735,0.999980348462345,0.002844501117858748,0.9999999999481898,4.847428369742717e-05,0.999952181584468,0.0006750492840826894,1.0,0.002844501117858748,0.0006750492840826894
gRNA_8699,Phf6,-1.2741877219083955,-1.724043201928174,-1.525708212501968,-2.3362866555725397,-2.152558814766269,-1.8025569213354693,-1.724043201928174,3156.860973038108,0.28932318960876346,-0.573989647923837,-0.7143162005966719,-1.0528908491482742,-0.4355620424409789,-0.49748711010019964,-0.573989647923837,0.11754154385822504,0.11754154385822504,0.11754154385822504,0.0,0.0,0.0,-0.9033774916759164,-0.9033774916759164,-0.9033774916759164,-1.5233114336496576,-0.6100217405657483,-1.4094760571602134,-1.7466281073524303,-1.3098136246977523,-1.3198501926851605,-1.4094760571602134,26505,0.0490473495566874,83.37294850028296,0.0037728730428221,99.12092058102246,Phf6,PHF6,H302R,H302R,targeting guide,Missense,0.09819018098190181,0.9019098090190981,0.23666351313586592,1.0,0.09819018098190174,0.901909809019098,0.23666351313586576,1.0,0.23666351313586592,0.23666351313586576,0.598722301584252,0.5269974262168551,0.9274125128284121,0.9999999999939124,0.5540697946266423,0.4462412401864957,0.8212545283524892,1.0,0.9274125128284121,0.8212545283524892,0.9993515589280425,0.005368146773792904,0.9999999999016121,0.1618974793048153,0.9986216456508042,0.0013861082899571347,1.0,0.06507942144004632,0.1618974793048153,0.06507942144004632,0.9996274494756674,0.009515267228208363,0.9999999998332031,0.5111057825437635,0.997893566040392,0.002115963577001109,1.0,0.11365747213605958,0.5111057825437635,0.11365747213605958
gRNA_8775,Pik3ca,0.6225280008194738,-0.4668359653117331,-0.029207235349911764,0.9839942148114666,1.1103444128288882,0.44416468555963673,0.6225280008194738,4228.347642717276,-1.249605721776955,-0.30430012795570544,-0.20782332525343963,-0.874271882290606,-1.6293220446141397,-0.8530646203781691,-0.874271882290606,-0.4762211989845993,-0.4762211989845993,-0.4762211989845993,0.0,0.0,0.0,-0.6650143434845902,-0.6650143434845902,-0.6650143434845902,1.0760167943148629,1.0315223283080541,0.410793237920787,0.6850286917504765,0.3262378981490433,0.7059197900886448,0.6850286917504765,25508,30.065077622706603,92.7512937117767,0.1568135486906068,65.5323819978046,Pik3ca,PIK3CA,Q546R,Q546R,targeting guide,Missense,0.7854214578542147,0.21467853214678526,0.905884871635536,1.0,0.7854214578542146,0.21467853214678528,0.9058848716355359,1.0,0.905884871635536,0.9058848716355359,0.9061631156024617,0.17792426710808834,0.9999999996046233,0.9999999999939124,0.882984055592734,0.1171897973092641,1.0,0.7106994159400533,0.9999999996046233,0.7106994159400533,1.0559515636730308e-05,0.999998252969793,9.453280665263323e-05,1.0,1.8352397452974065e-06,0.9999982721769839,1.6429765338852973e-05,1.0,9.453280665263323e-05,1.6429765338852973e-05,0.008074777875687247,0.9955390878236573,0.03626728666220293,0.9999999999481898,0.0035003121773789854,0.9965203832803821,0.01665971365436074,1.0,0.03626728666220293,0.01665971365436074
gRNA_8803,Pik3ca,1.4920847363312142,0.8843193737509281,2.4240239756928497,0.9140034445633252,0.9745895290915586,1.3378042118859752,0.9745895290915586,3739.7198373248984,-0.18275206510104408,0.699039153095688,0.03472225096521958,0.38635835153269604,0.39311581505298915,0.26609670110910977,0.38635835153269604,-0.010610629040265303,-0.010610629040265303,-0.010610629040265303,0.0,0.0,0.0,-0.6518737052373539,-0.6518737052373539,-0.6518737052373539,1.9280145037746184,1.2244005065966972,2.0022368093146325,1.3480116084656582,0.7967903886434798,1.4598907633590172,1.3480116084656582,27127,1.0506137796291517,96.3763040513142,0.0,95.5911084896966,Pik3ca,PIK3CA,C378R,C378R,targeting guide,Missense,0.18988101189881013,0.8102189781021898,0.3901380353767902,1.0,0.18988101189881013,0.8102189781021898,0.3901380353767902,1.0,0.3901380353767902,0.3901380353767902,0.009425827616714472,0.9986002753733068,0.02878297538198142,0.9999999999939124,0.0028881284654220427,0.9971270424217241,0.008757550830634581,1.0,0.02878297538198142,0.008757550830634581,1.910060812908361e-10,0.9999999999600222,7.998063995010677e-09,1.0,1.3249661709430792e-11,1.0,6.227341003432472e-10,1.0,7.998063995010677e-09,6.227341003432472e-10,6.072241376983089e-06,0.9999998087677966,0.0001756279044419724,0.9999999999481898,7.567190840567368e-07,0.9999992915381118,2.188664427733331e-05,1.0,0.0001756279044419724,2.188664427733331e-05
gRNA_8867,Pik3ca,-1.1663680915024641,-1.3198476156800287,-1.2158490966154238,-0.5054465414333651,-0.7011759396869346,-0.9817374569836431,-1.1663680915024641,1990.7817442385901,-1.886515559912209,-1.0804091143702605,-0.7251598020537988,-0.836103978185551,-1.8666216938562015,-1.2789620296756041,-1.0804091143702605,-0.16358459762571667,-0.16358459762571667,-0.16358459762571667,0.0,0.0,0.0,-0.5300509714524919,-0.5300509714524919,-0.5300509714524919,-0.10711234914249897,0.2644849447054237,-0.023946618023497096,-0.18663226434071703,-0.05701482825551569,-0.022044223011361008,-0.05701482825551569,15237,15.160464658397322,56.83533503970598,0.0,52.9238038984052,Pik3ca,PIK3CA,Q958R,Q958R,targeting guide,Missense,0.3010698930106988,0.6990300969903009,0.5192765127157007,1.0,0.30106989301069886,0.6990300969903009,0.5192765127157009,1.0,0.5192765127157007,0.5192765127157009,0.996591752383141,0.02763973378930779,0.9999999996046233,0.5246630663878483,0.9908678745542963,0.009163134498019272,1.0,0.19140769840306923,0.5246630663878483,0.19140769840306923,0.1386357032600294,0.9846489330619768,0.283299045792234,1.0,0.05293447726415752,0.9471506184381557,0.11918181707379179,1.0,0.283299045792234,0.11918181707379179,0.9523051333127146,0.24301427415901855,0.9999999998332031,0.9999999999481898,0.8839132296721774,0.11622428635378967,0.9635700099909593,1.0,0.9999999998332031,0.9635700099909593
gRNA_8999,Pik3cg,-0.11903209923717815,-1.3455312416856144,-1.4830427443058745,0.6275964637031187,-0.9326458555469852,-0.6505310954145067,-0.9326458555469852,1300.5573128483206,-0.04049479946997104,-0.008532173338321812,-0.15426526226433834,-1.0251641542274827,0.04224940624586743,-0.2372413966108493,-0.04049479946997104,0.3161364233903952,0.3161364233903952,0.3161364233903952,0.0,0.0,0.0,0.20066353046606805,0.20066353046606805,0.20066353046606805,-0.48115506614811276,0.22867343953352515,-1.494030969745971,-1.5660715579627125,-2.0579574269616723,-1.0741083162569887,-1.494030969745971,10564,6.995456266565695,92.12419538053769,3.663385081408557,85.31806134040136,Pik3cg,PIK3CG,L44P,L44P,targeting guide,Missense,0.0230976902309769,0.977002299770023,0.07237276272372763,1.0,0.023097690230976922,0.977002299770023,0.07237276272372768,1.0,0.07237276272372763,0.07237276272372768,0.2854856710233583,0.8597367897459065,0.5421344055797108,0.9999999999939124,0.18504144684760498,0.8151581783180673,0.3444335842311855,1.0,0.5421344055797108,0.3444335842311855,0.8358269566723249,0.021935895145685648,0.9999999999016121,0.4017473248456472,0.9672477617663792,0.032890949071820746,1.0,0.46547926772932047,0.4017473248456472,0.46547926772932047,0.516313211135025,0.4016624131509639,0.758335028854568,0.9999999999481898,0.5824502239960788,0.4179208341770976,0.7889861053438365,1.0,0.758335028854568,0.7889861053438365
gRNA_9105,Pik3r2,0.8824055219720746,0.7964516990658503,0.45362761033165444,0.6269945395096921,0.40709041133089785,0.6333139564420338,0.6269945395096921,3270.01054375659,0.1410925440128583,0.8418347310795357,-0.11058103708514001,0.5867046357949462,0.7019088746523471,0.43219194969090946,0.5867046357949462,0.28401694515961556,0.28401694515961556,0.28401694515961556,0.0,0.0,0.0,0.41833250328551197,0.41833250328551197,0.41833250328551197,0.707199652358231,-0.21149890090808757,-0.007006576670792627,0.528182541799693,0.5191044058743814,0.30719622449068507,0.5191044058743814,36152,0.3623589289665855,68.05709227705245,0.0719185660544368,96.44279707899976,Pik3r2,PIK3R2,N555D,N561D,targeting guide,Missense,0.0337966203379662,0.9663033696630337,0.10085340672281978,1.0,0.0337966203379662,0.9663033696630337,0.10085340672281978,1.0,0.10085340672281978,0.10085340672281978,0.0011509914207104301,0.99968472657437,0.004862615440304739,0.9999999999939124,0.00032183075831374724,0.9996817965742932,0.0013596445519771794,1.0,0.004862615440304739,0.0013596445519771794,0.006546417795386472,0.9984439105303654,0.02121942319883891,1.0,0.002150277009104591,0.9978624268261622,0.007475641992260841,1.0,0.02121942319883891,0.007475641992260841,0.002713798081735666,0.9999484573125835,0.015229672816904632,0.9999999999481898,0.0004641685894043621,0.9995388214130075,0.003422105678745886,1.0,0.015229672816904632,0.003422105678745886
gRNA_9114,Pik3r3,1.1250641031181516,1.1470511953368159,1.605398136558348,1.0475887677433855,-0.5058707809194918,0.883846284367442,1.1250641031181516,1028.1066425666515,1.9868955679755058,1.660841548724697,1.0687888099608185,1.3746218699593213,1.838712650170004,1.5859720893580693,1.660841548724697,0.7562806622536397,0.7562806622536397,0.7562806622536397,0.0,0.0,0.0,0.6024933448873451,0.6024933448873451,0.6024933448873451,0.655918161318085,0.8536068756483909,1.6679836410268898,0.725029406329708,0.4660362868040508,0.8737148742254248,0.725029406329708,10510,53.62511893434824,97.56422454804948,0.0856327307326355,44.54804947668887,Pik3r3,PIK3R3,D11G,D11G,targeting guide,Missense,9.99900009999001e-05,1.0,0.0005295245123374991,1.0,9.999000099989996e-05,1.0,0.0005295245123374983,1.0,0.0005295245123374991,0.0005295245123374983,4.057313781942145e-08,0.9999999999522575,1.2712916516752054e-06,0.9999999999939124,2.2458423504980546e-09,0.9999999979925037,7.036972698227238e-08,1.0,1.2712916516752054e-06,7.036972698227238e-08,5.584256173931882e-06,0.9999997111287837,5.674811679455102e-05,1.0,7.957501903533834e-07,0.9999992812295306,8.548630616367776e-06,1.0,5.674811679455102e-05,8.548630616367776e-06,0.00023014289717299482,0.9989945744797798,0.002338749441541785,0.9999999999481898,9.13509527370945e-05,0.9999103274192361,0.0011079986525531463,1.0,0.002338749441541785,0.0011079986525531463
gRNA_9115,Pik3r3,1.7609969531007925,0.38568373444077,-0.5305357771564156,0.7298283554456356,0.6854935340490828,0.606293359975973,0.6854935340490828,793.9749962343727,1.8809230633857659,1.1434317348772016,1.494823740870335,1.830441348542396,2.139894419591353,1.6979028614534104,1.830441348542396,1.1565418112234949,1.1565418112234949,1.1565418112234949,0.0,0.0,0.0,0.562066903997004,0.562066903997004,0.562066903997004,1.1057740450488827,1.036775538889556,0.19716972573423336,0.24085080462405228,0.6381426588021658,0.643742554619778,0.6381426588021658,13117,0.0,69.62720134177022,0.0,97.01913547305024,Pik3r3,PIK3R3,D11G,D11G,targeting guide,Missense,9.99900009999001e-05,1.0,0.0005295245123374991,1.0,9.999000099989996e-05,1.0,0.0005295245123374983,1.0,0.0005295245123374991,0.0005295245123374983,2.5255099904368044e-08,0.9999999999692556,1.2712916516752054e-06,0.9999999999939124,1.368872977737602e-09,0.9999999987962915,7.036972698227238e-08,1.0,1.2712916516752054e-06,7.036972698227238e-08,2.4825540104289943e-05,0.9999870775454976,0.00018668806158426038,1.0,6.108263028463114e-06,0.9999942246298047,4.886610422770491e-05,1.0,0.00018668806158426038,4.886610422770491e-05,0.0016586871311573062,0.997243005399803,0.010941515110792055,0.9999999999481898,0.0008496297992256243,0.9991645967917018,0.005070806420775155,1.0,0.010941515110792055,0.005070806420775155
gRNA_9745,Ptpn11,0.6522398256789234,-0.44804965996856366,0.5913139920087183,1.3323250435531402,-0.7795664373253297,0.2696525527893777,0.5913139920087183,2558.2165988853744,-0.861685132557737,-0.9098800839691868,-0.2613247756095721,-1.4522311029107038,-1.5797442640607255,-1.012973071821585,-0.9098800839691868,0.04228680803374554,0.04228680803374554,0.04228680803374554,0.0,0.0,0.0,-0.12327714871584447,-0.12327714871584447,-0.12327714871584447,0.3796199215737667,-1.125011732873297,-1.5867528590000297,0.37536037609295475,-0.8446774127200077,-0.5602923413853226,-0.8446774127200077,23152,3.796648237733242,94.92052522460264,3.1919488597097443,90.93814789219074,Ptpn11,PTPN11,D61G,D61G,targeting guide,Missense,0.14678532146785325,0.8533146685331466,0.32275602849071827,1.0,0.14678532146785328,0.8533146685331466,0.3227560284907183,1.0,0.32275602849071827,0.3227560284907183,0.9725771911836192,0.0884834819794988,0.9999999996046233,0.8991834925484202,0.9573522066351249,0.0427350162949989,1.0,0.4342801655924213,0.8991834925484202,0.4342801655924213,0.3271126777663204,0.19467063215149175,0.5720668225122627,1.0,0.6168890601249413,0.3836692725116372,0.8110149881362865,1.0,0.5720668225122627,0.8110149881362865,0.01731401246484922,0.9670685950760394,0.06642927231411537,0.9999999999481898,0.01395361855971453,0.9861229130004037,0.051464847661078485,1.0,0.06642927231411537,0.051464847661078485
gRNA_10049,Ptprt,0.4415148464884908,2.24783524987131,2.544359206054065,0.7065959427663481,1.3310601814687433,1.4542730853297914,1.3310601814687433,2716.915198071999,1.0565369785208694,1.3384930859223971,0.9295945745716031,1.3758391592215695,1.3599534947026313,1.212083458587814,1.3384930859223971,1.0243674838244932,1.0243674838244932,1.0243674838244932,0.0,0.0,0.0,0.3207383325941571,0.3207383325941571,0.3207383325941571,0.8631649858205045,0.29854055496520104,1.6458518581042858,1.1189256109264443,1.1441688709544295,1.0141303761541731,1.1189256109264443,46418,1.8031798009392908,76.52419320091343,0.0,94.38148993924771,Ptprt,PTPRT,Q894R,Q900R,targeting guide,Missense,9.99900009999001e-05,1.0,0.0005295245123374991,1.0,9.999000099989996e-05,1.0,0.0005295245123374983,1.0,0.0005295245123374991,0.0005295245123374983,2.875730806733943e-07,0.9999999996145539,4.701194710138968e-06,0.9999999999939124,1.7940857980271444e-08,0.9999999832297554,3.056004157464291e-07,1.0,4.701194710138968e-06,3.056004157464291e-07,1.0273607238436704e-07,0.9999998708859403,1.671543645948087e-06,1.0,1.387294933317736e-08,0.9999999884650126,2.1734287288644534e-07,1.0,1.671543645948087e-06,2.1734287288644534e-07,2.400845493123317e-07,0.9999984271496607,2.256794763535918e-05,0.9999999999481898,7.84121842019547e-08,1.0,5.359908317447772e-06,1.0,2.256794763535918e-05,5.359908317447772e-06
gRNA_10106,Ptprt,1.9456201661507773,1.6285522268901167,1.6104245316635393,1.7573962000762324,0.5690550056365642,1.5022096260834459,1.6285522268901167,1247.0552794095497,1.3842444144763975,1.476943782675916,1.3389242453174441,1.3366375595418822,0.9953815425202992,1.306426308906388,1.3389242453174441,1.462688185345997,1.462688185345997,1.462688185345997,0.0,0.0,0.0,0.295930554855233,0.295930554855233,0.295930554855233,1.697391297380217,1.7615443815082952,1.4936956462395783,1.8844870366288697,1.9796665779156084,1.7633569879345135,1.7615443815082952,27627,7.195859123321388,96.33329713685887,1.1293300032576827,90.58891663951933,Ptprt,PTPRT,N470S,N466S,targeting guide,Missense,9.99900009999001e-05,1.0,0.0005295245123374991,1.0,9.999000099989996e-05,1.0,0.0005295245123374983,1.0,0.0005295245123374991,0.0005295245123374983,2.0105141112877037e-07,0.9999999997601565,3.866837908101214e-06,0.9999999999939124,1.2152007708563871e-08,0.9999999887046735,2.53841938801112e-07,1.0,3.866837908101214e-06,2.53841938801112e-07,3.85580510696714e-12,0.9999999999999986,3.6244568005491116e-10,1.0,1.3485372295208781e-13,1.0,1.2676249957496255e-11,1.0,3.6244568005491116e-10,1.2676249957496255e-11,7.093193800037038e-07,0.9999998828431048,4.4450681146898775e-05,0.9999999999481898,7.789371902276387e-08,0.999999927771756,5.359908317447772e-06,1.0,4.4450681146898775e-05,5.359908317447772e-06
gRNA_10107,Ptprt,0.3866127363202557,-0.08418850376183723,-0.7480957039589904,1.026950303545187,0.9518169058033689,0.3066191475895968,0.3866127363202557,1611.2065070040667,0.3919607492502358,0.5087794188190393,-0.011291066695639297,0.46279625284063475,0.17571520871180993,0.30559211258521607,0.3919607492502358,0.42512620291574,0.42512620291574,0.42512620291574,0.0,0.0,0.0,0.1281402799073905,0.1281402799073905,0.1281402799073905,-0.26399971294034125,1.821479345900502,-0.4336569383610457,0.2742037764280797,0.5612211327663625,0.3918495207587115,0.2742037764280797,15022,28.7977632805219,60.19837571561709,0.0998535481294102,56.62361869258421,Ptprt,PTPRT,N470S,N466S,targeting guide,Missense,0.013298670132986705,0.9868013198680132,0.045047747477504514,1.0,0.013298670132986684,0.9868013198680132,0.04504774747750444,1.0,0.045047747477504514,0.04504774747750444,0.007319056759296946,0.9996723790325379,0.023875410263504447,0.9999999999939124,0.0016196131281548784,0.9983883494568746,0.005486257082758867,1.0,0.023875410263504447,0.005486257082758867,0.0016132438230171612,0.98616125094746,0.006665710741257721,1.0,0.002215784031204748,0.9979082413923586,0.007573952688481684,1.0,0.006665710741257721,0.007573952688481684,0.017077409702677872,0.9827942442396486,0.06619696956914309,0.9999999999481898,0.01005130182469682,0.989995203083985,0.03978199459037899,1.0,0.06619696956914309,0.03978199459037899
gRNA_10342,Raf1,-0.2535831145405426,1.6878623640599435,0.30816734351736325,-0.02124129501266667,0.7006504656936657,0.48437115274355264,0.30816734351736325,1669.2875433047145,1.3187915110198654,0.6981856227259834,0.7101099074415403,0.6010901615046436,1.0101458534331136,0.8676646112250292,0.7101099074415403,0.2089960243853181,0.2089960243853181,0.2089960243853181,0.0,0.0,0.0,-0.06317611573553475,-0.06317611573553475,-0.06317611573553475,0.06347222258542476,0.42011879297041566,0.5221647049002887,0.09029977132491702,1.5236641934981452,0.5239439370558383,0.42011879297041566,15394,82.57762764713524,91.0289723268806,0.0,8.717682213849551,Raf1,RAF1,R391G,R391G,targeting guide,Missense,0.03889611038896109,0.9612038796120388,0.11079498110794977,1.0,0.038896110388961076,0.9612038796120388,0.11079498110794973,1.0,0.11079498110794977,0.11079498110794973,9.161274444823896e-06,0.9999999356053545,7.063485417123719e-05,0.9999999999939124,8.681912420621344e-07,0.9999991604014163,7.022607507106575e-06,1.0,7.063485417123719e-05,7.022607507106575e-06,0.00028602123038791596,0.9998348461394002,0.0014936664253591167,1.0,0.00011587837416983546,0.99989224488254,0.0005732930090507649,1.0,0.0014936664253591167,0.0005732930090507649,0.005130448683933458,0.9968764830679521,0.02505258058648026,0.9999999999481898,0.0025711981223789705,0.9974616593979826,0.012890273253526572,1.0,0.02505258058648026,0.012890273253526572
gRNA_10343,Raf1,-0.23963422244673271,-1.9628545708991219,-0.49334037910090706,0.6169681523402621,-0.4466401247493514,-0.5051002289711701,-0.4466401247493514,2929.3568308480194,0.28789712335001305,-0.14002010215090185,0.40723101468747314,-0.04652209081031275,0.1414144430444318,0.13000007762414065,0.1414144430444318,0.1042826391357913,0.1042826391357913,0.1042826391357913,0.0,0.0,0.0,0.48288541751608655,0.48288541751608655,0.48288541751608655,-0.26836142914716726,-0.36226822500606226,-0.19808577441259978,-0.19488402852595083,-0.004181810584915983,-0.20555625353533924,-0.19808577441259978,17004,54.140202305339926,70.60691601976006,0.0999764761232651,31.098565043519173,Raf1,RAF1,S259P,S259P,targeting guide,Missense,0.10258974102589744,0.8975102489751025,0.2441376115553002,1.0,0.10258974102589746,0.8975102489751025,0.24413761155530028,1.0,0.2441376115553002,0.24413761155530028,0.03934583698288641,0.9966446274301394,0.10273635212198119,0.9999999999939124,0.012118585255219512,0.987914936183067,0.03301875402871403,1.0,0.10273635212198119,0.03301875402871403,0.3857533479400338,0.9242250157480519,0.6278928953482801,1.0,0.19643503105514476,0.8037371153727852,0.35607410952223806,1.0,0.6278928953482801,0.35607410952223806,0.3941559781868243,0.5649875982252014,0.6488572056172893,0.9999999999481898,0.3972187288625624,0.6031585827207621,0.6454932798832087,1.0,0.6488572056172893,0.6454932798832087
gRNA_10363,Rara,0.8952559378036393,0.25601840058221886,0.2570204089128911,0.8168064534898577,-1.265007368396138,0.1920187664784938,0.2570204089128911,1173.9117336948336,1.1598792921466043,1.0413656544700458,1.2451878875010034,1.022272181934592,1.172201435385057,1.1281812902874606,1.1598792921466043,0.9057339623982374,0.9057339623982374,0.9057339623982374,0.0,0.0,0.0,0.9272277696238516,0.9272277696238516,0.9272277696238516,0.8667922506560817,0.9681182930801983,0.4622145903741521,0.806980675423459,-0.19071016163519183,0.5826791295797399,0.806980675423459,16198,75.31794048647981,97.14779602420052,0.0432152117545375,22.2990492653414,Rara,RARA,T253A,T253A,targeting guide,Missense,9.99900009999001e-05,1.0,0.0005295245123374991,1.0,9.999000099989996e-05,1.0,0.0005295245123374983,1.0,0.0005295245123374991,0.0005295245123374983,3.531917176244861e-07,0.9999999995359259,5.420880310669999e-06,0.9999999999939124,2.2246303031975007e-08,0.9999999791250711,3.436246987716766e-07,1.0,5.420880310669999e-06,3.436246987716766e-07,7.711700956359072e-05,0.999827055383155,0.0004676773483211309,1.0,2.4548673431911384e-05,0.9999762246442049,0.00014200463400613353,1.0,0.0004676773483211309,0.00014200463400613353,0.024389140414716428,0.9395186690110825,0.08962535094205572,0.9999999999481898,0.019712500004895512,0.9803612766961545,0.0679990825856946,1.0,0.08962535094205572,0.0679990825856946
gRNA_10504,Rbm10,1.449355656029755,1.7671556098309817,0.9102414895727308,0.05792266318308898,1.8422702963422852,1.2053891429917685,1.449355656029755,1698.448561530351,2.067272271899862,1.349037359188628,1.3750091139187646,1.5677842944840537,1.938249304233728,1.6594704687450073,1.5677842944840537,0.7813850037146893,0.7813850037146893,0.7813850037146893,0.0,0.0,0.0,0.5526987985158386,0.5526987985158386,0.5526987985158386,1.172592241692624,1.4447846378460352,0.5688587566071367,1.0626009865038275,0.8695124697433272,1.0236698184785902,1.0626009865038275,17262,36.60641872320704,91.0786699107867,4.281079828525084,55.045765264743366,Rbm10,RBM10,M655V,M655V,targeting guide,Missense,9.99900009999001e-05,1.0,0.0005295245123374991,1.0,9.999000099989996e-05,1.0,0.0005295245123374983,1.0,0.0005295245123374991,0.0005295245123374983,5.2564629933499293e-08,0.999999999941969,1.4117357753568383e-06,0.9999999999939124,2.934987505315105e-09,0.9999999973554253,7.88253787141771e-08,1.0,1.4117357753568383e-06,7.88253787141771e-08,3.7524786778731855e-08,0.9999999932769188,6.718723728001513e-07,1.0,3.6323283723362004e-09,0.9999999970575546,6.828777339992056e-08,1.0,6.718723728001513e-07,6.828777339992056e-08,1.1839292912034915e-05,0.9999831366175934,0.0002618573020544193,0.9999999999481898,2.6390841400740065e-06,0.9999974836924724,5.837033156869567e-05,1.0,0.0002618573020544193,5.837033156869567e-05
gRNA_10547,Rbm10,-0.1815561701726021,1.5596822688132572,-0.19234883171506204,0.5832566104856505,0.7662146315467594,0.5070497017916006,0.5832566104856505,1434.6738966711855,-0.7144821197622161,-0.2998615301866689,0.07447837531716392,0.32471486019325074,-0.2706270635069976,-0.17715549558909358,-0.2706270635069976,0.655268955361238,0.655268955361238,0.655268955361238,0.0,0.0,0.0,0.161662552377881,0.161662552377881,0.161662552377881,0.4022075825822981,0.4381665730611302,-0.13813171542732622,-0.20426370104457445,-0.3801646169384312,0.02356282444661928,-0.13813171542732622,14767,22.123654093587053,99.35667366425136,0.2844179589625516,77.00954831719375,Rbm10,RBM10,H777R,H777R,targeting guide,Missense,0.0052994700529947,0.9948005199480052,0.0262184307885001,1.0,0.005299470052994701,0.9948005199480052,0.026218430788500103,1.0,0.0262184307885001,0.026218430788500103,0.23561254288072148,0.8973397753353315,0.46571974276215805,0.9999999999939124,0.14970545119207834,0.8504837474881297,0.2935592743603828,1.0,0.46571974276215805,0.2935592743603828,0.07264722306235279,0.9777030029347308,0.16303262892863482,1.0,0.035930915745638586,0.9641556339723656,0.08339521185407475,1.0,0.16303262892863482,0.08339521185407475,0.004526548104654184,0.9971021838775522,0.0229997579371618,0.9999999999481898,0.002106239122465391,0.9979153444247253,0.010999248750652597,1.0,0.0229997579371618,0.010999248750652597
gRNA_10548,Rbm10,0.8491369735740952,-1.0742859825168318,0.2706074779416258,-0.2859908286035026,0.2502166225182964,0.0019368525827366035,0.2502166225182964,1467.6909173068234,-0.154217071923242,0.10627163200540338,-0.16148581485376295,0.3240624564338616,0.3580095172017151,0.09452814377279503,0.10627163200540338,0.13451545228212838,0.13451545228212838,0.13451545228212838,0.0,0.0,0.0,0.1909964514234813,0.1909964514234813,0.1909964514234813,-0.14193034076131789,0.4775401604463423,0.17023491849285297,0.16061511570741668,0.27723487957191995,0.1887389466914428,0.17023491849285297,9909,67.08043193056817,98.31466343727924,0.0201836714098294,31.264507013825813,Rbm10,RBM10,H777R,H777R,targeting guide,Missense,0.08849115088491148,0.9116088391160884,0.21889916271530738,1.0,0.0884911508849115,0.9116088391160884,0.2188991627153074,1.0,0.21889916271530738,0.2188991627153074,0.052579693266914966,0.9941800362150006,0.13268432663328877,0.9999999999939124,0.017915899874339135,0.9821286954129502,0.04613957775857202,1.0,0.13268432663328877,0.04613957775857202,0.021939814401645934,0.998434684701853,0.05894959328234184,1.0,0.00603650133802892,0.9939841771953065,0.018013686532530743,1.0,0.05894959328234184,0.018013686532530743,0.09135467384527812,0.9174328007277446,0.23209025247178766,0.9999999999481898,0.06646266357691959,0.9336839753197108,0.18108667757189684,1.0,0.23209025247178766,0.18108667757189684
gRNA_10596,Ret,0.35474459031477373,-0.6464465159696803,-0.9608912396046111,0.19320711678366223,0.25275892231748537,-0.16132542523167404,0.19320711678366223,1481.4279258924537,0.09807622657279935,0.7268841468018328,0.8693166216193052,0.2448488643536091,-0.08741080808852068,0.37034301025180516,0.2448488643536091,0.9095070368905986,0.9095070368905986,0.9095070368905986,0.0,0.0,0.0,-0.22813156313481767,-0.22813156313481767,-0.22813156313481767,0.7261260847695995,-0.1463570551745372,0.2376043465013786,-0.12308527446767965,0.5685542098106078,0.2525684622878738,0.2376043465013786,19817,9.032648735933794,91.40636826966744,0.0,88.89842054801433,Ret,RET,K809E,K808E,targeting guide,Missense,9.99900009999001e-05,1.0,0.0005295245123374991,1.0,9.999000099989996e-05,1.0,0.0005295245123374983,1.0,0.0005295245123374991,0.0005295245123374983,0.002255949809773288,0.9994640461971752,0.008610882081797949,0.9999999999939124,0.0006993831287977992,0.9993077703864119,0.002683347514571148,1.0,0.008610882081797949,0.002683347514571148,0.012313699818395214,0.9972965676123997,0.03589109404431473,1.0,0.004408075665276641,0.9956139268438982,0.01369782190201667,1.0,0.03589109404431473,0.01369782190201667,0.21761790548861315,0.8798047390784466,0.4329329759985108,0.9999999999481898,0.14684374526281618,0.8533440396371583,0.3173175184989591,1.0,0.4329329759985108,0.3173175184989591
gRNA_10598,Ret,-0.8373206542689711,-1.4843692567472673,1.6175114760837355,-0.25382580739180743,0.9134218762421099,-0.008916473216440114,-0.25382580739180743,1612.5320078325049,-0.20603437688129028,1.2067006927350539,1.1699458120675266,0.6201247883867969,0.41905829237623204,0.6419590417368639,0.6201247883867969,1.1058886223478743,1.1058886223478743,1.1058886223478743,0.0,0.0,0.0,0.12762103957245768,0.12762103957245768,0.12762103957245768,0.12446740294440449,0.3532124586117272,1.072277383435871,1.062727461783469,0.3202924106719839,0.5865954234894911,0.3532124586117272,29787,2.061301910229295,86.79961056836876,0.1141437539866384,95.08846140933964,Ret,RET,K809E,K808E,targeting guide,Missense,9.99900009999001e-05,1.0,0.0005295245123374991,1.0,9.999000099989996e-05,1.0,0.0005295245123374983,1.0,0.0005295245123374991,0.0005295245123374983,0.00017761434037559466,0.9997136566698427,0.0009678694490032405,0.9999999999939124,5.856025427340114e-05,0.9999427638998303,0.00029754940009187606,1.0,0.0009678694490032405,0.00029754940009187606,3.3424271788398784e-05,0.9999726668116221,0.00023568474920198339,1.0,1.0224711011054658e-05,0.9999903970576435,6.865163107422413e-05,1.0,0.00023568474920198339,6.865163107422413e-05,0.032043724636637544,0.7371203015174205,0.11260224732126838,0.9999999999481898,0.07803303038792314,0.9224396313765062,0.20234772017833863,1.0,0.11260224732126838,0.20234772017833863
gRNA_10617,Rheb,-0.5065723564839886,-0.9543547715890324,-1.1631990260466152,-0.8658928980939384,-0.14619003012951368,-0.7272418164686176,-0.8658928980939384,4625.39539087212,-0.33566614184426247,-0.09084175121907115,-0.14804820365778174,-0.2988745204205195,-0.5430169185886659,-0.28328950714606016,-0.2988745204205195,0.052672777075084214,0.052672777075084214,0.052672777075084214,0.0,0.0,0.0,-0.38207809170283197,-0.38207809170283197,-0.38207809170283197,0.3489984578078048,-0.554690353523932,-0.2653525505111592,-0.2887524664443599,0.10074757873965376,-0.13180986678639853,-0.2653525505111592,38626,69.42991767203438,87.20809817221561,0.4789520012426863,22.953451043338685,Rheb,RHEB,Y35C,Y35C,targeting guide,Missense,0.14088591140885912,0.8592140785921408,0.31345031177355637,1.0,0.1408859114088591,0.8592140785921407,0.3134503117735563,1.0,0.31345031177355637,0.3134503117735563,0.5094114398191067,0.8567874405493762,0.818541458854633,0.9999999999939124,0.30142398079837096,0.6987854127645696,0.5037129634674998,1.0,0.818541458854633,0.5037129634674998,0.20685104767717633,0.9198589673523873,0.39480199962750406,1.0,0.12491386387267506,0.8752588730530377,0.2511637048990686,1.0,0.39480199962750406,0.2511637048990686,0.8328136128246328,0.45700987254108494,0.9608455851854517,0.9999999999481898,0.7096238081128766,0.2905975472349571,0.8805892800344608,1.0,0.9608455851854517,0.8805892800344608
gRNA_10634,Rhoa,0.9577866438887983,-0.9404998742198506,-2.099584952494414,0.2516693287246991,-0.8540778513567724,-0.5369413410915079,-0.8540778513567724,1202.4702515439071,-0.37277717349985506,-0.2850777364270074,-0.125850975416787,-0.0838674471419757,-0.8373974926937415,-0.3409941650358733,-0.2850777364270074,-0.060236082769956956,-0.060236082769956956,-0.060236082769956956,0.0,0.0,0.0,0.4722177365762813,0.4722177365762813,0.4722177365762813,-0.018340379736067447,-0.003276845311915164,-0.8203772826273507,-0.03727697019954161,0.7455757328111471,-0.026739149012745544,-0.018340379736067447,10725,86.47086247086247,93.31468531468532,0.0,8.27972027972028,Rhoa,RHOA,Y34C,Y34C,targeting guide,Missense,0.23677632236776322,0.7633236676332367,0.45422396535856613,1.0,0.23677632236776325,0.7633236676332367,0.4542239653585662,1.0,0.45422396535856613,0.4542239653585662,0.543811930717883,0.7807049627886866,0.8591314535711093,0.9999999999939124,0.3650063439389122,0.635229991142074,0.5890231129657982,1.0,0.8591314535711093,0.5890231129657982,0.08067642514730927,0.9147476970466139,0.17843726973757815,1.0,0.06355638025618447,0.9366159525914132,0.13813409812904834,1.0,0.17843726973757815,0.13813409812904834,0.2732362395220124,0.3891548873769509,0.51626545758933,0.9999999999481898,0.43918252279661213,0.5613768288946305,0.6689316856603472,1.0,0.51626545758933,0.6689316856603472
gRNA_10657,Rictor,0.3345663393878957,-0.6431190550669899,0.9298763775842213,2.6659371236401923,1.0405193457192428,0.8655560262529125,0.9298763775842213,612.2608826630517,-0.15916737326470795,0.6636140681728411,0.880993750720557,0.4290741495287347,-0.03642509961695037,0.3556178991080948,0.4290741495287347,0.829903998337979,0.829903998337979,0.829903998337979,0.0,0.0,0.0,0.6076742130135128,0.6076742130135128,0.6076742130135128,1.4583423664241515,1.225459718895188,0.35600930048438206,1.9890328904807424,0.5716509066376314,1.120099036584419,1.225459718895188,6235,75.94226142742582,93.66479550922212,0.0160384923817161,17.93103448275862,Rictor,RICTOR,C1554R,C1555R,targeting guide,Missense,9.99900009999001e-05,1.0,0.0005295245123374991,1.0,9.999000099989996e-05,1.0,0.0005295245123374983,1.0,0.0005295245123374991,0.0005295245123374983,0.0027504666635221847,0.9988319056550272,0.010341754654843415,0.9999999999939124,0.0010051697833525527,0.9990045426404084,0.0036693576557335905,1.0,0.010341754654843415,0.0036693576557335905,1.2955954785436383e-08,0.9999997533353489,3.04464937457755e-07,1.0,3.2636846087045364e-09,1.0,6.458660067752135e-08,1.0,3.04464937457755e-07,6.458660067752135e-08,4.8840229667329195e-05,0.9958415743725316,0.0009181963177457888,0.9999999999481898,8.962755719120768e-05,1.0,0.0011079986525531463,1.0,0.0009181963177457888,0.0011079986525531463
gRNA_10664,Rictor,0.015185063753105875,1.6623174117011323,0.32914318544087645,1.0591182715963612,0.4470189192420779,0.7025565703467108,0.4470189192420779,1791.233619521012,1.7911533152260268,0.7812919380515293,1.010681442274238,1.3080633067782812,1.960273942920275,1.3702927890500702,1.3080633067782812,0.8633663539308265,0.8633663539308265,0.8633663539308265,0.0,0.0,0.0,0.20074410064074955,0.20074410064074955,0.20074410064074955,0.6696158884326542,0.33766374061984566,0.9433240354501823,0.4434743134480294,1.0897936754586395,0.6967743306818702,0.6696158884326542,22005,69.0161326971143,88.74346739377414,0.0181776868893433,21.922290388548056,Rictor,RICTOR,M1365T,M1366T,targeting guide,Missense,9.99900009999001e-05,1.0,0.0005295245123374991,1.0,9.999000099989996e-05,1.0,0.0005295245123374983,1.0,0.0005295245123374991,0.0005295245123374983,2.0568286745219224e-07,0.9999999992886099,3.866837908101214e-06,0.9999999999939124,1.3862448070699136e-08,0.9999999872511823,2.6315338567029954e-07,1.0,3.866837908101214e-06,2.6315338567029954e-07,1.4108338359241556e-05,0.9999986849896639,0.00012056216416079148,1.0,2.2245121110946416e-06,0.9999978876296094,1.900946713117239e-05,1.0,0.00012056216416079148,1.900946713117239e-05,0.0011219271029825474,0.999694000998685,0.008436891814428757,0.9999999999481898,0.00035341650274201057,0.9996524911330457,0.0030547072908513545,1.0,0.008436891814428757,0.0030547072908513545
gRNA_10909,Rtel1,1.5193577758403811,1.1254160807288793,2.2929296815033817,1.2395764135989125,0.9878849276822902,1.433032975870769,1.2395764135989125,1978.1292363307725,1.1342178487192491,1.2897722984429372,0.5062432322007268,1.0047384724856232,0.8460200272649405,0.9561983758226953,1.0047384724856232,0.6524327891399161,0.6524327891399161,0.6524327891399161,0.0,0.0,0.0,0.3040796014762753,0.3040796014762753,0.3040796014762753,1.1755893815542606,0.6698944516668461,0.8511045908346548,0.754325656093726,0.8671136010922018,0.8636055362483379,0.8511045908346548,17652,39.85950600498527,93.7060956265579,0.7817811012916385,52.866530704736,Rtel1,RTEL1,T44A,T44A,targeting guide,Missense,0.0052994700529947,0.9948005199480052,0.0262184307885001,1.0,0.005299470052994701,0.9948005199480052,0.026218430788500103,1.0,0.0262184307885001,0.026218430788500103,2.7025218457657287e-06,0.9999999694722073,2.9032806114511828e-05,0.9999999999939124,2.4155378329589847e-07,0.9999997690791326,2.5949777862645096e-06,1.0,2.9032806114511828e-05,2.5949777862645096e-06,2.4205156565950915e-06,0.9999999706146686,2.6768055496463363e-05,1.0,2.3892554554064575e-07,0.9999997773710693,2.8073751601025877e-06,1.0,2.6768055496463363e-05,2.8073751601025877e-06,2.0080854722756285e-06,0.9999999674809992,6.292001146463637e-05,0.9999999999481898,2.0277342407568728e-07,0.9999998117355896,7.624280745245842e-06,1.0,6.292001146463637e-05,7.624280745245842e-06
gRNA_10969,Runx1,0.02370883099906835,0.40306876849713696,-0.26384137819512105,0.9507848059206881,-0.9419396185473918,0.03435628173487611,0.02370883099906835,2167.675854797409,-0.21909314718147171,0.45974684136997895,0.6558788556952411,0.42771966233554504,-0.041442532431324675,0.2565619359575937,0.42771966233554504,0.9471084631943364,0.9471084631943364,0.9471084631943364,0.0,0.0,0.0,0.40957837431487504,0.40957837431487504,0.40957837431487504,1.2033623247148784,0.3949322447266163,-0.15780462957467586,0.7400217913966519,0.27402976725790845,0.49090829970427585,0.3949322447266163,27234,93.87163104942351,96.99640155687744,0.0293750458985092,3.4442241316002056,Runx1,RUNX1,R149G,R135G,targeting guide,Missense,9.99900009999001e-05,1.0,0.0005295245123374991,1.0,9.999000099989996e-05,1.0,0.0005295245123374983,1.0,0.0005295245123374991,0.0005295245123374983,0.009685273742358488,0.9978214855074011,0.029133303417014332,0.9999999999939124,0.003311554131281792,0.9967057288442083,0.00984218840935633,1.0,0.029133303417014332,0.00984218840935633,0.00029606329017119377,0.9996575715041057,0.0015249287274571076,1.0,0.00012184485005739495,0.9998832816779752,0.0005904930191703904,1.0,0.0015249287274571076,0.0005904930191703904,0.07765251719503148,0.9387582976062439,0.20855247475237026,0.9999999999481898,0.053859923340321546,0.9462753515295583,0.15341917557546136,1.0,0.20855247475237026,0.15341917557546136
gRNA_10971,Runx1,0.7121507977600547,3.2532078843705565,-0.15780844635849056,1.4133190752732183,1.8631609225825156,1.416806046725571,1.4133190752732183,943.7565898478687,-0.40792653897848363,0.1594004845733154,0.6736166371019027,0.6746338008849834,0.435914923376459,0.3071278613916354,0.435914923376459,0.698950658661867,0.698950658661867,0.698950658661867,0.0,0.0,0.0,0.5644798863339844,0.5644798863339844,0.5644798863339844,0.7141503950671741,2.148863653789753,0.952793305612815,0.9985201314492497,0.8142697977230978,1.1257194567284179,0.952793305612815,7329,89.67116932732978,98.676490653568,0.0,9.441942966298267,Runx1,RUNX1,R149G,R135G,targeting guide,Missense,9.99900009999001e-05,1.0,0.0005295245123374991,1.0,9.999000099989996e-05,1.0,0.0005295245123374983,1.0,0.0005295245123374991,0.0005295245123374983,0.004538784991743974,0.9971120568407713,0.015656726210052607,0.9999999999939124,0.0017821499642654802,0.9982299738038675,0.005929985721803721,1.0,0.015656726210052607,0.005929985721803721,1.8215676329557334e-08,0.9999999974805279,4.0288789999491514e-07,1.0,2.0830200446832074e-09,1.0,4.544100160774683e-08,1.0,4.0288789999491514e-07,4.544100160774683e-08,1.02426332121064e-06,0.999904250993536,4.8140376096900086e-05,0.9999999999481898,6.975878297946412e-07,1.0,2.1857752000232092e-05,1.0,4.8140376096900086e-05,2.1857752000232092e-05
gRNA_11071,Setbp1,0.08334701983682251,2.0754372354304227,0.24243914678595396,0.013972733800182153,-0.12270725896222433,0.4584977753782315,0.08334701983682251,1392.3783702364813,0.6780674930832867,1.0698208681740966,0.8003775394719665,0.7266860068310801,0.9052952040070739,0.8360494223135007,0.8003775394719665,0.8663457166571071,0.8663457166571071,0.8663457166571071,0.0,0.0,0.0,-0.0876959877403786,-0.0876959877403786,-0.0876959877403786,0.6805690870330213,0.7394746470748139,0.5289662835928836,0.6603573986516975,0.44052509015958324,0.6099785013024,0.6603573986516975,10096,66.32329635499208,92.8189381933439,0.1683835182250396,31.626386687797147,Setbp1,SETBP1,I862T,I871T,targeting guide,Missense,9.99900009999001e-05,1.0,0.0005295245123374991,1.0,9.999000099989996e-05,1.0,0.0005295245123374983,1.0,0.0005295245123374991,0.0005295245123374983,7.333908339027855e-06,0.9999999693585933,6.210469152878943e-05,0.9999999999939124,6.364386481474445e-07,0.9999993840832395,5.438657538714526e-06,1.0,6.210469152878943e-05,5.438657538714526e-06,0.00024146635415292833,0.9999981501543717,0.0012970192737357293,1.0,2.906288132694353e-05,0.9999712991619947,0.00016070063792545246,1.0,0.0012970192737357293,0.00016070063792545246,0.005309669808286413,0.9955240354840609,0.025271339847034065,0.9999999999481898,0.00372227020577601,0.9963880471892091,0.017278686387305925,1.0,0.025271339847034065,0.017278686387305925
gRNA_11223,Smad2,-0.26544063064305373,-0.3272717888029896,-0.9782291499926817,-0.4717388132139754,-1.0688030812257658,-0.6222966927756932,-0.4717388132139754,3561.5002259376415,-1.180966948752863,-0.8140731938856122,-0.4310626181958364,-0.3141104509937464,-0.9548378858662537,-0.7390102195388624,-0.8140731938856122,-0.17815823772521724,-0.17815823772521724,-0.17815823772521724,0.0,0.0,0.0,0.028473800094100388,0.028473800094100388,0.028473800094100388,-0.7003014760157295,-0.6052826370101789,-0.39368242734309034,-0.5180021472505362,-0.6759224279508744,-0.5786382231140819,-0.6052826370101789,27435,22.30362675414616,85.05194095133953,0.0,75.1922726444323,Smad2,SMAD2,Y279C,Y279C,targeting guide,Missense,0.3144685531446855,0.6856314368563143,0.532613405326134,1.0,0.3144685531446855,0.6856314368563143,0.532613405326134,1.0,0.532613405326134,0.532613405326134,0.9243063546642591,0.2792184214232125,0.9999999996046233,0.9999999999939124,0.8488781944591028,0.15128786288030172,1.0,0.7900588394860201,0.9999999996046233,0.7900588394860201,0.9075511392807272,0.4289964618341563,0.9999999999016121,1.0,0.7724869347558085,0.22769673036219723,0.9649670680006114,1.0,0.9999999999016121,0.9649670680006114,0.7592218002876137,0.5728600199623909,0.9276328010477378,0.9999999999481898,0.603211321507399,0.39703013650740115,0.8023828117397445,1.0,0.9276328010477378,0.8023828117397445
gRNA_11284,Smad4,1.1398413948487538,-0.2629838759425648,-0.5143745336484739,0.5839735237688515,-1.616377959008901,-0.13398428999646686,-0.2629838759425648,629.0103931314957,-0.9050577410240082,-0.5413752667817991,0.6788584356640642,0.06783931112438844,-0.8144958731254005,-0.30284622682855106,-0.5413752667817991,0.7086740447922133,0.7086740447922133,0.7086740447922133,0.0,0.0,0.0,0.4374698467987721,0.4374698467987721,0.4374698467987721,0.7142293581519968,-0.5428840208371444,0.3240872131344232,-0.16439083593604795,-1.1351698964430768,-0.1608256363859698,-0.16439083593604795,7447,69.3165032899154,99.39572982409024,0.0,30.159795890962805,Smad4,SMAD4,L532P,L533P,targeting guide,Missense,9.99900009999001e-05,1.0,0.0005295245123374991,1.0,9.999000099989996e-05,1.0,0.0005295245123374983,1.0,0.0005295245123374991,0.0005295245123374983,0.22661231748208602,0.6495069016101531,0.45361190956128467,0.9999999999939124,0.28246939301752927,0.7179678634782407,0.47841662961527476,1.0,0.45361190956128467,0.47841662961527476,0.10660294612480853,0.7136600067712453,0.2330389985053954,1.0,0.1484285419736467,0.8519169285726098,0.28767593702108846,1.0,0.2330389985053954,0.28767593702108846,0.09410450812402282,0.7656398298178914,0.23517996940434285,0.9999999999481898,0.12121842791220877,0.8790903126087654,0.2881151077313585,1.0,0.23517996940434285,0.2881151077313585
gRNA_11285,Smad4,-0.7636702346654939,-1.8745206176697373,0.6916741331550954,0.18651551994489762,-0.8797470002936238,-0.5279496399057724,-0.7636702346654939,689.0194306371442,-0.3038024330330112,0.5133055931166355,0.4687213212461069,-0.18596521862839227,-0.3994683333927315,0.018558185861721466,-0.18596521862839227,1.060695100867573,1.060695100867573,1.060695100867573,0.0,0.0,0.0,0.5308380038835898,0.5308380038835898,0.5308380038835898,0.053186435473568036,0.16670691889071163,0.28841067499559425,0.4227560508749495,0.29193605646074633,0.24459922733911393,0.28841067499559425,10061,82.83470827949509,97.6443693469834,0.1490905476592784,15.16747838187059,Smad4,SMAD4,L532P,L533P,targeting guide,Missense,9.99900009999001e-05,1.0,0.0005295245123374991,1.0,9.999000099989996e-05,1.0,0.0005295245123374983,1.0,0.0005295245123374991,0.0005295245123374983,0.07078079588834801,0.9675841943303951,0.17096790814908475,0.9999999999939124,0.04085975623251738,0.9592449758274746,0.09328182560366395,1.0,0.17096790814908475,0.09328182560366395,0.012660122486056757,0.9995873785424833,0.03661696965197954,1.0,0.0027692415130064906,0.997241701604362,0.009054215729482092,1.0,0.03661696965197954,0.009054215729482092,0.35242618801018294,0.4818217761808923,0.6106555147088883,0.9999999999481898,0.43197879326969113,0.5684426044406303,0.6656722388090323,1.0,0.6106555147088883,0.6656722388090323
gRNA_11305,Smad4,2.2738936788909383,-1.7507063801018394,1.1299398070796949,0.6493696808565781,1.38413118119593,0.7373255935842604,1.1299398070796949,812.2910076818798,1.9423473474589383,1.1798665417506575,1.7094625311627136,1.5770853697457738,1.3616864260374366,1.554089643231104,1.5770853697457738,1.1809037890869558,1.1809037890869558,1.1809037890869558,0.0,0.0,0.0,0.7470383890092037,0.7470383890092037,0.7470383890092037,0.587059396060497,1.2248045570300274,-0.20858732523125478,0.04777878617280815,-0.15218254024847191,0.29977457475672115,0.04777878617280815,12455,0.8350060216780409,96.86069851465275,0.0,96.0738659173023,Smad4,SMAD4,D492G,D493G,targeting guide,Missense,9.99900009999001e-05,1.0,0.0005295245123374991,1.0,9.999000099989996e-05,1.0,0.0005295245123374983,1.0,0.0005295245123374991,0.0005295245123374983,6.234268476507426e-08,0.9999999999239594,1.5627232981111948e-06,0.9999999999939124,3.5467790108434653e-09,0.9999999967940882,8.890592720514286e-08,1.0,1.5627232981111948e-06,8.890592720514286e-08,0.002495458306461594,0.9953104399303624,0.009876761297153255,1.0,0.001954075298768677,0.9981093561372134,0.00686665712464507,1.0,0.009876761297153255,0.00686665712464507,0.00012146533730736432,0.9145807627908714,0.0016171090101723678,0.9999999999481898,0.00039918285991768804,0.9996182363919257,0.003149244907137839,1.0,0.0016171090101723678,0.003149244907137839
gRNA_11315,Smad4,0.5667318467775101,-2.6509943073419318,-4.962393461340184,0.277142288221854,2.886736450724261,-0.7765554365916981,0.277142288221854,155.9270974544359,-2.172953470752004,-0.5314040783254244,-1.7440909930390336,-0.45231164050202094,-1.5000141145437673,-1.2801548594324503,-1.5000141145437673,1.2182163444220286,1.2182163444220286,1.2182163444220286,0.0,0.0,0.0,0.5165610855042656,0.5165610855042656,0.5165610855042656,-0.13219102224869636,-5.7566589310851235,-6.073727876285409,-2.381802337475878,0.11974369675844992,-2.8449272940673316,-2.381802337475878,1008,60.9126984126984,71.52777777777779,0.0,13.492063492063492,Smad4,SMAD4,K506E,K507E,targeting guide,Missense,9.99900009999001e-05,1.0,0.0005295245123374991,1.0,9.999000099989996e-05,1.0,0.0005295245123374983,1.0,0.0005295245123374991,0.0005295245123374983,0.9863296837354948,0.030760681272517073,0.9999999996046233,0.5246630663878483,0.9850405271391538,0.015010903122955388,1.0,0.23462962259135137,0.5246630663878483,0.23462962259135137,0.8014028626506574,0.0019395692789564438,0.9912088038047605,0.10418257841251756,0.9910416669446606,0.009077987658300769,1.0,0.17066616797605447,0.10418257841251756,0.17066616797605447,0.0023996667073577544,0.1134078211421489,0.01432182034867485,0.9999999999481898,0.16852584004107268,1.0,0.3520317547524629,1.0,0.01432182034867485,0.3520317547524629
gRNA_11324,Smad4,0.6710324768695446,0.8246986770195492,-1.4733198439731123,0.2576659475123314,0.616825682444744,0.17938058797461137,0.616825682444744,1419.852387407742,-0.4256387859607559,0.14732463451840208,-0.03256436855015101,-0.26935820803907895,-0.09599626712946785,-0.1352465990322103,-0.09599626712946785,0.34140744644557114,0.34140744644557114,0.34140744644557114,0.0,0.0,0.0,0.5317410727580913,0.5317410727580913,0.5317410727580913,0.508327720001121,0.9075577867785944,-0.13227310356031283,0.6409896599492642,-0.7056475365427725,0.24379090532517883,0.508327720001121,11240,60.5693950177936,93.79893238434164,0.0,36.05871886120997,Smad4,SMAD4,Y352C,Y353C,targeting guide,Missense,0.0230976902309769,0.977002299770023,0.07237276272372763,1.0,0.023097690230976922,0.977002299770023,0.07237276272372768,1.0,0.07237276272372763,0.07237276272372768,0.25129675620570335,0.9502201507421025,0.489572955095049,0.9999999999939124,0.12166740845953272,0.8784750215460893,0.2459513203267973,1.0,0.489572955095049,0.2459513203267973,0.005531512325479702,0.9681149228758028,0.018570077092681856,1.0,0.005382519452097876,0.9946622178700678,0.01619061851191041,1.0,0.018570077092681856,0.01619061851191041,0.020095664538959696,0.9259523401399562,0.07481158283810738,0.9999999999481898,0.017642695956837307,0.9824247782795713,0.06199676336234418,1.0,0.07481158283810738,0.06199676336234418
gRNA_11607,Smo,1.0506796556377491,-1.25002616094858,2.140167017430629,0.6084436948473757,1.648032016372722,0.8394592446679792,1.0506796556377491,1690.9775568609732,0.39134930050183203,0.9928999174208758,0.8565049675932048,0.7624289582016623,0.6430991537231359,0.7292564594881422,0.7624289582016623,0.7906972363322583,0.7906972363322583,0.7906972363322583,0.0,0.0,0.0,0.47112425182463435,0.47112425182463435,0.47112425182463435,0.6751637074059361,0.4311024565263073,0.6848206287454821,0.5188851762928562,0.62296584885181,0.5865875635644784,0.62296584885181,16325,80.7166921898928,95.5405819295559,2.768759571209801,12.398162327718223,Smo,SMO,I160V,I156V,targeting guide,Missense,9.99900009999001e-05,1.0,0.0005295245123374991,1.0,9.999000099989996e-05,1.0,0.0005295245123374983,1.0,0.0005295245123374991,0.0005295245123374983,2.379005489949316e-05,0.9999995693074228,0.00016564927115202642,0.9999999999939124,2.716696367183029e-06,0.999997356871806,1.9510401432348362e-05,1.0,0.00016564927115202642,1.9510401432348362e-05,0.0003300066008088229,0.9999973864273335,0.0016767902960015868,1.0,4.087843834791695e-05,0.9999595862121339,0.00022275786693937353,1.0,0.0016767902960015868,0.00022275786693937353,7.68197564569047e-05,0.968157577125776,0.0011249007632635555,0.9999999999481898,0.0001658817893364074,0.9998424428015152,0.001685717642986194,1.0,0.0011249007632635555,0.001685717642986194
gRNA_11608,Smo,0.3694204953206413,0.9539068139265543,-0.9364635604017263,0.7485357199376187,1.1537826139599099,0.4578364165485995,0.7485357199376187,1350.5648441030276,0.9576403195562344,0.9607923860081096,-0.013262520795335048,1.2005668852121343,1.3718329822811643,0.8955140104524615,0.9607923860081096,0.8075247729341782,0.8075247729341782,0.8075247729341782,0.0,0.0,0.0,0.31771614953049393,0.31771614953049393,0.31771614953049393,0.3125514216599873,-0.027264876886981794,0.348774096744488,0.416885247768413,0.27348147535669204,0.2648854729285197,0.3125514216599873,16405,59.67083206339531,90.84425480036576,0.0,33.41054556537641,Smo,SMO,I160V,I156V,targeting guide,Missense,9.99900009999001e-05,1.0,0.0005295245123374991,1.0,9.999000099989996e-05,1.0,0.0005295245123374983,1.0,0.0005295245123374991,0.0005295245123374983,7.55500504280795e-06,0.9999881750913445,6.210469152878943e-05,0.9999999999939124,1.448103404747162e-06,0.9999986127002771,1.0889737603698658e-05,1.0,6.210469152878943e-05,1.0889737603698658e-05,0.010529205792980879,0.9995681431821205,0.03132675911089196,1.0,0.0023543864256240204,0.9976555762399926,0.00797521888319488,1.0,0.03132675911089196,0.00797521888319488,0.00507859388380528,0.9836595799245957,0.02505258058648026,0.9999999999481898,0.0032453380851883724,0.9967759307104889,0.015644193846549078,1.0,0.02505258058648026,0.015644193846549078
gRNA_11670,Socs1,1.4313386923339457,0.7282587958187263,0.6405937120178253,0.8109370520198786,-0.14198389560272112,0.6938288713175309,0.7282587958187263,863.3830396143998,0.7204875214757034,0.31469193171867377,0.26431334481657415,0.1983458018133179,0.8900506518764544,0.47757785034014477,0.31469193171867377,0.5303683548048045,0.5303683548048045,0.5303683548048045,0.0,0.0,0.0,0.8520564150255381,0.8520564150255381,0.8520564150255381,0.3947370211248477,0.3456300355554137,0.08394718148984143,0.286762717475118,-0.6611689278803701,0.08998160555297012,0.286762717475118,5817,0.842358604091456,46.381296200790786,0.0,96.26955475330928,Socs1,SOCS1,F102S,F101S,targeting guide,Missense,0.009499050094990498,0.9906009399060094,0.03720461287204612,1.0,0.009499050094990488,0.9906009399060094,0.03720461287204608,1.0,0.03720461287204612,0.03720461287204608,0.0007593728587797783,0.9999620931666396,0.0033990975583475793,0.9999999999939124,0.00014551238141885994,0.9998562549353571,0.0006754648816480412,1.0,0.0033990975583475793,0.0006754648816480412,0.03379651762194063,0.9756736644178219,0.08277574227164158,1.0,0.01786888920635918,0.9821849205112284,0.04420198908941481,1.0,0.08277574227164158,0.04420198908941481,0.0012325600875532528,0.9997474363691448,0.008765355937562435,0.9999999999481898,0.00031790339897592323,0.9996856127272558,0.002855374044053333,1.0,0.008765355937562435,0.002855374044053333
gRNA_11798,Sox9,-0.17663937540103272,-1.906636219730134,-1.9205055814445673,-0.29632827540111156,1.0486870951404867,-0.6502844713672719,-0.29632827540111156,971.592107245067,-0.8648999954247415,-0.2527817694606741,0.0150944317270084,-0.038679408821060086,-0.020299020000986268,-0.2323131523960907,-0.038679408821060086,0.19588632794883995,0.19588632794883995,0.19588632794883995,0.0,0.0,0.0,-0.021693276779512185,-0.021693276779512185,-0.021693276779512185,0.4285021294675869,-0.3523869720277923,0.24636033884808273,0.7681081345280077,0.4446334105824097,0.307043408279659,0.4285021294675869,6379,77.72378115692115,86.78476250195956,0.0470293149396457,20.11287035585515,Sox9,SOX9,M109T,M109T,targeting guide,Missense,0.04389561043895609,0.9562043795620438,0.12135845239005506,1.0,0.04389561043895611,0.9562043795620438,0.12135845239005512,1.0,0.12135845239005506,0.12135845239005512,0.32015593523082797,0.8698363676701576,0.57597431409948,0.9999999999939124,0.1988718995400155,0.8013264879652581,0.3594992030146434,1.0,0.57597431409948,0.3594992030146434,0.004846526524044193,0.9980288683725613,0.017030784794772116,1.0,0.0016866410315216564,0.9983244173862675,0.006039781217639456,1.0,0.017030784794772116,0.006039781217639456,0.2989362251820309,0.3039007736921981,0.5527772155969921,0.9999999999481898,0.5125194930179024,0.4881010595055191,0.7326804202678916,1.0,0.5527772155969921,0.7326804202678916
gRNA_12024,Stat3,-0.7506504797540274,-0.23332412147335155,2.30419789705792,0.4431455881619145,-0.12592538687966173,0.32748869942255887,-0.12592538687966173,1664.106040066275,0.8518153234810713,0.3829743206216887,-0.25037541320831225,0.24581961495660393,1.026410486543783,0.451328866478967,0.3829743206216887,0.13030948093719902,0.13030948093719902,0.13030948093719902,0.0,0.0,0.0,0.7939865629388596,0.7939865629388596,0.7939865629388596,0.133420073057734,0.7554894828983191,0.8286721704389338,0.10564517787565315,0.3811025622094263,0.4408658932960132,0.3811025622094263,8324,83.62566074002883,94.83421432003844,0.2642960115329169,11.376741950985105,Stat3,STAT3,H410R,H410R,targeting guide,Missense,0.08849115088491148,0.9116088391160884,0.21889916271530738,1.0,0.0884911508849115,0.9116088391160884,0.2188991627153074,1.0,0.21889916271530738,0.2188991627153074,0.0007232530603639885,0.9992493734643177,0.0032764235023718035,0.9999999999939124,0.00028004165565290574,0.9997245585017992,0.0012102949715573858,1.0,0.0032764235023718035,0.0012102949715573858,0.0014626409985001613,0.999896920370813,0.00617924736445012,1.0,0.00031557666419061454,0.9996874800760525,0.0013959626557137773,1.0,0.00617924736445012,0.0013959626557137773,0.011097811621121955,0.9588353143388039,0.04585469417078961,0.9999999999481898,0.015744433209898604,0.98464854980106,0.05692218160501803,1.0,0.04585469417078961,0.05692218160501803
gRNA_12026,Stat3,0.5855250288705139,-0.3823158826498883,-0.33483997868654575,0.41804366370278595,0.06931804334028693,0.07114617491543056,0.06931804334028693,1206.2057538785962,0.17144696387156533,-0.14398289570775002,0.09344357952698905,-0.1677767339993447,-0.3692676869113067,-0.08322735464396941,-0.14398289570775002,0.24389518342588318,0.24389518342588318,0.24389518342588318,0.0,0.0,0.0,0.282737901473053,0.282737901473053,0.282737901473053,0.6394741806116384,0.30878072648443994,-0.6789682240147249,-0.04260864950388428,-0.8225109413843877,-0.11916658156138368,-0.04260864950388428,8050,86.0,97.85093167701864,0.0869565217391304,11.875776397515528,Stat3,STAT3,H410R,H410R,targeting guide,Missense,0.03889611038896109,0.9612038796120388,0.11079498110794977,1.0,0.038896110388961076,0.9612038796120388,0.11079498110794973,1.0,0.11079498110794977,0.11079498110794973,0.18325431770631775,0.9690176014654301,0.3785913376789861,0.9999999999939124,0.08134956478083077,0.918764067351453,0.17478535061481354,1.0,0.3785913376789861,0.17478535061481354,0.1090079182946001,0.7965494949790812,0.23691894380791698,1.0,0.12359493660710452,0.8766709878531249,0.24984782884016826,1.0,0.23691894380791698,0.24984782884016826,0.09444727494695684,0.9827763366734616,0.23517996940434285,0.9999999999481898,0.03992649310312842,0.960152856508075,0.12258671775189321,1.0,0.23517996940434285,0.12258671775189321
gRNA_12164,Syk,1.775366239602953,0.9589398140723799,1.8609100606761804,1.517826472658941,1.1444487718897527,1.4514982717800413,1.517826472658941,1045.9406537129087,1.7188490277194803,1.9465355884610611,1.566283302753648,2.326437942808177,2.373498523349894,1.9863208770184524,1.9465355884610611,1.396156850396198,1.396156850396198,1.396156850396198,0.0,0.0,0.0,0.2327069817013919,0.2327069817013919,0.2327069817013919,1.569209266036983,0.7671603923306666,0.9748305647253626,1.5961083187498062,1.4728012974918028,1.276021967866924,1.4728012974918028,19167,0.0886941096676579,72.93786195022696,1.1999791307977252,97.79308185944592,Syk,SYK,N451S,N457S,targeting guide,Missense,9.99900009999001e-05,1.0,0.0005295245123374991,1.0,9.999000099989996e-05,1.0,0.0005295245123374983,1.0,0.0005295245123374991,0.0005295245123374983,9.064792659242745e-09,0.9999999999923378,9.684337681286012e-07,0.9999999999939124,4.509916107757872e-10,0.9999999996155784,4.899807242252183e-08,1.0,9.684337681286012e-07,4.899807242252183e-08,1.5725438796940877e-09,0.9999999998887672,4.548280759730592e-08,1.0,1.0371065321865057e-10,0.9999999999287282,3.54501869183751e-09,1.0,4.548280759730592e-08,3.54501869183751e-09,1.2897893966182155e-06,0.9999999845339733,4.84960813128449e-05,0.9999999999481898,1.1404060249888877e-07,0.9999998926597152,5.359908317447772e-06,1.0,4.84960813128449e-05,5.359908317447772e-06
gRNA_12197,Tbl1xr1,-1.3703698126797488,-1.334140536196969,-0.993131412955147,0.23553132211361136,0.23774451300623445,-0.6448731853424038,-0.993131412955147,2389.5164934478084,-0.24919856366706428,-0.2468013754487303,0.1782907317709985,-0.6978910715795399,-0.6197917236493632,-0.3270784005147398,-0.24919856366706428,-0.2404125146417203,-0.2404125146417203,-0.2404125146417203,0.0,0.0,0.0,-0.3177658443054228,-0.3177658443054228,-0.3177658443054228,0.5341189619722937,-0.0839520023115112,0.1550366848485617,0.3707291479287662,0.7567146463127667,0.3465294877501754,0.3707291479287662,16160,22.74133663366337,58.58292079207921,0.5198019801980198,65.0,Tbl1xr1,TBL1XR1,D370G,D370G,targeting guide,Missense,0.40895910408959113,0.5911408859114089,0.630199275154452,1.0,0.408959104089591,0.5911408859114089,0.6301992751544517,1.0,0.630199275154452,0.6301992751544517,0.473270905357677,0.7818975610802898,0.7670252604072696,0.9999999999939124,0.3344502468091176,0.6657990743748912,0.546753446957514,1.0,0.7670252604072696,0.546753446957514,0.004804224640652988,0.999540865423995,0.017030784794772116,1.0,0.0012184821445662254,0.9987891944340928,0.004536131548088126,1.0,0.017030784794772116,0.004536131548088126,0.5568639844906024,0.4163983074933741,0.784227682618784,0.9999999999481898,0.5863758745110739,0.41395539985191376,0.7902413219217339,1.0,0.784227682618784,0.7902413219217339
gRNA_12271,Tcf3,1.5178107426580771,1.0425286835606011,0.4486239188299552,0.2715351454909976,0.6969023910545402,0.7954801763188343,0.6969023910545402,2148.877843048652,0.9731439649757826,0.6867821636666096,0.2525625776881016,0.5854009367463713,1.0893251554649919,0.7174429597083714,0.6867821636666096,0.8520777971693441,0.8520777971693441,0.8520777971693441,0.0,0.0,0.0,0.22606976124967845,0.22606976124967845,0.22606976124967845,0.22184144021590912,0.7765792628742761,0.42686102947392,1.0634720359689906,0.7702161574428974,0.6517939851951986,0.7702161574428974,27698,77.10303993068092,92.59152285363564,0.6498664163477507,17.459744385876235,Tcf3,TCF3,Y187C,Y185C,targeting guide,Missense,9.99900009999001e-05,1.0,0.0005295245123374991,1.0,9.999000099989996e-05,1.0,0.0005295245123374983,1.0,0.0005295245123374991,0.0005295245123374983,3.790553013027193e-05,0.999998275317434,0.00024573240222383185,0.9999999999939124,5.221175686661717e-06,0.9999949179417628,3.3891727441282766e-05,1.0,0.00024573240222383185,3.3891727441282766e-05,4.3232521769782845e-05,0.999995402129015,0.00028026600319721294,1.0,7.638944999058249e-06,0.9999926675963521,5.523544845472887e-05,1.0,0.00028026600319721294,5.523544845472887e-05,0.000610068652694599,0.9999556116645422,0.005292854993431832,0.9999999999481898,0.00012498895286193994,0.9998768299558394,0.0013427384650311262,1.0,0.005292854993431832,0.0013427384650311262
gRNA_12272,Tcf3,0.5756827251280046,1.4860100392289355,0.6824703208205832,0.7152760855174599,0.5693806786732057,0.8057639698736379,0.6824703208205832,1829.9141436963398,0.9014874439877832,0.4903244360959288,0.6193079490566104,0.8642156123313741,1.2336830832644905,0.8218037049472375,0.8642156123313741,0.6374154989842801,0.6374154989842801,0.6374154989842801,0.0,0.0,0.0,0.45454250657927664,0.45454250657927664,0.45454250657927664,0.8866657601179605,1.0351309506666329,0.8178852538892181,0.6415287934910648,0.43958122206921374,0.764158396046818,0.8178852538892181,18220,67.21734357848518,93.15587266739848,0.1207464324917673,27.497255762897915,Tcf3,TCF3,Y187C,Y185C,targeting guide,Missense,0.009499050094990498,0.9906009399060094,0.03720461287204612,1.0,0.009499050094990488,0.9906009399060094,0.03720461287204608,1.0,0.03720461287204612,0.03720461287204608,1.2744337923567192e-05,0.9999998540716016,9.583742118522528e-05,0.9999999999939124,1.3073970026072207e-06,0.9999987328219754,1.0032270877149285e-05,1.0,9.583742118522528e-05,1.0032270877149285e-05,1.1248153355229226e-05,0.9999997717023562,9.835594561781835e-05,1.0,1.2796524272950192e-06,0.9999987700602517,1.202873281657318e-05,1.0,9.835594561781835e-05,1.202873281657318e-05,0.000608450174124407,0.9999833025425545,0.005292854993431832,0.9999999999481898,0.00010296394702587647,0.9998983952200902,0.0012098263775540486,1.0,0.005292854993431832,0.0012098263775540486
gRNA_12386,Tet2,-0.6949155471903786,-1.294752761495108,-1.7288912994722743,0.008436087190709641,-1.4696248279029314,-1.0359496697739965,-1.294752761495108,4081.096550685344,-1.2640569098400336,-0.6091228269691804,-0.39763531979737143,-0.20005010728677095,-1.4728418858462806,-0.7887414099479274,-0.6091228269691804,-0.10325916359924894,-0.10325916359924894,-0.10325916359924894,0.0,0.0,0.0,-0.378030157746997,-0.378030157746997,-0.378030157746997,-0.319372955166327,-0.7220361980288516,-0.17617965166372654,-0.4281664939229999,-0.39802449313878485,-0.4087559583841379,-0.39802449313878485,28017,26.89438555162937,57.65428132919299,0.0035692615197915,56.19445336759824,Tet2,TET2,S1820P,S1898P,targeting guide,Missense,0.25567443255674427,0.7444255574442555,0.4735644662134771,1.0,0.25567443255674427,0.7444255574442555,0.4735644662134771,1.0,0.4735644662134771,0.4735644662134771,0.8931220007706653,0.23001149436872045,0.9999999996046233,0.9999999999939124,0.8500228616457192,0.15016944129857385,1.0,0.7900588394860201,0.9999999996046233,0.7900588394860201,0.6970973925830081,0.6969614641559135,0.920444963109479,1.0,0.49927821030898845,0.5009593117350505,0.7137969850805309,1.0,0.920444963109479,0.7137969850805309,0.8977037756694235,0.18365648841233076,0.9937207278147113,0.9999999999481898,0.8807239340233021,0.11944479019801835,0.9635700099909593,1.0,0.9937207278147113,0.9635700099909593
gRNA_12523,Trp53,0.6199458305640604,0.2704474389726862,0.783193713288948,0.3526571099478513,0.09089238367666476,0.42342729529004214,0.3526571099478513,2341.557463473415,-0.5804942353135588,0.47238837678927115,0.665512261141541,0.4509008973830044,-0.4708960359245533,0.1074822528151409,0.4509008973830044,0.541102089385135,0.541102089385135,0.541102089385135,0.0,0.0,0.0,0.08330346465197198,0.08330346465197198,0.08330346465197198,0.2240237469025592,0.35620447206133266,0.6349851158173379,0.2603658925893139,-0.2843658136871843,0.23824268273667187,0.2603658925893139,32738,17.948561304905613,92.87677927790337,0.0244364347241737,77.42989797788503,Trp53,TP53,I192T,I195T,targeting guide,Missense,0.009499050094990498,0.9906009399060094,0.03720461287204612,1.0,0.009499050094990488,0.9906009399060094,0.03720461287204608,1.0,0.03720461287204612,0.03720461287204608,0.020902323166524205,0.9600280976229585,0.05778877581333162,0.9999999999939124,0.016890532020273148,0.9831826047997996,0.04379889682498416,1.0,0.05778877581333162,0.04379889682498416,0.012901047835853222,0.9978197904910562,0.03702896172733444,1.0,0.004084617491477345,0.9959333245748196,0.012798468139962348,1.0,0.03702896172733444,0.012798468139962348,0.013106119641498704,0.9993905936880039,0.05298818263659691,0.9999999999481898,0.003132781096983111,0.9968800862510653,0.015316689506700383,1.0,0.05298818263659691,0.015316689506700383
gRNA_12536,Trp53,0.19684326897345542,0.17253165346272561,0.3763036932409475,0.08773271404565906,-0.22144330538260912,0.12239360486803567,0.17253165346272561,1564.9344780840488,0.7009615453199693,1.0830298190091954,0.9350551480915359,0.7904977703439389,0.688334744558616,0.839575805464651,0.7904977703439389,0.4308827038929483,0.4308827038929483,0.4308827038929483,0.0,0.0,0.0,0.5628781249916528,0.5628781249916528,0.5628781249916528,0.606708140751753,1.415383439741036,0.4785435289168934,0.5873256326057334,0.8532460837469642,0.7882413651524761,0.606708140751753,18603,0.0268773853679514,95.40396710208032,0.0,96.30704725044347,Trp53,TP53,N236S,N239S,targeting guide,Missense,0.013298670132986705,0.9868013198680132,0.045047747477504514,1.0,0.013298670132986684,0.9868013198680132,0.04504774747750444,1.0,0.045047747477504514,0.04504774747750444,6.351337289483629e-06,0.999999972713831,5.685959097252011e-05,0.9999999999939124,5.483658767386526e-07,0.9999994701360615,5.154639241343335e-06,1.0,5.685959097252011e-05,5.154639241343335e-06,9.008623782553194e-06,0.9999994228331573,8.685237287794875e-05,1.0,1.4173907978419634e-06,0.9999987149369616,1.2998510731428737e-05,1.0,8.685237287794875e-05,1.2998510731428737e-05,0.08642405293704153,0.9929402122082962,0.22694830551663364,0.9999999999481898,0.028543871972376414,0.971511630039345,0.09332605097055245,1.0,0.22694830551663364,0.09332605097055245
gRNA_12548,Trp53,1.069042512193745,2.1258595595105936,-1.7849599371208347,0.7428878645514047,1.568397600349551,0.7442455198968918,1.069042512193745,735.6529597830998,0.9664132722164175,1.454304805337704,1.715974742888154,1.0895336370679,1.8588400499557238,1.4170133014931798,1.454304805337704,0.8144437340181534,0.8144437340181534,0.8144437340181534,0.0,0.0,0.0,-0.012416739382253664,-0.012416739382253664,-0.012416739382253664,0.5641402119438326,0.41208015331512415,0.0019084712760178816,0.382034703994504,-0.34536651402587604,0.2029594053007205,0.382034703994504,10442,32.445891591649115,98.4868799080636,0.0670369660984485,66.25167592415247,Trp53,TP53,H176R,H179R,targeting guide,Missense,9.99900009999001e-05,1.0,0.0005295245123374991,1.0,9.999000099989996e-05,1.0,0.0005295245123374983,1.0,0.0005295245123374991,0.0005295245123374983,8.847021938186469e-08,0.9999999998723054,2.0790501554738203e-06,0.9999999999939124,5.2191317140853176e-09,0.9999999952520615,1.2264959528100497e-07,1.0,2.0790501554738203e-06,1.2264959528100497e-07,0.01704606439832274,0.995745390477194,0.04747644602792111,1.0,0.006243028488834786,0.993782071769925,0.018338896185952185,1.0,0.04747644602792111,0.018338896185952185,7.778569107673523e-05,0.9063615725845441,0.0011249007632635555,0.9999999999481898,0.0002944110932281695,0.9997195140222276,0.0027674642763447933,1.0,0.0011249007632635555,0.0027674642763447933
gRNA_12556,Trp53,1.2065341941124053,1.7678572422400276,0.8800387346999499,1.50897663267082,1.9692572401602375,1.466532808776688,1.50897663267082,1230.9082693176683,2.081939209156857,1.187942253813371,1.3920420777443103,1.856278669747209,1.9790376271072994,1.6994479675138094,1.856278669747209,1.5393370831073705,1.5393370831073705,1.5393370831073705,0.0,0.0,0.0,0.593225743938065,0.593225743938065,0.593225743938065,1.6716308080769031,2.3487756823398747,1.5898895410874243,1.317225370566431,1.7341673459901372,1.7323377496121541,1.6716308080769031,30646,0.0032630685897017,64.63159955622267,0.0065261371794035,98.50225151732688,Trp53,TP53,L249P,L252P,targeting guide,Missense,9.99900009999001e-05,1.0,0.0005295245123374991,1.0,9.999000099989996e-05,1.0,0.0005295245123374983,1.0,0.0005295245123374991,0.0005295245123374983,4.0573137819421304e-08,0.9999999999522575,1.2712916516752054e-06,0.9999999999939124,2.2458423504980546e-09,0.9999999979925037,7.036972698227238e-08,1.0,1.2712916516752054e-06,7.036972698227238e-08,6.772571887662898e-12,0.9999999999999957,5.092974059522499e-10,1.0,2.5135440517186514e-13,1.0,1.890185126892426e-11,1.0,5.092974059522499e-10,1.890185126892426e-11,9.490841489363577e-07,0.9999999810955807,4.8140376096900086e-05,0.9999999999481898,8.815719346477038e-08,0.9999999179940152,5.359908317447772e-06,1.0,4.8140376096900086e-05,5.359908317447772e-06
gRNA_12558,Trp53,1.2571354580765943,0.7620704177827918,-0.3857213697019445,0.7078605564685098,0.6458552175157092,0.5974400560283322,0.7078605564685098,2796.5657478535923,1.8322588524848182,1.5695254523711193,1.707769924215439,1.826655997913561,2.349225614675995,1.8570871683321866,1.826655997913561,0.8760402759365189,0.8760402759365189,0.8760402759365189,0.0,0.0,0.0,0.0873646524732948,0.0873646524732948,0.0873646524732948,1.2649497837917896,2.3216448202562363,0.3946000668437749,1.2760372888950366,1.2057725926725416,1.2926009104918759,1.2649497837917896,44154,0.0860624179009829,76.94433120442089,1.3430266793495491,94.77510531322191,Trp53,TP53,K117R,K120R,targeting guide,Missense,9.99900009999001e-05,1.0,0.0005295245123374991,1.0,9.999000099989996e-05,1.0,0.0005295245123374983,1.0,0.0005295245123374991,0.0005295245123374983,1.2878108618731399e-08,0.9999999999892342,9.684337681286012e-07,0.9999999999939124,6.5157011200162e-10,0.9999999994365979,4.899807242252183e-08,1.0,9.684337681286012e-07,4.899807242252183e-08,1.063044856706667e-09,0.9999999817556615,3.3824013630811085e-08,1.0,1.3865659222240256e-10,1.0,4.344573222968614e-09,1.0,3.3824013630811085e-08,4.344573222968614e-09,0.002229070994158291,0.9990821143199847,0.013518236996830926,0.9999999999481898,0.0006949106653529622,0.9993109525996462,0.004428583223266335,1.0,0.013518236996830926,0.004428583223266335
gRNA_12567,Trp53,-0.46515096050708843,-0.7143140236357223,0.7015273256176479,-0.7562649531392118,-1.4431041381057057,-0.5354613499540161,-0.7143140236357223,1677.4815484259677,-1.6934162020496,-0.1808270436933171,0.17334473275102733,-0.6435976091746104,-1.3541821085050787,-0.7397356461343157,-0.6435976091746104,0.5219073363719526,0.5219073363719526,0.5219073363719526,0.0,0.0,0.0,0.2771639563083551,0.2771639563083551,0.2771639563083551,0.49733193696084305,-1.0375558906545992,-0.3660132574137065,-0.47894749174722145,-0.6592926430827042,-0.40889546918747766,-0.47894749174722145,15641,29.761524199219995,58.174029793491464,0.0,44.383351448117125,Trp53,TP53,Non-coding,,targeting guide,Intron,0.009499050094990498,0.9906009399060094,0.03720461287204612,1.0,0.009499050094990488,0.9906009399060094,0.03720461287204608,1.0,0.03720461287204612,0.03720461287204608,0.6775178857751163,0.24235967134446773,0.9999999996046233,0.9999999999939124,0.7447581091891452,0.2555626415857775,0.989972867837791,1.0,0.9999999996046233,0.989972867837791,0.4707867662021725,0.5168252340178142,0.7009350648202144,1.0,0.49630601849713907,0.5040790478915567,0.7122559654768102,1.0,0.7009350648202144,0.7122559654768102,0.4689991579038645,0.5599486685388161,0.7286929064952605,0.9999999999481898,0.47001614967559147,0.5303515390044782,0.7012939376112,1.0,0.7286929064952605,0.7012939376112
gRNA_12579,Trp53,0.8844580497497259,-1.9836784847786137,0.0414086168034239,0.172772886454703,-1.1016130197180498,-0.3973303902977621,0.0414086168034239,820.9670131043831,0.17782786943249243,0.8068031766994762,0.6677651875786988,0.48646068756326316,0.24383312835373053,0.47653800992553225,0.48646068756326316,0.08785757888132015,0.08785757888132015,0.08785757888132015,0.0,0.0,0.0,-0.2818194623841111,-0.2818194623841111,-0.2818194623841111,-0.22488944593913363,0.1696119589540945,1.0337446280160991,0.5857473506678482,-0.3114459339523874,0.25055371154930417,0.1696119589540945,5771,88.13030670594351,98.73505458326112,0.2079362328885808,10.466123722058567,Trp53,TP53,M243T,M246T,targeting guide,Missense,0.11258874112588739,0.8875112488751125,0.2613170781687263,1.0,0.11258874112588735,0.8875112488751125,0.2613170781687262,1.0,0.2613170781687263,0.2613170781687262,0.0008696099186499122,0.9999666586658094,0.003795957276867481,0.9999999999939124,0.00015560668945939805,0.9998460176702944,0.0007135136004479715,1.0,0.003795957276867481,0.0007135136004479715,0.0045815257745177775,0.9917699233171662,0.0165522006422563,1.0,0.003411797639469629,0.9966441182914895,0.010964409508039149,1.0,0.0165522006422563,0.010964409508039149,0.19774472006001337,0.5138924019524991,0.4040870366443752,0.9999999999481898,0.2941419596988557,0.7063084517060283,0.5216857398432535,1.0,0.4040870366443752,0.5216857398432535
gRNA_12580,Trp53,2.4467069454403636,0.9709434809560784,-0.6990132714825541,0.6741002239135068,0.2616734014159042,0.7308821560486598,0.6741002239135068,1157.8852236782648,0.3559616161829401,0.535836263856555,1.1692832920221066,0.5433868376884435,0.2983720733271534,0.5805680166154397,0.535836263856555,1.0417650321359542,1.0417650321359542,1.0417650321359542,0.0,0.0,0.0,0.6375297046557977,0.6375297046557977,0.6375297046557977,0.901480749742713,1.0225935913499922,1.6105384277800394,0.7504407554009875,0.33180222266387416,0.9233711493875212,0.901480749742713,16246,86.5443801551151,99.02745291148592,0.0492428905576757,12.526160285608764,Trp53,TP53,M243T,M246T,targeting guide,Missense,9.99900009999001e-05,1.0,0.0005295245123374991,1.0,9.999000099989996e-05,1.0,0.0005295245123374983,1.0,0.0005295245123374991,0.0005295245123374983,0.0004005613363532847,0.9999879933648137,0.0019309110572927571,0.9999999999939124,6.631981123524662e-05,0.9999346840094532,0.00032810853979543065,1.0,0.0019309110572927571,0.00032810853979543065,8.335631424495738e-07,0.9999997899359473,1.0807577295208267e-05,1.0,1.1774487770402414e-07,0.9999998967966492,1.5266232419556235e-06,1.0,1.0807577295208267e-05,1.5266232419556235e-06,0.0007744927003854826,0.9935716866151512,0.006330635985759597,0.9999999999481898,0.0006791026067925574,0.9993458072004158,0.004402458278517269,1.0,0.006330635985759597,0.004402458278517269
gRNA_12583,Trp53,0.27926557604153196,-1.6900266495552527,-0.7652648910684009,-0.016784642778912888,0.625927836197484,-0.3133765542327101,-0.016784642778912888,3629.221268263293,-0.4442092436614671,-0.11206946591805748,-0.21161256640038814,0.13120812884772998,0.24737586534416972,-0.07786145635760261,-0.11206946591805748,-0.24537493698010002,-0.24537493698010002,-0.24537493698010002,0.0,0.0,0.0,-0.6397927559540675,-0.6397927559540675,-0.6397927559540675,-0.11764856363801258,0.15116609705039707,-0.6995360296322161,-0.17482538665966918,-0.13700319877598127,-0.19556941633109642,-0.13700319877598127,27271,55.714861941256274,67.32059697114151,0.7333797807194455,18.429833889479667,Trp53,TP53,L254P,L257P,targeting guide,Missense,0.413258674132587,0.5868413158684134,0.6316474043652549,1.0,0.41325867413258677,0.5868413158684131,0.6316474043652546,1.0,0.6316474043652549,0.6316474043652546,0.16964378257544005,0.9635598647281888,0.3563467164713154,0.9999999999939124,0.08053812545065492,0.919580813437579,0.17403640901980605,1.0,0.3563467164713154,0.17403640901980605,0.3162914642360761,0.8853461481239179,0.558336105881524,1.0,0.1901875603831516,0.8100053687523852,0.3471384597284709,1.0,0.558336105881524,0.3471384597284709,0.22163398535743722,0.6947333685668049,0.4386019920757705,0.9999999999481898,0.22874907429660835,0.771557118625266,0.4437345424025661,1.0,0.4386019920757705,0.4437345424025661
gRNA_12592,Trp53,1.412545337614701,0.4833031504345936,0.3491492186739522,0.04839723668783743,-0.151067945059332,0.4284653996703504,0.3491492186739522,1085.5851784907366,-1.3875203283166466,-0.5168369366745637,-0.10419869341902868,-0.43383883253070654,-1.0986747641789851,-0.7082139110239861,-0.5168369366745637,0.7121597833832995,0.7121597833832995,0.7121597833832995,0.0,0.0,0.0,-0.12059877808097393,-0.12059877808097393,-0.12059877808097393,0.7300836428413547,0.10579933494865415,-0.3730128679823923,0.612902802175231,0.8081321505050011,0.37678101249756973,0.612902802175231,9612,0.1248439450686641,19.870994590095712,0.1456512692467748,93.6849771119434,Trp53,TP53,D278G,D281G,targeting guide,Missense,9.99900009999001e-05,1.0,0.0005295245123374991,1.0,9.999000099989996e-05,1.0,0.0005295245123374983,1.0,0.0005295245123374991,0.0005295245123374983,0.8491732274013098,0.3046636737230819,0.9999999996046233,0.9999999999939124,0.7906407729717109,0.20958099963393362,1.0,0.9241097760182116,0.9999999996046233,0.9241097760182116,0.0024215028301681862,0.9977548018885322,0.009686011320672745,1.0,0.0009926140564716166,0.999016212306714,0.0037699281336699784,1.0,0.009686011320672745,0.0037699281336699784,0.00979472163889643,0.9979481480469601,0.04233121076120756,0.9999999999481898,0.003623093650143432,0.996403037514863,0.01702854015567413,1.0,0.04233121076120756,0.01702854015567413
gRNA_12597,Trp53,0.3885998730870668,0.9605859597075952,0.765012373979912,0.5843477024192107,-0.37850276901972424,0.464008628034812,0.5843477024192107,1486.6094291308932,-0.004571795483421648,0.7020834190721988,-0.1349688520931595,0.6518975978874086,-0.11841794736565699,0.21920448440347387,-0.004571795483421648,0.44911910424866974,0.44911910424866974,0.44911910424866974,0.0,0.0,0.0,0.6897896856673794,0.6897896856673794,0.6897896856673794,0.7419083788812884,-0.20352312711424891,0.02644714961291847,0.30533696220221274,0.011023811140293407,0.17623863494449282,0.02644714961291847,13496,5.949911084765856,25.103734439834025,0.0074096028452874,91.04919976289273,Trp53,TP53,Non-coding,,targeting guide,Intron,0.013298670132986705,0.9868013198680132,0.045047747477504514,1.0,0.013298670132986684,0.9868013198680132,0.04504774747750444,1.0,0.045047747477504514,0.04504774747750444,0.012500823310006742,0.9961677067252953,0.03557926298389072,0.9999999999939124,0.0051680176735678825,0.9948605573433479,0.014833394238637587,1.0,0.03557926298389072,0.014833394238637587,0.021953866669104684,0.9964292138366558,0.05894959328234184,1.0,0.007849034211717934,0.9921836651037728,0.02235785502731775,1.0,0.05894959328234184,0.02235785502731775,0.007239056690788852,0.9984319728501505,0.033193723362641564,0.9999999999481898,0.0022573819712822956,0.9977547862523976,0.011469940827055988,1.0,0.033193723362641564,0.011469940827055988
gRNA_12601,Trp53,1.0353718978167978,-0.7136575711023022,1.04595418971555,0.3331825684405143,1.2674723569423407,0.5936646883625801,1.0353718978167978,1345.383340864588,0.21439862665016587,0.6372715066594593,0.7868975879051252,0.8255788190652044,1.0330078886491916,0.6994308857858292,0.7868975879051252,0.7659692595884665,0.7659692595884665,0.7659692595884665,0.0,0.0,0.0,0.25143635133465,0.25143635133465,0.25143635133465,0.7417039224132091,0.28177157946468684,1.2973827186959657,0.6967407079684174,1.4730600951961519,0.8981318047476862,0.7417039224132091,18111,3.3570758102810445,86.90850864115731,0.0,88.46005190215891,Trp53,TP53,I248T,I251T,targeting guide,Missense,9.99900009999001e-05,1.0,0.0005295245123374991,1.0,9.999000099989996e-05,1.0,0.0005295245123374983,1.0,0.0005295245123374991,0.0005295245123374983,3.8687665133531244e-05,0.9999981472449834,0.0002465518998340296,0.9999999999939124,5.227979232963831e-06,0.9999949026352521,3.3891727441282766e-05,1.0,0.0002465518998340296,3.3891727441282766e-05,1.0860377087605556e-06,0.9999993973402086,1.361167261646563e-05,1.0,1.9672810788888183e-07,0.9999998307593685,2.4656589522073186e-06,1.0,1.361167261646563e-05,2.4656589522073186e-06,0.002004429535100752,0.9942516543325032,0.012561091753298047,0.9999999999481898,0.0010890482982326584,0.9989213827327499,0.006299725540545839,1.0,0.012561091753298047,0.006299725540545839
gRNA_12602,Trp53,-0.4618920831412562,1.3341543357908574,0.09366522923155055,-0.12288381033078007,0.5552122885751672,0.2796511920251078,0.09366522923155055,3682.9643018526885,-1.1034403832341908,-0.8306673543312034,-0.37229438042160035,-0.49113823836856746,-1.7506049778984472,-0.9096290668508018,-0.8306673543312034,0.17922768926715252,0.17922768926715252,0.17922768926715252,0.0,0.0,0.0,-0.16850120913344327,-0.16850120913344327,-0.16850120913344327,0.11331505459886532,0.6784721450916256,0.2184374605823214,0.41241353415389215,0.21206319592032025,0.32694027806940495,0.2184374605823214,36278,1.8247973978719887,31.476376867523015,0.0496168476762776,93.4450631236562,Trp53,TP53,L262P,L265P,targeting guide,Missense,0.05249475052494749,0.9476052394760524,0.14098590140985898,1.0,0.05249475052494747,0.9476052394760524,0.14098590140985892,1.0,0.14098590140985898,0.14098590140985892,0.9553907173050371,0.15243240414863107,0.9999999996046233,0.9999999999939124,0.9199365072659155,0.08019462885420181,1.0,0.5583922305403681,0.9999999996046233,0.5583922305403681,0.005948364023529302,0.999784543792155,0.019476129589011335,1.0,0.0012578909836615099,0.9987489943779642,0.0046369314691836055,1.0,0.019476129589011335,0.0046369314691836055,0.02455162539104186,0.9888362101501255,0.08962535094205572,0.9999999999481898,0.012774586091369937,0.9872896738535547,0.04803244370355096,1.0,0.08962535094205572,0.04803244370355096
gRNA_12604,Trp53,0.6046304841101013,1.1437524233874157,-0.4816674310420596,1.0166757836013287,-0.12452414087187852,0.4317734238369814,0.6046304841101013,1081.97017623136,0.006334158488301733,0.29766411765102624,0.6135705911018138,0.5282949284076418,-0.07958305490130804,0.27325614814949506,0.29766411765102624,0.719468754543288,0.719468754543288,0.719468754543288,0.0,0.0,0.0,0.6025549285979809,0.6025549285979809,0.6025549285979809,0.7887965899189414,0.9207771512505123,-0.18317062264977818,0.8972110753912725,0.9368842623159168,0.6720996912453729,0.8972110753912725,13408,51.954057279236274,95.44301909307876,6.428997613365155,36.92571599045346,Trp53,TP53,R277G,R280G,targeting guide,Missense,9.99900009999001e-05,1.0,0.0005295245123374991,1.0,9.999000099989996e-05,1.0,0.0005295245123374983,1.0,0.0005295245123374991,0.0005295245123374983,0.008988062702513008,0.9990783768004934,0.027929847736734636,0.9999999999939124,0.0024956658472108273,0.9975169978342346,0.00788546519790984,1.0,0.027929847736734636,0.00788546519790984,2.480811953288323e-05,0.9998948609082229,0.00018668806158426038,1.0,6.891360180664572e-06,0.9999933376941779,5.288064138632406e-05,1.0,0.00018668806158426038,5.288064138632406e-05,0.009019427360087193,0.9940766919843574,0.03943377543479982,0.9999999999481898,0.004261036704630728,0.9957639833567842,0.019538412206599434,1.0,0.03943377543479982,0.019538412206599434
gRNA_12652,Trp53bp1,-0.4558661190192982,-0.3420509021886382,1.3595717668534877,0.4799046637930852,-0.5587723311034088,0.09655741566704552,-0.3420509021886382,3947.9439674649793,-0.9986101464523823,-0.45902470956053576,-0.32375936842256686,-0.7449772499200042,-0.8054785449132269,-0.6663700038537432,-0.7449772499200042,-0.1015138781247921,-0.1015138781247921,-0.1015138781247921,0.0,0.0,0.0,-0.7837951913514247,-0.7837951913514247,-0.7837951913514247,-0.00875729790290192,0.6877075781662209,0.20284839195344437,-0.211364604185718,0.10460309868798123,0.15500743334380532,0.10460309868798123,30979,79.20849607798831,90.13848090642048,3.269957067691017,10.49097775912715,Trp53bp1,TP53BP1,S890G,S900G,targeting guide,Missense,0.25567443255674427,0.7444255574442555,0.4735644662134771,1.0,0.25567443255674427,0.7444255574442555,0.4735644662134771,1.0,0.4735644662134771,0.4735644662134771,0.909384325252057,0.3680806312017101,0.9999999996046233,0.9999999999939124,0.8005150401997889,0.19966587414513692,1.0,0.8937424842687082,0.9999999996046233,0.8937424842687082,0.029354164196704915,0.9958274396909106,0.07559702560247293,1.0,0.010362193645969438,0.9896751004526309,0.02843930518893802,1.0,0.07559702560247293,0.02843930518893802,0.04954511493152327,0.9518547374003817,0.15269641978895696,0.9999999999481898,0.04029017957223512,0.959890766286171,0.12258671775189321,1.0,0.15269641978895696,0.12258671775189321
gRNA_12831,Tsc1,-0.817566741654338,-2.0785618155715584,-0.006198855133664093,0.45804055487479955,-0.6117122142580149,-0.6111998143485552,-0.6117122142580149,1725.320078325049,0.607053580325365,0.09631846578360635,0.3211806067150649,0.6773652819179954,0.9757237897703598,0.5355283449024782,0.607053580325365,0.28714373774039575,0.28714373774039575,0.28714373774039575,0.0,0.0,0.0,0.003325388774730426,0.003325388774730426,0.003325388774730426,-0.14373763909927822,-1.030691719720643,-0.2673866773945774,0.2532965752189091,-0.6488114139362494,-0.3674661749863678,-0.2673866773945774,6135,10.464547677261614,96.21841890790546,2.070089649551752,84.25427872860635,Tsc1,TSC1,S1035G,S1038G,targeting guide,Missense,0.0337966203379662,0.9663033696630337,0.10085340672281978,1.0,0.0337966203379662,0.9663033696630337,0.10085340672281978,1.0,0.10085340672281978,0.10085340672281978,0.00038556841944926366,0.9999730737711393,0.0019075490225384623,0.9999999999939124,7.259838849079644e-05,0.9999285005206867,0.0003499614624684547,1.0,0.0019075490225384623,0.0003499614624684547,0.45829977797907984,0.6191604930831144,0.6948415988715082,1.0,0.4137016116122487,0.5866146176607392,0.6222072238648221,1.0,0.6948415988715082,0.6222072238648221,0.4860214133853097,0.445746194586344,0.7403457962317364,0.9999999999481898,0.515128882227449,0.48525939003016416,0.7326804202678916,1.0,0.7403457962317364,0.7326804202678916
gRNA_13011,Vhl,-0.4173472946325503,-0.0283707920940642,1.3686443500666539,0.06660907756071315,0.044630103250799136,0.20683308883031032,0.044630103250799136,1723.3920771200483,0.6826672381534183,0.9490997843135982,0.5583206238092852,0.45860757393528917,0.553794068924091,0.6404978578271365,0.5583206238092852,0.8688267102192399,0.8688267102192399,0.8688267102192399,0.0,0.0,0.0,0.29384269478380304,0.29384269478380304,0.29384269478380304,0.054818659810771386,-0.12524399149707435,1.7397784192366912,0.6916622560456365,1.206340870418247,0.7134712428028542,0.6916622560456365,13762,52.441505595116986,95.3204476093591,3.916581892166836,38.99142566487429,Vhl,VHL,L135P,L169P,targeting guide,Missense,9.99900009999001e-05,1.0,0.0005295245123374991,1.0,9.999000099989996e-05,1.0,0.0005295245123374983,1.0,0.0005295245123374991,0.0005295245123374983,0.00011944709470897726,0.9999986725424272,0.0006804864789481128,0.9999999999939124,1.471231023873361e-05,0.9999855424931546,8.510505615021288e-05,1.0,0.0006804864789481128,8.510505615021288e-05,1.597285509291338e-05,0.9996095178362444,0.00013346207810967624,1.0,1.21968127340954e-05,0.9999892206990786,7.746472715458773e-05,1.0,0.00013346207810967624,7.746472715458773e-05,0.03641584469400606,0.9862957258851155,0.12335457301753402,0.9999999999481898,0.01956709814986713,0.9805298366927626,0.0679990825856946,1.0,0.12335457301753402,0.0679990825856946
gRNA_13599,controlsgRNA,-0.43745502500926536,0.3848331707845675,-0.45222448337835036,-0.515838374314901,-2.510443343489918,-0.7062256110815734,-0.45222448337835036,1512.3964452477783,-0.1392601130195723,0.4551894891319718,-0.008649362331095067,0.5294865293239311,0.6835226273371211,0.3040578340884713,0.4551894891319718,-0.011836174117145746,-0.011836174117145746,-0.011836174117145746,0.0,0.0,0.0,0.15557658073993683,0.15557658073993683,0.15557658073993683,-1.1008110211008346,0.6604718137100095,-1.005771925712813,-0.40524874203935496,-0.4219981565931388,-0.45467160634722636,-0.4219981565931388,0,0.0,0.0,0.0,0.0,NT,,Non-coding,,non-targeting control,,0.19418058194180585,0.8102189781021898,0.3968037978810815,1.0,0.19418058194180582,0.8102189781021898,0.39680379788108144,1.0,0.3968037978810815,0.39680379788108144,0.0060236040648623534,0.9989749593450482,0.020043142729099513,0.9999999999939124,0.0018232747831731714,0.9982985305094149,0.006013608056781688,1.0,0.020043142729099513,0.006013608056781688,0.41756145324107935,0.395178922226878,0.6652674000790079,1.0,0.5489153772578188,0.45633736802250474,0.7546971330519077,1.0,0.6652674000790079,0.7546971330519077,0.5334271781233985,0.42188924591812205,0.7773977479627823,0.9999999999481898,0.5460611462982785,0.4593523318545082,0.7604407074376026,1.0,0.7773977479627823,0.7604407074376026
gRNA_13600,controlsgRNA,-1.3622171734150732,0.2526024879352536,0.8886020000304782,-0.5213340747115074,-0.41340644434914964,-0.23115064090199972,-0.41340644434914964,2174.664859165537,0.26223621491752797,0.34084983420428505,0.1580446082288172,-0.09048352530736957,0.6056133116649922,0.2552520887416506,0.26223621491752797,-0.10416379533544605,-0.10416379533544605,-0.10416379533544605,0.0,0.0,0.0,0.5466886910070481,0.5466886910070481,0.5466886910070481,-0.3167187788166455,0.6759568109205827,-0.09077898076491575,-0.5884507570752309,-0.001854062897434517,-0.06436915372672879,-0.09077898076491575,0,0.0,0.0,0.0,0.0,NT,,Non-coding,,non-targeting control,,0.2614738526147385,0.7444255574442555,0.48193219893696904,1.0,0.26147385261473854,0.7444255574442555,0.48193219893696915,1.0,0.48193219893696904,0.48193219893696915,0.011988418967523732,0.9991932171710827,0.03440950787625132,0.9999999999939124,0.00309970406279876,0.9970333853350214,0.00932390982089867,1.0,0.03440950787625132,0.00932390982089867,0.12522837960790592,0.9276478424378283,0.2630495571652102,1.0,0.08643545459161311,0.9150612423075368,0.18156274260584654,1.0,0.2630495571652102,0.18156274260584654,0.1930581250091074,0.7796005407981738,0.39666587433565237,0.9999999999481898,0.18641524536198661,0.817003876722501,0.3847371582035703,1.0,0.39666587433565237,0.3847371582035703
gRNA_13601,controlsgRNA,-0.4987330151733587,-0.21474940540645374,-0.9982583169399836,-0.09284343647835085,-0.8804832131446785,-0.5370134774285651,-0.4987330151733587,3982.165988853743,-0.23495800263080904,0.14667648266353508,-0.4773517703477182,0.13694762914149639,-0.2621726534524965,-0.13817166292519845,-0.23495800263080904,-0.43236360279978914,-0.43236360279978914,-0.43236360279978914,0.0,0.0,0.0,0.20522539628537215,0.20522539628537215,0.20522539628537215,0.25171483090698094,-0.8084632244953519,-1.2818532870848596,-0.3897546047152901,-0.3425226850398411,-0.5141757940856724,-0.3897546047152901,0,0.0,0.0,0.0,0.0,NT,,Non-coding,,non-targeting control,,0.7424257574242574,0.2622737726227376,0.8861970945762565,1.0,0.7424257574242576,0.26227377262273766,0.8861970945762567,1.0,0.8861970945762565,0.8861970945762567,0.23367627815316852,0.9425767368713561,0.4648797914581554,0.9999999999939124,0.12116487115969782,0.8805982128026479,0.2459513203267973,1.0,0.4648797914581554,0.2459513203267973,0.6037730778012366,0.39006108653747734,0.8408099157528331,1.0,0.6232216345236263,0.380745422934764,0.8164854863445418,1.0,0.8408099157528331,0.8164854863445418,0.6812152120294224,0.653635631604418,0.8653274314968338,0.9999999999481898,0.5163838068377428,0.4864534064887987,0.7326804202678916,1.0,0.8653274314968338,0.7326804202678916
gRNA_13602,controlsgRNA,-0.5182172859129823,-2.385399491102103,-1.7422750769305901,-0.9586227950890985,-1.5491549799488304,-1.4307339257967209,-1.5491549799488304,1951.6192197620123,0.47462592051164004,-0.4028329629516152,-0.9380806111374581,-0.7981872013791342,0.32166459568272143,-0.2685620518547692,-0.4028329629516152,-0.43917883949582703,-0.43917883949582703,-0.43917883949582703,0.0,0.0,0.0,0.27392775378318046,0.27392775378318046,0.27392775378318046,-1.0792573419430793,-4.213725392745175,-1.795237222220857,-1.7571752708776383,-4.444556729581654,-2.657990391473681,-1.795237222220857,0,0.0,0.0,0.0,0.0,NT,,Non-coding,,non-targeting control,,0.7524247575242475,0.25297470252974696,0.8896594617267832,1.0,0.7524247575242475,0.25297470252974696,0.8896594617267832,1.0,0.8896594617267832,0.8896594617267832,0.21389753366317152,0.6994553512422033,0.43239501428684135,0.9999999999939124,0.24020169597500068,0.7635271369969053,0.41506108385067436,1.0,0.43239501428684135,0.41506108385067436,0.9999938427791971,0.00016933118246221425,0.9999999999016121,0.01273370492115851,0.9999779403092959,2.5401211414704526e-05,1.0,0.0020864390710777572,0.01273370492115851,0.0020864390710777572,0.9871285264885195,0.05098483704620396,0.9999999998332031,0.9999999999481898,0.9785228962916811,0.022050391730885223,1.0,0.6909122742344037,0.9999999998332031,0.6909122742344037
gRNA_13603,controlsgRNA,-0.2601852310132142,0.4605169018023331,-0.7161173806426513,-1.1831408869704694,1.1727525389957412,-0.1052348115656521,-0.2601852310132142,2062.2382888989305,-0.5406689393871599,-0.00840069259345722,-0.9241014391359408,-0.5133491337962532,-0.7194216334734526,-0.5411883676772528,-0.5406689393871599,-0.24628547806606438,-0.24628547806606438,-0.24628547806606438,0.0,0.0,0.0,0.7813412462138049,0.7813412462138049,0.7813412462138049,-0.0601887068747571,-0.19312816902901442,-0.03669636992847672,0.054442950896995475,-0.470137193756956,-0.14114149773844176,-0.0601887068747571,0,0.0,0.0,0.0,0.0,NT,,Non-coding,,non-targeting control,,0.42655734426557346,0.5770422957704229,0.6441187206580546,1.0,0.42655734426557346,0.577042295770423,0.6441187206580546,1.0,0.6441187206580546,0.6441187206580546,0.7703326882016371,0.5135440842325911,0.9999999996046233,0.9999999999939124,0.647065906929239,0.35511775178021393,0.907823809721619,1.0,0.9999999996046233,0.907823809721619,0.26945928336506647,0.9484787042992174,0.49665044384933826,1.0,0.12974123961688877,0.8717613122274555,0.2574461890243503,1.0,0.49665044384933826,0.2574461890243503,0.11110015172102515,0.8127340873412662,0.26607424870767804,0.9999999999481898,0.12465158783999275,0.8782796683491445,0.29111178278159794,1.0,0.26607424870767804,0.29111178278159794
gRNA_13604,controlsgRNA,-1.090275268507741,0.5783625897037122,-0.20482273536262763,-0.07282995948288142,0.29201585122881,-0.09950990448414557,-0.07282995948288142,4071.4565446603406,-0.4556886457955235,0.0039001893413167514,-0.3058625489177436,0.039231800890649246,-0.367872807830688,-0.2172584024623978,-0.3058625489177436,-0.28173905522420445,-0.28173905522420445,-0.28173905522420445,0.0,0.0,0.0,0.017079812599794224,0.017079812599794224,0.017079812599794224,-0.8102027157314027,-0.6835410096388199,-0.4302741327780077,-0.48090141102868633,-0.047498773910086056,-0.4904836086174006,-0.48090141102868633,0,0.0,0.0,0.0,0.0,NT,,Non-coding,,non-targeting control,,0.5076492350764923,0.49725027497250274,0.7148918066994797,1.0,0.5076492350764924,0.49725027497250274,0.7148918066994799,1.0,0.7148918066994797,0.7148918066994799,0.35808619631344035,0.907578554943673,0.6233352306196924,0.9999999999939124,0.1983097699770351,0.8038457896142241,0.3594992030146434,1.0,0.6233352306196924,0.3594992030146434,0.7747755967826766,0.5320254056002737,0.9678259946521144,1.0,0.6383876194299217,0.3643064322341232,0.8305665913690331,1.0,0.9678259946521144,0.8305665913690331,0.17112708538615176,0.8983871057622025,0.3676787663153889,0.9999999999481898,0.11400436167596295,0.8877572409006256,0.278348311624429,1.0,0.3676787663153889,0.278348311624429
gRNA_13605,controlsgRNA,-0.6553992676123814,0.6299656816165731,-0.16798712083696618,-0.7461908075377222,-0.4292079966893668,-0.2737639022119727,-0.4292079966893668,2590.5106190691367,-1.103863982186107,-0.1854402181711017,-0.5917888409333155,-0.6769053196452871,-1.0276885269928007,-0.7171373775857225,-0.6769053196452871,-0.18251026779717647,-0.18251026779717647,-0.18251026779717647,0.0,0.0,0.0,0.21293043120647,0.21293043120647,0.21293043120647,-0.5016358185672019,-0.1774223491681401,0.4465254218606154,-0.49407183358268375,-0.48658617366118423,-0.2426381506237189,-0.48658617366118423,0,0.0,0.0,0.0,0.0,NT,,Non-coding,,non-targeting control,,0.3183681631836816,0.6856314368563143,0.5344037024868942,1.0,0.31836816318368155,0.6856314368563143,0.5344037024868941,1.0,0.5344037024868942,0.5344037024868941,0.904387109687633,0.3132664033706958,0.9999999996046233,0.9999999999939124,0.8232536731211297,0.17884093254592998,1.0,0.8547452158698222,0.9999999996046233,0.8547452158698222,0.3294798944036843,0.8222920458586527,0.5724058175785737,1.0,0.24861089711228068,0.7548104393692343,0.4276308688221297,1.0,0.5724058175785737,0.4276308688221297,0.32938939061373,0.8452421898194096,0.5842000512771816,0.9999999999481898,0.2313084316779334,0.7712027294110391,0.4437345424025661,1.0,0.5842000512771816,0.4437345424025661
gRNA_13606,controlsgRNA,-0.48634513697643367,-0.7113704714857746,-0.525607896961387,0.04792708533133526,-0.6864360405529067,-0.4723664921290333,-0.525607896961387,6401.084500677813,0.07922555529345673,-0.1224204599736332,-0.005493743679802972,-0.016691017250642287,0.34863923446764344,0.05665191377140435,-0.005493743679802972,-0.6209194613035136,-0.6209194613035136,-0.6209194613035136,0.0,0.0,0.0,0.0427412820690448,0.0427412820690448,0.0427412820690448,-0.6960321582579332,-0.9876582455278428,-0.5478618729443178,-0.7226061539126486,-0.9131706035843398,-0.7734658068454164,-0.7226061539126486,0,0.0,0.0,0.0,0.0,NT,,Non-coding,,non-targeting control,,0.8968103189681031,0.1068893110688931,0.9578544970361721,1.0,0.8968103189681031,0.1068893110688931,0.9578544970361722,1.0,0.9578544970361721,0.9578544970361722,0.07446948059773076,0.9942650824115357,0.17545766769979054,0.9999999999939124,0.024151976413156213,0.9764532956072386,0.05935387667546886,1.0,0.17545766769979054,0.05935387667546886,0.9790390739917076,0.18098032136670078,0.9999999999016121,1.0,0.9290967176011359,0.07197982358960381,1.0,0.6766103417422757,0.9999999999016121,0.6766103417422757,0.6255494029941036,0.7569720980074748,0.8317390621865749,0.9999999999481898,0.42842718746637903,0.5745767758601061,0.6656722388090323,1.0,0.8317390621865749,0.6656722388090323
gRNA_13607,controlsgRNA,-0.4568237252364262,-0.49579100949950516,-2.1343454228330034,0.11448452756181514,1.0445733800828485,-0.3855804499848542,-0.4568237252364262,3088.055430034644,-0.8492716186009898,-0.05227915566134647,-0.6770114914325469,-0.4475198602786098,-0.35113931334121246,-0.47544428786294113,-0.4475198602786098,-0.2638222232706677,-0.2638222232706677,-0.2638222232706677,0.0,0.0,0.0,0.34714733290629624,0.34714733290629624,0.34714733290629624,-0.10630571723921023,0.9177407402604574,-1.2512985349685528,0.09886122119079559,0.5248151207161961,0.0367625659919372,0.09886122119079559,0,0.0,0.0,0.0,0.0,NT,,Non-coding,,non-targeting control,,0.45855414458554133,0.5461453854614537,0.6735013998600139,1.0,0.45855414458554145,0.5461453854614539,0.673501399860014,1.0,0.6735013998600139,0.673501399860014,0.7216961981578578,0.611985004846511,0.9999999996046233,0.9999999999939124,0.5639496828532209,0.43849066018442945,0.8283010966906682,1.0,0.9999999996046233,0.8283010966906682,0.017984601442414386,0.8208094874059984,0.049359198119327076,1.0,0.031126844454664897,0.9709026773132976,0.07269374854008696,1.0,0.049359198119327076,0.07269374854008696,0.20010124029524776,0.5554527415932459,0.40669225054601704,0.9999999999481898,0.2801760106218866,0.7243569150044193,0.5064720192011026,1.0,0.40669225054601704,0.5064720192011026
gRNA_13608,controlsgRNA,-0.6876806236211914,-1.2815823359019194,1.9471993075743401,-1.1411631686115233,-1.1235466721089589,-0.45735469853385063,-1.1235466721089589,866.2750414219008,-1.3881726887351276,-0.839334316439173,-0.7744869401334314,-1.3520290327572146,-1.90945483937233,-1.2526955634874555,-1.3520290327572146,-0.5993104927443318,-0.5993104927443318,-0.5993104927443318,0.0,0.0,0.0,-0.3122461982079496,-0.3122461982079496,-0.3122461982079496,-0.48631234731554684,-1.1487765629259088,0.7087632338047413,-0.19867422464220155,0.12497069336331937,-0.20000584154311932,-0.19867422464220155,0,0.0,0.0,0.0,0.0,NT,,Non-coding,,non-targeting control,,0.8833116688331167,0.12138786121387855,0.9516481016654782,1.0,0.8833116688331167,0.12138786121387851,0.9516481016654782,1.0,0.9516481016654782,0.9516481016654782,0.9974581321647404,0.029608478196388954,0.9999999996046233,0.5246630663878483,0.9913098718076014,0.00895625563515631,1.0,0.19140769840306923,0.5246630663878483,0.19140769840306923,0.15059704583319602,0.7127397706154293,0.3044327378133425,1.0,0.1838334518885506,0.8197251644659383,0.3388302838730149,1.0,0.3044327378133425,0.3388302838730149,0.17018940037037492,0.3529808046487253,0.3676787663153889,0.9999999999481898,0.4783534680419955,0.5411358610256047,0.708113795211773,1.0,0.3676787663153889,0.708113795211773
gRNA_14579,controlsgRNA,-1.2527472611619381,-0.43663777230575057,-0.868068487703319,-1.278844771919308,-1.648573816500708,-1.0969744219182047,-1.2527472611619381,3776.592860370538,-1.2838293342153637,-0.540680742095307,-0.46712201349549076,-0.8546391428738642,-1.3021557777511212,-0.8896854020862295,-0.8546391428738642,-0.14158742118689202,-0.14158742118689202,-0.14158742118689202,0.0,0.0,0.0,-0.8222273163187095,-0.8222273163187095,-0.8222273163187095,-0.9493166751355364,-0.6741825457361833,-0.8042047182020471,-0.5683049504058425,-1.1592649173641345,-0.8310547613687488,-0.8042047182020471,29057,3.4208624427848706,29.087655298206972,0.013766046047424,79.76391231028668,,,,,safe-targeting control,,0.29657034296570345,0.7086291370862915,0.5186532509539744,1.0,0.2965703429657034,0.7086291370862914,0.5186532509539743,1.0,0.5186532509539744,0.5186532509539743,0.9697565900552898,0.15997598387886974,0.9999999996046233,0.9999999999939124,0.9285965155596451,0.07274087082556163,1.0,0.5530720145563724,0.9999999996046233,0.5530720145563724,0.9853765863600742,0.1317755691840588,0.9999999999016121,1.0,0.9508241585575521,0.05006329731524577,1.0,0.5430608396215376,0.9999999999016121,0.5430608396215376,0.9669605729675012,0.16340578973022116,0.9999999998332031,0.9999999999481898,0.9260553498865383,0.07520709864906626,0.9847867511853902,1.0,0.9999999998332031,0.9847867511853902
gRNA_14580,controlsgRNA,0.3885376999460902,-0.5254196531200978,-2.5474296395957725,0.22083972567774918,0.33924830314329973,-0.4248447127897462,0.22083972567774918,2208.5253803283626,-2.87371089655889,-1.6697957881954186,-1.8066124482752766,-2.4937322924823664,-4.4149194197791175,-2.651754169058214,-2.4937322924823664,-0.5005984086189469,-0.5005984086189469,-0.5005984086189469,0.0,0.0,0.0,-1.260612933550285,-1.260612933550285,-1.260612933550285,0.23811776787183916,-0.8869019001229708,-1.1463236585084786,0.3312671904847425,0.18407216688441114,-0.2559536866780913,0.18407216688441114,12842,10.060738202772152,33.34371593209781,0.0,54.73446503659866,,,,,safe-targeting control,,0.8048195180481952,0.19998000199980004,0.9142360688402459,1.0,0.8048195180481952,0.19998000199980004,0.9142360688402459,1.0,0.9142360688402459,0.9142360688402459,0.9999982280908701,8.427653253661235e-05,0.9999999996046233,0.005281329372294374,0.9999903960150269,1.1506221692669318e-05,1.0,0.0007210565594072773,0.005281329372294374,0.0007210565594072773,0.1669633205324066,0.6063934132700437,0.33215983344013167,1.0,0.22704705858449165,0.7771437996008185,0.3952300649433743,1.0,0.33215983344013167,0.3952300649433743,0.2032691623385614,0.5591857843190822,0.40871232641336414,0.9999999999481898,0.24952399583915208,0.7539305461170381,0.46677125589811536,1.0,0.40871232641336414,0.46677125589811536
gRNA_14581,controlsgRNA,-0.5502330379630278,0.7601816889172558,-0.7465913346943416,-0.41621070476228894,-0.4611366607180986,-0.2827980098441002,-0.4611366607180986,2427.594517246573,-1.371036681284055,-0.24779963019302623,-0.5480682628467628,-0.7014006306573273,-1.8697827843825676,-0.9476175978727479,-0.7014006306573273,0.37936001659854857,0.37936001659854857,0.37936001659854857,0.0,0.0,0.0,-0.3947483580536529,-0.3947483580536529,-0.3947483580536529,-0.013488114858723536,-0.23330852977666594,-0.6257697307939455,0.01622919201235567,-0.8148969327946628,-0.33424682324232846,-0.23330852977666594,26790,59.45128779395296,80.38447181784247,0.0298618887644643,24.184397163120565,,,,,safe-targeting control,,0.018098190180981903,0.9868013198680132,0.059692276386396445,1.0,0.018098190180981907,0.9868013198680132,0.05969227638639646,1.0,0.059692276386396445,0.05969227638639646,0.9425145667965048,0.12634537132195386,0.9999999996046233,0.9999999999939124,0.924585152224799,0.07689172517997034,1.0,0.5530720145563724,0.9999999996046233,0.5530720145563724,0.4944475941713422,0.7209109057630778,0.7233941455580727,1.0,0.37592033499552513,0.6267168467205679,0.5816709710218825,1.0,0.7233941455580727,0.5816709710218825,0.3093905413677817,0.8345929617686059,0.5555258118067541,0.9999999999481898,0.23331117190776907,0.7695672930809118,0.44443781127311555,1.0,0.5555258118067541,0.44443781127311555
gRNA_14582,controlsgRNA,0.23547242822539186,-3.3716172547064756,-1.4196794426681991,-1.2601579113728985,-1.4015689618912246,-1.443510228482681,-1.4015689618912246,2197.9213737008586,-2.8667672623063187,-2.681220933111278,-1.5131443868931327,-2.472879332097072,-3.608673135763675,-2.6285370100342957,-2.681220933111278,-0.03263304008375893,-0.03263304008375893,-0.03263304008375893,0.0,0.0,0.0,-0.9637716195186614,-0.9637716195186614,-0.9637716195186614,-0.7853073660815757,-2.467176740531924,-1.785015574773848,-0.06564721342484771,-2.3662466018257735,-1.4938786993275939,-1.785015574773848,20449,0.0293412880825468,0.0342315027629712,0.0,4.009976037948066,,,,,safe-targeting control,,0.211978802119788,0.7916208379162084,0.42171444231238253,1.0,0.21197880211978798,0.7916208379162084,0.4217144423123825,1.0,0.42171444231238253,0.4217144423123825,0.9999989200819135,7.601616503106175e-05,0.9999999996046233,0.005281329372294374,0.999992677898596,9.342992865177472e-06,1.0,0.0007025930634613459,0.005281329372294374,0.0007025930634613459,0.9724455711992913,0.003735806522592762,0.9999999999016121,0.15607369472165317,0.9968070295064845,0.0035026297578884345,1.0,0.10218073041171602,0.15607369472165317,0.10218073041171602,0.901447327498292,0.048120896803378804,0.9939712467429848,0.9999999999481898,0.9575815269451313,0.04378517811204237,0.9946150666612414,1.0,0.9939712467429848,0.9946150666612414
gRNA_14583,controlsgRNA,-0.24472240524250094,-0.6341061871158126,-0.7209143868227619,0.5719262453596379,0.8667292145062826,-0.032217503863030975,-0.24472240524250094,570.8088567555354,-3.267481946677338,-4.676558627320726,-3.411639437170785,-4.786553448026529,-5.922347251693132,-4.412916142177703,-4.676558627320726,-1.3549450565038896,-1.3549450565038896,-1.3549450565038896,0.0,0.0,0.0,-1.1344059283721186,-1.1344059283721186,-1.1344059283721186,0.6862250235327443,0.266735747769962,0.20743475198060837,1.0493326299119288,0.9307607426158294,0.6280977791622145,0.6862250235327443,1079,2.5949953660797034,2.5949953660797034,0.0,4.911955514365153,,,,,safe-targeting control,,0.9908009199080092,0.014698530146985292,0.9960993205492286,1.0,0.9908009199080092,0.014698530146985299,0.9960993205492286,1.0,0.9960993205492286,0.9960993205492286,0.9999999996046233,1.8290953307228623e-07,0.9999999996046233,6.877398443517963e-05,0.9999999966448886,1.2668786383615458e-08,1.0,4.763463680239413e-06,6.877398443517963e-05,4.763463680239413e-06,5.2274662395311664e-05,0.9999902924914859,0.00032758788434395305,1.0,1.065468736752848e-05,0.9999936862514334,7.028355175773171e-05,1.0,0.00032758788434395305,7.028355175773171e-05,0.11261078399877894,0.918258390170095,0.2679851568578537,0.9999999999481898,0.08360053093097669,0.9179862623269468,0.2138353716329744,1.0,0.2679851568578537,0.2138353716329744
gRNA_14584,controlsgRNA,-0.022410251368517736,-0.23138701104014003,-0.45581998318953887,-0.10979545269955585,-0.6004357119673259,-0.28396968205301565,-0.23138701104014003,2687.5131796957376,-0.15689931443005012,-0.212865926091596,0.3674069164139917,0.014371877402587918,-0.5597529152088351,-0.10954787238278033,-0.15689931443005012,-0.11745425382219259,-0.11745425382219259,-0.11745425382219259,0.0,0.0,0.0,0.1825127493819638,0.1825127493819638,0.1825127493819638,-0.27580287094369804,0.8461101779234743,-0.5677270810976834,0.20788543629811837,0.08183488641090698,0.05846010971822364,0.08183488641090698,18523,25.63839550828699,35.47481509474707,0.0,35.92830535010527,,,,,safe-targeting control,,0.2756724327567243,0.7288271172882712,0.49833093613715546,1.0,0.2756724327567243,0.7288271172882712,0.49833093613715546,1.0,0.49833093613715546,0.49833093613715546,0.1939856931117126,0.9414425504977922,0.3942628141081294,0.9999999999939124,0.10574526376266824,0.8960303222609725,0.21846274271847943,1.0,0.3942628141081294,0.21846274271847943,0.04224747929663201,0.9606733736468913,0.10053830516160528,1.0,0.030693387954757238,0.970821612782289,0.07212946169367951,1.0,0.10053830516160528,0.07212946169367951,0.4389180977214999,0.8959013920420633,0.7013831362840881,0.9999999999481898,0.24176835784791273,0.760487725788913,0.4568085555317346,1.0,0.7013831362840881,0.4568085555317346
gRNA_14585,controlsgRNA,-0.6470271175028465,-0.8304465167880085,-0.702260987113778,0.16036914389865498,-0.20834591532376603,-0.4455422785659488,-0.6470271175028465,2706.4316915198074,-1.69687736182288,-1.7712358412346627,-1.0091386239295705,-2.057861007266044,-2.336578610466835,-1.7743382889439985,-1.7712358412346627,-0.8957232750962889,-0.8957232750962889,-0.8957232750962889,0.0,0.0,0.0,-1.0710692237596418,-1.0710692237596418,-1.0710692237596418,-0.7438076537532262,-0.6093887807130269,-0.024009061054724223,-0.43396299392344445,0.08797761931207906,-0.34463817402646857,-0.43396299392344445,11046,45.67264168024624,50.099583559659614,0.2987506789788158,5.965960528698171,,,,,safe-targeting control,,0.9751024897510249,0.03019698030196981,0.9909149625577982,1.0,0.9751024897510249,0.030196980301969795,0.9909149625577982,1.0,0.9909149625577982,0.9909149625577982,0.9998992247719435,0.0026116331800880386,0.9999999996046233,0.09819740757131025,0.9995319956349288,0.0005093527870825436,1.0,0.022222278529406572,0.09819740757131025,0.022222278529406572,0.511872834841371,0.7115983649916473,0.7431049648662374,1.0,0.3943061114731954,0.6078661914123595,0.6035402172273234,1.0,0.7431049648662374,0.6035402172273234,0.5729422898455278,0.7452473518079963,0.7949309999332784,0.9999999999481898,0.4077526820028904,0.5943836495362513,0.6454932798832087,1.0,0.7949309999332784,0.6454932798832087
gRNA_14586,controlsgRNA,-0.8390368364655396,-0.41118993961231165,-0.08341069330726451,-1.0890409798783003,-1.770382919509335,-0.8386122737545503,-0.8390368364655396,4188.221117638199,-0.9011539464735332,-0.583763642868355,-0.6214524934399143,-0.858141559142735,-1.3364181598165674,-0.8601859603482209,-0.858141559142735,-0.7360998300824223,-0.7360998300824223,-0.7360998300824223,0.0,0.0,0.0,-0.9735441009667204,-0.9735441009667204,-0.9735441009667204,-0.6710968819121588,-0.32964126594425347,-0.9044959950290132,-0.45601469152685264,-1.0657526911660817,-0.6854003051156721,-0.6710968819121588,22776,17.650158061116965,19.14295749912188,0.0,9.110467158412364,,,,,safe-targeting control,,0.9491050894910509,0.05549445055494451,0.9777082565716031,1.0,0.9491050894910509,0.055494450554944494,0.9777082565716031,1.0,0.9777082565716031,0.9777082565716031,0.9749662183218535,0.1787566593445699,0.9999999996046233,0.9999999999939124,0.9257194921840365,0.07534584620678078,1.0,0.5530720145563724,0.9999999996046233,0.5530720145563724,0.9320565054308155,0.2627843689599008,0.9999999999016121,1.0,0.8616201994732419,0.1400083826890805,1.0,0.8630024900179388,0.9999999999016121,0.8630024900179388,0.832411944155756,0.3295374221900684,0.9608455851854517,0.9999999999481898,0.7708105527073439,0.23176517932187674,0.9289255378780811,1.0,0.9608455851854517,0.9289255378780811
gRNA_14587,controlsgRNA,0.02182072804142482,-1.610374437393182,-1.382294949718423,-1.593930532218536,-0.4146478876093472,-0.9958854157796126,-1.382294949718423,2368.4289802681124,-1.6573677206849717,-1.1939003114200668,-1.4196810186003823,-1.8247574587921909,-1.9832713389588779,-1.6157955696912978,-1.6573677206849717,-0.3812437594829344,-0.3812437594829344,-0.3812437594829344,0.0,0.0,0.0,-0.3464800235178609,-0.3464800235178609,-0.3464800235178609,-0.10739149701555184,-0.5070137682842323,-0.6491017457798359,0.49480263956357284,-0.19376612532602802,-0.19249409936841505,-0.19376612532602802,14723,27.20233648033689,31.62398967601712,0.0067920940025809,12.782720912857434,,,,,safe-targeting control,,0.6652334766523349,0.33996600339966004,0.8365477833487556,1.0,0.6652334766523348,0.33996600339966004,0.8365477833487555,1.0,0.8365477833487556,0.8365477833487555,0.9999008321940167,0.004714062295691159,0.9999999996046233,0.14890110382757102,0.9991763239903785,0.0008701721137392284,1.0,0.03271847147659499,0.14890110382757102,0.03271847147659499,0.26179884853924085,0.8437308972102686,0.48730874777601263,1.0,0.1979241725801802,0.80454835280801,0.35607410952223806,1.0,0.48730874777601263,0.35607410952223806,0.8563697850885792,0.20854643732640593,0.9757796452958137,0.9999999999481898,0.8493790353885102,0.15330740478161975,0.9621122156044164,1.0,0.9757796452958137,0.9621122156044164
gRNA_14588,controlsgRNA,-0.5552009566098051,-0.7451516625468643,-0.9558632845145792,-0.540952835347413,-0.41332500526579313,-0.6420987488568909,-0.5552009566098051,3443.7716523572826,-2.5505365434265186,-1.245464243259579,-1.1621691063280115,-1.6273045653106126,-2.374244801502027,-1.7919438519653497,-1.6273045653106126,-0.3722458109540291,-0.3722458109540291,-0.3722458109540291,0.0,0.0,0.0,-0.430458853685314,-0.430458853685314,-0.430458853685314,-0.5523974325567256,-1.0103891053046619,-0.4574900929906498,-0.22547783237779878,-0.7986566479963497,-0.6088822222452371,-0.5523974325567256,24924,0.3089391750922805,0.3209757663296421,0.15246348900658,3.731343283582089,,,,,safe-targeting control,,0.6506349365063495,0.35406459354064584,0.8264822166432008,1.0,0.6506349365063494,0.3540645935406459,0.8264822166432005,1.0,0.8264822166432008,0.8264822166432005,0.9998889738485577,0.0025946581334139094,0.9999999996046233,0.09819740757131025,0.9995167199830851,0.0005319162413953701,1.0,0.022222278529406572,0.09819740757131025,0.022222278529406572,0.8853239453728884,0.3633636112796702,0.9999999999016121,1.0,0.7866734874215042,0.2153475172031903,0.9729908923371237,1.0,0.9999999999016121,0.9729908923371237,0.8106626266482124,0.5971755140666732,0.9583048281871349,0.9999999999481898,0.6246055457681067,0.37764132039684084,0.8211597384923361,1.0,0.9583048281871349,0.8211597384923361
gRNA_14589,controlsgRNA,-1.8338058454637154,-1.613630009220039,-0.9607315734364339,-2.395932915044184,-0.02938134668785025,-1.3666963379704447,-1.613630009220039,1006.8986293116434,-1.5627588111060404,-1.0651048616937095,-0.7149569482875962,-0.6026346473332562,-2.4986924447858905,-1.2888295426412983,-1.0651048616937095,-0.20307367804396348,-0.20307367804396348,-0.20307367804396348,0.0,0.0,0.0,0.3336919595011114,0.3336919595011114,0.3336919595011114,0.7878105617445124,-1.2842061116867232,-0.426634953817395,0.26516616288737027,-0.48650849941072394,-0.22887456805659187,-0.426634953817395,8434,69.94308750296419,98.51790372302584,0.1185677021579321,29.630068769267258,,,,,safe-targeting control,,0.3312668733126688,0.6730326967303268,0.5462997559893135,1.0,0.3312668733126687,0.6730326967303271,0.5462997559893132,1.0,0.5462997559893135,0.5462997559893132,0.9924284072242215,0.032179843930720056,0.9999999996046233,0.5246630663878483,0.9869139379942409,0.013477281811710559,1.0,0.23033899823650772,0.5246630663878483,0.23033899823650772,0.12734522324572412,0.6012923646640034,0.2645403532618357,1.0,0.21420651379757472,0.791742198895474,0.38080819334787025,1.0,0.2645403532618357,0.38080819334787025,0.9506641235481743,0.05498513677951159,0.9999999998332031,0.9999999999481898,0.965334349303558,0.035782082641286586,0.9999055518956964,0.9610045052231255,0.9999999998332031,0.9610045052231255
gRNA_14590,controlsgRNA,-1.0532295748798794,0.03013827968584737,-0.6940522064983993,-0.9012534495960806,0.37477355183432276,-0.44872467989083775,-0.6940522064983993,985.5701159813225,-3.8330403172203478,-3.5362297148829733,-2.2800391171772945,-3.200529397249029,-4.4515637751724215,-3.4602804643404133,-3.5362297148829733,-0.37326668804729113,-0.37326668804729113,-0.37326668804729113,0.0,0.0,0.0,-0.45462990230583405,-0.45462990230583405,-0.45462990230583405,-0.19234337728222967,-0.002869000742409355,-0.7290324592941556,-0.25626564410031544,1.1600965684311988,-0.004082782597582257,-0.19234337728222967,6338,67.49763332281476,92.85263490059955,0.0,25.81255916692963,,,,,safe-targeting control,,0.6548345165483451,0.3494650534946505,0.8290160882901608,1.0,0.6548345165483451,0.3494650534946505,0.8290160882901608,1.0,0.8290160882901608,0.8290160882901608,0.9999999821080058,4.16244449011565e-06,0.9999999996046233,0.0005216930427611615,0.9999997800617628,3.6161677032366676e-07,1.0,4.532263521389957e-05,0.0005216930427611615,4.532263521389957e-05,0.03018741973514807,0.8951611032581985,0.07699145303691127,1.0,0.04985247417158989,0.9569624358203583,0.11291885715974577,1.0,0.07699145303691127,0.11291885715974577,0.4798669397269675,0.6631903068284152,0.7364488544381216,0.9999999999481898,0.40858351226649914,0.5951898355954731,0.6454932798832087,1.0,0.7364488544381216,0.6454932798832087
gRNA_14591,controlsgRNA,0.26050823731709105,0.014742550534140648,0.4608781609789926,0.3570717175295552,0.3707326331199409,0.2927866598959441,0.3570717175295552,3296.1590600994127,-1.0647380716381531,-0.05551876479446703,-0.4093092790233923,-0.13695988512529392,0.023969377530293642,-0.3285113246102026,-0.13695988512529392,-0.0066719679484560515,-0.0066719679484560515,-0.0066719679484560515,0.0,0.0,0.0,0.19880790519064448,0.19880790519064448,0.19880790519064448,0.5912241047659244,0.6326137721999655,0.48902340113717546,0.1828910023730557,-0.007355996148296901,0.3776792568655648,0.48902340113717546,26682,33.61816955250731,97.97991155085826,0.0187392249456562,65.1113109961772,,,,,safe-targeting control,,0.1857814218578142,0.8198180181981802,0.385932677450487,1.0,0.18578142185781416,0.8198180181981802,0.38593267745048687,1.0,0.385932677450487,0.38593267745048687,0.4279415735343751,0.7734633724685414,0.7133762769381358,0.9999999999939124,0.3074976576614441,0.6958501226075198,0.5115890233659424,1.0,0.7133762769381358,0.5115890233659424,0.003816246969308096,0.999786990542935,0.013931153985047032,1.0,0.0008373708639281852,0.9992051371704066,0.0032797025503853924,1.0,0.013931153985047032,0.0032797025503853924,0.03443880780502806,0.9985054877181274,0.11879808930908763,0.9999999999481898,0.008897979469630717,0.9913776315419521,0.036365655223708146,1.0,0.11879808930908763,0.036365655223708146
gRNA_14592,controlsgRNA,-8.236935177034228,-7.090627720541347,-7.7372110661292295,-6.785781744357817,-8.141669247057083,-7.598444991023941,-7.7372110661292295,26.028016267510168,2.1259879630764433,-1.3975380083022193,-6.790713213289604,-0.520128083021715,-4.274831719332812,-2.171444612173981,-1.3975380083022193,-3.078812673334587,-3.078812673334587,-3.078812673334587,0.0,0.0,0.0,-0.10326052034897444,-0.10326052034897444,-0.10326052034897444,-5.973622911237758,-7.261387372506424,-7.8129215713437326,-8.547260787236299,-6.573646308686749,-7.233767790202192,-7.261387372506424,33,48.48484848484848,48.48484848484848,0.0,0.0,,,,,safe-targeting control,,0.9941005899410059,0.009299070092990703,0.9967515248475153,1.0,0.9941005899410059,0.009299070092990696,0.9967515248475153,1.0,0.9967515248475153,0.9967515248475153,0.23657572039247923,0.001091546069026897,0.46571974276215805,0.051302665244264155,1.0,0.035809240040831344,1.0,0.38469355015293105,0.051302665244264155,0.38469355015293105,0.9999999999016121,1.3606031827942805e-07,0.9999999999016121,5.115867967306495e-05,0.9999999970208022,8.305729604809921e-09,1.0,3.1229543314085304e-06,5.115867967306495e-05,3.1229543314085304e-06,0.9999999993034989,6.843133961455938e-07,0.9999999998332031,8.576727898358109e-05,0.9999999740334782,4.602547318350901e-08,1.0,5.76852597233313e-06,8.576727898358109e-05,5.76852597233313e-06
gRNA_14593,controlsgRNA,-1.1898221768538388,-2.1021343672366886,0.3244091776356584,1.2663653178126824,-0.8215075107782085,-0.504537911884079,-0.8215075107782085,2590.0286187678867,-1.7124047665354212,-0.5203500095641418,-1.0207355990400941,-0.7761993779552903,-1.9115905877750259,-1.1882560681739947,-1.0207355990400941,-0.3259085724440183,-0.3259085724440183,-0.3259085724440183,0.0,0.0,0.0,-0.4133255507673873,-0.4133255507673873,-0.4133255507673873,-0.5871472228339846,0.22678280565384076,0.3011835346008085,-0.03968006443067362,-0.06304123371967955,-0.0323804361459377,-0.03968006443067362,14148,0.0070681368391292,55.49901046084253,0.0565450947130336,98.55810008481764,,,,,safe-targeting control,,0.5926407359264074,0.4127587241275873,0.7846229461560886,1.0,0.5926407359264073,0.41275872412758724,0.7846229461560885,1.0,0.7846229461560886,0.7846229461560885,0.9911934938691149,0.04463274882643455,0.9999999996046233,0.6014016165354346,0.9825103007021715,0.017908139512069567,1.0,0.24554433576104856,0.6014016165354346,0.24554433576104856,0.11695936823079955,0.9611828837713322,0.2498677412203445,1.0,0.060168587575288666,0.9411785707183533,0.13153133097853803,1.0,0.2498677412203445,0.13153133097853803,0.190054919989224,0.347483876094411,0.3926409336041111,0.9999999999481898,0.41604314647378926,0.5908542230652656,0.6545281300173421,1.0,0.3926409336041111,0.6545281300173421
gRNA_14594,controlsgRNA,0.1816456734306893,-0.3590752508679529,0.10850856862355879,-0.5029139087204372,-0.6648057501310641,-0.24732813353304123,-0.3590752508679529,1494.5624341015214,-3.0711629864435186,-1.7442598570662562,-1.7212131630534817,-2.6997944129647857,-3.503635870122865,-2.5480132579301813,-2.6997944129647857,-0.6930837180611894,-0.6930837180611894,-0.6930837180611894,0.0,0.0,0.0,-0.792764865198289,-0.792764865198289,-0.792764865198289,-0.26783353762944445,0.3841939480018182,1.411544911876837,0.07670340576603835,0.035595725440483415,0.32804089069114656,0.07670340576603835,8618,0.3713158505453702,0.4525411928521698,0.2784868879090276,7.101415641680204,,,,,safe-targeting control,,0.9259074092590741,0.07849215078492153,0.9670588496705884,1.0,0.9259074092590741,0.07849215078492153,0.9670588496705884,1.0,0.9670588496705884,0.9670588496705884,0.9999980190706765,0.00013258049529097773,0.9999999996046233,0.007121466604201089,0.9999858851953364,1.7298879891038542e-05,1.0,0.0009291969770043561,0.007121466604201089,0.0009291969770043561,0.0027120645526845007,0.9964505456306638,0.010447981188522866,1.0,0.0018732837013727796,0.9986881907920045,0.006644855393548728,1.0,0.010447981188522866,0.006644855393548728,0.3559758910776633,0.8992963653789493,0.611960329198198,0.9999999999481898,0.20333012956908358,0.7990110274806435,0.40666025913816717,1.0,0.611960329198198,0.40666025913816717
gRNA_14595,controlsgRNA,-1.376434752262085,-0.01720982280054711,-1.9775431195264523,-1.0130142323545932,0.002350985373212944,-0.8763701883140929,-1.0130142323545932,3739.478837174273,-1.4556775843807352,-1.3174694365586739,-0.8326275665904391,-0.7551940036913698,-1.5634088547826097,-1.1848754892007656,-1.3174694365586739,-0.38864904986381804,-0.38864904986381804,-0.38864904986381804,0.0,0.0,0.0,-0.8256218505647774,-0.8256218505647774,-0.8256218505647774,-0.2186889207619484,-1.0574642264104173,-0.14305539623152452,-0.29254717523968027,-1.3383282328885462,-0.6100167903064233,-0.29254717523968027,24534,91.84804760740197,99.76766935681096,0.0,7.968533463764571,,,,,safe-targeting control,,0.6842315768423157,0.3216678332166783,0.8490794484907944,1.0,0.6842315768423157,0.3216678332166783,0.8490794484907944,1.0,0.8490794484907944,0.8490794484907944,0.9968886220177074,0.04089299009832631,0.9999999996046233,0.6014016165354346,0.9879945359541374,0.012328726842816948,1.0,0.22074291870948443,0.6014016165354346,0.22074291870948443,0.7700746705417061,0.29835608179485673,0.965160253745605,1.0,0.7473201001287504,0.2556522150618741,0.939773771399365,1.0,0.965160253745605,0.939773771399365,0.7564346818110048,0.24836011229605354,0.9276328010477378,0.9999999999481898,0.7774684225566018,0.2257636516231627,0.930981295800262,1.0,0.9276328010477378,0.930981295800262
gRNA_14596,controlsgRNA,0.35498165044820446,-2.9082477205261075,0.0022183734260522747,-0.3822647716633344,-0.9768349640020164,-0.7820294864634402,-0.3822647716633344,2001.2652507907817,-0.11153043379173852,0.009267070868621184,0.41170082785550266,0.1825625275365487,0.1253567237588639,0.12347134324555957,0.1253567237588639,0.29214887951792484,0.29214887951792484,0.29214887951792484,0.0,0.0,0.0,0.5170917081451915,0.5170917081451915,0.5170917081451915,0.3130216456856091,0.40140961044481194,-0.18451290782683763,-8.763509431791728e-05,0.013789793306081856,0.10872410130306946,0.013789793306081856,20758,40.273629444069755,90.57712689083726,0.0,56.272280566528565,,,,,safe-targeting control,,0.02879712028797119,0.977002299770023,0.08948526634939809,1.0,0.028797120287971188,0.977002299770023,0.08948526634939807,1.0,0.08948526634939809,0.08948526634939807,0.042028043997862835,0.997165196038427,0.1082366064602495,0.9999999999939124,0.012356679391151341,0.9879005843664517,0.03342526223793456,1.0,0.1082366064602495,0.03342526223793456,0.043569003775611036,0.995790100462786,0.10282997121056182,1.0,0.014160382352355515,0.9862084680452385,0.03646783400332654,1.0,0.10282997121056182,0.03646783400332654,0.5010053459572614,0.3209972692135812,0.7528977279534732,0.9999999999481898,0.5833461098020919,0.4228159020879325,0.7889861053438365,1.0,0.7528977279534732,0.7889861053438365
gRNA_14657,controlsgRNA,-1.1962906180633899,-1.8274748936815526,0.9119901197936536,-1.2616038365585147,-0.4424626355424586,-0.7631683728104525,-1.1962906180633899,4220.394637746648,-0.495568746525096,-0.27301438384559806,0.24201407971168698,-0.43893863431195224,-0.29097614615887335,-0.25129676622596653,-0.29097614615887335,0.08723025208750164,0.08723025208750164,0.08723025208750164,0.0,0.0,0.0,-0.18466621650659792,-0.18466621650659792,-0.18466621650659792,-0.8014341480868328,-2.2376007310419914,-0.04177298621160809,-0.27466883110830626,-1.1228382248055377,-0.8956629842508553,-0.8014341480868328,0,0.0,0.0,0.0,0.0,,,,,non-targeting control,,0.11688831116888311,0.8875112488751125,0.26963193251227024,1.0,0.11688831116888315,0.8875112488751125,0.26963193251227036,1.0,0.26963193251227024,0.26963193251227036,0.3958945612930614,0.865248016396833,0.6735581676298239,0.9999999999939124,0.24777020217067597,0.754400861878362,0.42539541559896876,1.0,0.6735581676298239,0.42539541559896876,0.8623765944566224,0.10038053313917308,0.9999999999016121,1.0,0.9059546332991477,0.09708568381663607,1.0,0.795026206762777,0.9999999999016121,0.795026206762777,0.5073621810495255,0.2617113981874962,0.7540244271724174,0.9999999999481898,0.686314705595265,0.31905977388107226,0.8688697956357564,1.0,0.7540244271724174,0.8688697956357564
gRNA_14658,controlsgRNA,0.2658542231869454,-0.7386594995688343,-2.0896119455515425,-0.7719504151517377,-1.0589936885826585,-0.8786722651335654,-0.7719504151517377,2723.783702364814,0.4779855360532892,0.523809266120204,-0.19490942596817978,0.7158447252006981,0.8512236272164834,0.474790745724499,0.523809266120204,0.13506814024309818,0.13506814024309818,0.13506814024309818,0.0,0.0,0.0,0.9758149552109424,0.9758149552109424,0.9758149552109424,-0.11649610030088431,0.0329032385441251,-1.5897406737417394,-0.01635688401060461,-0.7599774534336518,-0.48993357458855097,-0.11649610030088431,0,0.0,0.0,0.0,0.0,,,,,non-targeting control,,0.08849115088491148,0.9163083691630837,0.21889916271530738,1.0,0.0884911508849115,0.9163083691630838,0.2188991627153074,1.0,0.21889916271530738,0.2188991627153074,0.0006990907097312111,0.9997109114612557,0.003205586669011407,0.9999999999939124,0.00019117602111200875,0.9998323844212352,0.0008660504088929553,1.0,0.003205586669011407,0.0008660504088929553,0.5050024813537439,0.4076005448182518,0.7359726084845261,1.0,0.5356405973607822,0.46916552473702383,0.7455596199937073,1.0,0.7359726084845261,0.7455596199937073,0.7802867546401446,0.2566646589918174,0.929964739816108,0.9999999999481898,0.7864886391565515,0.216253412945402,0.9326835963863757,1.0,0.929964739816108,0.9326835963863757
gRNA_14659,controlsgRNA,2.5047645767509668,-1.744027626067337,-0.05709642814584067,-0.42023594044176665,1.6521898335211875,0.38711888312344195,-0.05709642814584067,2903.4493146558216,-0.7770679052716403,-0.6103820511838384,0.22227719659102405,-0.7416254376627617,-1.2044851601375082,-0.6222566715329448,-0.7416254376627617,-0.5057793173002396,-0.5057793173002396,-0.5057793173002396,0.0,0.0,0.0,-0.08770117508032087,-0.08770117508032087,-0.08770117508032087,0.15278151130182727,-0.5268202793700395,0.10912737106219808,0.23417512918657338,0.7383744107999028,0.14152762859609241,0.15278151130182727,0,0.0,0.0,0.0,0.0,,,,,non-targeting control,,0.8158184181581842,0.18998100189981001,0.9211643400224543,1.0,0.8158184181581842,0.1899810018998101,0.9211643400224543,1.0,0.9211643400224543,0.9211643400224543,0.7328101081012769,0.3560707013002063,0.9999999996046233,0.9999999999939124,0.7193100073298968,0.2839883850417866,0.9693926980503269,1.0,0.9999999996046233,0.9693926980503269,0.026098493958337465,0.987231946882601,0.06862261348485935,1.0,0.012617325322532763,0.9879340853187858,0.03294523834216888,1.0,0.06862261348485935,0.03294523834216888,0.00193603669341788,0.7999860483929335,0.012338132147883438,0.9999999999481898,0.012204992876654032,1.0,0.046354316380019356,1.0,0.012338132147883438,0.046354316380019356
gRNA_14660,controlsgRNA,-0.1999184202266328,-1.0839052617250038,-3.001451522703377,-0.5880543465857118,-0.3447467190389449,-1.043615254055934,-0.5880543465857118,3028.28739267962,0.288954958742434,-0.08001400408471213,-0.19370263724430112,0.1336454300510156,0.045580034450404976,0.03889275638296826,0.045580034450404976,-0.3881540555044896,-0.3881540555044896,-0.3881540555044896,0.0,0.0,0.0,0.5661883664301325,0.5661883664301325,0.5661883664301325,-0.6915762767256652,-1.4360859396660473,-1.410039037290564,-1.8177976679490566,-0.6756351401361138,-1.2062268123534894,-1.410039037290564,0,0.0,0.0,0.0,0.0,,,,,non-targeting control,,0.6784321567843216,0.325867413258674,0.8446704998374335,1.0,0.6784321567843216,0.32586741325867413,0.8446704998374335,1.0,0.8446704998374335,0.8446704998374335,0.08174849225823627,0.992271164350339,0.18628747326725356,0.9999999999939124,0.0281702067464156,0.9723918363540127,0.06746495373663863,1.0,0.18628747326725356,0.06746495373663863,0.9980467387418989,0.01184450824649164,0.9999999999016121,0.2969023400453904,0.9963648359828535,0.0038477195293699275,1.0,0.10218073041171602,0.2969023400453904,0.10218073041171602,0.8265324788305436,0.19469103667124094,0.9608455851854517,0.9999999999481898,0.8241974698562983,0.17836325712093343,0.9506081247422336,1.0,0.9608455851854517,0.9506081247422336
gRNA_14661,controlsgRNA,-1.195804911808903,-1.739233332985834,-0.6759130736773933,-0.8144722572467229,-0.5092268780263266,-0.9869300907490359,-0.8144722572467229,3509.6851935532463,-1.01327483523949,-0.3190715259179507,-0.2579759919739123,-0.6601297654541414,-0.994613083804217,-0.6490130404779423,-0.6601297654541414,-0.1096715659516682,-0.1096715659516682,-0.1096715659516682,0.0,0.0,0.0,0.09094982169103137,0.09094982169103137,0.09094982169103137,-1.1861180145751815,-0.42512784555918226,-0.8420384755585997,-0.4909783574033555,-0.6408754962009201,-0.7170276378594478,-0.6408754962009201,0,0.0,0.0,0.0,0.0,,,,,non-targeting control,,0.2662733726627337,0.7386261373862615,0.48838433229847744,1.0,0.26627337266273365,0.7386261373862615,0.48838433229847733,1.0,0.48838433229847744,0.48838433229847733,0.8670988234925496,0.397391506903641,0.9999999996046233,0.9999999999939124,0.7592646569303025,0.24257319640429448,1.0,0.9807260413765023,0.9999999996046233,0.9807260413765023,0.948874962921192,0.23441259343917856,0.9999999999016121,1.0,0.8842528923303967,0.11731662325788139,1.0,0.8322839687728945,0.9999999999016121,0.8322839687728945,0.940840535449643,0.24790413116227095,0.9999999998332031,0.9999999999481898,0.872963274915183,0.12864340417119702,0.9635700099909593,1.0,0.9999999998332031,0.9635700099909593
gRNA_14662,controlsgRNA,-0.7393486754581956,-1.8579688558585308,-0.15850939245793755,-0.13489597501864325,0.16259883973197398,-0.5456248118122667,-0.15850939245793755,5864.618165386353,-0.5077696149286747,-0.4588702468067696,0.06913102045458472,-0.12843093294828611,-0.2091633438322221,-0.24702062361227353,-0.2091633438322221,-0.2462831006344408,-0.2462831006344408,-0.2462831006344408,0.0,0.0,0.0,0.15345507708518438,0.15345507708518438,0.15345507708518438,-0.15288293958280771,-0.3605566574970114,-0.5627024469838834,-0.3835742840782151,-0.5097953513464035,-0.3939023358976642,-0.3835742840782151,0,0.0,0.0,0.0,0.0,,,,,non-targeting control,,0.42305769423057693,0.5821417858214177,0.6414100525431328,1.0,0.42305769423057693,0.5821417858214178,0.6414100525431328,1.0,0.6414100525431328,0.6414100525431328,0.40988616405317035,0.880200805805427,0.6911085097936863,0.9999999999939124,0.24064711776448672,0.7614628378211419,0.41506108385067436,1.0,0.6911085097936863,0.41506108385067436,0.6907410594545915,0.7289842468291696,0.917733704434369,1.0,0.4791657984615041,0.522943368604021,0.6966964147634626,1.0,0.917733704434369,0.6966964147634626,0.5025992811604302,0.5817314575446452,0.7528977279534732,0.9999999999481898,0.44465836554582994,0.5590133906700471,0.6714519897398877,1.0,0.7528977279534732,0.6714519897398877
gRNA_14663,controlsgRNA,0.16160313444367225,0.10847842807034805,-0.377048548660835,-0.112223808133403,0.4669619078813597,0.0495542227202284,0.10847842807034805,5045.217653261033,0.44043021063702525,0.25555847434045814,-0.14035649377292433,0.3704991492010145,0.5144782274927037,0.28812191357965544,0.3704991492010145,-0.0965133237998134,-0.0965133237998134,-0.0965133237998134,0.0,0.0,0.0,-0.22069415671532816,-0.22069415671532816,-0.22069415671532816,-0.1595619534173545,0.7602396822830434,-0.05157058655623966,-0.25927128689773143,0.37520366361913626,0.1330079038061708,-0.05157058655623966,0,0.0,0.0,0.0,0.0,,,,,non-targeting control,,0.25567443255674427,0.7504249575042496,0.4735644662134771,1.0,0.25567443255674427,0.7504249575042495,0.4735644662134771,1.0,0.4735644662134771,0.4735644662134771,0.008798227004174285,0.9993491208616382,0.02756777794641276,0.9999999999939124,0.002203945770902214,0.9979317950398932,0.007205944433558544,1.0,0.02756777794641276,0.007205944433558544,0.033839463630850816,0.9899082440998664,0.08277574227164158,1.0,0.015673774212737027,0.9851435442611204,0.039218081065716004,1.0,0.08277574227164158,0.039218081065716004,0.12008830253232153,0.9849377810992315,0.27532440092776156,0.9999999999481898,0.04673800750916188,0.954199249012839,0.13837394349169188,1.0,0.27532440092776156,0.13837394349169188
gRNA_14664,controlsgRNA,-1.104459124348389,-0.6061719152575636,0.4625934131950572,-0.9591742207898253,-0.43625742483788443,-0.5286938544077209,-0.6061719152575636,3463.5336647085405,0.5673704201297928,-0.036867214456606706,-0.5415182251652365,-0.34868758481109347,-0.11533424538100585,-0.09500736993682994,-0.11533424538100585,0.10025091208757896,0.10025091208757896,0.10025091208757896,0.0,0.0,0.0,0.18444020764783095,0.18444020764783095,0.18444020764783095,-0.577545922457746,0.05217444797840353,-0.7662432020276034,-0.780675693629304,-0.10465048935659792,-0.4353881718985696,-0.577545922457746,0,0.0,0.0,0.0,0.0,,,,,non-targeting control,,0.11258874112588739,0.8919108089191081,0.2613170781687263,1.0,0.11258874112588735,0.8919108089191081,0.2613170781687262,1.0,0.2613170781687263,0.2613170781687262,0.15785566711783275,0.9316278889605623,0.33533181263449213,0.9999999999939124,0.09956085910743506,0.9021189434372818,0.20682255814583195,1.0,0.33533181263449213,0.20682255814583195,0.636115775300821,0.5699747025553011,0.8660927023819114,1.0,0.5413005712740323,0.461500767635783,0.7482684367611623,1.0,0.8660927023819114,0.7482684367611623,0.5680921480159387,0.591167535459604,0.7928237521011112,0.9999999999481898,0.5002907086452881,0.5030520765213579,0.7282378836117308,1.0,0.7928237521011112,0.7282378836117308
gRNA_14665,controlsgRNA,-0.5620437928043132,0.7598960793021533,-1.465598483598918,-0.1933426457389083,0.6061017613341007,-0.1709974163011771,-0.1933426457389083,5473.2339207712,0.04485134872167821,-0.10278852830694662,-0.2972157449299663,0.11272444363426865,0.23494446139111944,-0.0014968038979693177,0.04485134872167821,0.03842795036678402,0.03842795036678402,0.03842795036678402,0.0,0.0,0.0,-0.6743154700000543,-0.6743154700000543,-0.6743154700000543,-0.22851967096559628,0.1405176917447284,-0.5228236749216588,-0.2885824602543091,0.4558436688031549,-0.08871288911873619,-0.22851967096559628,0,0.0,0.0,0.0,0.0,,,,,non-targeting control,,0.1553844615538446,0.8489151084891511,0.3377142054580669,1.0,0.15538446155384467,0.8489151084891511,0.337714205458067,1.0,0.3377142054580669,0.337714205458067,0.10597348464767625,0.9873882833132055,0.23717875135432306,0.9999999999939124,0.0398130285466878,0.9608437419371996,0.09183864253714487,1.0,0.23717875135432306,0.09183864253714487,0.15463179830515303,0.9375388007401688,0.3109174126349601,1.0,0.09295599082969441,0.9085669808692005,0.1941747363998061,1.0,0.3109174126349601,0.1941747363998061,0.13155625011929575,0.7951789477187949,0.29798283159551325,0.9999999999481898,0.13663330420778064,0.8664071517336192,0.3045839092922615,1.0,0.29798283159551325,0.3045839092922615
gRNA_14666,controlsgRNA,0.08940350940054918,-1.0651609381819436,-0.9328973862911498,0.5796731750332439,0.6610848689017951,-0.13357935422750106,0.08940350940054918,4688.175930109956,0.7498534041470787,0.14204737699919578,-0.19230199964802056,-0.002368727359128035,0.6834330355967166,0.2761326179471685,0.14204737699919578,-0.23660116789604516,-0.23660116789604516,-0.23660116789604516,0.0,0.0,0.0,0.17021420599204592,0.17021420599204592,0.17021420599204592,-0.34336987025264903,-0.2491377183692352,-1.0359549506908543,-0.0037973743897245687,0.15753782641665878,-0.2949444174571609,-0.2491377183692352,0,0.0,0.0,0.0,0.0,,,,,non-targeting control,,0.3988601139886012,0.6062393760623939,0.6222879786710127,1.0,0.39886011398860116,0.6062393760623938,0.6222879786710126,1.0,0.6222879786710127,0.6222879786710126,0.007456237037287215,0.998047213331254,0.02396192415401703,0.9999999999939124,0.0027109590767382856,0.9974425975774366,0.008424137296310707,1.0,0.02396192415401703,0.008424137296310707,0.37683842441010085,0.7445865383435833,0.6187390723938774,1.0,0.2949238798653472,0.7077546049862288,0.49285057257498016,1.0,0.6187390723938774,0.49285057257498016,0.1360293904811042,0.8157822955061613,0.3026452711295573,0.9999999999481898,0.13192780114332026,0.8702314577320387,0.3006354741205359,1.0,0.3026452711295573,0.3006354741205359
gRNA_14667,controlsgRNA,-0.7414922144250565,-0.7858704356575169,0.6963784321869443,-1.1727141674348727,-0.9295326261510791,-0.5866462022963161,-0.7858704356575169,4275.583672239795,-0.3737819096498636,-0.80771355524939,-0.6980195211020602,-0.15148693781505507,-0.11535338712819819,-0.4292710621889134,-0.3737819096498636,-0.30169608686935734,-0.30169608686935734,-0.30169608686935734,0.0,0.0,0.0,0.0816131669957489,0.0816131669957489,0.0816131669957489,-0.6768868086337542,-1.2291163443374034,-0.06798935726849549,-0.8840250904866196,-0.5870447846644595,-0.6890124770781464,-0.6768868086337542,0,0.0,0.0,0.0,0.0,,,,,non-targeting control,,0.5458454154584541,0.45905409459054114,0.7463195498631954,1.0,0.5458454154584541,0.459054094590541,0.7463195498631954,1.0,0.7463195498631954,0.7463195498631954,0.6618371011556237,0.6700216613840895,0.9999999996046233,0.9999999999939124,0.49611934644385663,0.5062734610742659,0.7622179659484569,1.0,0.9999999996046233,0.7622179659484569,0.900407738852864,0.22415596013579484,0.9999999999016121,1.0,0.862095629564918,0.13990652890777566,1.0,0.8630024900179388,0.9999999999016121,0.8630024900179388,0.552379431363783,0.4943114683893358,0.784227682618784,0.9999999999481898,0.5608910250749314,0.44253022423196675,0.7753493581918168,1.0,0.784227682618784,0.7753493581918168
gRNA_14668,controlsgRNA,-0.10089815623089139,-0.34105519757524466,0.8014919989292378,0.4932984196632766,0.3317994198149775,0.23692729692027115,0.3317994198149775,2719.8071998795,-1.3975100763139265,-0.7847430635787768,-0.2507237063095883,-1.0743721155580388,-2.2782233613023886,-1.1571144646125437,-1.0743721155580388,0.03049934654697378,0.03049934654697378,0.03049934654697378,0.0,0.0,0.0,-0.0020646842013858596,-0.0020646842013858596,-0.0020646842013858596,-0.11296205123653112,-0.04805060025340345,-0.2276075639936761,0.5728115138193155,0.13189291601828454,0.06321684287079787,-0.04805060025340345,0,0.0,0.0,0.0,0.0,,,,,non-targeting control,,0.1711828817118288,0.8349165083491651,0.3657088836570888,1.0,0.17118288171182888,0.8349165083491651,0.365708883657089,1.0,0.3657088836570888,0.365708883657089,0.9750124255452345,0.05364215480127358,0.9999999996046233,0.6723150068426288,0.972301049556117,0.028638274214946944,1.0,0.31670562073000147,0.6723150068426288,0.31670562073000147,0.0696400539199159,0.9891521199457102,0.1577389173125806,1.0,0.027903474621031207,0.9727847054096076,0.06640320542726413,1.0,0.1577389173125806,0.06640320542726413,0.03769419132226133,0.9938738565683641,0.1265447851533059,0.9999999999481898,0.01396120867401597,0.9864080060964141,0.051464847661078485,1.0,0.1265447851533059,0.051464847661078485
gRNA_14669,controlsgRNA,-0.20818151647375577,-0.7629175425337453,-0.9933692518292729,-0.9032129163677162,0.5851576449560906,-0.45650471644967994,-0.7629175425337453,3096.6109353818347,-1.23677251792811,-0.6759920717941796,-0.04043658122207731,-0.9324811773987924,-1.7006886368635235,-0.9172741970413366,-0.9324811773987924,0.28772964237709026,0.28772964237709026,0.28772964237709026,0.0,0.0,0.0,-0.23786728090515674,-0.23786728090515674,-0.23786728090515674,-0.06528462087027416,-0.25575626997769724,-0.33202365077434337,0.03728059931014905,-0.5057734605002049,-0.22431148056247413,-0.25575626997769724,0,0.0,0.0,0.0,0.0,,,,,non-targeting control,,0.0337966203379662,0.9713028697130287,0.10085340672281978,1.0,0.0337966203379662,0.9713028697130287,0.10085340672281978,1.0,0.10085340672281978,0.10085340672281978,0.9157944529499118,0.13622154196056888,0.9999999996046233,0.9999999999939124,0.9124950346148735,0.08915309159405593,1.0,0.5779579730925005,0.9999999996046233,0.5779579730925005,0.3963576826016295,0.8954985756434292,0.6396158311511275,1.0,0.223303264547979,0.7787246592007571,0.3923459227571967,1.0,0.6396158311511275,0.3923459227571967,0.48634417997138,0.6406847261494792,0.7403457962317364,0.9999999999481898,0.4310880623425716,0.5723790318019989,0.6656722388090323,1.0,0.7403457962317364,0.6656722388090323
gRNA_14670,controlsgRNA,-1.354585401441097,-0.22235895831411726,0.2769333000317724,-0.4128703005571874,0.2605009652379968,-0.29047607900852646,-0.22235895831411726,3747.913842446151,0.5579608597484752,0.1772096085127784,0.2500668307675743,0.25740937793353164,0.10411157137166883,0.2693516496668057,0.2500668307675743,-0.26674632384639624,-0.26674632384639624,-0.26674632384639624,0.0,0.0,0.0,0.10237493004031735,0.10237493004031735,0.10237493004031735,-0.08424157714697196,0.14001262825390165,0.49112747702542003,0.24326985709976165,0.6693756544251263,0.2919088079314475,0.24326985709976165,0,0.0,0.0,0.0,0.0,,,,,non-targeting control,,0.46335366463353655,0.5415458454154586,0.6779026377517889,1.0,0.46335366463353667,0.5415458454154585,0.6779026377517892,1.0,0.6779026377517889,0.6779026377517892,0.010594350909638655,0.9996864274849359,0.03112090579706355,0.9999999999939124,0.0022738306169851345,0.9978534411723256,0.007370347517124229,1.0,0.03112090579706355,0.007370347517124229,0.008332044355104096,0.9993471037707705,0.025891311384455704,1.0,0.0021671408966926374,0.9979602538443242,0.007475641992260841,1.0,0.025891311384455704,0.007475641992260841,0.3071405284011934,0.8076514277449127,0.5555258118067541,0.9999999999481898,0.22598481293591044,0.7759609477800113,0.4425535919994913,1.0,0.5555258118067541,0.4425535919994913
gRNA_14671,controlsgRNA,-1.2685595613208889,0.6177110406326964,0.4590359558987294,0.032819767178289806,-0.5693870640685548,-0.1456759723359456,0.032819767178289806,2778.1292363307725,-1.026954079338222,-0.6855551532555201,-0.7339649804440035,-0.18470059936987993,-0.67121743922339,-0.6604784503262031,-0.6855551532555201,-0.5223667617324314,-0.5223667617324314,-0.5223667617324314,0.0,0.0,0.0,-0.04663998065854914,-0.04663998065854914,-0.04663998065854914,-0.364598258270331,-1.1281567313991996,-0.9700964628805964,-0.36509166122610404,-0.6213345714005307,-0.6898555370353524,-0.6213345714005307,0,0.0,0.0,0.0,0.0,,,,,non-targeting control,,0.8253174682531746,0.17908209179082088,0.9263264718304288,1.0,0.8253174682531745,0.1790820917908209,0.9263264718304287,1.0,0.9263264718304288,0.9263264718304287,0.889499951084267,0.38397135181704295,0.9999999996046233,0.9999999999939124,0.7819584036280189,0.21996354243024424,1.0,0.9398442267474072,0.9999999996046233,0.9398442267474072,0.9209751025863309,0.2614818197297357,0.9999999999016121,1.0,0.8541602945823403,0.1474925689656778,1.0,0.8802731100173786,0.9999999999016121,0.8802731100173786,0.15622530968339565,0.8400480384376776,0.3414882484962031,0.9999999999481898,0.13191641370479334,0.8708425628780294,0.3006354741205359,1.0,0.3414882484962031,0.3006354741205359
gRNA_14672,controlsgRNA,-1.0678017157839101,-2.6068005755520156,-3.328035598754517,-1.7575717246462155,-2.6965522253547403,-2.2913523680182797,-2.6068005755520156,2306.732941708088,-1.5096638056020018,-0.8847495560586965,-0.4355288480050911,-0.5295759592596234,-1.1297636924571195,-0.8978563722765065,-0.8847495560586965,-0.47250351233199817,-0.47250351233199817,-0.47250351233199817,0.0,0.0,0.0,0.15861636059361345,0.15861636059361345,0.15861636059361345,-1.310764998848764,-0.2624051468279213,-2.4060464420182486,-1.0998102887516792,-2.065292757313303,-1.4288639267519831,-1.310764998848764,0,0.0,0.0,0.0,0.0,,,,,non-targeting control,,0.7854214578542147,0.21977802219778028,0.905884871635536,1.0,0.7854214578542146,0.2197780221977802,0.9058848716355359,1.0,0.905884871635536,0.9058848716355359,0.9662004749802681,0.15583661067020654,0.9999999996046233,0.9999999999939124,0.9271535421191048,0.07403631263799222,1.0,0.5530720145563724,0.9999999996046233,0.5530720145563724,0.9927535241478603,0.004678369411707893,0.9999999999016121,0.1618974793048153,0.9977624495913037,0.0024511059929027326,1.0,0.09216158533314274,0.1618974793048153,0.09216158533314274,0.9998546447854291,0.0017178256315419965,0.9999999998332031,0.12918048749195812,0.9996576968154325,0.0003778642109026221,1.0,0.02841538865987718,0.12918048749195812,0.02841538865987718
gRNA_14673,controlsgRNA,0.5975750455737049,1.2407831642268143,-1.7723669077578486,-0.0891163430945961,-1.2660955484824108,-0.25784411790686723,-0.0891163430945961,4097.605061003163,-1.1415569104887682,-0.3725962574272934,-0.3059115469708174,-0.2191329385776228,-0.7945050125102718,-0.5667405331949548,-0.3725962574272934,-0.39930492721505545,-0.39930492721505545,-0.39930492721505545,0.0,0.0,0.0,0.19998530694651753,0.19998530694651753,0.19998530694651753,-0.19905729731321095,-0.10039944856946942,-1.4780439658160762,0.041292841078298836,-0.04160384250974528,-0.35556234262604064,-0.10039944856946942,0,0.0,0.0,0.0,0.0,,,,,non-targeting control,,0.7026297370262974,0.30086991300869914,0.8605497756413283,1.0,0.7026297370262975,0.30086991300869914,0.8605497756413285,1.0,0.8605497756413283,0.8605497756413285,0.7964492030268897,0.4873237088464869,0.9999999996046233,0.9999999999939124,0.6695176294935161,0.33294882716886365,0.9289248291127752,1.0,0.9999999996046233,0.9289248291127752,0.36831209278393284,0.6020541515441712,0.6154904306078166,1.0,0.33994200035029737,0.6640092955376741,0.5416025090326771,1.0,0.6154904306078166,0.5416025090326771,0.09262031585093917,0.5581139232730481,0.23372643463055792,0.9999999999481898,0.1947345180028187,0.8124939710927221,0.39578475010302616,1.0,0.23372643463055792,0.39578475010302616
gRNA_14674,controlsgRNA,-1.1299812913368263,0.033571231090079916,-1.3311369650419485,-1.0662507435276318,-3.189384192638265,-1.3366363922909184,-1.1299812913368263,3250.248531405332,0.40957460872761053,0.06508468949101386,-0.28447993437670815,-0.3482527601669159,0.3108526703405536,0.030555854803110783,0.06508468949101386,-0.8766950512536728,-0.8766950512536728,-0.8766950512536728,0.0,0.0,0.0,-0.03635485163409574,-0.03635485163409574,-0.03635485163409574,-0.41097557359816844,-1.291484510760234,-1.2052728415315737,-1.3101668887308187,-1.558919304998657,-1.1553638239238904,-1.291484510760234,0,0.0,0.0,0.0,0.0,,,,,non-targeting control,,0.9662033796620338,0.03889611038896109,0.9872078009590346,1.0,0.9662033796620338,0.038896110388961076,0.9872078009590346,1.0,0.9872078009590346,0.9872078009590346,0.0759579783826909,0.9820248202883674,0.17629753007340604,0.9999999999939124,0.03404005770124579,0.966854119761903,0.0799941355979276,1.0,0.17629753007340604,0.0799941355979276,0.9961248082615529,0.015188436614364238,0.9999999999016121,0.3005711666842607,0.9948858763438533,0.005332449271763717,1.0,0.12531255788644735,0.3005711666842607,0.12531255788644735,0.9245687714917237,0.07064102387498614,0.9999999998332031,0.9999999999481898,0.9468688976405708,0.05426568421315789,0.9889519597579295,1.0,0.9999999998332031,0.9889519597579295
gRNA_14675,controlsgRNA,-0.0845730352081927,-0.6825310296154918,2.062011315651338,-0.17089238241236548,-0.6088382118395562,0.10303533131514635,-0.17089238241236548,2845.7297785811115,-1.2632729012689785,-0.720392928391301,-0.9575531434947541,-0.9919127835970342,-2.090319181667453,-1.204690187683904,-0.9919127835970342,0.14710529371209602,0.14710529371209602,0.14710529371209602,0.0,0.0,0.0,-0.29721569860161345,-0.29721569860161345,-0.29721569860161345,-0.07688441073878159,-0.7575616345106729,0.9008840332100047,0.04698415285022261,0.7677504711864288,0.17623452239944032,0.04698415285022261,0,0.0,0.0,0.0,0.0,,,,,non-targeting control,,0.07289271072892711,0.9323067693230677,0.18644666145630337,1.0,0.07289271072892713,0.9323067693230677,0.1864466614563034,1.0,0.18644666145630337,0.1864466614563034,0.9955774087803607,0.04341948624168991,0.9999999996046233,0.6014016165354346,0.9859120468741677,0.014530905380183586,1.0,0.23462962259135137,0.6014016165354346,0.23462962259135137,0.01047819591775015,0.9550523617424249,0.03132675911089196,1.0,0.01102042090552163,0.9900016530425423,0.029387789081391013,1.0,0.03132675911089196,0.029387789081391013,0.0383426665952162,0.9083633539971269,0.12758267822833,0.9999999999481898,0.056597695191730434,0.9520721203173749,0.15881144322455704,1.0,0.12758267822833,0.15881144322455704
gRNA_14676,controlsgRNA,0.1359965913507047,1.351578962485226,-2.0906975911477463,0.8219974974324944,-0.5426344822424826,-0.06475180442436079,0.1359965913507047,3466.7871667419795,-0.8513377464575586,-0.7381403945368245,-0.7762220117013073,-0.8848418634634861,-1.192031114604157,-0.8885146261526667,-0.8513377464575586,-0.39102279231831866,-0.39102279231831866,-0.39102279231831866,0.0,0.0,0.0,0.03286438854538821,0.03286438854538821,0.03286438854538821,0.3904601512526031,0.07213038155448417,0.6374210401889061,-0.03928100514660461,-0.38786242367697876,0.134573628834482,0.07213038155448417,0,0.0,0.0,0.0,0.0,,,,,non-targeting control,,0.6889311068893111,0.31586841315868414,0.8520990006262533,1.0,0.6889311068893109,0.3158684131586841,0.852099000626253,1.0,0.8520990006262533,0.852099000626253,0.9852160865223301,0.1566587333245045,0.9999999996046233,0.9999999999939124,0.9429292145656576,0.05798036301051579,1.0,0.5069910812082311,0.9999999996046233,0.5069910812082311,0.03140705369125021,0.9912362537063887,0.07872701458606719,1.0,0.013402415645109972,0.9870828463062968,0.034753850224561025,1.0,0.07872701458606719,0.034753850224561025,0.03381635988474368,0.6772702015831162,0.11773103070984835,0.9999999999481898,0.07587501567473529,0.9284882824274042,0.19811809648403103,1.0,0.11773103070984835,0.19811809648403103
gRNA_14677,controlsgRNA,0.06309043623180785,0.23334174841157468,-0.7544544239342896,-0.47074471734044104,-0.9759092847129588,-0.3809352482688614,-0.47074471734044104,2131.7668323542703,-0.2898900970889925,-0.08642030643104918,0.34632178719424106,-0.5070053490747377,-0.5234551211210325,-0.2120898173043142,-0.2898900970889925,-0.014197499334895615,-0.014197499334895615,-0.014197499334895615,0.0,0.0,0.0,0.7538704396104415,0.7538704396104415,0.7538704396104415,-0.25733078445012697,0.3764182101305692,-0.7476176621931516,-0.2196679717805001,-0.1706389829580313,-0.20376743825024818,-0.2196679717805001,0,0.0,0.0,0.0,0.0,,,,,non-targeting control,,0.19938006199380062,0.805919408059194,0.40522650437658936,1.0,0.19938006199380065,0.805919408059194,0.4052265043765894,1.0,0.40522650437658936,0.4052265043765894,0.3194799051282471,0.8750507625672734,0.57597431409948,0.9999999999939124,0.20586309987799506,0.7961761800127186,0.3668460926735836,1.0,0.57597431409948,0.3668460926735836,0.2871988312625873,0.8533266755897783,0.5142226693082516,1.0,0.2005904863819118,0.8013621502969248,0.35915248990285165,1.0,0.5142226693082516,0.35915248990285165,0.45682983737364324,0.7663543652888544,0.7186946395501668,0.9999999999481898,0.33365284419094543,0.6686865672612512,0.5702430427990703,1.0,0.7186946395501668,0.5702430427990703
gRNA_14678,controlsgRNA,-0.4051271648794074,-0.8610737319268243,-0.96232452849147,-0.44498779954946355,-0.5761122662224044,-0.649925098213914,-0.5761122662224044,3375.327609579756,-0.11718434090001954,-0.11023841123899628,-0.3076114835684198,-0.2791484541351277,-0.23430562481511583,-0.20969766293153583,-0.23430562481511583,-0.27796849074426894,-0.27796849074426894,-0.27796849074426894,0.0,0.0,0.0,-0.17803743307758801,-0.17803743307758801,-0.17803743307758801,-0.8773976273827764,-0.8737349702838687,-0.5739838068387676,-0.177759095508095,0.07153808789302328,-0.4862674824240968,-0.5739838068387676,0,0.0,0.0,0.0,0.0,,,,,non-targeting control,,0.4894510548945107,0.516048395160484,0.6997475157427224,1.0,0.4894510548945106,0.516048395160484,0.6997475157427223,1.0,0.6997475157427224,0.6997475157427223,0.40635126361485435,0.9245667442398922,0.6882345726089425,0.9999999999939124,0.20533326160370857,0.7965668475355221,0.3668460926735836,1.0,0.6882345726089425,0.3668460926735836,0.678767636386636,0.47467866832992966,0.905063340772211,1.0,0.6157794958716324,0.38682308827587975,0.8110149881362865,1.0,0.905063340772211,0.8110149881362865,0.8134299098639632,0.5759911088344926,0.9583048281871349,0.9999999999481898,0.6377984832098331,0.36525783367414877,0.8298001027228279,1.0,0.9583048281871349,0.8298001027228279
gRNA_14679,controlsgRNA,-0.3880282504514573,-0.18644512638057986,-0.6100718308795049,0.19308391120080287,-0.9506475423886909,-0.388421767779886,-0.3880282504514573,4523.69332730833,-0.45300355025684397,-0.4380822744876065,-0.2006054946392544,-0.4027323679091812,-0.5088042507927428,-0.4006455876171257,-0.4380822744876065,-0.25752611216482135,-0.25752611216482135,-0.25752611216482135,0.0,0.0,0.0,-0.6037638913542565,-0.6037638913542565,-0.6037638913542565,-0.3349301621215188,-0.7877336743838351,-0.3419323033960881,-0.4682410013988803,0.3728098341068089,-0.3120054614387027,-0.3419323033960881,0,0.0,0.0,0.0,0.0,,,,,non-targeting control,,0.4491550844915507,0.5553444655534445,0.664890991215839,1.0,0.44915508449155084,0.5553444655534446,0.6648909912158391,1.0,0.664890991215839,0.6648909912158391,0.7014480956015474,0.7422184307179291,0.9999999996046233,0.9999999999939124,0.47728755536737466,0.5246069169008286,0.7415707471823673,1.0,0.9999999996046233,0.7415707471823673,0.43176386329465677,0.7304744012486397,0.6708854867039666,1.0,0.3494419774626497,0.6535683732152073,0.554388960025132,1.0,0.6708854867039666,0.554388960025132,0.4999076147461968,0.7883256686440594,0.7528977279534732,0.9999999999481898,0.34217415428606346,0.6603833495762177,0.5789196945191682,1.0,0.7528977279534732,0.5789196945191682
gRNA_14680,controlsgRNA,-0.25719395026212677,-1.8939864424703428,-3.160197957918125,-0.6045595126744246,-0.5712168370139427,-1.2974309400677924,-0.6045595126744246,3004.3078776924235,-1.8646931957539332,-0.9767831983746528,-0.6850092952675754,-1.1015530361832067,-1.6418394373159715,-1.2539756325790676,-1.1015530361832067,-0.6007632818637721,-0.6007632818637721,-0.6007632818637721,0.0,0.0,0.0,-0.45450607577511287,-0.45450607577511287,-0.45450607577511287,-0.987804257459324,-0.8588065389796857,-0.015556033567116568,-0.6987829564154675,-0.16678732322539871,-0.5455474219293984,-0.6987829564154675,0,0.0,0.0,0.0,0.0,,,,,non-targeting control,,0.8885111488851115,0.11678832116788318,0.9545148342308627,1.0,0.8885111488851116,0.11678832116788312,0.9545148342308628,1.0,0.9545148342308627,0.9545148342308628,0.9967023721615857,0.03330392416475953,0.9999999996046233,0.5246630663878483,0.9897857381928973,0.010602154311159049,1.0,0.19932050104979013,0.5246630663878483,0.19932050104979013,0.7568586039920095,0.3945585557842588,0.9517686792675437,1.0,0.7007262547316944,0.30302476187799865,0.8931290568783631,1.0,0.9517686792675437,0.8931290568783631,0.9061677694333696,0.09521483536227479,0.9962546237045233,0.9999999999481898,0.9205431006355358,0.08131430856526084,0.9847867511853902,1.0,0.9962546237045233,0.9847867511853902
gRNA_14681,controlsgRNA,-0.5105771517140489,-1.6957393244899819,-1.1294767251871094,-0.5201509049536844,-0.5750690620331464,-0.8862026336755943,-0.5750690620331464,4381.623738514836,-0.5882592796297992,-0.1919408560566914,-0.6732086092199994,-0.3701057146714741,-0.7870630817910723,-0.5221155082738073,-0.5882592796297992,-0.5306924133419799,-0.5306924133419799,-0.5306924133419799,0.0,0.0,0.0,-0.4067815647986924,-0.4067815647986924,-0.4067815647986924,-0.6918204264242436,-1.6136165198103096,-0.839876173491616,-0.49740535066498437,-0.3486829140776957,-0.7982802768937699,-0.6918204264242436,0,0.0,0.0,0.0,0.0,,,,,non-targeting control,,0.841915808419158,0.16398360163983605,0.9365690649869923,1.0,0.841915808419158,0.16398360163983605,0.9365690649869923,1.0,0.9365690649869923,0.9365690649869923,0.8055583707419106,0.5613269166363998,0.9999999996046233,0.9999999999939124,0.6407614248893818,0.3618020878300553,0.9031508751006712,1.0,0.9999999996046233,0.9031508751006712,0.9497745615765042,0.14739353277322575,0.9999999999016121,1.0,0.9182238141763254,0.08379019176076047,1.0,0.7182351533364737,0.9999999999016121,0.7182351533364737,0.898577253875005,0.321244777447563,0.9937207278147113,0.9999999999481898,0.8123372219553368,0.19019167963128325,0.9398116783237126,1.0,0.9937207278147113,0.9398116783237126
gRNA_14682,controlsgRNA,-0.6226428672686457,-2.5720585044842603,-1.805404930886505,0.0479399816671531,1.0449127383014096,-0.7814507165341696,-0.6226428672686457,2617.5026359391477,0.9616714431830716,0.42893772155098026,-0.3321301615468379,0.06629483704375107,0.7859283884833098,0.38214044574285494,0.42893772155098026,-0.5205529060476479,-0.5205529060476479,-0.5205529060476479,0.0,0.0,0.0,0.21456133870093919,0.21456133870093919,0.21456133870093919,-0.6303675600483132,-0.22260728332006322,-1.7940258862063665,-0.8323740203288192,-1.0176986824346952,-0.8994146864676515,-0.8323740203288192,0,0.0,0.0,0.0,0.0,,,,,non-targeting control,,0.821017898210179,0.18428157184281574,0.9242596698413991,1.0,0.821017898210179,0.18428157184281574,0.9242596698413991,1.0,0.9242596698413991,0.9242596698413991,0.0017023922021991635,0.9980527882175376,0.006957602913335712,0.9999999999939124,0.0007687467658318441,0.9993074591167895,0.0028904878395277335,1.0,0.006957602913335712,0.0028904878395277335,0.9598772096403201,0.08322758137198974,0.9999999999016121,1.0,0.9523234065308518,0.04886438972147802,1.0,0.5430608396215376,0.9999999999016121,0.5430608396215376,0.31094655971429114,0.2060364121253472,0.5555258118067541,0.9999999999481898,0.595397228702722,0.4128144108645775,0.7966881067338913,1.0,0.5555258118067541,0.7966881067338913
gRNA_14683,controlsgRNA,-1.7747652106148797,-2.3548245787090574,-2.0183634016532874,-1.6014953947967052,-2.567264296302643,-2.0633425764153146,-2.0183634016532874,2842.596776622985,-0.6371928284276136,-0.09558693854148777,0.1987292367436789,0.039580092478278595,-0.8363786496672185,-0.2661698174828725,-0.09558693854148777,-0.39581614649301605,-0.39581614649301605,-0.39581614649301605,0.0,0.0,0.0,-0.19679284410778927,-0.19679284410778927,-0.19679284410778927,-0.884700234339356,-1.0461900812635072,-0.10894848291594261,-1.1014394551957196,-1.036876572759402,-0.8356309652947855,-1.036876572759402,0,0.0,0.0,0.0,0.0,,,,,non-targeting control,,0.6992300769923008,0.3067693230676932,0.8591846697683173,1.0,0.6992300769923008,0.3067693230676932,0.8591846697683173,1.0,0.8591846697683173,0.8591846697683173,0.3111038139919357,0.8115503234947503,0.5706099222486235,0.9999999999939124,0.23138997686785756,0.7708378581938788,0.4027899597329372,1.0,0.5706099222486235,0.4027899597329372,0.9557770171582478,0.10884985109171033,0.9999999999016121,1.0,0.9438081205982497,0.05726316010395953,1.0,0.5941808218971064,0.9999999999016121,0.5941808218971064,0.9999333404076134,0.003146572101665855,0.9999999998332031,0.19718518503772692,0.9994729589145803,0.0005623932125485702,1.0,0.03524330798637707,0.19718518503772692,0.03524330798637707
gRNA_14684,controlsgRNA,-0.626279833956991,-1.9834967587637977,0.360102934518819,0.09026398845466668,-0.17007419455247608,-0.4658967728599558,-0.17007419455247608,5567.82647989155,-0.36533986611514047,0.07554616067739853,0.039255305653557025,-0.4917719129318782,-0.20657159381519347,-0.18977638130625132,-0.20657159381519347,-0.3719659795022605,-0.3719659795022605,-0.3719659795022605,0.0,0.0,0.0,-0.49662797266070063,-0.49662797266070063,-0.49662797266070063,-0.6753518903770113,-0.802083490430209,0.5203984533228555,-0.4775942323494142,-0.5178019666386745,-0.3904866252944907,-0.5178019666386745,0,0.0,0.0,0.0,0.0,,,,,non-targeting control,,0.6412358764123588,0.3634636536346365,0.8200839779967583,1.0,0.6412358764123588,0.3634636536346365,0.8200839779967583,1.0,0.8200839779967583,0.8200839779967583,0.30609181672188157,0.9203165476799969,0.5669483895932388,0.9999999999939124,0.16643395228849156,0.8348383422053235,0.3176607414237199,1.0,0.5669483895932388,0.3176607414237199,0.48519113357287913,0.55647168935338,0.7126244774351662,1.0,0.4908130019662926,0.5139071058111672,0.7070716043652338,1.0,0.7126244774351662,0.7070716043652338,0.3685554449123547,0.5943347394310119,0.6270802704193026,0.9999999999481898,0.3571497447240253,0.6469752879533192,0.5995013572153282,1.0,0.6270802704193026,0.5995013572153282
gRNA_14685,controlsgRNA,-0.06109599227861927,-0.9173202176320884,0.43296421789345035,-0.7635081666108156,1.3592574975165317,0.010059467777691778,-0.06109599227861927,5903.5396897123055,-0.8284823637065716,-0.26944909330849587,-0.265064550696002,-0.47112534906641257,-1.0893250616620964,-0.5846892836879156,-0.47112534906641257,-0.23399614218397158,-0.23399614218397158,-0.23399614218397158,0.0,0.0,0.0,-0.47496323158249076,-0.47496323158249076,-0.47496323158249076,0.20711291067726412,-0.1321531552066293,-0.2399497490341681,0.37759097925347745,0.5839316503588607,0.159306527209761,0.20711291067726412,0,0.0,0.0,0.0,0.0,,,,,non-targeting control,,0.3938606139386061,0.6114388561143886,0.6170482951704829,1.0,0.39386061393860616,0.6114388561143885,0.617048295170483,1.0,0.6170482951704829,0.617048295170483,0.8215750994803802,0.4675341394275233,0.9999999996046233,0.9999999999939124,0.6960310036084345,0.3068084851137531,0.9551374356086547,1.0,0.9999999996046233,0.9551374356086547,0.029156648136790104,0.9946516782339002,0.07559702560247293,1.0,0.01082978854266617,0.989476017172111,0.029294967568650934,1.0,0.07559702560247293,0.029294967568650934,0.06419089384434891,0.8782505248738842,0.18565981604211684,0.9999999999481898,0.07225260350811977,0.930525632882336,0.1913167529510777,1.0,0.18565981604211684,0.1913167529510777
gRNA_14686,controlsgRNA,0.18590064728308564,-0.012605653407168516,0.8434299215293414,-1.0808384971031753,-0.7961557924918344,-0.17205387483795026,-0.012605653407168516,3860.099412562133,-0.21983386900258528,-0.1604105606140819,-0.1620200086078095,-0.35086306768953524,0.06516839697145874,-0.16559182178851065,-0.1620200086078095,-0.25717082946709346,-0.25717082946709346,-0.25717082946709346,0.0,0.0,0.0,-0.38763757999516063,-0.38763757999516063,-0.38763757999516063,-0.8428660280120754,-0.5805146738680597,-0.7004666863718388,-0.9311068258901006,-0.8933426082970889,-0.7896593644878327,-0.8428660280120754,0,0.0,0.0,0.0,0.0,,,,,non-targeting control,,0.4447555244475554,0.5601439856014399,0.6609805422619796,1.0,0.44475552444755523,0.5601439856014399,0.6609805422619793,1.0,0.6609805422619796,0.6609805422619793,0.3158676208124996,0.9436264583226966,0.57597431409948,0.9999999999939124,0.15302557918785914,0.8487496798534135,0.2935592743603828,1.0,0.57597431409948,0.2935592743603828,0.9840643953057959,0.16061515935962847,0.9999999999016121,1.0,0.940544123176636,0.06023711090291967,1.0,0.5952274182925836,0.9999999999016121,0.5952274182925836,0.17363563105522442,0.818650561865903,0.3688530919591208,0.9999999999481898,0.15741511716216894,0.8446271682166343,0.33251732614031193,1.0,0.3688530919591208,0.33251732614031193
gRNA_14687,controlsgRNA,-0.22659686980242127,-1.9050770944862745,-0.2216113271718078,-0.4835328301024332,0.303548249920031,-0.5066539743285812,-0.22659686980242127,5067.992167495105,-0.7860332588485043,-0.7587464307206226,0.025335648976902193,-0.582391338822819,-0.8524763611472757,-0.590862348112464,-0.7587464307206226,-0.30971344844162313,-0.30971344844162313,-0.30971344844162313,0.0,0.0,0.0,-0.4453049577747267,-0.4453049577747267,-0.4453049577747267,-0.4822775814280744,-0.1800919693864461,-0.21111237522944093,-0.38624760481337256,-0.5118508032286114,-0.3543160668171891,-0.38624760481337256,0,0.0,0.0,0.0,0.0,,,,,non-targeting control,,0.5666433356664335,0.4388561143885611,0.7636483663461613,1.0,0.5666433356664333,0.43885611438856115,0.7636483663461611,1.0,0.7636483663461613,0.7636483663461611,0.8010879109912253,0.4301770234551867,0.9999999996046233,0.9999999999939124,0.7106421779470645,0.2912145116757845,0.968121227927885,1.0,0.9999999996046233,0.968121227927885,0.6294561714402973,0.7854693584188115,0.8660927023819114,1.0,0.41067614789414036,0.5917386509483921,0.6201374763381396,1.0,0.8660927023819114,0.6201374763381396,0.46192766605411406,0.6108617871750996,0.7236866768181119,0.9999999999481898,0.4042930590658988,0.5983111830226632,0.6454932798832087,1.0,0.7236866768181119,0.6454932798832087
gRNA_14688,controlsgRNA,0.3243456155859671,0.5486126254493073,0.14435671130766517,0.7026823940861084,-0.9050008510281804,0.16299929908017355,0.3243456155859671,2557.6140985088114,-0.41253707915867227,-0.28640180543983995,-0.2861512116803237,-0.4457168857123207,-0.33404405997042297,-0.35297020839231597,-0.33404405997042297,-0.3651680574432413,-0.3651680574432413,-0.3651680574432413,0.0,0.0,0.0,0.4125332239780491,0.4125332239780491,0.4125332239780491,-0.5507242985205841,-0.5363746659249861,0.07386638768497314,-0.501958607333624,-1.2398584878830592,-0.551009934395456,-0.5363746659249861,0,0.0,0.0,0.0,0.0,,,,,non-targeting control,,0.6261373862613737,0.37966203379662034,0.8090297499459674,1.0,0.6261373862613738,0.37966203379662034,0.8090297499459675,1.0,0.8090297499459674,0.8090297499459675,0.6393600755416852,0.8056914376763677,0.9812219934843822,0.9999999999939124,0.4028999406820652,0.5995543023358105,0.6391999058922215,1.0,0.9812219934843822,0.6391999058922215,0.7444355553118802,0.3959255194459865,0.9517686792675437,1.0,0.6898190474524029,0.31252483717574187,0.8851279336547311,1.0,0.9517686792675437,0.8851279336547311,0.04557387724855218,0.9713801100610913,0.1452184563174205,0.9999999999481898,0.02471210404759657,0.9759508336486362,0.08394953139555231,1.0,0.1452184563174205,0.08394953139555231
gRNA_14689,controlsgRNA,-0.4379367991247196,-2.332904555216272,-2.1116671588973785,-1.8567830268386565,-0.6937473651801341,-1.4866077810514322,-1.8567830268386565,2511.1010694381685,-1.397227881844661,-0.7752098788891142,-0.4867440652091784,-1.0100496530911953,-1.9904256988999838,-1.1319314355868264,-1.0100496530911953,-0.2832863540871763,-0.2832863540871763,-0.2832863540871763,0.0,0.0,0.0,0.227943553314772,0.227943553314772,0.227943553314772,-1.1269419847916686,-0.8806979634141168,-0.16946697453943876,-0.4381735659142621,-1.1040485301582978,-0.7438658037635568,-0.8806979634141168,0,0.0,0.0,0.0,0.0,,,,,non-targeting control,,0.5172482751724827,0.48805119488051185,0.7229938716165557,1.0,0.5172482751724827,0.48805119488051196,0.7229938716165557,1.0,0.7229938716165557,0.7229938716165557,0.9885806678853044,0.05786789628431218,0.9999999996046233,0.7018815807387543,0.9767960937313008,0.02398063864442054,1.0,0.29954365736240696,0.7018815807387543,0.29954365736240696,0.9212077711834469,0.1847377184093236,0.9999999999016121,1.0,0.8904263148950844,0.11094939445613416,1.0,0.8179798493236559,0.9999999999016121,0.8179798493236559,0.9791672484072905,0.03699102999526169,0.9999999998332031,0.9999999999481898,0.9807485603042375,0.02000679659018244,1.0,0.6838686834462362,0.9999999998332031,0.6838686834462362
gRNA_14690,controlsgRNA,-0.8637310213995936,0.9178830042896092,-0.05059410224446581,-0.36463892888599947,-0.35412105449011777,-0.1430404205461135,-0.35412105449011777,4247.025154390722,-0.25796951532955426,-0.08266493848690432,-0.06068044715327959,-0.4619677628212346,0.13377260098722601,-0.14590201256074936,-0.08266493848690432,-0.1742706717982514,-0.1742706717982514,-0.1742706717982514,0.0,0.0,0.0,0.144595425891025,0.144595425891025,0.144595425891025,-0.47377725030553697,-0.1264933810960994,-1.5923606164075186,-0.4507440328329775,-0.7259052580994282,-0.6738561077483121,-0.47377725030553697,0,0.0,0.0,0.0,0.0,,,,,non-targeting control,,0.30966903309669036,0.6947305269473054,0.5292525292925253,1.0,0.30966903309669025,0.6947305269473053,0.5292525292925252,1.0,0.5292525292925253,0.5292525292925252,0.26959376708508825,0.9440015451297313,0.517179879714251,0.9999999999939124,0.13389891861084274,0.8675475714933084,0.2677978372216855,1.0,0.517179879714251,0.2677978372216855,0.8523516577959473,0.2539124389120699,0.9999999999016121,1.0,0.8128213593848268,0.1906297159790849,0.9940196027076852,1.0,0.9999999999016121,0.9940196027076852,0.18693379931550633,0.8929408068079544,0.3883265665338695,0.9999999999481898,0.13566515422249864,0.8668882885437135,0.3045839092922615,1.0,0.3883265665338695,0.3045839092922615
gRNA_14691,controlsgRNA,-0.947388044196233,0.3900608996486567,-0.43362734986986706,-0.5108871833139625,-1.4932592483325144,-0.5990201852127841,-0.5108871833139625,2535.442084651303,-0.16439835442631395,-0.3258247690541482,-0.6089068053753501,0.06825705486890829,-0.3528942277415462,-0.27675342034569006,-0.3258247690541482,-0.5256372802511647,-0.5256372802511647,-0.5256372802511647,0.0,0.0,0.0,0.1483787526845811,0.1483787526845811,0.1483787526845811,-1.0238636586966727,-0.7304244099688825,-1.7905041807492401,0.02167574538489238,-1.0532926276867953,-0.9152818263433395,-1.0238636586966727,0,0.0,0.0,0.0,0.0,,,,,non-targeting control,,0.83001699830017,0.17478252174782524,0.9288285457168569,1.0,0.83001699830017,0.17478252174782521,0.9288285457168569,1.0,0.9288285457168569,0.9288285457168569,0.4484487681186671,0.8573880971651646,0.7363176280027023,0.9999999999939124,0.274207369368082,0.7281516654106349,0.4665247551239766,1.0,0.7363176280027023,0.4665247551239766,0.919741246223861,0.06628767375838551,0.9999999999016121,0.8901487618983198,0.9509311185082929,0.050550876028600575,1.0,0.5430608396215376,0.8901487618983198,0.5430608396215376,0.5870609983884234,0.5370374864747365,0.8026724923419898,0.9999999999481898,0.5347845998147448,0.4689513972210853,0.7502948116803883,1.0,0.8026724923419898,0.7502948116803883
gRNA_14692,controlsgRNA,-0.6881598734602552,-1.1956189004887254,-2.5504913781216016,-0.3532226964684593,-0.9956390248297253,-1.1566263746737535,-0.9956390248297253,4342.822714264196,0.41598941651050647,-0.011246606368245697,0.18417434192803656,0.0167271278487779,-0.5467722980540185,0.011774396373011364,0.0167271278487779,-0.3620434806668393,-0.3620434806668393,-0.3620434806668393,0.0,0.0,0.0,-0.11192362252337497,-0.11192362252337497,-0.11192362252337497,0.05347673091624617,-0.035383159709411784,-1.0641315547948929,0.005848737177014653,-0.2894023565338253,-0.2659183205889738,-0.035383159709411784,0,0.0,0.0,0.0,0.0,,,,,non-targeting control,,0.6158384161583843,0.3893610638936105,0.80122921963859,1.0,0.6158384161583842,0.38936106389361064,0.8012292196385898,1.0,0.80122921963859,0.8012292196385898,0.07989505619302932,0.9778048204027777,0.1831740312718233,0.9999999999939124,0.036853560931605696,0.963919899342353,0.08606794354213504,1.0,0.1831740312718233,0.08606794354213504,0.3333190340137285,0.7759459099663684,0.5748988843539538,1.0,0.2510536816201472,0.7521721605449814,0.429073564950797,1.0,0.5748988843539538,0.429073564950797,0.9430869642316951,0.13253615102087205,0.9999999998332031,0.9999999999481898,0.9209374982878491,0.08083762150019447,0.9847867511853902,1.0,0.9999999998332031,0.9847867511853902
gRNA_14693,controlsgRNA,-0.4177289172035136,0.2350176782745735,-2.9250930299915154,-1.5396399026630598,0.3296432632379011,-0.863560181669123,-0.4177289172035136,2045.7297785811115,-0.4796612928202588,-0.6115325178133955,-0.9306678176928171,-0.7544569808317443,-1.560010884550013,-0.8672658987416456,-0.7544569808317443,-0.3930643442598189,-0.3930643442598189,-0.3930643442598189,0.0,0.0,0.0,-0.1536549335243724,-0.1536549335243724,-0.1536549335243724,-0.7347539552574089,-0.055334890915034185,-1.9291080098139959,-0.049200571901921876,-0.17091410405128946,-0.5878623063879301,-0.17091410405128946,0,0.0,0.0,0.0,0.0,,,,,non-targeting control,,0.6933306669333066,0.31116888311168894,0.8547289533341746,1.0,0.6933306669333067,0.3111688831116889,0.8547289533341748,1.0,0.8547289533341746,0.8547289533341748,0.965903320164766,0.18002505921173628,0.9999999996046233,0.9999999999939124,0.917413076075438,0.0839754320861602,1.0,0.565830628446594,0.9999999996046233,0.565830628446594,0.5956410443329093,0.3065372323384323,0.835675495034231,1.0,0.6366826564234419,0.3676559139431141,0.8305665913690331,1.0,0.835675495034231,0.8305665913690331,0.4747286277161512,0.23649806537544468,0.731549032874069,0.9999999999481898,0.633056694462476,0.373760484876106,0.8266561309559608,1.0,0.731549032874069,0.8266561309559608
gRNA_14694,controlsgRNA,-0.01737427188437203,0.07204146489816579,-0.10644998710381853,-0.6421835735183131,-0.15306634339997963,-0.16940654220166348,-0.10644998710381853,6377.225485765928,-0.7325229266904931,-0.49130604987769905,-0.16818531719330432,-0.4981939343176314,-1.0554683651617642,-0.5891353186481785,-0.4981939343176314,0.019104757452278534,0.019104757452278534,0.019104757452278534,0.0,0.0,0.0,-0.28526113190425156,-0.28526113190425156,-0.28526113190425156,-0.09786446341924496,0.07142141382771049,0.6219141660502641,-0.04118276726857334,0.026791689830905595,0.11621600780421237,0.026791689830905595,0,0.0,0.0,0.0,0.0,,,,,non-targeting control,,0.17538246175382463,0.8289171082891711,0.36840114871194446,1.0,0.17538246175382471,0.8289171082891711,0.3684011487119446,1.0,0.36840114871194446,0.3684011487119446,0.8370609381405024,0.4685375047911705,0.9999999996046233,0.9999999999939124,0.7067534942629314,0.2957686707411792,0.966324777610408,1.0,0.9999999996046233,0.966324777610408,0.04517707231187556,0.9952769698999601,0.10550670303891434,1.0,0.015539905319159537,0.9850388667232768,0.039218081065716004,1.0,0.10550670303891434,0.039218081065716004,0.30309360227772597,0.9406585424522527,0.5547853447553216,0.9999999999481898,0.1490877564308507,0.8527138498236135,0.3185056614659083,1.0,0.5547853447553216,0.3185056614659083
gRNA_14695,controlsgRNA,-0.4887144845205288,-0.21337222982151036,-1.4986081190138638,-0.9963901538566188,-0.7918213940873622,-0.7977812762599769,-0.7918213940873622,4181.834613646633,-0.07984239608066461,0.16813631607817617,0.0023807501677081074,-0.045951895395788374,-0.1257592687085559,-0.01620729878782492,-0.045951895395788374,-0.5686479102201772,-0.5686479102201772,-0.5686479102201772,0.0,0.0,0.0,0.025762324794169185,0.025762324794169185,0.025762324794169185,-0.41413871419337844,-0.8157628615867252,-1.0173736086083978,-0.9547882415373857,-0.643154331596722,-0.7690435515045217,-0.8157628615867252,0,0.0,0.0,0.0,0.0,,,,,non-targeting control,,0.8624137586241376,0.1441855814418558,0.9453865109115911,1.0,0.8624137586241376,0.14418558144185578,0.9453865109115911,1.0,0.9453865109115911,0.9453865109115911,0.13381816545606395,0.9883448699117297,0.293051216781091,0.9999999999939124,0.0475995846080709,0.9531189119538691,0.1078159265821365,1.0,0.293051216781091,0.1078159265821365,0.9714654528032622,0.17993645426050622,0.9999999999016121,1.0,0.9231603260652829,0.07795582117998767,1.0,0.7149119210652528,0.9999999999016121,0.7149119210652528,0.8564023482649429,0.3920165838683331,0.9757796452958137,0.9999999999481898,0.7549453519585212,0.24772076333627158,0.912731357994868,1.0,0.9757796452958137,0.912731357994868
gRNA_14696,controlsgRNA,0.35430204259476505,-1.9123424771938666,-0.12080250508325838,-0.3809816380225191,-0.17891551099641473,-0.44774801774025885,-0.17891551099641473,2799.0962494351556,-0.3748364488527847,-0.057485339633122384,-0.06870036240471755,-0.16889006926802613,0.07642157971709514,-0.11869812808831111,-0.06870036240471755,-0.21139418092448098,-0.21139418092448098,-0.21139418092448098,0.0,0.0,0.0,0.1690024980158983,0.1690024980158983,0.1690024980158983,0.4417464368077283,-0.6276503614341908,0.028679634261471264,-0.1214380745270094,-0.035696094664055114,-0.06287169191121116,-0.035696094664055114,0,0.0,0.0,0.0,0.0,,,,,non-targeting control,,0.35436456354364576,0.6504349565043497,0.5743149822948742,1.0,0.35436456354364565,0.6504349565043496,0.574314982294874,1.0,0.5743149822948742,0.574314982294874,0.24352715310489856,0.9618702085845665,0.4769073414970931,0.9999999999939124,0.10962755742683705,0.8924089807208864,0.22524569176224443,1.0,0.4769073414970931,0.22524569176224443,0.1333218461922959,0.9465514060504686,0.275434143781886,1.0,0.07604768727194124,0.925630943135901,0.16339388808142802,1.0,0.275434143781886,0.16339388808142802,0.38816888537039007,0.6484698016940923,0.6472574240478893,0.9999999999481898,0.34090562239049993,0.6624889797440907,0.5789196945191682,1.0,0.6472574240478893,0.5789196945191682
gRNA_14697,controlsgRNA,1.2068017844442118,-0.42557574335376014,-0.8688732509535332,0.2157825518502375,1.9296486755082243,0.41155680349907603,0.2157825518502375,944.1180900738062,1.62616709407216,0.9054974624437373,0.37953398782180103,0.5831530762841842,1.4795032730744089,0.9947709787392582,0.9054974624437373,0.6788990711975434,0.6788990711975434,0.6788990711975434,0.0,0.0,0.0,0.17520326760744007,0.17520326760744007,0.17520326760744007,-0.5205495590857122,-0.4208903970785256,0.24390649013948182,0.3053321571046771,-0.3261161931789314,-0.14366350041980205,-0.3261161931789314,0,0.0,0.0,0.0,0.0,,,,,non-targeting control,,0.0052994700529947,1.0,0.0262184307885001,1.0,0.005299470052994701,1.0,0.026218430788500103,1.0,0.0262184307885001,0.026218430788500103,9.06838715744327e-06,0.999999684606448,7.063485417123719e-05,0.9999999999939124,1.100866206478827e-06,0.9999992942935568,8.623451950750813e-06,1.0,7.063485417123719e-05,8.623451950750813e-06,0.19990184246305925,0.9076360475895449,0.3894460765083434,1.0,0.1300924891346451,0.8717642990521162,0.2574461890243503,1.0,0.3894460765083434,0.2574461890243503,0.0055793178547512805,0.9550306747488754,0.026222793917331018,0.9999999999481898,0.008248314086435605,0.9929246105203186,0.03481761841774976,1.0,0.026222793917331018,0.03481761841774976
gRNA_14698,controlsgRNA,-1.1906135377521305,0.6419629458938407,0.9483515680543776,-1.6136672402955399,1.3237561730961085,0.021957981799331262,0.6419629458938407,3252.8995330622083,-0.397306802491633,-0.10817229329215307,-0.026981330934402876,-0.2795962693108368,-0.15421258847865324,-0.19325385690153582,-0.15421258847865324,-0.29411540405643744,-0.29411540405643744,-0.29411540405643744,0.0,0.0,0.0,0.40685364860421436,0.40685364860421436,0.40685364860421436,0.3214855506573192,0.7648830772465705,0.9290552814969459,-0.037962890466294766,0.5866536299748929,0.5128229297818867,0.5866536299748929,0,0.0,0.0,0.0,0.0,,,,,non-targeting control,,0.5332466753324666,0.4715528447155284,0.7371351100184097,1.0,0.5332466753324667,0.47155284471552844,0.7371351100184098,1.0,0.7371351100184097,0.7371351100184098,0.3648892105640978,0.9305027923031046,0.6322504293645197,0.9999999999939124,0.18312411602627504,0.8187201883999893,0.34256053545213644,1.0,0.6322504293645197,0.34256053545213644,0.0005208353564482034,0.999906145664475,0.002454175740178202,1.0,0.00012249589227470865,0.9998958773619717,0.0005904930191703904,1.0,0.002454175740178202,0.0005904930191703904,0.018927982094413064,0.6855141721562374,0.07116921267499313,0.9999999999481898,0.05573502388608657,0.9470596149036453,0.15756668406893645,1.0,0.07116921267499313,0.15756668406893645
gRNA_14699,controlsgRNA,-0.49618830242630974,-1.5402634434691476,-0.7929595632178191,-0.9634028861645265,-0.9386614362395361,-0.9462951263034679,-0.9386614362395361,2890.917306823317,-0.8441640098640713,-0.8572452713051479,-0.24161988055537847,-0.5793196800814874,-1.3244755664452572,-0.7693648816502684,-0.8441640098640713,-0.6213958526806195,-0.6213958526806195,-0.6213958526806195,0.0,0.0,0.0,0.4301150903099895,0.4301150903099895,0.4301150903099895,-0.6427206000222313,-2.2513647152046192,-0.25041286024753484,-0.39102103155828405,-0.7531049862182478,-0.8577248386501835,-0.6427206000222313,0,0.0,0.0,0.0,0.0,,,,,non-targeting control,,0.9018098190180982,0.10328967103289671,0.9578544970361721,1.0,0.9018098190180983,0.10328967103289677,0.9578544970361722,1.0,0.9578544970361721,0.9578544970361722,0.9307232907718948,0.24807011011721164,0.9999999996046233,0.9999999999939124,0.8674848740563202,0.13398651645402548,1.0,0.7519243311449788,0.9999999996046233,0.7519243311449788,0.9080583084051415,0.1429274905410528,0.9999999999016121,1.0,0.8939425781077998,0.10821918478979042,1.0,0.8179798493236559,0.9999999999016121,0.8179798493236559,0.9443397754618331,0.2743060374824028,0.9999999998332031,0.9999999999481898,0.8655877594672297,0.13574481611964123,0.9635700099909593,1.0,0.9999999998332031,0.9635700099909593
gRNA_14700,controlsgRNA,-0.6527517432348087,0.16276248417286315,-1.4765678360841066,0.30220601760477506,0.6893139123723447,-0.19500743303378643,0.16276248417286315,2064.6482904051813,-0.3453170902310033,-0.6712887669474553,-0.3909213226675611,-0.3342387716349982,-0.6942543132973777,-0.48720405295567915,-0.3909213226675611,0.10729671099990264,0.10729671099990264,0.10729671099990264,0.0,0.0,0.0,0.5391453298370831,0.5391453298370831,0.5391453298370831,-0.7708162082783941,0.05919288153467076,-1.344736722496239,-1.0376666698575627,-0.6741844693166767,-0.7536422376828403,-0.7708162082783941,0,0.0,0.0,0.0,0.0,,,,,non-targeting control,,0.10258974102589744,0.9019098090190981,0.2441376115553002,1.0,0.10258974102589746,0.901909809019098,0.24413761155530028,1.0,0.2441376115553002,0.24413761155530028,0.7881011089404784,0.6297961161666941,0.9999999996046233,0.9999999999939124,0.5931035857097464,0.4094294678055322,0.8610306881346126,1.0,0.9999999996046233,0.8610306881346126,0.8796416663386027,0.14875121801846466,0.9999999999016121,1.0,0.8936789750334178,0.10842164194175774,1.0,0.8179798493236559,0.9999999999016121,0.8179798493236559,0.15712092284532747,0.7950582759588273,0.3414882484962031,0.9999999999481898,0.14875765907498645,0.8532156583796193,0.3185056614659083,1.0,0.3414882484962031,0.3185056614659083
gRNA_14701,controlsgRNA,-0.6335486644437984,-1.9754217118901183,0.6989086820402054,0.22776447067720074,-0.6492738860937394,-0.4663142219420499,-0.6335486644437984,1923.1812019882511,0.7981525016481877,0.5815200108911216,0.31764616596210876,1.3361695937692455,1.6588722451667823,0.9384721034874893,0.7981525016481877,-0.2335301514766726,-0.2335301514766726,-0.2335301514766726,0.0,0.0,0.0,1.5962940308966818,1.5962940308966818,1.5962940308966818,-0.521358443304127,-0.25101806808864113,0.8107041794528098,0.1773915358059385,0.1020932308071843,0.06356248693463291,0.1020932308071843,0,0.0,0.0,0.0,0.0,,,,,non-targeting control,,0.3886611338866113,0.6166383361663835,0.611450152055924,1.0,0.38866113388661133,0.6166383361663834,0.6114501520559241,1.0,0.611450152055924,0.6114501520559241,1.5106113349681528e-05,0.9999992841190795,0.00011137056116627951,0.9999999999939124,2.0003448628364633e-06,0.9999986571035386,1.4747640557382554e-05,1.0,0.00011137056116627951,1.4747640557382554e-05,0.04375743455768588,0.969334441402989,0.10282997121056182,1.0,0.02831493117785781,0.9727358370360794,0.06695857938914804,1.0,0.10282997121056182,0.06695857938914804,0.29991104250475104,0.539070647966403,0.5527772155969921,0.9999999999481898,0.35992081782803775,0.6434698402132971,0.6014676777926319,1.0,0.5527772155969921,0.6014676777926319
gRNA_14702,controlsgRNA,0.19524721808704942,0.7452004772272391,-0.8945370620607123,-1.0854223087317634,0.7432113171321237,-0.059260071669212655,0.19524721808704942,3664.648290405182,-2.2871120531076246,-1.0767868643944214,-1.0700682451927488,-1.2894425449443472,-2.7702455999754756,-1.6987310615229234,-1.2894425449443472,-0.7979915496266535,-0.7979915496266535,-0.7979915496266535,0.0,0.0,0.0,-0.8322625460271416,-0.8322625460271416,-0.8322625460271416,-0.25048643683836724,-0.3393394821433396,-0.16421963689368932,-0.5564500392073276,0.9485496014306879,-0.07238919873040717,-0.25048643683836724,0,0.0,0.0,0.0,0.0,,,,,non-targeting control,,0.9545045495450455,0.05099490050994898,0.9805839088222325,1.0,0.9545045495450455,0.05099490050994901,0.9805839088222325,1.0,0.9805839088222325,0.9805839088222325,0.9996394811041615,0.0047521628881139685,0.9999999996046233,0.14890110382757102,0.9988964369142836,0.0011893006274657503,1.0,0.040652457811556554,0.14890110382757102,0.040652457811556554,0.0728443661170496,0.8988678307736223,0.16303262892863482,1.0,0.08288788990327217,0.9243667459322572,0.17607822939904144,1.0,0.16303262892863482,0.17607822939904144,0.0859403270404595,0.8300770948394609,0.22694830551663364,0.9999999999481898,0.0935851441484758,0.9086295222109405,0.23150009341991382,1.0,0.22694830551663364,0.23150009341991382
gRNA_14703,controlsgRNA,-0.566176721617501,0.12700212553662776,-3.8307025599820332,-0.5324398015604392,-1.0203503089133976,-1.1645334533073488,-0.566176721617501,2093.206808254255,-1.7728833683465834,-0.45754179036884784,-0.6460482206701775,-1.03034581722102,-1.0325847615821557,-0.987880791637757,-1.03034581722102,-0.05264338904116856,-0.05264338904116856,-0.05264338904116856,0.0,0.0,0.0,-0.44685253426814303,-0.44685253426814303,-0.44685253426814303,-0.7744303134164585,-0.2314180094097723,-0.9784631656843494,-0.21009863229883263,-1.4092965451988155,-0.7207413332016458,-0.7744303134164585,0,0.0,0.0,0.0,0.0,,,,,non-targeting control,,0.2315768423157684,0.773022697730227,0.44882934386973666,1.0,0.23157684231576842,0.773022697730227,0.4488293438697367,1.0,0.44882934386973666,0.4488293438697367,0.9773351601449001,0.1137046799125988,0.9999999996046233,0.9999999999939124,0.9500302372115175,0.05111255197717388,1.0,0.5041022975390134,0.9999999996046233,0.5041022975390134,0.8827720508797089,0.1942171942662706,0.9999999999016121,1.0,0.8639003784353512,0.13827639855990664,1.0,0.8630024900179388,0.9999999999016121,0.8630024900179388,0.7687076765190579,0.18398283414838087,0.9276328010477378,0.9999999999481898,0.8066752748715595,0.1984090877019341,0.9390399484572953,1.0,0.9276328010477378,0.9390399484572953
gRNA_14704,controlsgRNA,-0.2744320164802043,0.6978108854962671,-1.9667655239070332,-1.0319712349195262,1.207732833139822,-0.2735250113341349,-0.2744320164802043,2745.112215695135,0.6499543771020162,0.5476682931367707,-0.1331194760347062,0.06257195113488503,0.5665161896243991,0.33871826699267293,0.5476682931367707,-0.17504944092717972,-0.17504944092717972,-0.17504944092717972,0.0,0.0,0.0,0.46811509300899046,0.46811509300899046,0.46811509300899046,-0.15657511802445387,-0.5660375466414977,-0.5258494114058193,-0.18140728277594886,0.011047019217858637,-0.28376446792597226,-0.18140728277594886,0,0.0,0.0,0.0,0.0,,,,,non-targeting control,,0.3144685531446855,0.6904309569043096,0.532613405326134,1.0,0.3144685531446855,0.6904309569043096,0.532613405326134,1.0,0.532613405326134,0.532613405326134,0.004302797247630553,0.9993627104159525,0.01512010995429054,0.9999999999939124,0.0011965000801527252,0.9988863340782146,0.004229471940483617,1.0,0.01512010995429054,0.004229471940483617,0.4724203056354883,0.8345257352866863,0.7009350648202144,1.0,0.2993616914492421,0.7028882479353215,0.4958590131494054,1.0,0.7009350648202144,0.4958590131494054,0.09020108168239929,0.537697265918707,0.23071841301076282,0.9999999999481898,0.20030866127893965,0.8058287196521983,0.40492503570366295,1.0,0.23071841301076282,0.40492503570366295
gRNA_14705,controlsgRNA,0.1317086404550132,-2.5417558574653376,1.1799137203253192,-1.7798184010990268,0.6546788192806714,-0.47105461570067214,0.1317086404550132,2058.2617864136164,-1.3899083544907782,-0.9184840161522206,-0.1692947833142082,-0.7467911668855357,-1.4741405275562185,-0.9397237696797923,-0.9184840161522206,-0.3197627346254176,-0.3197627346254176,-0.3197627346254176,0.0,0.0,0.0,1.0650403357742964,1.0650403357742964,1.0650403357742964,-1.0267661852361378,-0.5157357260102517,0.11854804569092327,-0.5706929332471258,-0.24791399864844302,-0.448512159490207,-0.5157357260102517,0,0.0,0.0,0.0,0.0,,,,,non-targeting control,,0.5775422457754223,0.4288571142885711,0.7727967416781452,1.0,0.5775422457754225,0.42885711428857115,0.7727967416781453,1.0,0.7727967416781452,0.7727967416781453,0.9537921985113426,0.1188191315702367,0.9999999996046233,0.9999999999939124,0.936581810955888,0.06450898419969647,1.0,0.5272908273714321,0.9999999996046233,0.5272908273714321,0.634661318682876,0.5489776844215769,0.8660927023819114,1.0,0.5499654639793157,0.4528952164738357,0.7546971330519077,1.0,0.8660927023819114,0.7546971330519077,0.08157137149728742,0.3140399319275707,0.2175236573260998,0.9999999999481898,0.27223679306224075,0.7367354292736639,0.49782309246909784,1.0,0.2175236573260998,0.49782309246909784
gRNA_14706,controlsgRNA,-2.107704124288016,-0.8138199925874048,-1.0738273313012985,-1.6597110325049325,-0.0717813705973215,-1.1453687702557946,-1.0738273313012985,1529.3869558668475,0.7618553158187462,0.2831459324702493,-0.003936473902628267,0.007378065498856066,0.11286657713962074,0.23226188340496878,0.11286657713962074,0.06827889591916644,0.06827889591916644,0.06827889591916644,0.0,0.0,0.0,1.0561918806231276,1.0561918806231276,1.0561918806231276,-0.9517658275879891,-1.7113427816650322,-1.8587545953551199,-1.5467209574672733,-0.656787303161511,-1.3450742930473851,-1.5467209574672733,0,0.0,0.0,0.0,0.0,,,,,non-targeting control,,0.12598740125987398,0.8788121187881212,0.28709856287098556,1.0,0.125987401259874,0.878812118788121,0.2870985628709856,1.0,0.28709856287098556,0.2870985628709856,0.01258521802355709,0.998926499801419,0.03557926298389072,0.9999999999939124,0.003628168573445748,0.9965651159996245,0.010657745184496885,1.0,0.03557926298389072,0.010657745184496885,0.9992583923631457,0.0055975192312835076,0.9999999999016121,0.1618974793048153,0.9985290665003752,0.0015577521089372788,1.0,0.06507942144004632,0.1618974793048153,0.06507942144004632,0.930117298284477,0.11488021166114937,0.9999999998332031,0.9999999999481898,0.9271662497862451,0.0742290093502705,0.9847867511853902,1.0,0.9999999998332031,0.9847867511853902
gRNA_14707,controlsgRNA,-0.6956343584413067,-0.6367327171999634,-1.2395860039862578,-0.3462081045937796,-2.076491122074542,-0.9989304612591698,-0.6956343584413067,4418.617261635788,-0.20133344824170243,-0.0755548332517388,-0.6660678367111041,-0.014206959586438347,-0.08976048231205608,-0.20938471202060796,-0.08976048231205608,-0.21130649734830878,-0.21130649734830878,-0.21130649734830878,0.0,0.0,0.0,-0.15449955053818648,-0.15449955053818648,-0.15449955053818648,-0.5592347295145145,-0.8256372616423993,-0.5280188015836917,-0.4326781602458782,-1.0354053867042485,-0.6761948679381464,-0.5592347295145145,0,0.0,0.0,0.0,0.0,,,,,non-targeting control,,0.34966503349665035,0.6554344565543445,0.5691517428343745,1.0,0.34966503349665035,0.6554344565543445,0.5691517428343745,1.0,0.5691517428343745,0.5691517428343745,0.34805143716759024,0.90869826364764,0.6142816423575432,0.9999999999939124,0.19056143601276704,0.8114488528588919,0.35296108345221877,1.0,0.6142816423575432,0.35296108345221877,0.940179795001412,0.2884995133296769,0.9999999999016121,1.0,0.8566116616570689,0.14505556802158215,1.0,0.8796918318728209,0.9999999999016121,0.8796918318728209,0.9124573048618501,0.22105923652839632,0.9999999998332031,0.9999999999481898,0.8644946271886427,0.13770901704468141,0.9635700099909593,1.0,0.9999999998332031,0.9635700099909593
gRNA_14708,controlsgRNA,-0.37405506047075093,0.4011001472789923,1.1269465940252001,-0.39939776878921784,-0.16725440829914226,0.1174679007490163,-0.16725440829914226,2776.5627353517093,-0.9798467066040064,-0.09198989741733861,-0.377289842029122,-0.397792469069261,-0.9351069449575221,-0.55640517201545,-0.397792469069261,0.13572406473813645,0.13572406473813645,0.13572406473813645,0.0,0.0,0.0,-0.5071020152497163,-0.5071020152497163,-0.5071020152497163,-0.21336084043624934,-0.021556127330885355,0.29120794589926396,-0.010774529119858411,-0.6907464687559111,-0.12904600394872806,-0.021556127330885355,0,0.0,0.0,0.0,0.0,,,,,non-targeting control,,0.08379162083791619,0.9220077992200781,0.21144731164467442,1.0,0.08379162083791619,0.922007799220078,0.21144731164467442,1.0,0.21144731164467442,0.21144731164467442,0.7797458365262998,0.49497471419063144,0.9999999996046233,0.9999999999939124,0.6582206980359098,0.34489729537775177,0.9166332683759336,1.0,0.9999999996046233,0.9166332683759336,0.2051400585091882,0.9177158472446582,0.39353398979313653,1.0,0.12197548888136217,0.8799379184522325,0.24790693956428203,1.0,0.39353398979313653,0.24790693956428203,0.06243278343167704,0.9767066747572791,0.18281250112681657,0.9999999999481898,0.034042959039337295,0.9672396023885887,0.10847586948127817,1.0,0.18281250112681657,0.10847586948127817
gRNA_14709,controlsgRNA,-0.6844740219735214,0.15183909581842897,-1.528903387081409,-1.3597392936156758,-0.5786603152251923,-0.7999875844154739,-0.6844740219735214,3401.114625696641,-0.8016636083003613,-0.5369032854866467,-0.4509597624624411,-1.1244422546920119,-0.923628068166143,-0.7675193958215207,-0.8016636083003613,-0.4810772472460518,-0.4810772472460518,-0.4810772472460518,0.0,0.0,0.0,-0.38120553665939594,-0.38120553665939594,-0.38120553665939594,-0.5520814514826595,0.08744770968151938,-0.3859806050437233,-0.40326501219918803,0.09959362191541124,-0.23085714742572808,-0.3859806050437233,0,0.0,0.0,0.0,0.0,,,,,non-targeting control,,0.7903209679032096,0.21467853214678526,0.9087482689039964,1.0,0.7903209679032097,0.21467853214678528,0.9087482689039965,1.0,0.9087482689039964,0.9087482689039965,0.9537428721078869,0.2592832809486198,0.9999999996046233,0.9999999999939124,0.8792448336378721,0.12225925236874097,1.0,0.7182731076663532,0.9999999996046233,0.7182731076663532,0.3538768312435255,0.8727603460714737,0.5993589574214665,1.0,0.22055960350919773,0.7820078138488584,0.38934465220402975,1.0,0.5993589574214665,0.38934465220402975,0.7822223852284194,0.3572603441598057,0.929964739816108,0.9999999999481898,0.7344201326961962,0.2684445369109074,0.9019613564029095,1.0,0.929964739816108,0.9019613564029095
gRNA_14710,controlsgRNA,-1.4262068661121952,-1.9047575794550304,-1.8543406473430377,-0.8592614576332553,1.1684265954188169,-0.9752279910249403,-1.4262068661121952,1062.5696641060401,-0.6721066553820179,-1.1456720624771195,-0.2742679444305453,0.5791594938642143,-0.799631491494176,-0.4625037319839288,-0.6721066553820179,-0.8834934009438793,-0.8834934009438793,-0.8834934009438793,0.0,0.0,0.0,-0.19539960218270055,-0.19539960218270055,-0.19539960218270055,0.023756983541040916,-0.48926083371456247,-1.201012474162964,-0.13747339685993232,0.13536361450311377,-0.3337252213386608,-0.13747339685993232,0,0.0,0.0,0.0,0.0,,,,,non-targeting control,,0.9699030096990301,0.033896610338966106,0.9883022537854615,1.0,0.9699030096990301,0.03389661033896612,0.9883022537854615,1.0,0.9883022537854615,0.9883022537854615,0.4287846770957944,0.4907441269190981,0.7133762769381358,0.9999999999939124,0.4966579831313083,0.5079377646455807,0.7622179659484569,1.0,0.7133762769381358,0.7622179659484569,0.3761190979262958,0.6628105187921042,0.6187390723938774,1.0,0.3318579545793429,0.6704512250548473,0.5332418415462946,1.0,0.6187390723938774,0.5332418415462946,0.5323070082176204,0.11593678902201364,0.7773977479627823,0.9999999999481898,0.8293714012264525,0.17496061899854026,0.9508041297653684,1.0,0.7773977479627823,0.9508041297653684
gRNA_14711,controlsgRNA,0.3249343690977375,-0.2754779743194364,-0.6066631435106273,0.17322230948215916,-1.1366522065223394,-0.3041273291545013,-0.2754779743194364,4596.234372646482,-0.338255232394219,-0.44044360245462194,-0.8515892602503347,-0.5544050558524826,-0.29846524805505265,-0.49663167980134215,-0.44044360245462194,-0.5923284520617839,-0.5923284520617839,-0.5923284520617839,0.0,0.0,0.0,-0.36055093750159517,-0.36055093750159517,-0.36055093750159517,0.0613569357245685,-0.3529695232846066,0.4201829376849797,0.3385201063614662,-0.10585934627038461,0.07224622204320463,0.0613569357245685,0,0.0,0.0,0.0,0.0,,,,,non-targeting control,,0.8742125787421258,0.13088691130886906,0.9472735723545801,1.0,0.8742125787421258,0.13088691130886898,0.9472735723545801,1.0,0.9472735723545801,0.9472735723545801,0.7935635627222262,0.5982933570962603,0.9999999996046233,0.9999999999939124,0.6125544772287143,0.3898866657145924,0.8824539595325539,1.0,0.9999999996046233,0.8824539595325539,0.05383447950346151,0.9894297754137864,0.12418260302638975,1.0,0.021802906125805186,0.9787986877791737,0.05323306950196591,1.0,0.12418260302638975,0.05323306950196591,0.35107788136180373,0.8004045819587463,0.6106555147088883,0.9999999999481898,0.2575206735602332,0.745164408999276,0.4752539169204867,1.0,0.6106555147088883,0.4752539169204867
gRNA_14712,controlsgRNA,-0.6605924737313611,-2.620933688831503,0.15451344958819474,-0.8923704576767151,0.06846855005290915,-0.7901829241196949,-0.6605924737313611,1873.6556710347945,-0.8737337124236314,-1.5924514438550363,-0.5543320874223249,-1.1238092497003118,-1.3385698877040415,-1.096579276221069,-1.1238092497003118,-0.6585328750259022,-0.6585328750259022,-0.6585328750259022,0.0,0.0,0.0,-0.6161368484719936,-0.6161368484719936,-0.6161368484719936,-0.8753125037773054,-0.4530386808358495,-1.277367870223004,-0.9498610339468055,-0.7320657302058816,-0.8575291637977693,-0.8753125037773054,0,0.0,0.0,0.0,0.0,,,,,non-targeting control,,0.9216078392160784,0.08359164083591641,0.9652494360591796,1.0,0.9216078392160784,0.08359164083591641,0.9652494360591796,1.0,0.9652494360591796,0.9652494360591796,0.9927638019257591,0.06416974559653818,0.9999999996046233,0.7341064997526041,0.9779974727458537,0.02245496616035618,1.0,0.291140250906687,0.7341064997526041,0.291140250906687,0.9840631463418533,0.10846044232222536,0.9999999999016121,1.0,0.9573990996309645,0.043571720988473804,1.0,0.5430608396215376,0.9999999999016121,0.5430608396215376,0.5946123170692666,0.3135159683179341,0.8100515623842184,0.9999999999481898,0.6427913722148794,0.3623729323999392,0.8321684787357436,1.0,0.8100515623842184,0.8321684787357436
gRNA_14713,controlsgRNA,-0.7173851831350255,-0.14409968617008506,-0.5252500371388975,-0.8000965711911618,-2.538412961795584,-0.9450488878861508,-0.7173851831350255,3635.487272179545,-0.023667679767960227,0.15873674457211542,0.19879733612309236,-0.2048606046324163,0.03072631105464293,0.03194642146989484,0.03072631105464293,-0.2094007507832483,-0.2094007507832483,-0.2094007507832483,0.0,0.0,0.0,-0.33270232167580555,-0.33270232167580555,-0.33270232167580555,-0.43444867477310983,0.339157329024199,-0.292021213437306,-0.18081511866760125,-1.2034811032172192,-0.3543217562142075,-0.292021213437306,0,0.0,0.0,0.0,0.0,,,,,non-targeting control,,0.3446655334466554,0.6621337866213378,0.5634532198954019,1.0,0.3446655334466553,0.6621337866213378,0.5634532198954018,1.0,0.5634532198954019,0.5634532198954018,0.08716325707796821,0.992550045604246,0.19624781234320984,0.9999999999939124,0.029365438002366302,0.9713120972015248,0.06988230815752992,1.0,0.19624781234320984,0.06988230815752992,0.39555833617541336,0.6262150157716517,0.6396158311511275,1.0,0.3719854441644993,0.6319412559197282,0.5803590332193018,1.0,0.6396158311511275,0.5803590332193018,0.8330735658788757,0.2663331582962154,0.9608455851854517,0.9999999999481898,0.7931008124696087,0.21008832607158218,0.9340983080591952,1.0,0.9608455851854517,0.9340983080591952
gRNA_14714,controlsgRNA,-0.07526208973631121,-0.8442819953156359,-1.494871312289687,-0.7467543801389227,-0.7046572781391209,-0.7731654111239357,-0.7467543801389227,2720.1687001054374,-0.6212451726358821,0.056464649954983924,0.06809175979869952,-0.002379573990643473,-0.4339783885762328,-0.18660934508981497,-0.002379573990643473,-0.23312211386240952,-0.23312211386240952,-0.23312211386240952,0.0,0.0,0.0,0.1368833221954207,0.1368833221954207,0.1368833221954207,-0.44210811039174386,-3.728082997264036,0.003337183291982049,-0.4111210703630204,-0.5504508581295214,-1.025685170571268,-0.44210811039174386,0,0.0,0.0,0.0,0.0,,,,,non-targeting control,,0.3834616538346166,0.6207379262073793,0.6058049657219153,1.0,0.38346165383461656,0.6207379262073792,0.6058049657219152,1.0,0.6058049657219153,0.6058049657219152,0.2646007612902024,0.9131891257851029,0.5128344651810108,0.9999999999939124,0.15181201568171904,0.8498949666522708,0.2935592743603828,1.0,0.5128344651810108,0.2935592743603828,0.7495152251629682,0.19353775651465466,0.9517686792675437,1.0,0.7832681385380542,0.22169286738318494,0.9729908923371237,1.0,0.9517686792675437,0.9729908923371237,0.8369154749077187,0.4177047296587512,0.9615565144843388,0.9999999999481898,0.7317204306011458,0.2703756024072955,0.9019613564029095,1.0,0.9615565144843388,0.9019613564029095
gRNA_14715,controlsgRNA,-1.6342058628199068,-2.0507207185116476,-0.023711177263410328,-0.797728718745842,0.30633015616830245,-0.8400072642345009,-0.797728718745842,3238.31902394939,-0.32043632984046977,-0.031587831921292706,-0.20583124032604697,-0.094656345792499,-0.6611674422589049,-0.26273583802784267,-0.20583124032604697,0.16956052857262666,0.16956052857262666,0.16956052857262666,0.0,0.0,0.0,0.2837888738195137,0.2837888738195137,0.2837888738195137,-0.08805116204088713,-0.025204928157696583,-0.2122219521466203,-0.2818804678317899,0.23508839067657067,-0.07445402390008463,-0.08805116204088713,0,0.0,0.0,0.0,0.0,,,,,non-targeting control,,0.0573942605739426,0.9476052394760524,0.1530513615305136,1.0,0.057394260573942577,0.9476052394760524,0.15305136153051355,1.0,0.1530513615305136,0.15305136153051355,0.44148218552225316,0.8704612132091757,0.7280583410366981,0.9999999999939124,0.2598644051439537,0.742157952439969,0.4441318924278481,1.0,0.7280583410366981,0.4441318924278481,0.19204917002349225,0.9711952828399366,0.3760962912960057,1.0,0.08353257329713687,0.9179408513736941,0.17645082898721046,1.0,0.3760962912960057,0.17645082898721046,0.6434814259317387,0.2539959111918507,0.845975580945223,0.9999999999481898,0.7209340447963735,0.282108159981779,0.8916815817218304,1.0,0.845975580945223,0.8916815817218304
gRNA_14716,controlsgRNA,0.04768434627189037,0.7003654369533772,-0.24006043003728536,0.2875898428433626,0.5376857160792672,0.2666529824221224,0.2875898428433626,3537.641211025757,-0.773346125271946,-0.9203200544948911,-0.9201595004627998,0.07816426652016605,-0.6701029551324253,-0.6411528737683792,-0.773346125271946,-0.191145375915032,-0.191145375915032,-0.191145375915032,0.0,0.0,0.0,-0.33431623558038254,-0.33431623558038254,-0.33431623558038254,0.029993663403738685,0.005801178679803866,-0.4382125505500692,-0.2860103976601577,-0.2455396388702622,-0.18679354899938932,-0.2455396388702622,0,0.0,0.0,0.0,0.0,,,,,non-targeting control,,0.3224677532246774,0.6817318268173183,0.536495023064065,1.0,0.32246775322467747,0.6817318268173183,0.5364950230640652,1.0,0.536495023064065,0.5364950230640652,0.8009524429588474,0.3682713673652103,0.9999999996046233,0.9999999999939124,0.7451125574417417,0.25730095953417553,0.989972867837791,1.0,0.9999999996046233,0.989972867837791,0.33602852507514236,0.9248665257398733,0.5769256868870024,1.0,0.17575597447096086,0.825978086224155,0.32714973465881825,1.0,0.5769256868870024,0.32714973465881825,0.035280420092568834,0.9963417410937762,0.12059489049823528,0.9999999999481898,0.011370265510141201,0.9889815208079767,0.04362469216135807,1.0,0.12059489049823528,0.04362469216135807
gRNA_14717,controlsgRNA,-6.2099681294339595,-5.063660672941078,-5.71024401852896,-4.758814696757548,-6.114702199456813,-5.571477943423671,-5.71024401852896,6.386503991564995,2.436747976677304,3.7864328138014667,-2.1392553007815414,1.3659764287387048,-3.247864671732543,0.44040744934067827,1.3659764287387048,-3.8173803720972943,-3.8173803720972943,-3.8173803720972943,0.0,0.0,0.0,0.7837762661068198,0.7837762661068198,0.7837762661068198,-2.361693362916332,-5.2344203249061545,-5.785954523743463,-6.52029373963603,-4.54667926108648,-4.889808242457692,-5.2344203249061545,0,0.0,0.0,0.0,0.0,,,,,non-targeting control,,1.0,0.005999400059994,1.0,1.0,1.0,0.005999400059993993,1.0,1.0,1.0,1.0,8.633060249906774e-05,0.14455431408197375,0.000507192289682023,0.9999999999939124,0.02305674152997487,1.0,0.057035097468885215,1.0,0.000507192289682023,0.057035097468885215,0.9999999942370466,3.1532952194632403e-06,0.9999999999016121,0.0003952130008393928,0.9999998353593668,2.4438639294411565e-07,1.0,3.062976124899583e-05,0.0003952130008393928,3.062976124899583e-05,0.9999999873574473,7.205488979217671e-06,0.9999999998332031,0.0006773159640464611,0.9999995924997941,5.84638708349213e-07,1.0,5.495603858482603e-05,0.0006773159640464611,5.495603858482603e-05
gRNA_14718,controlsgRNA,-0.2414382729364193,-2.075633474952221,-0.5133286635534025,-0.50256384452027,0.6063262229090021,-0.5453276066106622,-0.50256384452027,3388.100617562886,-0.012450605594796865,-0.668526893618982,0.0758851458779034,-0.1342154751343738,-0.4473502266686835,-0.23733161102778655,-0.1342154751343738,-0.30694515588145793,-0.30694515588145793,-0.30694515588145793,0.0,0.0,0.0,-0.22286182678883212,-0.22286182678883212,-0.22286182678883212,0.23939420342119078,-1.0634637828020208,-0.09714488400081123,-0.2096530809317718,-0.39670885013915014,-0.30551527889051266,-0.2096530809317718,0,0.0,0.0,0.0,0.0,,,,,non-targeting control,,0.5569443055694431,0.4489551044895511,0.7559966025058145,1.0,0.5569443055694431,0.44895510448955106,0.7559966025058145,1.0,0.7559966025058145,0.7559966025058145,0.3496177432566869,0.880759694621976,0.6142816423575432,0.9999999999939124,0.21132767402100988,0.7912810483260869,0.3730479128258202,1.0,0.6142816423575432,0.3730479128258202,0.3728644210529874,0.7251618841427817,0.6187390723938774,1.0,0.30470316147889565,0.6985404450962879,0.5002986406815055,1.0,0.6187390723938774,0.5002986406815055,0.4150655448676095,0.5234774320654547,0.6756045232477107,0.9999999999481898,0.4319154533667269,0.5720825117192179,0.6656722388090323,1.0,0.6756045232477107,0.6656722388090323
gRNA_14719,controlsgRNA,0.04750048997353332,-2.535790955180346,-0.44302318653799194,-0.5522068157591431,0.020440773577346086,-0.6926159387853204,-0.44302318653799194,3446.1816538635335,-1.4239957595773052,-0.7767425848254658,-0.6732612368241359,-1.075201822300041,-1.2950245218908938,-1.0488451850835685,-1.075201822300041,-0.3038603842329407,-0.3038603842329407,-0.3038603842329407,0.0,0.0,0.0,-0.5510752812643775,-0.5510752812643775,-0.5510752812643775,-0.2173740191574865,-0.36400171140805554,0.11489772035791565,-0.19747366317985032,-0.15368458433082136,-0.1635272515436596,-0.19747366317985032,0,0.0,0.0,0.0,0.0,,,,,non-targeting control,,0.5511448855114489,0.4542545745425457,0.7508350614213941,1.0,0.5511448855114488,0.45425457454254575,0.750835061421394,1.0,0.7508350614213941,0.750835061421394,0.9926153954533721,0.0774512853446061,0.9999999996046233,0.8089356469325526,0.9740079835381366,0.02657322913940367,1.0,0.3027737623156297,0.8089356469325526,0.3027737623156297,0.3069518238982778,0.9433678155220363,0.5444051216309078,1.0,0.14976965188223712,0.8516285835867888,0.28878661080882645,1.0,0.5444051216309078,0.28878661080882645,0.546119017496024,0.44391936503387375,0.7837433228187215,0.9999999999481898,0.5313418511306168,0.47395412263044345,0.7482566892326289,1.0,0.7837433228187215,0.7482566892326289
gRNA_14720,controlsgRNA,-0.09026715704814409,-0.3083444352496729,-0.53446969437637,-0.48810176948964495,-1.2374080055819403,-0.5317182123491545,-0.48810176948964495,5135.351709594818,-0.6145601451022268,-0.6202539460372914,-0.12355657679638267,-0.7233936157693618,-0.8694533076550636,-0.5902435182720652,-0.6202539460372914,-0.03650316917104865,-0.03650316917104865,-0.03650316917104865,0.0,0.0,0.0,-0.49252597897927636,-0.49252597897927636,-0.49252597897927636,-0.5521171662214636,-1.2829424238548484,0.4687520505815354,-0.3361797569565627,-0.355648107684705,-0.41162708082720884,-0.355648107684705,0,0.0,0.0,0.0,0.0,,,,,non-targeting control,,0.22157784221577842,0.7843215678432156,0.43619512394310306,1.0,0.22157784221577842,0.7843215678432158,0.43619512394310306,1.0,0.43619512394310306,0.43619512394310306,0.8465407295997661,0.46227523885067856,0.9999999996046233,0.9999999999939124,0.7178830084799542,0.2842944816409172,0.9693926980503269,1.0,0.9999999996046233,0.9693926980503269,0.43179331857010617,0.4969026437191595,0.6708854867039666,1.0,0.4724597927422836,0.5315508401800777,0.693925320590229,1.0,0.6708854867039666,0.693925320590229,0.6536561605378224,0.6782352717439322,0.8533844318132681,0.9999999999481898,0.4841801743746018,0.5185359605768284,0.713928413979805,1.0,0.8533844318132681,0.713928413979805
gRNA_14721,controlsgRNA,-0.323291848774728,-0.577887965940943,-0.5589893792897485,-0.44934640588595715,0.44920898816454313,-0.2920613223453667,-0.44934640588595715,6048.621780388613,0.7078130104797946,0.03617486124365806,-0.42493666312324885,0.44380438826678004,0.8135032392850792,0.3152717672304126,0.44380438826678004,-0.24921198311686416,-0.24921198311686416,-0.24921198311686416,0.0,0.0,0.0,-0.06873816379149567,-0.06873816379149567,-0.06873816379149567,-0.4359445695296127,0.374195254809995,-0.37360998532798123,-0.4469320735989643,-0.577812612546479,-0.2920207972386084,-0.4359445695296127,0,0.0,0.0,0.0,0.0,,,,,non-targeting control,,0.434956504349565,0.5696430356964304,0.6515683093045277,1.0,0.43495650434956507,0.5696430356964304,0.6515683093045278,1.0,0.6515683093045277,0.6515683093045278,0.0034841227753117654,0.9962138664729508,0.012718739451623532,0.9999999999939124,0.0016398795605805218,0.9985222788422651,0.005505309953377466,1.0,0.012718739451623532,0.005505309953377466,0.4264041175238398,0.7795781899744675,0.6708854867039666,1.0,0.3216767255032225,0.6812852510469649,0.5220516130942533,1.0,0.6708854867039666,0.5220516130942533,0.394258820238625,0.865473109064546,0.6488572056172893,0.9999999999481898,0.24720161780556016,0.7548763394425045,0.4647390414744531,1.0,0.6488572056172893,0.4647390414744531
gRNA_14722,controlsgRNA,-0.24345812588035526,-0.8594361197959588,-1.2860297343202642,-0.3520189259663485,-0.8099433644,-0.7101772540725854,-0.8099433644,3569.3327308329567,-1.0918777538221274,-0.3116183215908035,-0.24444372103782322,-0.8913363678369493,-0.8115575162613946,-0.6701667361098196,-0.8115575162613946,-0.3826956701226549,-0.3826956701226549,-0.3826956701226549,0.0,0.0,0.0,-0.8409462298918441,-0.8409462298918441,-0.8409462298918441,-0.27338177388440876,-0.6701797971358429,-0.3226571370537176,-0.547974798646768,-0.2746150312153938,-0.4177617075872262,-0.3226571370537176,0,0.0,0.0,0.0,0.0,,,,,non-targeting control,,0.6702329767023296,0.33486651334866524,0.8400253308002531,1.0,0.6702329767023297,0.33486651334866513,0.8400253308002533,1.0,0.8400253308002531,0.8400253308002533,0.8808503524304778,0.35052537802970596,0.9999999996046233,0.9999999999939124,0.7904923219094339,0.21136553387650586,1.0,0.9241097760182116,0.9999999996046233,0.9241097760182116,0.7285921851206381,0.6809567700319954,0.9428443265395609,1.0,0.5280887092267714,0.47445322260780487,0.7381462998857473,1.0,0.9428443265395609,0.7381462998857473,0.8155785771805404,0.48468166734036666,0.9583048281871349,0.9999999999481898,0.6846688732504117,0.31787008470723754,0.8688697956357564,1.0,0.9583048281871349,0.8688697956357564
gRNA_14723,controlsgRNA,0.13930109513526853,-1.6449380945969136,-0.08112529594788723,-0.9295738722010686,-0.2890869978536705,-0.5610846330928543,-0.2890869978536705,4296.3096851935525,0.777601731111927,0.05848818578712753,0.05128005272666297,0.18594138651822995,0.49414903912476416,0.3134920790537423,0.18594138651822995,-0.22308414019796816,-0.22308414019796816,-0.22308414019796816,0.0,0.0,0.0,-0.015167558099304852,-0.015167558099304852,-0.015167558099304852,0.008907734912343078,-1.6092067613662588,-0.26220521503190125,-0.37547565234457697,0.19148255283569154,-0.4092994681989405,-0.26220521503190125,0,0.0,0.0,0.0,0.0,,,,,non-targeting control,,0.37006299370063,0.6354364563543644,0.592100789921008,1.0,0.37006299370062995,0.6354364563543645,0.5921007899210079,1.0,0.592100789921008,0.5921007899210079,0.005494330511365981,0.9996234968692974,0.01860222953043397,0.9999999999939124,0.0013671244615511826,0.9987144788081799,0.004759618495770784,1.0,0.01860222953043397,0.004759618495770784,0.38227738999815836,0.5202282256406183,0.6249404288665545,1.0,0.39486939744128075,0.6090132314311011,0.6035402172273234,1.0,0.6249404288665545,0.6035402172273234,0.556885083136211,0.5710781781041344,0.784227682618784,0.9999999999481898,0.48715588764201956,0.5163134315241097,0.7155102099742162,1.0,0.784227682618784,0.7155102099742162
gRNA_14724,controlsgRNA,0.5880949152807525,-0.28212083209933364,-1.248378864438487,0.02666084273549358,0.9420560219793573,0.005262416691556559,0.02666084273549358,3825.154390721494,-0.2525868932881593,-0.4453760655476845,-0.6729156549106372,-0.4684224546350443,-0.3212219514195962,-0.4321046039602242,-0.4453760655476845,-0.3168420367517921,-0.3168420367517921,-0.3168420367517921,0.0,0.0,0.0,0.1729597594781319,0.1729597594781319,0.1729597594781319,-0.2651960422854441,0.3267983189669306,-0.8453611895372158,-0.23308871948065962,-0.8681323626159458,-0.37699599899046693,-0.2651960422854441,0,0.0,0.0,0.0,0.0,,,,,non-targeting control,,0.5712428757124286,0.43345665433456637,0.7670975759566899,1.0,0.5712428757124287,0.43345665433456654,0.76709757595669,1.0,0.7670975759566899,0.76709757595669,0.7292462727884691,0.7031801078669302,0.9999999996046233,0.9999999999939124,0.5162619771810483,0.4860822426841173,0.7827197718551377,1.0,0.9999999996046233,0.7827197718551377,0.47011408846367597,0.5898799671894083,0.7009350648202144,1.0,0.4443936981584411,0.559991118645004,0.6604428083303314,1.0,0.7009350648202144,0.6604428083303314,0.07385235935119584,0.8952642794310376,0.2015002986368681,0.9999999999481898,0.06426724065067431,0.9376178010984606,0.1763830838295879,1.0,0.2015002986368681,0.1763830838295879
gRNA_14725,controlsgRNA,0.17345360747279723,-0.17580873103724312,-0.7991638457683469,-0.35524200536987155,-1.067186649581563,-0.4447895248568455,-0.35524200536987155,3415.5746347341465,-0.21190601825908462,-0.09154715926307197,0.017076091512045876,0.010980257221414637,-0.06906557827450766,-0.06889248141264075,-0.06906557827450766,-0.27307497983797274,-0.27307497983797274,-0.27307497983797274,0.0,0.0,0.0,-0.15796018273887286,-0.15796018273887286,-0.15796018273887286,-0.38794801876353785,0.9592707586932315,0.8675768673320802,-0.4630230725848601,-0.11084088219510772,0.17300713049636124,-0.11084088219510772,0,0.0,0.0,0.0,0.0,,,,,non-targeting control,,0.47465253474652536,0.5318468153184681,0.6864205887103597,1.0,0.47465253474652536,0.5318468153184681,0.6864205887103597,1.0,0.6864205887103597,0.6864205887103597,0.18900260237612027,0.9799808937032509,0.3883332158110449,0.9999999999939124,0.07358216545069832,0.9272945927227707,0.16085403610152654,1.0,0.3883332158110449,0.16085403610152654,0.005956794954085913,0.9634174922139382,0.019476129589011335,1.0,0.00860679801001303,0.9927760210296923,0.024214120553325513,1.0,0.019476129589011335,0.024214120553325513,0.5368094481451128,0.7187543475689868,0.7793063803187738,0.9999999999481898,0.4012874569348956,0.6018900046777657,0.6454932798832087,1.0,0.7793063803187738,0.6454932798832087
gRNA_14726,controlsgRNA,-0.013481584600200701,-1.5404258918753857,-1.1847684474074744,0.1387856983644341,0.3170767189033711,-0.4565627013230511,-0.013481584600200701,2680.162675101672,-1.2827854914371082,-0.4869994900813735,-0.30682134113197496,-1.3396074806914837,-1.5783190911347393,-0.998906578895336,-1.2827854914371082,0.046308938023206195,0.046308938023206195,0.046308938023206195,0.0,0.0,0.0,0.4728413923445929,0.4728413923445929,0.4728413923445929,0.02786007996152357,-0.2434870858539386,0.42020281630777095,0.09694951404990709,0.3748264864301065,0.1352703621790739,0.09694951404990709,0,0.0,0.0,0.0,0.0,,,,,non-targeting control,,0.14678532146785325,0.8592140785921408,0.32275602849071827,1.0,0.14678532146785328,0.8592140785921407,0.3227560284907183,1.0,0.32275602849071827,0.3227560284907183,0.9636673604739648,0.09921461575921314,0.9999999996046233,0.9817025138280038,0.9487380659084502,0.05244923613788908,1.0,0.5041022975390134,0.9817025138280038,0.5041022975390134,0.033902830611257456,0.9960331388435186,0.08277574227164158,1.0,0.011191422207235588,0.989113339286972,0.029633624999440708,1.0,0.08277574227164158,0.029633624999440708,0.38259025148759995,0.5977838425518144,0.6450849083378367,0.9999999999481898,0.374861336871557,0.6283746751361826,0.6221678593748217,1.0,0.6450849083378367,0.6221678593748217
gRNA_14727,controlsgRNA,-0.12394984330331964,0.03376117449289717,-0.16265582388423586,-0.5514576150958688,-0.3422658886574929,-0.229313599289604,-0.16265582388423586,13327.790329868956,0.2470270655973915,-0.08138507186303634,-0.07513560841898222,0.20470505906692008,0.3961104724773575,0.1382643833719301,0.20470505906692008,-0.4041278775791896,-0.4041278775791896,-0.4041278775791896,0.0,0.0,0.0,-0.5348700998293137,-0.5348700998293137,-0.5348700998293137,-0.3359093161416111,-0.41781910014556684,0.10835608690843224,-0.3368030471506809,-0.40693365259512115,-0.27782180582490956,-0.3368030471506809,0,0.0,0.0,0.0,0.0,,,,,non-targeting control,,0.7125287471252875,0.2922707729227077,0.8670252715828741,1.0,0.7125287471252875,0.2922707729227077,0.8670252715828741,1.0,0.8670252715828741,0.8670252715828741,0.03875237367844145,0.9970897743551995,0.10189435316848941,0.9999999999939124,0.011593077714253492,0.9887399582801976,0.031817497960286954,1.0,0.10189435316848941,0.031817497960286954,0.473504006554081,0.8554710366398743,0.7009350648202144,1.0,0.28895731513286504,0.7132084860932266,0.4850354932587378,1.0,0.7009350648202144,0.4850354932587378,0.368576435539005,0.9271236814855343,0.6270802704193026,0.9999999999481898,0.187252393487376,0.8144664763514483,0.3847371582035703,1.0,0.6270802704193026,0.3847371582035703
gRNA_14728,controlsgRNA,0.3611218304859192,-1.7688742966440756,-0.06293756286762071,0.22536427137507617,-0.6492340667812868,-0.37891196488639756,-0.06293756286762071,1791.5951197469496,0.3769737859339246,-0.12812429352683383,-0.782440607017018,-0.19967926700604421,-0.2467249776304998,-0.19599907184929427,-0.19967926700604421,0.27883455189758144,0.27883455189758144,0.27883455189758144,0.0,0.0,0.0,0.6761439137478639,0.6761439137478639,0.6761439137478639,-0.38582496693527635,0.21783504453985375,-1.2908792015246282,0.18424727561968293,0.39896846914460643,-0.1751306758311523,0.18424727561968293,0,0.0,0.0,0.0,0.0,,,,,non-targeting control,,0.03889611038896109,0.9663033696630337,0.11079498110794977,1.0,0.038896110388961076,0.9663033696630337,0.11079498110794973,1.0,0.11079498110794977,0.11079498110794973,0.2730086914980009,0.8739245709344818,0.5210724264124281,0.9999999999939124,0.18129726610810776,0.8211638675322399,0.3408388602832426,1.0,0.5210724264124281,0.3408388602832426,0.11989144896740309,0.7293874363936376,0.25468465995335343,1.0,0.1361454507351842,0.8658010413268613,0.26801408102842544,1.0,0.25468465995335343,0.26801408102842544,0.3039515452648836,0.6880340542201638,0.5547853447553216,0.9999999999481898,0.2781655675792547,0.724531751039265,0.5052669246850231,1.0,0.5547853447553216,0.5052669246850231
gRNA_14729,controlsgRNA,-0.4158043840898114,-0.5064360801669127,-0.15912976008455482,0.08524354936261493,0.19829048885610634,-0.15956723722451155,-0.15912976008455482,5808.706130441332,0.5469326549165224,-0.05515494394182496,-0.0012374985506563854,0.27812293155458134,0.9133532297587408,0.33640327474747267,0.27812293155458134,-0.23847659667988463,-0.23847659667988463,-0.23847659667988463,0.0,0.0,0.0,-0.17680457179209141,-0.17680457179209141,-0.17680457179209141,-0.2837148725360295,-1.2798851884052058,-0.024459149397618913,-0.11960468841458878,-0.3495628594022671,-0.41144535163114204,-0.2837148725360295,0,0.0,0.0,0.0,0.0,,,,,non-targeting control,,0.40385961403859594,0.6012398760123988,0.6274843590021161,1.0,0.40385961403859616,0.6012398760123988,0.6274843590021164,1.0,0.6274843590021161,0.6274843590021164,0.0037646995787977647,0.99929268269793,0.01361083693873038,0.9999999999939124,0.001191050869640045,0.9989002917598265,0.004229471940483617,1.0,0.01361083693873038,0.004229471940483617,0.5559585855727007,0.583625268175744,0.8009211807484118,1.0,0.4691195734550635,0.5337433198900082,0.6917214102709955,1.0,0.8009211807484118,0.6917214102709955,0.2794119627830251,0.9453212264679214,0.5226810846090421,0.9999999999481898,0.136900746463809,0.8645376436599705,0.3045839092922615,1.0,0.5226810846090421,0.3045839092922615
gRNA_14730,controlsgRNA,0.363138558180918,-1.5939009864886662,-0.7918465614988427,-0.9164155239145173,-1.4478548691814082,-0.8773758765805033,-0.9164155239145173,3831.6613947883716,-0.4700518805406135,-0.29912998323606893,-0.5269289692568598,-0.387018092400177,-0.5216693318075019,-0.4409596514482442,-0.4700518805406135,-0.24484456166861837,-0.24484456166861837,-0.24484456166861837,0.0,0.0,0.0,-0.510114149458802,-0.510114149458802,-0.510114149458802,-0.8405518876247674,-0.20907926495397752,-0.5818143878806079,-0.7638468352699859,0.11950526175520679,-0.4551574227948264,-0.5818143878806079,0,0.0,0.0,0.0,0.0,,,,,non-targeting control,,0.413258674132587,0.5911408859114089,0.6316474043652549,1.0,0.41325867413258677,0.5911408859114089,0.6316474043652546,1.0,0.6316474043652549,0.6316474043652546,0.7579622699749948,0.692584662817102,0.9999999996046233,0.9999999999939124,0.5400709910612265,0.4626355817945684,0.8058202088850045,1.0,0.9999999996046233,0.8058202088850045,0.6492368344921228,0.5329111114671644,0.8749571676309611,1.0,0.5710841890014342,0.4326162220819549,0.7720034621859457,1.0,0.8749571676309611,0.7720034621859457,0.7756200718803532,0.2672544280697036,0.9287679841624611,0.9999999999481898,0.7888121905608176,0.2141027076067466,0.9326835963863757,1.0,0.9287679841624611,0.9326835963863757
gRNA_14731,controlsgRNA,-0.6571628790617627,0.1598625270028317,1.0017982841862452,0.005094121158337515,-0.39994565195598286,0.02192928026593377,0.005094121158337515,2361.439975899985,-1.4172159098719879,-1.7219467125652046,-0.8607158676182239,-0.7083835454783407,-1.473367743906814,-1.2363259558881141,-1.4172159098719879,-0.4532146838505251,-0.4532146838505251,-0.4532146838505251,0.0,0.0,0.0,-0.4960868642656616,-0.4960868642656616,-0.4960868642656616,0.1478290554968183,0.502600021726027,0.39995793106225674,-0.11086382970586059,-0.03356400407068939,0.18119183490171042,0.1478290554968183,0,0.0,0.0,0.0,0.0,,,,,non-targeting control,,0.7691230876912308,0.2364763523647635,0.9009043020931552,1.0,0.7691230876912309,0.2364763523647635,0.9009043020931553,1.0,0.9009043020931552,0.9009043020931553,0.9970491639376384,0.032700056736123896,0.9999999996046233,0.5246630663878483,0.9903154713814777,0.0100516349465556,1.0,0.19891656525815293,0.5246630663878483,0.19891656525815293,0.024738456443594983,0.9977196849160469,0.06550464523092756,1.0,0.007503454861073176,0.992808933242311,0.021536633799721483,1.0,0.06550464523092756,0.021536633799721483,0.09996004603186522,0.9561819107162416,0.24726958755250872,0.9999999999481898,0.05995379477787681,0.941539584600311,0.1669824210109754,1.0,0.24726958755250872,0.1669824210109754
gRNA_14732,controlsgRNA,0.39637030745540924,0.8967992066734668,-0.04919465677529558,-0.3445083073521827,-1.1433631267991382,-0.04877931535954807,-0.04919465677529558,5243.681277300799,-0.050536625820700745,0.21835764684305434,0.10211175300047813,-0.0005022755464541964,-0.001239445562284294,0.053638210582818646,-0.0005022755464541964,-0.08205264699504775,-0.08205264699504775,-0.08205264699504775,0.0,0.0,0.0,-0.35177481167392927,-0.35177481167392927,-0.35177481167392927,-0.24976662903299734,-0.7060002431579703,0.033176064376414814,-0.47469505437518544,-0.4396046641626865,-0.3673781052704849,-0.4396046641626865,0,0.0,0.0,0.0,0.0,,,,,non-targeting control,,0.24517548245175486,0.7602239776022398,0.46324613769778805,1.0,0.2451754824517548,0.7602239776022398,0.46324613769778794,1.0,0.46324613769778805,0.46324613769778794,0.07457345229688833,0.9955329914812747,0.17545766769979054,0.9999999999939124,0.022595096150729906,0.9778949121965742,0.05626328577930096,1.0,0.17545766769979054,0.05626328577930096,0.600560308885407,0.7211056161821557,0.8394448927171487,1.0,0.4355595806589336,0.5668152517552629,0.6498825489196787,1.0,0.8394448927171487,0.6498825489196787,0.10156043929358094,0.8949569180533814,0.2479657478856262,0.9999999999481898,0.08180562790551599,0.9196961187410189,0.21067750748269873,1.0,0.2479657478856262,0.21067750748269873
gRNA_14733,controlsgRNA,-0.3613913070893086,-1.2233253217782665,-1.3604363662292551,-0.12189646111066103,-0.4421994306690181,-0.7018497773753019,-0.4421994306690181,4358.367223979515,-0.2058366437195512,-0.05180829094033175,-0.40156749042112294,-0.004875867473953237,-0.07956267910154043,-0.14873019433129991,-0.07956267910154043,-0.27192407594847867,-0.27192407594847867,-0.27192407594847867,0.0,0.0,0.0,-0.548226041754592,-0.548226041754592,-0.548226041754592,-0.23659549259756096,-0.30473941491547646,-0.6978547944651688,-0.4215744141693341,-0.04282748100053845,-0.3407183194296158,-0.30473941491547646,0,0.0,0.0,0.0,0.0,,,,,non-targeting control,,0.4682531746825319,0.5367463253674634,0.6824154793822945,1.0,0.46825317468253175,0.5367463253674633,0.6824154793822943,1.0,0.6824154793822945,0.6824154793822943,0.29018085455618786,0.950983211781753,0.5455400065656332,0.9999999999939124,0.13611597156613875,0.8654877026422106,0.270791562480784,1.0,0.5455400065656332,0.270791562480784,0.5904516359737662,0.7642545404970658,0.8314974349293486,1.0,0.4021322153909733,0.6005796847903223,0.6100481641228632,1.0,0.8314974349293486,0.6100481641228632,0.7598908958493309,0.47809445178316334,0.9276328010477378,0.9999999999481898,0.6531449270470304,0.34988778355616856,0.84103593345782,1.0,0.9276328010477378,0.84103593345782
gRNA_14734,controlsgRNA,-0.14477452085044676,0.360373843674272,-0.7795504553176287,-0.784921709077607,-0.4799488166193135,-0.3657643316381448,-0.4799488166193135,4622.503389064618,-1.1118159848654348,-0.5447394074631909,-0.47777703958206247,-1.0201143523972098,-1.3205080313488409,-0.8949909631313477,-1.0201143523972098,-0.03297185975109549,-0.03297185975109549,-0.03297185975109549,0.0,0.0,0.0,-0.45944729957765296,-0.45944729957765296,-0.45944729957765296,-0.41111725237751984,-0.6087620398147581,-0.8109836913806732,-0.8450733385128532,-0.4498052671646137,-0.6251483178500836,-0.6087620398147581,0,0.0,0.0,0.0,0.0,,,,,non-targeting control,,0.21577842215778426,0.7881211878812119,0.4270141406911941,1.0,0.2157784221577842,0.788121187881212,0.427014140691194,1.0,0.4270141406911941,0.427014140691194,0.9717228071944614,0.16151977930849282,0.9999999996046233,0.9999999999939124,0.9294651313895702,0.0715243743923048,1.0,0.5530720145563724,0.9999999996046233,0.5530720145563724,0.9225690111769063,0.3544017370391796,0.9999999999016121,1.0,0.8168937692464753,0.18524619627004096,0.9940196027076852,1.0,0.9999999999016121,0.9940196027076852,0.448433381915581,0.8003085311476632,0.7084493764716742,0.9999999999481898,0.3126646030795028,0.6901679620927369,0.546799491897177,1.0,0.7084493764716742,0.546799491897177
gRNA_14735,controlsgRNA,-0.25253376943361766,0.13121808556380277,-3.364697377262848,-0.49928346328355044,-1.5533357907777396,-1.1077264630387906,-0.49928346328355044,2073.324295827685,-0.3167058320655084,-0.8897894393716806,-0.3908810212646639,-0.2877148681850832,-0.33967780387626856,-0.4449537929526409,-0.33967780387626856,0.03694831065666663,0.03694831065666663,0.03694831065666663,0.0,0.0,0.0,0.006915144064077547,0.006915144064077547,0.006915144064077547,-0.930159046370923,-0.6214740852448474,-0.34627420041353113,-0.3962199126110056,0.00031115042854015773,-0.4587632188423534,-0.3962199126110056,0,0.0,0.0,0.0,0.0,,,,,non-targeting control,,0.15948405159484053,0.8447155284471553,0.34463220344632206,1.0,0.15948405159484058,0.8447155284471553,0.34463220344632217,1.0,0.34463220344632206,0.34463220344632217,0.721534661118971,0.6700297419403323,0.9999999996046233,0.9999999999939124,0.5284518735335574,0.4742312996578202,0.7979835520024802,1.0,0.9999999996046233,0.7979835520024802,0.6976776981015997,0.5753528159275495,0.920444963109479,1.0,0.5690492540624418,0.4337263118249901,0.7720034621859457,1.0,0.920444963109479,0.7720034621859457,0.717440286540091,0.16743075796038093,0.8962044775384526,0.9999999999481898,0.7949772834546343,0.2085507231047551,0.9340983080591952,1.0,0.8962044775384526,0.9340983080591952
gRNA_14736,controlsgRNA,-0.04257765184176235,-0.09116197623579157,0.6170696887663286,-0.2109831299493382,0.14020247363913352,0.08250988087571401,-0.04257765184176235,4698.77993673746,0.4759463220955197,-0.18140650776252856,-0.09811125891587778,0.6804389921709597,0.5018668127506873,0.27574687206775206,0.4759463220955197,-0.3287429299013095,-0.3287429299013095,-0.3287429299013095,0.0,0.0,0.0,-0.03021591994304807,-0.03021591994304807,-0.03021591994304807,-0.3656745808089306,-0.38725379704240137,0.6934428599565438,-0.07521105708262081,0.6512155879500161,0.10330380259452139,-0.07521105708262081,0,0.0,0.0,0.0,0.0,,,,,non-targeting control,,0.5974402559744025,0.4074592540745927,0.7882018815662293,1.0,0.5974402559744025,0.40745925407459255,0.7882018815662293,1.0,0.7882018815662293,0.7882018815662293,0.008259418693277372,0.997937753542128,0.026096986795565477,0.9999999999939124,0.0028857065215630545,0.997293378712771,0.008757550830634581,1.0,0.026096986795565477,0.008757550830634581,0.0343744776211842,0.9727714448602482,0.083385829584292,1.0,0.022792982353631367,0.978049231457338,0.054936931826701244,1.0,0.083385829584292,0.054936931826701244,0.10598687203335458,0.987490156732244,0.2571036379647827,0.9999999999481898,0.040427534577752014,0.9603388377050709,0.12258671775189321,1.0,0.2571036379647827,0.12258671775189321
gRNA_14737,controlsgRNA,-0.5227448098700024,-0.010341885259803932,-0.4164161567951658,-1.3552117051744907,-0.7804744774097405,-0.6170378069018407,-0.5227448098700024,3422.443139026962,-1.3226492287124008,-0.235078540069846,-0.7106436011776942,-0.2410070883720035,-1.397769742278058,-0.7814296401220006,-0.7106436011776942,-0.4151517879750294,-0.4151517879750294,-0.4151517879750294,0.0,0.0,0.0,-0.43785457989290755,-0.43785457989290755,-0.43785457989290755,0.19868750760687787,-0.6944937768765589,0.18464931021863698,-0.2157313376588622,-0.3786942600208422,-0.1811165113461497,-0.2157313376588622,0,0.0,0.0,0.0,0.0,,,,,non-targeting control,,0.7291270872912708,0.2768723127687232,0.8786916180176854,1.0,0.7291270872912708,0.27687231276872315,0.8786916180176854,1.0,0.8786916180176854,0.8786916180176854,0.8811457471644585,0.22903813743022486,0.9999999996046233,0.9999999999939124,0.8460545671741577,0.15621491482454408,1.0,0.8046138078634052,0.9999999996046233,0.8046138078634052,0.2567966755138382,0.8762955272967765,0.4803758706129512,1.0,0.1704808474841159,0.8314934598048935,0.3221145661006411,1.0,0.4803758706129512,0.3221145661006411,0.7115010177885281,0.5800485399700567,0.8962044775384526,0.9999999999481898,0.5726343284538391,0.43016031863009835,0.7829472999950673,1.0,0.8962044775384526,0.7829472999950673
gRNA_14738,controlsgRNA,-0.9953968558400331,-0.0937488302632904,-0.08994152742702184,-2.841907257792027,-0.5504322442554667,-0.9142853431155678,-0.5504322442554667,2474.3485464678415,-1.5008080104702688,-1.4650916676481913,-0.6316134560910331,-1.0079522372086507,-2.038316364847905,-1.3287563472532098,-1.4650916676481913,-0.20390703978825292,-0.20390703978825292,-0.20390703978825292,0.0,0.0,0.0,-0.11416874956267958,-0.11416874956267958,-0.11416874956267958,-0.8304316638816709,0.16592271637724276,-0.12107899655426464,-0.8104014634809885,-0.5130814275309774,-0.42181416701413177,-0.5130814275309774,0,0.0,0.0,0.0,0.0,,,,,non-targeting control,,0.3379662033796621,0.668833116688331,0.5549139409203185,1.0,0.33796620337966204,0.6688331166883311,0.5549139409203184,1.0,0.5549139409203185,0.5549139409203184,0.9973718118655008,0.02219377605288753,0.9999999996046233,0.5246630663878483,0.9932577783801297,0.006999128148067923,1.0,0.18257024967747432,0.5246630663878483,0.18257024967747432,0.5825904973954446,0.5605103610253186,0.8297501023510877,1.0,0.5192087291919331,0.4839332791208779,0.7311703452290892,1.0,0.8297501023510877,0.7311703452290892,0.726922927967297,0.2643910772974733,0.9050431156149128,0.9999999999481898,0.736441852169397,0.26853908415057126,0.9019613564029095,1.0,0.9050431156149128,0.9019613564029095
gRNA_14739,controlsgRNA,-0.35561814246866075,-0.3984453873033563,-0.7436935046379956,-0.05859044249627805,-0.7365773568305428,-0.4585849667473667,-0.3984453873033563,5431.058894411809,0.4795436514977508,0.4283858082152745,0.11388368790463158,0.4326437670457652,0.6328972785313813,0.41747083863896073,0.4326437670457652,-0.28516376028489593,-0.28516376028489593,-0.28516376028489593,0.0,0.0,0.0,0.3755485724878937,0.3755485724878937,0.3755485724878937,-0.7839242029674356,-0.9417048823589426,0.08379586786721256,-0.10118928388695157,-0.5546898015983657,-0.45954246058889653,-0.5546898015983657,0,0.0,0.0,0.0,0.0,,,,,non-targeting control,,0.5234476552344767,0.4828517148285172,0.7289493272894935,1.0,0.5234476552344766,0.48285171482851713,0.7289493272894932,1.0,0.7289493272894935,0.7289493272894932,0.0020011413198396753,0.9999552923477756,0.00791937048255659,0.9999999999939124,0.0003459285194041842,0.9996795450701063,0.0014452124810663697,1.0,0.00791937048255659,0.0014452124810663697,0.6304274734945918,0.5170792027170854,0.8660927023819114,1.0,0.5670248652211951,0.43685083420569343,0.7720034621859457,1.0,0.8660927023819114,0.7720034621859457,0.6119044769771781,0.7755997002479572,0.8240632826966987,0.9999999999481898,0.40805021680514414,0.5951154179869959,0.6454932798832087,1.0,0.8240632826966987,0.6454932798832087
gRNA_14740,controlsgRNA,-1.8931349016693606,-10.068755540063842,-9.715338885651724,-9.763909563880311,-10.119797066579576,-8.312187191568963,-9.763909563880311,205.09112818195513,-1.7907393117819075,0.23868047967753706,-1.173272726188772,-0.58022474933049,-1.8266947841532084,-1.026450218355368,-1.173272726188772,0.6381854253875433,0.6381854253875433,0.6381854253875433,0.0,0.0,0.0,-0.2138240644690193,-0.2138240644690193,-0.2138240644690193,-2.210283744359105,-6.654552691307762,-2.3816584547285253,-1.0721179727481702,-1.3718650381943085,-2.738095580267574,-2.210283744359105,0,0.0,0.0,0.0,0.0,,,,,non-targeting control,,0.009499050094990498,0.9948005199480052,0.03720461287204612,1.0,0.009499050094990488,0.9948005199480052,0.03720461287204608,1.0,0.03720461287204612,0.03720461287204608,0.8193419558951225,0.07239671827395433,0.9999999996046233,0.7777476020287666,0.9245313178872662,0.0779596190731057,1.0,0.5530720145563724,0.7777476020287666,0.5530720145563724,0.9999903751082381,0.0001638913807381208,0.9999999999016121,0.01273370492115851,0.9999775305443075,2.774520041326805e-05,1.0,0.0020864390710777572,0.01273370492115851,0.0020864390710777572,0.9999999365973085,1.9715440320991036e-08,0.9999999998332031,7.41300556069263e-06,1.0,2.42638294111606e-09,1.0,9.123199858596386e-07,7.41300556069263e-06,9.123199858596386e-07
gRNA_14741,controlsgRNA,0.7809436167482439,-0.7903082109101447,-1.148918295984857,-0.3633226832604649,-0.8821762935404901,-0.4807563733895425,-0.7903082109101447,3024.190390118994,-0.8316490358646517,-0.7429081133969997,-1.0207858858490146,-0.9149489320916826,-0.9496765927081262,-0.8919937119820951,-0.9149489320916826,-0.9770219789916745,-0.9770219789916745,-0.9770219789916745,0.0,0.0,0.0,0.4587825221795899,0.4587825221795899,0.4587825221795899,-1.2410385531963,0.42643246833053056,0.284022086658502,-0.6577835210007962,-0.2012653983080566,-0.277926583503224,-0.2012653983080566,0,0.0,0.0,0.0,0.0,,,,,non-targeting control,,0.9854014598540146,0.01929807019298071,0.9959971744761007,1.0,0.9854014598540146,0.01929807019298068,0.9959971744761007,1.0,0.9959971744761007,0.9959971744761007,0.9864279718815889,0.15967296289898408,0.9999999996046233,0.9999999999939124,0.9433979620557681,0.05745974439964316,1.0,0.5069910812082311,0.9999999996046233,0.5069910812082311,0.2021966690536302,0.6044502952074274,0.38987665417520495,1.0,0.26035104052032454,0.7438783894926417,0.4429501865866155,1.0,0.38987665417520495,0.4429501865866155,0.42788638326899003,0.5840003906987384,0.6898604439892773,0.9999999999481898,0.4412102607546971,0.5621248505528771,0.6689316856603472,1.0,0.6898604439892773,0.6689316856603472
gRNA_14742,controlsgRNA,-0.5110082737756891,-2.00166647561223,-3.401310741510522,-1.6724766804489526,-1.0584055357876125,-1.7289735414270013,-1.6724766804489526,3055.8819099261937,-0.4495863757976355,0.10239001395095688,0.15400300399306113,0.00557024364700222,-0.296122162325539,-0.09674905530643085,0.00557024364700222,-0.24805182816882054,-0.24805182816882054,-0.24805182816882054,0.0,0.0,0.0,-0.2957340548559317,-0.2957340548559317,-0.2957340548559317,-0.5492221312425191,-0.020179356225944745,-0.6189353458695738,-0.4299233088548452,-1.2184049984201837,-0.5673330281226134,-0.5492221312425191,0,0.0,0.0,0.0,0.0,,,,,non-targeting control,,0.43045695430456943,0.5735426457354265,0.6474072592740724,1.0,0.43045695430456954,0.5735426457354265,0.6474072592740726,1.0,0.6474072592740724,0.6474072592740726,0.17889747803768866,0.9620938748503955,0.3716323300672427,0.9999999999939124,0.08493514572060301,0.9165763302536412,0.1814523567667428,1.0,0.3716323300672427,0.1814523567667428,0.7938024115317636,0.3884063446866779,0.9883102872051096,1.0,0.7183540610049084,0.28363759680710887,0.9125038072224512,1.0,0.9883102872051096,0.9125038072224512,0.9917031772535285,0.01852216160807479,0.9999999998332031,0.7738147516262357,0.9917617941645548,0.008574010841915844,1.0,0.3582031196178175,0.7738147516262357,0.3582031196178175
gRNA_14743,controlsgRNA,-0.7599386497114133,-0.16157322792938694,-0.40689066507581606,-0.3554900005396772,-0.9009883232250646,-0.5169761732962715,-0.40689066507581606,2641.7231510769693,-1.3833640047880102,-1.1739897205649408,-0.4967963977576036,-1.1625143036612633,-1.6147963755560162,-1.166292160465567,-1.1739897205649408,-0.23058739456080202,-0.23058739456080202,-0.23058739456080202,0.0,0.0,0.0,0.18688728715791683,0.18688728715791683,0.18688728715791683,-0.636605404149569,-0.8199309817801375,-0.6731532109511582,-0.21283912438277502,-0.21967320339602753,-0.5124403849319334,-0.636605404149569,0,0.0,0.0,0.0,0.0,,,,,non-targeting control,,0.3793620637936206,0.6257374262573743,0.6018571138666723,1.0,0.37936206379362064,0.6257374262573743,0.6018571138666724,1.0,0.6018571138666723,0.6018571138666724,0.9941758964155014,0.047524527255444086,0.9999999996046233,0.6161800775188613,0.984220252765652,0.01622438879621047,1.0,0.23462962259135137,0.6161800775188613,0.23462962259135137,0.8088723202719479,0.4961310109294452,0.99716718826968,1.0,0.6760634386056352,0.3267742113222165,0.8765512169507546,1.0,0.99716718826968,0.8765512169507546,0.6724806368977974,0.712976655424425,0.8653274314968338,0.9999999999481898,0.4777206389159807,0.5249364901722331,0.708113795211773,1.0,0.8653274314968338,0.708113795211773
gRNA_14744,controlsgRNA,-0.6013892395687518,0.5141912234180622,-0.8650403798118572,-0.00858695523421084,0.7259866078366859,-0.046967748672014344,-0.00858695523421084,3093.2369332730837,-0.2961287294210238,-0.749612572168426,-0.6815389191797511,-0.33026832471662426,-0.44024482360669326,-0.4995586738185037,-0.44024482360669326,-0.16725762046922144,-0.16725762046922144,-0.16725762046922144,0.0,0.0,0.0,-0.3646706229144158,-0.3646706229144158,-0.3646706229144158,-0.542772604830761,0.2749150218780193,-0.7909774941280447,-0.2864981868660156,-0.2332343992552393,-0.31571353264040825,-0.2864981868660156,0,0.0,0.0,0.0,0.0,,,,,non-targeting control,,0.3053694630536946,0.6990300969903009,0.5242872972976674,1.0,0.3053694630536946,0.6990300969903009,0.5242872972976674,1.0,0.5242872972976674,0.5242872972976674,0.7942927015462377,0.6028818166876138,0.9999999996046233,0.9999999999939124,0.6112712410820472,0.3912343627216225,0.8824539595325539,1.0,0.9999999996046233,0.8824539595325539,0.44640803573846344,0.7323948747434037,0.6876200547956214,1.0,0.3518603697257482,0.6504962947961748,0.5558802479700896,1.0,0.6876200547956214,0.5558802479700896,0.11956838650859866,0.9128378154852473,0.27532440092776156,0.9999999999481898,0.08651726181919267,0.9153776956473525,0.2183254392215869,1.0,0.27532440092776156,0.2183254392215869
gRNA_14745,controlsgRNA,0.6205810285089197,-0.15855792963496126,-1.138325297985009,0.3939319947179572,-1.1172646712248016,-0.279926975123579,-0.15855792963496126,2283.2354270221417,0.6110799258726864,-0.05450680786434975,0.17849511875779914,0.22376056473866943,0.5888406359519874,0.3095338874913585,0.22376056473866943,-0.009602392883028197,-0.009602392883028197,-0.009602392883028197,0.0,0.0,0.0,0.3206026083536616,0.3206026083536616,0.3206026083536616,-0.6648660139280537,-1.0914623710641116,-0.22835885943716241,-0.009325642369882245,-0.2330858435635425,-0.44541974607255047,-0.2330858435635425,0,0.0,0.0,0.0,0.0,,,,,non-targeting control,,0.18988101189881013,0.8143185681431857,0.3901380353767902,1.0,0.18988101189881013,0.8143185681431857,0.3901380353767902,1.0,0.3901380353767902,0.3901380353767902,0.006286120185255742,0.9995422379918169,0.020733168330317183,0.9999999999939124,0.0015602897289619124,0.9985219356456049,0.0053822838356851295,1.0,0.020733168330317183,0.0053822838356851295,0.6346092833550567,0.5579090851174496,0.8660927023819114,1.0,0.537358130367805,0.46491143667487345,0.7455596199937073,1.0,0.8660927023819114,0.7455596199937073,0.22405909239750824,0.7182820207623859,0.4410796792746759,0.9999999999481898,0.22924750942310895,0.7736036159602155,0.4437345424025661,1.0,0.4410796792746759,0.4437345424025661
gRNA_14746,controlsgRNA,0.151581650804216,-2.460987675760904,-0.9498966808055467,-1.1293783369133483,-0.6837944416294338,-1.0144950968610034,-0.9498966808055467,7861.545413465884,-0.021467921789554326,-0.5350739652844941,-0.31656610455638223,-0.41784669836315314,-0.15409771873378578,-0.2890104817454739,-0.31656610455638223,-0.5922507088875778,-0.5922507088875778,-0.5922507088875778,0.0,0.0,0.0,-0.5610833168188705,-0.5610833168188705,-0.5610833168188705,-0.32153490675519564,-1.1325081380845694,-1.75017205404909,-0.5633526403998083,-0.4212750754554076,-0.8377685629488141,-0.5633526403998083,0,0.0,0.0,0.0,0.0,,,,,non-targeting control,,0.8692130786921308,0.13448655134486553,0.9472735723545801,1.0,0.8692130786921307,0.1344865513448656,0.9472735723545801,1.0,0.9472735723545801,0.9472735723545801,0.4980491946983545,0.8512300482519455,0.8037188721312503,0.9999999999939124,0.30105520091400245,0.700706854902915,0.5037129634674998,1.0,0.8037188721312503,0.5037129634674998,0.9337365064430018,0.12735418884896324,0.9999999999016121,1.0,0.9182314508484821,0.08404879453937458,1.0,0.7182351533364737,0.9999999999016121,0.7182351533364737,0.838804619018253,0.18464191139862055,0.9615565144843388,0.9999999999481898,0.8499268174787612,0.15179475592734043,0.9621122156044164,1.0,0.9615565144843388,0.9621122156044164
gRNA_14747,controlsgRNA,-1.037923590716169,-1.2893504647716625,-0.7722198093625965,-0.6513997305304914,-1.474908733947552,-1.045160465865694,-1.037923590716169,4189.0646181653865,-0.9238619396253429,-0.5193763751941739,-0.08284187938410968,0.13456677045136517,-0.3337876592565283,-0.3450602166017579,-0.3337876592565283,-0.28021384989009895,-0.28021384989009895,-0.28021384989009895,0.0,0.0,0.0,-0.014693057594232058,-0.014693057594232058,-0.014693057594232058,-1.0167623729629298,-0.2064157500776101,-1.2055989190947283,-0.8469695179124972,-1.18446254867921,-0.8920418217453949,-1.0167623729629298,0,0.0,0.0,0.0,0.0,,,,,non-targeting control,,0.49805019498050174,0.5056494350564942,0.7066674464629006,1.0,0.49805019498050196,0.5056494350564944,0.7066674464629009,1.0,0.7066674464629006,0.7066674464629009,0.4700282888775087,0.7447867154648045,0.7650676909867673,0.9999999999939124,0.35172141550059544,0.6508813060516707,0.5713068077635747,1.0,0.7650676909867673,0.5713068077635747,0.9716797670519212,0.08320108314932749,0.9999999999016121,1.0,0.9607255446223231,0.040248155373327134,1.0,0.5404752292989644,0.9999999999016121,0.5404752292989644,0.9697063395132774,0.20127362260571116,0.9999999998332031,0.9999999999481898,0.913711035798979,0.08747493352561803,0.9847867511853902,1.0,0.9999999998332031,0.9847867511853902
gRNA_14748,controlsgRNA,0.6362829376984924,-1.6019746098332435,0.340926922237476,-0.4427966524753018,-0.6347243473481414,-0.34045714994414367,-0.4427966524753018,3600.421750263594,0.26030710891026826,0.028226970560006472,0.18324504864761681,0.007403122354557559,0.7814135451658544,0.2521191591276607,0.18324504864761681,-0.6514965434013251,-0.6514965434013251,-0.6514965434013251,0.0,0.0,0.0,0.31347486637731986,0.31347486637731986,0.31347486637731986,-0.16383167605144866,-0.5593625626303492,-0.018645345544085697,-0.3992168742654503,0.2275668656974056,-0.18269791855878564,-0.16383167605144866,0,0.0,0.0,0.0,0.0,,,,,non-targeting control,,0.9165083491650835,0.08829117088291172,0.9625897745420988,1.0,0.9165083491650834,0.08829117088291172,0.9625897745420987,1.0,0.9625897745420988,0.9625897745420987,0.0103449746649994,0.9991948377223725,0.03062764152787224,0.9999999999939124,0.0028733876154100986,0.9973098281222817,0.008757550830634581,1.0,0.03062764152787224,0.008757550830634581,0.2967691877368345,0.902345974077115,0.5288398795689563,1.0,0.1749942742912724,0.8273867109186498,0.32714973465881825,1.0,0.5288398795689563,0.32714973465881825,0.25789956034987416,0.6982724729555319,0.49728325482847535,0.9999999999481898,0.25785052939303,0.7446806836365606,0.4752539169204867,1.0,0.49728325482847535,0.4752539169204867
gRNA_14749,controlsgRNA,-0.16107308970507875,-0.7964801666966509,-0.27858809307914006,0.3519654733612764,0.6061683410332739,-0.05560150701726387,-0.16107308970507875,2991.0528694080435,-1.1545553925230543,-0.6542857469642726,-0.752578084402833,-1.177047614044057,-1.6982631043464105,-1.0873459884561254,-1.1545553925230543,-0.4329959037134633,-0.4329959037134633,-0.4329959037134633,0.0,0.0,0.0,-0.5610995577403352,-0.5610995577403352,-0.5610995577403352,-0.3678869048658284,0.4167499179555821,0.6041782250868059,-0.34028364177670145,0.21479108092653013,0.10550973546527764,0.21479108092653013,0,0.0,0.0,0.0,0.0,,,,,non-targeting control,,0.7471252874712528,0.2576742325767423,0.888984519269592,1.0,0.7471252874712528,0.25767423257674227,0.888984519269592,1.0,0.888984519269592,0.888984519269592,0.9921095792200063,0.07173196315937004,0.9999999996046233,0.7777476020287666,0.9751678315718622,0.025493077222332506,1.0,0.29954365736240696,0.7777476020287666,0.29954365736240696,0.036973623538511746,0.9830432497668149,0.08854829586293259,1.0,0.0189616108785193,0.9817581885029116,0.04659846856420429,1.0,0.08854829586293259,0.04659846856420429,0.15698248641323828,0.9401133467794509,0.3414882484962031,0.9999999999481898,0.09025003826915667,0.9111014144439479,0.22622676259468608,1.0,0.3414882484962031,0.22622676259468608
gRNA_14750,controlsgRNA,-0.3365956231660749,0.7597127034259501,-0.18216671915332933,-0.17239262190666874,-0.8260884378132993,-0.15150613972268442,-0.18216671915332933,4627.9258924536825,-0.7553866235664632,-0.3522282174314488,-0.7410628469256387,-0.7441515425024112,-0.7374116079799969,-0.6660481676811918,-0.7410628469256387,-0.21292283024348965,-0.21292283024348965,-0.21292283024348965,0.0,0.0,0.0,-0.19854853133990819,-0.19854853133990819,-0.19854853133990819,-0.4332359064791772,-0.3724358706711521,-0.1257494192913198,-0.7087116525067658,0.12642060771458627,-0.3027424482467657,-0.3724358706711521,0,0.0,0.0,0.0,0.0,,,,,non-targeting control,,0.35846415358464145,0.6457354264573543,0.578465758574357,1.0,0.35846415358464145,0.6457354264573543,0.578465758574357,1.0,0.578465758574357,0.578465758574357,0.9274062378289478,0.3695424248643303,0.9999999996046233,0.9999999999939124,0.8144657396924597,0.18671933055175727,1.0,0.8631778023020735,0.9999999996046233,0.8631778023020735,0.47286550786763415,0.7879851577264003,0.7009350648202144,1.0,0.32955381552104235,0.6732353419560869,0.5318121658193645,1.0,0.7009350648202144,0.5318121658193645,0.21272265886180428,0.9062857100860998,0.42544531772360855,0.9999999999481898,0.1385881823473767,0.8641557252247631,0.3065244503683155,1.0,0.42544531772360855,0.3065244503683155
gRNA_14751,controlsgRNA,-0.7232610677000696,-1.8211419561449806,-0.8458506032666975,-0.8265049737260219,-0.19098300565889278,-0.8815483212993325,-0.8265049737260219,4157.373098358187,0.03785045326458462,-0.14139178874531338,-0.23065683448139537,-0.3499765148063539,-0.2192553439042017,-0.18068600573453594,-0.2192553439042017,-0.2749150517223947,-0.2749150517223947,-0.2749150517223947,0.0,0.0,0.0,-0.26913961298699246,-0.26913961298699246,-0.26913961298699246,-0.165494599856819,0.12505189907047704,-0.11884385605074695,-0.37831879745044755,-0.39837875910999193,-0.1871968226795057,-0.165494599856819,0,0.0,0.0,0.0,0.0,,,,,non-targeting control,,0.4796520347965202,0.5254474552544746,0.6909929696685502,1.0,0.47965203479652035,0.5254474552544746,0.6909929696685504,1.0,0.6909929696685502,0.6909929696685504,0.34035767162783076,0.9371629843651029,0.603653228924832,0.9999999999939124,0.16823182905130524,0.8339191071084565,0.31947054405702413,1.0,0.603653228924832,0.31947054405702413,0.3303512298259322,0.9250149014452149,0.5724058175785737,1.0,0.17392228825579537,0.8279079889946506,0.3269739019208953,1.0,0.5724058175785737,0.3269739019208953,0.8848370159651044,0.31688567791675415,0.9901747559609503,0.9999999999481898,0.8063117200283406,0.19612186942215515,0.9390399484572953,1.0,0.9901747559609503,0.9390399484572953
gRNA_14752,controlsgRNA,0.23252260304919875,-2.3162898202098754,0.6224872549000899,-0.037068095593750613,0.16137465153619998,-0.2673946812636274,0.16137465153619998,3160.4759752974846,-0.6848820497974799,-0.0662672225184755,-0.36168290650828866,-0.38047755464507393,-1.1777844577891592,-0.5342188382516955,-0.38047755464507393,0.13744535249669013,0.13744535249669013,0.13744535249669013,0.0,0.0,0.0,-0.19643168059787666,-0.19643168059787666,-0.19643168059787666,0.2387947528558392,0.3932885108707698,-0.10527927872500314,-0.09201819389263645,-0.4390798378625757,-0.0008588093507212347,-0.09201819389263645,0,0.0,0.0,0.0,0.0,,,,,non-targeting control,,0.07809219078092189,0.9272072792720728,0.1983963765785583,1.0,0.07809219078092189,0.9272072792720728,0.1983963765785583,1.0,0.1983963765785583,0.1983963765785583,0.7422193304974276,0.521956408891662,0.9999999996046233,0.9999999999939124,0.620238507967398,0.3826939071009418,0.8867288174743028,1.0,0.9999999996046233,0.8867288174743028,0.09645813940418548,0.9768006683501173,0.2120950901518932,1.0,0.04472734893170949,0.9562070422664817,0.10192414059589557,1.0,0.2120950901518932,0.10192414059589557,0.12935382046709162,0.6867385698255503,0.29476991815531184,0.9999999999481898,0.14605884966244537,0.8564143972056137,0.3173175184989591,1.0,0.29476991815531184,0.3173175184989591
gRNA_14753,controlsgRNA,-0.760494526466629,-0.059210438300272006,-2.081701747559426,-0.5136659332625044,-0.5495727362509338,-0.7929290763679531,-0.5495727362509338,2995.993372495858,-0.5301537369426417,-0.3938870076360695,-0.4929333357959026,-0.2822067464697684,-0.4904799252570283,-0.4379321504202821,-0.4904799252570283,-0.7315329169615724,-0.7315329169615724,-0.7315329169615724,0.0,0.0,0.0,0.10022018505518542,0.10022018505518542,0.10022018505518542,-1.1833705157222891,-0.5114405120835847,-1.3057730111537567,-1.118034361906806,0.01974875759940913,-0.8197739286534056,-1.118034361906806,0,0.0,0.0,0.0,0.0,,,,,non-targeting control,,0.9446055394460554,0.06009399060093991,0.9757463814058155,1.0,0.9446055394460554,0.06009399060093988,0.9757463814058155,1.0,0.9757463814058155,0.9757463814058155,0.7529254887878072,0.6959058385444015,0.9999999996046233,0.9999999999939124,0.5349511079583095,0.46739950321295987,0.8045664663692974,1.0,0.9999999996046233,0.8045664663692974,0.8941663650469199,0.10880062077377155,0.9999999999016121,1.0,0.9198224911039585,0.08207233820168724,1.0,0.7182351533364737,0.9999999999016121,0.7182351533364737,0.7721715695600831,0.373389803895863,0.9276328010477378,0.9999999999481898,0.7058030219323662,0.29702876477419166,0.8805892800344608,1.0,0.9276328010477378,0.8805892800344608
gRNA_14754,controlsgRNA,-0.17448223622967002,0.26944045086291857,-2.311970213188816,-0.9707493432976717,-1.4653607881441246,-0.9306244259994727,-0.9707493432976717,2077.6622985389367,-1.1617371494226938,-0.018593065344427305,-0.594915530135299,-0.24243027279881538,-0.7750015499717153,-0.5585355135345902,-0.594915530135299,-0.5560465821022058,-0.5560465821022058,-0.5560465821022058,0.0,0.0,0.0,-0.5105827732450499,-0.5105827732450499,-0.5105827732450499,-0.2844716459754729,-0.2767867106998538,-0.43481469399441464,-0.6454833130647608,-0.9772658678558601,-0.5237644463180724,-0.43481469399441464,0,0.0,0.0,0.0,0.0,,,,,non-targeting control,,0.8559144085591441,0.1485851414858515,0.9410053146732111,1.0,0.8559144085591441,0.1485851414858514,0.9410053146732111,1.0,0.9410053146732111,0.9410053146732111,0.7370085464449236,0.4820416590056106,0.9999999996046233,0.9999999999939124,0.6413332012018064,0.3615306695397904,0.9031508751006712,1.0,0.9999999996046233,0.9031508751006712,0.8187608620452305,0.4934090282981819,0.9999999999016121,1.0,0.6810103692590108,0.32213009788083197,0.8799309238535673,1.0,0.9999999999016121,0.8799309238535673,0.715390933959993,0.21095622143095988,0.8962044775384526,0.9999999999481898,0.7817881756455458,0.2207701997279653,0.9326835963863757,1.0,0.8962044775384526,0.9326835963863757
gRNA_14755,controlsgRNA,-0.9079815925485956,-2.970481084659039,-1.659187445831931,-1.9414793213606085,-1.3950942311853505,-1.7748447351171048,-1.659187445831931,3250.971531857207,-2.29614655444485,-1.13041561125183,-1.1384050139626205,-1.0372260147588894,-2.1012216710826435,-1.5406829731001666,-1.1384050139626205,-0.9242281171483292,-0.9242281171483292,-0.9242281171483292,0.0,0.0,0.0,-0.7864889556117243,-0.7864889556117243,-0.7864889556117243,-0.6453879077506376,-1.894572302568857,-0.7914746403911315,-0.5421313284659737,-1.0894174309795395,-0.9925967220312278,-0.7914746403911315,0,0.0,0.0,0.0,0.0,,,,,non-targeting control,,0.9808019198080192,0.02499750024997499,0.994020274522413,1.0,0.9808019198080192,0.02499750024997498,0.994020274522413,1.0,0.994020274522413,0.994020274522413,0.999431695594582,0.008804171847306851,0.9999999996046233,0.2546437395836443,0.9979273768619268,0.002237032280455894,1.0,0.07009367812095135,0.2546437395836443,0.07009367812095135,0.9881583233727309,0.05567533470421564,0.9999999999016121,0.7753305869920399,0.976542995104504,0.02428162434047943,1.0,0.3728122945637179,0.7753305869920399,0.3728122945637179,0.9987194454983273,0.012975448100981106,0.9999999998332031,0.609846060746112,0.9964593599409951,0.0037668875564601267,1.0,0.17704371515362596,0.609846060746112,0.17704371515362596
gRNA_14756,controlsgRNA,-0.18015866366714872,-1.2304702892111767,-1.0802226239910677,0.503340260144288,-0.2627538582369825,-0.45005303499241756,-0.2627538582369825,3655.008284380178,-0.39681317817538886,-0.362577819573024,0.08251710132588955,-0.29338030924890585,-0.8859156934937275,-0.3712339798330313,-0.362577819573024,-0.42866141943015057,-0.42866141943015057,-0.42866141943015057,0.0,0.0,0.0,-0.4156745870580308,-0.4156745870580308,-0.4156745870580308,-0.43519461439181734,-1.731272427239034,-0.3057772859663173,0.01092625316132929,-0.5491755286948523,-0.6020987206261383,-0.43519461439181734,0,0.0,0.0,0.0,0.0,,,,,non-targeting control,,0.7378262173782622,0.26677332266773324,0.8835116488351165,1.0,0.7378262173782622,0.26677332266773324,0.8835116488351165,1.0,0.8835116488351165,0.8835116488351165,0.5400711771474447,0.7381495972250244,0.8568217831537519,0.9999999999939124,0.39296687414296394,0.6096916384372234,0.629201893864735,1.0,0.8568217831537519,0.629201893864735,0.7050397813394766,0.3336652793459484,0.9269054467959553,1.0,0.6858043343966058,0.3166857181470145,0.8830905127846705,1.0,0.9269054467959553,0.8830905127846705,0.4420952215407683,0.6346339939753793,0.7013831362840881,0.9999999999481898,0.40043214147886474,0.602733526899686,0.6454932798832087,1.0,0.7013831362840881,0.6454932798832087
gRNA_14757,controlsgRNA,-0.5694209939194085,-1.7683415701726186,-1.1168757841820929,-0.5009512213133075,-0.9833845640733975,-0.9877948267321649,-0.9833845640733975,1941.858713661696,-1.448878057321696,-0.5454519634348861,-0.39803773502947776,-0.792039391016745,-1.138508780498167,-0.8645831854601944,-0.792039391016745,-0.5986843084416241,-0.5986843084416241,-0.5986843084416241,0.0,0.0,0.0,0.09279563652070874,0.09279563652070874,0.09279563652070874,-0.7788461964619293,-0.8711304950489408,-0.794850462762968,0.5498764219201052,-0.19496253228305993,-0.41798265292735853,-0.7788461964619293,0,0.0,0.0,0.0,0.0,,,,,non-targeting control,,0.8787121287871212,0.12588741125887415,0.9494131046665448,1.0,0.8787121287871211,0.1258874112588742,0.9494131046665447,1.0,0.9494131046665448,0.9494131046665447,0.960791768803691,0.17373688227125325,0.9999999996046233,0.9999999999939124,0.9164266496866404,0.08456839707503949,1.0,0.565830628446594,0.9999999996046233,0.565830628446594,0.45226544418968606,0.4607196912106166,0.6884688543130444,1.0,0.5250877912039383,0.47812865419128314,0.7366903339279135,1.0,0.6884688543130444,0.7366903339279135,0.9409047591834447,0.2367243217500142,0.9999999998332031,0.9999999999481898,0.8780586339593938,0.12394377652404959,0.9635700099909593,1.0,0.9999999998332031,0.9635700099909593
gRNA_14758,controlsgRNA,-1.0680557691859804,0.309560630578414,-0.32239522540635085,-0.7551083271288241,0.07973628203395362,-0.3512524818217576,-0.32239522540635085,3492.8151830094894,0.007950620649081282,0.10883934448921587,0.254576526402355,-0.028198594278243703,0.6312224620327803,0.19487807185903777,0.10883934448921587,-0.0007995289354587508,-0.0007995289354587508,-0.0007995289354587508,0.0,0.0,0.0,0.39150619520507113,0.39150619520507113,0.39150619520507113,-0.39648336386422384,-0.4945050164910933,0.7368525378341839,-0.6329830430987077,-1.1975890065984078,-0.39694157844364975,-0.4945050164910933,0,0.0,0.0,0.0,0.0,,,,,non-targeting control,,0.18028197180281968,0.8247175282471753,0.37658900776589,1.0,0.18028197180281974,0.8247175282471753,0.3765890077658901,1.0,0.37658900776589,0.3765890077658901,0.01889152996571982,0.9985989862632393,0.052616409386004835,0.9999999999939124,0.005383416604813608,0.9948571945362005,0.015280740318921715,1.0,0.052616409386004835,0.015280740318921715,0.3676086275658397,0.46492581534491617,0.6154904306078166,1.0,0.4799052431482361,0.5263977403956168,0.6966964147634626,1.0,0.6154904306078166,0.6966964147634626,0.40723671627871555,0.7707357863774448,0.6657435013947698,0.9999999999481898,0.30404922227464337,0.698693938881713,0.5367253876773047,1.0,0.6657435013947698,0.5367253876773047
gRNA_14759,controlsgRNA,-0.97744107548295,1.6256539941848092,-0.277902004449665,-1.1680151389586462,0.7602335773729213,-0.007494129466706157,-0.277902004449665,1998.8552492845308,-0.5312558057780963,-0.8593633474835032,-0.02237888919406159,-1.0350561229986748,-1.8831605205473376,-0.8662429372003346,-0.8593633474835032,-0.722636408770509,-0.722636408770509,-0.722636408770509,0.0,0.0,0.0,-0.08502583864147457,-0.08502583864147457,-0.08502583864147457,-0.1860588354496955,-0.4599462403578746,0.41458846373911024,-0.16344192514099845,1.9491478187806726,0.31085785631424284,-0.16344192514099845,0,0.0,0.0,0.0,0.0,,,,,non-targeting control,,0.94000599940006,0.06419358064193581,0.9736701261003377,1.0,0.94000599940006,0.0641935806419358,0.9736701261003377,1.0,0.9736701261003377,0.9736701261003377,0.8840634030195105,0.16505653410283966,0.9999999996046233,0.9999999999939124,0.8820585815992535,0.12060848086211634,1.0,0.7182731076663532,0.9999999996046233,0.7182731076663532,0.004622290072970509,0.9744215371342635,0.0165522006422563,1.0,0.007329479291618072,1.0,0.021199109335756885,1.0,0.0165522006422563,0.021199109335756885,0.038969234411943235,0.7571118890645584,0.128530106481497,0.9999999999481898,0.08504760882029933,0.9221444888613457,0.21606689808400367,1.0,0.128530106481497,0.21606689808400367
gRNA_14760,controlsgRNA,-0.9919345861012886,-2.0487735505661364,-1.826572852442483,0.5290495316557114,-1.9258947946567126,-1.2528252504221817,-1.826572852442483,1899.4426871516794,-0.4941838627966914,-1.3284698477762145,-0.505782772901679,-0.5391041807851241,-1.3349157131238198,-0.8404912754767058,-0.5391041807851241,0.16620324984103124,0.16620324984103124,0.16620324984103124,0.0,0.0,0.0,0.14031784430840727,0.14031784430840727,0.14031784430840727,-1.3902629727338824,-0.19454569471501154,0.18049370728695632,-0.0757405276697076,-0.3688186094032925,-0.36977481944698753,-0.19454569471501154,0,0.0,0.0,0.0,0.0,,,,,non-targeting control,,0.06319368063193684,0.9427057294270573,0.16732974589864966,1.0,0.06319368063193678,0.9427057294270573,0.1673297458986495,1.0,0.16732974589864966,0.1673297458986495,0.9520763893736415,0.19352778587238306,0.9999999996046233,0.9999999999939124,0.9024322229792143,0.09926301863178755,1.0,0.6325914407720699,0.9999999996046233,0.6325914407720699,0.40262922007099644,0.5914614980460551,0.646959772421772,1.0,0.37577439439736227,0.6276321456960027,0.5816709710218825,1.0,0.646959772421772,0.5816709710218825,0.8206805748613171,0.05788180009867921,0.9583102364840224,0.9999999999481898,0.940140893470889,0.0617168613736759,0.9874105473325538,1.0,0.9583102364840224,0.9874105473325538
gRNA_14761,controlsgRNA,-0.4576857195794826,-0.04367388500278949,1.4062555237695862,-0.6171218686196551,-1.0634813399187044,-0.1551414578702091,-0.4576857195794826,2886.9408043380026,-0.5506614119489592,0.2094820223903202,-0.527210314753742,0.03135154734825044,0.14736892522210812,-0.1379338463484045,0.03135154734825044,-0.28293451731068736,-0.28293451731068736,-0.28293451731068736,0.0,0.0,0.0,0.35304845499216875,0.35304845499216875,0.35304845499216875,-0.2909685755578392,0.6638666598069777,0.04563864305078511,-0.4826121472994626,-0.20301457246521176,-0.05341799849295016,-0.20301457246521176,0,0.0,0.0,0.0,0.0,,,,,non-targeting control,,0.512048795120488,0.4924507549245076,0.7183968170347145,1.0,0.512048795120488,0.49245075492450757,0.7183968170347145,1.0,0.7183968170347145,0.7183968170347145,0.19066475468628857,0.9217556724867257,0.38961928131545925,0.9999999999939124,0.11434025223389327,0.8871597675215442,0.23365181978230365,1.0,0.38961928131545925,0.23365181978230365,0.12231457566668767,0.9452502325659393,0.25837236208244135,1.0,0.07685831059691703,0.9245835069788109,0.16419729991159546,1.0,0.25837236208244135,0.16419729991159546,0.1356190169806804,0.7929646734890149,0.3026452711295573,0.9999999999481898,0.1639013895140214,0.8428746916366507,0.34428448300151976,1.0,0.3026452711295573,0.34428448300151976
gRNA_14762,controlsgRNA,-0.6803614585735789,0.28167966288250457,-1.582816530631127,-1.086940372086824,-0.3706760906397747,-0.68782295780976,-0.6803614585735789,4411.628257267661,-1.1953457368515226,-0.8661111782858409,-0.4156856512848612,-0.723733042941761,-1.4839464789248675,-0.9369644176577706,-0.8661111782858409,-0.28035080414936364,-0.28035080414936364,-0.28035080414936364,0.0,0.0,0.0,-0.25311576219601245,-0.25311576219601245,-0.25311576219601245,-0.5592443823971761,-0.24797793973934415,-0.06284963575772066,-0.48883847158568294,-0.2207334078120413,-0.31592876745839304,-0.24797793973934415,0,0.0,0.0,0.0,0.0,,,,,non-targeting control,,0.5028497150284971,0.5020497950204981,0.7107950859049432,1.0,0.5028497150284972,0.502049795020498,0.7107950859049433,1.0,0.7107950859049432,0.7107950859049433,0.9765481290043085,0.1252266822936186,0.9999999996046233,0.9999999999939124,0.9459019141975514,0.05508090166555164,1.0,0.5051321713718883,0.9999999996046233,0.5051321713718883,0.5622625226781113,0.8095211298365537,0.8069111012479765,1.0,0.3600315241447755,0.6420181839576293,0.5664094271064252,1.0,0.8069111012479765,0.5664094271064252,0.6784625890151094,0.4429882727063972,0.8653274314968338,0.9999999999481898,0.6331834194556295,0.3699200783257042,0.8266561309559608,1.0,0.8653274314968338,0.8266561309559608
gRNA_14763,controlsgRNA,0.36714220968695077,0.6582729580103679,0.450228546080835,-0.4975417802745978,0.07042363930368643,0.20970511456144844,0.36714220968695077,2735.2312095195057,-0.7467053973893809,-0.06559838573259194,-0.3259986604810134,-0.07594500668766857,-0.6785370229824803,-0.37855689465462705,-0.3259986604810134,0.057344975942435074,0.057344975942435074,0.057344975942435074,0.0,0.0,0.0,-0.10193069561505227,-0.10193069561505227,-0.10193069561505227,-0.009156651373964684,0.7842946586675951,-0.45808650003668,0.20616414792850019,0.8243166841445696,0.2695064678660041,0.20616414792850019,0,0.0,0.0,0.0,0.0,,,,,non-targeting control,,0.14088591140885912,0.8634136586341365,0.31345031177355637,1.0,0.1408859114088591,0.8634136586341365,0.3134503117735563,1.0,0.31345031177355637,0.3134503117735563,0.5816709642718833,0.7303749769436125,0.9112845106926171,0.9999999999939124,0.41809786634339646,0.5843591775840465,0.6550199906046544,1.0,0.9112845106926171,0.6550199906046544,0.006631919459734374,0.992397785356667,0.02131283518683867,1.0,0.0037058441348819236,0.9965477757360535,0.011808452497589859,1.0,0.02131283518683867,0.011808452497589859,0.04308721648093098,0.9925934549763746,0.13966201204163836,0.9999999999481898,0.016000874698059095,0.984413848506809,0.05729837034733543,1.0,0.13966201204163836,0.05729837034733543
gRNA_14764,controlsgRNA,-0.8508142468550822,-0.6841518601278213,-1.224064232964677,-0.8679541374274423,0.4813332569667557,-0.6291302440816534,-0.8508142468550822,4402.10875131797,-0.9922046867090638,-0.33506611236869593,-0.15413701501408,-0.8570263799464768,-0.7215306895944421,-0.6119929767265517,-0.7215306895944421,-0.366213852238467,-0.366213852238467,-0.366213852238467,0.0,0.0,0.0,-0.28925437254436276,-0.28925437254436276,-0.28925437254436276,-0.8477650291436587,0.007061971609916786,-0.6379505224237393,-0.28241215832091254,-0.10931890877065524,-0.37407692940980974,-0.28241215832091254,0,0.0,0.0,0.0,0.0,,,,,non-targeting control,,0.6306369363063694,0.3739626037396261,0.8120530412712155,1.0,0.6306369363063694,0.37396260373962603,0.8120530412712155,1.0,0.8120530412712155,0.8120530412712155,0.8401489642260334,0.4290935620164511,0.9999999996046233,0.9999999999939124,0.7289451718266363,0.2735829530027244,0.978869230738626,1.0,0.9999999996046233,0.978869230738626,0.572039557059991,0.668000726621304,0.8178208116142837,1.0,0.44732360635411395,0.5559689287432273,0.6621798267289246,1.0,0.8178208116142837,0.6621798267289246,0.6485525497958281,0.48410996899064274,0.8496716331819908,0.9999999999481898,0.6076570296092276,0.3953532062542553,0.8045036730037661,1.0,0.8496716331819908,0.8045036730037661
gRNA_14765,controlsgRNA,-0.9307227708498912,0.288880873644352,-0.19033206713955236,-0.1734339736136,0.5780590666423197,-0.08550977426327437,-0.1734339736136,4329.32670582919,0.28518843409088035,-0.19317849960336514,-0.6529058198962808,-0.4790323230611588,-0.5360963679818033,-0.3152049152903455,-0.4790323230611588,0.033632825024121564,0.033632825024121564,0.033632825024121564,0.0,0.0,0.0,-0.3692474270819934,-0.3692474270819934,-0.3692474270819934,-0.40556399145708744,0.13423046930597626,-0.24385744832684458,-0.4678775453859949,-0.11710876331863099,-0.22003545583651635,-0.24385744832684458,0,0.0,0.0,0.0,0.0,,,,,non-targeting control,,0.16518348165183483,0.8406159384061593,0.3549085091490851,1.0,0.16518348165183483,0.8406159384061593,0.3549085091490851,1.0,0.3549085091490851,0.3549085091490851,0.4395131054354919,0.7799110877463126,0.7280040865363214,0.9999999999939124,0.32378002106594594,0.6783903438624395,0.5363052331312586,1.0,0.7280040865363214,0.5363052331312586,0.37513322582021014,0.8959012402394737,0.6187390723938774,1.0,0.2147110026323098,0.7872189420987987,0.38080819334787025,1.0,0.6187390723938774,0.38080819334787025,0.17690269048288942,0.9230893159946214,0.3736820877616091,0.9999999999481898,0.1067581078032232,0.8948121588357328,0.2623597943399472,1.0,0.3736820877616091,0.2623597943399472
gRNA_14766,controlsgRNA,-0.9516894921102764,-0.33370682122535084,-1.5727905956498338,-0.09553646119176852,0.6457783960859735,-0.4615889948182511,-0.33370682122535084,2563.036601897876,0.44838664641786197,0.1878012637357185,-0.20298091613238878,0.09729816877679717,0.8348424010076859,0.273069512761135,0.1878012637357185,0.2088619775644894,0.2088619775644894,0.2088619775644894,0.0,0.0,0.0,-0.18848678227042134,-0.18848678227042134,-0.18848678227042134,-0.13506792686273997,-0.6924359407153515,0.35685080971574207,-0.10109323389146384,-0.0011499805081794023,-0.11457925445239851,-0.10109323389146384,0,0.0,0.0,0.0,0.0,,,,,non-targeting control,,0.04389561043895609,0.9612038796120388,0.12135845239005506,1.0,0.04389561043895611,0.9612038796120388,0.12135845239005512,1.0,0.12135845239005506,0.12135845239005512,0.007365818060017329,0.9985259964149618,0.023875410263504447,0.9999999999939124,0.002471768679687642,0.9977361795686144,0.00788546519790984,1.0,0.023875410263504447,0.00788546519790984,0.18620407261953845,0.9201008923450781,0.3665588026436987,1.0,0.11251819993455592,0.889021167838829,0.23245518228237927,1.0,0.3665588026436987,0.23245518228237927,0.3789754036938928,0.6050349887022084,0.6418682513013679,0.9999999999481898,0.3814507826060591,0.6228996251771755,0.629059185350343,1.0,0.6418682513013679,0.629059185350343
gRNA_14767,controlsgRNA,-0.9865028954641213,-0.5650676075294565,-0.8379407649527906,-1.9330518144241284,-1.3036644004149174,-1.1252454965570828,-0.9865028954641213,2328.5434553396594,-2.251436008169568,-0.9385317778713658,-0.7124052244217264,-1.165168872765819,-1.85416850886524,-1.384342078418744,-1.165168872765819,-0.5710931276293039,-0.5710931276293039,-0.5710931276293039,0.0,0.0,0.0,0.3464427298814307,0.3464427298814307,0.3464427298814307,-0.7535868127582197,0.5229122340264342,0.05452278175991599,-0.4787711608842191,-0.0826296266000002,-0.14751051689121777,-0.0826296266000002,0,0.0,0.0,0.0,0.0,,,,,non-targeting control,,0.8656134386561344,0.13768623137686234,0.9461356189962399,1.0,0.8656134386561345,0.13768623137686237,0.94613561899624,1.0,0.9461356189962399,0.94613561899624,0.9976499727118452,0.01926935145368819,0.9999999996046233,0.5175197247561971,0.9941663832064734,0.006177179754988607,1.0,0.17866304522120893,0.5175197247561971,0.17866304522120893,0.18267405541515014,0.8594901912436255,0.3615023412426129,1.0,0.14421203467510374,0.8580656972442579,0.28095194320123834,1.0,0.3615023412426129,0.28095194320123834,0.9720823525940486,0.14611058470578808,0.9999999998332031,0.9999999999481898,0.9349477433517538,0.06653075874602418,0.9849665882399875,1.0,0.9999999998332031,0.9849665882399875
gRNA_14768,controlsgRNA,-1.071992472780896,-2.2446304320922255,-0.6503025857763075,-0.7078464046409395,-0.4103985382158865,-1.017034086701251,-0.7078464046409395,5959.451724657329,-0.5641190877038289,-0.7271732867224956,-0.5111210316199041,-0.134984639020864,-0.39505524612650367,-0.46649065823871927,-0.5111210316199041,-0.6070700982915529,-0.6070700982915529,-0.6070700982915529,0.0,0.0,0.0,-0.20726522952867954,-0.20726522952867954,-0.20726522952867954,-1.0060437259465513,-0.5425351538281117,-0.5377023243835289,-0.6269151569252278,-0.5257770394970844,-0.6477946801161008,-0.5425351538281117,0,0.0,0.0,0.0,0.0,,,,,non-targeting control,,0.8932106789321068,0.11158884111588842,0.9568296731580405,1.0,0.8932106789321068,0.1115888411158884,0.9568296731580405,1.0,0.9568296731580405,0.9568296731580405,0.7532749845268467,0.6402911127661873,0.9999999996046233,0.9999999999939124,0.5670609071033055,0.43547581650615574,0.8296299652561979,1.0,0.9999999996046233,0.8296299652561979,0.9356218215942749,0.33505128808134105,0.9999999999016121,1.0,0.8341300631760561,0.16777087764299248,1.0,0.9557856059661389,0.9999999999016121,0.9557856059661389,0.9195778427401315,0.21156340592166206,0.9999999998332031,0.9999999999481898,0.87147554728002,0.13054127764697293,0.9635700099909593,1.0,0.9999999998332031,0.9635700099909593
gRNA_14769,controlsgRNA,-0.7889693888954274,-1.0461347695307992,0.354271952279427,-0.05877645677937672,0.17987284537511303,-0.27194716351021264,-0.05877645677937672,1599.0359993974996,0.6185348004876297,0.3740594293478239,0.2423196766205276,0.5607302195915629,0.09251406271250823,0.3776316377520105,0.3740594293478239,0.18541234861911435,0.18541234861911435,0.18541234861911435,0.0,0.0,0.0,0.5541584806911509,0.5541584806911509,0.5541584806911509,-1.0163926881162866,0.2969670122760878,0.5280152075176232,-0.044145039183271395,-1.2531322475787805,-0.29773755101692545,-0.044145039183271395,0,0.0,0.0,0.0,0.0,,,,,non-targeting control,,0.05249475052494749,0.9517048295170483,0.14098590140985898,1.0,0.05249475052494747,0.9517048295170483,0.14098590140985892,1.0,0.14098590140985898,0.14098590140985892,0.0032623309085181708,0.9999029308664732,0.012025847270616003,0.9999999999939124,0.0006258724762221388,0.9994093544657728,0.002477137379573939,1.0,0.012025847270616003,0.002477137379573939,0.16354001244489627,0.49583573220228416,0.32708002488979254,1.0,0.2770886595871321,0.7273863408655832,0.4671988161648505,1.0,0.32708002488979254,0.4671988161648505,0.31174453800857743,0.8122912685497621,0.5555258118067541,0.9999999999481898,0.23083851114886556,0.7721667617996935,0.4437345424025661,1.0,0.5555258118067541,0.4437345424025661
gRNA_14770,controlsgRNA,-0.5743602302826415,-0.3569288235396614,-0.3011897922001494,0.06560494742908725,-0.24312213986798936,-0.28199920769227094,-0.3011897922001494,6281.4279258924535,-0.41915584848205517,-0.23247577003376185,-0.3137041403390393,-0.48691593178122455,-0.48170897679878966,-0.3867921334869741,-0.41915584848205517,-0.4530266774702842,-0.4530266774702842,-0.4530266774702842,0.0,0.0,0.0,-0.19874298844769148,-0.19874298844769148,-0.19874298844769148,-0.25346842641655515,-0.06000803274692971,-1.0181287621071262,-0.639224859570994,-0.39041534395943805,-0.4722490849602086,-0.39041534395943805,0,0.0,0.0,0.0,0.0,,,,,non-targeting control,,0.7636236376362364,0.2426757324267573,0.8972577742225778,1.0,0.7636236376362364,0.24267573242675727,0.8972577742225778,1.0,0.8972577742225778,0.8972577742225778,0.683252935597797,0.7612895566823468,0.9999999996046233,0.9999999999939124,0.45513587090672886,0.5469033505202093,0.710087499837884,1.0,0.9999999996046233,0.710087499837884,0.7158869444419839,0.5384396971357893,0.9346301774659234,1.0,0.5963905818973038,0.40718741552325566,0.792377592909492,1.0,0.9346301774659234,0.792377592909492,0.4293280422699226,0.9009660247588558,0.6898604439892773,0.9999999999481898,0.2340390601916938,0.7680657999720322,0.44443781127311555,1.0,0.6898604439892773,0.44443781127311555
gRNA_14771,controlsgRNA,-1.2536206900104008,-2.3111909774596167,0.36506084199919403,-1.3200952214142652,-2.0125155471442846,-1.3064723188058747,-1.3200952214142652,1958.969724356078,-3.076871071646649,-2.1748286824687106,-1.7807309607803337,-2.3777624029463067,-4.241931108981627,-2.7304248453647255,-2.3777624029463067,-0.060241869307965115,-0.060241869307965115,-0.060241869307965115,0.0,0.0,0.0,-1.100911117590992,-1.100911117590992,-1.100911117590992,-0.24497427807020286,-2.336663614635663,-0.6993245410477458,-0.7150575271222436,0.06821711238959018,-0.785560569697253,-0.6993245410477458,0,0.0,0.0,0.0,0.0,,,,,non-targeting control,,0.23987601239876016,0.7633236676332367,0.45552212455522134,1.0,0.23987601239876005,0.7633236676332367,0.4555221245552212,1.0,0.45552212455522134,0.4555221245552212,0.9999993496992635,6.59475296371193e-05,0.9999999996046233,0.005281329372294374,0.9999940729540576,7.80382848552646e-06,1.0,0.0007025930634613459,0.005281329372294374,0.0007025930634613459,0.7533146035133704,0.17113235725267462,0.9517686792675437,1.0,0.8126700084422724,0.19161431312808386,0.9940196027076852,1.0,0.9517686792675437,0.9940196027076852,0.8696187369084132,0.053990082825180884,0.984869412884227,0.9999999999481898,0.9508072409753285,0.05064214536290048,0.9903144670546358,1.0,0.984869412884227,0.9903144670546358
gRNA_14772,controlsgRNA,0.2529723942427606,-0.0598347042214592,1.0013085095468488,0.007140555963610385,-0.8024576374136912,0.07982582362361386,0.007140555963610385,3540.8947130591955,-1.1500884139992815,-0.5703380065619269,-0.9967711377648307,-0.7325156513853445,-1.0306999466837978,-0.8960826312790363,-0.9967711377648307,-0.21513273956623463,-0.21513273956623463,-0.21513273956623463,0.0,0.0,0.0,-0.27827595983164966,-0.27827595983164966,-0.27827595983164966,0.16126721591771684,-0.367189841262301,0.12323113437630002,-0.11384117547101562,0.15693123531774408,-0.007920286224311129,0.12323113437630002,0,0.0,0.0,0.0,0.0,,,,,non-targeting control,,0.36466353364663534,0.6416358364163584,0.5859550797057046,1.0,0.36466353364663534,0.6416358364163584,0.5859550797057046,1.0,0.5859550797057046,0.5859550797057046,0.9814181886065461,0.16344121629177932,0.9999999996046233,0.9999999999939124,0.9370704913058328,0.06380224675567815,1.0,0.5272908273714321,0.9999999996046233,0.5272908273714321,0.11085822747296643,0.9841230174620494,0.23955570994158265,1.0,0.04393977809008491,0.9568988745253361,0.10073997903580442,1.0,0.23955570994158265,0.10073997903580442,0.07664467988637619,0.9620511476452482,0.2073266160955212,0.9999999999481898,0.044901113337728345,0.9564108637084416,0.13506254891988687,1.0,0.2073266160955212,0.13506254891988687
gRNA_14773,controlsgRNA,-0.8621271698692163,0.8526227410658999,-4.3251949188256225,-1.048130360835688,0.8320262090862317,-0.9101606998756789,-0.8621271698692163,2851.1522819701763,-0.846480431755156,-0.4234803740642031,-0.33252932019051984,-0.9531308814263278,-1.0078242654360103,-0.7126890545744434,-0.846480431755156,-0.2991084117012956,-0.2991084117012956,-0.2991084117012956,0.0,0.0,0.0,-0.10563737116037748,-0.10563737116037748,-0.10563737116037748,0.23287598209706903,-0.4892262341708859,-0.5294201645628065,-0.3640439977021779,0.21766645964504144,-0.18642959093875194,-0.3640439977021779,0,0.0,0.0,0.0,0.0,,,,,non-targeting control,,0.5373462653734626,0.4668533146685331,0.7400813032249889,1.0,0.5373462653734626,0.46685331466853314,0.7400813032249889,1.0,0.7400813032249889,0.7400813032249889,0.9207647601561035,0.31821629386315153,0.9999999996046233,0.9999999999939124,0.8311274128385213,0.17058648635827045,1.0,0.8329937515676583,0.9999999996046233,0.8329937515676583,0.2677596974054488,0.876965040072552,0.4959489961795505,1.0,0.1790616343232096,0.8231381416254797,0.3316609581553045,1.0,0.4959489961795505,0.3316609581553045,0.17226094764455344,0.21626255523075175,0.3680120245133642,0.9999999999481898,0.46519592958700173,0.5473561299025804,0.6968672092618035,1.0,0.3680120245133642,0.6968672092618035
gRNA_14774,controlsgRNA,-1.0080697405821402,0.2593658055441273,-0.3634645438612347,-0.46425511732149505,-0.6152844850702833,-0.4383416162582052,-0.46425511732149505,3421.358638349149,0.8355288654863611,0.25397040979189783,-0.4380536092203895,-0.19562696073602628,0.19261966514933868,0.12968767409423637,0.19261966514933868,-0.2777837730924923,-0.2777837730924923,-0.2777837730924923,0.0,0.0,0.0,-0.07870156221890993,-0.07870156221890993,-0.07870156221890993,-1.179488596339089,-0.8552502548400586,-1.2336994889140678,-0.5824983817079318,-1.7850608277087077,-1.127199509901971,-1.179488596339089,0,0.0,0.0,0.0,0.0,,,,,non-targeting control,,0.4840515948405162,0.5204479552044796,0.6946694643512752,1.0,0.48405159484051596,0.5204479552044795,0.6946694643512749,1.0,0.6946694643512752,0.6946694643512749,0.02304327254724561,0.9857265716103423,0.06324285020265949,0.9999999999939124,0.01307054920064694,0.9877434346781122,0.03510376071030893,1.0,0.06324285020265949,0.03510376071030893,0.9972107284698003,0.022438015483400506,0.9999999999016121,0.4017473248456472,0.9929718963947409,0.007259350622008519,1.0,0.15107938189972725,0.4017473248456472,0.15107938189972725,0.5453937282019529,0.7377717688619864,0.7837433228187215,0.9999999999481898,0.3973827558191937,0.6053083166307558,0.6454932798832087,1.0,0.7837433228187215,0.6454932798832087
gRNA_14775,controlsgRNA,-0.42842749958905424,1.5112183395665277,-1.5374392559516628,-1.643536669735647,-2.1013795260313652,-0.8399129223482404,-1.5374392559516628,1712.0650700406688,-1.6956353707660599,-0.5073513425342915,0.08538886769643653,-0.660053621335032,-1.6173925572851624,-0.8790088048448219,-0.660053621335032,0.16379346750711327,0.16379346750711327,0.16379346750711327,0.0,0.0,0.0,0.6068693168113254,0.6068693168113254,0.6068693168113254,-0.17907532198951034,0.24634031600507916,-0.142396895505958,-0.6324110612788891,-0.8437500313206328,-0.3102585988179822,-0.17907532198951034,0,0.0,0.0,0.0,0.0,,,,,non-targeting control,,0.06779322067793223,0.936906309369063,0.17579483430967252,1.0,0.06779322067793217,0.936906309369063,0.17579483430967238,1.0,0.17579483430967252,0.17579483430967238,0.8151568262569788,0.16323621647315845,0.9999999996046233,0.9999999999939124,0.8564319777848695,0.14629852662243192,1.0,0.7858320858576344,0.9999999996046233,0.7858320858576344,0.41116635719306427,0.7205770330062578,0.6578661715089028,1.0,0.33526912350053095,0.6674684977073113,0.5364305976008495,1.0,0.6578661715089028,0.5364305976008495,0.2894434950982457,0.13990440122059472,0.5387661096878236,0.9999999999481898,0.7092703037659653,0.302666304280934,0.8805892800344608,1.0,0.5387661096878236,0.8805892800344608
gRNA_14776,controlsgRNA,-0.8183093384088138,-0.6034444383013282,0.13579885376783762,0.15146597069630874,-0.7040419115629594,-0.367706172761791,-0.6034444383013282,4601.29537580961,-0.8272312815321897,-0.7945242975655903,0.05633884088964617,-0.3471442498290557,-0.41648207381917607,-0.4658086123712731,-0.41648207381917607,-0.29326559468785934,-0.29326559468785934,-0.29326559468785934,0.0,0.0,0.0,-0.8925120453978321,-0.8925120453978321,-0.8925120453978321,-0.33829883374233954,-0.2518648158813971,0.12286039633671143,-0.4344536466427955,-0.3235152195367097,-0.24505442389330606,-0.3235152195367097,0,0.0,0.0,0.0,0.0,,,,,non-targeting control,,0.5285471452854715,0.47665233476652347,0.7333347846027207,1.0,0.5285471452854714,0.47665233476652336,0.7333347846027205,1.0,0.7333347846027207,0.7333347846027205,0.6635858348667748,0.6030272639996664,0.9999999996046233,0.9999999999939124,0.5381143845830478,0.4638767588590496,0.8058202088850045,1.0,0.9999999996046233,0.8058202088850045,0.4270224371954517,0.8815955843093237,0.6708854867039666,1.0,0.24907223476608087,0.7534813534194038,0.4276308688221297,1.0,0.6708854867039666,0.4276308688221297,0.46598282504038024,0.7912753538773879,0.7270105486107177,0.9999999999481898,0.32483981146417695,0.6772320607702553,0.5609672980019909,1.0,0.7270105486107177,0.5609672980019909
gRNA_14777,controlsgRNA,-0.7337666267161035,0.17435771530369015,-0.5273499327586986,-0.645803980242207,-0.5675521951075396,-0.4600230039041716,-0.5675521951075396,3859.49691218557,-0.0571085282685794,-0.753373754568631,-0.2077227084245642,-0.31330245124733636,-0.206264582004491,-0.3075544049027204,-0.2077227084245642,-0.645357873728158,-0.645357873728158,-0.645357873728158,0.0,0.0,0.0,0.008319157438848165,0.008319157438848165,0.008319157438848165,-0.1264820832156141,0.18757470767144493,-0.061867847512966354,-0.40493953058922993,-0.7285350637063269,-0.22684996347053846,-0.1264820832156141,0,0.0,0.0,0.0,0.0,,,,,non-targeting control,,0.9118088191180882,0.09309069093090694,0.9603364593512637,1.0,0.9118088191180882,0.093090690930907,0.9603364593512637,1.0,0.9603364593512637,0.9603364593512637,0.5145333737503639,0.8206105923865881,0.8232533980005823,0.9999999999939124,0.32705439557853666,0.6753546323415459,0.5387797963449033,1.0,0.8232533980005823,0.5387797963449033,0.34295256393556817,0.8496664199647785,0.5834849051573467,1.0,0.22642953872983257,0.7757649871660319,0.3952300649433743,1.0,0.5834849051573467,0.3952300649433743,0.598553032512451,0.7517115056984796,0.8110649155988361,0.9999999999481898,0.4194872425088209,0.5839828045108785,0.657196679930486,1.0,0.8110649155988361,0.657196679930486
gRNA_14778,controlsgRNA,-1.0014428513811746,-0.947930192779055,-0.04174862058528728,-0.22120928726312716,-1.1659013569779422,-0.6756464617973172,-0.947930192779055,2481.458050911282,-1.083809639386414,-0.8972853803252763,-0.5540163832535888,-0.2557566865434589,-1.0627242900852985,-0.7707184759188073,-0.8972853803252763,0.344342528652766,0.344342528652766,0.344342528652766,0.0,0.0,0.0,0.7809855378234187,0.7809855378234187,0.7809855378234187,-0.30736342741845174,-1.3743753172249558,0.13369997307589038,-0.409766418762878,-1.4704652464480925,-0.6856540873556976,-0.409766418762878,0,0.0,0.0,0.0,0.0,,,,,non-targeting control,,0.0230976902309769,0.982001799820018,0.07237276272372763,1.0,0.023097690230976922,0.982001799820018,0.07237276272372768,1.0,0.07237276272372763,0.07237276272372768,0.9349975484710403,0.25345422463858486,0.9999999996046233,0.9999999999939124,0.8690757599923455,0.132645651425902,1.0,0.7519243311449788,0.9999999996046233,0.7519243311449788,0.7119207490120352,0.18030000205289773,0.9326905980087986,1.0,0.797100689701943,0.20758514205216166,0.9826552764850183,1.0,0.9326905980087986,0.9826552764850183,0.7645474468376541,0.4753157940053778,0.9276328010477378,0.9999999999481898,0.6619809016530322,0.340707719661389,0.8466150306855107,1.0,0.9276328010477378,0.8466150306855107
gRNA_14779,controlsgRNA,-0.7802545353400211,-1.514834175410649,-0.3450945338389769,-0.33815872756921855,0.11294041307141886,-0.5730803118174894,-0.3450945338389769,3338.093086308179,0.9800720565013495,0.4005468760110315,-0.04378098613176434,0.6110055475406487,0.7060594577194835,0.5307805903281497,0.6110055475406487,-0.19673891975134,-0.19673891975134,-0.19673891975134,0.0,0.0,0.0,0.18464033994484066,0.18464033994484066,0.18464033994484066,-0.809176604214586,0.10000067835300669,-1.2854521866341853,-0.2910314034858732,0.11560925008895792,-0.4340100531785359,-0.2910314034858732,0,0.0,0.0,0.0,0.0,,,,,non-targeting control,,0.3270672932706729,0.6776322367763224,0.5417502302633173,1.0,0.32706729327067285,0.6776322367763223,0.5417502302633171,1.0,0.5417502302633173,0.5417502302633171,0.00041622499219678917,0.9999256448743599,0.001981020216025224,0.9999999999939124,9.366915391783849e-05,0.9999211047725587,0.00044581774522920597,1.0,0.001981020216025224,0.00044581774522920597,0.46259007756369164,0.4683182642681524,0.6985295950359359,1.0,0.48954940459398916,0.5139144976374701,0.7070716043652338,1.0,0.6985295950359359,0.7070716043652338,0.6136641466890309,0.6051455431996655,0.8240632826966987,0.9999999999481898,0.501631946424038,0.5011082253700601,0.7282378836117308,1.0,0.8240632826966987,0.7282378836117308
gRNA_14780,controlsgRNA,-0.11314933003405894,-0.8186471307906592,-0.17089728603955703,-0.6069023138726306,-0.6199071769669907,-0.4659006475407793,-0.6069023138726306,3928.9049555655974,-0.264804683294225,-0.30603347398880604,-0.47952853072707013,-0.02333655991674988,-0.4547580936945094,-0.3056922683242721,-0.30603347398880604,-0.5030910268625265,-0.5030910268625265,-0.5030910268625265,0.0,0.0,0.0,0.581287106345553,0.581287106345553,0.581287106345553,-0.03989506701157878,-0.6919505475696932,-0.26927504122027957,-0.5191244160588031,-0.7729883030388326,-0.4586466749798374,-0.5191244160588031,0,0.0,0.0,0.0,0.0,,,,,non-targeting control,,0.8101189881011899,0.19528047195280474,0.9174841551989379,1.0,0.8101189881011899,0.19528047195280474,0.9174841551989379,1.0,0.9174841551989379,0.9174841551989379,0.5353781778819819,0.8389845147970628,0.8529754020492594,0.9999999999939124,0.32813982277389053,0.6740455075756883,0.5387797963449033,1.0,0.8529754020492594,0.5387797963449033,0.7330155907810604,0.5700021967201027,0.9438830894988998,1.0,0.593032551096069,0.4087833640974711,0.7915631830520012,1.0,0.9438830894988998,0.7915631830520012,0.6339270640027964,0.7496015335228504,0.8392837185389135,0.9999999999481898,0.43549277522051155,0.5669241247971465,0.6683480958486219,1.0,0.8392837185389135,0.6683480958486219
gRNA_14781,controlsgRNA,-6.988079706370196,-9.011697251319628,-9.65828059690751,-8.706851275136097,-7.477776277114207,-8.368537021369528,-8.706851275136097,98.5690616056635,-0.9967154288714873,-0.03732142869048319,-0.718372553428236,0.7545894509542831,0.418808594004116,-0.11580227320636145,-0.03732142869048319,0.4729877888492348,0.4729877888492348,0.4729877888492348,0.0,0.0,0.0,-0.5097568782974964,-0.5097568782974964,-0.5097568782974964,-5.194252723874945,-9.182456903284704,-9.733991102122014,-0.9925968870481818,-7.494715839465029,-6.519602691158974,-7.494715839465029,0,0.0,0.0,0.0,0.0,,,,,non-targeting control,,0.013298670132986705,0.9906009399060094,0.045047747477504514,1.0,0.013298670132986684,0.9906009399060094,0.04504774747750444,1.0,0.045047747477504514,0.04504774747750444,0.06991408435254715,0.8039649060116262,0.17069932283479042,0.9999999999939124,0.09345751801377344,0.9095384772634192,0.19853122470722492,1.0,0.17069932283479042,0.19853122470722492,0.9999979745713629,4.279431455766362e-07,0.9999999999016121,8.04533113684076e-05,1.0,8.03916535351334e-08,1.0,1.511363086460508e-05,8.04533113684076e-05,1.511363086460508e-05,0.9999999998332031,1.9159605915057156e-07,0.9999999998332031,3.6020059120307456e-05,0.9999999946480496,1.2045448387376887e-08,1.0,2.2645442968268548e-06,3.6020059120307456e-05,2.2645442968268548e-06
gRNA_14782,controlsgRNA,-0.2244737962875646,-1.7073103767985545,0.9544969399233628,-1.9121189585616085,-1.5649763098664429,-0.8908765003181616,-1.5649763098664429,3078.053923783702,-0.14639221630696495,-0.03958565652852826,-0.40059206707856265,-0.27737353170058376,-0.17836045018115382,-0.20846078435915869,-0.17836045018115382,-0.3352118136373319,-0.3352118136373319,-0.3352118136373319,0.0,0.0,0.0,0.4741110350510068,0.4741110350510068,0.4741110350510068,-0.49762551352105944,-1.203949312011495,-0.5284928544137085,-0.8288064808791147,0.9182971509288465,-0.4281154019793062,-0.5284928544137085,0,0.0,0.0,0.0,0.0,,,,,non-targeting control,,0.6024397560243977,0.4026597340265973,0.7920187002278796,1.0,0.6024397560243976,0.4026597340265973,0.7920187002278793,1.0,0.7920187002278796,0.7920187002278793,0.39158250648330495,0.9225318979041113,0.6692501019896484,0.9999999999939124,0.20065455515178054,0.8011542469386528,0.36098618534483007,1.0,0.6692501019896484,0.36098618534483007,0.2723529830635015,0.35563106202429434,0.4971102991838668,1.0,0.5181750591496501,0.4958754828553973,0.7311703452290892,1.0,0.4971102991838668,0.7311703452290892,0.47463089648242784,0.1662970853414,0.731549032874069,0.9999999999481898,0.7429380873441507,0.26100244970971387,0.9069633793551969,1.0,0.731549032874069,0.9069633793551969
gRNA_14783,controlsgRNA,-0.5015342744805482,-1.370178645726956,-1.685722440799062,-0.9347527184484895,-0.8789318040788202,-1.0742239767067752,-0.9347527184484895,4939.900587437867,0.3310693759304626,0.1960208645426821,-0.5483809468084248,-0.2509563385261771,0.36345198243762683,0.018240987515233932,0.1960208645426821,-0.5278010533117846,-0.5278010533117846,-0.5278010533117846,0.0,0.0,0.0,-0.1127268031400365,-0.1127268031400365,-0.1127268031400365,-0.9008600784936681,-0.618152102781192,-1.3690063761659386,-1.6762871043071899,-1.3737348218780794,-1.1876080967252136,-1.3690063761659386,0,0.0,0.0,0.0,0.0,,,,,non-targeting control,,0.8361163883611638,0.1700829917008299,0.9328776321180936,1.0,0.8361163883611638,0.17008299170082997,0.9328776321180936,1.0,0.9328776321180936,0.9328776321180936,0.0746628373190598,0.9709032242339566,0.17545766769979054,0.9999999999939124,0.0385478354195976,0.9623453770384034,0.08946905010968333,1.0,0.17545766769979054,0.08946905010968333,0.9984379301959083,0.013840517554653984,0.9999999999016121,0.3005711666842607,0.9961018837421423,0.00407635892599931,1.0,0.10218073041171602,0.3005711666842607,0.10218073041171602,0.9646964738386801,0.18131970848603224,0.9999999998332031,0.9999999999481898,0.9169717851353636,0.08416802744971258,0.9847867511853902,1.0,0.9999999998332031,0.9847867511853902
gRNA_14784,controlsgRNA,1.036678359997597,0.29108116793224287,-1.8718530693759432,-0.21478874635971756,-0.19216462580525254,-0.19020938272221466,-0.19216462580525254,2951.1673444795906,-0.1864769400688526,-0.02076292504837584,0.2381857379412172,-0.029791752419723146,-0.1866448483458182,-0.037098145588310524,-0.029791752419723146,0.12973619809472944,0.12973619809472944,0.12973619809472944,0.0,0.0,0.0,0.22234887738833328,0.22234887738833328,0.22234887738833328,0.059087182624409235,-0.06418282214815291,-0.9916644376045337,-0.007074317424881643,0.17870595970723185,-0.16502568696918546,-0.007074317424881643,0,0.0,0.0,0.0,0.0,,,,,non-targeting control,,0.09819018098190181,0.9066093390660934,0.23666351313586592,1.0,0.09819018098190174,0.9066093390660934,0.23666351313586576,1.0,0.23666351313586592,0.23666351313586576,0.15234161974796953,0.9823831926152182,0.3254570967342985,0.9999999999939124,0.059691168370605466,0.9413662404690183,0.1320228194549862,1.0,0.3254570967342985,0.1320228194549862,0.20150759254428918,0.8633434808841727,0.38987665417520495,1.0,0.13950718896564196,0.8624565593639624,0.27320157839104886,1.0,0.38987665417520495,0.27320157839104886,0.11897619378460243,0.7418041715904198,0.27532440092776156,0.9999999999481898,0.1401293948732062,0.8626144905305486,0.3081207746919622,1.0,0.27532440092776156,0.3081207746919622
gRNA_14785,controlsgRNA,0.48207101580089684,-1.9964236434623925,-0.9272790242290215,1.470928141768661,0.12496147079551345,-0.16914840786526855,0.12496147079551345,4390.420244012653,-0.49194311288438186,-0.23052701687746333,-0.03953934999532881,-0.4501038512424657,-0.6430042408241478,-0.37102351436475745,-0.4501038512424657,0.039229936463865044,0.039229936463865044,0.039229936463865044,0.0,0.0,0.0,-0.6678824370268562,-0.6678824370268562,-0.6678824370268562,-0.26635528954205184,0.15299106731961623,0.5928326299151634,0.8551354012809043,-0.4950499728281976,0.16791076722908688,0.15299106731961623,0,0.0,0.0,0.0,0.0,,,,,non-targeting control,,0.15118488151184883,0.8533146685331466,0.3304971828398556,1.0,0.15118488151184883,0.8533146685331466,0.3304971828398556,1.0,0.3304971828398556,0.3304971828398556,0.6102515003277054,0.7628673186789143,0.9403875578820378,0.9999999999939124,0.4154825738714454,0.5871035173044993,0.653646225002776,1.0,0.9403875578820378,0.653646225002776,0.016090257624624845,0.9785319030939356,0.04548824711924016,1.0,0.011437832830867512,0.9893007392880953,0.03007430170913416,1.0,0.04548824711924016,0.03007430170913416,0.05315924456254232,0.598763829407235,0.16119254802835414,0.9999999999481898,0.1313345994060196,0.8754156587423312,0.3006354741205359,1.0,0.16119254802835414,0.3006354741205359
gRNA_14786,controlsgRNA,0.4442811444356457,-0.8577381902760909,0.5290522056793447,0.6295767104375647,-1.495587096333298,-0.15008304521136676,0.4442811444356457,1083.1751769844857,0.2732171449152682,-0.3973775216186022,0.25806597861419184,-0.010867005004341993,0.1837388022838688,0.06135547983807693,0.1837388022838688,0.06407669862215287,0.06407669862215287,0.06407669862215287,0.0,0.0,0.0,0.512558384170444,0.512558384170444,0.512558384170444,-1.1902889940355765,-1.250813444800627,-1.726412578089058,-1.25256745935296,-1.2078698827419272,-1.32559047180403,-1.250813444800627,0,0.0,0.0,0.0,0.0,,,,,non-targeting control,,0.13098690130986898,0.8741125887411259,0.2966932222440406,1.0,0.13098690130986906,0.8741125887411259,0.29669322224404077,1.0,0.2966932222440406,0.29669322224404077,0.059552944936199316,0.9905304302180706,0.14754210238369828,0.9999999999939124,0.02238935697389999,0.9781696509914766,0.05612265481457598,1.0,0.14754210238369828,0.05612265481457598,0.9998914234666912,0.0055155172023872035,0.9999999999016121,0.1618974793048153,0.9990267948909359,0.0010231304708929927,1.0,0.058959406574800324,0.1618974793048153,0.058959406574800324,0.10781973641032101,0.7684929735928249,0.2598732108351327,0.9999999999481898,0.12379024688354584,0.878460663211441,0.2909070801763327,1.0,0.2598732108351327,0.2909070801763327
gRNA_14787,controlsgRNA,-0.26677901879754456,-0.08374193840445475,0.6054297985472591,-0.7324326543500745,-1.2341569923578803,-0.342336161072539,-0.26677901879754456,2572.19460762163,-0.058580336073911055,0.4165661587355175,-0.6568531889535136,-0.14482329277495004,0.07350910983309936,-0.07403630984675158,-0.058580336073911055,-0.23991686674180707,-0.23991686674180707,-0.23991686674180707,0.0,0.0,0.0,0.2509764117383871,0.2509764117383871,0.2509764117383871,-1.4750000685098712,-0.6476847763850537,-0.3893533525115614,-0.5318304545721053,-1.4388857039976979,-0.896550871195258,-0.6476847763850537,0,0.0,0.0,0.0,0.0,,,,,non-targeting control,,0.40895910408959113,0.5962403759624038,0.630199275154452,1.0,0.408959104089591,0.5962403759624038,0.6301992751544517,1.0,0.630199275154452,0.6301992751544517,0.1378455939466879,0.9514994082753853,0.2978732374939923,0.9999999999939124,0.07517334024596924,0.9262323809944679,0.16338251984095048,1.0,0.2978732374939923,0.16338251984095048,0.9680634793629223,0.0796097788961694,0.9999999999016121,1.0,0.9570145644659949,0.04415278541642022,1.0,0.5430608396215376,0.9999999999016121,0.5430608396215376,0.34865660639252594,0.7477744037599281,0.6097436465283245,0.9999999999481898,0.2890620587513212,0.7138053646131648,0.5151058487701269,1.0,0.6097436465283245,0.5151058487701269
gRNA_14788,controlsgRNA,-1.4493886310057833,-2.1233901434200444,-1.8109513159186814,0.19407183836292488,-0.16231637094502846,-1.0703949245853226,-1.4493886310057833,3268.3235427022146,-0.7332910096303105,-0.5078354738285148,-0.4591314377776274,-0.9382378387337432,-0.28572366212800576,-0.5848438844196403,-0.5078354738285148,-0.11317475224594147,-0.11317475224594147,-0.11317475224594147,0.0,0.0,0.0,0.11035597714537528,0.11035597714537528,0.11035597714537528,-0.6529240481864164,-0.9019722974443429,0.6569351688772477,-0.32927615925071985,-1.1194610974284072,-0.4693396866865278,-0.6529240481864164,0,0.0,0.0,0.0,0.0,,,,,non-targeting control,,0.2712728727127287,0.7338266173382663,0.4927468605796425,1.0,0.2712728727127287,0.7338266173382662,0.4927468605796425,1.0,0.4927468605796425,0.4927468605796425,0.8611220885514257,0.47660292927325143,0.9999999996046233,0.9999999999939124,0.7179942390848187,0.28437599563495614,0.9693926980503269,1.0,0.9999999996046233,0.9693926980503269,0.44987907840351826,0.3585390516287289,0.6876200547956214,1.0,0.593672387289001,0.4118306230032934,0.7915631830520012,1.0,0.6876200547956214,0.7915631830520012,0.7722049647019733,0.12777957842825716,0.9276328010477378,0.9999999999481898,0.8629471941489202,0.13943134676199886,0.9635700099909593,1.0,0.9276328010477378,0.9635700099909593
gRNA_14789,controlsgRNA,-0.6581080225256293,-0.8567379903824985,-0.486595480068178,0.321816094393032,0.6026759249174916,-0.21538989473315645,-0.486595480068178,2921.162825726766,-1.3813591112204135,-1.29490837472459,-0.3953808237511932,-0.9034168878508972,-1.9052562348486366,-1.176064286479146,-1.29490837472459,-0.35524402580082237,-0.35524402580082237,-0.35524402580082237,0.0,0.0,0.0,-0.41804137827448873,-0.41804137827448873,-0.41804137827448873,-0.12462951935441073,-0.30353665326025625,-0.6337719749459976,-0.2689717621592569,-0.46344096463372114,-0.35887017487072853,-0.30353665326025625,0,0.0,0.0,0.0,0.0,,,,,non-targeting control,,0.6107389261073892,0.39306069393060683,0.7973535979735359,1.0,0.6107389261073892,0.39306069393060694,0.7973535979735359,1.0,0.7973535979735359,0.7973535979735359,0.9896673123344504,0.044785226763277036,0.9999999996046233,0.6014016165354346,0.9823591249798622,0.01828521649284404,1.0,0.24554433576104856,0.6014016165354346,0.24554433576104856,0.6403557746334345,0.7565943708623082,0.8660927023819114,1.0,0.4343658801157747,0.5687848578262608,0.6498825489196787,1.0,0.8660927023819114,0.6498825489196787,0.25529037835038915,0.8489025982496672,0.49728325482847535,0.9999999999481898,0.18944875881244144,0.8132258296079267,0.38713442018194555,1.0,0.49728325482847535,0.38713442018194555
gRNA_14790,controlsgRNA,0.9814818547813013,-0.013739317099499672,-1.8346955915110237,-0.5522963215742631,-0.6827341335838168,-0.42039670179746036,-0.5522963215742631,1910.1671938544962,-0.7063204938868258,-0.16990253209273798,-0.19229859635874316,-0.621301056273498,-0.8873589684161711,-0.5154363294055953,-0.621301056273498,-0.14278241330766495,-0.14278241330766495,-0.14278241330766495,0.0,0.0,0.0,0.6334113636738454,0.6334113636738454,0.6334113636738454,-0.22238042122265914,0.5565379300757484,-0.43605432058235916,-0.24222947780928802,0.12235508859364916,-0.04435424018898176,-0.22238042122265914,0,0.0,0.0,0.0,0.0,,,,,non-targeting control,,0.3010698930106988,0.7035296470352965,0.5192765127157007,1.0,0.30106989301069886,0.7035296470352965,0.5192765127157009,1.0,0.5192765127157007,0.5192765127157009,0.7632962107899643,0.5581581929547617,0.9999999996046233,0.9999999999939124,0.616385812262094,0.38631075915420093,0.8845842191242265,1.0,0.9999999996046233,0.8845842191242265,0.12695330479625613,0.9569602241248671,0.2645403532618357,1.0,0.07066544850087654,0.9309948279798503,0.15270234848465275,1.0,0.2645403532618357,0.15270234848465275,0.27103692122491946,0.5796371080326346,0.514696375659443,0.9999999999481898,0.33315477886799016,0.6704001458087947,0.5702430427990703,1.0,0.514696375659443,0.5702430427990703
gRNA_14791,controlsgRNA,-1.1563487801243357,-0.15578732981588825,0.5078678723505139,-0.8406871792654264,-0.1840853811527019,-0.3658081596015677,-0.1840853811527019,3996.505497815936,-0.238039129942124,-0.10280514476533212,0.14402477875308908,-0.41918533979103456,-0.33462557921701136,-0.1901260829924826,-0.238039129942124,-0.08350413528548488,-0.08350413528548488,-0.08350413528548488,0.0,0.0,0.0,0.16132513251879835,0.16132513251879835,0.16132513251879835,-0.8761287948002482,-0.06333339573906384,0.3730197811215881,-0.6144953877383756,-0.208300388960575,-0.2778476372233349,-0.208300388960575,0,0.0,0.0,0.0,0.0,,,,,non-targeting control,,0.2496750324967503,0.754924507549245,0.46938906109389056,1.0,0.24967503249675033,0.7549245075492452,0.4693890610938906,1.0,0.46938906109389056,0.4693890610938906,0.33277302747976567,0.9217287432544107,0.5929983807222364,0.9999999999939124,0.17766304647102776,0.8239419975579848,0.335684952126163,1.0,0.5929983807222364,0.335684952126163,0.342556504958683,0.7266234120954507,0.5834849051573467,1.0,0.2967707287104129,0.7063714828537505,0.4937424513058197,1.0,0.5834849051573467,0.4937424513058197,0.38608869393903145,0.7329472191880919,0.6472574240478893,0.9999999999481898,0.3161465175475359,0.6860459772612459,0.5503291231383032,1.0,0.6472574240478893,0.5503291231383032
gRNA_14792,controlsgRNA,0.10769832785439214,-0.38008770048826945,-1.0838411353088513,0.3986019811302838,0.3248588583377141,-0.12655393369494614,0.10769832785439214,4426.449766531104,-0.7200520301669765,-0.7714749132051234,-0.621573907891593,-0.26159621111246595,-0.7418916006105173,-0.6233177325973351,-0.7200520301669765,-0.401719776411704,-0.401719776411704,-0.401719776411704,0.0,0.0,0.0,-0.017077732363125098,-0.017077732363125098,-0.017077732363125098,-0.46190877888945087,-0.9416013058338328,-0.4947825079716945,-0.5269451456731312,-1.0375947627267208,-0.692566500218966,-0.5269451456731312,0,0.0,0.0,0.0,0.0,,,,,non-targeting control,,0.707829217078292,0.2974702529747026,0.8641032000696033,1.0,0.7078292170782922,0.29747025297470253,0.8641032000696034,1.0,0.8641032000696033,0.8641032000696034,0.8947117105051671,0.4277943806294526,0.9999999996046233,0.9999999999939124,0.7654358937615451,0.23666476180090995,1.0,0.9672385917080668,0.9999999996046233,0.9672385917080668,0.9420149604796368,0.26873036358536545,0.9999999999016121,1.0,0.8660493871470925,0.13608117854457719,1.0,0.8630024900179388,0.9999999999016121,0.8630024900179388,0.1839807308112629,0.8939873705695895,0.3843153043613047,0.9999999999481898,0.1218312204684982,0.8798017397125553,0.2881151077313585,1.0,0.3843153043613047,0.2881151077313585
gRNA_14793,controlsgRNA,-0.23760290040355686,-1.4261562097549902,-0.46811424747489555,0.7486011166878651,0.6695443305177067,-0.14274558208557417,-0.23760290040355686,3727.1878294923936,-0.8012291321875802,-0.8178661490303839,-0.03363518374082385,-0.4312122759456013,-1.210297880477762,-0.6588481242764302,-0.8012291321875802,-0.4197143346470816,-0.4197143346470816,-0.4197143346470816,0.0,0.0,0.0,-0.2561218533945237,-0.2561218533945237,-0.2561218533945237,0.4269796801778222,-0.19422163245332896,0.018625008328062735,0.5010184934701615,0.3282074575764352,0.21612180141983056,0.3282074575764352,0,0.0,0.0,0.0,0.0,,,,,non-targeting control,,0.7333266673332666,0.27097290270972896,0.8809291594802179,1.0,0.7333266673332667,0.27097290270972896,0.8809291594802181,1.0,0.8809291594802179,0.8809291594802181,0.8354391586828567,0.34479773535531577,0.9999999996046233,0.9999999999939124,0.7687560697069913,0.23350428493298853,1.0,0.9648089135692712,0.9999999996046233,0.9648089135692712,0.015864343118102694,0.998256728985933,0.0451893410030804,1.0,0.004711691649858588,0.9954863027784241,0.014403220002819747,1.0,0.0451893410030804,0.014403220002819747,0.11579498409147822,0.8198618342529863,0.2721182126149738,0.9999999999481898,0.11740711874546517,0.8859885191506987,0.282981260565993,1.0,0.2721182126149738,0.282981260565993
gRNA_14794,controlsgRNA,-0.7583526937050454,-1.8923617648285684,-1.0410600024833525,-1.3474331858313093,-0.5910809875621892,-1.126057726882093,-1.0410600024833525,3316.4030727519203,-0.6562745633943798,-0.25740953501036856,-0.9426245751723661,-0.4133037892268953,-0.376078600110495,-0.529138212582901,-0.4133037892268953,-0.4082462536866143,-0.4082462536866143,-0.4082462536866143,0.0,0.0,0.0,-0.4762198336966641,-0.4762198336966641,-0.4762198336966641,-1.196162770519872,-1.197990527565464,-0.6899065702039087,-0.9979413623267498,-1.133471058175903,-1.0430944577583796,-1.133471058175903,0,0.0,0.0,0.0,0.0,,,,,non-targeting control,,0.7232276772322768,0.28287171282871715,0.8743845872647462,1.0,0.7232276772322768,0.28287171282871715,0.8743845872647462,1.0,0.8743845872647462,0.8743845872647462,0.8033026929017659,0.5560784875975899,0.9999999996046233,0.9999999999939124,0.6400095150513824,0.3620167231288048,0.9031508751006712,1.0,0.9999999996046233,0.9031508751006712,0.997879841855579,0.03815250076453813,0.9999999999016121,0.6237104472811451,0.989873775844521,0.010553399532985166,1.0,0.1889561059239249,0.6237104472811451,0.1889561059239249,0.9711746449868249,0.15385361383251833,0.9999999998332031,0.9999999999481898,0.9312427501272362,0.06975443350935266,0.9849665882399875,1.0,0.9999999998332031,0.9849665882399875
gRNA_14795,controlsgRNA,-0.19079334246050597,-0.8730571616124283,0.6652788784174046,-0.2583377947748493,0.5651662036313595,-0.018348643359803886,-0.19079334246050597,3976.3819852387405,-0.8390399849266544,-0.6014587460530016,-0.5062563147715684,-0.4289130716470852,-1.0402309420566362,-0.6831798118909893,-0.6014587460530016,-0.3719719050035757,-0.3719719050035757,-0.3719719050035757,0.0,0.0,0.0,-0.28884921733175994,-0.28884921733175994,-0.28884921733175994,-0.5837746210038347,-0.9668498877216863,-0.753727124469916,-0.9316135121653254,-0.43912772957123325,-0.7350185749863991,-0.753727124469916,0,0.0,0.0,0.0,0.0,,,,,non-targeting control,,0.646035396460354,0.35886411358864106,0.823421386674892,1.0,0.646035396460354,0.3588641135886411,0.823421386674892,1.0,0.823421386674892,0.823421386674892,0.9218186605190649,0.3600373873701148,0.9999999996046233,0.9999999999939124,0.8133696532222224,0.1882462228424735,1.0,0.8631778023020735,0.9999999996046233,0.8631778023020735,0.9651180532107954,0.2182293539130009,0.9999999999016121,1.0,0.903833060321477,0.0972638444443823,1.0,0.795026206762777,0.9999999999016121,0.795026206762777,0.11669226559926331,0.9340571021121454,0.27252355195852795,0.9999999999481898,0.07521469576420113,0.9261585229661162,0.19776731193943795,1.0,0.27252355195852795,0.19776731193943795
gRNA_14796,controlsgRNA,-0.9408825283540598,-1.124815030383677,-1.2647596958162337,-0.5583105084663433,-0.7075471409088189,-0.9192629807858266,-0.9408825283540598,2839.704774815484,-0.9097179296692511,-0.5974954338697037,-0.7144936076001545,-1.0488130750301183,-0.513469517520224,-0.7567979127378903,-0.7144936076001545,-0.47132535851858015,-0.47132535851858015,-0.47132535851858015,0.0,0.0,0.0,-0.039955459737324374,-0.039955459737324374,-0.039955459737324374,-0.5598294660944796,-1.0611729010732482,-1.4614055620381459,-0.2990272095446072,-1.5593613287479007,-0.9881592934996763,-1.0611729010732482,0,0.0,0.0,0.0,0.0,,,,,non-targeting control,,0.7803219678032197,0.22347765223477653,0.9055588268333661,1.0,0.7803219678032198,0.2234776522347765,0.9055588268333663,1.0,0.9055588268333661,0.9055588268333663,0.9547141517337703,0.2810476594767856,0.9999999996046233,0.9999999999939124,0.8718146646844482,0.129932124910775,1.0,0.7516073687146368,0.9999999996046233,0.7516073687146368,0.9770225952221993,0.04610623154063145,0.9999999999016121,0.722330960803226,0.9759865499283575,0.0247880515002472,1.0,0.3728122945637179,0.722330960803226,0.3728122945637179,0.9467724281956915,0.289473585813167,0.9999999998332031,0.9999999999481898,0.8619844846495499,0.13954965457906715,0.9635700099909593,1.0,0.9999999998332031,0.9635700099909593
gRNA_14797,controlsgRNA,-0.47643036047077547,-0.17368157580658772,0.24063587971965006,0.0232054557071349,-0.867111945223755,-0.25067650921486667,-0.17368157580658772,3459.436662147914,-0.8669394487043595,-0.6069180910988509,-0.6206625864137095,-0.4327647187532926,-0.6509997182349982,-0.6356569126410421,-0.6206625864137095,-0.30935193930694344,-0.30935193930694344,-0.30935193930694344,0.0,0.0,0.0,-0.0702593566788834,-0.0702593566788834,-0.0702593566788834,-0.38060487508521373,-0.7968163361740557,-0.5118296021355004,-0.48443268276520457,-1.454609434282658,-0.7256585860885265,-0.5118296021355004,0,0.0,0.0,0.0,0.0,,,,,non-targeting control,,0.5612438756124388,0.4431556844315566,0.759092436080133,1.0,0.5612438756124387,0.44315568443155684,0.7590924360801329,1.0,0.759092436080133,0.7590924360801329,0.9108919003052383,0.4256621502127021,0.9999999996046233,0.9999999999939124,0.7774105636700714,0.22466551658116485,1.0,0.9415279630220089,0.9999999996046233,0.9415279630220089,0.9275906368188821,0.21558914083643457,0.9999999999016121,1.0,0.8744376644676823,0.12699407283535247,1.0,0.8526744890373666,0.9999999999016121,0.8526744890373666,0.3471582156344141,0.8814840574654331,0.6097436465283245,0.9999999999481898,0.20916620907429134,0.7931117337399152,0.41392891901017653,1.0,0.6097436465283245,0.41392891901017653
gRNA_14798,controlsgRNA,-0.08490191105896287,-1.6197703406062227,-1.0731254020764527,-0.33844807075222955,-0.879079440961733,-0.7990650330911201,-0.879079440961733,2358.6684741677964,-0.20585051760486475,-0.11119746263752595,0.1846912875208816,-0.017965149655737388,0.43407614232918923,0.05675085999038856,-0.017965149655737388,0.062006506170654514,0.062006506170654514,0.062006506170654514,0.0,0.0,0.0,-0.2903122463844675,-0.2903122463844675,-0.2903122463844675,-0.11371671386860373,-1.4058737799872354,-1.0340592559581747,-0.5636980801193958,-0.47572936022920354,-0.7186154380325227,-0.5636980801193958,0,0.0,0.0,0.0,0.0,,,,,non-targeting control,,0.13668633136686337,0.8691130886911309,0.3077488658319798,1.0,0.13668633136686342,0.869113088691131,0.3077488658319799,1.0,0.3077488658319798,0.3077488658319799,0.07093349380653516,0.9912091852049368,0.17096790814908475,0.9999999999939124,0.026259746542534317,0.9744779017581262,0.06329272243585195,1.0,0.17096790814908475,0.06329272243585195,0.8891460169696217,0.1995544978958564,0.9999999999016121,1.0,0.8637709071260848,0.13803569467862004,1.0,0.8630024900179388,0.9999999999016121,0.8630024900179388,0.8184359964548653,0.36564040169341405,0.9583102364840224,0.9999999999481898,0.7464805877356506,0.2570126572207655,0.9083388381508241,1.0,0.9583102364840224,0.9083388381508241
gRNA_14799,controlsgRNA,0.37576333205852785,-1.486726499194173,1.2745611943542203,-0.2741263858292512,-0.01232299763112259,-0.02457027124835974,-0.01232299763112259,1728.0915800572375,-0.3737289001965452,0.3965681722090778,-0.3075984295906464,-0.7808001058003484,-0.7400247072714081,-0.3611167941299741,-0.3737289001965452,0.1951088918158851,0.1951088918158851,0.1951088918158851,0.0,0.0,0.0,0.5058763154984776,0.5058763154984776,0.5058763154984776,-0.5468131514754642,0.3420669865045502,-0.7255415789821007,-0.18726457292219015,-0.504759567340901,-0.3244623768432212,-0.504759567340901,0,0.0,0.0,0.0,0.0,,,,,non-targeting control,,0.0483951604839516,0.9562043795620438,0.13185927784033188,1.0,0.048395160483951635,0.9562043795620438,0.131859277840332,1.0,0.13185927784033188,0.131859277840332,0.45640363786203,0.6814694399637936,0.7461207297222752,0.9999999999939124,0.3932511836654594,0.6102216358950676,0.629201893864735,1.0,0.7461207297222752,0.629201893864735,0.43718898294065306,0.71369047977312,0.6764734880069364,1.0,0.36280315975606847,0.6398786759874647,0.5683916169511739,1.0,0.6764734880069364,0.5683916169511739,0.06022264356009189,0.8536307265722634,0.17829696046137442,0.9999999999481898,0.06879742649559778,0.9336036330972435,0.18477023115960547,1.0,0.17829696046137442,0.18477023115960547
gRNA_14800,controlsgRNA,-0.24188669491586176,-4.020264431961574,-0.45529307366951755,-0.7814728594484045,0.03530162049976053,-1.0927230878991196,-0.45529307366951755,4768.79048049405,0.2797686336932412,-0.8225865998932852,-0.9532811926499946,-0.9923858690473888,-0.3855094643895252,-0.5747988984573905,-0.8225865998932852,-0.38376627883303965,-0.38376627883303965,-0.38376627883303965,0.0,0.0,0.0,-0.6366273420626797,-0.6366273420626797,-0.6366273420626797,-0.5766520068307518,-0.616567642105245,-0.8040199650503554,-0.8323665216660902,-0.6798143845947422,-0.7018841040494369,-0.6798143845947422,0,0.0,0.0,0.0,0.0,,,,,non-targeting control,,0.6742325767423257,0.3298670132986701,0.8422307270934036,1.0,0.6742325767423257,0.3298670132986701,0.8422307270934036,1.0,0.8422307270934036,0.8422307270934036,0.6569350791580488,0.41011820010419975,0.9999999996046233,0.9999999999939124,0.6529308515982524,0.3500658877270604,0.9126468408956985,1.0,0.9999999996046233,0.9126468408956985,0.9670587748030945,0.256903361839818,0.9999999999016121,1.0,0.891876761879878,0.10981784659056876,1.0,0.8179798493236559,0.9999999999016121,0.8179798493236559,0.6714084125801281,0.2547838256633744,0.8653274314968338,0.9999999999481898,0.7025128809775782,0.3023638949758567,0.8805892800344608,1.0,0.8653274314968338,0.8805892800344608
gRNA_14801,controlsgRNA,-0.2643562127484086,0.6741309171834952,-0.9656504589873075,-0.6019977068424436,-0.6831093697320642,-0.36819656622534574,-0.6019977068424436,3545.3532158457597,-0.33500934712077485,0.2266480149285134,-0.1577503768537833,-0.39858248264529017,-0.14780605758429313,-0.16250004985512562,-0.1577503768537833,-0.119525203404859,-0.119525203404859,-0.119525203404859,0.0,0.0,0.0,0.09742541002774927,0.09742541002774927,0.09742541002774927,-0.40859521198008647,0.06073439592165038,-0.4200228558182192,-0.12060380931669946,-0.30939268331536507,-0.23957603290174395,-0.30939268331536507,0,0.0,0.0,0.0,0.0,,,,,non-targeting control,,0.2800719928007199,0.7244275572442755,0.49908563646005066,1.0,0.2800719928007199,0.7244275572442755,0.49908563646005066,1.0,0.49908563646005066,0.49908563646005066,0.29015537135041314,0.9325697791846359,0.5455400065656332,0.9999999999939124,0.15238253524695622,0.8491414146996904,0.2935592743603828,1.0,0.5455400065656332,0.2935592743603828,0.42085051852727,0.8889619049685727,0.6676784597732216,1.0,0.2400160533285859,0.7624310711618485,0.41588035046796445,1.0,0.6676784597732216,0.41588035046796445,0.3890430261564441,0.7406848026404853,0.6472574240478893,0.9999999999481898,0.32524167809689897,0.6776415648502933,0.5609672980019909,1.0,0.6472574240478893,0.5609672980019909
gRNA_14802,controlsgRNA,-0.5350991414268996,0.4969418073416044,0.033514901354715694,-0.5913198484825134,-0.8944435521031284,-0.29808116666324425,-0.5350991414268996,4355.475222172014,0.07999118379481249,0.0347781951600186,-0.07895934528275193,-0.2963250368070482,0.08190911965415475,-0.03572117669616286,0.0347781951600186,-0.13418735810602425,-0.13418735810602425,-0.13418735810602425,0.0,0.0,0.0,-0.4482913524031243,-0.4482913524031243,-0.4482913524031243,-0.6045217254743736,0.05881140594848861,0.2680311713705915,-0.5050309087495879,-0.20318984331135392,-0.19717998004324705,-0.20318984331135392,0,0.0,0.0,0.0,0.0,,,,,non-targeting control,,0.2914708529147085,0.714128587141286,0.5121170125978055,1.0,0.29147085291470853,0.7141285871412859,0.5121170125978056,1.0,0.5121170125978055,0.5121170125978056,0.13405534384666928,0.9851974617874625,0.293051216781091,0.9999999999939124,0.05063280842479746,0.9502019654526191,0.11399961657319668,1.0,0.293051216781091,0.11399961657319668,0.2789517540192449,0.8730666684983043,0.5066949734842323,1.0,0.18507746807563968,0.8171670736871697,0.3394591609582464,1.0,0.5066949734842323,0.3394591609582464,0.35643434067661,0.8178341424324134,0.611960329198198,0.9999999999481898,0.25713785585790977,0.7459583585927227,0.4752539169204867,1.0,0.611960329198198,0.4752539169204867
gRNA_14803,controlsgRNA,-0.5663557355168191,-0.5817941519080577,-0.7430486761707057,-1.2423787759120992,-0.7432379518142307,-0.7753630582643825,-0.7430486761707057,4207.501129688206,-0.23448259405345784,-0.34808403321716236,-0.4317862822832947,-0.48791935985122825,-0.6314466298497484,-0.4267437798509783,-0.4317862822832947,-0.30125066653853083,-0.30125066653853083,-0.30125066653853083,0.0,0.0,0.0,-0.15655696566527055,-0.15655696566527055,-0.15655696566527055,-0.3615539219431627,0.22885342745673093,-0.6034447552390763,-0.14631900881378287,-0.013406237376823763,-0.17917409918322297,-0.14631900881378287,0,0.0,0.0,0.0,0.0,,,,,non-targeting control,,0.541045895410459,0.46275372462753706,0.7424571411471993,1.0,0.541045895410459,0.4627537246275372,0.7424571411471993,1.0,0.7424571411471993,0.7424571411471993,0.7258324203000474,0.7103536089668072,0.9999999996046233,0.9999999999939124,0.5102766989443126,0.49218300029123985,0.7783437638523167,1.0,0.9999999996046233,0.7783437638523167,0.28699370982674355,0.9019402753572772,0.5142226693082516,1.0,0.17016429808702566,0.8319906332446065,0.3221145661006411,1.0,0.5142226693082516,0.3221145661006411,0.8920829818984867,0.4448677906197587,0.9937207278147113,0.9999999999481898,0.7540626960285216,0.24840897414137003,0.912731357994868,1.0,0.9937207278147113,0.912731357994868
gRNA_14804,controlsgRNA,-0.06517954434645455,-1.0224960611662826,-0.21951617082189784,-0.40458809116711775,-1.0150886241613806,-0.5453736983326266,-0.40458809116711775,4128.3325802078625,-1.2681321692102012,-0.503162410742295,-0.5596122723353381,-0.6417232520959842,-1.0513388371794223,-0.8047937883126481,-0.6417232520959842,-0.8151838931836457,-0.8151838931836457,-0.8151838931836457,0.0,0.0,0.0,-0.3667476640407167,-0.3667476640407167,-0.3667476640407167,-0.6415985157511376,-1.7230927582309954,-1.9386362186784072,-0.856258638563891,-2.219883029038835,-1.4758938320526531,-1.7230927582309954,0,0.0,0.0,0.0,0.0,,,,,non-targeting control,,0.9612038796120388,0.04559544045595441,0.9847756368777291,1.0,0.9612038796120388,0.04559544045595437,0.9847756368777291,1.0,0.9847756368777291,0.9847756368777291,0.9566276145022055,0.23345309895391964,0.9999999996046233,0.9999999999939124,0.8906015830681988,0.11067074345875266,1.0,0.6850828444381473,0.9999999996046233,0.6850828444381473,0.9991487271903595,0.003549066978876101,0.9999999999016121,0.15607369472165317,0.9989698858340668,0.0010976485266585166,1.0,0.058959406574800324,0.15607369472165317,0.058959406574800324,0.6666658238205617,0.6295670789365326,0.8653274314968338,0.9999999999481898,0.5204170798382667,0.48197526646922967,0.7356271504480761,1.0,0.8653274314968338,0.7356271504480761
gRNA_14805,controlsgRNA,-0.3758256843857225,-0.9114797292566291,1.6897938176847813,0.3595023291700798,0.896770063495236,0.3317521593415491,0.3595023291700798,3475.945172465733,-0.7173031619261224,-0.16377311636182598,-0.20568819680442382,-0.17628174926846196,-0.5530296657590981,-0.3632151780239864,-0.20568819680442382,-0.370316807565832,-0.370316807565832,-0.370316807565832,0.0,0.0,0.0,-0.5671082917796068,-0.5671082917796068,-0.5671082917796068,0.8000963377219238,-0.23578384222967066,0.005991888056957017,0.009813836997253012,0.27495688650452416,0.17101502141019748,0.009813836997253012,0,0.0,0.0,0.0,0.0,,,,,non-targeting control,,0.6366363363663634,0.3694630536946306,0.8169804179991558,1.0,0.6366363363663634,0.36946305369463056,0.8169804179991558,1.0,0.8169804179991558,0.8169804179991558,0.5993650016417663,0.7667163763764795,0.9274125128284121,0.9999999999939124,0.4054552908417984,0.5972856250224041,0.6405512157836815,1.0,0.9274125128284121,0.6405512157836815,0.021796777832259712,0.9953881596258848,0.05894959328234184,1.0,0.008629500409961752,0.9918927583034931,0.024214120553325513,1.0,0.05894959328234184,0.024214120553325513,0.008102266169215546,0.9567141173805256,0.03626728666220293,0.9999999999481898,0.009921893369386599,0.9906051476761889,0.03978199459037899,1.0,0.03626728666220293,0.03978199459037899
gRNA_14806,controlsgRNA,-0.0017977492102477257,-0.9694163639892498,1.0455502891990767,0.03220421849745363,0.2241362293785057,0.06613532477510768,0.03220421849745363,1927.1577044735652,-1.3224372394258432,-0.2775505140714472,-0.607186038822545,-0.8753077880502987,-1.5440495782997536,-0.9253062317339775,-0.8753077880502987,-0.3242276646837103,-0.3242276646837103,-0.3242276646837103,0.0,0.0,0.0,-0.5852624543113178,-0.5852624543113178,-0.5852624543113178,-0.5321639434372152,-0.10178289917907056,0.23824681370300912,-0.0049887998344893495,0.27458737419046153,-0.025220290911460885,-0.0049887998344893495,0,0.0,0.0,0.0,0.0,,,,,non-targeting control,,0.5817418258174183,0.42255774422557757,0.7756557677565578,1.0,0.5817418258174183,0.42255774422557746,0.7756557677565578,1.0,0.7756557677565578,0.7756557677565578,0.9569105639210936,0.13672543222131558,0.9999999996046233,0.9999999999939124,0.9294709199392512,0.07167326567893448,1.0,0.5530720145563724,0.9999999996046233,0.5530720145563724,0.11157030256255396,0.9697822001428228,0.23971676436297307,1.0,0.053511934014543516,0.9476409243347282,0.11976480469921645,1.0,0.23971676436297307,0.11976480469921645,0.07063692083627052,0.9452078859760301,0.19529031054733612,0.9999999999481898,0.047940660961405895,0.9531839198687723,0.1397340195464234,1.0,0.19529031054733612,0.1397340195464234
gRNA_14807,controlsgRNA,-0.3099888565314536,-0.5007874003164157,-0.8355417204300403,0.16846710351193486,-0.158615160978575,-0.32729320694890995,-0.3099888565314536,4803.253502033439,-0.1538873046441314,-0.10331098084404908,0.10132351498524961,0.3013117849120685,0.2502731278163143,0.07914202844509038,0.10132351498524961,-0.027687837736497415,-0.027687837736497415,-0.027687837736497415,0.0,0.0,0.0,-0.334667592599792,-0.334667592599792,-0.334667592599792,-0.22967088675544428,-0.8710723026388113,-1.7574064843703825,-0.31169556825475647,-0.21223034737829538,-0.6764151178795379,-0.31169556825475647,0,0.0,0.0,0.0,0.0,,,,,non-targeting control,,0.2084791520847915,0.7950204979502049,0.416958304169583,1.0,0.2084791520847915,0.7950204979502051,0.416958304169583,1.0,0.416958304169583,0.416958304169583,0.059644679687026955,0.9946793941877999,0.14754210238369828,0.9999999999939124,0.019533380575866982,0.9809361044020012,0.04996293262942847,1.0,0.14754210238369828,0.04996293262942847,0.796831618146533,0.24346031814259972,0.9888075525514733,1.0,0.7851120471997881,0.21807082612581902,0.9729908923371237,1.0,0.9888075525514733,0.9729908923371237,0.4415283748660699,0.8527930502374712,0.7013831362840881,0.9999999999481898,0.2727435027889206,0.7293392573163636,0.49782309246909784,1.0,0.7013831362840881,0.49782309246909784
gRNA_14808,controlsgRNA,-0.4077154775099069,-0.4308783421575065,-0.8918879688830617,-0.67645934518487,-0.5572235885844029,-0.5928329444639496,-0.5572235885844029,7443.2896520560325,-0.054473396991129165,0.013956723076373818,-0.06975283846843539,-0.3673984233076947,-0.04614195926398278,-0.10476197899097364,-0.054473396991129165,-0.32519244266726494,-0.32519244266726494,-0.32519244266726494,0.0,0.0,0.0,-0.5628143211247659,-0.5628143211247659,-0.5628143211247659,-0.27513023396672104,0.3374950335683306,-1.1280941162114584,-0.4585455134795083,-0.6297618603695067,-0.4308073380917727,-0.4585455134795083,0,0.0,0.0,0.0,0.0,,,,,non-targeting control,,0.5873412658734125,0.4183581641835816,0.7803544733865835,1.0,0.5873412658734126,0.4183581641835816,0.7803544733865836,1.0,0.7803544733865835,0.7803544733865836,0.22680595478064233,0.9685153984626926,0.45361190956128467,0.9999999999939124,0.09729298553305993,0.9041647827752046,0.20436962324262867,1.0,0.45361190956128467,0.20436962324262867,0.5211343295259675,0.51924432928907,0.7536404150067837,1.0,0.5120387279599311,0.49182260888323864,0.7292672792156595,1.0,0.7536404150067837,0.7292672792156595,0.7699898677537116,0.6548419735806763,0.9276328010477378,0.9999999999481898,0.5679023040364989,0.4342942164700703,0.7793111909405971,1.0,0.9276328010477378,0.7793111909405971
gRNA_14809,controlsgRNA,-2.3335488041304644,1.103729561165117,-0.005448126669815087,-1.91515897909334,-0.8330130399765837,-0.7966878777410172,-0.8330130399765837,1917.2766982979365,-1.2875404264081975,-1.0674663431646758,-0.727508133703218,-0.747296102459259,-0.23987363432165976,-0.8139369280114019,-0.747296102459259,-0.24548844949308526,-0.24548844949308526,-0.24548844949308526,0.0,0.0,0.0,0.00142576419037445,0.00142576419037445,0.00142576419037445,-0.6266876320018814,-0.6564793576291401,-1.3000234172243617,-0.442411284620275,-1.253914166143902,-0.855903171523912,-0.6564793576291401,0,0.0,0.0,0.0,0.0,,,,,non-targeting control,,0.4179582041795822,0.5868413158684134,0.6362440679009025,1.0,0.417958204179582,0.5868413158684131,0.6362440679009022,1.0,0.6362440679009025,0.6362440679009022,0.9440431436038499,0.21552660171510268,0.9999999996046233,0.9999999999939124,0.8907879827047127,0.11114375933703985,1.0,0.6850828444381473,0.9999999996046233,0.6850828444381473,0.9769259821886236,0.10234489248769783,0.9999999999016121,1.0,0.9534577325910626,0.047206907691816784,1.0,0.5430608396215376,0.9999999999016121,0.5430608396215376,0.3445971383112611,0.1880611126383488,0.6083029296010993,0.9999999999481898,0.644045285404525,0.3641267274817121,0.8321684787357436,1.0,0.6083029296010993,0.8321684787357436
gRNA_14810,controlsgRNA,-0.6334308720471876,-0.870347689710542,-0.528418477028626,-0.5368700573286823,-0.4226709380979995,-0.5983476068426075,-0.5368700573286823,4423.798764874228,-1.76225646287092,-0.7423209207548648,-0.6971030043988327,-0.7343333136979757,-1.6553115315145077,-1.11826504664742,-0.7423209207548648,-0.48519832309259364,-0.48519832309259364,-0.48519832309259364,0.0,0.0,0.0,-0.055111447110288696,-0.055111447110288696,-0.055111447110288696,-0.13558788616499065,-0.021881678391492614,-0.2813633884715194,-0.8821959137325978,0.29456450219480373,-0.20529287291315934,-0.13558788616499065,0,0.0,0.0,0.0,0.0,,,,,non-targeting control,,0.7947205279472053,0.20977902209779026,0.9110210930126499,1.0,0.7947205279472053,0.20977902209779026,0.9110210930126499,1.0,0.9110210930126499,0.9110210930126499,0.9901212628628688,0.0644295598187126,0.9999999996046233,0.7341064997526041,0.9755261141608091,0.025232202250450624,1.0,0.29954365736240696,0.7341064997526041,0.29954365736240696,0.2717149075996727,0.8323446458944732,0.4971102991838668,1.0,0.1976076543996514,0.8046351481104892,0.35607410952223806,1.0,0.4971102991838668,0.35607410952223806,0.7840394216002826,0.6479016438461465,0.929964739816108,0.9999999999481898,0.5803907766646406,0.42153398988825447,0.7889861053438365,1.0,0.929964739816108,0.7889861053438365
gRNA_14811,controlsgRNA,-0.28757221210941775,-2.079430421721483,0.11815105855476908,0.01755370789395639,-1.3261630060170622,-0.7114921746798475,-0.28757221210941775,4318.722699201687,-0.0154131852379803,0.28647584676606497,-0.3246913921888069,-0.16549575075335654,0.4334208082386757,0.04285926536491939,-0.0154131852379803,-0.4604780721132728,-0.4604780721132728,-0.4604780721132728,0.0,0.0,0.0,-0.0074842332752828285,-0.0074842332752828285,-0.0074842332752828285,-0.5389537323721437,-0.7257960763753495,-0.6174614777942827,-0.9591217385065256,-0.6093054408943304,-0.6901276931885264,-0.6174614777942827,0,0.0,0.0,0.0,0.0,,,,,non-targeting control,,0.7727227277272274,0.230976902309769,0.9023097690230978,1.0,0.7727227277272273,0.23097690230976903,0.9023097690230977,1.0,0.9023097690230978,0.9023097690230977,0.07180176802910344,0.986357660972336,0.1719583743881713,0.9999999999939124,0.030066081691650474,0.9707199397898565,0.07109966488088414,1.0,0.1719583743881713,0.07109966488088414,0.9585632816574622,0.27570685713774484,0.9999999999016121,1.0,0.8768872299445225,0.12460540163369255,1.0,0.8518478366230617,0.9999999999016121,0.8518478366230617,0.5793166830854113,0.37208741497209485,0.7978867137000536,0.9999999999481898,0.6039211056445417,0.4008841699868574,0.8023828117397445,1.0,0.7978867137000536,0.8023828117397445
gRNA_14812,controlsgRNA,-0.7784694943782255,1.0332639710625526,-2.485444551973171,-1.046195946867724,-1.9463993545452252,-1.0446490753403588,-1.046195946867724,3175.1769844856153,0.20122872191711083,0.49610542298298416,0.13709330459570734,0.22954226347259934,0.5867206736735255,0.3301380773283854,0.22954226347259934,-0.6400356154530542,-0.6400356154530542,-0.6400356154530542,0.0,0.0,0.0,-0.22918789098581918,-0.22918789098581918,-0.22918789098581918,-0.5782426727552342,-1.512755052038104,-4.676115049835682,-0.2893384138739707,-1.3234325823685578,-1.6759767541743096,-1.3234325823685578,0,0.0,0.0,0.0,0.0,,,,,non-targeting control,,0.907009299070093,0.09829017098290173,0.9603364593512637,1.0,0.9070092990700929,0.09829017098290171,0.9603364593512637,1.0,0.9603364593512637,0.9603364593512637,0.00532234833110298,0.9998436100852623,0.018192754295406552,0.9999999999939124,0.001068058636629766,0.9989867736716237,0.003861442763199923,1.0,0.018192754295406552,0.003861442763199923,0.9828042458355372,0.01108065783062657,0.9999999999016121,0.2969023400453904,0.9927663472217289,0.007634330468337281,1.0,0.15107938189972725,0.2969023400453904,0.15107938189972725,0.5529265750989432,0.09739819025055288,0.784227682618784,0.9999999999481898,0.8420821330816589,0.16220346836796184,0.9611388133741732,1.0,0.784227682618784,0.9611388133741732
gRNA_14813,controlsgRNA,-0.11650112436447792,-1.3294712777019368,-1.3606972835040236,-0.8270302238582273,-0.6258061362285297,-0.8519012091314391,-0.8270302238582273,2269.016418135261,-1.4597275778446392,-0.4777214913609062,0.16561937157293452,-0.451570066637841,-1.4703911787646013,-0.7387581886070107,-0.4777214913609062,-0.4946526190900642,-0.4946526190900642,-0.4946526190900642,0.0,0.0,0.0,0.014278182628242491,0.014278182628242491,0.014278182628242491,0.09720416073373093,0.28383365771153946,-0.22286348324770608,-0.335856047924927,-0.6911097476724134,-0.17375829207995522,-0.22286348324770608,0,0.0,0.0,0.0,0.0,,,,,non-targeting control,,0.8001199880011999,0.2053794620537946,0.9142360688402459,1.0,0.8001199880012,0.20537946205379465,0.9142360688402459,1.0,0.9142360688402459,0.9142360688402459,0.7357762828394591,0.23750013433390457,0.9999999996046233,0.9999999999939124,0.7773724044600994,0.22536573582973618,1.0,0.9415279630220089,0.9999999996046233,0.9415279630220089,0.24466979601776873,0.8847866490786906,0.45997921651340523,1.0,0.1607266820543451,0.8413203530173164,0.3067676774235216,1.0,0.45997921651340523,0.3067676774235216,0.8762179459219527,0.33112052161754507,0.9893632062061688,0.9999999999481898,0.7977786031653332,0.20443214742485344,0.9344696410908576,1.0,0.9893632062061688,0.9344696410908576
gRNA_14814,controlsgRNA,-1.7544648833148893,0.6554341116855906,-1.650719726934083,-1.2313422453281466,-0.9314812823933322,-0.9825148052569721,-1.2313422453281466,1758.4575990359995,-0.07053390736144574,-0.3437506768079543,-0.5195794434408136,0.6207138675336509,0.21264503993429693,-0.02010102402845318,-0.07053390736144574,0.10324447646598828,0.10324447646598828,0.10324447646598828,0.0,0.0,0.0,0.2371285542579947,0.2371285542579947,0.2371285542579947,-1.893114600540499,-0.31694754656881774,-1.3689318799738888,-0.7722475813132321,-1.6135145514721896,-1.1929512319737257,-1.3689318799738888,0,0.0,0.0,0.0,0.0,,,,,non-targeting control,,0.10818918108189182,0.8975102489751025,0.2558435980301341,1.0,0.10818918108189196,0.8975102489751025,0.25584359803013446,1.0,0.2558435980301341,0.25584359803013446,0.08651250683347499,0.955032501910751,0.19595603957461805,0.9999999999939124,0.05402461801953956,0.9474565230997497,0.12091224032944568,1.0,0.19595603957461805,0.12091224032944568,0.9901650832650569,0.014284456677791484,0.9999999999016121,0.3005711666842607,0.993331511566629,0.00704638795107596,1.0,0.15107938189972725,0.3005711666842607,0.15107938189972725,0.7146795589081816,0.15718826690219406,0.8962044775384526,0.9999999999481898,0.8435526819507371,0.15978604489857773,0.9611388133741732,1.0,0.8962044775384526,0.9611388133741732
gRNA_14815,controlsgRNA,-1.262227686718159,-2.179144216319989,-1.7701502140129906,-0.7860664399760845,-0.8087437675384967,-1.361266464913144,-1.262227686718159,4580.2078626299135,-1.7482534387882598,-0.7834268002373066,-1.1831271593815453,-0.8267523487514695,-1.9388076558899932,-1.2960734806097147,-1.1831271593815453,-0.6940955246314114,-0.6940955246314114,-0.6940955246314114,0.0,0.0,0.0,-0.8995791722050104,-0.8995791722050104,-0.8995791722050104,-0.7533467143181706,-1.2271110553930156,-1.3377895859035598,-1.409983721339324,-1.1145459775726752,-1.1685554109053489,-1.2271110553930156,0,0.0,0.0,0.0,0.0,,,,,non-targeting control,,0.9308069193080692,0.07419258074192579,0.969483107090953,1.0,0.9308069193080692,0.07419258074192578,0.969483107090953,1.0,0.969483107090953,0.969483107090953,0.9975939788141635,0.02528875690447613,0.9999999996046233,0.5246630663878483,0.9925163035137874,0.007768946794786141,1.0,0.18257024967747432,0.5246630663878483,0.18257024967747432,0.9992812500843907,0.014914631930520745,0.9999999999016121,0.3005711666842607,0.9964845493482103,0.003606499258011687,1.0,0.10218073041171602,0.3005711666842607,0.10218073041171602,0.9899524664945526,0.061787637341213855,0.9999999998332031,0.9999999999481898,0.9762399613286957,0.02431437587349986,1.0,0.703246563725842,0.9999999998332031,0.703246563725842
gRNA_14816,controlsgRNA,-0.9372542940678537,-0.9363705613864086,-1.5174004276842512,-0.29038962155983666,-0.9295620190717649,-0.9221953847540231,-0.9363705613864086,5377.1953607471005,0.008496444643122696,-0.44428200845475985,-0.6196248001657679,-0.17415190937540972,0.04749721217688461,-0.23641301223518604,-0.17415190937540972,-0.38049044269764226,-0.38049044269764226,-0.38049044269764226,0.0,0.0,0.0,-0.3190575013252515,-0.3190575013252515,-0.3190575013252515,-0.4529116232074488,-1.2344627586881656,-0.5958775470244307,-0.4689200194647148,-0.7885575945851945,-0.708145908593991,-0.5958775470244307,0,0.0,0.0,0.0,0.0,,,,,non-targeting control,,0.6601339866013397,0.34526547345265485,0.8329207347721602,1.0,0.6601339866013398,0.34526547345265474,0.8329207347721603,1.0,0.8329207347721602,0.8329207347721603,0.35330981525137994,0.8862693036722977,0.6178813513233435,0.9999999999939124,0.2099720153269916,0.7927399191229503,0.37240319699504176,1.0,0.6178813513233435,0.37240319699504176,0.9435073539980452,0.24067631443443993,0.9999999999016121,1.0,0.877115965253164,0.12451542115567893,1.0,0.8518478366230617,0.9999999999016121,0.8518478366230617,0.9285440004256222,0.28298039126351,0.9999999998332031,0.9999999999481898,0.8520834249900815,0.14975651692102532,0.9621122156044164,1.0,0.9999999998332031,0.9621122156044164
gRNA_14817,controlsgRNA,-0.03810318207577574,-0.4694576908609311,-1.0367566199224243,-0.7965438726303466,0.2371553152478621,-0.4207412100483232,-0.4694576908609311,907.9680674800421,-1.1126873511645854,-0.405409542458292,0.14423962415235306,-1.0568766617305958,-1.6212588841191715,-0.8103985630640583,-1.0568766617305958,-0.04418764346480568,-0.04418764346480568,-0.04418764346480568,0.0,0.0,0.0,0.46952402123884385,0.46952402123884385,0.46952402123884385,-0.787514423899947,-0.9775619260607504,0.008200856564374517,-0.20301377757689915,-0.774080417423122,-0.5467939376792688,-0.774080417423122,0,0.0,0.0,0.0,0.0,,,,,non-targeting control,,0.2270772922707729,0.7785221477852214,0.4423889217295886,1.0,0.2270772922707729,0.7785221477852214,0.4423889217295886,1.0,0.4423889217295886,0.4423889217295886,0.7918535283590461,0.19508524871034344,0.9999999996046233,0.9999999999939124,0.8321641005476301,0.17015429040088192,1.0,0.8329937515676583,0.9999999996046233,0.8329937515676583,0.7486449372976617,0.4031783030242377,0.9517686792675437,1.0,0.6920947140810929,0.31032813167413686,0.8851279336547311,1.0,0.9517686792675437,0.8851279336547311,0.4977146267924979,0.7300604485104573,0.7528977279534732,0.9999999999481898,0.375617298080012,0.6267826235852334,0.6221678593748217,1.0,0.7528977279534732,0.6221678593748217
gRNA_14818,controlsgRNA,-0.6966710138427517,-2.8413052106168233,0.5444050462669702,-1.421434130787314,-1.6472571947841677,-1.2124525007528173,-1.421434130787314,4031.8120198825122,-1.18094010176222,-0.47114755224290306,-0.35807004150187666,-0.581141138245052,-1.2908961555772975,-0.7764389978658699,-0.581141138245052,-0.27910339093934666,-0.27910339093934666,-0.27910339093934666,0.0,0.0,0.0,-0.5388524715622192,-0.5388524715622192,-0.5388524715622192,-1.272815076159248,-1.403464365217148,0.30229691310547935,-0.6057720205489617,-0.6201971118632842,-0.7199903321366324,-0.6201971118632842,0,0.0,0.0,0.0,0.0,,,,,non-targeting control,,0.4944505549445055,0.5106489351064893,0.7042174570421745,1.0,0.49445055494450557,0.5106489351064893,0.7042174570421745,1.0,0.7042174570421745,0.7042174570421745,0.9300264895620983,0.24834443352691904,0.9999999996046233,0.9999999999939124,0.8654245570974515,0.1363633721334161,1.0,0.7540092341494772,0.9999999996046233,0.7540092341494772,0.736954672342813,0.1442376246246953,0.9457165761122788,1.0,0.8486822917764465,0.1543007904072819,1.0,0.9065171436427811,0.9457165761122788,0.9065171436427811,0.7613743686417923,0.0845291518533885,0.9276328010477378,0.9999999999481898,0.9002244492340117,0.10278563252679668,0.9782785922311803,1.0,0.9276328010477378,0.9782785922311803
gRNA_14819,controlsgRNA,0.1294489768382943,-1.4584081936302478,-0.20747132838404075,-0.25186429105852154,-1.4009524813071692,-0.637849463508337,-0.25186429105852154,4031.3300195812626,-0.6092256333120257,-0.11137930025353773,-0.44426128510286383,-0.06425054582892727,-0.5672413072833535,-0.35927161435614163,-0.44426128510286383,-0.057213052468285085,-0.057213052468285085,-0.057213052468285085,0.0,0.0,0.0,-0.200029473987309,-0.200029473987309,-0.200029473987309,-0.49827667421411015,-0.015324450475056858,-0.7376506204314027,0.0009353212452651684,-1.2282440782934037,-0.49571210043374164,-0.49827667421411015,0,0.0,0.0,0.0,0.0,,,,,non-targeting control,,0.23677632236776322,0.7685231476852314,0.45422396535856613,1.0,0.23677632236776325,0.7685231476852314,0.4542239653585662,1.0,0.45422396535856613,0.4542239653585662,0.5870121908100059,0.7692812370076383,0.9158364470728723,0.9999999999939124,0.39879309197438545,0.603471500530975,0.6353652651795294,1.0,0.9158364470728723,0.6353652651795294,0.6353626358480218,0.44086422002637826,0.8660927023819114,1.0,0.6038888486953827,0.399570158997241,0.799514813765718,1.0,0.8660927023819114,0.799514813765718,0.6164303199729582,0.49360619631957037,0.8248320295723568,0.9999999999481898,0.5639486808880577,0.4395320958789651,0.7767205275234788,1.0,0.8248320295723568,0.7767205275234788
gRNA_14820,controlsgRNA,-0.9826210201957873,-1.6789261233189636,0.05866199393773133,-0.7311399323557403,-1.918083620464817,-1.0504217404795153,-0.9826210201957873,3583.67223979515,-0.1921907360973539,-0.5283883533494842,-0.6127820205325378,-0.3572644752786734,-0.36255684299970964,-0.41063648565155175,-0.36255684299970964,-0.550779820375499,-0.550779820375499,-0.550779820375499,0.0,0.0,0.0,-0.20593501076857454,-0.20593501076857454,-0.20593501076857454,-0.33118391681049686,-1.2395898542781378,-0.6437729428736821,-0.6337250607909761,-0.3652841808903529,-0.6427111911287292,-0.6337250607909761,0,0.0,0.0,0.0,0.0,,,,,non-targeting control,,0.8515148485151485,0.15368463153684633,0.9410053146732111,1.0,0.8515148485151485,0.1536846315368463,0.9410053146732111,1.0,0.9410053146732111,0.9410053146732111,0.7026821496437691,0.7251687315334319,0.9999999996046233,0.9999999999939124,0.4883620999130642,0.5141708954600718,0.7556549364909964,1.0,0.9999999996046233,0.7556549364909964,0.8972484078661626,0.3091648314207114,0.9999999999016121,1.0,0.8155538073585997,0.18573824919558923,0.9940196027076852,1.0,0.9999999999016121,0.9940196027076852,0.8840256741103815,0.1646454752221201,0.9901747559609503,0.9999999999481898,0.8841267378906408,0.11780510565885605,0.9635700099909593,1.0,0.9901747559609503,0.9635700099909593
gRNA_14821,controlsgRNA,-0.0008253680875599827,-0.07333304547050633,-1.3033113204774491,-0.7746892953809728,-0.8114441622152235,-0.5927206383263423,-0.7746892953809728,3419.0691369182105,-1.2852212984913793,-0.8229968724051683,-0.2792456020376815,-0.5577846494099439,-1.443403589573305,-0.8777304023834956,-0.8229968724051683,-0.12489367699063166,-0.12489367699063166,-0.12489367699063166,0.0,0.0,0.0,-0.5520977662670402,-0.5520977662670402,-0.5520977662670402,-0.29034554942769386,-0.5960679865204948,-1.1545439687394152,-0.6130218518930171,-0.6013870414681314,-0.6510732796097505,-0.6013870414681314,0,0.0,0.0,0.0,0.0,,,,,non-targeting control,,0.285971402859714,0.7200279972002801,0.5048133684284153,1.0,0.285971402859714,0.72002799720028,0.5048133684284153,1.0,0.5048133684284153,0.5048133684284153,0.9507412923560514,0.16184599013945353,0.9999999996046233,0.9999999999939124,0.9153959714413888,0.08577751548259538,1.0,0.565830628446594,0.9999999996046233,0.565830628446594,0.9182918889252303,0.30938077654925195,0.9999999999016121,1.0,0.8315652764789278,0.17041240468025726,1.0,0.9563442411906975,0.9999999999016121,0.9563442411906975,0.6701579049041918,0.5702031499546638,0.8653274314968338,0.9999999999481898,0.5565492155819799,0.4464352454687632,0.7721863655307175,1.0,0.8653274314968338,0.7721863655307175
gRNA_14822,controlsgRNA,-1.3294422789743081,-0.30321700084451353,0.3633130040416526,-0.975349117562769,-0.5557657592242159,-0.5600922305128309,-0.5557657592242159,2885.7358035848774,-1.2595667081570168,-1.0936667716392034,-0.619072312317309,-0.7787588815853124,-1.1811030763684405,-0.9864335500134563,-1.0936667716392034,-0.36328187322263283,-0.36328187322263283,-0.36328187322263283,0.0,0.0,0.0,-0.6818755658461075,-0.6818755658461075,-0.6818755658461075,-1.2041105397560186,-1.3310964934337257,-0.6922946850094529,-0.5840600988912343,0.018542264097732613,-0.7586039105985398,-0.6922946850094529,0,0.0,0.0,0.0,0.0,,,,,non-targeting control,,0.6204379562043796,0.38426157384261567,0.8044299018374025,1.0,0.6204379562043796,0.3842615738426157,0.8044299018374025,1.0,0.8044299018374025,0.8044299018374025,0.9895024624275077,0.10610265339223954,0.9999999996046233,0.9999999999939124,0.9627797680594704,0.03791521400247131,1.0,0.3960033462480337,0.9999999996046233,0.3960033462480337,0.8825788524403761,0.14545781555111437,0.9999999999016121,1.0,0.8940669035442677,0.10762333624265441,1.0,0.8179798493236559,0.9999999999016121,0.8179798493236559,0.578606396325859,0.56949582579602,0.7978867137000536,0.9999999999481898,0.512300538561479,0.4912614413628619,0.7326804202678916,1.0,0.7978867137000536,0.7326804202678916
gRNA_14823,controlsgRNA,-0.4194531115914369,1.4672905797153197,-0.3938918621923929,0.043417354278130836,1.1755569530489074,0.37458398265170567,0.043417354278130836,3353.3965958728727,0.37764690701592657,-0.20706758829890712,-0.05475045115504521,0.005823779293986695,0.4706418372696323,0.11845889682511865,0.005823779293986695,-0.4063681376064465,-0.4063681376064465,-0.4063681376064465,0.0,0.0,0.0,0.05754517354842773,0.05754517354842773,0.05754517354842773,0.08035822448972732,0.2525155942453,-0.05466830566463666,-0.41564531144611433,-0.5674709738503807,-0.14098215444522086,-0.05466830566463666,0,0.0,0.0,0.0,0.0,,,,,non-targeting control,,0.7172282771722829,0.28757124287571234,0.8699284910218656,1.0,0.7172282771722828,0.28757124287571245,0.8699284910218655,1.0,0.8699284910218656,0.8699284910218655,0.04170968945314518,0.9945562191335104,0.10815753954746612,0.9999999999939124,0.014738870329311333,0.9856261790950025,0.03902686791423282,1.0,0.10815753954746612,0.03902686791423282,0.21944332426252836,0.9193737756245113,0.41462658252618423,1.0,0.1294306014415295,0.8728564687361,0.2574461890243503,1.0,0.41462658252618423,0.2574461890243503,0.010224441609804633,0.9856546353622575,0.043686250514619794,0.9999999999481898,0.0075073431868257,0.9931621836481315,0.03207682998007345,1.0,0.043686250514619794,0.03207682998007345
gRNA_14824,controlsgRNA,-0.8455175040553166,-2.3653622680082593,1.7338180950544413,0.30643830000660116,-0.007374028757659004,-0.2355994811520385,-0.007374028757659004,1849.9171561982228,-0.1267607208396691,0.628106991201245,-0.08868764541531185,0.3112161042690354,0.3577335459554578,0.21632165503415143,0.3112161042690354,0.08128347321238343,0.08128347321238343,0.08128347321238343,0.0,0.0,0.0,0.026531605876465834,0.026531605876465834,0.026531605876465834,-0.7341680323968944,0.8403221698553482,-0.42695466483704825,-0.31717212193696076,-1.4325761699166215,-0.4141097638464354,-0.42695466483704825,0,0.0,0.0,0.0,0.0,,,,,non-targeting control,,0.12128787121287875,0.8832116788321168,0.2780746315612342,1.0,0.12128787121287882,0.8832116788321169,0.27807463156123435,1.0,0.2780746315612342,0.27807463156123435,0.01682711777651306,0.9977580056727471,0.04721639017887247,0.9999999999939124,0.005428195142905021,0.9947809940601882,0.015280740318921715,1.0,0.04721639017887247,0.015280740318921715,0.2811877409985733,0.374582443163817,0.5083009164204979,1.0,0.4791550964700272,0.5272087664975321,0.6966964147634626,1.0,0.5083009164204979,0.6966964147634626,0.04917251749798997,0.5221602868948995,0.15269641978895696,0.9999999999481898,0.15649564973333946,0.8512266782758544,0.3324427361566985,1.0,0.15269641978895696,0.3324427361566985
gRNA_14825,controlsgRNA,0.0862191956841391,-0.3687961022452941,0.19631282144463863,0.20568588361356316,0.04996901967093055,0.03387816363359547,0.0862191956841391,3351.348094592559,-1.14401151963901,-0.2590853616524134,-0.7267221506260962,-0.41140999360026503,-1.1840162809582389,-0.7450490612952047,-0.7267221506260962,0.12989992892110785,0.12989992892110785,0.12989992892110785,0.0,0.0,0.0,0.0014239728043450096,0.0014239728043450096,0.0014239728043450096,-0.41396162941630404,-0.07216552033234702,-0.9113734114059978,0.2224636797720774,-0.5790121740502011,-0.35080981108655457,-0.41396162941630404,0,0.0,0.0,0.0,0.0,,,,,non-targeting control,,0.09349065093490651,0.9116088391160884,0.22975480229754802,1.0,0.0934906509349065,0.9116088391160884,0.229754802297548,1.0,0.22975480229754802,0.229754802297548,0.910604504561151,0.2761936360745411,0.9999999996046233,0.9999999999939124,0.8422094969725301,0.15982680313651676,1.0,0.8071914318910175,0.9999999996046233,0.8071914318910175,0.4793108089278847,0.6658661150938516,0.7067484868897437,1.0,0.4023721933576332,0.5999427091549671,0.6100481641228632,1.0,0.7067484868897437,0.6100481641228632,0.13273286632710385,0.9863870075117745,0.2988476511316829,0.9999999999481898,0.048991788054803774,0.9517788473603751,0.14169932545081707,1.0,0.2988476511316829,0.14169932545081707
gRNA_14826,controlsgRNA,-1.2212001058155535,-0.3212010962423318,-0.8796734052965698,-0.17040611081920193,0.053225968672795894,-0.5078509499001722,-0.3212010962423318,4746.859466787167,-1.7585910413937784,-0.7586804920970562,-0.8418323114104644,-1.1827788523953404,-2.0207242965146124,-1.3125213987622504,-1.1827788523953404,-0.22998875194119434,-0.22998875194119434,-0.22998875194119434,0.0,0.0,0.0,-0.493993785579546,-0.493993785579546,-0.493993785579546,-0.6399755321488068,-0.23711922589504572,0.09291389231419232,-0.29457914463834295,0.6125027302696799,-0.09325145601966463,-0.23711922589504572,0,0.0,0.0,0.0,0.0,,,,,non-targeting control,,0.3743625637436256,0.63003699630037,0.5964420507101832,1.0,0.37436256374362564,0.6300369963003699,0.5964420507101833,1.0,0.5964420507101832,0.5964420507101833,0.9975471348010683,0.024374807275089314,0.9999999996046233,0.5246630663878483,0.9927134508857917,0.007578792973223562,1.0,0.18257024967747432,0.5246630663878483,0.18257024967747432,0.15027698002795714,0.9060778397505928,0.3044327378133425,1.0,0.10820509180510579,0.8937672860614492,0.22477963822497116,1.0,0.3044327378133425,0.22477963822497116,0.5861032926406844,0.6622170851311693,0.8026724923419898,0.9999999999481898,0.4571906016971518,0.5454471378009054,0.6876146649525163,1.0,0.8026724923419898,0.6876146649525163
gRNA_14827,controlsgRNA,-0.786635609130907,-0.8226433852516447,-0.9987728614812243,-0.9501714358812968,-0.7000137075859777,-0.8516473998662102,-0.8226433852516447,3911.4324446452774,-0.023582352190765397,-0.13524454801441713,0.07187659511043558,0.24457831992225879,0.3650081395293303,0.10452723087136842,0.07187659511043558,-0.34600215812106544,-0.34600215812106544,-0.34600215812106544,0.0,0.0,0.0,0.08717497984271923,0.08717497984271923,0.08717497984271923,-0.8739139113565937,0.43763110505288993,-0.19051513536798356,-0.3619511369021041,-0.33816555921865693,-0.2653829275584897,-0.33816555921865693,0,0.0,0.0,0.0,0.0,,,,,non-targeting control,,0.607039296070393,0.3976602339766024,0.7952849314371698,1.0,0.607039296070393,0.39766023397660233,0.7952849314371698,1.0,0.7952849314371698,0.7952849314371698,0.050956968547438246,0.9960881359046333,0.1294582444178161,0.9999999999939124,0.015802218267942,0.984590893717738,0.041261347699626326,1.0,0.1294582444178161,0.041261347699626326,0.32562090271803956,0.7641102215047408,0.5720668225122627,1.0,0.2717048181453757,0.7315673243072793,0.4601847370390147,1.0,0.5720668225122627,0.4601847370390147,0.9408081966544368,0.35959869382980003,0.9999999998332031,0.9999999999481898,0.8294248791570236,0.17246719781425301,0.9508041297653684,1.0,0.9999999998332031,0.9508041297653684
gRNA_14828,controlsgRNA,-0.1473993360376474,-1.068480048192395,0.02139978177006018,-0.7503003815257633,-0.3085353059923757,-0.4506630579956242,-0.3085353059923757,1725.320078325049,-1.1721044499015871,-1.4195364118744072,-0.2787678843578268,-0.6405957296973133,-1.2553656370512443,-0.9532740225764756,-1.1721044499015871,-0.01756475992219935,-0.01756475992219935,-0.01756475992219935,0.0,0.0,0.0,0.425669940722477,0.425669940722477,0.425669940722477,0.4198312227141025,-0.6192088197009084,0.6139288838307206,-0.5095414666371544,-0.6228929764891952,-0.14357663125648695,-0.5095414666371544,0,0.0,0.0,0.0,0.0,,,,,non-targeting control,,0.20507949205079493,0.8007199280071993,0.4145692957585962,1.0,0.2050794920507949,0.8007199280071993,0.41456929575859613,1.0,0.4145692957585962,0.41456929575859613,0.9648299352240198,0.1204936038872738,0.9999999996046233,0.9999999999939124,0.9412450943077463,0.05989050144514345,1.0,0.5117915578039531,0.9999999996046233,0.5117915578039531,0.13739954483145345,0.7943288140159042,0.28230726151162017,1.0,0.15365682849814166,0.8495019406862434,0.29477024242500643,1.0,0.28230726151162017,0.29477024242500643,0.5625330053274535,0.7270695166412807,0.7892254104594124,0.9999999999481898,0.40805627823261004,0.5940522268375067,0.6454932798832087,1.0,0.7892254104594124,0.6454932798832087
gRNA_14829,controlsgRNA,-1.2600856284751234,-1.3726277411880683,-0.6268067133578114,-1.194705179148329,-0.35596460980175637,-0.9620379743942177,-1.194705179148329,5078.837174273234,0.18766231587215215,0.26942089040441003,-0.2577865279715116,0.24064755698145104,0.34012678943616237,0.1560142049445328,0.24064755698145104,-0.7053246056848346,-0.7053246056848346,-0.7053246056848346,0.0,0.0,0.0,-0.15951019381557024,-0.15951019381557024,-0.15951019381557024,-0.5822642263578798,-1.0923183565651806,-0.377884233400895,-0.934566987803016,0.09338894179263257,-0.5787289724668678,-0.5822642263578798,0,0.0,0.0,0.0,0.0,,,,,non-targeting control,,0.9359064093590641,0.06929307069293072,0.9721016848591384,1.0,0.9359064093590641,0.06929307069293067,0.9721016848591384,1.0,0.9721016848591384,0.9721016848591384,0.029934380703717983,0.997254577671292,0.08039519388998545,0.9999999999939124,0.0089631733758153,0.9913230764687633,0.024780538156665827,1.0,0.08039519388998545,0.024780538156665827,0.7562259941207274,0.35340031930158966,0.9517686792675437,1.0,0.7240859249546134,0.2786301674069032,0.916687904993046,1.0,0.9517686792675437,0.916687904993046,0.9341314875733524,0.2503428937779286,0.9999999998332031,0.9999999999481898,0.869446260233718,0.13224800801919112,0.9635700099909593,1.0,0.9999999998332031,0.9635700099909593
gRNA_14830,controlsgRNA,-1.4619383682533753,-0.07368406458769372,-1.4120808565213196,-0.724997376424888,-0.6376034348800129,-0.862060820133458,-0.724997376424888,4859.045036903149,-0.13307345169418305,-0.15601443683035168,0.0893940712565172,-0.5281411756133112,-0.12995250683149664,-0.17155749994256506,-0.13307345169418305,-0.2626873885901033,-0.2626873885901033,-0.2626873885901033,0.0,0.0,0.0,0.10367925454208732,0.10367925454208732,0.10367925454208732,-1.0068280493683643,-0.21696072844401354,-2.3341506481306205,-0.6119441568400741,-0.6533089606642067,-0.9646385086894558,-0.6533089606642067,0,0.0,0.0,0.0,0.0,,,,,non-targeting control,,0.45395460453954617,0.5509449055094492,0.6693605149288995,1.0,0.45395460453954606,0.5509449055094491,0.6693605149288993,1.0,0.6693605149288995,0.6693605149288993,0.29807696628447883,0.9339380023143717,0.5548363332820002,0.9999999999939124,0.1525099084602618,0.849062158334712,0.2935592743603828,1.0,0.5548363332820002,0.2935592743603828,0.9465963793211899,0.08621082342567371,0.9999999999016121,1.0,0.9437350077745695,0.05846992130370462,1.0,0.5941808218971064,0.9999999999016121,0.5941808218971064,0.8594758918691376,0.3279942584687588,0.9763230675008935,0.9999999999481898,0.7885457758569027,0.21319845281261424,0.9326835963863757,1.0,0.9763230675008935,0.9326835963863757
gRNA_14831,controlsgRNA,-0.5646279488830459,-0.16248438551039007,-1.1664791655503541,-0.39118652844517965,-0.8886393634750015,-0.6346834783727943,-0.5646279488830459,3290.1340563337853,-1.189686631035949,-0.5860224197249367,-0.06003385312900053,-1.0691835392332512,-0.7074655477546344,-0.7224783981755544,-0.7074655477546344,-0.25008373482196833,-0.25008373482196833,-0.25008373482196833,0.0,0.0,0.0,-0.1478671738321621,-0.1478671738321621,-0.1478671738321621,-0.31972864416126195,-0.9863787966288007,-1.5210631690648648,-1.1063447882274318,-0.9383456408760412,-0.97437220779168,-0.9863787966288007,0,0.0,0.0,0.0,0.0,,,,,non-targeting control,,0.4399560043995602,0.565143485651435,0.6564422922787088,1.0,0.43995600439956006,0.5651434856514349,0.6564422922787087,1.0,0.6564422922787088,0.6564422922787087,0.8775800461980382,0.28835681523102935,0.9999999996046233,0.9999999999939124,0.820294973484883,0.18186068422762175,1.0,0.8547452158698222,0.9999999996046233,0.8547452158698222,0.9855010018026328,0.054754198907471546,0.9999999999016121,0.7753305869920399,0.977003152979625,0.02376330080673716,1.0,0.3728122945637179,0.7753305869920399,0.3728122945637179,0.7619803635796856,0.5660179606501031,0.9276328010477378,0.9999999999481898,0.610140419783288,0.3923519488059317,0.8049571853983029,1.0,0.9276328010477378,0.8049571853983029
gRNA_14832,controlsgRNA,-0.1970645598288958,0.2645750505120725,0.14519440242205087,-0.5888171891265812,-0.2827512787955034,-0.1317727149633714,-0.1970645598288958,6127.187829492394,-0.26536264474236604,0.03316102213020242,-0.30462560555782225,0.043703091364459205,-0.22792236154500692,-0.1442092996701067,-0.22792236154500692,-0.5364134331379389,-0.5364134331379389,-0.5364134331379389,0.0,0.0,0.0,-0.22128398936444132,-0.22128398936444132,-0.22128398936444132,-0.8150918644606295,-1.1591035847392204,-0.9301784996600284,-0.7356511736366285,-0.5350104268828099,-0.8350071098758634,-0.8150918644606295,0,0.0,0.0,0.0,0.0,,,,,non-targeting control,,0.8464153584641536,0.1581841815818418,0.9387969757596513,1.0,0.8464153584641536,0.15818418158184178,0.9387969757596513,1.0,0.9387969757596513,0.9387969757596513,0.2669455225142448,0.9542699254334058,0.5147257254633644,0.9999999999939124,0.12505726390530464,0.8764654888540317,0.25145203865451626,1.0,0.5147257254633644,0.25145203865451626,0.9855683945860886,0.12870604860207818,0.9999999999016121,1.0,0.9520604686086105,0.04880788547093858,1.0,0.5430608396215376,0.9999999999016121,0.5430608396215376,0.2572560399762791,0.9452438361757546,0.49728325482847535,0.9999999999481898,0.1279988425653581,0.8731723952493858,0.2970837333615719,1.0,0.49728325482847535,0.2970837333615719
gRNA_14833,controlsgRNA,-1.0146161293502483,0.44688265725828896,-1.3693466870750075,-1.496232363951548,-0.4048270187673234,-0.7676279083771675,-1.0146161293502483,4527.187829492394,-0.6826330509833916,-0.41494832452037445,-0.3281553689896596,-0.37007703911929934,-0.5485655945662464,-0.46887587563579436,-0.41494832452037445,-0.46195374360172764,-0.46195374360172764,-0.46195374360172764,0.0,0.0,0.0,-0.21595495761959815,-0.21595495761959815,-0.21595495761959815,-0.3865691167784571,0.036461736601021505,-0.7213895366400767,0.0862510272239169,-0.48576790173581175,-0.29420275826588144,-0.3865691167784571,0,0.0,0.0,0.0,0.0,,,,,non-targeting control,,0.7766223377662234,0.2273772622737726,0.9040557244585139,1.0,0.7766223377662234,0.22737726227377264,0.9040557244585139,1.0,0.9040557244585139,0.9040557244585139,0.7805816330203023,0.6508221315984254,0.9999999996046233,0.9999999999939124,0.576928949146337,0.4253338082835433,0.8407956778256693,1.0,0.9999999996046233,0.8407956778256693,0.43010922764443643,0.7902098969346228,0.6708854867039666,1.0,0.30630192171036696,0.6965387271853477,0.5007370546221651,1.0,0.6708854867039666,0.5007370546221651,0.6795145895227415,0.33298534538937347,0.8653274314968338,0.9999999999481898,0.7049245862776227,0.2986305886462773,0.8805892800344608,1.0,0.8653274314968338,0.8805892800344608
gRNA_14834,controlsgRNA,-1.6709519008007248,-0.2648335156244015,-0.07581186139045669,-0.5800164370127081,-0.2781691541168782,-0.5739565737890339,-0.2781691541168782,3487.513179695737,-0.9637176041987281,-0.44194770518241483,-0.23829808977286832,-0.3013607192333404,-0.9088013708216842,-0.5708250978418071,-0.44194770518241483,-0.44619963172232885,-0.44619963172232885,-0.44619963172232885,0.0,0.0,0.0,0.16943955433122798,0.16943955433122798,0.16943955433122798,-0.2535470283751603,-0.6827319228389932,-0.29265767157911665,-0.7220361796318345,-0.21022906547413248,-0.4322403735798474,-0.29265767157911665,0,0.0,0.0,0.0,0.0,,,,,non-targeting control,,0.7574242575742426,0.24767523247675233,0.8927633882379786,1.0,0.7574242575742426,0.24767523247675227,0.8927633882379786,1.0,0.8927633882379786,0.8927633882379786,0.8156487184857487,0.4853088723382688,0.9999999996046233,0.9999999999939124,0.6833988766703063,0.3186955774768645,0.9438699064670725,1.0,0.9999999996046233,0.9438699064670725,0.726315396053137,0.6325076431677263,0.9428443265395609,1.0,0.5532183752244415,0.4492597823915137,0.7564003966705091,1.0,0.9428443265395609,0.7564003966705091,0.6260163686138316,0.6013983996438653,0.8317390621865749,0.9999999999481898,0.5045810966241507,0.4986270180632299,0.729701893579541,1.0,0.8317390621865749,0.729701893579541
