gRNA_id,Gene,bm1,bm2,bm3,bm4,bm5,LFC_avg_bm,LFC_median_bm,Input_median,d15-rep1,d15-rep2,d15-rep3,d15-rep4,d15-rep5,LFC_avg_d15,LFC_median_d15,d5,LFC_avg_d5,LFC_median_d5,input,LFC_avg_input,LFC_median_input,lib,LFC_avg_lib,LFC_median_lib,spleen1,spleen2,spleen3,spleen4,spleen5,LFC_avg_spleen,LFC_median_spleen,sensor_reads,corr_perc,target_base_edit_perc,byproduct_INDEL_perc,byproduct_sub_perc,gene_name_m_corrected,gene_name_h,HGVSp_m,HGVSp_h,classification,classification_m,p_high_unadjusted_d5_fishers,p_low_unadjusted_d5_fishers,FDR_high_d5_fishers,FDR_low_d5_fishers,p_high_unadjusted_d5_stouffers,p_low_unadjusted_d5_stouffers,FDR_high_d5_stouffers,FDR_low_d5_stouffers,FDR_d5_fishers,FDR_d5_stouffers,p_high_unadjusted_d15_fishers,p_low_unadjusted_d15_fishers,FDR_high_d15_fishers,FDR_low_d15_fishers,p_high_unadjusted_d15_stouffers,p_low_unadjusted_d15_stouffers,FDR_high_d15_stouffers,FDR_low_d15_stouffers,FDR_d15_fishers,FDR_d15_stouffers,p_high_unadjusted_spleen_fishers,p_low_unadjusted_spleen_fishers,FDR_high_spleen_fishers,FDR_low_spleen_fishers,p_high_unadjusted_spleen_stouffers,p_low_unadjusted_spleen_stouffers,FDR_high_spleen_stouffers,FDR_low_spleen_stouffers,FDR_spleen_fishers,FDR_spleen_stouffers,p_high_unadjusted_bm_fishers,p_low_unadjusted_bm_fishers,FDR_high_bm_fishers,FDR_low_bm_fishers,p_high_unadjusted_bm_stouffers,p_low_unadjusted_bm_stouffers,FDR_high_bm_stouffers,FDR_low_bm_stouffers,FDR_bm_fishers,FDR_bm_stouffers
gRNA_2,Abl1,-0.5302048563429328,-3.724955905844837,1.6494422041231402,0.45599572562317114,1.2842938657433793,-0.17308579333961585,0.45599572562317114,914.7160716975449,-3.8748997758468993,-3.8958918401078653,-1.7139500962562002,-3.2867860018953166,-1.8762717798218054,-2.9295598987856173,-3.2867860018953166,0.10407661737575083,0.10407661737575083,0.10407661737575083,0.0,0.0,0.0,-1.3174814735455687,-1.3174814735455687,-1.3174814735455687,-1.38737374128547,-0.07964103399569795,0.29794863618790085,0.04626211939863965,0.8175957084902861,-0.061041662240868266,0.04626211939863965,5517,0.0,0.0,0.0,2.990755845568244,Abl1,ABL1,Non-coding,,targeting guide,Intron,0.28337166283371656,0.7167283271672833,0.8877563856517573,0.990842851198751,0.2833716628337166,0.7167283271672833,0.8877563856517575,0.990842851198751,0.8877563856517573,0.8877563856517575,0.9999996766667794,2.901673818522479e-05,0.9999999930886931,0.002182058711528904,0.9999969060148515,3.1727228603284388e-06,1.0,0.00029823594887087325,0.002182058711528904,0.00029823594887087325,0.14879058849969684,0.7150144213305699,0.37547155218715444,0.9999999999992459,0.16848198769026068,0.8318387863616417,0.403498263512981,1.0,0.37547155218715444,0.403498263512981,0.08740906871607296,0.6741498557780563,0.7788968766315769,0.9773139069839524,0.1318739268222961,0.8684427253525822,0.8103227152144246,1.0,0.7788968766315769,0.8103227152144246
gRNA_85,Akt1,-2.0429678593646265,-0.4974805980474474,2.2915196758967395,0.5049144295477763,0.13175518739476463,0.0775481670854413,0.13175518739476463,1443.590902244314,-0.8159824047275835,0.02722205192288276,1.045126786900089,0.8097759451513844,1.0277045929034232,0.4187693944300392,0.8097759451513844,-0.19521126521249496,-0.19521126521249496,-0.19521126521249496,0.0,0.0,0.0,0.4173129215650172,0.4173129215650172,0.4173129215650172,-0.1620379630436478,-0.5747565870728677,0.3693949351044025,0.9516335236983734,-0.4454048926539389,0.027765803206464313,-0.1620379630436478,1427,8.61948142957253,10.721793973370708,0.0,7.00770847932726,Akt1,AKT1,D323G,D323G,targeting guide,Missense,0.8741125887411259,0.12598740125987398,0.9987424218303245,0.8791736210994285,0.8741125887411259,0.125987401259874,0.9987424218303245,0.8791736210994286,0.8791736210994285,0.8791736210994286,0.018191469124263705,0.9113648401008219,0.2072724966885804,0.9999993382361851,0.020606379381967747,0.9794863945995907,0.1760908783549971,1.0,0.2072724966885804,0.1760908783549971,0.13586104964880327,0.8410507381168428,0.3670719327227536,0.9999999999992459,0.1350545714738723,0.8652571107540352,0.3627179919583999,1.0,0.3670719327227536,0.3627179919583999,0.10467394632360827,0.7836743575053704,0.7788968766315769,0.9773139069839524,0.13404779948382384,0.8663753481783624,0.8103227152144246,1.0,0.7788968766315769,0.8103227152144246
gRNA_871,Arid2,0.2616810506238489,-3.7265398978467026,0.5536019298678921,-0.5710856477913212,-1.1982120471105475,-0.936110922451366,-0.5710856477913212,2999.728874830547,0.18910093028091404,-0.17261650438315365,-0.23007653529930983,-0.20201924542571598,1.157366061406187,0.1483509413157843,-0.17261650438315365,-0.1524479623779701,-0.1524479623779701,-0.1524479623779701,0.0,0.0,0.0,0.5850901648699693,0.5850901648699693,0.5850901648699693,0.2649078937403076,-0.20642019238796627,-0.3771141160214334,-0.03128608241800286,0.5985210282658826,0.049721706235757536,-0.03128608241800286,13669,0.0,0.0292632965103518,0.0804740654034677,9.20330675250567,Arid2,ARID2,N1540S,N1546S,targeting guide,Missense,0.814018598140186,0.186081391860814,0.9987424218303245,0.8791736210994285,0.814018598140186,0.18608139186081385,0.9987424218303245,0.8791736210994286,0.8791736210994285,0.8791736210994286,0.17954819685312615,0.8606814552957802,0.7338056740953851,0.9999993382361851,0.15654793705936682,0.8437803064168334,0.5714759644108924,1.0,0.7338056740953851,0.5714759644108924,0.21065162467719084,0.9255513610963033,0.4659118286977868,0.9999999999992459,0.1237797437091116,0.8763908055779962,0.3422145855487203,1.0,0.4659118286977868,0.3422145855487203,0.6609421349752221,0.37447592220223574,0.9999999998916369,0.9773139069839524,0.6504645158834177,0.34985825285123984,0.9591163057731963,1.0,0.9773139069839524,0.9591163057731963
gRNA_895,Arid5b,-2.409700176151651,-1.7283592971133561,-4.61494463721151,-3.8712570287863173,-1.0526056775883017,-2.7353733633702273,-2.409700176151651,777.5869859918662,-0.36368054400746974,0.18182575791135727,0.4007335219468811,-0.4082243620878522,-1.2269143545068744,-0.2832519961487916,-0.36368054400746974,0.11125694644935231,0.11125694644935231,0.11125694644935231,0.0,0.0,0.0,-0.7029577936091579,-0.7029577936091579,-0.7029577936091579,-1.2158374755985835,-0.6488660937161316,-0.4079086234521347,0.7462175429590979,2.081199688890383,0.11096100781652626,-0.4079086234521347,189,0.0,9.523809523809524,22.22222222222222,11.11111111111111,Arid5b,ARID5B,K1026E,K1026E,targeting guide,Missense,0.2751724827517248,0.7249275072492751,0.8877563856517573,0.990842851198751,0.2751724827517248,0.7249275072492751,0.8877563856517575,0.990842851198751,0.8877563856517573,0.8877563856517575,0.6675148972716958,0.42326180677592207,0.9999999930886931,0.9999993382361851,0.628971395695318,0.3713354940804746,0.9978617923267492,0.985000306407196,0.9999993382361851,0.985000306407196,0.003069233161402349,0.5447260819944538,0.038169780659446484,0.9999999999992459,0.06600568211075426,1.0,0.23358101905177825,1.0,0.038169780659446484,0.23358101905177825,0.9985813603531546,0.012460212842175987,0.9999999998916369,0.5205600031842412,0.996255465065935,0.0037628086379623772,1.0,0.20211657826769341,0.5205600031842412,0.20211657826769341
gRNA_896,Arid5b,-1.1741454409340273,0.6594613917403188,1.1512657754096591,1.3066378840777004,-0.74605668259958,0.23943258553881425,0.6594613917403188,1572.043982527489,0.29851520741902166,-0.9283057414521063,0.9754683039568022,-0.8984637360003037,-0.2594863828516483,-0.16245446978564693,-0.2594863828516483,-0.044093656480858646,-0.044093656480858646,-0.044093656480858646,0.0,0.0,0.0,0.00993069766244699,0.00993069766244699,0.00993069766244699,-0.3582650492142173,0.11496273029434109,0.5460385165904359,0.3934617924438781,-0.27370448571083245,0.08449870088072106,0.11496273029434109,4027,0.0,0.0248323814253786,0.0,4.271169605165135,Arid5b,ARID5B,K1026E,K1026E,targeting guide,Missense,0.5746425357464253,0.4254574542545746,0.9866008832906662,0.990842851198751,0.5746425357464253,0.42545745425457454,0.9866008832906662,0.990842851198751,0.9866008832906662,0.9866008832906662,0.33880856873690224,0.46399191391858985,0.9804725963952906,0.9999993382361851,0.44821761261170584,0.5522513333656675,0.8964352252234117,1.0,0.9804725963952906,0.8964352252234117,0.16938875422201183,0.9400859475355623,0.4118022510046806,0.9999999999992459,0.09586114339142965,0.9042846639408806,0.2978825612824591,1.0,0.4118022510046806,0.2978825612824591,0.10121848132514401,0.8623252003466189,0.7788968766315769,0.9773139069839524,0.0921279383083764,0.9080588673938568,0.8103227152144246,1.0,0.7788968766315769,0.8103227152144246
gRNA_1000,Atm,-1.0226592037616573,0.24443080101478645,0.8835986906370158,0.6023378898159298,0.9687368472109945,0.33528900498341385,0.6023378898159298,2349.2694682934175,-0.05184763980024117,-0.464925070520663,-0.5219065840690095,-0.9543481981837498,-0.47332242585492074,-0.4932699836857169,-0.47332242585492074,0.204427764617306,0.204427764617306,0.204427764617306,0.0,0.0,0.0,0.4212845888667368,0.4212845888667368,0.4212845888667368,-0.02418972045044507,1.1220777439933989,-0.37279322002176063,1.2567747373466476,1.0466640504647993,0.605706718266528,1.0466640504647993,14798,0.0,1.4934450601432625,2.0273009866198137,23.158534937153668,Atm,ATM,K2450E,K2440E,targeting guide,Missense,0.12178782121787818,0.8783121687831217,0.7385842060955193,0.990842851198751,0.12178782121787818,0.8783121687831217,0.7385842060955193,0.990842851198751,0.7385842060955193,0.7385842060955193,0.947425293918499,0.2587379682649319,0.9999999930886931,0.9537791771334745,0.8739501920055557,0.12619444994254558,1.0,0.5102055180472811,0.9537791771334745,0.5102055180472811,0.001095863088202616,0.9891755147238269,0.021651176913170263,0.9999999999992459,0.0010070477490586836,0.9990075623622756,0.015145998145842603,1.0,0.021651176913170263,0.015145998145842603,0.10931829142080261,0.9483040588666629,0.7788968766315769,0.9997489077454798,0.06145707360719042,0.9386552481540884,0.8053393290168859,1.0,0.7788968766315769,0.8053393290168859
gRNA_1036,Atm,-3.6810309920349154,-2.113099440173286,-3.3768856907661586,-3.2677812936935724,-3.1830889945940966,-3.124377282252406,-3.2677812936935724,790.1189938243712,0.42495559639810115,0.722326415291573,1.6034938373735843,0.4925976879840343,2.118526237621006,1.0723799549336597,0.722326415291573,0.11379307818325685,0.11379307818325685,0.11379307818325685,0.0,0.0,0.0,0.08991510528933061,0.08991510528933061,0.08991510528933061,-0.9663313521255614,-0.08327497881704451,-0.6043742593688444,-0.36497459436787205,0.3871915192469457,-0.3263527330864754,-0.36497459436787205,504,0.3968253968253968,0.5952380952380952,0.0,16.26984126984127,Atm,ATM,D2730G,D2720G,targeting guide,Missense,0.2751724827517248,0.7249275072492751,0.8877563856517573,0.990842851198751,0.2751724827517248,0.7249275072492751,0.8877563856517575,0.990842851198751,0.8877563856517573,0.8877563856517575,0.00013861419845466293,0.9998952131935628,0.013029734654738315,0.9999993382361851,4.81198740279861e-05,0.9999537213683216,0.003882288275025058,1.0,0.013029734654738315,0.003882288275025058,0.6159873172240181,0.5581952408368516,0.8610082947071777,0.9999999999992459,0.5361316552948968,0.46415880230660655,0.7903189061453497,1.0,0.8610082947071777,0.7903189061453497,0.9996725720312977,0.012448168751620598,0.9999999998916369,0.5205600031842412,0.9974140375663301,0.0025960532274341744,1.0,0.1952232027030499,0.5205600031842412,0.1952232027030499
gRNA_1149,Atrx,0.2965447169384207,0.7564182314204053,-5.742338113526424,-0.45988951421932134,-1.95152197010579,-1.4201573298985417,-0.45988951421932134,1051.6041572525983,-0.8366063244452369,-0.6458765739166945,-1.8686502347593867,-0.40657996325206663,-1.1078412745064827,-0.9731108741759735,-0.8366063244452369,-0.024904422076560916,-0.024904422076560916,-0.024904422076560916,0.0,0.0,0.0,0.18320852481889993,0.18320852481889993,0.18320852481889993,0.12536280855913493,-0.988154617221961,-1.5690440863093815,0.13538682329613622,-0.19747298207120065,-0.4987844107494544,-0.19747298207120065,1672,0.0,0.0,0.0,15.19138755980861,Atrx,ATRX,N246S,N247S,targeting guide,Missense,0.5412458754124587,0.4588541145885413,0.9866008832906662,0.990842851198751,0.5412458754124587,0.45885411458854114,0.9866008832906662,0.990842851198751,0.9866008832906662,0.9866008832906662,0.9955994350702382,0.037957369766350425,0.9999999930886931,0.47573236773825867,0.9871866611172948,0.012852190615823475,1.0,0.18586244890575487,0.47573236773825867,0.18586244890575487,0.6979265583390644,0.3079212631433091,0.907934526095041,0.9999999999992459,0.702547055522769,0.29777602644329226,0.9015951787601619,1.0,0.907934526095041,0.9015951787601619,0.6022905597231648,0.14193468254523395,0.9747221474624128,0.9773139069839524,0.7566728741904316,0.2439728213372377,0.9692074049684818,1.0,0.9747221474624128,0.9692074049684818
gRNA_1322,Bap1,0.26108000646431145,2.0567430155297557,1.468923804330815,0.38033603292309576,0.4358075122873971,0.9205780743070751,0.4358075122873971,1908.2391926494954,-0.4076366845153509,-1.2497075683332253,0.05464414532164459,-0.1755666188168326,-0.06264877775545698,-0.36818310081984423,-0.1755666188168326,-0.14508370995114317,-0.14508370995114317,-0.14508370995114317,0.0,0.0,0.0,0.28630042401796274,0.28630042401796274,0.28630042401796274,-1.07577347766772,0.17468536993186495,0.5451900314292206,1.1240662996579758,0.4671012861042088,0.24705390189111004,0.4671012861042088,8415,0.0,0.071301247771836,0.011883541295306,2.5906120023767083,Bap1,BAP1,H141R,H141R,targeting guide,Missense,0.7931206879312069,0.206979302069793,0.9987424218303245,0.8791736210994285,0.7931206879312068,0.20697930206979298,0.9987424218303245,0.8791736210994286,0.8791736210994285,0.8791736210994286,0.8302581088200425,0.3749514548730704,0.9999999930886931,0.9999993382361851,0.7393121932148292,0.2609337255303151,1.0,0.8312853728297293,0.9999993382361851,0.8312853728297293,0.02006104129810426,0.8975711461281095,0.12166050851753553,0.9999999999992459,0.02336968489016256,0.9767504421236396,0.1283678894889975,1.0,0.12166050851753553,0.1283678894889975,0.013027066696520824,0.9973602186860421,0.5442418975435367,0.9997489077454798,0.004787574843260265,0.9952385622176313,0.22501601763323245,1.0,0.5442418975435367,0.22501601763323245
gRNA_1337,Bap1,0.5418861591973979,-3.5852888969450247,-0.5681411723653021,0.048801156510760536,-0.09166391924202484,-0.7308813345688387,-0.09166391924202484,2560.747100466938,-0.37587074572872237,-0.329916525212654,-1.2829063887540806,0.02953565726175054,-0.1294195318410038,-0.417715506854942,-0.329916525212654,0.006357694921284573,0.006357694921284573,0.006357694921284573,0.0,0.0,0.0,-0.12251642317327982,-0.12251642317327982,-0.12251642317327982,-0.1380581966918814,-0.1947354093055876,0.13300940516828855,0.7362555501784767,0.41566803686351844,0.19042787724256294,0.13300940516828855,18558,0.9052699644358227,1.169307037396271,0.0,8.551568056902683,Bap1,BAP1,Y173C,Y173C,targeting guide,Missense,0.4776522347765224,0.5224477552244776,0.9848580359355373,0.990842851198751,0.47765223477652236,0.5224477552244775,0.9848580359355369,0.990842851198751,0.9848580359355373,0.9848580359355369,0.8743347626685433,0.3206237388442784,0.9999999930886931,0.9999993382361851,0.7931432527002638,0.20707706921638286,1.0,0.7212949085425694,0.9999993382361851,0.7212949085425694,0.09633863885172192,0.971756017047939,0.301861068402062,0.9999999999992459,0.048610567198681155,0.9514933875069154,0.1986692746380882,1.0,0.301861068402062,0.1986692746380882,0.5747761866225999,0.537004792647533,0.9747221474624128,0.9773139069839524,0.5068768042786788,0.493444365953623,0.9342435216116826,1.0,0.9747221474624128,0.9342435216116826
gRNA_1343,Bap1,0.41061584957527175,-2.7753789265547795,1.593099131846236,0.940050532496092,0.1904152269062359,0.07176036285381127,0.41061584957527175,1047.145654466034,-0.14093878055837464,-0.6417111406775089,0.9046532953959948,-0.5848490322309493,0.9249000758605369,0.09241088355793978,-0.14093878055837464,0.4288907760516439,0.4288907760516439,0.4288907760516439,0.0,0.0,0.0,0.7905287405228001,0.7905287405228001,0.7905287405228001,-1.2193909248777908,0.3780821596907122,0.3400860313516792,1.3889883671034937,-1.4802523424184328,-0.1184973418300677,0.3400860313516792,7494,0.0,0.0400320256204963,0.0,6.27168401387777,Bap1,BAP1,N489S,N490S,targeting guide,Missense,0.0244975502449755,0.9756024397560243,0.6886947668869478,0.990842851198751,0.02449755024497549,0.9756024397560243,0.6886947668869482,0.990842851198751,0.6886947668869478,0.6886947668869482,0.12733589683691798,0.7092099254953047,0.6362594480676391,0.9999993382361851,0.17806538702007407,0.8222952125330557,0.6031764461220527,1.0,0.6362594480676391,0.6031764461220527,0.0548638855197669,0.3972716221682995,0.22001597105827697,0.9999999999992459,0.20923209214911015,0.7917715287273873,0.46277215675332595,1.0,0.22001597105827697,0.46277215675332595,0.08251768785418963,0.8440202929211293,0.7788968766315769,0.9773139069839524,0.07956301373308283,0.9206252545904186,0.8103227152144246,1.0,0.7788968766315769,0.8103227152144246
gRNA_1376,Bcl2,0.1537599229871329,0.010431730265795452,0.339365809922584,-0.8076873480095388,-0.07966391680260448,-0.07675876032732618,0.010431730265795452,1649.4050308781443,-0.28260880656443865,-0.8179585223140976,-1.5023612196748373,-1.4795379578360472,-1.9719340859674461,-1.2108801184713733,-1.4795379578360472,-0.32866138396351724,-0.32866138396351724,-0.32866138396351724,0.0,0.0,0.0,-0.1465811256437756,-0.1465811256437756,-0.1465811256437756,0.15272481520347383,-0.7755832041451165,-0.9078158570761748,-0.1426945484329942,-0.5713679425135664,-0.4489473473928756,-0.5713679425135664,2619,0.0,0.0381825124093165,0.4963726613211149,4.352806414662084,Bcl2,BCL2,N140S,N143S,targeting guide,Missense,0.9777022297770223,0.022397760223977603,0.9988569143085692,0.5536900855369009,0.9777022297770223,0.022397760223977606,0.9988569143085692,0.553690085536901,0.5536900855369009,0.553690085536901,0.9977974041687976,0.011005269836875808,0.9999999930886931,0.2586238411665815,0.9964208887975288,0.00359595305940788,1.0,0.09013855668915752,0.2586238411665815,0.09013855668915752,0.8000866102452608,0.423448727110363,0.9767291086110976,0.9999999999992459,0.7073685578038504,0.2928685565602196,0.9015951787601619,1.0,0.9767291086110976,0.9015951787601619,0.455206211859569,0.8703944073303167,0.9365416007472723,0.9798452010664642,0.2653583712052109,0.7348450758998144,0.8522797182251488,1.0,0.9365416007472723,0.8522797182251488
gRNA_1381,Bcl2,0.07552037253681022,-1.0402581364184469,-0.5452009172213153,0.6742531900422978,-0.9260665715331776,-0.3523504125187663,-0.5452009172213153,1327.4288296430184,0.7995539948907292,0.27734802586253665,-0.5691537284898442,0.45840859055903727,1.2753227107166434,0.4482959187078205,0.45840859055903727,0.013842724882926228,0.013842724882926228,0.013842724882926228,0.0,0.0,0.0,0.595038170872992,0.595038170872992,0.595038170872992,-1.2365377721464073,-0.20009467282732324,-1.395023621363218,0.15872979049983132,-0.7193878937118957,-0.6784628339098024,-0.7193878937118957,1531,0.1306335728282168,0.1306335728282168,0.6531678641410843,29.457870672762898,Bcl2,BCL2,Y28C,Y28C,targeting guide,Missense,0.46455354464553544,0.5355464453554645,0.9848580359355373,0.990842851198751,0.46455354464553544,0.5355464453554645,0.9848580359355369,0.990842851198751,0.9848580359355373,0.9848580359355369,0.019197371300647668,0.9566746918983817,0.2085334999636035,0.9999993382361851,0.016358168474678105,0.9837342122129469,0.1537667836619742,1.0,0.2085334999636035,0.1537667836619742,0.8738708525890125,0.1693746096016854,0.9999999999053213,0.9999999999992459,0.8737074926809405,0.12648587435978037,0.9865285803244254,1.0,0.9999999999053213,0.9865285803244254,0.5847745850816972,0.6617338894562668,0.9747221474624128,0.9773139069839524,0.46276711857142444,0.5375036099957297,0.9214328621195517,1.0,0.9747221474624128,0.9214328621195517
gRNA_1382,Bcl2,-0.29186350352723517,-3.529407033236187,-1.2564116179784894,2.0171743368542168,1.5393741024467207,-0.3042267430881949,-0.29186350352723517,786.9859918662448,1.7826310963180863,2.2097649821358707,0.7789031050274786,0.47800488696271654,-0.23302098184876618,1.0032566177190771,0.7789031050274786,0.2926445680847262,0.2926445680847262,0.2926445680847262,0.0,0.0,0.0,0.990987274128253,0.990987274128253,0.990987274128253,0.17240673747678764,0.4971336026858715,0.117826531616076,1.2017060176676013,1.2283102929973226,0.6434766364887319,0.4971336026858715,2074,0.0482160077145612,0.0964320154291224,12.198649951783992,25.07232401157184,Bcl2,BCL2,Y28C,Y28C,targeting guide,Missense,0.06609339066093392,0.934006599340066,0.6886947668869478,0.990842851198751,0.06609339066093393,0.934006599340066,0.6886947668869482,0.990842851198751,0.6886947668869478,0.6886947668869482,0.00024220242739798054,0.995109320356569,0.015178018783606782,0.9999993382361851,0.000241138106638801,0.9997681545837008,0.011333491012023647,1.0,0.015178018783606782,0.011333491012023647,0.0014530824622808953,0.9991318321268413,0.02483450026443712,0.9999999999992459,0.0005731164629118584,0.9994347307453512,0.010261513812136133,1.0,0.02483450026443712,0.010261513812136133,0.08685656193358787,0.5183880479601981,0.7788968766315769,0.9773139069839524,0.2099170825764769,0.7906598949373597,0.8202926364723093,1.0,0.7788968766315769,0.8202926364723093
gRNA_1383,Bcl2,-0.35280650683248693,-2.9627845191403126,-0.7310534043001665,-0.4247402147233826,0.5943295548118841,-0.775411018036893,-0.4247402147233826,1883.6571772857358,0.15822259202963204,0.9302022736339387,-0.6937751371234563,-0.19890925806547308,-0.8595186065563183,-0.1327556272163354,-0.19890925806547308,-0.30164991554661463,-0.30164991554661463,-0.30164991554661463,0.0,0.0,0.0,0.10637963732190328,0.10637963732190328,0.10637963732190328,0.38344993614365264,-0.41709293405192077,-1.307336792199821,0.8450451278907221,-1.0420086809319045,-0.3075886686298543,-0.41709293405192077,650,0.0,0.0,2.307692307692308,70.61538461538461,Bcl2,BCL2,Y28C,Y28C,targeting guide,Missense,0.9677032296770323,0.032396760323967606,0.9988569143085692,0.5536900855369009,0.9677032296770323,0.03239676032396761,0.9988569143085692,0.553690085536901,0.5536900855369009,0.553690085536901,0.375930223364983,0.5353723100425454,0.9937087802804399,0.9999993382361851,0.4325238870388321,0.5678997018054668,0.893565832563741,1.0,0.9937087802804399,0.893565832563741,0.2554092616234173,0.3753096833427928,0.5247753134994804,0.9999999999992459,0.4409906984257551,0.5595795751090893,0.714709062965879,1.0,0.5247753134994804,0.714709062965879,0.6842935024413512,0.49158270373387836,0.9999999998916369,0.9773139069839524,0.6040575370023573,0.3962284547296663,0.9415240594453308,1.0,0.9773139069839524,0.9415240594453308
gRNA_1551,Braf,-1.2824256637464009,-3.5575951450403602,0.370768383780541,0.22137665408474685,-0.16988229540230823,-0.8835516132647564,-0.16988229540230823,5419.370387106492,-0.06439022372136152,-1.1479030848324572,-0.08719821902099949,-0.7230852417098851,-0.648585260250232,-0.5342324059069871,-0.648585260250232,-0.19449926551455887,-0.19449926551455887,-0.19449926551455887,0.0,0.0,0.0,-0.6228031144789085,-0.6228031144789085,-0.6228031144789085,-1.1931405682954972,-0.26092210431240714,0.2865924147484528,0.5130303519539309,-0.09666286090503115,-0.15022055336211038,-0.09666286090503115,32537,0.0092202723053754,0.0215139687125426,0.0583950579340443,19.62073946583889,Braf,BRAF,K638E,K601E,targeting guide,Missense,0.8741125887411259,0.12598740125987398,0.9987424218303245,0.8791736210994285,0.8741125887411259,0.125987401259874,0.9987424218303245,0.8791736210994286,0.8791736210994285,0.8791736210994286,0.930634490804769,0.22391591909170397,0.9999999930886931,0.9127843457545856,0.875784852886111,0.12437400772090063,1.0,0.5102055180472811,0.9127843457545856,0.5102055180472811,0.30876357695331885,0.6818486089447071,0.5775875867385467,0.9999999999992459,0.28689104388920583,0.7134198963908182,0.5531847820632892,1.0,0.5775875867385467,0.5531847820632892,0.658145242707424,0.42501299467161385,0.9999999998916369,0.9773139069839524,0.6170511359463543,0.38326177263881334,0.9415240594453308,1.0,0.9773139069839524,0.9415240594453308
gRNA_1726,Card11,-1.5962648243113067,-0.8808535837022927,-0.18334191379275164,-0.4157637984553712,-0.9449233937773089,-0.8042295028078061,-0.8808535837022927,1399.0058743786715,-0.9816286883615101,-1.0514193562136411,-0.1129205179112253,-0.10998619910124494,0.38519122252171095,-0.3741527078131821,-0.1129205179112253,0.2356581663779306,0.2356581663779306,0.2356581663779306,0.0,0.0,0.0,-0.2045694874661421,-0.2045694874661421,-0.2045694874661421,-0.9915149306597771,1.0610074174324569,-0.16482248862697868,0.6540191815778043,0.27258452670725264,0.16625474128615159,0.27258452670725264,4083,2.8900318393338233,5.290227773695812,3.8207200587803087,20.009796718099437,Card11,CARD11,S116P,S116P,targeting guide,Missense,0.112988701129887,0.8871112888711129,0.7385842060955193,0.990842851198751,0.11298870112988696,0.8871112888711128,0.7385842060955193,0.990842851198751,0.7385842060955193,0.7385842060955193,0.7428808921291166,0.361601756638098,0.9999999930886931,0.9999993382361851,0.705703060154576,0.2945699275763353,1.0,0.858591416811644,0.9999993382361851,0.858591416811644,0.03994111572365987,0.8648391629010315,0.19009948749488745,0.9999999999992459,0.049354870756210645,0.9508415933491839,0.19954227316489465,1.0,0.19009948749488745,0.19954227316489465,0.8895366275358678,0.4129135248929204,0.9999999998916369,0.9773139069839524,0.7662759583883676,0.2339186458074448,0.9725588953587437,1.0,0.9773139069839524,0.9725588953587437
gRNA_1977,Cd79a,0.8318436303744795,-3.1964119015802614,-0.9993153361951168,-1.7129985703190382,0.5757386525079725,-0.9002287050423929,-0.9993153361951168,1130.7727067329417,-0.23754779244839458,0.39296400459336356,0.3690046079372513,-0.7231309807214972,0.18121988919351184,-0.003498054289153019,0.18121988919351184,-0.1635454913262774,-0.1635454913262774,-0.1635454913262774,0.0,0.0,0.0,0.4910972555900949,0.4910972555900949,0.4910972555900949,-1.5103072672521582,-0.10172328340063298,-1.4725881700203398,0.7625665559201442,-0.5210750438796237,-0.5686254417265221,-0.5210750438796237,4874,0.0410340582683627,0.0410340582683627,0.0,6.155108740254411,Cd79a,CD79A,Non-coding,,targeting guide,Intron,0.832116788321168,0.16798320167983202,0.9987424218303245,0.8791736210994285,0.832116788321168,0.1679832016798321,0.9987424218303245,0.8791736210994286,0.8791736210994285,0.8791736210994286,0.40173050791374765,0.7821134271818331,0.9937087802804399,0.9999993382361851,0.2901792355769197,0.7100660855454566,0.7643106638538364,1.0,0.9937087802804399,0.7643106638538364,0.5000434484400448,0.1775964394682511,0.770558756612528,0.9999999999992459,0.7294190529968402,0.2710489406448191,0.9142052130893731,1.0,0.770558756612528,0.9142052130893731,0.5357392773575615,0.3701667030235191,0.9747221474624128,0.9773139069839524,0.6006209637331416,0.39973601835530725,0.9415240594453308,1.0,0.9747221474624128,0.9415240594453308
gRNA_2134,Chek2,-0.46615008277670694,-3.2327694718095246,-0.2485824954639527,0.5754685737965816,0.42642230564602895,-0.5891222341215148,-0.2485824954639527,1888.5976803735502,-0.49409277619078523,-1.5960365019960323,-1.461463413824617,-0.9301729157244546,-1.7127379129227533,-1.2389007041317286,-1.461463413824617,0.060894470638220836,0.060894470638220836,0.060894470638220836,0.0,0.0,0.0,-0.418152780936766,-0.418152780936766,-0.418152780936766,-0.7030258076890326,0.0025290552197333024,0.0915603730410842,0.864486833624202,0.7803212182492455,0.2071743344890465,0.0915603730410842,13763,1.598488701591223,1.678413136670784,0.0508610041415389,0.5522051878224224,Chek2,CHEK2,K201E,K197E,targeting guide,Missense,0.31756824317568244,0.6825317468253175,0.8977869130380195,0.990842851198751,0.31756824317568244,0.6825317468253175,0.8977869130380195,0.990842851198751,0.8977869130380195,0.8977869130380195,0.9993279869388567,0.008925129853194335,0.9999999930886931,0.22372325498673798,0.997762560550583,0.00224805525134021,1.0,0.06502067496183991,0.22372325498673798,0.06502067496183991,0.0421583675926062,0.9335717670364846,0.19814432768524914,0.9999999999992459,0.036273299951164795,0.9638532411847237,0.16432241905587908,1.0,0.19814432768524914,0.16432241905587908,0.4828838528186987,0.6183193242145744,0.960657823596988,0.9773139069839524,0.4150434282259263,0.5852653858774864,0.9050819794609262,1.0,0.960657823596988,0.9050819794609262
gRNA_2265,Crebbp,-0.07783404479684351,-3.1674370017081053,-0.23180564845435214,1.196450518565404,1.3067057042429837,-0.19478409443018257,-0.07783404479684351,1573.9719837324897,0.6930847485241887,0.7050041688915779,-0.467005773843936,0.3977874380717158,0.0365225328585822,0.2730786229004257,0.3977874380717158,0.26688827613542887,0.26688827613542887,0.26688827613542887,0.0,0.0,0.0,0.38721640238756483,0.38721640238756483,0.38721640238756483,-1.0947981710697352,0.6739605446228465,0.17071268533483638,1.6245285759787633,0.0770502822578011,0.29029078342490244,0.17071268533483638,10887,0.0826674014880132,0.1653348029760264,0.0,3.692477266464591,Crebbp,CREBBP,C1475R,C1474R,targeting guide,Missense,0.08059194080591942,0.9195080491950804,0.6886947668869478,0.990842851198751,0.08059194080591947,0.9195080491950804,0.6886947668869482,0.990842851198751,0.6886947668869478,0.6886947668869482,0.11826176092563101,0.9368425906602298,0.6157739057502718,0.9999993382361851,0.07196429846037988,0.9281653957713029,0.38110670733947655,1.0,0.6157739057502718,0.38110670733947655,0.004903975588102949,0.8651722902231345,0.048523547924387074,0.9999999999992459,0.015622931954303918,0.9850050929277595,0.09956309177658092,1.0,0.048523547924387074,0.09956309177658092,0.14250454502529747,0.7367887156104661,0.7788968766315769,0.9773139069839524,0.1595454296651979,0.8407416857562571,0.8202926364723093,1.0,0.7788968766315769,0.8202926364723093
gRNA_2385,Csf3r,1.3583236039092903,-3.573078987282947,0.4727536385372977,-0.6880098547690517,0.5310613377280589,-0.37979005237547037,0.4727536385372977,3685.494803434252,-0.027792117080605826,-0.9164529641004944,0.5924491391948071,-0.6515940003343316,-0.284344626787276,-0.2575469138215801,-0.284344626787276,0.03443352605573621,0.03443352605573621,0.03443352605573621,0.0,0.0,0.0,0.07872787935920378,0.07872787935920378,0.07872787935920378,0.7353065315654462,0.235380894778954,0.3817669265324954,0.3335906392167186,-0.34906971031522804,0.26739505635567723,0.3335906392167186,14649,0.0409584271963956,0.0477848317291282,0.9761758481807632,5.72735340296266,Csf3r,CSF3R,T774A,T773A,targeting guide,Missense,0.41775822417758235,0.5823417658234178,0.9803942682654807,0.990842851198751,0.41775822417758224,0.5823417658234177,0.9803942682654813,0.990842851198751,0.9803942682654807,0.9803942682654813,0.6425365170138448,0.4574181177057275,0.9999999930886931,0.9999993382361851,0.6091792570747158,0.39112316336057484,0.994516909040091,0.985000306407196,0.9999993382361851,0.985000306407196,0.05795670149944479,0.984676718342167,0.22001597105827697,0.9999999999992459,0.025456579545757366,0.9746080929194937,0.1329399154056218,1.0,0.22001597105827697,0.1329399154056218,0.20434589100193004,0.6410166950800282,0.7936482458379993,0.9773139069839524,0.2370906984159329,0.7632568555756823,0.8202926364723093,1.0,0.7936482458379993,0.8202926364723093
gRNA_2401,Ctcf,-0.18861405984438123,-3.446492577652566,-1.708536871273124,0.08397427957267893,-0.5018282250265714,-1.1522994908447928,-0.5018282250265714,1440.4579002861876,0.3518373429917299,0.09077029196466593,0.6479831396067081,0.667865794207303,-0.3219500054381571,0.28730131266645,0.3518373429917299,0.14013846246378578,0.14013846246378578,0.14013846246378578,0.0,0.0,0.0,0.31333290334209624,0.31333290334209624,0.31333290334209624,0.381564464785608,-0.8678955890533273,-1.0165928042789585,-0.5327536206920181,-1.8065035610107487,-0.7684362220498889,-0.8678955890533273,7766,0.0,0.0,1.8027298480556273,13.172804532577905,Ctcf,CTCF,T374A,T374A,targeting guide,Missense,0.2218778122187781,0.7782221777822218,0.8877563856517573,0.990842851198751,0.22187781221877806,0.7782221777822218,0.8877563856517575,0.990842851198751,0.8877563856517573,0.8877563856517575,0.1195132573163937,0.9596466769470738,0.6157739057502718,0.9999993382361851,0.062286068829258495,0.9378247005710979,0.3618886233932638,1.0,0.6157739057502718,0.3618886233932638,0.8476483342594575,0.11078752426198002,0.9959867927548626,0.9999999999992459,0.9020227270530179,0.09817802055850694,0.99537829772684,0.949631688710001,0.9959867927548626,0.949631688710001,0.8400838617849391,0.31292329763149335,0.9999999998916369,0.9773139069839524,0.7784312074011076,0.2218027674570267,0.9725588953587437,1.0,0.9773139069839524,0.9725588953587437
gRNA_2474,Ctnnb1,-0.4955031573796009,-3.4046579945879807,2.16192929347948,0.6321377211778414,-1.5763144267003297,-0.536481712802118,-0.4955031573796009,918.4515740322338,0.17003921761363555,-0.5845742588117738,-1.054457465270234,0.4841886463453632,-0.10956193255674194,-0.21887315853595024,-0.10956193255674194,0.2928400778404512,0.2928400778404512,0.2928400778404512,0.0,0.0,0.0,0.3852746072391845,0.3852746072391845,0.3852746072391845,-0.16402518459001467,-0.8008196839116414,-1.3187243063136764,0.4870270479348928,-0.7814305235147472,-0.5155945300790373,-0.7814305235147472,1666,0.0600240096038415,0.4801920768307323,2.2809123649459786,21.84873949579832,Ctnnb1,CTNNB1,S45P,S45P,targeting guide,Missense,0.06609339066093392,0.934006599340066,0.6886947668869478,0.990842851198751,0.06609339066093393,0.934006599340066,0.6886947668869482,0.990842851198751,0.6886947668869478,0.6886947668869482,0.585174884583579,0.5166362293416694,0.9999999930886931,0.9999993382361851,0.5364364530226589,0.46387266248198705,0.9672809936819576,1.0,0.9999993382361851,0.9672809936819576,0.6779901533871767,0.27525402574265534,0.9005458126857281,0.9999999999992459,0.7361101570936383,0.264199789365594,0.9164510948439379,1.0,0.9005458126857281,0.9164510948439379,0.1676621317537864,0.456961669102949,0.7788968766315769,0.9773139069839524,0.33445059832873586,0.6662824182792827,0.889213877247704,1.0,0.7788968766315769,0.889213877247704
gRNA_2569,Daxx,-0.778761817016682,0.8433401041869404,-1.6796638964664357,-0.6036340307282148,-2.733397946606986,-0.9904235173262755,-0.778761817016682,1221.5092634432897,0.45654593354745476,0.7043105206539062,-0.046625460242685685,0.8741980016824824,-0.12361567808414686,0.37296266351140217,0.45654593354745476,0.34309254385923293,0.34309254385923293,0.34309254385923293,0.0,0.0,0.0,0.4815118095524014,0.4815118095524014,0.4815118095524014,0.16058536861085917,0.6419031876990187,-0.40301039396822286,0.7894793170435872,0.07405670554065126,0.2526028369851787,0.16058536861085917,1615,0.1238390092879257,0.3095975232198142,0.0,51.26934984520124,Daxx,DAXX,N274S,N268S,targeting guide,Missense,0.043995600439956,0.9561043895610439,0.6886947668869478,0.990842851198751,0.043995600439956005,0.9561043895610439,0.6886947668869482,0.990842851198751,0.6886947668869478,0.6886947668869482,0.06162558129220557,0.9773379828958997,0.44560035703594797,0.9999993382361851,0.031236846942935395,0.9688435402583088,0.22630086644904426,1.0,0.44560035703594797,0.22630086644904426,0.050078840091813265,0.9746440578439098,0.2142024227555116,0.9999999999992459,0.02771225426773569,0.9723693356331242,0.1398878769156055,1.0,0.2142024227555116,0.1398878769156055,0.7330296880889872,0.3289068537724718,0.9999999998916369,0.9773139069839524,0.7312981505323499,0.2689753424958688,0.966809041906353,1.0,0.9773139069839524,0.966809041906353
gRNA_2658,Dis3,1.2181938326151833,-3.541068501704659,-0.06835233665296817,0.24453919657869722,-0.5993196528512272,-0.5492014924029947,-0.06835233665296817,2000.060250037656,0.5580382580278589,-0.37382953508195177,-0.06357563622067539,0.06566915327553347,0.08254350563865981,0.053769149127884996,0.06566915327553347,-0.03871001365947234,-0.03871001365947234,-0.03871001365947234,0.0,0.0,0.0,0.11949518631937878,0.11949518631937878,0.11949518631937878,-0.004104761172214317,-0.5483720798686426,0.1540550458906358,0.6233054524417884,-0.23529264295219404,-0.0020817971321253625,-0.004104761172214317,6567,0.0152276534186081,0.0304553068372163,2.208009745698188,12.989188366072788,Dis3,DIS3,M749T,M749T,targeting guide,Missense,0.5694430556944304,0.43065693430656937,0.9866008832906662,0.990842851198751,0.5694430556944305,0.4306569343065693,0.9866008832906662,0.990842851198751,0.9866008832906662,0.9866008832906662,0.3891380363172155,0.8646488822112677,0.9937087802804399,0.9999993382361851,0.2415154571211785,0.7586984797030937,0.6985370144427931,1.0,0.9937087802804399,0.6985370144427931,0.2523492739749972,0.8866243686939533,0.524217276323751,0.9999999999992459,0.16584273489356943,0.8343647786849739,0.4008889016825419,1.0,0.524217276323751,0.4008889016825419,0.35521325701683276,0.5825145307745907,0.9202736770867305,0.9773139069839524,0.36732796086324687,0.6330448258180452,0.889213877247704,1.0,0.9202736770867305,0.889213877247704
gRNA_2703,Dnmt3a,-1.3897789609687223,-2.0923929501275538,-2.861055361148501,-1.1832707871499533,0.8386482212433686,-1.3375699676302724,-1.3897789609687223,1720.0180750112968,-0.12613422760565401,-0.19133381047056583,-0.43177919870725734,0.48252807826360977,0.8661426378161307,0.11988469585925265,-0.12613422760565401,-0.12625281926134546,-0.12625281926134546,-0.12625281926134546,0.0,0.0,0.0,-0.19488773769198173,-0.19488773769198173,-0.19488773769198173,-0.7002065154873307,-1.4323015500333176,-0.6943550896206737,0.13523429843265306,0.542722102829756,-0.42978135077578267,-0.6943550896206737,1486,0.0672947510094212,0.4037685060565276,2.6917900403768504,14.80484522207268,Dnmt3a,DNMT3A,Non-coding,,targeting guide,Intron,0.774022597740226,0.2260773922607739,0.9987424218303245,0.894790520947905,0.774022597740226,0.2260773922607739,0.9987424218303245,0.894790520947905,0.894790520947905,0.894790520947905,0.20305607871022782,0.8483400600678541,0.7822953683219466,0.9999993382361851,0.16490076381680718,0.8353488359167327,0.5849310112747123,1.0,0.7822953683219466,0.5849310112747123,0.5262759041263386,0.3508677053498764,0.7946977508092503,0.9999999999992459,0.6096868673089167,0.3906972362079572,0.8459124063031466,1.0,0.7946977508092503,0.8459124063031466,0.8199446898801059,0.18500001234922242,0.9999999998916369,0.9773139069839524,0.8557470206863445,0.14445943367993785,0.9865351556627076,1.0,0.9773139069839524,0.9865351556627076
gRNA_2747,Dnmt3a,1.1075662354778306,-0.9354193478972891,0.1129658809564019,0.6479293722122718,0.5843146258339457,0.30347135331663216,0.5843146258339457,1320.4398252748908,-0.4515116880976854,-0.09438427658938293,0.42133392843930717,-0.3447605930895521,-1.222672607891711,-0.33839904744580485,-0.3447605930895521,0.04484405353039632,0.04484405353039632,0.04484405353039632,0.0,0.0,0.0,0.21736546575197438,0.21736546575197438,0.21736546575197438,-0.3289832272463962,0.05894573486794267,-0.35871087590272216,1.1598441803868602,-1.1083986318513805,-0.1154605639491392,-0.3289832272463962,3948,0.0,0.1013171225937183,0.0506585612968591,8.941236068895643,Dnmt3a,DNMT3A,Non-coding,,targeting guide,Intron,0.3814618538146186,0.6186381361863813,0.9626151478811853,0.990842851198751,0.38146185381461856,0.6186381361863814,0.9626151478811852,0.990842851198751,0.9626151478811853,0.9626151478811852,0.7408618552340419,0.3709501495102405,0.9999999930886931,0.9999993382361851,0.6999570493377689,0.3003239878704589,1.0,0.8619986216739889,0.9999993382361851,0.8619986216739889,0.17918570382101034,0.6355491097818259,0.42913264099808845,0.9999999999992459,0.26309070047285454,0.737544706241481,0.5206426493568068,1.0,0.42913264099808845,0.5206426493568068,0.13053174102001497,0.9437249787607684,0.7788968766315769,0.9997489077454798,0.07392376238334253,0.9262019676104556,0.8103227152144246,1.0,0.7788968766315769,0.8103227152144246
gRNA_2775,Dnmt3a,0.6852193905372446,-1.9544174509457957,0.8705672119136073,0.5240656359800091,-0.3635486821711691,-0.04762277893722076,0.5240656359800091,1643.0185268865794,-0.4987994720611003,0.5803318117440374,0.5576245942096332,-0.16927432686539187,0.16548809022676136,0.12707413945078794,0.16548809022676136,0.23605807650916705,0.23605807650916705,0.23605807650916705,0.0,0.0,0.0,0.44016185806888125,0.44016185806888125,0.44016185806888125,0.18378835657265322,-0.32368284591754326,-0.6500822409916254,1.0102916035799678,-1.4170310627533051,-0.2393432379019705,-0.32368284591754326,5338,0.056200824278756,0.2997377294866991,0.0,3.353315848632447,Dnmt3a,DNMT3A,M797V,M801V,targeting guide,Missense,0.112988701129887,0.8871112888711129,0.7385842060955193,0.990842851198751,0.11298870112988696,0.8871112888711128,0.7385842060955193,0.990842851198751,0.7385842060955193,0.7385842060955193,0.24664840641877606,0.8713978705637494,0.8508238606739431,0.9999993382361851,0.1673334941001402,0.8328683113368854,0.5880130259967543,1.0,0.8508238606739431,0.5880130259967543,0.2204658456958666,0.47639524528538635,0.47916276289968696,0.9999999999992459,0.36320743062409294,0.6374346612434774,0.6472321986476727,1.0,0.47916276289968696,0.6472321986476727,0.21285982933943706,0.8307204101723178,0.7936879821386053,0.9773139069839524,0.1634556475921543,0.8367584486741504,0.8202926364723093,1.0,0.7936879821386053,0.8202926364723093
gRNA_2810,Dnmt3a,-0.641475606215309,0.6068810298723372,0.5130517546305845,0.18679327865468182,0.5603427989007835,0.24511865116861564,0.5130517546305845,1768.3386052116282,0.12060640779565818,1.1741555716198715,0.01662596954352174,0.63365071670317,-0.5667428763030591,0.2756591578718325,0.12060640779565818,-0.08057728654374753,-0.08057728654374753,-0.08057728654374753,0.0,0.0,0.0,0.47797875984284643,0.47797875984284643,0.47797875984284643,0.11167109971064759,0.6568461471257934,0.046479689164717154,0.9058713725468587,0.12315624130584003,0.36880490997077137,0.12315624130584003,4846,0.0,0.2269913330581923,0.0206355757325629,11.555922410235246,Dnmt3a,DNMT3A,K822R,K826R,targeting guide,Missense,0.6672332766723329,0.332866713328667,0.9987424218303245,0.9808943917638312,0.6672332766723328,0.33286671332866713,0.9987424218303245,0.9808943917638311,0.9808943917638312,0.9808943917638311,0.06900154771696894,0.9047158582378432,0.4551681042382512,0.9999993382361851,0.06416140590012354,0.9360487547432705,0.3618886233932638,1.0,0.4551681042382512,0.3618886233932638,0.024765671787345782,0.9947019542702822,0.14076523728909934,0.9999999999992459,0.009866240724956121,0.9901742428549543,0.06744920931970003,1.0,0.14076523728909934,0.06744920931970003,0.19898710655076338,0.9558331585216283,0.7936482458379993,0.9997489077454798,0.09549580651796341,0.9046303320899225,0.8103227152144246,1.0,0.7936482458379993,0.8103227152144246
gRNA_3011,Egfr,-0.6469172689607551,-0.9929688054170052,0.37926324667969796,-0.12693255507034049,0.5997122537601474,-0.15756862580165104,-0.12693255507034049,2840.5482753426722,-0.20528938514989511,-0.35895240781849985,-0.019724913992078166,0.11678514654936459,0.004654541328696348,-0.09250540381648245,-0.019724913992078166,-0.08238903475378158,-0.08238903475378158,-0.08238903475378158,0.0,0.0,0.0,-0.09042899314274915,-0.09042899314274915,-0.09042899314274915,-0.07357712703232663,0.10100191183147159,0.10572354419768284,1.179941799522805,1.0098974911221434,0.4645975239283553,0.10572354419768284,14511,0.0068913238233064,0.1102611811729033,0.0482392667631452,45.08304045207085,Egfr,EGFR,E245G,E245G,targeting guide,Missense,0.682031796820318,0.31806819318068186,0.9987424218303245,0.9802757429175113,0.682031796820318,0.3180681931806819,0.9987424218303245,0.9802757429175115,0.9802757429175113,0.9802757429175115,0.6520726238122803,0.7630442111768652,0.9999999930886931,0.9999993382361851,0.43547019385123104,0.5647593218599865,0.8947365731588135,1.0,0.9999993382361851,0.8947365731588135,0.007229902249121931,0.9932562703095117,0.06472483918261539,0.9999999999992459,0.004308018631513776,0.995729476538277,0.044023063306067305,1.0,0.06472483918261539,0.044023063306067305,0.4482439367063674,0.7977859081923663,0.9365416007472723,0.9773139069839524,0.3092754159507012,0.690963762961746,0.889213877247704,1.0,0.9365416007472723,0.889213877247704
gRNA_3012,Egfr,-0.08381075083204916,-2.093566990822221,0.06533786477272027,-0.0737016865306945,-0.7813944502074686,-0.5934272027239427,-0.08381075083204916,1921.7352010845007,-1.1400486386125013,-2.5302930890521655,-0.06053019029426294,-1.0647556340589441,-0.770696701915509,-1.1132648507866765,-1.0647556340589441,-0.06958628150629144,-0.06958628150629144,-0.06958628150629144,0.0,0.0,0.0,-0.22235468417344018,-0.22235468417344018,-0.22235468417344018,-1.4760095587019368,-0.43521269389586026,-0.5160491600239632,0.6539817256975122,0.4484923401327298,-0.2649594693583036,-0.43521269389586026,8787,0.0,0.1365653806759986,0.9559576647319904,46.15909866848754,Egfr,EGFR,E245G,E245G,targeting guide,Missense,0.6531346865313469,0.3469653034696531,0.9982871631536033,0.9808943917638312,0.653134686531347,0.34696530346965304,0.9982871631536034,0.9808943917638311,0.9808943917638312,0.9808943917638311,0.9896650695250134,0.02758073401956836,0.9999999930886931,0.3988598458214501,0.9877169865531797,0.012328286143330565,1.0,0.18541742359569172,0.3988598458214501,0.18541742359569172,0.296045326695005,0.4752109212108192,0.5650408265853902,0.9999999999992459,0.39323246973232284,0.6072109446289954,0.6673305572440552,1.0,0.5650408265853902,0.6673305572440552,0.7080645124685774,0.5838948196928688,0.9999999998916369,0.9773139069839524,0.5642950915886897,0.4359630584439248,0.9394385359508244,1.0,0.9773139069839524,0.9394385359508244
gRNA_3031,Eif1ad19,-0.8158318199670439,1.7393454108215445,0.20965784577447805,-1.406438749345266,0.5493803463077946,0.05522260671830148,0.20965784577447805,2170.447356529598,-0.5744266337359035,-1.5600327211588243,-0.050116392956204,-1.4634140284642705,0.04705669545896621,-0.7201866161712471,-0.5744266337359035,-0.35662990367117325,-0.35662990367117325,-0.35662990367117325,0.0,0.0,0.0,0.2770101817786868,0.2770101817786868,0.2770101817786868,-0.6381529728568468,0.32081119288584997,0.8140358575897053,0.10785051508527357,-0.25797111668849537,0.06931469520309734,0.10785051508527357,11819,0.0,0.0761485743294695,0.1269142905491158,3.39284203401303,Eif1ad19,EIF1AX,K7R,K7R,targeting guide,Missense,0.9827017298270173,0.01739826017398261,0.9988569143085692,0.5536900855369009,0.9827017298270173,0.01739826017398261,0.9988569143085692,0.553690085536901,0.5536900855369009,0.553690085536901,0.9293928930134122,0.09694769031682961,0.9999999930886931,0.6509344921272845,0.9316753441696328,0.06847211226709031,1.0,0.39479619237636215,0.6509344921272845,0.39479619237636215,0.13667571963081251,0.8977721378297504,0.3670719327227536,0.9999999999992459,0.10374842547878221,0.8964539002774895,0.31310284021623297,1.0,0.3670719327227536,0.31310284021623297,0.17555725947925785,0.7949538422120429,0.7788968766315769,0.9773139069839524,0.17149593484443443,0.8288016076898648,0.8202926364723093,1.0,0.7788968766315769,0.8202926364723093
gRNA_3084,Ep300,0.3439203349819718,-2.538990079244928,-0.848771442009089,0.11730858775255153,-2.318673353901201,-1.049041190484139,-0.848771442009089,563.3378520861575,-0.04592442518554606,-0.8575666453436183,-0.7186238194132082,-0.9041786008776984,0.5868174602060588,-0.38789520612280237,-0.7186238194132082,0.2752860880994963,0.2752860880994963,0.2752860880994963,0.0,0.0,0.0,0.09841449413303702,0.09841449413303702,0.09841449413303702,-1.211814220849511,0.3144539056938416,0.6519900729621371,1.5219036185046086,-0.5738627292886208,0.1405341294044911,0.3144539056938416,144,0.0,2.083333333333333,0.0,41.66666666666667,Ep300,EP300,H350R,H349R,targeting guide,Missense,0.07629237076292371,0.9238076192380762,0.6886947668869478,0.990842851198751,0.07629237076292368,0.9238076192380762,0.6886947668869482,0.990842851198751,0.6886947668869478,0.6886947668869482,0.7174362954391829,0.30879203861489163,0.9999999930886931,0.9999993382361851,0.7348787327126169,0.2653989644856339,1.0,0.8312853728297293,0.9999993382361851,0.8312853728297293,0.016747098920870482,0.6994085542805768,0.10812971382526836,0.9999999999992459,0.05807236093301824,0.9426234764796382,0.21239316044814463,1.0,0.10812971382526836,0.21239316044814463,0.7793309062065021,0.3393444015245005,0.9999999998916369,0.9773139069839524,0.7373905075468657,0.26286222300118434,0.966809041906353,1.0,0.9773139069839524,0.966809041906353
gRNA_3086,Ep300,1.9534641776150383,-3.2822591439919218,1.13507794364983,1.1384946989106,0.5291088002526003,0.29477729528722935,1.13507794364983,1106.793191745745,0.7516791895180586,-0.04331711020760551,0.6146067599436621,-0.2698795440955484,0.5766589049229859,0.3259496400163105,0.5766589049229859,0.07146142680231976,0.07146142680231976,0.07146142680231976,0.0,0.0,0.0,0.008146920904074947,0.008146920904074947,0.008146920904074947,0.44833842227222126,0.009774945342735113,0.5120978167362283,0.38737722526994495,-1.0193336712357162,0.06765094767708271,0.38737722526994495,903,0.2214839424141749,0.5537098560354374,2.990033222591362,38.53820598006645,Ep300,EP300,H350R,H349R,targeting guide,Missense,0.3043695630436956,0.6957304269573044,0.8977869130380195,0.990842851198751,0.3043695630436956,0.6957304269573042,0.8977869130380195,0.990842851198751,0.8977869130380195,0.8977869130380195,0.08786290881292129,0.9644557523339161,0.5082531340562831,0.9999993382361851,0.046998400012827735,0.9530989293544359,0.28969505581677424,1.0,0.5082531340562831,0.28969505581677424,0.11018456849351888,0.8774290831189865,0.32647088316826395,0.9999999999992459,0.08498148283345092,0.9151763185066191,0.27545722021877195,1.0,0.32647088316826395,0.27545722021877195,0.019674105003919726,0.8624165261426423,0.5546799767698671,0.9773139069839524,0.02445705029341397,0.9756499440725774,0.5428514488610499,1.0,0.5546799767698671,0.5428514488610499
gRNA_3107,Ep300,1.1467435566383735,-3.640808342418306,0.21929711741566438,-0.29645845649199076,-0.12416488356599355,-0.5390782016844505,-0.12416488356599355,1153.065220665763,-0.25180602637752936,-1.296982021280303,0.8234844648451682,-0.17625971266010376,-0.34410138219399294,-0.24913293553335217,-0.25180602637752936,0.3147631680152887,0.3147631680152887,0.3147631680152887,0.0,0.0,0.0,0.4239658232525431,0.4239658232525431,0.4239658232525431,-0.6561271103351017,0.08889329372997426,-0.5595350145096963,1.37351967505305,-0.4305956990161605,-0.03676897101558686,-0.4305956990161605,6667,0.1349932503374831,0.23998800059997,2.864856757162142,5.324733763311834,Ep300,EP300,Q2287R,Q2290R,targeting guide,Missense,0.048195180481951795,0.9519048095190481,0.6886947668869478,0.990842851198751,0.04819518048195179,0.9519048095190481,0.6886947668869482,0.990842851198751,0.6886947668869478,0.6886947668869482,0.522560152175422,0.40368596436143844,0.9999999930886931,0.9999993382361851,0.5807256094390292,0.41967598915684406,0.994516909040091,0.9987226071074263,0.9999993382361851,0.994516909040091,0.1280270852274867,0.7003531853254065,0.35690707327560833,0.9999999999992459,0.21209624714338532,0.7887836942879758,0.4663636779293151,1.0,0.35690707327560833,0.4663636779293151,0.35432780987325746,0.6088915329267058,0.9202736770867305,0.9773139069839524,0.34734115385240616,0.6530149994794461,0.889213877247704,1.0,0.9202736770867305,0.889213877247704
gRNA_3522,Erbb3,-0.0639612141625355,-0.8935539789512843,2.382318863523842,2.810649931321339,0.9446475370281118,1.0360202277518946,0.9446475370281118,1042.3256514535321,1.2506030064571965,0.8217295715404159,0.09135023551712475,0.31356392508868364,0.19584558917026837,0.5346184655547378,0.31356392508868364,0.2952827307655315,0.2952827307655315,0.2952827307655315,0.0,0.0,0.0,1.0312648034201695,1.0312648034201695,1.0312648034201695,0.8254111792839661,0.3588949507019926,0.929499463146856,0.8708200707957938,1.4617130872735524,0.8892677502404321,0.8708200707957938,2816,0.0,0.4261363636363636,4.936079545454546,42.43607954545455,Erbb3,ERBB3,Q807R,Q809R,targeting guide,Missense,0.06609339066093392,0.934006599340066,0.6886947668869478,0.990842851198751,0.06609339066093393,0.934006599340066,0.6886947668869482,0.990842851198751,0.6886947668869478,0.6886947668869482,0.016955910463944363,0.9940613324411057,0.20294759053021932,0.9999993382361851,0.007767839774079304,0.9922757537501071,0.11098228859739385,1.0,0.20294759053021932,0.11098228859739385,6.313234835915327e-05,0.9999925229457882,0.0030237504844707274,0.9999999999992459,1.1264779658922193e-05,0.9999890991973092,0.0007059261919591242,1.0,0.0030237504844707274,0.0007059261919591242,0.0026323731691151996,0.9682623705565329,0.30128486207678096,0.9997489077454798,0.0036966098183056927,0.9963622257535096,0.1985607559547058,1.0,0.30128486207678096,0.1985607559547058
gRNA_3523,Erbb3,0.10346671070585235,-1.5366596012423384,0.9600880617564885,-0.7598223623030236,-0.968577680311657,-0.4403009742789356,-0.7598223623030236,1553.4869709293569,-0.5421202365673182,-1.2991067505869114,-0.8916259294304368,-0.9982535259332641,-0.5318615599228775,-0.8525936004881617,-0.8916259294304368,-0.2642333571020247,-0.2642333571020247,-0.2642333571020247,0.0,0.0,0.0,-0.011873524760740174,-0.011873524760740174,-0.011873524760740174,-0.1758086004744861,0.13317137127519674,-0.47244031959917776,0.7040892136062871,-0.059744752898425915,0.025853382381878807,-0.059744752898425915,6419,0.0311575011684062,0.1713662564262346,0.0,39.58560523446019,Erbb3,ERBB3,Q807R,Q809R,targeting guide,Missense,0.9645035496450355,0.03559644035596439,0.9988569143085692,0.5576775655767755,0.9645035496450355,0.03559644035596441,0.9988569143085692,0.5576775655767758,0.5576775655767755,0.5576775655767758,0.9954426292198262,0.05877105151995146,0.9999999930886931,0.5332921049291166,0.9815511850274821,0.01849197684537719,1.0,0.20927859846216337,0.5332921049291166,0.20927859846216337,0.22364691461439287,0.9008809170757619,0.48328298790236623,0.9999999999992459,0.14648775826107036,0.8537185194201905,0.3696603832628353,1.0,0.48328298790236623,0.3696603832628353,0.5461484917880217,0.5740817757611454,0.9747221474624128,0.9773139069839524,0.49585711828923335,0.504453110801308,0.9342435216116826,1.0,0.9747221474624128,0.9342435216116826
gRNA_3524,Erbb3,-0.34229273555690914,-3.2665779325377886,-0.5736524344186248,-0.15303416719538052,-0.5822090783452065,-0.9835532696107819,-0.5736524344186248,2338.9064618165385,-0.5316314027734667,-0.5138476334619636,-0.3087505638319339,-0.5034286664725082,-0.5724985584907326,-0.486031365006121,-0.5138476334619636,-0.09181972570078507,-0.09181972570078507,-0.09181972570078507,0.0,0.0,0.0,-0.29463999996406753,-0.29463999996406753,-0.29463999996406753,-1.1115792195102063,0.18419456849796514,-0.1438133377843798,0.5112244733479397,0.49743094109759606,-0.012508514870217036,0.18419456849796514,9432,0.0424088210347752,0.0848176420695504,0.2650551314673452,37.62722646310432,Erbb3,ERBB3,Q807R,Q809R,targeting guide,Missense,0.7229277072292771,0.27717228277172284,0.9987424218303245,0.9388898947943043,0.7229277072292771,0.2771722827717228,0.9987424218303245,0.9388898947943042,0.9388898947943043,0.9388898947943042,0.9648229098911977,0.2708019225442402,0.9999999930886931,0.9790531045830222,0.8838776820024603,0.11625007320188396,1.0,0.5098236939303962,0.9790531045830222,0.5098236939303962,0.1534106649890603,0.8074962413655218,0.3798404394402955,0.9999999999992459,0.13663548549403487,0.8635865139807821,0.36436129465075967,1.0,0.3798404394402955,0.36436129465075967,0.8476646580562202,0.4024488271221878,0.9999999998916369,0.9773139069839524,0.7379632846466045,0.2622674080817876,0.966809041906353,1.0,0.9773139069839524,0.966809041906353
gRNA_3525,Erbb3,0.1508340044145592,-3.8088319130159807,0.378308930148922,-2.266625029631826,0.5577268673903947,-0.9977174281387862,0.1508340044145592,1701.5815634884773,-0.40360671268088116,-1.1675778268962194,-1.5515412865971916,-1.5882286410288582,-0.49252853811878716,-1.0406966010643874,-1.1675778268962194,0.29273592789976016,0.29273592789976016,0.29273592789976016,0.0,0.0,0.0,-0.0270733420165698,-0.0270733420165698,-0.0270733420165698,-0.522686891415568,-0.37141827080904327,-0.13742992341901752,0.7960701209004899,0.16731546740824188,-0.01362989946697939,-0.13742992341901752,6302,0.047603935258648,0.0634719136781973,0.9203427483338624,28.403681370993333,Erbb3,ERBB3,Q807R,Q809R,targeting guide,Missense,0.06609339066093392,0.934006599340066,0.6886947668869478,0.990842851198751,0.06609339066093393,0.934006599340066,0.6886947668869482,0.990842851198751,0.6886947668869478,0.6886947668869482,0.996569727627676,0.023998099413527554,0.9999999930886931,0.39596985455591455,0.9920060215545954,0.008022008347820632,1.0,0.14075440138973572,0.39596985455591455,0.14075440138973572,0.21936610278376734,0.8540114829082466,0.47916276289968696,0.9999999999992459,0.17351409623829023,0.8267520704756277,0.4129196214278299,1.0,0.47916276289968696,0.4129196214278299,0.5356340409623089,0.3711703654864869,0.9747221474624128,0.9773139069839524,0.5781565462708098,0.42222028568322156,0.9394385359508244,1.0,0.9747221474624128,0.9394385359508244
gRNA_3570,Erbb3,-0.7432595063936898,-0.05044623687142989,1.1056447607571178,-1.7699032337684109,-0.5708510394281279,-0.40576305114090816,-0.5708510394281279,2509.8960686850432,0.10696486687314379,-0.788427905440028,-0.20587494664111433,-0.277028719059552,0.0626735764546938,-0.22033862556257136,-0.20587494664111433,-0.08877515946694256,-0.08877515946694256,-0.08877515946694256,0.0,0.0,0.0,0.1262508045160993,0.1262508045160993,0.1262508045160993,-0.5203845329234712,0.5716592225280339,0.282011209277025,1.0221150706195872,0.19875248114978464,0.31083069013019193,0.282011209277025,15850,0.0,0.0189274447949526,0.056782334384858,19.533123028391167,Erbb3,ERBB3,K329E,K329E,targeting guide,Missense,0.7130286971302869,0.2870712928707129,0.9987424218303245,0.946831632626211,0.7130286971302869,0.28707129287071287,0.9987424218303245,0.9468316326262108,0.946831632626211,0.9468316326262108,0.7469157047235044,0.5839722988032041,0.9999999930886931,0.9999993382361851,0.5889555876671708,0.4112900215583239,0.994516909040091,0.985000306407196,0.9999993382361851,0.985000306407196,0.02508316728289802,0.9754451133082624,0.14076523728909934,0.9999999999992459,0.01598630166828707,0.9840866900609588,0.09983536635135119,1.0,0.14076523728909934,0.09983536635135119,0.4996631210551217,0.6101745578199769,0.9747221474624128,0.9773139069839524,0.4514096566712909,0.5489102359409671,0.9214328621195517,1.0,0.9747221474624128,0.9214328621195517
gRNA_3579,Erbb3,-0.5727326652071961,-5.586654626066381,-0.49277292406778284,-0.7553558332610552,-2.1193379634279883,-1.9053708024060807,-0.7553558332610552,1014.972134357584,-0.5169202358560968,0.045310410653943235,-2.612573681335893,0.3802460217195178,0.7418683303705953,-0.3924138308895867,0.045310410653943235,-0.056969240900364274,-0.056969240900364274,-0.056969240900364274,0.0,0.0,0.0,0.015326174475961903,0.015326174475961903,0.015326174475961903,0.16049075408698155,-0.8569074616962811,-0.4403314719590958,-0.2172253420998956,-1.7214543646871834,-0.6150855772710948,-0.4403314719590958,1744,0.0573394495412844,0.1720183486238532,0.0,37.72935779816514,Erbb3,ERBB3,H228R,H228R,targeting guide,Missense,0.6093390660933905,0.3907609239076092,0.9953525655837778,0.990842851198751,0.6093390660933906,0.3907609239076093,0.9953525655837777,0.990842851198751,0.990842851198751,0.990842851198751,0.37165634007165504,0.3195359575835728,0.9937087802804399,0.9999993382361851,0.5044482484677592,0.49613476550460506,0.9457500866032145,1.0,0.9937087802804399,0.9457500866032145,0.8329643274780034,0.21857095591701847,0.9914252787977963,0.9999999999992459,0.8217609817204039,0.17849848687452452,0.9716419154933078,1.0,0.9914252787977963,0.9716419154933078,0.9629811148720144,0.06233561495153799,0.9999999998916369,0.9773139069839524,0.9574921398813846,0.04267636399639826,1.0,0.8080842318523939,0.9773139069839524,0.8080842318523939
gRNA_3580,Erbb3,-0.03531729158527165,-3.5357884003517035,0.8361221152775845,0.4763064625259392,-0.22778252002863725,-0.4972919268324178,-0.03531729158527165,1481.5484259677664,-0.34395049875564637,-0.5542508760566722,-0.4771082151042831,-0.49514819252089814,0.0029271779322869516,-0.3735061209010425,-0.4771082151042831,0.12059520291692877,0.12059520291692877,0.12059520291692877,0.0,0.0,0.0,0.30553164304584773,0.30553164304584773,0.30553164304584773,0.6808175847002221,0.16747199724306477,0.6524857571162553,1.0371476189843685,0.8681047157819205,0.6812055347651663,0.6808175847002221,4346,0.0460193281178094,0.1610676484123331,0.0460193281178094,54.16474919466175,Erbb3,ERBB3,H228R,H228R,targeting guide,Missense,0.25977402259774024,0.7403259674032596,0.8877563856517573,0.990842851198751,0.25977402259774024,0.7403259674032596,0.8877563856517575,0.990842851198751,0.8877563856517573,0.8877563856517575,0.9098115464633545,0.3870026935490113,0.9999999930886931,0.9999993382361851,0.7933399166345424,0.2068402755618739,1.0,0.7212949085425694,0.9999993382361851,0.7212949085425694,0.0011291260084397405,0.9998864744668808,0.021651176913170263,0.9999999999992459,0.00024256235584091924,0.9997598256775098,0.006080229719745709,1.0,0.021651176913170263,0.006080229719745709,0.3473034848824872,0.6540848782757097,0.9202736770867305,0.9773139069839524,0.31442073126843484,0.6858966220466521,0.889213877247704,1.0,0.9202736770867305,0.889213877247704
gRNA_3677,Ercc2,1.0387350802472664,-1.4894312875921634,0.5820741595828388,0.3367393073822436,-0.12218657251267709,0.06918613742150166,0.3367393073822436,4581.41286338304,-0.05675539152648322,-0.16281245531041108,-0.14893699980416644,-0.22323253348265373,-0.45247560558795535,-0.20884259714233394,-0.16281245531041108,0.12088054604967637,0.12088054604967637,0.12088054604967637,0.0,0.0,0.0,0.07094503058408518,0.07094503058408518,0.07094503058408518,0.5722077920126323,0.0009105539956165307,0.4718557727206984,1.063764473187554,1.2345063200851876,0.6686489824003378,0.5722077920126323,31884,0.0,0.01881821603312,0.1725003136369338,7.085058336469703,Ercc2,ERCC2,I80T,I80T,targeting guide,Missense,0.2546745325467453,0.7454254574542547,0.8877563856517573,0.990842851198751,0.2546745325467453,0.7454254574542546,0.8877563856517575,0.990842851198751,0.8877563856517573,0.8877563856517575,0.800719366431248,0.6240975084415689,0.9999999930886931,0.9999993382361851,0.6029435889696474,0.39727896548100883,0.994516909040091,0.985000306407196,0.9999993382361851,0.985000306407196,0.0011516583464452267,0.9995067154557908,0.021651176913170263,0.9999999999992459,0.00036741886911680375,0.9996371897137074,0.007366454005920542,1.0,0.021651176913170263,0.007366454005920542,0.20368515387096134,0.8764387039050675,0.7936482458379993,0.9819283750996024,0.14019771662207064,0.8599933096269277,0.8103227152144246,1.0,0.7936482458379993,0.8103227152144246
gRNA_3686,Ercc2,1.27167180220017,2.5168552978044514,-0.31445755498398864,-0.4160911971465248,0.1856609970262298,0.6487278689800677,0.1856609970262298,2187.919867449917,0.10245141030863597,-0.5651627702462705,-0.13717893157107283,-0.43488964460054313,-0.09368943310983614,-0.2256938738438173,-0.13717893157107283,-0.027205666682935278,-0.027205666682935278,-0.027205666682935278,0.0,0.0,0.0,-0.14298253147099804,-0.14298253147099804,-0.14298253147099804,0.40255875998056223,0.3595827461711643,0.4277691144921741,0.5116492893507683,1.8028017938679277,0.7008723407725193,0.4277691144921741,13504,0.0814573459715639,0.2369668246445497,0.1036729857819905,7.2719194312796205,Ercc2,ERCC2,Y14C,Y14C,targeting guide,Missense,0.5463453654634537,0.45375462453754645,0.9866008832906662,0.990842851198751,0.5463453654634537,0.4537546245375462,0.9866008832906662,0.990842851198751,0.9866008832906662,0.9866008832906662,0.7861159297894156,0.5793299931805235,0.9999999930886931,0.9999993382361851,0.6172022298209334,0.38302961448629397,0.994516909040091,0.985000306407196,0.9999993382361851,0.985000306407196,0.0006319372312856477,0.9997632319175681,0.015840559930893568,0.9999999999992459,0.00026310909114370405,0.9997524290447176,0.006183063641877045,1.0,0.015840559930893568,0.006183063641877045,0.0206529778584525,0.9633027968320574,0.5546799767698671,0.9997489077454798,0.02002610868706012,0.9801463397117652,0.505174125530951,1.0,0.5546799767698671,0.505174125530951
gRNA_3698,Ercc2,-0.9727373395320651,-0.9633429562646845,0.5891454557034003,0.20744990541669092,-0.6943531199580397,-0.3667676109269396,-0.6943531199580397,3879.981924988703,-0.2138245430523723,-0.5862873465377136,0.30139908313398484,-0.6490470317571267,-0.7035379639486431,-0.3702595604323742,-0.5862873465377136,-0.018619314260792063,-0.018619314260792063,-0.018619314260792063,0.0,0.0,0.0,-0.02794009586072274,-0.02794009586072274,-0.02794009586072274,-0.006533780417223602,0.5113308057905906,0.6595240331047325,0.9457468318944435,-0.0001823549011533471,0.4219771070942778,0.5113308057905906,25724,0.07386098584979,0.1749339138547659,1.0029544394339915,8.171357487171512,Ercc2,ERCC2,T49A,T49A,targeting guide,Missense,0.5323467653234679,0.46775322467753244,0.9866008832906662,0.990842851198751,0.5323467653234677,0.4677532246775322,0.9866008832906662,0.990842851198751,0.9866008832906662,0.9866008832906662,0.8414448333846429,0.37305441915542686,0.9999999930886931,0.9999993382361851,0.7589215777535696,0.24129450616515885,1.0,0.7889281245052151,0.9999993382361851,0.7889281245052151,0.014123412953748367,0.996235306915551,0.09834080130758122,0.9999999999992459,0.005423951758004184,0.9946022973204488,0.04855728240498984,1.0,0.09834080130758122,0.04855728240498984,0.6014344856126799,0.6461488917133391,0.9747221474624128,0.9773139069839524,0.4797051280690195,0.5205639793065475,0.9342435216116826,1.0,0.9747221474624128,0.9342435216116826
gRNA_3703,Ercc2,1.766181442691715,-2.690574918692659,0.4434742484328003,-0.05333441427709899,-0.3117092428346706,-0.16919257693598266,-0.05333441427709899,1268.6247928904957,-1.0045309549433425,-0.31402939372501276,-0.2571414034407009,0.1294774925789433,0.22171429095420486,-0.2449019937151816,-0.2571414034407009,-0.1625767828984678,-0.1625767828984678,-0.1625767828984678,0.0,0.0,0.0,0.7563295194029159,0.7563295194029159,0.7563295194029159,0.46655984795746924,-0.6663874091453781,0.9290982242039221,0.5276431038463384,0.26009518204140814,0.303401789780752,0.46655984795746924,2216,0.0902527075812274,0.0902527075812274,0.4061371841155234,5.099277978339351,Ercc2,ERCC2,T484A,T484A,targeting guide,Missense,0.832116788321168,0.16798320167983202,0.9987424218303245,0.8791736210994285,0.832116788321168,0.1679832016798321,0.9987424218303245,0.8791736210994286,0.8791736210994285,0.8791736210994286,0.7203732444442319,0.5255785076115155,0.9999999930886931,0.9999993382361851,0.6031991465478802,0.3970657457299799,0.994516909040091,0.985000306407196,0.9999993382361851,0.985000306407196,0.022324053868329936,0.9693497499896321,0.1332356230871755,0.9999999999992459,0.014586398823897668,0.985473921988227,0.09456010272044005,1.0,0.1332356230871755,0.09456010272044005,0.17892290177648426,0.7468192291844278,0.7822675705576522,0.9773139069839524,0.1908519018518361,0.8094919451416921,0.8202926364723093,1.0,0.7822675705576522,0.8202926364723093
gRNA_3905,Etv6,0.14803638894259932,-3.337110257055667,-3.131480890597248,0.2589876021886388,0.965557386530704,-1.0192019539981945,0.14803638894259932,1712.6675704172314,-0.5149625774931248,-0.603641433154878,0.4932946357897156,-0.5518977371353901,0.04754440244434866,-0.22593254190986573,-0.5149625774931248,-0.11619875804155232,-0.11619875804155232,-0.11619875804155232,0.0,0.0,0.0,-0.12046247472162648,-0.12046247472162648,-0.12046247472162648,0.3551427038832797,0.6497114723962488,-0.17467829317880396,0.22523133246053362,-0.11532292086674839,0.1880168589389019,0.22523133246053362,4526,0.0441891294741493,0.0441891294741493,0.0,3.093239063190455,Etv6,ETV6,Non-coding,,targeting guide,Intron,0.7642235776422359,0.23587641235876416,0.9987424218303245,0.8958538489585387,0.7642235776422358,0.23587641235876405,0.9987424218303245,0.8958538489585383,0.8958538489585387,0.8958538489585383,0.6694760505787912,0.506324197325555,0.9999999930886931,0.9999993382361851,0.5971351086812958,0.4031442693961946,0.994516909040091,0.985000306407196,0.9999993382361851,0.985000306407196,0.10915057410180404,0.9759367052114288,0.32647088316826395,0.9999999999992459,0.05011128815629102,0.9499843704114463,0.20044515262516407,1.0,0.32647088316826395,0.20044515262516407,0.4541521540439264,0.3769977867470447,0.9365416007472723,0.9773139069839524,0.5375473742704389,0.46285527329590526,0.9347526025086272,1.0,0.9365416007472723,0.9347526025086272
gRNA_3906,Etv6,-1.6015645033274464,-1.2187951452448527,-2.888866847586888,-0.5487686508627813,-2.4067712227009386,-1.7329532739445814,-1.6015645033274464,772.2849826781141,-2.076014617884715,-0.8885678499131874,-2.519331117201444,-1.1657912715376963,-0.9691160854380759,-1.5237641883950235,-1.1657912715376963,-0.021812193633266936,-0.021812193633266936,-0.021812193633266936,0.0,0.0,0.0,0.037406987953946216,0.037406987953946216,0.037406987953946216,-2.9020505987921554,-0.9203456724460837,-1.0874738559481352,0.09641134129449005,0.27015720265349547,-0.9086603166476779,-0.9203456724460837,287,0.3484320557491289,0.6968641114982579,2.7874564459930316,59.58188153310105,Etv6,ETV6,Y397H,Y401H,targeting guide,Missense,0.5412458754124587,0.4588541145885413,0.9866008832906662,0.990842851198751,0.5412458754124587,0.45885411458854114,0.9866008832906662,0.990842851198751,0.9866008832906662,0.9866008832906662,0.9998086327276856,0.00395027649504752,0.9999999930886931,0.12377533017815565,0.999149803646336,0.0008557227614324707,1.0,0.02925015984532809,0.12377533017815565,0.02925015984532809,0.7635291999161472,0.08610959067816941,0.9537773394301374,0.9999999999992459,0.8810832417770008,0.11925841689100952,0.9918781404435697,1.0,0.9537773394301374,0.9918781404435697,0.9864685837267769,0.1118526804752127,0.9999999998916369,0.9773139069839524,0.9578801358346953,0.04219390994227198,1.0,0.8080842318523939,0.9773139069839524,0.8080842318523939
gRNA_3909,Etv6,0.10656700808479516,0.46558514112926297,-0.3878788250511534,-0.2883111651258518,0.007469864772774944,-0.019313595238034432,0.007469864772774944,2063.5637897273687,-0.2922474435560019,-0.8751116063671084,1.3405553752845623,-0.09010284849905197,0.15943945436483445,0.04850658624544688,-0.09010284849905197,-0.09446291237412156,-0.09446291237412156,-0.09446291237412156,0.0,0.0,0.0,0.36740583272099986,0.36740583272099986,0.36740583272099986,-0.5071671771679956,-0.26872432948183583,-0.09813953886712407,1.1323960615187205,1.205765371157034,0.2928260774317598,-0.09813953886712407,6848,0.0438084112149532,0.116822429906542,0.0,14.938668224299064,Etv6,ETV6,Y350C,Y354C,targeting guide,Missense,0.7229277072292771,0.27717228277172284,0.9987424218303245,0.9388898947943043,0.7229277072292771,0.2771722827717228,0.9987424218303245,0.9388898947943042,0.9388898947943043,0.9388898947943042,0.15316175141642277,0.6855447334211967,0.6855811730068448,0.9999993382361851,0.22632232563245336,0.7743571781343334,0.6875501228626765,1.0,0.6855811730068448,0.6875501228626765,0.015479534510114175,0.9197533156786427,0.10393401742505232,0.9999999999992459,0.024136452509721264,0.9760524185704901,0.12964723062364567,1.0,0.10393401742505232,0.12964723062364567,0.41711698848068696,0.9032818774738622,0.9202736770867305,0.9875771858420331,0.22629258636109062,0.773894564306699,0.8202926364723093,1.0,0.9202736770867305,0.8202926364723093
gRNA_4033,Fat1,0.27601594953894854,-0.2880926186591832,1.6500860466220082,-0.7953801115656431,0.2927289892133323,0.22707165102989255,0.27601594953894854,3088.778430486519,-0.011520745744726463,-0.06281768457497959,-0.8278031905904176,-0.12923053110783994,0.19039300365239187,-0.16819582967311433,-0.06281768457497959,-0.38067659568623796,-0.38067659568623796,-0.38067659568623796,0.0,0.0,0.0,0.12454803833026946,0.12454803833026946,0.12454803833026946,0.8772876261220196,-0.15935712792775447,-0.7242925203209317,0.5811086184942483,1.0265863244626645,0.32026658416604925,0.5811086184942483,8566,0.0233481204763016,0.1867849638104132,0.0,12.736399719822556,Fat1,FAT1,F3794S,F3769S,targeting guide,Missense,0.9916008399160084,0.008499150084991502,0.9988569143085692,0.45652577599382926,0.9916008399160084,0.008499150084991499,0.9988569143085692,0.4565257759938291,0.45652577599382926,0.4565257759938291,0.6736669699962697,0.6464274813454156,0.9999999930886931,0.9999993382361851,0.5106958272854716,0.4895594278674835,0.9506021339571153,1.0,0.9999993382361851,0.9506021339571153,0.012265583686856296,0.9397111349095982,0.09223718932515934,0.9999999999992459,0.013726329771490147,0.9863548437444799,0.09054561393123324,1.0,0.09223718932515934,0.09054561393123324,0.16800973475373895,0.912545884642679,0.7788968766315769,0.9895095963754138,0.11412075003549838,0.8860792499372279,0.8103227152144246,1.0,0.7788968766315769,0.8103227152144246
gRNA_4195,Fgf4,-0.04431350792485406,-2.048808354090857,-0.3984058241996693,0.35035107679311306,-0.6532143237495017,-0.5588781866343537,-0.3984058241996693,5107.395692122307,0.5672163503024599,0.3073726584530845,-0.3972051055102639,0.7868330866867463,-0.14638660217218266,0.22356607755196883,0.3073726584530845,-0.1756617654497725,-0.1756617654497725,-0.1756617654497725,0.0,0.0,0.0,0.28893067484942575,0.28893067484942575,0.28893067484942575,0.47486604346312467,0.005571659539096346,-0.2717500286526853,1.2220881486882273,-0.11539720729754498,0.2630757231480436,0.005571659539096346,31823,0.0377085755585582,0.0439933381516513,0.0,6.05536875844515,Fgf4,FGF4,R108G,R112G,targeting guide,Missense,0.8373162683731625,0.16278372162783725,0.9987424218303245,0.8791736210994285,0.8373162683731626,0.16278372162783722,0.9987424218303245,0.8791736210994286,0.8791736210994285,0.8791736210994286,0.15004050171483901,0.9219520132483813,0.6855811730068448,0.9999993382361851,0.09589995036364207,0.9042569826752979,0.44516520168801754,1.0,0.6855811730068448,0.44516520168801754,0.03944973294374239,0.9663005461946339,0.19009948749488745,0.9999999999992459,0.029491302732291412,0.9706614329084629,0.14216320291463552,1.0,0.19009948749488745,0.14216320291463552,0.6777837697295823,0.5967306235486362,0.9999999998916369,0.9773139069839524,0.5419576259225551,0.45830640566982506,0.9347526025086272,1.0,0.9773139069839524,0.9347526025086272
gRNA_4440,Flt3,1.4724816372619804,0.8110391742125527,-0.36915650046974874,0.41499830795940473,0.5123354489723877,0.5683396135873153,0.5123354489723877,2418.1955113721947,0.13545630491508204,0.4794155465105622,-0.07778508229276153,0.18622485610122266,0.704186808288512,0.28549968670452347,0.18622485610122266,-0.04243897257087708,-0.04243897257087708,-0.04243897257087708,0.0,0.0,0.0,0.5418919641730269,0.5418919641730269,0.5418919641730269,1.2117744221463211,0.631098571199414,0.7696677240459694,0.6699476721568614,0.04891582112216183,0.6662808421341456,0.6699476721568614,5042,0.1190003966679889,0.2975009916699722,0.0,21.65807219357398,Flt3,FLT3,Q450R,Q449R,targeting guide,Missense,0.5746425357464253,0.4254574542545746,0.9866008832906662,0.990842851198751,0.5746425357464253,0.42545745425457454,0.9866008832906662,0.990842851198751,0.9866008832906662,0.9866008832906662,0.14584967617132222,0.973291129823346,0.6855811730068448,0.9999993382361851,0.06500691251462365,0.9350974317515351,0.3618886233932638,1.0,0.6855811730068448,0.3618886233932638,0.0012737884187840093,0.9997331648023358,0.022806878355370833,0.9999999999992459,0.0003325207645747149,0.9996711519511416,0.007354576910593694,1.0,0.022806878355370833,0.007354576910593694,0.059771225309247666,0.9879340453465538,0.7788968766315769,0.9997489077454798,0.024543815507015555,0.9755174730246372,0.5428514488610499,1.0,0.7788968766315769,0.5428514488610499
gRNA_4461,Flt3,-1.6259612938357055,-4.280256494793776,-0.7631081394608203,-0.5414434931009837,0.14008175117634303,-1.4141375340029885,-0.7631081394608203,1397.6803735502333,-0.13119180019734258,0.8510684639926971,-0.9107357641574669,-1.2457272937539263,-0.2915131401170536,-0.3456199068466185,-0.2915131401170536,0.0840499424239513,0.0840499424239513,0.0840499424239513,0.0,0.0,0.0,-0.1215936235811186,-0.1215936235811186,-0.1215936235811186,-0.4622719874037322,-1.5123165308283935,-0.8842544403599044,0.25540759956485043,0.24545103588399694,-0.4715968646286365,-0.4622719874037322,2135,0.0936768149882903,0.1405152224824356,5.292740046838407,15.175644028103044,Flt3,FLT3,R848G,R845G,targeting guide,Missense,0.2867713228677132,0.7133286671332868,0.8877563856517573,0.990842851198751,0.2867713228677132,0.7133286671332867,0.8877563856517575,0.990842851198751,0.8877563856517573,0.8877563856517575,0.5355502818631162,0.2861210402694751,0.9999999930886931,0.9999993382361851,0.6699329438237162,0.33048230275936263,1.0,0.9231001375711491,0.9999993382361851,0.9231001375711491,0.6386472812168099,0.31975831679917177,0.8763918895529946,0.9999999999992459,0.6727269461228168,0.32761226525714016,0.8813426193107285,1.0,0.8763918895529946,0.8813426193107285,0.9015584325481114,0.16366662492257003,0.9999999998916369,0.9773139069839524,0.8831276926140234,0.11708019042455503,0.9945141890905704,1.0,0.9773139069839524,0.9945141890905704
gRNA_4577,Foxa1,0.814338572338906,-2.1715129776427595,1.544356192674622,0.4489837359678404,-0.395316387602964,0.048169827147128995,0.4489837359678404,1097.6351860219913,0.36290305578775367,0.1487941580698571,0.5793002329940667,0.053267562461324705,0.10865300369539661,0.2505836026016798,0.1487941580698571,0.339831894179104,0.339831894179104,0.339831894179104,0.0,0.0,0.0,0.8900012150796434,0.8900012150796434,0.8900012150796434,1.209146132806508,0.5459179359992875,0.45598849672659464,0.783259389472256,0.5050412674433347,0.6998706444895962,0.5459179359992875,4686,0.0640204865556978,0.0640204865556978,3.329065300896287,9.709773794280837,Foxa1,FOXA1,Y259C,Y259C,targeting guide,Missense,0.043995600439956,0.9561043895610439,0.6886947668869478,0.990842851198751,0.043995600439956005,0.9561043895610439,0.6886947668869482,0.990842851198751,0.6886947668869478,0.6886947668869482,0.19157752507007506,0.9722223407170061,0.7745499938317013,0.9999993382361851,0.08196192083814774,0.9181499299139556,0.410902429801914,1.0,0.7745499938317013,0.410902429801914,0.0008700212922100007,0.9999690060878961,0.019242823874762366,0.9999999999992459,0.00015826580677384686,0.9998435707634206,0.004890220381630981,1.0,0.019242823874762366,0.004890220381630981,0.12498412122173899,0.8211085618347769,0.7788968766315769,0.9773139069839524,0.11933361985085678,0.8808950926279169,0.8103227152144246,1.0,0.7788968766315769,0.8103227152144246
gRNA_4578,Foxa1,-0.49841844876287944,2.0521826732941717,-0.24871733904973473,-5.24022307090215,-0.4097698516702481,-0.8689892074181682,-0.4097698516702481,751.6794697996687,0.5816200770620527,-0.7144079759979026,-0.6109960359575801,-0.0563445656330834,-1.1336337623783561,-0.3867524525809739,-0.6109960359575801,0.1232707831779988,0.1232707831779988,0.1232707831779988,0.0,0.0,0.0,0.5512209177289257,0.5512209177289257,0.5512209177289257,-1.2396782303967555,-0.27420945976431044,-0.6476984397730476,0.8831563135927643,0.6072425003859554,-0.13423746319107885,-0.27420945976431044,1658,0.0,0.060313630880579,2.2919179734620023,8.021712907117008,Foxa1,FOXA1,Y259C,Y259C,targeting guide,Missense,0.2410758924107589,0.7590240975902409,0.8877563856517573,0.990842851198751,0.24107589241075889,0.7590240975902409,0.8877563856517575,0.990842851198751,0.8877563856517573,0.8877563856517575,0.7178787012476954,0.2985872197316693,0.9999999930886931,0.9999993382361851,0.7384420720708594,0.26184168957386006,1.0,0.8312853728297293,0.9999993382361851,0.8312853728297293,0.14524907736451487,0.559054902492132,0.374250310181013,0.9999999999992459,0.25001529912281095,0.750466414826606,0.5054072713450372,1.0,0.374250310181013,0.5054072713450372,0.2650081652775243,0.2733793617128384,0.8595710921679729,0.9773139069839524,0.49479030910374794,0.506150669942806,0.9342435216116826,1.0,0.8595710921679729,0.9342435216116826
gRNA_4621,Foxo1,0.7155030657485106,-5.194908738490348,1.148822224239469,-0.1867924046865805,-2.2622588191889434,-1.1559269344755783,-0.1867924046865805,504.5338153336346,-1.6011789928008673,-0.9848213835782001,-0.4138391594143905,-0.49583320908396217,-0.9304359051314641,-0.8852217300017768,-0.9304359051314641,-0.6630659738785067,-0.6630659738785067,-0.6630659738785067,0.0,0.0,0.0,0.3379765130572892,0.3379765130572892,0.3379765130572892,0.13648652441913167,-0.8580151557682437,-0.25551925920486734,1.3434926999892574,-1.162318829240695,-0.1591748039610834,-0.25551925920486734,706,0.0,0.0,0.0,11.473087818696884,Foxo1,FOXO1,M1V,M1V,targeting guide,Missense,0.9962003799620038,0.0038996100389961006,0.9988569143085692,0.45652577599382926,0.9962003799620038,0.0038996100389960984,0.9988569143085692,0.4565257759938291,0.45652577599382926,0.4565257759938291,0.9943556721495066,0.052192151885671036,0.9999999930886931,0.5332921049291166,0.9822166948518661,0.017829056238523194,1.0,0.20927859846216337,0.5332921049291166,0.20927859846216337,0.1521803536540692,0.4853148784455149,0.3798404394402955,0.9999999999992459,0.32274818699295427,0.6782408967671096,0.6007590015314396,1.0,0.3798404394402955,0.6007590015314396,0.35236050823791754,0.21288846331098576,0.9202736770867305,0.9773139069839524,0.5735506146551661,0.4271397641975659,0.9394385359508244,1.0,0.9202736770867305,0.9394385359508244
gRNA_4628,Foxo1,-1.2249809368422413,-5.0880886590633665,-2.6256321814786387,-0.6939653951705881,-0.6126738163557083,-2.049068197782108,-1.2249809368422413,1013.4056333785209,0.4996586701507769,-1.0950623475971284,-0.9606952616023069,-0.26753579519279014,-1.1171970331754892,-0.5881663534833875,-0.9606952616023069,0.08781435818931028,0.08781435818931028,0.08781435818931028,0.0,0.0,0.0,0.6676513731836577,0.6676513731836577,0.6676513731836577,-0.7791648115694703,0.2384916878423422,-0.4653425046561592,0.4404387321920351,1.0177395951013462,0.09043253978201879,0.2384916878423422,1757,0.2845759817871371,0.3414911781445646,0.0569151963574274,9.504837791690385,Foxo1,FOXO1,T24A,T24A,targeting guide,Missense,0.28337166283371656,0.7167283271672833,0.8877563856517573,0.990842851198751,0.2833716628337166,0.7167283271672833,0.8877563856517575,0.990842851198751,0.8877563856517573,0.8877563856517575,0.8367341939545796,0.14699323789097363,0.9999999930886931,0.76763135343064,0.8795185031244579,0.12067635308458846,1.0,0.5098236939303962,0.76763135343064,0.5098236939303962,0.07632901741677268,0.8441658028679245,0.25624741561345116,0.9999999999992459,0.08713788419009377,0.9131269435344229,0.2800328585938056,1.0,0.25624741561345116,0.2800328585938056,0.9836016964303953,0.0486880065530666,0.9999999998916369,0.9773139069839524,0.9751235736844472,0.024965728659658133,1.0,0.6614593914304862,0.9773139069839524,0.6614593914304862
gRNA_4735,Gata2,0.45322214374008196,-0.5291562069576043,-0.4771170098773799,0.8182647182105579,-0.00336035203898079,0.052370658615334964,-0.00336035203898079,2016.4482602801625,0.15245183621071504,-0.12029071631638201,0.04808322589711101,0.4735124303256186,-0.725137817547126,-0.034276208286012674,0.04808322589711101,-0.20130662275584568,-0.20130662275584568,-0.20130662275584568,0.0,0.0,0.0,0.2974153177388386,0.2974153177388386,0.2974153177388386,-0.48858633655634354,-0.07356885156537019,0.10178475744659934,0.7634856970002271,0.7467506615891797,0.20997318558285846,0.10178475744659934,6221,0.0803729303970422,0.1607458607940845,0.0642983443176338,22.102555859186623,Gata2,GATA2,W360R,W360R,targeting guide,Missense,0.8792120787921208,0.1208879112088791,0.9987424218303245,0.8791736210994285,0.8792120787921208,0.1208879112088791,0.9987424218303245,0.8791736210994286,0.8791736210994285,0.8791736210994286,0.4607770820404704,0.7661994721376602,0.9999999930886931,0.9999993382361851,0.33122236853642084,0.6690298459354515,0.8139843828084591,1.0,0.9999993382361851,0.8139843828084591,0.05634788618386066,0.9558267683286711,0.22001597105827697,0.9999999999992459,0.03808756959053096,0.962023024242621,0.16652239727953072,1.0,0.22001597105827697,0.16652239727953072,0.3078597494812154,0.9027830329308555,0.9043380141010703,0.9875771858420331,0.1794325647441411,0.8207546471313393,0.8202926364723093,1.0,0.9043380141010703,0.8202926364723093
gRNA_4770,Gata3,-1.6133988168194482,-4.187613043473257,0.40783677039481203,0.6507601744662617,-0.07150545782842367,-0.9627840746520109,-0.07150545782842367,1732.791082994427,0.47485821961367286,-0.25153962108312944,-0.2294088242400937,-1.3356261629474175,0.017943336592866677,-0.2647546104128202,-0.2294088242400937,-0.18016354462549083,-0.18016354462549083,-0.18016354462549083,0.0,0.0,0.0,0.3238698763905047,0.3238698763905047,0.3238698763905047,-1.4002820281919486,-0.7672803471480092,-0.411433468919931,0.7536208310459099,0.1934923078922436,-0.326376541064347,-0.411433468919931,3431,0.1457301078402798,0.2914602156805596,0.0,29.99125619352958,Gata3,GATA3,F233S,F234S,targeting guide,Missense,0.8503149685031497,0.14978502149785022,0.9987424218303245,0.8791736210994285,0.8503149685031497,0.14978502149785022,0.9987424218303245,0.8791736210994286,0.8791736210994285,0.8791736210994286,0.63244399897534,0.43696269558762585,0.9999999930886931,0.9999993382361851,0.5979124358266859,0.40242206259987673,0.994516909040091,0.985000306407196,0.9999993382361851,0.985000306407196,0.35961838892853787,0.41732630964402057,0.6408365603655461,0.9999999999992459,0.48036964405099,0.5201039092034522,0.7557279755781265,1.0,0.6408365603655461,0.7557279755781265,0.5260049754117574,0.3322950802646396,0.9747221474624128,0.9773139069839524,0.5921460984583654,0.40828126227609923,0.9394385359508244,1.0,0.9747221474624128,0.9394385359508244
gRNA_4782,Gata3,0.9345466049817983,-3.835294450622433,-0.7621832669245111,0.7193419900647877,0.5250477384099657,-0.48370827681807854,0.5250477384099657,981.5936134960083,0.0804235910420925,-0.8792469577918447,1.423991908029424,-0.8471160736641411,-0.6682183800581286,-0.17803318248851957,-0.6682183800581286,0.12079062744007008,0.12079062744007008,0.12079062744007008,0.0,0.0,0.0,0.45983507093169523,0.45983507093169523,0.45983507093169523,-0.08339679549455029,0.47525061250407946,0.6567542393208403,0.667024963972948,0.686944135072473,0.4805154310751581,0.6567542393208403,2797,0.0357525920629245,0.1430103682516982,0.0,7.114765820521988,Gata3,GATA3,H281R,H281R,targeting guide,Missense,0.25977402259774024,0.7403259674032596,0.8877563856517573,0.990842851198751,0.25977402259774024,0.7403259674032596,0.8877563856517575,0.990842851198751,0.8877563856517573,0.8877563856517575,0.21037542890137625,0.364730568620245,0.7892966039099439,0.9999993382361851,0.46922602705348737,0.5319498150650473,0.9237119694874935,1.0,0.7892966039099439,0.9237119694874935,0.009707939101719316,0.9987037556655418,0.07449357351523393,0.9999999999992459,0.002751251515153424,0.9972613464757453,0.03337001837734476,1.0,0.07449357351523393,0.03337001837734476,0.24191846752535198,0.5864335214606022,0.842234664717892,0.9773139069839524,0.27845423448412,0.7219056770074596,0.8522797182251488,1.0,0.842234664717892,0.8522797182251488
gRNA_4829,Gli1,-1.4011837401754532,1.7272115222566635,-1.1077712130493393,-0.20986151732414385,0.2601632277524786,-0.14628834410795885,-0.20986151732414385,2275.282422051514,0.30171876174778245,1.9170843426490873,-1.160723588438867,0.10609250450212873,-0.03779174876174732,0.22527605433967685,0.10609250450212873,-0.13301498320036909,-0.13301498320036909,-0.13301498320036909,0.0,0.0,0.0,0.30368161450742687,0.30368161450742687,0.30368161450742687,-0.4336769970610661,0.2060611940821488,-0.018441333401656965,-0.001558774236478963,0.17507625972259425,-0.014507930178891798,-0.001558774236478963,1258,0.0,0.2384737678855325,0.0,2.46422893481717,Gli1,GLI1,F567S,F565S,targeting guide,Missense,0.7873212678732127,0.21277872212778723,0.9987424218303245,0.8791736210994285,0.7873212678732127,0.21277872212778726,0.9987424218303245,0.8791736210994286,0.8791736210994285,0.8791736210994286,0.04359546018538292,0.7129870213035142,0.3345284291776322,0.9999993382361851,0.10701748428511276,0.8941378515456456,0.44728170415126095,1.0,0.3345284291776322,0.44728170415126095,0.35010485159515026,0.9167924642961123,0.6298537043051508,0.9999999999992459,0.1857718784877288,0.8144021651472599,0.4311742364900372,1.0,0.6298537043051508,0.4311742364900372,0.27527768526835306,0.6792638611995526,0.8667515046095505,0.9773139069839524,0.295088871432604,0.7053038818460016,0.8867042533286659,1.0,0.8667515046095505,0.8867042533286659
gRNA_4888,Gnas,3.992908999762245,3.2920653461038296,1.6005337187516135,-0.7678951263243153,0.12494213073274192,1.6485110138052232,1.6005337187516135,585.9918662449164,0.5948310953697684,0.053372722330895336,1.3923480693568884,1.7423024164151946,0.7357979310762821,0.9037304469098058,0.7357979310762821,0.44576296303932056,0.44576296303932056,0.44576296303932056,0.0,0.0,0.0,0.15888360773926485,0.15888360773926485,0.15888360773926485,0.35273581744755617,0.14117959160576934,-0.6602384414389058,-1.4229773097093263,-6.613464964433122,-1.6405530613056059,-0.6602384414389058,9,0.0,0.0,0.0,11.11111111111111,Gnas,GNAS,Q966R,Q227R,targeting guide,Missense,0.0197980201979802,0.9803019698030196,0.6886947668869478,0.990842851198751,0.019798020197980198,0.9803019698030196,0.6886947668869482,0.990842851198751,0.6886947668869478,0.6886947668869482,0.00046234102821781243,0.9992095922148032,0.01931558073443305,0.9999993382361851,0.00020839919208505653,0.99979642573981,0.011194013746283036,1.0,0.01931558073443305,0.011194013746283036,0.6996251690279627,0.044160088458995106,0.907934526095041,0.9767172506224799,0.8970610800259076,0.10355026392848415,0.99537829772684,0.949631688710001,0.907934526095041,0.949631688710001,1.0968889385287877e-05,0.9833166027228362,0.004124302408868242,0.9997489077454798,6.633630246172014e-05,1.0,0.02494244972560677,1.0,0.004124302408868242,0.02494244972560677
gRNA_5194,Idh2,-0.5024647771546255,-3.5876065226788887,-0.8642657416129726,1.6479949809717307,0.6209974660574624,-0.5370689188834588,-0.5024647771546255,1859.5571622232264,0.1869688241668482,0.6017714830275741,-1.0276763471654085,-0.13099419794537326,-2.376273015633592,-0.5492406507099903,-0.13099419794537326,-0.1439416035409836,-0.1439416035409836,-0.1439416035409836,0.0,0.0,0.0,0.7488878398471465,0.7488878398471465,0.7488878398471465,-0.39379367859303305,0.5381488679767733,0.1426306576570827,1.0947543865572626,0.5670635872933671,0.38976076417829053,0.5381488679767733,3364,0.8026159334126041,1.159334126040428,0.0297265160523186,9.3935790725327,Idh2,IDH2,R172G,R172G,targeting guide,Missense,0.7931206879312069,0.206979302069793,0.9987424218303245,0.8791736210994285,0.7931206879312068,0.20697930206979298,0.9987424218303245,0.8791736210994286,0.8791736210994285,0.8791736210994286,0.5891315865287726,0.20429492559793538,0.9999999930886931,0.9037046120567495,0.7161174793246111,0.28433385534493627,1.0,0.8484883302356828,0.9037046120567495,0.8484883302356828,0.013703710089069761,0.9871586569744899,0.09721877346207981,0.9999999999992459,0.007764567513091651,0.9922792443190703,0.05724465460632276,1.0,0.09721877346207981,0.05724465460632276,0.2657835628572181,0.51737791498084,0.8595710921679729,0.9773139069839524,0.3574960481350128,0.6429665932073025,0.889213877247704,1.0,0.8595710921679729,0.889213877247704
gRNA_5228,Igf1r,1.928585747841895,-1.660068086560942,0.9006892421265447,-1.8329666189896725,1.8632252881720492,0.23989311451797488,0.9006892421265447,1425.8773911733695,-0.14992849357237673,-0.8767746343772346,-0.7073029380405588,-0.33107518134072744,0.46055411628212395,-0.3209054262097547,-0.33107518134072744,0.22735280678478656,0.22735280678478656,0.22735280678478656,0.0,0.0,0.0,-0.22225109244284358,-0.22225109244284358,-0.22225109244284358,0.5001559398332077,0.5718083715427594,-0.24500252608454154,1.3521038220180928,0.7938019533136272,0.5945735121246292,0.5718083715427594,10353,0.0,0.0289771080846131,0.0,7.727228822563509,Igf1r,IGF1R,N370S,N369S,targeting guide,Missense,0.1173882611738826,0.8827117288271172,0.7385842060955193,0.990842851198751,0.11738826117388246,0.8827117288271171,0.7385842060955193,0.990842851198751,0.7385842060955193,0.7385842060955193,0.7430649152096727,0.413058400884079,0.9999999930886931,0.9999993382361851,0.6856809152854034,0.3145823443570095,1.0,0.8893455750243275,0.9999993382361851,0.8893455750243275,0.0020964320060218415,0.9975402798662055,0.029773724072069633,0.9999999999992459,0.0009231978309437532,0.9990872686274801,0.015143343531186364,1.0,0.029773724072069633,0.015143343531186364,0.027207069936790566,0.7272835916368501,0.6017563703666619,0.9773139069839524,0.06245002362785963,0.9378169776596418,0.8053393290168859,1.0,0.6017563703666619,0.8053393290168859
gRNA_5236,Igf1r,1.094259839959943,1.376285015647674,0.3698944315320282,0.579251962303315,-0.2307370736287798,0.6377908351628361,0.579251962303315,1446.482904051815,-0.1019587740782924,0.19752420511127522,-0.17690853324331912,0.22332381517726807,0.29967711821186654,0.08833156623575966,0.19752420511127522,0.25165278169078864,0.25165278169078864,0.25165278169078864,0.0,0.0,0.0,0.6579515697113735,0.6579515697113735,0.6579515697113735,-0.24232748263227807,0.2551730537354875,0.3511560654536116,1.7662170924803378,0.3906270363113932,0.5041691530697104,0.3511560654536116,5815,0.0515907136715391,0.1031814273430782,0.5503009458297506,27.94496990541703,Igf1r,IGF1R,D556G,D555G,targeting guide,Missense,0.0953904609539046,0.9047095290470953,0.7385842060955193,0.990842851198751,0.09539046095390463,0.9047095290470952,0.7385842060955193,0.990842851198751,0.7385842060955193,0.7385842060955193,0.38879860354904167,0.9114431523873828,0.9937087802804399,0.9999993382361851,0.20720966722980783,0.7929705434234969,0.6638911787731914,1.0,0.9937087802804399,0.6638911787731914,0.003350007345110995,0.9914865510229737,0.038169780659446484,0.9999999999992459,0.0033297744129792356,0.9968285050802177,0.03912484935250602,1.0,0.038169780659446484,0.03912484935250602,0.045815595951080375,0.9921641380458358,0.7788968766315769,0.9997489077454798,0.017365417752656133,0.9826822391752889,0.505174125530951,1.0,0.7788968766315769,0.505174125530951
gRNA_5373,Inha,0.16806972899903624,-3.081620310898119,0.39947075688773587,-0.615987723488763,0.7161301110996605,-0.4827874874800898,0.16806972899903624,2358.065973791234,-0.2873921624592689,-1.1929379933246227,-0.3990439715776852,-0.47879135431377634,-1.0200875362095105,-0.6756506035769727,-0.47879135431377634,-0.17109248855009196,-0.17109248855009196,-0.17109248855009196,0.0,0.0,0.0,0.7541157983417335,0.7541157983417335,0.7541157983417335,-0.3453644085202584,0.3419046923066104,0.6361881255788757,0.9429865736702155,-0.5928950180293645,0.19656399300121577,0.3419046923066104,7225,0.0138408304498269,0.4290657439446367,0.0,16.387543252595155,Inha,INHA,V179A,V178A,targeting guide,Missense,0.8373162683731625,0.16278372162783725,0.9987424218303245,0.8791736210994285,0.8373162683731626,0.16278372162783722,0.9987424218303245,0.8791736210994286,0.8791736210994285,0.8791736210994286,0.9798294322777675,0.12785742246272525,0.9999999930886931,0.7214163154567529,0.9464067588072954,0.05368483145500051,1.0,0.3683130879173504,0.7214163154567529,0.3683130879173504,0.04691755569798183,0.9251548092001611,0.20986375978179816,0.9999999999992459,0.0418298806751599,0.9583106091670693,0.17776492015557363,1.0,0.20986375978179816,0.17776492015557363,0.40741340321322567,0.655829438210533,0.9202736770867305,0.9773139069839524,0.35439612446388113,0.6459069129807932,0.889213877247704,1.0,0.9202736770867305,0.889213877247704
gRNA_5374,Inha,-1.2764551890296005,-3.2045189955159823,0.617052531629016,-1.5496060141905288,-0.7124747230770099,-1.2252004780368213,-1.2764551890296005,885.0730531706582,-0.6173018685115295,0.42509822617951976,-1.4331022461099998,0.20061629424545027,-0.012827383524115348,-0.2875033955441349,-0.012827383524115348,0.3247344671308699,0.3247344671308699,0.3247344671308699,0.0,0.0,0.0,0.31006431445265514,0.31006431445265514,0.31006431445265514,-3.5513220216889074,0.01664765959179665,0.19515710452650945,0.6075483611619557,0.6163506271395113,-0.423123653853827,0.19515710452650945,677,0.0,0.0,42.09748892171344,10.635155096011816,Inha,INHA,V179A,V178A,targeting guide,Missense,0.043995600439956,0.9561043895610439,0.6886947668869478,0.990842851198751,0.043995600439956005,0.9561043895610439,0.6886947668869482,0.990842851198751,0.6886947668869478,0.6886947668869482,0.5925365247801924,0.39565512831922395,0.9999999930886931,0.9999993382361851,0.5957855619937142,0.4045732922295928,0.994516909040091,0.985000306407196,0.9999993382361851,0.985000306407196,0.10470209025486793,0.44571644324867177,0.32535525566801937,0.9999999999992459,0.18870199083296585,0.811861698946264,0.43528802793371263,1.0,0.32535525566801937,0.43528802793371263,0.8396407528354904,0.23301978334629544,0.9999999998916369,0.9773139069839524,0.8313712668975433,0.16883994966597354,0.9776886959503303,1.0,0.9773139069839524,0.9776886959503303
gRNA_5501,Inppl1,-1.8344524637486572,-3.583531548449312,0.5196332261228586,0.630940924314627,-0.8587100606297865,-1.025223984478054,-0.8587100606297865,1469.0164181352613,-0.6381214272880317,0.5783613794053933,-0.7979943249757272,0.1950357161965554,0.1314355095575106,-0.10625662942085992,0.1314355095575106,0.31654080164383785,0.31654080164383785,0.31654080164383785,0.0,0.0,0.0,0.6315257554628393,0.6315257554628393,0.6315257554628393,-0.4224308175227457,0.14185790184918662,-1.1402978287276475,0.8278533041972426,0.26124379330038366,-0.06635472938071606,0.14185790184918662,1735,0.0,0.0,0.0,9.106628242074928,Inppl1,INPPL1,L58P,L58P,targeting guide,Missense,0.048195180481951795,0.9519048095190481,0.6886947668869478,0.990842851198751,0.04819518048195179,0.9519048095190481,0.6886947668869482,0.990842851198751,0.6886947668869478,0.6886947668869482,0.4605337968881269,0.6287294342302474,0.9999999930886931,0.9999993382361851,0.40785999899773484,0.5924441939231893,0.8782050990961231,1.0,0.9999993382361851,0.8782050990961231,0.16975890666416354,0.714392186340599,0.4118022510046806,0.9999999999992459,0.19346226252910587,0.8068763468282909,0.43557970485595093,1.0,0.4118022510046806,0.43557970485595093,0.6041121751135868,0.3311128529135267,0.9747221474624128,0.9773139069839524,0.6539110563481977,0.3464298479298662,0.9604318640114153,1.0,0.9747221474624128,0.9604318640114153
gRNA_5621,Irf8,0.27764209901096687,-2.301757938796386,1.8831151796883796,0.2249723540248642,-2.111256897387567,-0.4054570406919485,0.2249723540248642,1469.9804187377617,-0.2661796867950677,0.05079754763488999,1.072512735315942,0.13691825755995898,-0.25689206426340544,0.14743135789046358,0.05079754763488999,0.16585348285085344,0.16585348285085344,0.16585348285085344,0.0,0.0,0.0,0.7680593930085284,0.7680593930085284,0.7680593930085284,-0.7817783105001879,-0.4112070317325679,-0.4088876047464449,0.7534029087438822,0.4522125148809574,-0.0792515046708722,-0.4088876047464449,10104,1.1678543151227236,1.7121931908155186,0.0,12.55938242280285,Irf8,IRF8,T80A,T80A,targeting guide,Missense,0.17658234176582344,0.8235176482351765,0.8852661400526615,0.990842851198751,0.17658234176582344,0.8235176482351765,0.8852661400526615,0.990842851198751,0.8852661400526615,0.8852661400526615,0.20389613323284778,0.8689406497284127,0.7822953683219466,0.9999993382361851,0.16126882886632116,0.8390117158936212,0.5774959967022548,1.0,0.7822953683219466,0.5774959967022548,0.20797621957118875,0.7394074704341472,0.4629455262160131,0.9999999999992459,0.21987180686890612,0.7804545549281788,0.4778716727324202,1.0,0.4629455262160131,0.4778716727324202,0.21008921382735626,0.5567157760518368,0.7936879821386053,0.9773139069839524,0.306371987900749,0.6941373841508248,0.889213877247704,1.0,0.7936879821386053,0.889213877247704
gRNA_5624,Irs1,-1.1700604478048668,-0.32280934072808737,-1.574873713991281,-0.1337952360604625,0.3067175731194081,-0.5789642330930579,-0.32280934072808737,1925.2297032685647,0.29881809934925296,0.6417618048769794,-0.3335328437878567,-0.2213479623841973,0.745901807254191,0.22632018106167387,0.29881809934925296,0.0633866237185887,0.0633866237185887,0.0633866237185887,0.0,0.0,0.0,0.5559494570627468,0.5559494570627468,0.5559494570627468,1.9263475248801014,-0.040393054745577174,0.061588607106112025,0.6597285800918911,1.0736719561048644,0.7361887226874784,0.6597285800918911,3828,0.3918495297805642,0.6530825496342737,2.220480668756531,4.519331243469175,Irs1,IRS1,V277A,V282A,targeting guide,Missense,0.31326867313268686,0.6868313168683133,0.8977869130380195,0.990842851198751,0.31326867313268675,0.6868313168683132,0.8977869130380195,0.990842851198751,0.8977869130380195,0.8977869130380195,0.1473257537558963,0.9218993343048234,0.6855811730068448,0.9999993382361851,0.09499528276025776,0.9051613778144978,0.44516520168801754,1.0,0.6855811730068448,0.44516520168801754,6.433511669086654e-05,0.9979020221959175,0.0030237504844707274,0.9999999999992459,0.00010576896084628454,1.0,0.004418792142022555,1.0,0.0030237504844707274,0.004418792142022555,0.7278759806420562,0.5472595592981946,0.9999999998916369,0.9773139069839524,0.5988293021249211,0.4014255892703297,0.9415240594453308,1.0,0.9773139069839524,0.9415240594453308
gRNA_5625,Irs1,-0.5012069495607405,-3.3502246937555706,1.0558751356529152,-0.012052833529312376,-0.5821699101829009,-0.677955850275122,-0.5012069495607405,1776.1711101069438,0.4170372506588265,-0.5324122463739486,-1.6077723651489122,-0.3903961374661279,-0.2790575959462959,-0.47852021885529156,-0.3903961374661279,-0.30579466516234427,-0.30579466516234427,-0.30579466516234427,0.0,0.0,0.0,0.13321119749753552,0.13321119749753552,0.13321119749753552,0.3730393784251784,0.0570272736928053,0.3763709386090293,1.2853438749658184,-0.6201142158509815,0.29433344996836996,0.3730393784251784,2326,0.6878761822871883,1.590713671539123,0.0,11.392949269131556,Irs1,IRS1,V277A,V282A,targeting guide,Missense,0.9677032296770323,0.032396760323967606,0.9988569143085692,0.5536900855369009,0.9677032296770323,0.03239676032396761,0.9988569143085692,0.553690085536901,0.5536900855369009,0.553690085536901,0.8099104256351974,0.2425289675189809,0.9999999930886931,0.9127843457545856,0.8035017673263691,0.19675856326419017,1.0,0.7182642697799564,0.9127843457545856,0.7182642697799564,0.029430226345499525,0.9593387064013199,0.1515858233686003,0.9999999999992459,0.023556873337076668,0.9765721749870117,0.1283678894889975,1.0,0.1515858233686003,0.1283678894889975,0.49740015264725745,0.5244003643385526,0.9747221474624128,0.9773139069839524,0.4864280853500304,0.5139259332410636,0.9342435216116826,1.0,0.9747221474624128,0.9342435216116826
gRNA_5740,Jak1,-0.8058865259721423,-3.754889079348892,-1.2519498913068785,-0.03679228819098027,-0.46174368767644325,-1.2622522944990673,-0.8058865259721423,3308.570567856605,-0.21761383200116627,-1.502776472737625,-0.59907305622319,-0.5445036856547912,-0.31042187742242894,-0.6348777848078402,-0.5445036856547912,0.04359093790845369,0.04359093790845369,0.04359093790845369,0.0,0.0,0.0,-0.6093081715701718,-0.6093081715701718,-0.6093081715701718,0.0371927173298902,-0.02351309964086695,-0.4187150479685308,0.45861711097592867,0.5149883726163917,0.11371401066256256,0.0371927173298902,27935,17.32593520672991,21.22427062824414,1.020225523536782,7.03418650438518,Jak1,JAK1,Y651H,Y652H,targeting guide,Missense,0.39196080391960797,0.6081391860813918,0.963250080220736,0.990842851198751,0.391960803919608,0.6081391860813918,0.9632500802207361,0.990842851198751,0.963250080220736,0.9632500802207361,0.9669084174436648,0.15266465846382044,0.9999999930886931,0.7757015078702227,0.9266226597648862,0.07349929113389721,1.0,0.39479619237636215,0.7757015078702227,0.39479619237636215,0.14188216376556123,0.9547297288826315,0.37306079423672045,0.9999999999992459,0.07520361682885682,0.9249210097400964,0.2510092658522465,1.0,0.37306079423672045,0.2510092658522465,0.9023675200257077,0.247496176802673,0.9999999998916369,0.9773139069839524,0.845777208233898,0.15441701219593862,0.9845579885323394,1.0,0.9773139069839524,0.9845579885323394
gRNA_6080,Keap1,0.5202569514205647,-2.781248285284171,-0.025572537187066646,1.0686270011801995,-0.00473704516060234,-0.24453478300621517,-0.00473704516060234,1299.7138123211328,0.18607636890724158,0.29427760379616624,0.8287827150797336,-0.8856228428974989,-0.7981073614309052,-0.07491870330905255,0.18607636890724158,0.35208375406538617,0.35208375406538617,0.35208375406538617,0.0,0.0,0.0,0.45895589101522116,0.45895589101522116,0.45895589101522116,-0.7470001658667014,0.23594574062649415,-0.3120769275725779,0.8737146189966801,0.761602092727491,0.16243707178227723,0.23594574062649415,3663,3.43980343980344,4.095004095004095,0.0273000273000273,5.651105651105651,Keap1,KEAP1,Y33H,Y33H,targeting guide,Missense,0.03359664033596641,0.9665033496650335,0.6886947668869478,0.990842851198751,0.03359664033596641,0.9665033496650335,0.6886947668869482,0.990842851198751,0.6886947668869478,0.6886947668869482,0.30285028169677214,0.5946402603321802,0.9645843455104646,0.9999993382361851,0.3383851220871134,0.6619854621464935,0.8211052979736686,1.0,0.9645843455104646,0.8211052979736686,0.050132481921502714,0.8910552126742085,0.2142024227555116,0.9999999999992459,0.05250728244569892,0.9476618991698144,0.20565352291232078,1.0,0.2142024227555116,0.20565352291232078,0.2613982917553154,0.7629408664979221,0.8595710921679729,0.9773139069839524,0.21957404072784525,0.7806901518435022,0.8202926364723093,1.0,0.8595710921679729,0.8202926364723093
gRNA_6081,Keap1,-0.6547508290234473,-2.5336020082214104,-0.6046590324241128,-0.7153313455726126,0.49053244446560296,-0.8035621541551959,-0.6547508290234473,1178.0087362554602,0.19742899360845373,1.841629499821432,0.6218760152799466,0.48212557929580757,-0.8038208011529326,0.4678478573705414,0.48212557929580757,-0.376305566048993,-0.376305566048993,-0.376305566048993,0.0,0.0,0.0,0.45679478767140885,0.45679478767140885,0.45679478767140885,-0.357779699815009,-0.009040034803730983,-0.8335843369447578,0.3242518258151503,0.4933754499594087,-0.07655535915778776,-0.009040034803730983,3373,7.82686036169582,9.54639786540172,0.3557663800770827,8.894159501927067,Keap1,KEAP1,Y33H,Y33H,targeting guide,Missense,0.9916008399160084,0.008499150084991502,0.9988569143085692,0.45652577599382926,0.9916008399160084,0.008499150084991499,0.9988569143085692,0.4565257759938291,0.45652577599382926,0.4565257759938291,0.01320812760066259,0.913462948768418,0.18393540658700494,0.9999993382361851,0.019596000300330856,0.9806377455277396,0.1754308598315334,1.0,0.18393540658700494,0.1754308598315334,0.27803094896669334,0.8039724379798854,0.5498332899826901,0.9999999999992459,0.21717850202492056,0.783066755897476,0.4747623067521519,1.0,0.5498332899826901,0.4747623067521519,0.7735233779199656,0.43908605041336396,0.9999999998916369,0.9773139069839524,0.6846970585307363,0.3155550239561925,0.966809041906353,1.0,0.9773139069839524,0.966809041906353
gRNA_6087,Keap1,-0.6201459740257587,-1.5953820527464444,-0.10286127583958231,0.1804894529730751,2.363888915282062,0.04519781312867037,-0.10286127583958231,1302.003313752071,0.04870862541054879,-0.6364145954688846,1.1167632109528822,0.9792652615129969,-0.5359432684728025,0.19447584678694815,0.04870862541054879,-0.07827616847348831,-0.07827616847348831,-0.07827616847348831,0.0,0.0,0.0,0.713987287159438,0.713987287159438,0.713987287159438,-1.5349195309033534,-1.3144039106344878,-0.261502923680402,1.1583318620822654,1.0086001199260592,-0.1887788766419837,-0.261502923680402,2762,0.0724112961622013,0.1810282404055032,0.0,11.984069514844316,Keap1,KEAP1,H311R,H311R,targeting guide,Missense,0.6627337266273373,0.33736626337366266,0.9987424218303245,0.9808943917638312,0.6627337266273373,0.33736626337366266,0.9987424218303245,0.9808943917638311,0.9808943917638312,0.9808943917638311,0.0731385852127167,0.7697435254779937,0.461489729644555,0.9999993382361851,0.11071106739782488,0.8896114104181261,0.4506180024738623,1.0,0.461489729644555,0.4506180024738623,0.046797763401624615,0.3020952267811433,0.20986375978179816,0.9999999999992459,0.25469191337931196,0.7463192717695446,0.5093838267586239,1.0,0.20986375978179816,0.5093838267586239,0.14425898951470567,0.7499967925637268,0.7788968766315769,0.9773139069839524,0.18738931774538087,0.813156465009828,0.8202926364723093,1.0,0.7788968766315769,0.8202926364723093
gRNA_6111,Kit,1.0928345667512898,-3.328112721838815,-1.4338363005015904,0.3083840774035573,0.6346178789673921,-0.5452224998436332,0.3083840774035573,2219.4908871818043,0.16385736267217924,-0.13332631266421222,0.6593776184508601,0.2508873234149688,0.835472085825608,0.3552536155398808,0.2508873234149688,0.11357849895496416,0.11357849895496416,0.11357849895496416,0.0,0.0,0.0,0.08481827820341481,0.08481827820341481,0.08481827820341481,0.4767615004003696,0.5368834007662292,0.05294336151287221,0.9704429755393926,-0.022800344818931874,0.40284617867998646,0.4767615004003696,12031,0.0415593051284182,0.0997423323082038,0.0,6.383509267725043,Kit,KIT,I800V,I798V,targeting guide,Missense,0.2751724827517248,0.7249275072492751,0.8877563856517573,0.990842851198751,0.2751724827517248,0.7249275072492751,0.8877563856517575,0.990842851198751,0.8877563856517573,0.8877563856517575,0.08133771924757757,0.978801859369613,0.4932739102756318,0.9999993382361851,0.03815464390447057,0.96193066940891,0.2552563461886901,1.0,0.4932739102756318,0.2552563461886901,0.015467259574067955,0.9962993341219544,0.10393401742505232,0.9999999999992459,0.005928900628085775,0.9941005243516536,0.050809343847313074,1.0,0.10393401742505232,0.050809343847313074,0.29264621058951695,0.5480095353881672,0.8828612706669595,0.9773139069839524,0.3425322162488391,0.6578405498282014,0.889213877247704,1.0,0.8828612706669595,0.889213877247704
gRNA_6125,Kit,-2.054047541360267,-1.4885010750457026,0.4795828735623704,0.501991564719112,-3.2871953315618416,-1.169633901937266,-1.4885010750457026,513.3303208314505,0.04137809119684016,-0.5637485516700245,1.2866194832457105,-1.0933700802526598,-0.41834439384690836,-0.14949309026540838,-0.41834439384690836,0.385278167514323,0.385278167514323,0.385278167514323,0.0,0.0,0.0,0.7206306450928608,0.7206306450928608,0.7206306450928608,1.217481953354483,0.708149036816819,0.8510784595008355,1.156642227769498,0.9702544886933391,0.9807212332269948,0.9702544886933391,2880,0.0347222222222222,0.0347222222222222,5.763888888888889,5.208333333333334,Kit,KIT,L579P,L576P,targeting guide,Missense,0.0244975502449755,0.9756024397560243,0.6886947668869478,0.990842851198751,0.02449755024497549,0.9756024397560243,0.6886947668869482,0.990842851198751,0.6886947668869478,0.6886947668869482,0.24478272907332224,0.41802417928403574,0.8508238606739431,0.9999993382361851,0.447308581946561,0.5535705541371896,0.8964352252234117,1.0,0.8508238606739431,0.8964352252234117,2.741524116359284e-05,0.9999997626724544,0.002542153521399977,0.9999999999992459,2.857076168638127e-06,0.999997211401853,0.0003580868798026453,1.0,0.002542153521399977,0.0003580868798026453,0.6840560041096289,0.27769031431435637,0.9999999998916369,0.9773139069839524,0.7287245559832195,0.27157374289258457,0.966809041906353,1.0,0.9773139069839524,0.966809041906353
gRNA_6472,Kmt2d,-1.2858439385200802,-3.9026099519434307,-1.7126196285329631,-0.8848615800464076,-1.169884806878158,-1.791163981184208,-1.2858439385200802,766.0189787618617,0.04270205042404154,0.4414403498197684,0.12276632428141131,-0.38121387848990224,-1.3724004032912416,-0.22934111145118452,0.04270205042404154,0.09707493515317785,0.09707493515317785,0.09707493515317785,0.0,0.0,0.0,0.4101026570967477,0.4101026570967477,0.4101026570967477,-0.5804574816471211,0.19525268613712263,-2.0624357013169448,1.2278625552605484,-0.8825068797395733,-0.42045696426119356,-0.5804574816471211,586,0.1706484641638225,0.5119453924914675,0.0,9.215017064846416,Kmt2d,KMT2D,K4845R,K4794R,targeting guide,Missense,0.28337166283371656,0.7167283271672833,0.8877563856517573,0.990842851198751,0.2833716628337166,0.7167283271672833,0.8877563856517575,0.990842851198751,0.8877563856517573,0.8877563856517575,0.5649937837224732,0.47122664386112745,0.9999999930886931,0.9999993382361851,0.5369707131154409,0.46337961541622086,0.9672809936819576,1.0,0.9999993382361851,0.9672809936819576,0.2017460550403409,0.2193684283292748,0.46253973594614745,0.9999999999992459,0.5245601895715303,0.4765470010568154,0.7837322040140626,1.0,0.46253973594614745,0.7837322040140626,0.9913774108732982,0.07765308412492086,0.9999999998916369,0.9773139069839524,0.9719147046595139,0.028147208145978132,1.0,0.6614593914304862,0.9773139069839524,0.6614593914304862
gRNA_6480,Kmt2d,-1.7261714850102223,-5.152804409271454,-4.155638771029372,0.46779329099121725,-1.4122270787151012,-2.395809690606986,-1.7261714850102223,1005.4526284078928,-0.32684529177036287,-0.21459598598585553,-0.47114953911560303,0.21263033287100322,0.5056043215295989,-0.058871232494243864,-0.21459598598585553,-0.3553748480410774,-0.3553748480410774,-0.3553748480410774,0.0,0.0,0.0,-0.1974141080848772,-0.1974141080848772,-0.1974141080848772,-0.1637100501272461,-1.3209038504129496,-1.2163166840436601,-0.4291087350650222,-4.718585763035178,-1.569725016536811,-1.2163166840436601,3532,0.0,0.0,0.0,20.300113250283125,Kmt2d,KMT2D,Non-coding,,targeting guide,Intron,0.9827017298270173,0.01739826017398261,0.9988569143085692,0.5536900855369009,0.9827017298270173,0.01739826017398261,0.9988569143085692,0.553690085536901,0.5536900855369009,0.553690085536901,0.510698294837064,0.7300088609141604,0.9999999930886931,0.9999993382361851,0.3843569797992402,0.6159060042186413,0.8782050990961231,1.0,0.9999993382361851,0.8782050990961231,0.9804396923106281,0.019710411238431657,0.9999999999053213,0.8234571806278115,0.9871926989516848,0.012879453572372196,1.0,0.5359327811270919,0.8234571806278115,0.5359327811270919,0.9369507554744448,0.021855842208796713,0.9999999998916369,0.6872679266058211,0.9798348222268072,0.020258470583710723,1.0,0.6614593914304862,0.6872679266058211,0.6614593914304862
gRNA_6629,Kmt2d,-0.6445977713764195,-5.026554960458894,-1.537331272014782,0.9827829075906591,-2.819282661048484,-1.8089967514615843,-1.537331272014782,1077.511673444796,0.35702071653563944,1.024425431287532,0.5066210793175503,0.5954082048780117,-0.07549005544892351,0.481597075313962,0.5066210793175503,-0.05903038665218521,-0.05903038665218521,-0.05903038665218521,0.0,0.0,0.0,0.15643749502564522,0.15643749502564522,0.15643749502564522,-0.6180337199244007,-0.14430555824580932,-0.21141803431214728,0.9006703440817289,-0.31752797126879306,-0.07812298793388431,-0.21141803431214728,1304,0.0766871165644171,0.3067484662576687,9.049079754601228,13.650306748466257,Kmt2d,KMT2D,M3726V,M3728V,targeting guide,Missense,0.6245375462453754,0.3755624437556245,0.9953525655837778,0.987492859105698,0.6245375462453755,0.3755624437556244,0.9953525655837777,0.9874928591056978,0.987492859105698,0.9874928591056978,0.0326864888945102,0.9932558408735719,0.2885677124963007,0.9999993382361851,0.012656203152463883,0.9873860488148943,0.14127341583381697,1.0,0.2885677124963007,0.14127341583381697,0.24815242999302875,0.7858156972781405,0.5212587356278146,0.9999999999992459,0.23466670835089137,0.765716088902984,0.4904980034060075,1.0,0.5212587356278146,0.4904980034060075,0.7701254155069596,0.073134927313527,0.9999999998916369,0.9773139069839524,0.9051754898563984,0.09510565213281713,0.9945141890905704,0.9220452779452667,0.9773139069839524,0.9220452779452667
gRNA_6712,Kras,1.2139364333378084,1.9679088804751408,-0.23999255159808836,0.9840089606036938,0.28791291096124594,0.84275492675596,0.9840089606036938,2017.7737611086006,0.17974524305942957,0.45649980257269474,0.6663159776481802,0.6942728573714718,0.17218425964443798,0.43380362805924283,0.45649980257269474,0.36558688612371226,0.36558688612371226,0.36558688612371226,0.0,0.0,0.0,0.2177204080723432,0.2177204080723432,0.2177204080723432,-0.09366863424348483,0.1533223771131784,-0.6189022438889717,0.6752573355663332,0.5930297600076536,0.14180771891094174,0.1533223771131784,14339,0.0209219610851523,0.0697398702838412,1.429667340818746,4.121626333775019,Kras,KRAS,Q61R,Q61R,targeting guide,Missense,0.03359664033596641,0.9665033496650335,0.6886947668869478,0.990842851198751,0.03359664033596641,0.9665033496650335,0.6886947668869482,0.990842851198751,0.6886947668869478,0.6886947668869482,0.0603737432873705,0.9941229985779603,0.44510838188335905,0.9999993382361851,0.020158131794605474,0.9798886488594243,0.1760908783549971,1.0,0.44510838188335905,0.1760908783549971,0.09237104528890909,0.9385485885028728,0.29433485617482896,0.9999999999992459,0.060755079859850236,0.9393756399324664,0.21965298103176623,1.0,0.29433485617482896,0.21965298103176623,0.014836409822505657,0.9946099329402357,0.5546799767698671,0.9997489077454798,0.006280304915883249,0.9937508212867423,0.26237718315245573,1.0,0.5546799767698671,0.26237718315245573
gRNA_6743,Lats1,0.7889356849127038,-3.2307525456776407,-1.555943856193043,0.5823989004174258,1.482385892196805,-0.3865951848687498,0.5823989004174258,2467.359542099714,-0.15907604188526414,0.5864940251987657,0.31249924119763983,0.3246722725050968,0.7347275491187534,0.35986340922699833,0.3246722725050968,0.060294145466993174,0.060294145466993174,0.060294145466993174,0.0,0.0,0.0,-0.0929713739641436,-0.0929713739641436,-0.0929713739641436,-0.1838466715626937,-0.03000099178942493,-0.07013445649747463,0.9431167967736667,1.303771501499714,0.3925812356847575,-0.03000099178942493,5785,0.1210025929127052,0.2074330164217804,0.0,33.37942955920484,Lats1,LATS1,H748R,H749R,targeting guide,Missense,0.31756824317568244,0.6825317468253175,0.8977869130380195,0.990842851198751,0.31756824317568244,0.6825317468253175,0.8977869130380195,0.990842851198751,0.8977869130380195,0.8977869130380195,0.08627798334027843,0.9835037413854161,0.5068831521241358,0.9999993382361851,0.03596045261759041,0.9641127053056379,0.24747203411807506,1.0,0.5068831521241358,0.24747203411807506,0.013055926654659728,0.9783584118743699,0.0962554592578835,0.9999999999992459,0.010949949224519476,0.9891345993028693,0.07352108765034505,1.0,0.0962554592578835,0.07352108765034505,0.162532854878201,0.5891227166306401,0.7788968766315769,0.9773139069839524,0.23203744258052406,0.7683348387071118,0.8202926364723093,1.0,0.7788968766315769,0.8202926364723093
gRNA_6745,Lats1,0.6668785413891819,0.850622091193771,1.6759807030997023,1.7669277269205608,0.6214881013714154,1.1163794327949264,0.850622091193771,1983.67223979515,0.0382167043275798,-0.843699083290267,0.6170448708894871,0.13783903308091477,-0.09017201228838093,-0.02815409745613324,0.0382167043275798,0.15014683132814832,0.15014683132814832,0.15014683132814832,0.0,0.0,0.0,0.4356915464884245,0.4356915464884245,0.4356915464884245,1.0427688902382264,0.2808402892825686,1.0938102033158645,1.3962985238391288,1.0565711882149482,0.9740578189781474,1.0565711882149482,9106,0.2086536349659565,0.505161432022842,0.0,32.71469360860971,Lats1,LATS1,H748R,H749R,targeting guide,Missense,0.20197980201979795,0.7981201879812019,0.8877563856517573,0.990842851198751,0.20197980201979804,0.7981201879812019,0.8877563856517575,0.990842851198751,0.8877563856517573,0.8877563856517575,0.40228582938246715,0.7452791935837051,0.9937087802804399,0.9999993382361851,0.3128867890259232,0.687385612969894,0.7985881945471287,1.0,0.9937087802804399,0.7985881945471287,3.384215718832088e-05,0.9999919639492776,0.002542153521399977,0.9999999999992459,5.674523885141123e-06,0.9999944813824311,0.0005334052452032656,1.0,0.002542153521399977,0.0005334052452032656,0.004807737160799696,0.9997489077454798,0.30128486207678096,0.9997489077454798,0.0010818166632918947,0.9989247975467043,0.13558768846591748,1.0,0.30128486207678096,0.13558768846591748
gRNA_6781,Lck,0.13182544907543822,-3.200193344232385,-1.0546422960652109,0.5770645461423737,-0.630350965437266,-0.8352593221034098,-0.630350965437266,1807.9831299894563,-0.1308266592872898,-0.090974592197599,-0.15912686213060584,-1.291216901692399,0.5041476395605504,-0.23359947514946863,-0.1308266592872898,-0.13706388069977932,-0.13706388069977932,-0.13706388069977932,0.0,0.0,0.0,0.24754221989224726,0.24754221989224726,0.24754221989224726,-0.13413663559590083,-0.39615181536139044,-0.0832445780165418,0.6161323592437814,0.25581911461302137,0.051683688976593936,-0.0832445780165418,3619,2.4039789997236807,3.923735838629456,0.0,17.60154738878143,Lck,LCK,T497A,T486A,targeting guide,Missense,0.7873212678732127,0.21277872212778723,0.9987424218303245,0.8791736210994285,0.7873212678732127,0.21277872212778726,0.9987424218303245,0.8791736210994286,0.8791736210994285,0.8791736210994286,0.6018098772476391,0.4862191755492329,0.9999999930886931,0.9999993382361851,0.5548688485280978,0.4454627441415669,0.9794867936458439,1.0,0.9999993382361851,0.9794867936458439,0.20807923917687823,0.9272927265977534,0.4629455262160131,0.9999999999992459,0.12176118323050578,0.8784088494342971,0.3391274436642235,1.0,0.4629455262160131,0.3391274436642235,0.6681871496513737,0.4393167056396295,0.9999999998916369,0.9773139069839524,0.6227643371101826,0.3775345922726759,0.9441910917476963,1.0,0.9773139069839524,0.9441910917476963
gRNA_6782,Lck,-3.6826459991083937,-5.138561189201132,-4.511469162174117,-1.2156180795675147,-0.06783132084513116,-2.9232251501792574,-3.6826459991083937,643.3499020936888,-0.7699406464512787,-0.8947924870314377,0.995981874512133,-0.5829605188116832,0.30387396466548267,-0.18956756262335678,-0.5829605188116832,0.07597366481308222,0.07597366481308222,0.07597366481308222,0.0,0.0,0.0,0.07792643091398663,0.07792643091398663,0.07792643091398663,-2.088635224421219,0.22738834492159923,-0.7715228437998818,-0.09379715265076588,0.7611158137084161,-0.3930902124483703,-0.09379715265076588,271,1.4760147601476017,2.214022140221402,8.118081180811808,19.92619926199262,Lck,LCK,T497A,T486A,targeting guide,Missense,0.29277072292770717,0.7073292670732926,0.8877563856517573,0.990842851198751,0.2927707229277072,0.7073292670732927,0.8877563856517575,0.990842851198751,0.8877563856517573,0.8877563856517575,0.35454105897436783,0.4219724070733517,0.9937087802804399,0.9999993382361851,0.4905256925832159,0.5099602648286156,0.9457500866032145,1.0,0.9937087802804399,0.9457500866032145,0.29308726944238794,0.3124252693366862,0.5650408265853902,0.9999999999992459,0.47254769881169245,0.5280903722664085,0.7496959272286766,1.0,0.5650408265853902,0.7496959272286766,0.9869990320114999,0.007354887000692364,0.9999999998916369,0.39506250175147556,0.9954446579446695,0.004585522150523961,1.0,0.21551954107462618,0.39506250175147556,0.21551954107462618
gRNA_6797,Lyn,0.21938264492566836,-1.2582741980415904,-0.2221256606431997,0.032605931128628036,-0.20063614343201583,-0.2858094852125019,-0.20063614343201583,1888.3566802229252,-0.14323445537793314,0.05178296296100385,0.07462867280349904,0.31428785486529154,0.055272756107331344,0.07054755827183853,0.055272756107331344,0.09944185683585968,0.09944185683585968,0.09944185683585968,0.0,0.0,0.0,0.167374813683476,0.167374813683476,0.167374813683476,-0.22810508485379957,0.04645480570817911,0.10027199180574589,0.3004686016493414,-0.5682248053292585,-0.06982689820395832,0.04645480570817911,4713,0.8062805007426267,1.4003819223424572,0.0848716316571186,16.104392106938256,Lyn,LYN,V303A,V303A,targeting guide,Missense,0.28337166283371656,0.7167283271672833,0.8877563856517573,0.990842851198751,0.2833716628337166,0.7167283271672833,0.8877563856517575,0.990842851198751,0.8877563856517573,0.8877563856517575,0.4241133397885667,0.9064033783705067,0.9960805343798123,0.9999993382361851,0.22679977250635647,0.7733851884918961,0.6875501228626765,1.0,0.9960805343798123,0.6875501228626765,0.39321969740514595,0.8646290579262003,0.6735223371295609,0.9999999999992459,0.2405055906605193,0.7597020833692889,0.49444851749593727,1.0,0.6735223371295609,0.49444851749593727,0.5879185677807492,0.7541763482380562,0.9747221474624128,0.9773139069839524,0.4034390344336876,0.5968014487971165,0.9050819794609262,1.0,0.9747221474624128,0.9050819794609262
gRNA_6833,Map2k1,-1.7154769037708328,-0.26893830386536394,0.2934257724148217,0.1028140867932312,0.80770324040006,-0.15609442160561676,0.1028140867932312,1135.5927097454435,0.9159809538167039,0.12999898511797164,-0.46260920468396,0.46902692527267,1.2928053222646543,0.469040596357608,0.46902692527267,0.47198604438249714,0.47198604438249714,0.47198604438249714,0.0,0.0,0.0,0.3176902242620681,0.3176902242620681,0.3176902242620681,-0.3118613841428466,0.793344215834482,0.14824448373393426,1.6308627057583955,-0.31012112112855134,0.3900937800110828,0.14824448373393426,4024,0.0745526838966202,0.1491053677932405,1.0934393638170974,25.223658051689863,Map2k1,MAP2K1,N122D,N122D,targeting guide,Missense,0.0197980201979802,0.9803019698030196,0.6886947668869478,0.990842851198751,0.019798020197980198,0.9803019698030196,0.6886947668869482,0.990842851198751,0.6886947668869478,0.6886947668869482,0.014980546040904964,0.9617705503377486,0.19755822057579678,0.9999993382361851,0.013526178111748433,0.9865617216396655,0.14127341583381697,1.0,0.19755822057579678,0.14127341583381697,0.0040221383172330104,0.9593650718079255,0.04200900020221144,0.9999999999992459,0.008027481184999574,0.9923247886147796,0.058044863953073844,1.0,0.04200900020221144,0.058044863953073844,0.3630937108818986,0.7980495845369726,0.9202736770867305,0.9773139069839524,0.2616028578939559,0.7386404236829457,0.8522797182251488,1.0,0.9202736770867305,0.8522797182251488
gRNA_6834,Map2k1,0.4558765442619351,-2.9200373794098464,1.9245485951072399,-0.4839706920631335,1.8163909497319017,0.15856160352561935,0.4558765442619351,823.9795149871968,-0.0930935882307913,0.35886075442490006,-0.7030657045424875,0.27298020918160887,0.39684038028483076,0.04650441022361218,0.27298020918160887,0.076567928268661,0.076567928268661,0.076567928268661,0.0,0.0,0.0,0.7346985169008021,0.7346985169008021,0.7346985169008021,1.3095242331099524,0.715888348328503,0.03571218865329814,-0.22895639115792443,0.5000221291197866,0.4664381016107232,0.5000221291197866,2174,0.0,0.0,0.9199632014719412,24.56301747930083,Map2k1,MAP2K1,N122D,N122D,targeting guide,Missense,0.29277072292770717,0.7073292670732926,0.8877563856517573,0.990842851198751,0.2927707229277072,0.7073292670732927,0.8877563856517575,0.990842851198751,0.8877563856517573,0.8877563856517575,0.3419819874545409,0.8327900676939836,0.981566620480209,0.9999993382361851,0.2304024347890884,0.7698177277441083,0.6875501228626765,1.0,0.981566620480209,0.6875501228626765,0.008347045444480103,0.9920224920255716,0.07132929743464815,0.9999999999992459,0.004704425703199752,0.9953324641341658,0.04537369487349737,1.0,0.07132929743464815,0.04537369487349737,0.034811702670132026,0.7873298677168334,0.7271777891094245,0.9773139069839524,0.059701258414847705,0.9405418548158947,0.8053393290168859,1.0,0.7271777891094245,0.8053393290168859
gRNA_6835,Map2k1,-0.5496380272298658,2.721040111190695,-1.5210216684986093,0.08002466982938745,-1.0140655791318185,-0.05673209876804217,-0.5496380272298658,1691.3390570869108,-0.13106002490963833,-0.06400665132559491,-1.0569481535757947,0.08674801275274029,-0.8722708457984265,-0.40750753257134287,-0.13106002490963833,-0.3125171023543836,-0.3125171023543836,-0.3125171023543836,0.0,0.0,0.0,0.564986189042743,0.564986189042743,0.564986189042743,-1.43172647065223,-1.4051681113395547,-0.29082720125791595,0.7294505693565481,-0.3106925340019632,-0.5417927495790231,-0.3106925340019632,5923,0.050650008441668,0.0844166807361134,0.0,19.230119871686647,Map2k1,MAP2K1,N122D,N122D,targeting guide,Missense,0.9744025597440256,0.025697430256974296,0.9988569143085692,0.5536900855369009,0.9744025597440256,0.0256974302569743,0.9988569143085692,0.553690085536901,0.5536900855369009,0.553690085536901,0.8410792081754526,0.3514572773938561,0.9999999930886931,0.9999993382361851,0.7614770817492668,0.23874966618373322,1.0,0.7889281245052151,0.9999993382361851,0.7889281245052151,0.5338859617838453,0.21912366769788158,0.7950646701740042,0.9999999999992459,0.7118313342266936,0.28859955471862453,0.9042181813149892,1.0,0.7950646701740042,0.9042181813149892,0.12416916251083358,0.6235199376486107,0.7788968766315769,0.9773139069839524,0.25012772540797024,0.7511049947347544,0.8472795022828541,1.0,0.7788968766315769,0.8472795022828541
gRNA_6842,Map2k1,-0.5469444488963707,-3.064638819566642,0.12060027938017857,0.8202524936386195,-0.2303157239986652,-0.5802092438885759,-0.2303157239986652,1702.18406386504,-0.147997643243079,-0.8013062389781481,-0.11536709861268184,-0.7543470238545384,0.09398568630570993,-0.34500646367654747,-0.147997643243079,-0.12132279211516613,-0.12132279211516613,-0.12132279211516613,0.0,0.0,0.0,0.10845547635813657,0.10845547635813657,0.10845547635813657,-1.073576553765495,-0.2237385302941816,-0.03198663506636602,0.45153490164021914,-0.42819789881205256,-0.26119294325957526,-0.2237385302941816,3847,0.0,0.0519885625162464,0.0,10.865609565895502,Map2k1,MAP2K1,K57E,K57E,targeting guide,Missense,0.7642235776422359,0.23587641235876416,0.9987424218303245,0.8958538489585387,0.7642235776422358,0.23587641235876405,0.9987424218303245,0.8958538489585383,0.8958538489585387,0.8958538489585383,0.837601765670202,0.4192637723433559,0.9999999930886931,0.9999993382361851,0.7281052487490173,0.2721183046573723,1.0,0.8344273335091283,0.9999993382361851,0.8344273335091283,0.512170389345237,0.6100975233488393,0.7855827533771996,0.9999999999992459,0.44796778440315527,0.5523412308412339,0.7197891998156084,1.0,0.7855827533771996,0.7197891998156084,0.4906801930827783,0.611908567892598,0.9710302768374981,0.9773139069839524,0.42917539911431574,0.5711377152500549,0.9108576036662016,1.0,0.9710302768374981,0.9108576036662016
gRNA_6849,Map2k2,0.7245665254956276,0.7907475014706633,-0.689317839327024,-0.48765230780306906,-1.3181728691953305,-0.1959657978718265,-0.48765230780306906,5514.203946377466,-0.42191640721693263,-0.3876746368900883,-0.5193351832880075,-0.514773798197753,-1.1734077534977372,-0.6034215558181037,-0.514773798197753,-0.14047105832632725,-0.14047105832632725,-0.14047105832632725,0.0,0.0,0.0,-0.20790601628793054,-0.20790601628793054,-0.20790601628793054,-0.44638922963519084,-0.4349495512949025,0.33855437905917496,0.21889027992312673,-0.6818009498610202,-0.2011390143617624,-0.4349495512949025,34389,0.0058158131960801,0.0087237197941202,0.2297246212451655,7.540201808717904,Map2k2,MAP2K2,Y134C,Y134C,targeting guide,Missense,0.7873212678732127,0.21277872212778723,0.9987424218303245,0.8791736210994285,0.7873212678732127,0.21277872212778726,0.9987424218303245,0.8791736210994286,0.8791736210994285,0.8791736210994286,0.9776591676547636,0.16916019560712336,0.9999999930886931,0.8057554295232743,0.9304142933957158,0.06968816218389307,1.0,0.39479619237636215,0.8057554295232743,0.39479619237636215,0.4993634173559569,0.7100235986532548,0.770558756612528,0.9999999999992459,0.38905069962009403,0.6112185579079543,0.6673305572440552,1.0,0.770558756612528,0.6673305572440552,0.37914872760646706,0.7318048627280489,0.9202736770867305,0.9773139069839524,0.3135296696986777,0.686748649636662,0.889213877247704,1.0,0.9202736770867305,0.889213877247704
gRNA_7393,Mtor,-1.059312290530373,-3.0982214982287686,-0.0007465112885555391,-0.09543095986015511,-0.20008329416149165,-0.8907589108138689,-0.20008329416149165,2599.4276246422655,-0.24119616244669875,-0.4196963477438109,-0.32800419002631914,0.15271329258237235,0.5980216752978741,-0.04763234646731647,-0.24119616244669875,-0.042992869480760386,-0.042992869480760386,-0.042992869480760386,0.0,0.0,0.0,0.24162445886599543,0.24162445886599543,0.24162445886599543,-1.0724913372753813,-0.6404223311954201,-0.11414521437148396,1.1051657299322377,0.20266562047726103,-0.10384550648655733,-0.11414521437148396,11150,0.2780269058295964,0.4932735426008968,0.0,6.860986547085202,Mtor,MTOR,Y1974H,Y1974H,targeting guide,Missense,0.5746425357464253,0.4254574542545746,0.9866008832906662,0.990842851198751,0.5746425357464253,0.42545745425457454,0.9866008832906662,0.990842851198751,0.9866008832906662,0.9866008832906662,0.49464352578314164,0.7348207641914645,0.9999999930886931,0.9999993382361851,0.3757524146021372,0.624515706689961,0.8667663060760956,1.0,0.9999993382361851,0.8667663060760956,0.15456273200629045,0.6389658413218352,0.3798404394402955,0.9999999999992459,0.2361173899374664,0.7644668918548572,0.4904980034060075,1.0,0.3798404394402955,0.4904980034060075,0.7759013126732444,0.4446990344307864,0.9999999998916369,0.9773139069839524,0.6742963141313176,0.32596162794146677,0.966809041906353,1.0,0.9773139069839524,0.966809041906353
gRNA_7429,Mtor,1.5562925827865217,-3.856775562075619,2.004310309794715,0.8566553179492004,0.3615356584858371,0.18440366138813108,0.8566553179492004,1000.7531254707034,0.14883040098388026,-0.30806882527726576,-0.6128344253132266,-1.3941578391411564,0.33981284035049014,-0.36528356967945574,-0.30806882527726576,0.02717115448662409,0.02717115448662409,0.02717115448662409,0.0,0.0,0.0,0.30464440004739196,0.30464440004739196,0.30464440004739196,-0.08129292011950456,0.15210802375038907,0.2664113522603136,1.3816177027015737,0.5884062504228927,0.46145008180313296,0.2664113522603136,2005,0.0,0.2493765586034912,0.0,12.319201995012468,Mtor,MTOR,F1888L,F1888L,targeting guide,Missense,0.4321567843215679,0.5679432056794321,0.9803942682654807,0.990842851198751,0.43215678432156784,0.567943205679432,0.9803942682654813,0.990842851198751,0.9803942682654807,0.9803942682654813,0.7256319695453917,0.32880226794907913,0.9999999930886931,0.9999993382361851,0.7088171248824975,0.2914860780246773,1.0,0.858591416811644,0.9999993382361851,0.858591416811644,0.009667632156250897,0.9951438964042568,0.07449357351523393,0.9999999999992459,0.004909580999764174,0.9951368389679364,0.04537369487349737,1.0,0.07449357351523393,0.04537369487349737,0.017793157461704633,0.7838002824196977,0.5546799767698671,0.9773139069839524,0.030835587474557953,0.9693165761027098,0.6102200468649364,1.0,0.5546799767698671,0.6102200468649364
gRNA_7481,Myc,-0.11171233506729869,-2.661394565801771,-5.090965211439916,0.5998921784322341,0.2504563244611555,-1.4027447218831193,-0.11171233506729869,806.8685042928151,-0.17406479315666884,-0.2790823550625577,0.12025762699833681,-0.6586847322977376,-0.7103882485820532,-0.34039250042013613,-0.2790823550625577,-0.009500483477065062,-0.009500483477065062,-0.009500483477065062,0.0,0.0,0.0,1.419502050294131,1.419502050294131,1.419502050294131,-1.5850566266640334,-0.5429970012730043,0.14264349755390068,0.5374088088968582,-0.25109576709839354,-0.3398194177169345,-0.25109576709839354,3000,0.0666666666666666,0.0666666666666666,1.1,0.5666666666666667,Myc,MYC,T73A,T73A,targeting guide,Missense,0.5006499350064992,0.4994500549945007,0.9855726469237891,0.990842851198751,0.5006499350064993,0.49945005499450057,0.9855726469237893,0.990842851198751,0.9855726469237891,0.9855726469237893,0.8532602999415732,0.4338750099775992,0.9999999930886931,0.9999993382361851,0.7326986990054075,0.2675147077457373,1.0,0.8312853728297293,0.9999993382361851,0.8312853728297293,0.43889155060426616,0.44514794832457916,0.7143862468710133,0.9999999999992459,0.48901825727309595,0.5113971111959328,0.7661286030611836,1.0,0.7143862468710133,0.7661286030611836,0.6083814622016921,0.17621590263403533,0.9747221474624128,0.9773139069839524,0.732938608137426,0.2675815103877875,0.966809041906353,1.0,0.9747221474624128,0.966809041906353
gRNA_7510,Myd88,0.972065759261192,-3.8692930550624327,1.9155146131028988,-0.9760830118985907,0.16373547235069205,-0.35881204444924814,0.16373547235069205,2757.041723151077,-0.8535979725624879,-2.0003512087592896,0.8032557237662965,-0.7995788687104358,-0.6692551835543569,-0.7039055019640548,-0.7995788687104358,-0.18099669344501307,-0.18099669344501307,-0.18099669344501307,0.0,0.0,0.0,-0.5024971609127351,-0.5024971609127351,-0.5024971609127351,0.8908926344946848,-0.10253053828226825,1.0441741120907866,0.5891138996958208,0.3938389714461101,0.5630978158890267,0.5891138996958208,16025,0.0,0.0436817472698908,0.0,13.173166926677068,Myd88,MYD88,L252P,L265P,targeting guide,Missense,0.8503149685031497,0.14978502149785022,0.9987424218303245,0.8791736210994285,0.8503149685031497,0.14978502149785022,0.9987424218303245,0.8791736210994286,0.8791736210994285,0.8791736210994286,0.744214267922688,0.08297943861358478,0.9999999930886931,0.574676272078362,0.9016277907370502,0.09861505261493231,1.0,0.4815058826075952,0.574676272078362,0.4815058826075952,0.0032199025885643363,0.9987399793319235,0.038169780659446484,0.9999999999992459,0.0011031564767498248,0.9989058046726114,0.015362475379923485,1.0,0.038169780659446484,0.015362475379923485,0.12030274359109071,0.5370413283402847,0.7788968766315769,0.9773139069839524,0.22174182596713554,0.7787620028742729,0.8202926364723093,1.0,0.7788968766315769,0.8202926364723093
gRNA_7511,Myd88,-0.02905011440691676,-1.236957330988133,1.2660563388891506,1.3014516702264087,-0.43873105177473765,0.17255390238915438,-0.02905011440691676,736.3759602349751,-0.11486964544302143,-0.39648340083516265,-1.3276588285374475,0.38560536923740435,0.7764596935560795,-0.13538936240442956,-0.11486964544302143,0.275465016768404,0.275465016768404,0.275465016768404,0.0,0.0,0.0,1.0726335126072981,1.0726335126072981,1.0726335126072981,0.4299405549564578,0.7346557203425391,1.1017522414221357,1.7062525015091026,0.5369458336278621,0.9019093703716194,0.7346557203425391,2321,0.0,0.1292546316242998,0.1292546316242998,11.029728565273588,Myd88,MYD88,M219T,M232T,targeting guide,Missense,0.07629237076292371,0.9238076192380762,0.6886947668869478,0.990842851198751,0.07629237076292368,0.9238076192380762,0.6886947668869482,0.990842851198751,0.6886947668869478,0.6886947668869482,0.361086591929908,0.5043607849317879,0.9937087802804399,0.9999993382361851,0.41253237979870916,0.5878737131617116,0.8782050990961231,1.0,0.9937087802804399,0.8782050990961231,3.966130412113178e-05,0.9999884574705528,0.002542153521399977,0.9999999999992459,9.832040969459462e-06,0.9999909193120906,0.0007059261919591242,1.0,0.002542153521399977,0.0007059261919591242,0.13671484134041634,0.8564810958330995,0.7788968766315769,0.9773139069839524,0.11957117117526173,0.8806469976646667,0.8103227152144246,1.0,0.7788968766315769,0.8103227152144246
gRNA_7512,Myd88,-1.0311098608091778,0.925359316994689,-1.6183351097875203,0.5218363538059326,-1.6823798209904957,-0.5769258241573144,-1.0311098608091778,2129.477330923332,0.8797341155348516,1.4301990260759267,-0.531693637941419,0.11992511867687358,-0.015001830532755927,0.3766325583626954,0.11992511867687358,-0.14586379660634588,-0.14586379660634588,-0.14586379660634588,0.0,0.0,0.0,0.590375088787926,0.590375088787926,0.590375088787926,-0.08373558476132134,-0.3504193155431682,-0.3844351944337818,-0.19251476683075094,0.946051172596268,-0.013010737794550864,-0.19251476683075094,3390,0.0589970501474926,0.1179941002949852,0.0,10.914454277286136,Myd88,MYD88,M219T,M232T,targeting guide,Missense,0.7931206879312069,0.206979302069793,0.9987424218303245,0.8791736210994285,0.7931206879312068,0.20697930206979298,0.9987424218303245,0.8791736210994286,0.8791736210994285,0.8791736210994286,0.023325137264326657,0.915735762454198,0.22487824644581597,0.9999993382361851,0.030966061422303452,0.9692556544188369,0.22630086644904426,1.0,0.22487824644581597,0.22630086644904426,0.2051006929941254,0.8455381859948967,0.4627822109386968,0.9999999999992459,0.17955232482767663,0.8207925101854994,0.4219479633450401,1.0,0.4627822109386968,0.4219479633450401,0.502206312998292,0.47808859084168964,0.9747221474624128,0.9773139069839524,0.5244402580937362,0.47590049165979925,0.9347526025086272,1.0,0.9747221474624128,0.9347526025086272
gRNA_7513,Myd88,-1.2065144562358645,-1.4214499865858266,1.1640230183710178,-1.724731080177252,0.41801746752642643,-0.5541310074202996,-1.2065144562358645,1790.6311191444495,-0.24979258540626942,0.32132703860547274,0.010928212434258282,0.29736265316504806,-0.042289254443481326,0.06750721287100567,0.010928212434258282,0.13500435813009598,0.13500435813009598,0.13500435813009598,0.0,0.0,0.0,0.6701319515600267,0.6701319515600267,0.6701319515600267,-0.3147490123393968,0.6249540808944379,-0.34411213853818307,0.5139436957994551,-0.5232203207272385,-0.008636738982185055,-0.3147490123393968,2892,0.0345781466113416,0.0691562932226832,0.0,8.817427385892117,Myd88,MYD88,M219T,M232T,targeting guide,Missense,0.2268773122687732,0.7732226777322267,0.8877563856517573,0.990842851198751,0.22687731226877306,0.7732226777322267,0.8877563856517575,0.990842851198751,0.8877563856517573,0.8877563856517575,0.40726196040781787,0.8933452698924188,0.9937087802804399,0.9999993382361851,0.2287242222900373,0.7714680969012145,0.6875501228626765,1.0,0.9937087802804399,0.6875501228626765,0.19754290323447282,0.8514406311818143,0.45849463960593695,0.9999999999992459,0.1590637584718984,0.8411688233891199,0.3934735077989066,1.0,0.45849463960593695,0.3934735077989066,0.4651258350460049,0.4693868672093724,0.9453368323097181,0.9773139069839524,0.5143908090466571,0.4859762251747664,0.9347526025086272,1.0,0.9453368323097181,0.9347526025086272
gRNA_7514,Myd88,-0.3143363324505566,-3.133962656701823,0.627201918863956,-1.3931295191042319,0.39712918095366767,-0.7634194816877976,-0.3143363324505566,1162.5847266154542,0.022612763514467414,0.15782760229228276,-0.1257917882421744,0.550260021163013,1.4240469444484432,0.4057911086352064,0.15782760229228276,0.12678270746369902,0.12678270746369902,0.12678270746369902,0.0,0.0,0.0,1.0292088226624354,1.0292088226624354,1.0292088226624354,0.2592570250960989,0.1180308577837056,-1.1648837741859928,0.8051131679360087,-0.5652821508630786,-0.10955297484665164,0.1180308577837056,4439,0.0675827889164226,0.1576931741383194,0.0,13.38139220545168,Myd88,MYD88,M219T,M232T,targeting guide,Missense,0.2365763423657634,0.7635236476352364,0.8877563856517573,0.990842851198751,0.23657634236576341,0.7635236476352365,0.8877563856517575,0.990842851198751,0.8877563856517573,0.8877563856517575,0.033343686545524116,0.9689992382348993,0.2885677124963007,0.9999993382361851,0.02626079836964055,0.9739157519667689,0.2100863869571244,1.0,0.2885677124963007,0.2100863869571244,0.19160156838660503,0.6547062327124928,0.4502636857085218,0.9999999999992459,0.23422756338116102,0.7661488526890732,0.4904980034060075,1.0,0.4502636857085218,0.4904980034060075,0.559017124637313,0.47747679181232106,0.9747221474624128,0.9773139069839524,0.5405714233950721,0.4597563325438588,0.9347526025086272,1.0,0.9747221474624128,0.9347526025086272
gRNA_7558,Ncoa3,-0.5389886087664948,-3.246820553426071,-0.03678740674429004,0.7647942923246546,-0.8181788870366338,-0.775196232729767,-0.5389886087664948,1589.3959933724957,0.6561750504233581,0.7846873620547336,0.3696316687394556,0.08828590758696458,0.48651684899798137,0.4770593675604987,0.48651684899798137,0.2715347575745446,0.2715347575745446,0.2715347575745446,0.0,0.0,0.0,0.5227299530215375,0.5227299530215375,0.5227299530215375,-0.08414852709529272,0.23036554737847578,-1.1811349404945701,0.8387481355680125,0.8712559302848514,0.13501722912829534,0.23036554737847578,3386,0.0886001181334908,0.1181334908446544,0.0,19.78735971647962,Ncoa3,NCOA3,M1396V,M1417V,targeting guide,Missense,0.08059194080591942,0.9195080491950804,0.6886947668869478,0.990842851198751,0.08059194080591947,0.9195080491950804,0.6886947668869482,0.990842851198751,0.6886947668869478,0.6886947668869482,0.042110388288581865,0.9961081082068763,0.3345284291776322,0.9999993382361851,0.013271853278493265,0.9867637775254736,0.14127341583381697,1.0,0.3345284291776322,0.14127341583381697,0.03890422948691782,0.8174992745111835,0.18997389983222207,0.9999999999992459,0.054081317835078066,0.9461144830341933,0.20742737830598904,1.0,0.18997389983222207,0.20742737830598904,0.6069587658471796,0.4825226590685653,0.9747221474624128,0.9773139069839524,0.5672559731245621,0.4330628537086733,0.9394385359508244,1.0,0.9747221474624128,0.9394385359508244
gRNA_7812,Nfe2,-0.400510884925617,-3.240200618812159,0.7798679547124578,-0.34987922215282313,0.3888989169583067,-0.564364770843967,-0.34987922215282313,979.5451122156951,-1.1119795721174022,0.09858057141341811,0.012020441337717932,0.014069149228421207,-0.5487949617228515,-0.3072208743721393,0.012020441337717932,-0.03100556175817948,-0.03100556175817948,-0.03100556175817948,0.0,0.0,0.0,0.9413899592740168,0.9413899592740168,0.9413899592740168,1.5090474406056091,-0.402694769645014,-1.0686958412498169,0.06245029043585731,-0.14431481873866786,-0.008841539718406465,-0.14431481873866786,2452,1.794453507340946,3.8743882544861337,0.0,24.102773246329527,Nfe2,NFE2,Q286R,Q263R,targeting guide,Missense,0.5463453654634537,0.45375462453754645,0.9866008832906662,0.990842851198751,0.5463453654634537,0.4537546245375462,0.9866008832906662,0.990842851198751,0.9866008832906662,0.9866008832906662,0.7653487408616586,0.4479415711474356,0.9999999930886931,0.9999993382361851,0.6666378742925456,0.3336234365840137,1.0,0.9231001375711491,0.9999993382361851,0.9231001375711491,0.07113955707122768,0.6761690310484884,0.24539883907139093,0.9999999999992459,0.16632624644275673,0.8350860450795359,0.4008889016825419,1.0,0.24539883907139093,0.4008889016825419,0.4432491636586914,0.6186176884641691,0.9365416007472723,0.9773139069839524,0.3953856843898945,0.6049335534332235,0.9050819794609262,1.0,0.9365416007472723,0.9050819794609262
gRNA_7813,Nfe2,0.13297337910158438,-3.498143168640445,-0.3482479026287138,-0.6243249629014769,-1.2598908054417537,-1.119526692102161,-0.6243249629014769,1899.9246874529297,0.1824991078605827,0.736562514524893,-0.21727324800556247,-0.060964547494569546,-0.2396562021112065,0.08023352495482743,-0.060964547494569546,-0.06967288319260607,-0.06967288319260607,-0.06967288319260607,0.0,0.0,0.0,0.5177670487569263,0.5177670487569263,0.5177670487569263,-0.37453643627257543,-0.17710195070274223,-1.335451185827743,0.37672605310862856,-0.6397141103724822,-0.43001552601338283,-0.37453643627257543,2360,2.5423728813559325,4.110169491525424,0.0,12.203389830508476,Nfe2,NFE2,Q286R,Q263R,targeting guide,Missense,0.6531346865313469,0.3469653034696531,0.9982871631536033,0.9808943917638312,0.653134686531347,0.34696530346965304,0.9982871631536034,0.9808943917638311,0.9808943917638312,0.9808943917638311,0.33793886249795235,0.8642130540670724,0.9804725963952906,0.9999993382361851,0.22170052474600932,0.7785253232938607,0.6875501228626765,1.0,0.9804725963952906,0.6875501228626765,0.6872592212500807,0.39957819241486886,0.9035296055595466,0.9999999999992459,0.6565485242978925,0.3437551797788399,0.8751096638087951,1.0,0.9035296055595466,0.8751096638087951,0.8577749858383187,0.30756958974761084,0.9999999998916369,0.9773139069839524,0.7918829466215648,0.20834080625046592,0.9725588953587437,1.0,0.9773139069839524,0.9725588953587437
gRNA_7816,Nfe2l2,0.6230220239620863,0.8199180821551338,-1.785628279954163,-0.2583937140481344,-1.1382102129536358,-0.34785842016774265,-0.2583937140481344,4193.884621177888,0.05844201590296407,-0.03814649053685455,1.2033005646688162,-0.07077506762236441,-0.06753849755771246,0.21705650497096976,-0.03814649053685455,-0.06931029029457979,-0.06931029029457979,-0.06931029029457979,0.0,0.0,0.0,-0.49124783821990997,-0.49124783821990997,-0.49124783821990997,0.008535446440044269,0.05051571545182647,0.10487852808578559,0.24447699075683338,-0.21997897025113633,0.037685542096670674,0.05051571545182647,28400,0.102112676056338,0.1619718309859155,0.0528169014084506,19.485915492957748,Nfe2l2,NFE2L2,I28T,I28T,targeting guide,Missense,0.6531346865313469,0.3469653034696531,0.9982871631536033,0.9808943917638312,0.653134686531347,0.34696530346965304,0.9982871631536034,0.9808943917638311,0.9808943917638312,0.9808943917638311,0.13029898018769548,0.9192691579608386,0.636265150007448,0.9999993382361851,0.10126402028012027,0.8990161243675843,0.44728170415126095,1.0,0.636265150007448,0.44728170415126095,0.3050857530995842,0.9480129120863525,0.5735612158272183,0.9999999999992459,0.14395618774649105,0.8561915511791205,0.3696603832628353,1.0,0.5735612158272183,0.3696603832628353,0.4100386077571652,0.6439984138837375,0.9202736770867305,0.9773139069839524,0.3740088280883406,0.6262986622434573,0.889213877247704,1.0,0.9202736770867305,0.889213877247704
gRNA_7839,Nkx2-1,-0.9354524609635503,-1.9735726564009841,-0.2607422859228709,2.2071375844880943,0.6527106003385844,-0.06198384369214527,-0.2607422859228709,1558.788974243109,-0.5936201681887034,-1.3524707508173839,-1.2161357518649218,-0.7125187087065818,-1.0110954873741576,-0.9771681733903496,-1.0110954873741576,-0.32890583023408015,-0.32890583023408015,-0.32890583023408015,0.0,0.0,0.0,0.4903580868850428,0.4903580868850428,0.4903580868850428,0.3428914811197897,-0.38733291681941373,0.2331530995823436,1.3276338512808388,1.2195956821796876,0.5471882394686493,0.3428914811197897,4270,16.510538641686182,19.976580796252925,0.1639344262295081,7.400468384074942,Nkx2-1,NKX2-1,Y174C,Y174C,targeting guide,Missense,0.9777022297770223,0.022397760223977603,0.9988569143085692,0.5536900855369009,0.9777022297770223,0.022397760223977606,0.9988569143085692,0.553690085536901,0.5536900855369009,0.553690085536901,0.9981702591278676,0.029869849886351017,0.9999999930886931,0.40110941275957085,0.9917892621389829,0.008235629868548366,1.0,0.14075440138973572,0.40110941275957085,0.14075440138973572,0.002805430199755274,0.9893431639977982,0.03637385362441321,0.9999999999992459,0.002295470833739655,0.9977349500451874,0.02976196667193484,1.0,0.03637385362441321,0.02976196667193484,0.13218738183112902,0.6854182873708575,0.7788968766315769,0.9773139069839524,0.19855281059562785,0.8019750774724843,0.8202926364723093,1.0,0.7788968766315769,0.8202926364723093
gRNA_7843,Nkx2-1,-1.456739757348107,-3.586346061439719,1.1503431481807538,-1.427734404740005,-3.876396798715949,-1.8393747748126053,-1.456739757348107,740.2319626449766,0.8228587746973957,0.374139397594742,-0.6799310097056367,0.4360560226626617,1.918253750425927,0.5742753871350179,0.4360560226626617,-0.16403309737034732,-0.16403309737034732,-0.16403309737034732,0.0,0.0,0.0,0.8151485506531453,0.8151485506531453,0.8151485506531453,-0.9977697226493136,-0.3000835399952761,0.0538581972078576,0.41531418232024087,-2.578007588201015,-0.6813376942635012,-0.3000835399952761,627,0.0,0.7974481658692184,0.0,15.789473684210526,Nkx2-1,NKX2-1,N152S,N152S,targeting guide,Missense,0.8373162683731625,0.16278372162783725,0.9987424218303245,0.8791736210994285,0.8373162683731626,0.16278372162783722,0.9987424218303245,0.8791736210994286,0.8791736210994285,0.8791736210994286,0.0057378579932783735,0.9506504357848182,0.10273498121298422,0.9999993382361851,0.007969472851408602,0.9921718788178842,0.11098228859739385,1.0,0.10273498121298422,0.11098228859739385,0.6086959090883519,0.1742660245943059,0.860412262470753,0.9999999999992459,0.7413985000801601,0.2591170101777007,0.9164510948439379,1.0,0.860412262470753,0.9164510948439379,0.7774119476127528,0.08263444904924405,0.9999999998916369,0.9773139069839524,0.9108196359882258,0.08938397187221453,0.9945141890905704,0.9220452779452667,0.9773139069839524,0.9220452779452667
gRNA_7902,Notch1,-1.2534089793135224,-1.2086429093616249,-1.3060151132603488,-1.3547299923879534,1.0965500067658096,-0.8052493975115279,-1.2534089793135224,1863.1721644826027,0.5700998602387427,0.8345376414197909,0.6942020779592298,0.2989334058553357,-0.09099458576157492,0.46135567994230486,0.5700998602387427,-0.30998961861838226,-0.30998961861838226,-0.30998961861838226,0.0,0.0,0.0,0.5584210797433726,0.5584210797433726,0.5584210797433726,-0.4070179777371888,-0.05806471711187341,-0.963970644663627,0.3411736512247017,-0.16853124472601194,-0.2512821866027999,-0.16853124472601194,2892,0.0,0.0345781466113416,0.0,15.283540802213002,Notch1,NOTCH1,F357S,F357S,targeting guide,Missense,0.9744025597440256,0.025697430256974296,0.9988569143085692,0.5536900855369009,0.9744025597440256,0.0256974302569743,0.9988569143085692,0.553690085536901,0.5536900855369009,0.553690085536901,0.03926802779201561,0.9924542524863477,0.3209734445608233,0.9999993382361851,0.014918595363668788,0.9851244687571263,0.14761557517735432,1.0,0.3209734445608233,0.14761557517735432,0.5616011429102402,0.6552586033220025,0.8184574795901175,0.9999999999992459,0.44826288195529773,0.5520153523848786,0.7197891998156084,1.0,0.8184574795901175,0.7197891998156084,0.7156574133510591,0.31204519067126957,0.9999999998916369,0.9773139069839524,0.7436643874508134,0.25661312104705425,0.9692074049684818,1.0,0.9773139069839524,0.9692074049684818
gRNA_7918,Notch1,-0.6715408677162525,0.06787580749522844,-1.254380674397997,-0.28150289392325634,0.45950015040681,-0.3360096956270935,-0.28150289392325634,4191.354119596324,0.4397792268985049,-0.2893190580386697,0.6918742957983686,-0.11020802802174139,-1.1654016966406966,-0.08665505200084682,-0.11020802802174139,-0.1547166772334784,-0.1547166772334784,-0.1547166772334784,0.0,0.0,0.0,-0.2505926458096621,-0.2505926458096621,-0.2505926458096621,0.6848123830247863,-0.018582646987177417,0.016967548577413064,0.5031877145633261,0.8112844635747443,0.3995338925506185,0.5031877145633261,23387,0.004275879762261,0.0555864369093941,0.4147603369393253,4.8702270492153765,Notch1,NOTCH1,I471T,I471T,targeting guide,Missense,0.814018598140186,0.186081391860814,0.9987424218303245,0.8791736210994285,0.814018598140186,0.18608139186081385,0.9987424218303245,0.8791736210994286,0.8791736210994285,0.8791736210994286,0.35450607927021904,0.6040541907747149,0.9937087802804399,0.9999993382361851,0.35677292148765605,0.643572184608434,0.8332088104307992,1.0,0.9937087802804399,0.8332088104307992,0.017254741567861973,0.9963093723823737,0.10812971382526836,0.9999999999992459,0.006265593752495677,0.9937605864424987,0.050809343847313074,1.0,0.10812971382526836,0.050809343847313074,0.5934293118834997,0.6999683472457094,0.9747221474624128,0.9773139069839524,0.44089384007246996,0.5593625403223159,0.9108576036662016,1.0,0.9747221474624128,0.9108576036662016
gRNA_8228,Nsd1,0.2955232952080629,0.7854951574017004,0.5132441369895735,-0.13250281783820977,-1.641058294783091,-0.035859704604392785,0.2955232952080629,3085.886428679018,-0.42326864301418815,-0.01935041892841684,-0.3034094108364525,0.6923215541808999,-0.719668315590608,-0.1546750468377531,-0.3034094108364525,0.2085803484778754,0.2085803484778754,0.2085803484778754,0.0,0.0,0.0,0.31169649744278033,0.31169649744278033,0.31169649744278033,-0.5315907381278381,0.1875277061899925,0.02753520181990584,1.4465283253713745,0.2268418109913035,0.27136846124894765,0.1875277061899925,21916,0.0821317758715094,0.6707428362839934,0.0,22.225771126117905,Nsd1,NSD1,T2030A,T2029A,targeting guide,Missense,0.1173882611738826,0.8827117288271172,0.7385842060955193,0.990842851198751,0.11738826117388246,0.8827117288271171,0.7385842060955193,0.990842851198751,0.7385842060955193,0.7385842060955193,0.5599218740710981,0.581431911203911,0.9999999930886931,0.9999993382361851,0.5010517681641754,0.499256883543251,0.9457500866032145,1.0,0.9999993382361851,0.9457500866032145,0.028737208794426143,0.9512023924615626,0.1500720903708921,0.9999999999992459,0.029432164945004665,0.9708478499434468,0.14216320291463552,1.0,0.1500720903708921,0.14216320291463552,0.27521000861237876,0.845428880539637,0.8667515046095505,0.9773139069839524,0.18949812697721657,0.8107134943317602,0.8202926364723093,1.0,0.8667515046095505,0.8202926364723093
gRNA_8699,Phf6,-0.5801781925198969,-1.8884227699935785,-1.5644714359111545,0.29142055701069103,0.6029873681347983,-0.6277328946558282,-0.5801781925198969,3156.860973038108,-0.7237729281713396,-1.068978005897502,-0.42343105239228807,-0.8615645363690146,-1.3414385064702539,-0.8838370058600796,-0.8615645363690146,-0.13333777695852403,-0.13333777695852403,-0.13333777695852403,0.0,0.0,0.0,-0.9033774916759164,-0.9033774916759164,-0.9033774916759164,-0.6465782961305995,0.006576746998726924,0.2596529083671896,0.4301774404175185,0.5921535220482755,0.12839646434022223,0.2596529083671896,21493,0.0884008747033918,0.2233285255664635,0.0,10.30102824175313,Phf6,PHF6,H302R,H302R,targeting guide,Missense,0.7873212678732127,0.21277872212778723,0.9987424218303245,0.8791736210994285,0.7873212678732127,0.21277872212778726,0.9987424218303245,0.8791736210994286,0.8791736210994285,0.8791736210994286,0.9959273175303948,0.04939412277861362,0.9999999930886931,0.5332921049291166,0.9845653174438641,0.01547371616677094,1.0,0.2065754765152386,0.5332921049291166,0.2065754765152386,0.11200729768272885,0.941811368810057,0.32647088316826395,0.9999999999992459,0.0664711942514369,0.9336520974621767,0.23358101905177825,1.0,0.32647088316826395,0.23358101905177825,0.6205102286884973,0.5060270617424428,0.9844381687209913,0.9773139069839524,0.5647391376062926,0.4355557711387128,0.9394385359508244,1.0,0.9773139069839524,0.9394385359508244
gRNA_8775,Pik3ca,-0.9434004066555197,-3.770839384674939,-1.581971943846115,0.16670997394275436,-1.6884020039676857,-1.5635807530403012,-1.581971943846115,4228.347642717276,-0.4937102718338696,-1.3791019423134117,-0.4162010183124338,-0.6753335656418492,-0.3390154935375694,-0.6606724583278267,-0.4937102718338696,0.025579504804177762,0.025579504804177762,0.025579504804177762,0.0,0.0,0.0,-0.6650143434845902,-0.6650143434845902,-0.6650143434845902,-0.7312127700470361,-0.29556323907881604,0.2486090329534678,0.8687727996977238,0.32609116262004284,0.08333939722907645,0.2486090329534678,33500,0.0238805970149253,0.053731343283582,1.4119402985074627,2.1492537313432836,Pik3ca,PIK3CA,Q546R,Q546R,targeting guide,Missense,0.44065593440655915,0.5594440555944404,0.9803942682654807,0.990842851198751,0.44065593440655937,0.5594440555944405,0.9803942682654813,0.990842851198751,0.9803942682654807,0.9803942682654813,0.980591472782722,0.12839658458074227,0.9999999930886931,0.7214163154567529,0.9462190400033074,0.05387558466876136,1.0,0.3683130879173504,0.7214163154567529,0.3683130879173504,0.10887397718665107,0.8826950227362956,0.32647088316826395,0.9999999999992459,0.09317711868404677,0.9070322378988438,0.2930637141493534,1.0,0.32647088316826395,0.2930637141493534,0.9424525973400432,0.1394668712875825,0.9999999998916369,0.9773139069839524,0.9210078780895579,0.07912467811484813,0.9951119602346947,0.9220452779452667,0.9773139069839524,0.9220452779452667
gRNA_8803,Pik3ca,-0.87012872223446,-2.9986110186886115,-1.7230108302579208,-0.4214201401102412,0.7518961283093261,-1.0522549165963815,-0.87012872223446,3739.7198373248984,-0.22380431852605315,-0.03607638468334857,0.6293237434503648,-0.04657653172648212,-0.1025996136310022,0.04405337897669575,-0.04657653172648212,0.1362798106529905,0.1362798106529905,0.1362798106529905,0.0,0.0,0.0,-0.6518737052373539,-0.6518737052373539,-0.6518737052373539,-0.15285657118389345,0.2409542067959244,0.14434504517633423,1.1120228190669303,0.912229731173412,0.45133904620574156,0.2409542067959244,29811,0.0637348629700446,0.2079769212706719,0.3488645130991916,15.172251853342726,Pik3ca,PIK3CA,C378R,C378R,targeting guide,Missense,0.2268773122687732,0.7732226777322267,0.8877563856517573,0.990842851198751,0.22687731226877306,0.7732226777322267,0.8877563856517575,0.990842851198751,0.8877563856517573,0.8877563856517575,0.39968552139134356,0.8591938505707514,0.9937087802804399,0.9999993382361851,0.2534535555632651,0.7467704995323652,0.7219586128165733,1.0,0.9937087802804399,0.7219586128165733,0.00904904764920693,0.9933071080638537,0.07396612861090883,0.9999999999992459,0.004868452592383417,0.9951666510694952,0.04537369487349737,1.0,0.07396612861090883,0.04537369487349737,0.7470447561056014,0.32344783989980086,0.9999999998916369,0.9773139069839524,0.7371772438787983,0.2630911213838941,0.966809041906353,1.0,0.9773139069839524,0.966809041906353
gRNA_8867,Pik3ca,-0.6646702055179984,-1.9448357175321018,-2.584348989431192,0.8673718354034657,0.4122794656310813,-0.7828407222893491,-0.6646702055179984,1990.7817442385901,-0.7222463409712905,-2.061420266347278,-0.7155359551121625,-0.9822362504901818,0.4336348494518619,-0.8095607926938101,-0.7222463409712905,-0.045676552458405205,-0.045676552458405205,-0.045676552458405205,0.0,0.0,0.0,-0.5300509714524919,-0.5300509714524919,-0.5300509714524919,0.4187981162751861,0.23866887169319315,-0.4446978109049115,0.979042107535952,-0.23173344189521508,0.19201556854084095,0.23866887169319315,14465,0.0414794331144141,0.0553059108192188,0.0,11.849291393017628,Pik3ca,PIK3CA,Q958R,Q958R,targeting guide,Missense,0.57994200579942,0.42015798420158,0.986688661450597,0.990842851198751,0.57994200579942,0.42015798420157985,0.986688661450597,0.990842851198751,0.986688661450597,0.986688661450597,0.9007113670228262,0.07069610142794007,0.9999999930886931,0.5713662183244291,0.9427390870119402,0.05740668172586825,1.0,0.37581885442239904,0.5713662183244291,0.37581885442239904,0.06243304781925295,0.9470505793164389,0.22571948057729913,0.9999999999992459,0.04603607481510627,0.9541145119147493,0.19198809987904386,1.0,0.22571948057729913,0.19198809987904386,0.5335118297776958,0.43741706988099255,0.9747221474624128,0.9773139069839524,0.5590540633772304,0.4412890019854118,0.9394385359508244,1.0,0.9747221474624128,0.9394385359508244
gRNA_8999,Pik3cg,-0.7872734639290633,-4.824050250236709,-1.2270614836286968,-1.2905394976914548,-0.250046094333503,-1.6757941579638853,-1.2270614836286968,1300.5573128483206,-0.26125899104032546,-0.6385963999963484,-0.4463240907701783,-0.28513739842208663,-0.5343401253788029,-0.43313140112154835,-0.4463240907701783,-0.1889658747701203,-0.1889658747701203,-0.1889658747701203,0.0,0.0,0.0,0.20066353046606805,0.20066353046606805,0.20066353046606805,-1.3504024043694722,-0.8741290941452078,-1.0579214849567975,0.47400907985504964,-1.136369091268174,-0.7889625989769204,-1.0579214849567975,4162,0.0480538202787121,0.0480538202787121,0.0,4.34887073522345,Pik3cg,PIK3CG,L44P,L44P,targeting guide,Missense,0.8582141785821418,0.1418858114188581,0.9987424218303245,0.8791736210994285,0.8582141785821418,0.1418858114188582,0.9987424218303245,0.8791736210994286,0.8791736210994285,0.8791736210994286,0.9439525892766616,0.3357280204455131,0.9999999930886931,0.9999993382361851,0.8405660087324134,0.15958775454835328,1.0,0.6186082031977406,0.9999993382361851,0.6186082031977406,0.8396508644883927,0.09200873897880466,0.9918560907020105,0.9999999999992459,0.9200704720082324,0.08009210286419555,0.99537829772684,0.949631688710001,0.9918560907020105,0.949631688710001,0.9621307676018097,0.08263836858341311,0.9999999998916369,0.9773139069839524,0.9496838683820931,0.0504615213901256,1.0,0.8080842318523939,0.9773139069839524,0.8080842318523939
gRNA_9105,Pik3r2,-2.0086902460445417,-1.2349814300523345,-0.2326851203384736,0.7923023416362434,-1.0667895224477262,-0.7501687954493665,-1.0667895224477262,3270.01054375659,0.028769898820445988,-0.2262797138694092,0.10617192630339152,-0.24024627974034232,-0.03234712260517653,-0.07278625821821812,-0.03234712260517653,-0.286872373370196,-0.286872373370196,-0.286872373370196,0.0,0.0,0.0,0.41833250328551197,0.41833250328551197,0.41833250328551197,0.34297616915814444,-0.44287185574181703,0.521139608738231,0.8132694057263729,0.2755299794854179,0.3020086614732699,0.34297616915814444,16080,0.0062189054726368,0.0684079601990049,0.0,8.507462686567164,Pik3r2,PIK3R2,N555D,N561D,targeting guide,Missense,0.9677032296770323,0.032396760323967606,0.9988569143085692,0.5536900855369009,0.9677032296770323,0.03239676032396761,0.9988569143085692,0.553690085536901,0.5536900855369009,0.553690085536901,0.6347537464126153,0.7899646153469999,0.9999999930886931,0.9999993382361851,0.4095113370016321,0.5907129988628784,0.8782050990961231,1.0,0.9999993382361851,0.8782050990961231,0.03333160181895022,0.9841931849232288,0.16936057140439573,0.9999999999992459,0.01619669507295857,0.9838567006137418,0.09983536635135119,1.0,0.16936057140439573,0.09983536635135119,0.6934270043636145,0.413797188892605,0.9999999998916369,0.9773139069839524,0.6622238283337807,0.3380599210468904,0.965101393230626,1.0,0.9773139069839524,0.965101393230626
gRNA_9114,Pik3r3,0.06675421687441471,0.33668665270897175,-1.360327450736063,0.13710461149997288,-1.0207997526441124,-0.3681163444593632,0.06675421687441471,1028.1066425666515,-0.13580908674634917,0.37964163429447567,1.1049424743400016,0.09160035382135247,-0.15409486373683107,0.2572561023945299,0.09160035382135247,0.20710618956602708,0.20710618956602708,0.20710618956602708,0.0,0.0,0.0,0.6024933448873451,0.6024933448873451,0.6024933448873451,-1.0851657075783494,-0.09400826930178346,-0.9394633318344009,0.362047772770076,0.032976260931853074,-0.3447226550025209,-0.09400826930178346,2240,0.0892857142857142,0.0892857142857142,0.0,35.49107142857143,Pik3r3,PIK3R3,D11G,D11G,targeting guide,Missense,0.1173882611738826,0.8827117288271172,0.7385842060955193,0.990842851198751,0.11738826117388246,0.8827117288271171,0.7385842060955193,0.990842851198751,0.7385842060955193,0.7385842060955193,0.11955184872279212,0.937300623596989,0.6157739057502718,0.9999993382361851,0.08086487902749234,0.9193242998371007,0.4108810069505016,1.0,0.6157739057502718,0.4108810069505016,0.5666211177435428,0.4904866792271456,0.8198009276573011,0.9999999999992459,0.538548770529347,0.4617702242232225,0.7903189061453497,1.0,0.8198009276573011,0.7903189061453497,0.5953032637505201,0.6660363407851131,0.9747221474624128,0.9773139069839524,0.45869072923077875,0.5415724837224134,0.9214328621195517,1.0,0.9747221474624128,0.9214328621195517
gRNA_9115,Pik3r3,-1.3629240970112644,-3.7965839272819935,0.7451006892535351,0.7468901455036911,-4.131058200431567,-1.5597150779935196,-1.3629240970112644,793.9749962343727,1.0075654437607358,1.164838221146098,0.15332305797867105,1.510017993787553,1.6468779899474397,1.0965245413240994,1.164838221146098,0.31657719706165,0.31657719706165,0.31657719706165,0.0,0.0,0.0,0.562066903997004,0.562066903997004,0.562066903997004,-1.48141904798382,0.1298782559855196,0.06305672392106303,0.968609823685701,-0.08479483726563584,-0.08093381633143444,0.06305672392106303,1092,0.0,0.1831501831501831,0.0,30.036630036630036,Pik3r3,PIK3R3,D11G,D11G,targeting guide,Missense,0.048195180481951795,0.9519048095190481,0.6886947668869478,0.990842851198751,0.04819518048195179,0.9519048095190481,0.6886947668869482,0.990842851198751,0.6886947668869478,0.6886947668869482,3.402215599338955e-05,0.9998868046580712,0.005379606131548678,0.9999993382361851,1.007362364638785e-05,0.9999902803845644,0.0018938412455209157,1.0,0.005379606131548678,0.0018938412455209157,0.1314560378460135,0.6613392866765195,0.36242222385018996,0.9999999999992459,0.18166060460856825,0.8187817996164641,0.4242508529988923,1.0,0.36242222385018996,0.4242508529988923,0.5673089007397836,0.13234508394200473,0.9747221474624128,0.9773139069839524,0.7809103232891204,0.2194859139788774,0.9725588953587437,1.0,0.9747221474624128,0.9725588953587437
gRNA_9745,Ptpn11,-0.30869479384556797,2.1844800255594974,-0.3180567363940614,0.21991744177650657,0.16643032560298715,0.38881525253987237,0.16643032560298715,2558.2165988853744,-0.9294479705311689,-1.7347480363470869,-0.23575275515596456,-0.978865249907836,-0.8260357224318899,-0.9409699468747892,-0.9294479705311689,-0.13910788060002593,-0.13910788060002593,-0.13910788060002593,0.0,0.0,0.0,-0.12327714871584447,-0.12327714871584447,-0.12327714871584447,-0.030954962983171238,0.1946012718913785,-0.7311640892961999,0.6555272353396202,0.8443273450296723,0.18646735999625996,0.1946012718913785,13796,0.0217454334589736,0.0724847781965787,0.0,9.437518121194548,Ptpn11,PTPN11,D61G,D61G,targeting guide,Missense,0.7873212678732127,0.21277872212778723,0.9987424218303245,0.8791736210994285,0.7873212678732127,0.21277872212778726,0.9987424218303245,0.8791736210994286,0.8791736210994285,0.8791736210994286,0.9936628941436847,0.04475685185085913,0.9999999930886931,0.5258930092475949,0.9841108303111725,0.01593268302910085,1.0,0.2065754765152386,0.5258930092475949,0.2065754765152386,0.05226989902444507,0.9306963284963841,0.2181228753415103,0.9999999999992459,0.04207733482405865,0.9580513782391571,0.17776492015557363,1.0,0.2181228753415103,0.17776492015557363,0.09003828392126635,0.9447570275983238,0.7788968766315769,0.9997489077454798,0.06639765744554112,0.9338311930802028,0.8053393290168859,1.0,0.7788968766315769,0.8053393290168859
gRNA_10049,Ptprt,-1.321534890951789,0.49104369559184563,0.525652091267035,0.9752788233970063,0.2539551286471757,0.1848789695902547,0.49104369559184563,2716.915198071999,-0.08282058777786278,-0.009671053702255832,-0.0638991048545562,0.08078572158634488,-0.8223545461741265,-0.1795919141844913,-0.0638991048545562,-0.0019983268376987536,-0.0019983268376987536,-0.0019983268376987536,0.0,0.0,0.0,0.3207383325941571,0.3207383325941571,0.3207383325941571,-2.0531780968645026,-0.3483050562010237,0.17595127025527743,0.90445036844632,1.002712222918141,-0.06367385828915761,0.17595127025527743,6457,0.0,0.1858448195756543,0.2477930927675391,21.619947343967787,Ptprt,PTPRT,Q894R,Q900R,targeting guide,Missense,0.49005099490050996,0.5100489951004898,0.9853431769122554,0.990842851198751,0.49005099490050996,0.51004899510049,0.9853431769122554,0.990842851198751,0.9853431769122554,0.9853431769122554,0.6976847355569784,0.6438947193060571,0.9999999930886931,0.9999993382361851,0.5254495509364278,0.47480066890233,0.9600412497870321,1.0,0.9999993382361851,0.9600412497870321,0.0353635225706983,0.5055100975239977,0.17643551471274893,0.9999999999992459,0.11197916166381922,0.888527352571181,0.3263888743069459,1.0,0.17643551471274893,0.3263888743069459,0.16413334991164488,0.9131910370805015,0.7788968766315769,0.9895095963754138,0.10166442423217381,0.8984881898907209,0.8103227152144246,1.0,0.7788968766315769,0.8103227152144246
gRNA_10106,Ptprt,-0.3167508421011097,0.13368714674207915,0.2518468088133066,0.21787532387101313,0.6407932920045071,0.18549034586595925,0.21787532387101313,1247.0552794095497,0.270978115097889,0.7369712872843359,-1.4730745362513484,0.29619244025858127,1.6423829913060324,0.29469005953909805,0.29619244025858127,-0.05060064358315261,-0.05060064358315261,-0.05060064358315261,0.0,0.0,0.0,0.295930554855233,0.295930554855233,0.295930554855233,-0.7538086445547502,-0.1494169229693746,0.29024155785202493,1.5889195160590368,0.40149851670030323,0.275486804617448,0.29024155785202493,1527,0.0654878847413228,1.0478061558611658,0.0654878847413228,5.566470203012443,Ptprt,PTPRT,N470S,N466S,targeting guide,Missense,0.5993400659934006,0.40075992400759936,0.9953525655837778,0.990842851198751,0.5993400659934006,0.40075992400759924,0.9953525655837777,0.990842851198751,0.990842851198751,0.990842851198751,0.01941136302852692,0.7329974655343887,0.2085334999636035,0.9999993382361851,0.046075356921174815,0.9543159953168061,0.2887389033726955,1.0,0.2085334999636035,0.2887389033726955,0.013358975145810496,0.9094919543615063,0.09659566643893742,0.9999999999992459,0.024941185792277585,0.9755813149689713,0.13208289940699114,1.0,0.09659566643893742,0.13208289940699114,0.2626550715116514,0.9560882996262765,0.8595710921679729,0.9997489077454798,0.12117563653607544,0.8789614892838988,0.8103227152144246,1.0,0.8595710921679729,0.8103227152144246
gRNA_10107,Ptprt,-1.269850713668051,-3.6918143093159577,-1.7155120348186776,0.13985783472213978,0.8653400027085809,-1.134395844074393,-1.269850713668051,1611.2065070040667,0.2672676253842878,0.01690247257252277,0.9512463208960488,0.47888501617516605,-0.902940359349543,0.1622722151356965,0.2672676253842878,-0.013699585334311338,-0.013699585334311338,-0.013699585334311338,0.0,0.0,0.0,0.1281402799073905,0.1281402799073905,0.1281402799073905,-0.6862623922792361,-0.04763625972650915,-0.7761379766144272,0.8285226768902985,1.3979566245100497,0.14328853455603513,-0.04763625972650915,4398,0.045475216007276,0.090950432014552,0.8640291041382447,4.729422464756708,Ptprt,PTPRT,N470S,N466S,targeting guide,Missense,0.5179482051794821,0.48215178482151766,0.9866008832906662,0.990842851198751,0.517948205179482,0.4821517848215178,0.9866008832906662,0.990842851198751,0.9866008832906662,0.9866008832906662,0.1282484412744403,0.8429931980305763,0.6362594480676391,0.9999993382361851,0.11385295275270457,0.8863681464989337,0.4506180024738623,1.0,0.6362594480676391,0.4506180024738623,0.0282828569619882,0.7699968774924127,0.1497796368691206,0.9999999999992459,0.0680720344436278,0.9323912037299762,0.2348172931266427,1.0,0.1497796368691206,0.2348172931266427,0.6558630363355927,0.26326141820433063,0.9999999998916369,0.9773139069839524,0.726721025669638,0.2736043166496722,0.966809041906353,1.0,0.9773139069839524,0.966809041906353
gRNA_10342,Raf1,0.9772045912337172,-0.6058849125418081,0.9611496534833172,0.3137182722598651,-3.613028555918007,-0.3933681902965832,0.3137182722598651,1669.2875433047145,-0.41733726537684174,1.2104812821540454,-1.9796985486947674,-0.24494996127370997,-0.22578305505575152,-0.33145750964940507,-0.24494996127370997,-0.18399049007095153,-0.18399049007095153,-0.18399049007095153,0.0,0.0,0.0,-0.06317611573553475,-0.06317611573553475,-0.06317611573553475,-0.4660621972148696,0.5819606807193275,0.02758868721566888,0.5556213751426957,0.6151515750079716,0.26285202417415887,0.5556213751426957,2696,0.185459940652819,0.185459940652819,0.2967359050445104,16.097922848664687,Raf1,RAF1,R391G,R391G,targeting guide,Missense,0.8582141785821418,0.1418858114188581,0.9987424218303245,0.8791736210994285,0.8582141785821418,0.1418858114188582,0.9987424218303245,0.8791736210994286,0.8791736210994285,0.8791736210994286,0.3242526811290481,0.274870030688132,0.9804725963952906,0.9842964908451204,0.5721146076689446,0.42867973683298166,0.994516909040091,1.0,0.9804725963952906,0.994516909040091,0.04343452161215632,0.9769233533622972,0.2016219768663059,0.9999999999992459,0.022696226726056902,0.977367827574125,0.12736986938802083,1.0,0.2016219768663059,0.12736986938802083,0.21319810158510408,0.6454217450362549,0.7936879821386053,0.9773139069839524,0.2378876724041284,0.7624425889525444,0.8202926364723093,1.0,0.7936879821386053,0.8202926364723093
gRNA_10343,Raf1,-1.152383701641052,-3.2107675951043455,-0.4162820423673938,-0.4039432076172604,1.3837526085310863,-0.759924787639793,-0.4162820423673938,2929.3568308480194,-0.0026607148117629665,-0.2708643855441124,-1.4908818349761508,-1.0953072615944464,-0.08243059451957292,-0.5884289582892092,-0.2708643855441124,-0.06414170508082893,-0.06414170508082893,-0.06414170508082893,0.0,0.0,0.0,0.48288541751608655,0.48288541751608655,0.48288541751608655,-1.409594087704346,0.005595665517133973,-0.9579124213156444,0.47148647648851866,-0.2677313366416371,-0.4316311407311949,-0.2677313366416371,7710,0.0259403372243839,0.0907911802853437,0.0,16.744487678339816,Raf1,RAF1,S259P,S259P,targeting guide,Missense,0.63003699630037,0.37006299370063,0.9953525655837778,0.987492859105698,0.6300369963003699,0.37006299370062995,0.9953525655837777,0.9874928591056978,0.987492859105698,0.9874928591056978,0.9060171169412419,0.17437765078385417,0.9999999930886931,0.8094567493176441,0.8810810752957631,0.11910644743601301,1.0,0.5098236939303962,0.8094567493176441,0.5098236939303962,0.5742515109910702,0.3636598202785982,0.8272742074047601,0.9999999999992459,0.61820403907593,0.3821557453835964,0.8514458560166656,1.0,0.8272742074047601,0.8514458560166656,0.503274519171755,0.42324644516538157,0.9747221474624128,0.9773139069839524,0.5641347271403266,0.43626356162473745,0.9394385359508244,1.0,0.9747221474624128,0.9394385359508244
gRNA_10363,Rara,1.345318093872876,-1.2302821369505437,-2.5940154811395773,0.09231137222548484,-0.5852393911195879,-0.5943815086222697,-0.5852393911195879,1173.9117336948336,0.2593842732701469,-0.5942114130156648,-0.45414434929173336,0.005472197363755304,-0.10691679453698312,-0.1780832172420958,-0.10691679453698312,0.10785369349662678,0.10785369349662678,0.10785369349662678,0.0,0.0,0.0,0.9272277696238516,0.9272277696238516,0.9272277696238516,0.01493226396227757,-0.6598788861042972,-0.46183850399260706,0.48529037329065217,0.6458108644353806,0.004863222318281224,0.01493226396227757,4396,0.2047315741583257,0.2957233848953594,0.0,6.665150136487716,Rara,RARA,T253A,T253A,targeting guide,Missense,0.2751724827517248,0.7249275072492751,0.8877563856517573,0.990842851198751,0.2751724827517248,0.7249275072492751,0.8877563856517575,0.990842851198751,0.8877563856517573,0.8877563856517575,0.7000683712233069,0.6229292620363966,0.9999999930886931,0.9999993382361851,0.5431905291598274,0.45706002926413863,0.9672809936819576,1.0,0.9999993382361851,0.9672809936819576,0.17313779508789823,0.84803640187869,0.4173064804682675,0.9999999999992459,0.14355853488858045,0.8566654602558716,0.3696603832628353,1.0,0.4173064804682675,0.3696603832628353,0.4535506108900835,0.48995250567735105,0.9365416007472723,0.9773139069839524,0.4970870821200135,0.5033017447795581,0.9342435216116826,1.0,0.9365416007472723,0.9342435216116826
gRNA_10504,Rbm10,-1.6999086565631947,1.9447350773590872,-2.3684269264785627,1.1750374882603078,-1.5522098034827936,-0.5001545641810312,-1.5522098034827936,1698.448561530351,0.6381843146929048,1.530259666367141,0.2900424954139081,-0.002027160223402711,1.24957044316575,0.7412059518832603,0.6381843146929048,-0.09489391039721405,-0.09489391039721405,-0.09489391039721405,0.0,0.0,0.0,0.5526987985158386,0.5526987985158386,0.5526987985158386,-0.7879710563983705,-0.34167880314209464,-0.2782138183440373,0.42735709856600346,-0.7617383944710714,-0.348448994757914,-0.34167880314209464,3041,0.0986517592897073,0.1973035185794146,0.0,10.950345281157514,Rbm10,RBM10,M655V,M655V,targeting guide,Missense,0.7229277072292771,0.27717228277172284,0.9987424218303245,0.9388898947943043,0.7229277072292771,0.2771722827717228,0.9987424218303245,0.9388898947943042,0.9388898947943043,0.9388898947943042,0.001598702633983001,0.9972758230951246,0.042936585026972035,0.9999993382361851,0.0009137790158150124,0.9991012990873096,0.022786549988360445,1.0,0.042936585026972035,0.022786549988360445,0.6517099503109397,0.5182016729534327,0.8846315571007701,0.9999999999992459,0.582815433022827,0.4174723826847322,0.8300704652143294,1.0,0.8846315571007701,0.8300704652143294,0.17352984104389682,0.41324841258318173,0.7788968766315769,0.9773139069839524,0.366913099407418,0.6337057172705809,0.889213877247704,1.0,0.7788968766315769,0.889213877247704
gRNA_10547,Rbm10,-2.138041277485703,-3.2238765401819247,-0.3588777520483414,0.9594219683594344,-0.18001861860121218,-0.9882784439915495,-0.3588777520483414,1434.6738966711855,-0.39610729143554363,-1.1109877184435186,-1.3893527948770137,0.05016621578288748,-2.002036766612601,-0.9696636711171578,-1.1109877184435186,0.11431986121917168,0.11431986121917168,0.11431986121917168,0.0,0.0,0.0,0.161662552377881,0.161662552377881,0.161662552377881,0.17087251150324373,0.22144258369742642,0.753065127539552,0.595876251853313,0.18475109232188602,0.3852015133830842,0.22144258369742642,2419,0.0413393964448119,0.0826787928896238,0.0,11.616370400992146,Rbm10,RBM10,H777R,H777R,targeting guide,Missense,0.2751724827517248,0.7249275072492751,0.8877563856517573,0.990842851198751,0.2751724827517248,0.7249275072492751,0.8877563856517575,0.990842851198751,0.8877563856517573,0.8877563856517575,0.9761546071756418,0.034437144639650634,0.9999999930886931,0.4464953925692634,0.9804436766159579,0.01962182314023425,1.0,0.20927859846216337,0.4464953925692634,0.20927859846216337,0.02691599005857045,0.9974688874143518,0.1466726414785868,0.9999999999992459,0.008321349814583703,0.9917069318607701,0.05903448170346175,1.0,0.1466726414785868,0.05903448170346175,0.5987189443197819,0.37107799155412113,0.9747221474624128,0.9773139069839524,0.6316313462896888,0.36871188201496957,0.947879494142232,1.0,0.9747221474624128,0.947879494142232
gRNA_10548,Rbm10,-2.435477269335131,-4.639822136949089,-0.3982134535446785,-3.313798043103383,-0.33822426355442636,-2.2251070332973417,-2.435477269335131,1467.6909173068234,-1.0451497902058187,-0.8414005886443187,-1.1785700053332944,-0.3412378571250239,-0.7004430613076242,-0.821360260523216,-0.8414005886443187,-0.45969621786394255,-0.45969621786394255,-0.45969621786394255,0.0,0.0,0.0,0.1909964514234813,0.1909964514234813,0.1909964514234813,-1.5119475271959,-1.0065055274691068,-0.44356698791811894,-0.4735840835409218,1.3336247391196214,-0.42039587740088524,-0.4735840835409218,1579,0.0,0.0,0.0,12.666244458518053,Rbm10,RBM10,H777R,H777R,targeting guide,Missense,0.9916008399160084,0.008499150084991502,0.9988569143085692,0.45652577599382926,0.9916008399160084,0.008499150084991499,0.9988569143085692,0.4565257759938291,0.45652577599382926,0.4565257759938291,0.9937612946061966,0.06867860523948047,0.9999999930886931,0.5713662183244291,0.9773184263230629,0.022730910087357312,1.0,0.20927859846216337,0.5713662183244291,0.20927859846216337,0.2742432554599489,0.23139067096726212,0.5498332899826901,0.9999999999992459,0.6137415245469132,0.38736138651324753,0.8484074015795564,1.0,0.5498332899826901,0.8484074015795564,0.9704758022726498,0.045347542581506764,0.9999999998916369,0.9773139069839524,0.9722490657986561,0.02784411002094486,1.0,0.6614593914304862,0.9773139069839524,0.6614593914304862
gRNA_10596,Ret,0.14716313499842348,-3.073309255980386,-1.363527332085134,0.3293182844157471,0.8664628194525822,-0.6187784698397534,0.14716313499842348,1481.4279258924537,-0.048636573115103006,-0.30300276186574343,-1.1117369460710502,-0.41235382496062883,0.08634716937789064,-0.357876587326927,-0.30300276186574343,0.11300800396045488,0.11300800396045488,0.11300800396045488,0.0,0.0,0.0,-0.22813156313481767,-0.22813156313481767,-0.22813156313481767,-2.1162208729802643,-0.14280811268974586,0.3086383642331187,0.9263752834586154,0.43774634653873906,-0.11725379828790743,0.3086383642331187,4773,0.1676094699350513,0.502828409805154,4.00167609469935,21.055939660590823,Ret,RET,K809E,K808E,targeting guide,Missense,0.2751724827517248,0.7249275072492751,0.8877563856517573,0.990842851198751,0.2751724827517248,0.7249275072492751,0.8877563856517575,0.990842851198751,0.8877563856517573,0.8877563856517575,0.8379556820957336,0.40084779388137237,0.9999999930886931,0.9999993382361851,0.7350423008729906,0.26518817311835774,1.0,0.8312853728297293,0.9999993382361851,0.8312853728297293,0.07453061237113438,0.5166933341849408,0.252464056320239,0.9999999999992459,0.14932898905317632,0.8511547172018961,0.3735366910874401,1.0,0.252464056320239,0.3735366910874401,0.43349574463130724,0.5468802963043873,0.9365416007472723,0.9773139069839524,0.43148906995264863,0.5688522254963319,0.9108576036662016,1.0,0.9365416007472723,0.9108576036662016
gRNA_10598,Ret,-2.3200384293845335,-2.672486705610226,0.12163837812344172,-0.2132058914848285,-3.652991065675166,-1.7474167428062621,-2.3200384293845335,1612.5320078325049,-0.6594920433722538,-1.4591325171607459,-0.721155790273765,-1.639456019338761,-0.6792533310716014,-1.0316979402434254,-0.721155790273765,-0.2036132761031691,-0.2036132761031691,-0.2036132761031691,0.0,0.0,0.0,0.12762103957245768,0.12762103957245768,0.12762103957245768,-1.2602302357823958,-1.5429134798546198,-1.6087858980053382,0.9154313697095734,-0.9187810763711551,-0.8830558640607871,-1.2602302357823958,2103,0.0,0.2853067047075606,10.175939134569663,14.788397527341893,Ret,RET,K809E,K808E,targeting guide,Missense,0.8792120787921208,0.1208879112088791,0.9987424218303245,0.8791736210994285,0.8792120787921208,0.1208879112088791,0.9987424218303245,0.8791736210994286,0.8791736210994285,0.8791736210994286,0.9979219142023409,0.02545545547049069,0.9999999930886931,0.39596985455591455,0.9925199184319619,0.007505477071489017,1.0,0.14075440138973572,0.39596985455591455,0.14075440138973572,0.6003287903653785,0.036581044810131136,0.855844548222351,0.9767172506224799,0.9314821018024909,0.0687769170785153,1.0,0.9373522292930014,0.855844548222351,0.9373522292930014,0.9117558083980637,0.14061268465981772,0.9999999998916369,0.9773139069839524,0.9050702834421539,0.09508823767955338,0.9945141890905704,0.9220452779452667,0.9773139069839524,0.9220452779452667
gRNA_10617,Rheb,0.13480675960567895,-3.526863689505931,-0.2631041198690621,-0.15765263092626888,0.022363659445434583,-0.7580900042500296,-0.15765263092626888,4625.39539087212,-0.17444475442542315,-0.6524236874500837,-1.305305453299186,-0.38683870758495825,-0.3523318458009703,-0.5742688897121242,-0.38683870758495825,-0.13502276205038166,-0.13502276205038166,-0.13502276205038166,0.0,0.0,0.0,-0.38207809170283197,-0.38207809170283197,-0.38207809170283197,0.27461387064162396,-0.3160554126394135,-0.8226977668520754,0.25230879406988527,0.015881079779925693,-0.1191898870000108,0.015881079779925693,30656,0.0358820459290187,0.0456680584551148,0.6328288100208768,9.375,Rheb,RHEB,Y35C,Y35C,targeting guide,Missense,0.7873212678732127,0.21277872212778723,0.9987424218303245,0.8791736210994285,0.7873212678732127,0.21277872212778726,0.9987424218303245,0.8791736210994286,0.8791736210994285,0.8791736210994286,0.9577879762668818,0.18888589102121606,0.9999999930886931,0.8454892264759195,0.906552599824842,0.0935830454247481,1.0,0.4815058826075952,0.8454892264759195,0.4815058826075952,0.3964071443647273,0.7948006308985824,0.6735223371295609,0.9999999999992459,0.2805770041680169,0.7196631779729585,0.546616339726292,1.0,0.6735223371295609,0.546616339726292,0.6454315180952521,0.5445068108895504,0.9999999998916369,0.9773139069839524,0.5387237102822955,0.4615774806582377,0.9347526025086272,1.0,0.9773139069839524,0.9347526025086272
gRNA_10634,Rhoa,-1.100671538088316,2.404162646008424,0.1977569463302984,0.03124481118820562,-0.22864212903395081,0.2607701472809322,0.03124481118820562,1202.4702515439071,-0.57979803228928,-1.558047025244239,-1.483306444806849,-0.0017387990569989805,-0.7578074957625222,-0.8761395594319777,-0.7578074957625222,-0.19636441093025525,-0.19636441093025525,-0.19636441093025525,0.0,0.0,0.0,0.4722177365762813,0.4722177365762813,0.4722177365762813,0.0035781559707852425,-0.40534136765281703,0.3792377818650582,1.251737522090976,0.3865756961804043,0.3231575576908814,0.3792377818650582,5733,0.2790859933717076,0.7326007326007326,0.0,36.08930751787895,Rhoa,RHOA,Y34C,Y34C,targeting guide,Missense,0.8741125887411259,0.12598740125987398,0.9987424218303245,0.8791736210994285,0.8741125887411259,0.125987401259874,0.9987424218303245,0.8791736210994286,0.8791736210994285,0.8791736210994286,0.9796070257289481,0.050603224864922476,0.9999999930886931,0.5332921049291166,0.9750018997297633,0.02506643691331568,1.0,0.21420409725924308,0.5332921049291166,0.21420409725924308,0.02750091449364302,0.9752853229161502,0.14771919785156823,0.9999999999992459,0.01884304933820009,0.9812633066101556,0.11012179111201542,1.0,0.14771919785156823,0.11012179111201542,0.09846716662053277,0.8624553512453166,0.7788968766315769,0.9773139069839524,0.1077340751904548,0.8926812380486331,0.8103227152144246,1.0,0.7788968766315769,0.8103227152144246
gRNA_10657,Rictor,0.054263504339929325,-2.8196008505735253,0.8618107039903526,0.5849345229251802,-0.6439016342171717,-0.392498750707047,0.054263504339929325,612.2608826630517,-0.1900354442170839,-0.5136595681012952,-0.9995530000854727,-0.6328650882044966,-0.4391132973116422,-0.5550452795839982,-0.5136595681012952,0.296424644987984,0.296424644987984,0.296424644987984,0.0,0.0,0.0,0.6076742130135128,0.6076742130135128,0.6076742130135128,1.410766086914156,2.0685150210445045,1.5973262570321065,1.485776938878951,1.649698650130166,1.6424165907999768,1.5973262570321065,1151,0.0,0.0,0.0,50.21720243266724,Rictor,RICTOR,C1554R,C1555R,targeting guide,Missense,0.06609339066093392,0.934006599340066,0.6886947668869478,0.990842851198751,0.06609339066093393,0.934006599340066,0.6886947668869482,0.990842851198751,0.6886947668869478,0.6886947668869482,0.9666276156964149,0.21577772335675235,0.9999999930886931,0.9127843457545856,0.9051477268748138,0.09497284336673512,1.0,0.4815058826075952,0.9127843457545856,0.4815058826075952,8.380207758370797e-11,0.9999999999992459,3.15095811714742e-08,0.9999999999992459,4.364054786987934e-12,1.0,1.6408845999074633e-09,1.0,3.15095811714742e-08,1.6408845999074633e-09,0.34197497388684217,0.6818611020270324,0.9202736770867305,0.9773139069839524,0.3073529688016715,0.692947633784989,0.889213877247704,1.0,0.9202736770867305,0.889213877247704
gRNA_10664,Rictor,1.2412352912916784,-3.2826713523405027,0.28338269046459935,-0.0911742451853751,0.3709032937635703,-0.295664864401206,0.28338269046459935,1791.233619521012,1.1491365720848101,1.2929198023361705,-0.6136106783594365,1.5309627267925656,1.3989308479283944,0.9516678541565007,1.2929198023361705,0.28681088090067247,0.28681088090067247,0.28681088090067247,0.0,0.0,0.0,0.20074410064074955,0.20074410064074955,0.20074410064074955,-0.13034912119554143,-0.28352676126813453,-0.361331686528406,0.7344322538581805,-0.1089981917036785,-0.029954701367516007,-0.13034912119554143,5958,0.0503524672708962,0.0671366230278616,0.0,29.54011413225915,Rictor,RICTOR,M1365T,M1366T,targeting guide,Missense,0.07059294070592939,0.9295070492950704,0.6886947668869478,0.990842851198751,0.07059294070592938,0.9295070492950706,0.6886947668869482,0.990842851198751,0.6886947668869478,0.6886947668869482,4.292238934746285e-05,0.984165972003055,0.005379606131548678,0.9999993382361851,5.481343733775366e-05,0.9999469284890828,0.003882288275025058,1.0,0.005379606131548678,0.003882288275025058,0.27634458333037504,0.8711902894777825,0.5498332899826901,0.9999999999992459,0.19326967957236868,0.8069777428764794,0.43557970485595093,1.0,0.5498332899826901,0.43557970485595093,0.22744918603782793,0.7316711737606488,0.7992606911235822,0.9773139069839524,0.21141527121923026,0.7888734165206024,0.8202926364723093,1.0,0.7992606911235822,0.8202926364723093
gRNA_10909,Rtel1,-1.5765260690325351,-3.2337093588686745,0.6262928706100654,0.33231655590685844,-0.45092541436563327,-0.860510283149984,-0.45092541436563327,1978.1292363307725,-0.24733397444770255,0.9388303844799488,0.4262020894284885,0.18523488484167056,-0.0543388071264988,0.24971891543518132,0.18523488484167056,-0.0551703290784809,-0.0551703290784809,-0.0551703290784809,0.0,0.0,0.0,0.3040796014762753,0.3040796014762753,0.3040796014762753,-0.15742632588083516,-0.17405962444867207,1.1036375243581762,0.6259223395419651,0.9496246919265177,0.46953972109943026,0.6259223395419651,2194,0.2734731084776663,0.7748404740200547,0.0,37.237921604375565,Rtel1,RTEL1,T44A,T44A,targeting guide,Missense,0.6093390660933905,0.3907609239076092,0.9953525655837778,0.990842851198751,0.6093390660933906,0.3907609239076093,0.9953525655837777,0.990842851198751,0.990842851198751,0.990842851198751,0.1325153912469264,0.942837462187894,0.6387921424210812,0.9999993382361851,0.08080526588631443,0.9193508626529088,0.4108810069505016,1.0,0.6387921424210812,0.4108810069505016,0.005543447606857733,0.9891804529738247,0.05083747073606116,0.9999999999992459,0.0037419921852539883,0.9962887014560498,0.04138203122516175,1.0,0.05083747073606116,0.04138203122516175,0.6000452604822853,0.4310230500458184,0.9747221474624128,0.9773139069839524,0.5900279538837527,0.4102965085435143,0.9394385359508244,1.0,0.9747221474624128,0.9394385359508244
gRNA_10969,Runx1,0.46696722741683355,-4.19618565142744,0.7426839314144329,0.2792821701573874,1.3744656047757768,-0.2665573435326018,0.46696722741683355,2167.675854797409,-0.42364990262823454,-0.6780940130791197,-0.18086494165290437,0.4381213974297396,0.2511146275665937,-0.11867456647278511,-0.18086494165290437,-0.2513790718611863,-0.2513790718611863,-0.2513790718611863,0.0,0.0,0.0,0.40957837431487504,0.40957837431487504,0.40957837431487504,-0.8077047795981328,0.12185622913964586,-0.4952237301397589,0.8983282304493442,0.43204542958519637,0.029860275887258935,0.12185622913964586,6705,0.0894854586129754,0.0894854586129754,0.3728560775540641,11.618195376584636,Runx1,RUNX1,R149G,R135G,targeting guide,Missense,0.9395060493950604,0.06059394060593942,0.9988569143085692,0.7349458602526847,0.9395060493950604,0.06059394060593938,0.9988569143085692,0.7349458602526842,0.7349458602526847,0.7349458602526842,0.5549479999968717,0.6553438602379507,0.9999999930886931,0.9999993382361851,0.44744991321250455,0.55282653765035,0.8964352252234117,1.0,0.9999993382361851,0.8964352252234117,0.10979800754500905,0.8186695134353171,0.32647088316826395,0.9999999999992459,0.11907062361760645,0.8812090193028512,0.3371817213943499,1.0,0.32647088316826395,0.3371817213943499,0.11429135898965326,0.6395000883960099,0.7788968766315769,0.9773139069839524,0.14679087084201015,0.8535293862895156,0.8103227152144246,1.0,0.7788968766315769,0.8103227152144246
gRNA_10971,Runx1,0.1417651702989714,-4.069279673833414,1.4474722756540792,1.172209156035116,0.5000389456381484,-0.16155882524141982,0.5000389456381484,943.7565898478687,0.007406062138864648,-0.27361762906237774,-0.15938688647042276,-0.9145317258583663,1.01331115887686,-0.06536380407508843,-0.15938688647042276,-0.19386535078207748,-0.19386535078207748,-0.19386535078207748,0.0,0.0,0.0,0.5644798863339844,0.5644798863339844,0.5644798863339844,0.41968803874895916,0.4845394261865558,0.3149480822641522,1.5083574330784166,0.8784360829266659,0.7211938126409498,0.4845394261865558,1432,0.2793296089385474,0.2793296089385474,0.0,9.986033519553072,Runx1,RUNX1,R149G,R135G,targeting guide,Missense,0.8741125887411259,0.12598740125987398,0.9987424218303245,0.8791736210994285,0.8741125887411259,0.125987401259874,0.9987424218303245,0.8791736210994286,0.8791736210994285,0.8791736210994286,0.33294264746200597,0.6223754794751553,0.9804725963952906,0.9999993382361851,0.36155503590751004,0.6388688389557651,0.8391647746989123,1.0,0.9804725963952906,0.8391647746989123,0.0005684656845829259,0.999884356832709,0.015267364100227153,0.9999999999992459,0.00016163913988561556,0.9998423190211576,0.004890220381630981,1.0,0.015267364100227153,0.004890220381630981,0.0802529961854625,0.6780797574671815,0.7788968766315769,0.9773139069839524,0.11081413479133839,0.8894634113492519,0.8103227152144246,1.0,0.7788968766315769,0.8103227152144246
gRNA_11071,Setbp1,1.9899888634658844,-3.3644761278179462,-0.7056303318984963,0.9562195073950943,0.07533447157939996,-0.2097127234552128,0.07533447157939996,1392.3783702364813,0.877755574013169,0.05600896896322928,0.527399103744129,0.9919327707262292,-1.353144166051528,0.21999045027904574,0.527399103744129,0.02450007663855036,0.02450007663855036,0.02450007663855036,0.0,0.0,0.0,-0.0876959877403786,-0.0876959877403786,-0.0876959877403786,0.9327397100929045,-0.17438467424438744,0.381005026810666,0.45226774671042275,0.7373178330847023,0.4657891284908617,0.45226774671042275,1250,0.08,0.48,0.0,18.16,Setbp1,SETBP1,I862T,I871T,targeting guide,Missense,0.44065593440655915,0.5594440555944404,0.9803942682654807,0.990842851198751,0.44065593440655937,0.5594440555944405,0.9803942682654813,0.990842851198751,0.9803942682654807,0.9803942682654813,0.039182832024413715,0.74915939066229,0.3209734445608233,0.9999993382361851,0.06096569953300857,0.9392424256412603,0.3618886233932638,1.0,0.3209734445608233,0.3618886233932638,0.009395810630974262,0.9969076729012328,0.07449357351523393,0.9999999999992459,0.003491143715959611,0.9965277404268197,0.03977787991517617,1.0,0.07449357351523393,0.03977787991517617,0.11066448258355417,0.6503907373362752,0.7788968766315769,0.9773139069839524,0.17547591673638646,0.8249549233639062,0.8202926364723093,1.0,0.7788968766315769,0.8202926364723093
gRNA_11223,Smad2,0.04085071194802963,-3.7474456275487933,1.019419323418105,0.3295630746316352,-0.5443505211434849,-0.5803926077389016,0.04085071194802963,3561.5002259376415,-0.5490981405569991,-1.5647689575079513,-0.7552122588720123,-1.0835841401820567,-1.515432861974256,-1.093619271818655,-1.0835841401820567,0.2042074702085216,0.2042074702085216,0.2042074702085216,0.0,0.0,0.0,0.028473800094100388,0.028473800094100388,0.028473800094100388,-0.05780542625411384,-0.5293927927561944,-0.39539482685394806,0.5134811211981655,-0.5068470618339784,-0.19519179730001388,-0.39539482685394806,29426,0.0,0.0135934207843403,0.0,2.5011894243186297,Smad2,SMAD2,Y279C,Y279C,targeting guide,Missense,0.12178782121787818,0.8783121687831217,0.7385842060955193,0.990842851198751,0.12178782121787818,0.8783121687831217,0.7385842060955193,0.990842851198751,0.7385842060955193,0.7385842060955193,0.9987038836451578,0.018692580107051895,0.9999999930886931,0.3699163221185007,0.9949586976000132,0.005059866472138341,1.0,0.10569498852911202,0.3699163221185007,0.10569498852911202,0.47269922938035736,0.7218620082897316,0.7573354605161093,0.9999999999992459,0.37570770165733536,0.624577208416607,0.6601219430988696,1.0,0.7573354605161093,0.6601219430988696,0.36446959397445017,0.5752977983939874,0.9202736770867305,0.9773139069839524,0.36784399582317073,0.632521682996397,0.889213877247704,1.0,0.9202736770867305,0.889213877247704
gRNA_11284,Smad4,-0.7427101850380708,-3.1911135323199304,1.1597450646920937,1.114842757975282,0.31537550923092006,-0.26877207709194106,0.31537550923092006,629.0103931314957,-0.344185693020284,-2.0440655447189044,-0.49167497581212705,-1.543097021598472,-1.461562517182607,-1.1769171504664788,-1.461562517182607,-0.10569152082523108,-0.10569152082523108,-0.10569152082523108,0.0,0.0,0.0,0.4374698467987721,0.4374698467987721,0.4374698467987721,-0.8776333818747734,-0.23054513202891969,0.4196686964405614,0.9633846437907683,1.6360072586297432,0.382176416991476,0.4196686964405614,1050,0.1904761904761904,0.2857142857142857,0.0,21.619047619047617,Smad4,SMAD4,L532P,L533P,targeting guide,Missense,0.7488251174882512,0.25127487251274866,0.9987424218303245,0.9172752627649854,0.7488251174882512,0.2512748725127487,0.9987424218303245,0.9172752627649856,0.9172752627649854,0.9172752627649856,0.9969302888990791,0.013184386116230564,0.9999999930886931,0.2916075988060407,0.9953093095874435,0.004712284429773021,1.0,0.10422464385850916,0.2916075988060407,0.10422464385850916,0.001948775056102519,0.8998238250171532,0.029487850731035308,0.9999999999992459,0.007021297131770717,0.9933005800472676,0.05387770860297529,1.0,0.029487850731035308,0.05387770860297529,0.17608041094064905,0.6819924224643282,0.7788968766315769,0.9773139069839524,0.203618708245002,0.7966942725739344,0.8202926364723093,1.0,0.7788968766315769,0.8202926364723093
gRNA_11285,Smad4,-0.6085994851364867,0.5274990218465274,-2.516898347217559,0.9404627978364187,0.9599208731917065,-0.13952302789587862,0.5274990218465274,689.0194306371442,-0.2194476756688894,-1.51968037101509,-1.0718503752974557,-0.6892829180638472,-1.7670527301315073,-1.053462814035358,-1.0718503752974557,0.3908349319286939,0.3908349319286939,0.3908349319286939,0.0,0.0,0.0,0.5308380038835898,0.5308380038835898,0.5308380038835898,-0.7842661817780845,-0.2558242031676485,0.11115223329295403,-0.8603880066407751,1.583522674849005,-0.04116069668890985,-0.2558242031676485,1724,0.0,0.0,0.2900232018561485,23.37587006960557,Smad4,SMAD4,L532P,L533P,targeting guide,Missense,0.0244975502449755,0.9756024397560243,0.6886947668869478,0.990842851198751,0.02449755024497549,0.9756024397560243,0.6886947668869482,0.990842851198751,0.6886947668869478,0.6886947668869482,0.9948171670331688,0.025389207997899017,0.9999999930886931,0.39596985455591455,0.9906929298045974,0.009339569173989044,1.0,0.1463199170591617,0.39596985455591455,0.1463199170591617,0.0604916095905492,0.6128877961533283,0.22082373986452913,0.9999999999992459,0.1914534239706231,0.8109786037060589,0.43557970485595093,1.0,0.22082373986452913,0.43557970485595093,0.18404778384576712,0.7654178495870764,0.7917911956477558,0.9773139069839524,0.17433616339766572,0.8259157774270115,0.8202926364723093,1.0,0.7917911956477558,0.8202926364723093
gRNA_11305,Smad4,-0.9455559465896368,-3.2600653759315956,-0.3098119137504777,0.8858546698771367,-3.496536637993418,-1.4252230408775983,-0.9455559465896368,812.2910076818798,0.25347165456096277,0.10289161428548943,0.16088059838570273,0.9090331816478717,-0.35916961670083475,0.21342148643583836,0.16088059838570273,-0.009207053795361428,-0.009207053795361428,-0.009207053795361428,0.0,0.0,0.0,0.7470383890092037,0.7470383890092037,0.7470383890092037,0.7610025232965202,0.6010149555724221,1.470944621977569,1.2894512673597482,-0.43455504108055654,0.7375716654251407,0.7610025232965202,1795,0.0,12.423398328690809,0.0,60.16713091922006,Smad4,SMAD4,D492G,D493G,targeting guide,Missense,0.5006499350064992,0.4994500549945007,0.9855726469237891,0.990842851198751,0.5006499350064993,0.49945005499450057,0.9855726469237893,0.990842851198751,0.9855726469237891,0.9855726469237893,0.16474635523038186,0.9283471111575178,0.6998327439775354,0.9999993382361851,0.1030027461617995,0.8971743426167109,0.44728170415126095,1.0,0.6998327439775354,0.44728170415126095,0.00022240341222820318,0.9954159016421303,0.006432590999831107,0.9999999999992459,0.00016907676851383711,0.9998358734740053,0.004890220381630981,1.0,0.006432590999831107,0.004890220381630981,0.7291994239048063,0.20368472256993786,0.9999999998916369,0.9773139069839524,0.7992571773027973,0.20102574899109382,0.9725588953587437,1.0,0.9773139069839524,0.9725588953587437
gRNA_11315,Smad4,2.2461980536052524,-0.2933992849637145,3.023397348601262,0.36329614978668495,0.9086739884394509,1.2496332510937873,0.9086739884394509,155.9270974544359,0.8009512509314904,-0.7470722419266631,-2.0769042263502353,-1.1961771482175896,-0.385219990298152,-0.72088447117223,-0.7470722419266631,0.15486763114576327,0.15486763114576327,0.15486763114576327,0.0,0.0,0.0,0.5165610855042656,0.5165610855042656,0.5165610855042656,1.5734991425927707,-0.025174663084071063,-0.9159409871327882,0.4148818787810284,2.814869317503934,0.7724269377321749,0.4148818787810284,576,0.0,0.0,0.0,9.895833333333332,Smad4,SMAD4,K506E,K507E,targeting guide,Missense,0.19598040195980404,0.804119588041196,0.8877563856517573,0.990842851198751,0.19598040195980404,0.8041195880411958,0.8877563856517575,0.990842851198751,0.8877563856517573,0.8877563856517575,0.7265942947140382,0.0755066252366525,0.9999999930886931,0.5713662183244291,0.9003732052533048,0.09988685862604368,1.0,0.4815058826075952,0.5713662183244291,0.4815058826075952,4.056627959680814e-05,0.9237683917724437,0.002542153521399977,0.9999999999992459,0.0005508901856263744,1.0,0.010261513812136133,1.0,0.002542153521399977,0.010261513812136133,0.0010483582587308058,0.9958066027160499,0.1970913526413915,0.9997489077454798,0.000806074948507554,0.9992149083441341,0.13558768846591748,1.0,0.1970913526413915,0.13558768846591748
gRNA_11324,Smad4,-1.145346721551906,-3.4929793864413043,0.07000444908191003,0.032204433559720205,0.13989673283985793,-0.8792440985023443,0.032204433559720205,1419.852387407742,0.0964195009719875,-0.14797312735752552,0.8023875845552426,0.8048480991887363,0.8203000529283138,0.4751964220573509,0.8023875845552426,0.1965310198544582,0.1965310198544582,0.1965310198544582,0.0,0.0,0.0,0.5317410727580913,0.5317410727580913,0.5317410727580913,-0.6189941638655155,-0.01856017554859352,0.03506633253636158,1.5104482648612094,2.1280793001238574,0.6072079116214638,0.03506633253636158,7260,0.0550964187327823,0.1377410468319559,0.9090909090909092,7.878787878787878,Smad4,SMAD4,Y352C,Y353C,targeting guide,Missense,0.1434856514348565,0.8566143385661434,0.8052329095448664,0.990842851198751,0.14348565143485648,0.8566143385661433,0.8052329095448663,0.990842851198751,0.8052329095448664,0.8052329095448663,0.0301916468490105,0.9878255889978985,0.2838014803806987,0.9999993382361851,0.013974326933880331,0.9860719678569321,0.14200937640916228,1.0,0.2838014803806987,0.14200937640916228,0.00011057774012464578,0.9503793413045096,0.003949204519216439,0.9999999999992459,0.001054718381050743,1.0,0.0152528504336569,1.0,0.003949204519216439,0.0152528504336569,0.6991258794898729,0.43260599857767873,0.9999999998916369,0.9773139069839524,0.633951038000082,0.3663461297380104,0.947879494142232,1.0,0.9773139069839524,0.947879494142232
gRNA_11607,Smo,-0.7584518937152538,-0.7394168991893959,-0.23272077305305172,0.1506805942863469,1.0786084460055056,-0.10026010513316974,-0.23272077305305172,1690.9775568609732,0.303408266869713,0.00958462527681356,1.0320589428716849,0.1704450930458428,0.3903963718356187,0.3811786599799346,0.303408266869713,0.04374130254288315,0.04374130254288315,0.04374130254288315,0.0,0.0,0.0,0.47112425182463435,0.47112425182463435,0.47112425182463435,-0.00918508098922928,0.29004487197052414,-0.42902990349424824,0.85522128266898,1.5806001933816491,0.45753027270753516,0.29004487197052414,3326,1.413108839446783,1.9242333132892364,2.074564040889958,6.404088995790739,Smo,SMO,I160V,I156V,targeting guide,Missense,0.39196080391960797,0.6081391860813918,0.963250080220736,0.990842851198751,0.391960803919608,0.6081391860813918,0.9632500802207361,0.990842851198751,0.963250080220736,0.9632500802207361,0.07110940923576851,0.9855624017938243,0.4609851357353269,0.9999993382361851,0.03129692833869761,0.9687842302738336,0.22630086644904426,1.0,0.4609851357353269,0.22630086644904426,0.0032867165624798377,0.9777826347395464,0.038169780659446484,0.9999999999992459,0.004332056761501304,0.9957870446603168,0.044023063306067305,1.0,0.038169780659446484,0.044023063306067305,0.38910665060435123,0.7998236134225016,0.9202736770867305,0.9773139069839524,0.28485846557242833,0.7153993773361188,0.8637643794776859,1.0,0.9202736770867305,0.8637643794776859
gRNA_11608,Smo,-0.9286615657740435,-3.028706269014422,-0.3300432406574564,0.07632269146843175,-0.3582138642966293,-0.9138604496548238,-0.3582138642966293,1350.5648441030276,0.35451069435400007,0.7448812143118966,-0.48360485094065464,1.0310190411116145,-0.20322232237828805,0.28871675529171364,0.35451069435400007,0.02771723258368838,0.02771723258368838,0.02771723258368838,0.0,0.0,0.0,0.31771614953049393,0.31771614953049393,0.31771614953049393,-1.9696199549309459,-0.9772041882643268,-1.083834376724696,-0.05440234095664391,-0.04989100384831592,-0.8269903729449858,-0.9772041882643268,1792,0.2232142857142857,0.6138392857142857,0.5022321428571429,10.491071428571429,Smo,SMO,I160V,I156V,targeting guide,Missense,0.4321567843215679,0.5679432056794321,0.9803942682654807,0.990842851198751,0.43215678432156784,0.567943205679432,0.9803942682654813,0.990842851198751,0.9803942682654807,0.9803942682654813,0.0765307288003784,0.9091392610979273,0.4717303939170865,0.9999993382361851,0.06423320626123796,0.9359300450432139,0.3618886233932638,1.0,0.4717303939170865,0.3618886233932638,0.9037966371917474,0.09777449017007982,0.9999999999053213,0.9999999999992459,0.9212543819386709,0.07892532679369746,0.99537829772684,0.949631688710001,0.9999999999053213,0.949631688710001,0.8120986819773678,0.4304106318312602,0.9999999998916369,0.9773139069839524,0.7042063574359203,0.29603568651927914,0.966809041906353,1.0,0.9773139069839524,0.966809041906353
gRNA_11670,Socs1,-1.1389272156131762,-0.46439688630969356,-0.005128980096227188,-1.7712212384112591,1.6515781943530243,-0.34561922521546634,-0.46439688630969356,863.3830396143998,-0.5171891560273305,0.6072912896586179,-1.478033213389428,-0.2706725827398033,-0.020359028894081758,-0.33579253827840516,-0.2706725827398033,0.008840447889123044,0.008840447889123044,0.008840447889123044,0.0,0.0,0.0,0.8520564150255381,0.8520564150255381,0.8520564150255381,-1.3640224307731488,0.17833285696022919,-0.6977977281202054,0.5257745510749137,1.2967660204908944,-0.012189346073463359,0.17833285696022919,497,0.0,0.6036217303822937,0.0,5.633802816901409,Socs1,SOCS1,F102S,F101S,targeting guide,Missense,0.4776522347765224,0.5224477552244776,0.9848580359355373,0.990842851198751,0.47765223477652236,0.5224477552244775,0.9848580359355369,0.990842851198751,0.9848580359355373,0.9848580359355369,0.637691679113063,0.33794535327865066,0.9999999930886931,0.9999993382361851,0.6651519082830537,0.3351994586004102,1.0,0.9231001375711491,0.9999993382361851,0.9231001375711491,0.058507028374973645,0.6054866587068795,0.22001597105827697,0.9999999999992459,0.13867520735182598,0.8618840794393564,0.36462851723277323,1.0,0.22001597105827697,0.36462851723277323,0.3714009287472496,0.5803428251629029,0.9202736770867305,0.9773139069839524,0.40790949004566607,0.5925056447308494,0.9050819794609262,1.0,0.9202736770867305,0.9050819794609262
gRNA_11798,Sox9,-1.8498456145974802,-3.141644990083969,-4.784288240393352,1.0840104761790543,-0.46687527546623203,-1.8317287288723958,-1.8498456145974802,971.592107245067,0.7654692576729967,0.9384973167863891,0.11875257918410806,-0.7086509762608711,0.021594557197181116,0.22713254691596071,0.11875257918410806,0.011113432521025408,0.011113432521025408,0.011113432521025408,0.0,0.0,0.0,-0.021693276779512185,-0.021693276779512185,-0.021693276779512185,-0.9888966978578662,0.6992792105917573,-0.8614027419035926,0.49506363515363305,-0.26662847482627516,-0.18451701376846869,-0.26662847482627516,664,0.0,0.0,0.0,51.80722891566265,Sox9,SOX9,M109T,M109T,targeting guide,Missense,0.4735526447355263,0.5265473452654734,0.9848580359355373,0.990842851198751,0.47355264473552644,0.5265473452654734,0.9848580359355369,0.990842851198751,0.9848580359355373,0.9848580359355369,0.09951905724697245,0.8810187079229581,0.5423067467371252,0.9999993382361851,0.0863267252831984,0.9138640092506822,0.4223733787231549,1.0,0.5423067467371252,0.4223733787231549,0.2385988361332972,0.5846424441896596,0.5068540247803375,0.9999999999992459,0.30863589397569674,0.6917589808674747,0.5854929679344255,1.0,0.5068540247803375,0.5854929679344255,0.7414832277457064,0.06866011353935153,0.9999999998916369,0.9773139069839524,0.9022017875140569,0.09808992318566667,0.9945141890905704,0.9220452779452667,0.9773139069839524,0.9220452779452667
gRNA_12024,Stat3,-0.14669588197272754,1.141137921418075,-0.21062091946241748,-0.24962967239510545,-1.6214132362093463,-0.21744435772430437,-0.21062091946241748,1664.106040066275,0.2737839711007107,0.7296488503611173,1.1527069941281456,1.1905056852119862,0.14708947088397367,0.6987469943371868,0.7296488503611173,0.04513612402916095,0.04513612402916095,0.04513612402916095,0.0,0.0,0.0,0.7939865629388596,0.7939865629388596,0.7939865629388596,-0.09216219510211983,0.1862602421151612,-0.0071685005634573844,0.8968149611103982,-0.31159820250269854,0.13442926101145672,-0.0071685005634573844,2629,0.1521491061240015,0.1901863826550019,0.0,5.553442373526055,Stat3,STAT3,H410R,H410R,targeting guide,Missense,0.3768623137686231,0.6232376762323768,0.9626151478811853,0.990842851198751,0.3768623137686231,0.6232376762323768,0.9626151478811852,0.990842851198751,0.9626151478811853,0.9626151478811852,0.003770402883371122,0.998451337554119,0.07461428863934431,0.9999993382361851,0.0014211286342326493,0.9985908297013221,0.02968579813730423,1.0,0.07461428863934431,0.02968579813730423,0.11102623790465152,0.9504167048738699,0.32647088316826395,0.9999999999992459,0.07001807913154941,0.9301535294779613,0.23933452503147798,1.0,0.32647088316826395,0.23933452503147798,0.3926394386202304,0.749936086211337,0.9202736770867305,0.9773139069839524,0.3117277048008491,0.6885554012707586,0.889213877247704,1.0,0.9202736770867305,0.889213877247704
gRNA_12026,Stat3,-1.069659906159126,-3.4430412614969237,0.4838900564161503,-0.3354353100503459,-0.9403004383647766,-1.0609093719310043,-0.9403004383647766,1206.2057538785962,-0.019899041086357573,0.341652662892732,-1.2346733310264906,-1.1883831951128805,-1.593527857391112,-0.7389661523448217,-1.1883831951128805,-0.16791834855470045,-0.16791834855470045,-0.16791834855470045,0.0,0.0,0.0,0.282737901473053,0.282737901473053,0.282737901473053,-1.2525024270542187,-0.24393801863617098,1.2494776153482072,0.762533958147519,-2.4344373674054998,-0.38377324792003265,-0.24393801863617098,1493,4.8894842598794375,5.693235097119893,1.7414601473543203,3.2150033489618215,Stat3,STAT3,H410R,H410R,targeting guide,Missense,0.8373162683731625,0.16278372162783725,0.9987424218303245,0.8791736210994285,0.8373162683731626,0.16278372162783722,0.9987424218303245,0.8791736210994286,0.8791736210994285,0.8791736210994286,0.8713732493415296,0.07448087789306222,0.9999999930886931,0.5713662183244291,0.9296229930531134,0.07054132830874056,1.0,0.39479619237636215,0.5713662183244291,0.39479619237636215,0.06989088725256352,0.17516213783777287,0.24332382969411004,0.9999999999992459,0.37474420964598754,0.6265759309965442,0.6601219430988696,1.0,0.24332382969411004,0.6601219430988696,0.7973590087624948,0.3189229714794285,0.9999999998916369,0.9773139069839524,0.7578377049487597,0.24241438307033936,0.9692074049684818,1.0,0.9773139069839524,0.9692074049684818
gRNA_12164,Syk,0.19856075190076036,-2.250030306156258,-1.3282060587277766,1.0496943477390246,0.9277540438611503,-0.2804454442766199,0.19856075190076036,1045.9406537129087,-0.25793890488117854,1.7962541921386779,0.17165731604713097,0.48299464435179734,1.10691186074998,0.6599758216812815,0.48299464435179734,0.3068134586192364,0.3068134586192364,0.3068134586192364,0.0,0.0,0.0,0.2327069817013919,0.2327069817013919,0.2327069817013919,-0.40303076609205407,0.8973733248928427,0.4027640266681386,1.7325716440890628,-0.31855901136463144,0.46222384363867175,0.4027640266681386,704,0.0,3.125,0.8522727272727272,60.22727272727273,Syk,SYK,N451S,N457S,targeting guide,Missense,0.0618938106189381,0.9382061793820617,0.6886947668869478,0.990842851198751,0.06189381061893808,0.9382061793820617,0.6886947668869482,0.990842851198751,0.6886947668869478,0.6886947668869482,0.0040029162346466455,0.9844831347285815,0.07525482521135693,0.9999993382361851,0.0038180934774562736,0.996242739007609,0.06241752815319821,1.0,0.07525482521135693,0.06241752815319821,0.001960628373074156,0.9619275940088445,0.029487850731035308,0.9999999999992459,0.004243089017689505,0.9959603908830039,0.044023063306067305,1.0,0.029487850731035308,0.044023063306067305,0.2454037485627981,0.6553116498229815,0.8465303620147898,0.9773139069839524,0.2669810938797482,0.7333424187227771,0.8522797182251488,1.0,0.8465303620147898,0.8522797182251488
gRNA_12197,Tbl1xr1,-0.8080112715585767,2.553505003092365,1.8408705418664002,0.7980135060218176,-1.1856896279001334,0.6397376303043745,0.7980135060218176,2389.5164934478084,0.1014163311049653,-0.25502059343488775,-0.9510032120929235,-0.36788074626555534,0.5197651127669479,-0.1905446215842907,-0.25502059343488775,0.24172965108712494,0.24172965108712494,0.24172965108712494,0.0,0.0,0.0,-0.3177658443054228,-0.3177658443054228,-0.3177658443054228,-0.07105513338806899,0.30531310242783116,0.19445961764438938,1.0591377003735114,-0.3253268380510422,0.23250568980132416,0.19445961764438938,22583,0.013284328919984,0.0177124385599787,0.0044281096399946,6.686445556391976,Tbl1xr1,TBL1XR1,D370G,D370G,targeting guide,Missense,0.10798920107989202,0.8921107889211078,0.7385842060955193,0.990842851198751,0.10798920107989196,0.8921107889211078,0.7385842060955193,0.990842851198751,0.7385842060955193,0.7385842060955193,0.5970406885832739,0.5538200326714604,0.9999999930886931,0.9999993382361851,0.5259800464258739,0.4743183972037819,0.9600412497870321,1.0,0.9999993382361851,0.9600412497870321,0.05759910640070845,0.9692741823221045,0.22001597105827697,0.9999999999992459,0.0359542865507873,0.9641769603660194,0.16432241905587908,1.0,0.22001597105827697,0.16432241905587908,0.009733337167751063,0.8800897792567102,0.45746684688429995,0.9819399317522938,0.020153223092990065,0.9800449153640328,0.505174125530951,1.0,0.45746684688429995,0.505174125530951
gRNA_12271,Tcf3,0.07768386575369379,-3.3454766489419296,0.1528520986847106,0.0899710194337783,-0.00046573693467645376,-0.6050870804008848,0.07768386575369379,2148.877843048652,0.28604545166783635,-0.42006301140738667,0.03631300544822599,-0.21849106297117402,-0.7865312525817459,-0.22054537396884885,-0.21849106297117402,0.026311637073964243,0.026311637073964243,0.026311637073964243,0.0,0.0,0.0,0.22606976124967845,0.22606976124967845,0.22606976124967845,-0.4483793697936494,-0.01043485494444309,-0.9576636910642666,1.2631067171762436,0.6832596450267221,0.10597768928012133,-0.01043485494444309,6646,0.2106530243755642,0.6770990069214565,0.0601865783930183,66.94252181763467,Tcf3,TCF3,Y187C,Y185C,targeting guide,Missense,0.4321567843215679,0.5679432056794321,0.9803942682654807,0.990842851198751,0.43215678432156784,0.567943205679432,0.9803942682654813,0.990842851198751,0.9803942682654807,0.9803942682654813,0.7208568367269266,0.5556240748149006,0.9999999930886931,0.9999993382361851,0.5910895257940678,0.4091669748775887,0.994516909040091,0.985000306407196,0.9999993382361851,0.985000306407196,0.04744260526982139,0.787849745172064,0.20986375978179816,0.9999999999992459,0.08212212882925507,0.9182546248407248,0.2685036559982601,1.0,0.20986375978179816,0.2685036559982601,0.5500017648144404,0.6266881277244545,0.9747221474624128,0.9773139069839524,0.4406392732813509,0.5596566915910649,0.9108576036662016,1.0,0.9747221474624128,0.9108576036662016
gRNA_12272,Tcf3,-1.5138452468478107,-3.303928938341802,-0.9940345292343081,0.5321507080924556,-1.4967007410834998,-1.3552717494829931,-1.4967007410834998,1829.9141436963398,0.21238741646568302,0.18498960532262196,-0.24100452149919135,-0.8022557195926331,-0.12622398250057296,-0.15442144036081848,-0.12622398250057296,0.00017240064769562317,0.00017240064769562317,0.00017240064769562317,0.0,0.0,0.0,0.45454250657927664,0.45454250657927664,0.45454250657927664,0.7755692927210627,0.3350958850145462,-1.1540578242947983,1.0808703889922922,0.8609218036181268,0.3796799092102459,0.7755692927210627,3750,0.2933333333333333,1.1733333333333331,1.5733333333333333,51.25333333333333,Tcf3,TCF3,Y187C,Y185C,targeting guide,Missense,0.48195180481951827,0.5181481851814819,0.9848580359355373,0.990842851198751,0.48195180481951805,0.5181481851814819,0.9848580359355369,0.990842851198751,0.9848580359355373,0.9848580359355369,0.6456489329241817,0.646381405894307,0.9999999930886931,0.9999993382361851,0.49620336004827686,0.5040571421554356,0.9457500866032145,1.0,0.9999993382361851,0.9457500866032145,0.004297348851753422,0.9027839937671491,0.043670355898899636,0.9999999999992459,0.006351167980914134,0.993697043704815,0.050809343847313074,1.0,0.043670355898899636,0.050809343847313074,0.8787426549457685,0.19344497501692642,0.9999999998916369,0.9773139069839524,0.8694462821648429,0.13073468931956306,0.9936528939026775,1.0,0.9773139069839524,0.9936528939026775
gRNA_12386,Tet2,-0.12981740556929489,-4.039137701587478,-1.9834011552809936,0.18749457911215317,0.2151369644639259,-1.1499449437723377,-0.12981740556929489,4081.096550685344,-0.42892881259899085,-1.2607399372500718,0.020984398508765163,-0.1037830844671834,-0.2878783399730711,-0.4120691551561103,-0.2878783399730711,-0.2423048884951086,-0.2423048884951086,-0.2423048884951086,0.0,0.0,0.0,-0.378030157746997,-0.378030157746997,-0.378030157746997,-0.17890318530555396,0.13745693389232,-0.2678943849580468,0.7604291524379564,0.29569662686705894,0.14935702858674693,0.13745693389232,22716,0.0176087339320302,0.0572283852790984,0.0,52.57967952104243,Tet2,TET2,S1820P,S1898P,targeting guide,Missense,0.9186081391860814,0.08149185081491851,0.9988569143085692,0.8511371085113711,0.9186081391860814,0.08149185081491855,0.9988569143085692,0.8511371085113716,0.8511371085113711,0.8511371085113716,0.870331087848878,0.32811132314485225,0.9999999930886931,0.9999993382361851,0.7873676225262622,0.2128539757066107,1.0,0.7309962975077415,0.9999993382361851,0.7309962975077415,0.12042321264232818,0.9573084008928832,0.34564219811843816,0.9999999999992459,0.06737051462463782,0.9327641643475182,0.23454919906355387,1.0,0.34564219811843816,0.23454919906355387,0.7162713704353275,0.29458228604315595,0.9999999998916369,0.9773139069839524,0.7162093281938986,0.2841170612681973,0.966809041906353,1.0,0.9773139069839524,0.966809041906353
gRNA_12523,Trp53,2.0403085793722644,-3.263375004568631,0.18097022132150242,0.8114780937248871,-0.7615094195895191,-0.1984255059478993,0.18097022132150242,2341.557463473415,-0.7227958370211315,-1.4815757828597695,-0.42610737981898034,-0.7537492851824427,-0.5836871422388205,-0.7935830854242288,-0.7227958370211315,0.07652260027374959,0.07652260027374959,0.07652260027374959,0.0,0.0,0.0,0.08330346465197198,0.08330346465197198,0.08330346465197198,1.036864603759651,-0.7926629904262856,-0.38069564197163197,1.5138515426845949,-1.4593338528198123,-0.01639526775469684,-0.38069564197163197,16360,0.1894865525672371,3.3129584352078236,0.0,5.794621026894865,Trp53,TP53,I192T,I195T,targeting guide,Missense,0.29277072292770717,0.7073292670732926,0.8877563856517573,0.990842851198751,0.2927707229277072,0.7073292670732927,0.8877563856517575,0.990842851198751,0.8877563856517573,0.8877563856517575,0.9920346746033741,0.07641742945398093,0.9999999930886931,0.5713662183244291,0.9729818326392449,0.027077361859100806,1.0,0.225056517211323,0.5713662183244291,0.225056517211323,0.01698983285599146,0.44377262187135047,0.10812971382526836,0.9999999999992459,0.13269206876793338,0.8687595069842273,0.35893681911325864,1.0,0.10812971382526836,0.35893681911325864,0.11272453047302797,0.6617298175699906,0.7788968766315769,0.9773139069839524,0.17415716126806935,0.826278234325263,0.8202926364723093,1.0,0.7788968766315769,0.8202926364723093
gRNA_12536,Trp53,0.391613722743244,-0.10927133314258436,0.6853069251072375,1.2578312793330766,0.42359502224093715,0.5298151232563822,0.42359502224093715,1564.9344780840488,-0.14297944304523943,-0.42447969864935986,-0.34322094944814807,0.34914549567163616,0.6619048257093434,0.02007404604764642,-0.14297944304523943,0.42131287000712836,0.42131287000712836,0.42131287000712836,0.0,0.0,0.0,0.5628781249916528,0.5628781249916528,0.5628781249916528,0.5430365167930249,0.11339731145721561,0.47060480213037864,1.290964515831562,1.1420509422983969,0.7120108177021156,0.5430365167930249,12588,0.0,0.3813155386081983,0.5719733079122974,68.92278360343184,Trp53,TP53,N236S,N239S,targeting guide,Missense,0.0244975502449755,0.9756024397560243,0.6886947668869478,0.990842851198751,0.02449755024497549,0.9756024397560243,0.6886947668869482,0.990842851198751,0.6886947668869478,0.6886947668869482,0.3740661101641568,0.7838828319982972,0.9937087802804399,0.9999993382361851,0.2847609409905819,0.7154996505944307,0.7643106638538364,1.0,0.9937087802804399,0.7643106638538364,0.0008474560550175214,0.9997577853978558,0.019242823874762366,0.9999999999992459,0.00024171587664408557,0.999761647053412,0.006080229719745709,1.0,0.019242823874762366,0.006080229719745709,0.07477627471818873,0.990572729763784,0.7788968766315769,0.9997489077454798,0.027648564386481254,0.9724121630807897,0.5775477894064973,1.0,0.7788968766315769,0.5775477894064973
gRNA_12548,Trp53,-0.46213930057812813,-2.8017782423607076,0.5798505845488161,-0.7538035930982029,-2.92763949254554,-1.2731020088067526,-0.7538035930982029,735.6529597830998,1.383664038590588,-0.42846342490299255,-1.0744783492263954,0.7070397745533135,0.10099188920616227,0.13775078564413518,0.10099188920616227,-0.43969829031278884,-0.43969829031278884,-0.43969829031278884,0.0,0.0,0.0,-0.012416739382253664,-0.012416739382253664,-0.012416739382253664,-1.3987805769331554,-0.7266563025830548,-1.0316436815525047,1.507874825815512,0.339823648590113,-0.26187641733261796,-0.7266563025830548,2656,0.0376506024096385,0.1129518072289156,0.0,11.634036144578314,Trp53,TP53,H176R,H179R,targeting guide,Missense,0.9916008399160084,0.008499150084991502,0.9988569143085692,0.45652577599382926,0.9916008399160084,0.008499150084991499,0.9988569143085692,0.4565257759938291,0.45652577599382926,0.4565257759938291,0.06601086388994144,0.6758950113980675,0.4551681042382512,0.9999993382361851,0.13458231658891934,0.8659889448907205,0.516356643239119,1.0,0.4551681042382512,0.516356643239119,0.08770186452170162,0.30040791006580014,0.2865805211650778,0.9999999999992459,0.37811297958033596,0.6241354382163685,0.661258048010262,1.0,0.2865805211650778,0.661258048010262,0.8038271797231809,0.2649694556946327,0.9999999998916369,0.9773139069839524,0.7930711850603579,0.20716934163939377,0.9725588953587437,1.0,0.9773139069839524,0.9725588953587437
gRNA_12556,Trp53,0.6318247191376527,-1.217461952169767,-0.19417590250024538,0.04489320202730569,0.48105947961316853,-0.05077209077837708,0.04489320202730569,1230.9082693176683,0.3227054209005719,0.15498365200220243,-0.7279784624992358,0.8562634653184654,0.6102842590999581,0.2432516669643924,0.3227054209005719,0.35478353932585666,0.35478353932585666,0.35478353932585666,0.0,0.0,0.0,0.593225743938065,0.593225743938065,0.593225743938065,-0.515820857222101,0.881651819524697,0.7627274901196225,1.4667908158591212,1.2059562116470623,0.7602610959856804,0.881651819524697,5068,0.0,0.0986582478295185,0.0,34.23441199684294,Trp53,TP53,L249P,L252P,targeting guide,Missense,0.03359664033596641,0.9665033496650335,0.6886947668869478,0.990842851198751,0.03359664033596641,0.9665033496650335,0.6886947668869482,0.990842851198751,0.6886947668869478,0.6886947668869482,0.09487270260015625,0.9065281084714931,0.5324199429501306,0.9999993382361851,0.07088997360563948,0.9292606515282271,0.38078042965314923,1.0,0.5324199429501306,0.38078042965314923,0.00011553523859409797,0.9939077953655164,0.003949204519216439,0.9999999999992459,9.755799341934014e-05,0.9999055297386334,0.004418792142022555,1.0,0.003949204519216439,0.004418792142022555,0.34602513065422613,0.8500701112424642,0.9202736770867305,0.9773139069839524,0.2246811844625759,0.7755324655645093,0.8202926364723093,1.0,0.9202736770867305,0.8202926364723093
gRNA_12558,Trp53,-0.884871544098867,-3.4662333077246363,0.10808962912242986,0.703267860475388,-1.3466025354187803,-0.977269979528893,-0.884871544098867,2796.5657478535923,-0.3328472628955183,0.9077907407517084,-0.09359681164206368,-0.25319939014758436,-0.10771033989856782,0.02408738723359486,-0.10771033989856782,-0.2200915362729831,-0.2200915362729831,-0.2200915362729831,0.0,0.0,0.0,0.0873646524732948,0.0873646524732948,0.0873646524732948,0.5304971164689376,-0.1356945512617886,-0.032764046583715255,0.5637499527493812,-0.34199549887887065,0.11675859449878886,-0.032764046583715255,9762,0.0,0.1126818274943659,2.3560745748821965,36.652325343167384,Trp53,TP53,K117R,K120R,targeting guide,Missense,0.888011198880112,0.11208879112088793,0.9988569143085692,0.8791736210994285,0.888011198880112,0.11208879112088788,0.9988569143085692,0.8791736210994286,0.8791736210994285,0.8791736210994286,0.3340648938932746,0.7865757568925962,0.9804725963952906,0.9999993382361851,0.2754331402028042,0.724881917919524,0.755933289899667,1.0,0.9804725963952906,0.755933289899667,0.1277120362773065,0.9530488891426006,0.35690707327560833,0.9999999999992459,0.07163741312798279,0.9284919642355263,0.24266366969478853,1.0,0.35690707327560833,0.24266366969478853,0.6764558280437127,0.34349243144141567,0.9999999998916369,0.9773139069839524,0.6842123155627272,0.3160970485262967,0.966809041906353,1.0,0.9773139069839524,0.966809041906353
gRNA_12567,Trp53,-1.1333673743465962,-3.8641685909264973,0.605470634056711,0.358642763738828,-0.5715891535808757,-0.921002344211686,-0.5715891535808757,1677.4815484259677,-0.891374745481251,-1.8933991344621608,-0.6121103636534408,-0.9537106874831308,-0.12181615246051303,-0.8944822167080992,-0.891374745481251,0.04667177899830553,0.04667177899830553,0.04667177899830553,0.0,0.0,0.0,0.2771639563083551,0.2771639563083551,0.2771639563083551,-0.5110445594091374,-0.2462167993028119,-0.5092754044772061,0.6876836867147805,0.07934016195876487,-0.09990258290312198,-0.2462167993028119,7769,0.0386150083665851,0.0772300167331702,0.0,13.553867936671384,Trp53,TP53,Non-coding,,targeting guide,Intron,0.36696330366963303,0.6331366863313669,0.9581819595818196,0.990842851198751,0.36696330366963303,0.6331366863313669,0.9581819595818196,0.990842851198751,0.9581819595818196,0.9581819595818196,0.9865386136716847,0.05507957503582319,0.9999999930886931,0.5332921049291166,0.976113557013979,0.023951087864835723,1.0,0.2094327683064705,0.5332921049291166,0.2094327683064705,0.33092673051922805,0.7849781125610854,0.609943385662891,0.9999999999992459,0.2682882975236981,0.7320016371304452,0.5253979159839088,1.0,0.609943385662891,0.5253979159839088,0.6126709127658951,0.3718313637597335,0.9761197593219347,0.9773139069839524,0.6257284879995686,0.37462123451776697,0.9448751465375012,1.0,0.9761197593219347,0.9448751465375012
gRNA_12579,Trp53,-2.847893809790421,-4.4310658039736825,-0.851962564514395,-1.659207994917689,-2.8558186207377596,-2.529189758786789,-2.847893809790421,820.9670131043831,-1.3696298388569066,0.26519772624101423,-0.23543171422565168,-1.024731969672968,-1.0957811701617515,-0.6920753933352526,-1.024731969672968,-0.06237019493020197,-0.06237019493020197,-0.06237019493020197,0.0,0.0,0.0,-0.2818194623841111,-0.2818194623841111,-0.2818194623841111,-0.9537726572874871,-0.6773768121564215,-0.35490302261693124,-0.408991934389184,-0.6609187585991779,-0.6111926370098403,-0.6609187585991779,517,0.3868471953578337,0.3868471953578337,0.3868471953578337,20.116054158607348,Trp53,TP53,M243T,M246T,targeting guide,Missense,0.63003699630037,0.37006299370063,0.9953525655837778,0.987492859105698,0.6300369963003699,0.37006299370062995,0.9953525655837777,0.9874928591056978,0.987492859105698,0.9874928591056978,0.9214385508052666,0.10121758908269825,0.9999999930886931,0.6676809385104305,0.9305482562260166,0.06958877192226304,1.0,0.39479619237636215,0.6676809385104305,0.39479619237636215,0.9501899813421997,0.2877138732341238,0.9999999999053213,0.9999999999992459,0.8644090172505838,0.13573611966269267,0.9843708795233328,1.0,0.9999999999053213,0.9843708795233328,0.9974176218258658,0.021934082764015567,0.9999999998916369,0.6872679266058211,0.9929692380372546,0.0070582328878586575,1.0,0.2948772850927617,0.6872679266058211,0.2948772850927617
gRNA_12580,Trp53,-0.12320659531528697,-1.264400466899559,0.07236092370253344,0.95824816494673,-0.579325208908628,-0.1872646364948421,-0.12320659531528697,1157.8852236782648,-0.39472050924274676,-0.6741092998152859,-0.26601693725255565,0.15931813809903436,-0.5918772622295473,-0.3534811740882202,-0.39472050924274676,-0.2540527212896252,-0.2540527212896252,-0.2540527212896252,0.0,0.0,0.0,0.6375297046557977,0.6375297046557977,0.6375297046557977,0.23181093594499583,0.1943884203985206,0.4638431574757434,1.25067237047419,1.722807101834505,0.7727043972255909,0.4638431574757434,3337,0.1798022175606832,0.2996703626011388,0.5993407252022775,10.788133053640996,Trp53,TP53,M243T,M246T,targeting guide,Missense,0.9472052794720528,0.0528947105289471,0.9988569143085692,0.7103003985315753,0.9472052794720528,0.05289471052894707,0.9988569143085692,0.710300398531575,0.7103003985315753,0.710300398531575,0.8720583487884115,0.40699114030184713,0.9999999930886931,0.9999993382361851,0.7589483848424896,0.24125399286468724,1.0,0.7889281245052151,0.9999993382361851,0.7889281245052151,0.00021123276903810476,0.9995001839707307,0.006432590999831107,0.9999999999992459,0.00012304830432433847,0.9998851755376903,0.004626616242595126,1.0,0.006432590999831107,0.004626616242595126,0.4250007522137574,0.7561823048383498,0.9254536787217679,0.9773139069839524,0.3246092002910844,0.6756599119087614,0.889213877247704,1.0,0.9254536787217679,0.889213877247704
gRNA_12583,Trp53,-0.20053743586231193,-3.2472262984530285,-2.253520655297577,0.4804481482027316,-1.6440350059995317,-1.3729742494819432,-1.6440350059995317,3629.221268263293,0.1129256296347183,0.5536951774847406,0.35350116559278383,0.2306951411341062,0.15783191949175612,0.28172980666762104,0.2306951411341062,-0.03165582422875717,-0.03165582422875717,-0.03165582422875717,0.0,0.0,0.0,-0.6397927559540675,-0.6397927559540675,-0.6397927559540675,-0.5488590976965502,1.1439348959679092,-0.07261306876947987,0.8149345341071151,0.6787304755075284,0.40322554782330455,0.6787304755075284,25869,1.0823765897406163,1.3684332598863505,0.5605164482585334,9.710464262244384,Trp53,TP53,L254P,L257P,targeting guide,Missense,0.5520447955204479,0.44805519448055187,0.9866008832906662,0.990842851198751,0.5520447955204479,0.4480551944805519,0.9866008832906662,0.990842851198751,0.9866008832906662,0.9866008832906662,0.16565189950532086,0.9805076450243965,0.6998327439775354,0.9999993382361851,0.06544794252856899,0.9346474688375771,0.3618886233932638,1.0,0.6998327439775354,0.3618886233932638,0.00784358369171008,0.9727003702650944,0.06858575507169744,0.9999999999992459,0.006816014504155541,0.9932330123495272,0.05339211361588507,1.0,0.06858575507169744,0.05339211361588507,0.8285529093046382,0.21830447788836416,0.9999999998916369,0.9773139069839524,0.8299946250804597,0.17022531046567346,0.9776886959503303,1.0,0.9773139069839524,0.9776886959503303
gRNA_12592,Trp53,-0.496788848897942,-4.550625905788268,1.3822193982808832,-0.15671702933372372,-2.7585727023642086,-1.316097017620652,-0.496788848897942,1085.5851784907366,-0.7356291582672574,-1.2909224518641167,-0.5783754412694113,-1.1063285233023885,-0.4891427841788019,-0.8400796717763953,-0.7356291582672574,0.08540945485222405,0.08540945485222405,0.08540945485222405,0.0,0.0,0.0,-0.12059877808097393,-0.12059877808097393,-0.12059877808097393,0.7116332560476508,-0.021288317755414198,0.10078263986115626,1.5140817955735681,1.6467617710319518,0.7903942289517826,0.7116332560476508,1679,0.2382370458606313,0.2382370458606313,0.9529481834425254,8.81477069684336,Trp53,TP53,D278G,D281G,targeting guide,Missense,0.2867713228677132,0.7133286671332868,0.8877563856517573,0.990842851198751,0.2867713228677132,0.7133286671332867,0.8877563856517575,0.990842851198751,0.8877563856517573,0.8877563856517575,0.9950108481915254,0.05947881079067865,0.9999999930886931,0.5332921049291166,0.9808935313131139,0.019151258771860323,1.0,0.20927859846216337,0.5332921049291166,0.20927859846216337,7.620747619328859e-05,0.9985037635587426,0.003183779005408501,0.9999999999992459,7.534708643298437e-05,0.9999308381828713,0.004047214928400303,1.0,0.003183779005408501,0.004047214928400303,0.5215591770617405,0.16570048812125326,0.9747221474624128,0.9773139069839524,0.7301780965368906,0.27034969110198326,0.966809041906353,1.0,0.9747221474624128,0.966809041906353
gRNA_12597,Trp53,-1.6082241977885072,-2.4112935772577,1.1823404149773047,0.7315906788381744,0.06149411749025899,-0.4088185127480938,0.06149411749025899,1486.6094291308932,-0.1352705273538218,0.5584170308296177,-1.1834594151245224,0.18000797299460033,-0.058576231112836954,-0.1277762339533926,-0.058576231112836954,-0.29794660366749437,-0.29794660366749437,-0.29794660366749437,0.0,0.0,0.0,0.6897896856673794,0.6897896856673794,0.6897896856673794,-1.2944958338932109,-0.3010338461325393,-1.0566075179003898,-0.05966812749681552,-0.6588575347159408,-0.6741325720277793,-0.6588575347159408,2422,0.0825763831544178,0.1238645747316267,0.9083402146985964,13.170933113129646,Trp53,TP53,Non-coding,,targeting guide,Intron,0.9677032296770323,0.032396760323967606,0.9988569143085692,0.5536900855369009,0.9677032296770323,0.03239676032396761,0.9988569143085692,0.553690085536901,0.5536900855369009,0.553690085536901,0.4711580308364536,0.5977405129164579,0.9999999930886931,0.9999993382361851,0.4207015372253351,0.5796243094148819,0.8837082569649497,1.0,0.9999993382361851,0.8837082569649497,0.9246304179124889,0.19459572431452643,0.9999999999053213,0.9999999999992459,0.8851584318047567,0.11500230001462075,0.9934912548017568,1.0,0.9999999999053213,0.9934912548017568,0.2789280107919032,0.6007998700285346,0.8667515046095505,0.9773139069839524,0.3165492841729759,0.6838064598919975,0.889213877247704,1.0,0.8667515046095505,0.889213877247704
gRNA_12601,Trp53,0.5445666496901258,-3.1187626880952464,-0.4725231508074194,-1.076532952129232,-0.5761671220441624,-0.9398838526771869,-0.5761671220441624,1345.383340864588,-0.11128200696971047,-0.9300718184742989,0.8728600303994081,-0.1033524753791292,-0.5749121792237651,-0.16935168992949912,-0.11128200696971047,-0.024789405496480215,-0.024789405496480215,-0.024789405496480215,0.0,0.0,0.0,0.25143635133465,0.25143635133465,0.25143635133465,-1.4681466586042669,-0.09294141764448607,-0.8962727433671028,1.183300730576235,0.22873829946747373,-0.20906435791442934,-0.09294141764448607,5471,0.0365563882288429,0.0913909705721074,0.0182781941144214,3.4180222993968195,Trp53,TP53,I248T,I251T,targeting guide,Missense,0.5412458754124587,0.4588541145885413,0.9866008832906662,0.990842851198751,0.5412458754124587,0.45885411458854114,0.9866008832906662,0.990842851198751,0.9866008832906662,0.9866008832906662,0.43596733969009804,0.5171398988675701,0.9999999930886931,0.9999993382361851,0.4777401194805718,0.5226655475089569,0.9307268648947927,1.0,0.9999993382361851,0.9307268648947927,0.1417359958345461,0.4379479673003309,0.37306079423672045,0.9999999999992459,0.31649552348429855,0.6843731016267226,0.5950115841504813,1.0,0.37306079423672045,0.5950115841504813,0.7680952536369827,0.38552136190682873,0.9999999998916369,0.9773139069839524,0.7080207627416055,0.29224096817995426,0.966809041906353,1.0,0.9773139069839524,0.966809041906353
gRNA_12602,Trp53,1.3970035706807344,3.3562705381269717,-1.0928646014500605,-0.6021636409604625,-0.6059634025583784,0.490456492767761,-0.6021636409604625,3682.9643018526885,-0.29806484745158324,-1.6412559084238918,0.6465741495091697,-1.046639866988089,0.13292055562818356,-0.44129318354524216,-0.29806484745158324,0.004149286406496759,0.004149286406496759,0.004149286406496759,0.0,0.0,0.0,-0.16850120913344327,-0.16850120913344327,-0.16850120913344327,0.07113475672095834,0.39846239049098975,-0.5891375585459157,0.8042875890550826,0.7950587730639587,0.2959611901570147,0.39846239049098975,25743,0.9750223361690556,2.4666899739735073,0.4506079322534281,34.07139804995533,Trp53,TP53,L262P,L265P,targeting guide,Missense,0.4776522347765224,0.5224477552244776,0.9848580359355373,0.990842851198751,0.47765223477652236,0.5224477552244775,0.9848580359355369,0.990842851198751,0.9848580359355373,0.9848580359355369,0.6117124944290198,0.23779115143083235,0.9999999930886931,0.9127843457545856,0.7168156551490358,0.28356011975977763,1.0,0.8484883302356828,0.9127843457545856,0.8484883302356828,0.025847906960426464,0.9690728361134745,0.14292372084000515,0.9999999999992459,0.01717632470219169,0.9828905001843212,0.10416609819393671,1.0,0.14292372084000515,0.10416609819393671,0.017366578691019405,0.7901062673468247,0.5546799767698671,0.9773139069839524,0.05828664863568198,0.9428949895624191,0.8053393290168859,1.0,0.5546799767698671,0.8053393290168859
gRNA_12604,Trp53,-0.689176299080342,-1.9827308577596126,1.2329726472646387,1.0731156879613044,0.8022187162349058,0.08727997892417891,0.8022187162349058,1081.97017623136,-0.45817669923933485,-1.4050606204422633,0.378503234343819,-0.7584218827504596,-0.6700761070444642,-0.5826464150265406,-0.6700761070444642,-0.059227229301868856,-0.059227229301868856,-0.059227229301868856,0.0,0.0,0.0,0.6025549285979809,0.6025549285979809,0.6025549285979809,0.17378456591481625,-0.13193904715348098,-0.33502575777626425,1.4024657420651896,1.2047415964268924,0.4628054198954306,0.17378456591481625,3530,2.6062322946175636,2.776203966005666,0.3399433427762039,3.3711048158640224,Trp53,TP53,R277G,R280G,targeting guide,Missense,0.6245375462453754,0.3755624437556245,0.9953525655837778,0.987492859105698,0.6245375462453755,0.3755624437556244,0.9953525655837777,0.9874928591056978,0.987492859105698,0.9874928591056978,0.8878890999599857,0.1511419499448394,0.9999999930886931,0.7757015078702227,0.8931912807938834,0.10698419637183121,1.0,0.49661799797294487,0.7757015078702227,0.49661799797294487,0.005104003602291642,0.9754538949500601,0.04920782960158096,0.9999999999992459,0.0060075103621486485,0.9940701928695878,0.050809343847313074,1.0,0.04920782960158096,0.050809343847313074,0.10514549134701531,0.815779696356917,0.7788968766315769,0.9773139069839524,0.10701536389881278,0.8931942490118858,0.8103227152144246,1.0,0.7788968766315769,0.8103227152144246
gRNA_12652,Trp53bp1,-0.4773140060070822,-3.9619344320340417,0.15369686752072523,0.6165709780317006,0.45680839322980626,-0.6424344398517785,0.15369686752072523,3947.9439674649793,-0.07598651065144575,-0.8510204122286908,0.0851532697364901,-0.312056065497504,0.067496024217808,-0.21728273888466854,-0.07598651065144575,-0.011788497539808793,-0.011788497539808793,-0.011788497539808793,0.0,0.0,0.0,-0.7837951913514247,-0.7837951913514247,-0.7837951913514247,0.4968111729189632,0.08557807701336065,0.022204230085434033,1.0324237948615949,0.22657611096539795,0.37271867716895013,0.22657611096539795,25942,0.0963688227584611,0.1117878343998149,0.0192737645516922,6.194587926913885,Trp53bp1,TP53BP1,S890G,S900G,targeting guide,Missense,0.5064493550644934,0.4936506349365065,0.9866008832906662,0.990842851198751,0.5064493550644935,0.49365063493650635,0.9866008832906662,0.990842851198751,0.9866008832906662,0.9866008832906662,0.7286971665057214,0.5885825375878008,0.9999999930886931,0.9999993382361851,0.5744530526823564,0.42579820058694373,0.994516909040091,1.0,0.9999993382361851,0.994516909040091,0.022777922990372134,0.9948384405073974,0.1338202975684363,0.9999999999992459,0.009348012000521056,0.9906961945719672,0.06508986133696143,1.0,0.1338202975684363,0.06508986133696143,0.4138724515092426,0.5415557604667366,0.9202736770867305,0.9773139069839524,0.4023983818270461,0.5979747941565858,0.9050819794609262,1.0,0.9202736770867305,0.9050819794609262
gRNA_12831,Tsc1,-2.0445777033805563,-3.845893152323236,0.1379534647384235,-0.5191031690475653,-4.143015184723876,-2.082927148947362,-2.0445777033805563,1725.320078325049,0.3366296155969192,0.5065909444441556,-1.8994096710851647,-0.09797351429988321,0.3647645776797658,-0.15787960953284144,0.3366296155969192,-0.08566636276030998,-0.08566636276030998,-0.08566636276030998,0.0,0.0,0.0,0.003325388774730426,0.003325388774730426,0.003325388774730426,-0.15069057999357252,1.405149361131932,0.014304319413100237,0.28872825839440974,-0.5475820371113963,0.20198186436689464,0.014304319413100237,633,0.315955766192733,0.4739336492890995,0.0,45.18167456556082,Tsc1,TSC1,S1035G,S1038G,targeting guide,Missense,0.6982301769823018,0.3018698130186982,0.9987424218303245,0.9618902516528011,0.6982301769823017,0.30186981301869814,0.9987424218303245,0.961890251652801,0.9618902516528011,0.961890251652801,0.30784606771610573,0.5327590999275662,0.9645843455104646,0.9999993382361851,0.3310809112029964,0.6693326301156435,0.8139843828084591,1.0,0.9645843455104646,0.8139843828084591,0.05118420818678707,0.920272468318323,0.21623890200260604,0.9999999999992459,0.05461518737311945,0.9457230171903365,0.20742737830598904,1.0,0.21623890200260604,0.20742737830598904,0.944055106711186,0.06469961217350265,0.9999999998916369,0.9773139069839524,0.9553046696605041,0.04481029891765041,1.0,0.8080842318523939,0.9773139069839524,0.8080842318523939
gRNA_13011,Vhl,-0.46510318265026757,-3.6645740537040616,-0.453841776933699,0.1377819430762111,0.3079052930239898,-0.8275663554375654,-0.453841776933699,1723.3920771200483,0.5591019848851206,0.1684868795935732,0.789952374000847,-0.07669250108893191,1.1523876737232917,0.5186472822227801,0.5591019848851206,0.27359264220731555,0.27359264220731555,0.27359264220731555,0.0,0.0,0.0,0.29384269478380304,0.29384269478380304,0.29384269478380304,0.11448220186567465,0.18181162996331268,0.34859836917480214,-0.4179644887885648,-1.103674185711099,-0.17534929469917487,0.11448220186567465,3729,0.080450522928399,0.107267363904532,0.080450522928399,8.179136497720568,Vhl,VHL,L135P,L169P,targeting guide,Missense,0.08059194080591942,0.9195080491950804,0.6886947668869478,0.990842851198751,0.08059194080591947,0.9195080491950804,0.6886947668869482,0.990842851198751,0.6886947668869478,0.6886947668869482,0.02105412751434219,0.9915050841338885,0.2198986651497962,0.9999993382361851,0.009780766785601193,0.9902630963259913,0.12134985112068657,1.0,0.2198986651497962,0.12134985112068657,0.39735752684671477,0.6923070896135652,0.6735223371295609,0.9999999999992459,0.33093215526493514,0.6693534674740143,0.6121135558827338,1.0,0.6735223371295609,0.6121135558827338,0.6641918761446941,0.4816412061552442,0.9999999998916369,0.9773139069839524,0.5850160900360576,0.4152952766940776,0.9394385359508244,1.0,0.9773139069839524,0.9394385359508244
gRNA_13599,controlsgRNA,0.35251462572027414,-4.469675427085394,-0.07878656181566107,-1.24570342178881,0.4197641502336643,-1.0043773269471852,-0.07878656181566107,1512.3964452477783,0.7287067921497902,0.7960179373513492,1.4529557230000192,1.1627325757571756,0.7991671977147039,0.9879160451946076,0.7991671977147039,0.27399770242774113,0.27399770242774113,0.27399770242774113,0.0,0.0,0.0,0.15557658073993683,0.15557658073993683,0.15557658073993683,-1.4921883567779541,-0.5506208750623279,-0.20559639898734572,-0.03727746277998413,0.46927335338597076,-0.36328194804432823,-0.20559639898734572,0,0.0,0.0,0.0,0.0,NT,,Non-coding,,non-targeting control,,0.08059194080591942,0.9238076192380762,0.6886947668869478,0.990842851198751,0.08059194080591947,0.9238076192380762,0.6886947668869482,0.990842851198751,0.6886947668869478,0.6886947668869482,0.00019115259265400287,0.9999930389835066,0.014374674967581016,0.9999993382361851,3.163973206458605e-05,0.9999733260510774,0.003882288275025058,1.0,0.014374674967581016,0.003882288275025058,0.5375805962780992,0.44834581995937817,0.795788599214824,0.9999999999992459,0.5443092292966479,0.4598289816584151,0.7903189061453497,1.0,0.795788599214824,0.7903189061453497,0.6015287183151179,0.28166339449537586,0.9747221474624128,0.9773139069839524,0.6587927252260259,0.3474559148160151,0.963836827568038,1.0,0.9747221474624128,0.963836827568038
gRNA_13600,controlsgRNA,0.9448373688964182,3.2400448453151696,1.177758117183147,-0.3660901644600986,0.4830145662483489,1.0959129466365969,0.9448373688964182,2174.664859165537,0.7005577854283431,0.7520522640506415,-0.24529559676790305,-0.09320275144252045,-0.31402667680462343,0.16001700489278753,-0.09320275144252045,-0.14287888774870003,-0.14287888774870003,-0.14287888774870003,0.0,0.0,0.0,0.5466886910070481,0.5466886910070481,0.5466886910070481,-0.5220815720952565,0.5293300755450739,1.4277371960706517,0.35304659283165,0.7512963451911703,0.5078657275086579,0.5293300755450739,0,0.0,0.0,0.0,0.0,NT,,Non-coding,,non-targeting control,,0.7931206879312069,0.21277872212778723,0.9987424218303245,0.8791736210994285,0.7931206879312068,0.21277872212778726,0.9987424218303245,0.8791736210994286,0.8791736210994285,0.8791736210994286,0.20196000400112787,0.8764562198366725,0.7822953683219466,0.9999993382361851,0.14850314169688128,0.8533444821441184,0.5474233458630134,1.0,0.7822953683219466,0.5474233458630134,0.0035935811888209083,0.9874184636897442,0.03860532934276176,0.9999999999992459,0.002649631783094373,0.9975974054927307,0.033208718348116145,1.0,0.03860532934276176,0.033208718348116145,0.0032982757439861746,0.9948494392747846,0.30128486207678096,0.9997489077454798,0.0021968423585129147,0.9983511996661455,0.16520254536017118,1.0,0.30128486207678096,0.16520254536017118
gRNA_13601,controlsgRNA,-0.8092411655457058,-0.3095570595757169,1.1436422824476107,0.48502385691434674,-0.5193918040865618,-0.0019047779692054289,-0.3095570595757169,3982.165988853743,-0.035473095302796964,0.11747678151227872,0.6596452118784862,0.30291318955778657,-0.2773300445959135,0.15344640860996822,0.11747678151227872,0.02607539733703148,0.02607539733703148,0.02607539733703148,0.0,0.0,0.0,0.20522539628537215,0.20522539628537215,0.20522539628537215,0.639099696121728,0.19298948542876795,-0.2510280461724431,0.2250381923531191,-0.9668574637233548,-0.03215162719843658,0.19298948542876795,0,0.0,0.0,0.0,0.0,NT,,Non-coding,,non-targeting control,,0.44065593440655915,0.564043595640436,0.9803942682654807,0.990842851198751,0.44065593440655937,0.5640435956404359,0.9803942682654813,0.990842851198751,0.9803942682654807,0.9803942682654813,0.2623641828789397,0.9225887917300543,0.8968084796589212,0.9999993382361851,0.14743394878587396,0.8545910204289532,0.5474233458630134,1.0,0.8968084796589212,0.5474233458630134,0.2180330396374847,0.8122096270154819,0.47916276289968696,0.9999999999992459,0.17914779106795503,0.8236055862985757,0.4219479633450401,1.0,0.47916276289968696,0.4219479633450401,0.2983403972728485,0.8510358554319659,0.8902856299570717,0.9773139069839524,0.21028356798906261,0.7922236532876272,0.8202926364723093,1.0,0.8902856299570717,0.8202926364723093
gRNA_13602,controlsgRNA,0.7114222365135089,2.3993508607572416,-1.593390691121364,-2.0678832527457045,-3.4362999654615467,-0.7973601624115729,-1.593390691121364,1951.6192197620123,-0.9278187996710641,0.4770789085895902,-1.1774366760691872,-0.24226609654793985,-0.4098517292072327,-0.4560588785811667,-0.4098517292072327,-0.046991649312938664,-0.046991649312938664,-0.046991649312938664,0.0,0.0,0.0,0.27392775378318046,0.27392775378318046,0.27392775378318046,-1.716986277340932,-1.3851014393290653,-2.0402488987030063,0.13946122975334385,-1.4537890591001925,-1.2913328889439704,-1.4537890591001925,0,0.0,0.0,0.0,0.0,NT,,Non-coding,,non-targeting control,,0.5900409959004099,0.41535846415358446,0.9948673294105567,0.990842851198751,0.5900409959004099,0.41535846415358463,0.9948673294105567,0.990842851198751,0.990842851198751,0.990842851198751,0.7951113374623738,0.24802411028503327,0.9999999930886931,0.9233372818531931,0.8024834700621007,0.20027722353415806,1.0,0.7212949085425694,0.9233372818531931,0.7212949085425694,0.9770120055320596,0.008067494140552875,0.9999999999053213,0.433339685263983,0.9949390616053395,0.005254068816190894,1.0,0.24694123436097204,0.433339685263983,0.24694123436097204,0.17468469771393938,0.29300357832384355,0.7788968766315769,0.9773139069839524,0.4604671239827403,0.5492618046423325,0.9214328621195517,1.0,0.7788968766315769,0.9214328621195517
gRNA_13603,controlsgRNA,-1.007553642839664,3.378662211481751,-0.6500783969955043,-0.3812366051733876,0.8729648768646003,0.44255168866755906,-0.3812366051733876,2062.2382888989305,-0.6568166296087139,0.233333485269384,-0.6159379317275695,-0.22143048964536577,0.8068197480024656,-0.09080636354195992,-0.22143048964536577,0.12156273619532229,0.12156273619532229,0.12156273619532229,0.0,0.0,0.0,0.7813412462138049,0.7813412462138049,0.7813412462138049,0.11334558112061213,0.24603662664748902,-0.5448633682629513,0.8854061647135842,0.5144890413518876,0.24288280911412433,0.24603662664748902,0,0.0,0.0,0.0,0.0,NT,,Non-coding,,non-targeting control,,0.2546745325467453,0.7489251074892511,0.8877563856517573,0.990842851198751,0.2546745325467453,0.7489251074892511,0.8877563856517575,0.990842851198751,0.8877563856517573,0.8877563856517575,0.41711557444148417,0.6172816111792785,0.9960805343798123,0.9999993382361851,0.4057624607976505,0.5974306080303916,0.8782050990961231,1.0,0.9960805343798123,0.8782050990961231,0.046804674265356665,0.9674388498648407,0.20986375978179816,0.9999999999992459,0.02856392909574813,0.9721564605947918,0.14131628078949077,1.0,0.20986375978179816,0.14131628078949077,0.025312420498770898,0.8247450569156933,0.5948418817211161,0.9773139069839524,0.06533071598074458,1.0,0.8053393290168859,1.0,0.5948418817211161,0.8053393290168859
gRNA_13604,controlsgRNA,-0.6020910144786099,0.3327904657972571,-0.0625757352250447,-0.17046530750991562,0.12723887687618057,-0.07502054290802652,-0.0625757352250447,4071.4565446603406,0.020526130164028676,-0.3763532867410192,0.5183700742276353,0.252256901036815,0.1919715420053388,0.12135427213855969,0.1919715420053388,-0.12363660832222896,-0.12363660832222896,-0.12363660832222896,0.0,0.0,0.0,0.017079812599794224,0.017079812599794224,0.017079812599794224,-0.49056230299112685,-0.06478384357486713,-0.19403386935372652,0.5588439686490173,1.0944778479089785,0.18078836012765503,-0.06478384357486713,0,0.0,0.0,0.0,0.0,NT,,Non-coding,,non-targeting control,,0.769023097690231,0.23587641235876416,0.9987424218303245,0.8958538489585387,0.769023097690231,0.23587641235876405,0.9987424218303245,0.8958538489585383,0.8958538489585387,0.8958538489585383,0.3070450032957115,0.9087342958713763,0.9645843455104646,0.9999993382361851,0.17384725148337266,0.8281213447419764,0.5942415141613465,1.0,0.9645843455104646,0.5942415141613465,0.05910003477895206,0.9267515916445035,0.22001597105827697,0.9999999999992459,0.0533470775644204,0.9486134636256776,0.20678867179610383,1.0,0.22001597105827697,0.20678867179610383,0.4688465886957476,0.8774679096634744,0.9462062828930778,0.9819283750996024,0.2684677833119148,0.7336143168375643,0.8522797182251488,1.0,0.9462062828930778,0.8522797182251488
gRNA_13605,controlsgRNA,1.561026977667322,-2.9121213587146424,0.4515394224688057,0.7629894545102396,-0.11884818703609655,-0.05108273822087435,0.4515394224688057,2590.5106190691367,0.27520515664059925,0.33455615132097893,-0.35024260582558564,0.2163852044629704,-0.1751723139031182,0.060146318539168964,0.2163852044629704,0.05238800549978433,0.05238800549978433,0.05238800549978433,0.0,0.0,0.0,0.21293043120647,0.21293043120647,0.21293043120647,0.7982329206919517,0.33379163495213976,0.665762640944597,0.7199443254956526,0.7201056992051346,0.6475674442578951,0.7199443254956526,0,0.0,0.0,0.0,0.0,NT,,Non-coding,,non-targeting control,,0.32606739326067374,0.6779322067793221,0.9081580730815801,0.990842851198751,0.3260673932606739,0.6779322067793221,0.9081580730815807,0.990842851198751,0.9081580730815801,0.9081580730815807,0.4010901469501021,0.873544598488144,0.9937087802804399,0.9999993382361851,0.23926640268115545,0.7631256390313963,0.6973966465745306,1.0,0.9937087802804399,0.6973966465745306,0.002138006781770958,0.9999511810121128,0.029773724072069633,0.9999999999992459,0.000372241026894921,0.999662219904136,0.007366454005920542,1.0,0.029773724072069633,0.007366454005920542,0.11634292752798964,0.8090791041753054,0.7788968766315769,0.9773139069839524,0.11444647609793634,0.8876198509277642,0.8103227152144246,1.0,0.7788968766315769,0.8103227152144246
gRNA_13606,controlsgRNA,0.19717400290764728,-2.7547786681413746,-1.0916423142903813,0.8903873753303758,1.0166638297013553,-0.34843915489847554,0.19717400290764728,6401.084500677813,-0.022817582021050116,0.5940220000210473,-0.31253508365312616,0.26404146296976805,0.11014012640189252,0.12657018474370635,0.11014012640189252,-0.1835058382316119,-0.1835058382316119,-0.1835058382316119,0.0,0.0,0.0,0.0427412820690448,0.0427412820690448,0.0427412820690448,-0.17971614212961165,-0.4965773173932485,-0.467823618812392,0.38702323934275473,-0.0862987445049133,-0.16867851669948214,-0.17971614212961165,0,0.0,0.0,0.0,0.0,NT,,Non-coding,,non-targeting control,,0.8582141785821418,0.1454854514548545,0.9987424218303245,0.8791736210994285,0.8582141785821418,0.14548545145485453,0.9987424218303245,0.8791736210994286,0.8791736210994285,0.8791736210994286,0.30341752370687947,0.9103808905383,0.9645843455104646,0.9999993382361851,0.17273791575077674,0.8292218573886678,0.5942415141613465,1.0,0.9645843455104646,0.5942415141613465,0.5166653624110018,0.7702022360661659,0.7865027379212012,0.9999999999992459,0.3654298827353725,0.6375501495764704,0.6481209240966984,1.0,0.7865027379212012,0.6481209240966984,0.25864342712578303,0.6470200351676088,0.8595710921679729,0.9773139069839524,0.2788042695257801,0.7252845263857177,0.8522797182251488,1.0,0.8595710921679729,0.8522797182251488
gRNA_13607,controlsgRNA,-0.5771030517981192,-3.865114612318379,0.7226466988534921,0.8003358348920616,-0.4512168024122732,-0.6740903865566434,-0.4512168024122732,3088.055430034644,0.6160713771772931,0.04270716722095041,1.1522816811383352,0.28409047562714435,0.519864906593483,0.5230031215514412,0.519864906593483,0.16420960493988793,0.16420960493988793,0.16420960493988793,0.0,0.0,0.0,0.34714733290629624,0.34714733290629624,0.34714733290629624,-0.5054968004850645,0.5579084488694392,1.019865274003522,1.045002314087381,0.7389774862078023,0.571251344536616,0.7389774862078023,0,0.0,0.0,0.0,0.0,NT,,Non-coding,,non-targeting control,,0.18118188181181882,0.8235176482351765,0.8877563856517573,0.990842851198751,0.18118188181181888,0.8235176482351765,0.8877563856517575,0.990842851198751,0.8877563856517573,0.8877563856517575,0.023019733802515336,0.9953082825031364,0.22487824644581597,0.9999993382361851,0.008888883244421327,0.9914792334987268,0.11936500356794354,1.0,0.22487824644581597,0.11936500356794354,0.0016340647204857324,0.9924280108937585,0.026713405865331975,0.9999999999992459,0.0009665963956076402,0.9991247031518088,0.015143343531186364,1.0,0.026713405865331975,0.015143343531186364,0.3984000865957199,0.506799318622112,0.9202736770867305,0.9773139069839524,0.4275516910816027,0.5763774022182572,0.9108576036662016,1.0,0.9202736770867305,0.9108576036662016
gRNA_13608,controlsgRNA,-2.3260711971211747,-4.253936995322916,0.5761349076757323,-1.3950820724532356,-4.152632546089991,-2.310317580662317,-2.3260711971211747,866.2750414219008,-0.44508622381430635,-1.7502787964448232,-0.49285553925962666,-1.4212717492457432,-1.042885429853832,-1.0304755477236662,-1.042885429853832,-0.5129296827635498,-0.5129296827635498,-0.5129296827635498,0.0,0.0,0.0,-0.3122461982079496,-0.3122461982079496,-0.3122461982079496,-0.2228393170704135,-0.9538159609593799,-1.249725580774903,0.6861933097824299,0.029256071687107248,-0.34218629546703194,-0.2228393170704135,0,0.0,0.0,0.0,0.0,NT,,Non-coding,,non-targeting control,,0.9962003799620038,0.008499150084991502,0.9988569143085692,0.45652577599382926,0.9962003799620038,0.008499150084991499,0.9988569143085692,0.4565257759938291,0.45652577599382926,0.4565257759938291,0.9967166172116637,0.026327782882707085,0.9999999930886931,0.39596985455591455,0.9915442203864046,0.008695495296202116,1.0,0.1421524448422607,0.39596985455591455,0.1421524448422607,0.43551097388984333,0.4149763525314964,0.7119657660112222,0.9999999999992459,0.5243035915846325,0.4794687477516052,0.7837322040140626,1.0,0.7119657660112222,0.7837322040140626,0.9259245788368391,0.03189433581187856,0.9999999998916369,0.9224823280974106,0.9735895558741394,0.027319021351992403,1.0,0.6614593914304862,0.9224823280974106,0.6614593914304862
gRNA_14579,controlsgRNA,-0.003667597261707308,-1.0413604048698408,-0.10839904342749801,-0.8371634520459538,-1.5805279017514615,-0.7142236798712923,-0.8371634520459538,3776.592860370538,-0.5594091034284934,-1.3293270038285547,0.8917574857307692,-0.7241402614881502,-0.5850826995780574,-0.4612403165184974,-0.5850826995780574,-0.26257846934344353,-0.26257846934344353,-0.26257846934344353,0.0,0.0,0.0,-0.8222273163187095,-0.8222273163187095,-0.8222273163187095,0.28304434969576925,-0.7347398208276172,-1.054651058792873,-2.0953618337702142,-1.2306461872817849,-0.9664709101953439,-1.054651058792873,24171,0.0041371891936618,0.0165487567746473,0.0,6.040296222746266,,,,,safe-targeting control,,0.9523047695230477,0.0528947105289471,0.9988569143085692,0.7103003985315753,0.9523047695230477,0.05289471052894707,0.9988569143085692,0.710300398531575,0.7103003985315753,0.710300398531575,0.6231752748226738,0.1804010273642249,0.9999999930886931,0.827204710840836,0.7977829258115995,0.20610195455561836,1.0,0.7212949085425694,0.827204710840836,0.7212949085425694,0.9210489568782282,0.04342649214900763,0.9999999999053213,0.9767172506224799,0.9648593548179205,0.03632605796920405,1.0,0.6829298898210362,0.9767172506224799,0.6829298898210362,0.83076038594366,0.4656605203288974,0.9999999998916369,0.9773139069839524,0.7042167543596463,0.2983313686357722,0.966809041906353,1.0,0.9773139069839524,0.966809041906353
gRNA_14580,controlsgRNA,0.6912973857250752,-0.4339282064922609,0.1185138643234213,0.8142349297382122,-0.07421914805301158,0.22317976504828724,0.1185138643234213,2208.5253803283626,-2.561624782250114,-3.4126918450687675,-0.1781772095942301,-2.2829089187335256,-3.005001333104133,-2.2880808177501537,-2.561624782250114,-0.08879013242791751,-0.08879013242791751,-0.08879013242791751,0.0,0.0,0.0,-1.260612933550285,-1.260612933550285,-1.260612933550285,0.2548183810018862,-0.36517102352935255,-0.5899604303602752,-0.030035126524090742,0.2420059111493887,-0.09766845765248873,-0.030035126524090742,16412,0.0,0.0060931026078479,0.0,2.0777479892761392,,,,,safe-targeting control,,0.7177282271772822,0.2870712928707129,0.9987424218303245,0.946831632626211,0.7177282271772822,0.28707129287071287,0.9987424218303245,0.9468316326262108,0.946831632626211,0.9468316326262108,0.9990313422393295,0.00048034117464023843,0.9999999930886931,0.022576035208091205,0.999849982413248,0.0001712135988372344,1.0,0.00715292368475557,0.022576035208091205,0.00715292368475557,0.4117356895497377,0.8397019232093818,0.685011589693369,0.9999999999992459,0.266165256969297,0.7365903950606025,0.5239693016777783,1.0,0.685011589693369,0.5239693016777783,0.20474436129331364,0.9549540726097249,0.7936482458379993,0.9997489077454798,0.10057869142725878,0.9006114141699333,0.8103227152144246,1.0,0.7936482458379993,0.8103227152144246
gRNA_14581,controlsgRNA,-0.9546417744670594,1.0704013026840913,-1.222051510500052,0.24008490902115195,0.5472147373713998,-0.06379846717809368,0.24008490902115195,2427.594517246573,-0.4308482338323542,-1.3253810322068373,0.19548370454702813,-0.8794379850198002,-0.824971723802106,-0.6530310540628139,-0.824971723802106,0.19611739147077656,0.19611739147077656,0.19611739147077656,0.0,0.0,0.0,-0.3947483580536529,-0.3947483580536529,-0.3947483580536529,0.12714323497129842,-0.026203865523830173,0.1095634971789936,-1.4691604631513728,-0.9075629883467524,-0.4332441169743326,-0.026203865523830173,22880,0.0087412587412587,0.0131118881118881,0.5463286713286714,13.505244755244757,,,,,safe-targeting control,,0.14828517148285172,0.8566143385661434,0.8199297717287095,0.990842851198751,0.14828517148285175,0.8566143385661433,0.8199297717287096,0.990842851198751,0.8199297717287095,0.8199297717287096,0.9416083800543052,0.1259690955207689,0.9999999930886931,0.7214163154567529,0.9280598606791993,0.07329802168662951,1.0,0.39479619237636215,0.7214163154567529,0.39479619237636215,0.6386200880685222,0.3844143439565813,0.8763918895529946,0.9999999999992459,0.6275245190627567,0.37544769691478075,0.8589487842994052,1.0,0.8763918895529946,0.8589487842994052,0.2893905165579416,0.7763265339213913,0.8828612706669595,0.9773139069839524,0.239570826294979,0.7632274462876787,0.8202926364723093,1.0,0.8828612706669595,0.8202926364723093
gRNA_14582,controlsgRNA,-1.0693775050505196,-4.273307724512949,-1.4074164909967097,-0.05600591691671729,-0.3569858295543083,-1.432618693406241,-1.0693775050505196,2197.9213737008586,-2.605286535636532,-2.8902847602408834,-1.7742379587545412,-2.230566040831919,-2.5560531519724488,-2.411285689487265,-2.5560531519724488,0.10413099475540631,0.10413099475540631,0.10413099475540631,0.0,0.0,0.0,-0.9637716195186614,-0.9637716195186614,-0.9637716195186614,-0.5995972653637048,-0.7577984252607823,-0.5004361549734565,-0.9109545453545852,0.5593404436799216,-0.4418891894545215,-0.5995972653637048,18570,0.0,0.0,0.0,3.354873451803985,,,,,safe-targeting control,,0.28337166283371656,0.7202279772022799,0.8877563856517573,0.990842851198751,0.2833716628337166,0.7202279772022798,0.8877563856517575,0.990842851198751,0.8877563856517573,0.8877563856517575,0.9999992656695686,0.0001467224982170673,0.9999999930886931,0.009194609888269551,0.9999862756208485,1.6378184780727315e-05,1.0,0.0010263662462589118,0.009194609888269551,0.0010263662462589118,0.6613825334758463,0.37755487318260283,0.8913255648276638,0.9999999999992459,0.6803723981860255,0.3228270068327912,0.8857157624803186,1.0,0.8913255648276638,0.8857157624803186,0.9150928272066365,0.16236716520212183,0.9999999998916369,0.9773139069839524,0.8916811077071448,0.1101793384824829,0.9945141890905704,0.9855101849458954,0.9773139069839524,0.9855101849458954
gRNA_14583,controlsgRNA,1.851438297151979,-4.416358087844819,-0.33565657240745556,0.41221049989874603,0.19152365196947307,-0.4593684422464153,0.19152365196947307,570.8088567555354,-5.044766455352862,-5.630613059787797,-0.7828335677429186,-3.8547989328164802,-3.458989906056688,-3.7544003843513494,-3.8547989328164802,-0.09504630415288352,-0.09504630415288352,-0.09504630415288352,0.0,0.0,0.0,-1.1344059283721186,-1.1344059283721186,-1.1344059283721186,-1.295797359473577,-0.8283474006131777,0.21664846214580935,-0.08873652155068305,-0.15894529263531643,-0.43103562242538895,-0.15894529263531643,3352,0.0,0.0,0.0298329355608591,2.6252983293556085,,,,,safe-targeting control,,0.7283271672832714,0.27717228277172284,0.9987424218303245,0.9388898947943043,0.7283271672832716,0.2771722827717228,0.9987424218303245,0.9388898947943042,0.9388898947943043,0.9388898947943042,0.999994224604527,7.294690309644924e-06,0.9999999930886931,0.0009142678521421639,0.9999992377244729,1.296359421625256e-06,1.0,0.0001861954378480444,0.0009142678521421639,0.0001861954378480444,0.7050980894142339,0.39944587271739035,0.907934526095041,0.9999999999992459,0.6609870864938772,0.3421257497845522,0.8751096638087951,1.0,0.907934526095041,0.8751096638087951,0.1656104229617975,0.4719361354460865,0.7788968766315769,0.9773139069839524,0.2734461363291771,0.7317913292623701,0.8522797182251488,1.0,0.7788968766315769,0.8522797182251488
gRNA_14584,controlsgRNA,1.0181605398938272,-2.724609285098878,0.14996104877326707,0.1034680441049743,-1.2395351318111683,-0.5385109568275956,0.1034680441049743,2687.5131796957376,-0.3049961594672504,0.25461777564249793,0.06259521713771231,0.45392039368161874,-0.04456665158772107,0.08431411508137152,0.06259521713771231,-0.01793315492764989,-0.01793315492764989,-0.01793315492764989,0.0,0.0,0.0,0.1825127493819638,0.1825127493819638,0.1825127493819638,0.07209495492756147,0.5931341604986856,0.23873925703036178,-0.21131969066568326,0.17600589341212947,0.17373091504061103,0.17600589341212947,14821,0.0134943661021523,0.0134943661021523,0.0,34.65353215032724,,,,,safe-targeting control,,0.5278472152784721,0.47665233476652347,0.9866008832906662,0.990842851198751,0.5278472152784721,0.47665233476652336,0.9866008832906662,0.990842851198751,0.9866008832906662,0.9866008832906662,0.36521745998602856,0.8972106825108188,0.9937087802804399,0.9999993382361851,0.20834882738094834,0.793725653925726,0.6638911787731914,1.0,0.9937087802804399,0.6638911787731914,0.13205277837094687,0.9764420106447498,0.36242222385018996,0.9999999999992459,0.05818216895255025,0.9431086853378665,0.21239316044814463,1.0,0.36242222385018996,0.21239316044814463,0.4363810622025939,0.5694713955216113,0.9365416007472723,0.9773139069839524,0.42833026689529946,0.5757256551160485,0.9108576036662016,1.0,0.9365416007472723,0.9108576036662016
gRNA_14585,controlsgRNA,-0.3723664600309125,2.2129355524433154,-0.18911059183982065,-0.3322862424430338,0.6181528244404985,0.38746501651400944,-0.18911059183982065,2706.4316915198074,-1.4231757352425551,-1.695858398631442,0.4992150518722257,-1.1287806263543207,-1.1807403007062458,-0.9858680018124677,-1.1807403007062458,-0.08101858703658649,-0.08101858703658649,-0.08101858703658649,0.0,0.0,0.0,-1.0710692237596418,-1.0710692237596418,-1.0710692237596418,0.3581962902003796,-0.13672368863147796,0.3310727462976728,-0.16110251883970408,0.11475178435273571,0.1012389226759212,0.11475178435273571,17493,0.022866289372892,0.022866289372892,0.0,1.577773966729549,,,,,safe-targeting control,,0.6724327567243276,0.332866713328667,0.9987424218303245,0.9808943917638312,0.6724327567243276,0.33286671332866713,0.9987424218303245,0.9808943917638311,0.9808943917638312,0.9808943917638311,0.9209088243373623,0.02227740300209862,0.9999999930886931,0.39596985455591455,0.9813823952873093,0.019362145165165833,1.0,0.20927859846216337,0.39596985455591455,0.20927859846216337,0.2055442266669212,0.9642828330169111,0.4627822109386968,0.9999999999992459,0.09353097260085746,0.9074641404556493,0.2930637141493534,1.0,0.4627822109386968,0.2930637141493534,0.08030542854081561,0.9393320228348851,0.7788968766315769,0.9997489077454798,0.06329035295075244,0.9379918220685843,0.8053393290168859,1.0,0.7788968766315769,0.8053393290168859
gRNA_14586,controlsgRNA,1.0143579594082552,-3.6539403499997585,0.26261493248251394,-0.22739498420481527,0.513345303347018,-0.4182034277933573,0.26261493248251394,4188.221117638199,-0.1939119500236252,-1.1455290676611607,-0.4910651946537884,-0.7464298889166348,-0.032294497296546085,-0.5218461197103511,-0.4910651946537884,-0.08193242173689673,-0.08193242173689673,-0.08193242173689673,0.0,0.0,0.0,-0.9735441009667204,-0.9735441009667204,-0.9735441009667204,0.8272466650183715,0.11459248983313476,-0.1423271714537376,-0.7218847780593078,0.27949879470826894,0.07142520000934595,0.11459248983313476,28383,0.01056970721911,0.01056970721911,0.369939752668851,6.257266673713138,,,,,safe-targeting control,,0.682031796820318,0.3225677432256775,0.9987424218303245,0.9808943917638312,0.682031796820318,0.3225677432256774,0.9987424218303245,0.9808943917638311,0.9808943917638312,0.9808943917638311,0.9344363614528264,0.23023375114645872,0.9999999930886931,0.9127843457545856,0.8762849759574479,0.12528844349348928,1.0,0.5102055180472811,0.9127843457545856,0.5102055180472811,0.13311164406887782,0.8961516452470769,0.3626810012311454,0.9999999999992459,0.10167621353612111,0.9004781316016313,0.3108150917852157,1.0,0.3626810012311454,0.3108150917852157,0.2668503536817126,0.671075065186439,0.8595710921679729,0.9773139069839524,0.2570780327991755,0.7460704539613403,0.8522797182251488,1.0,0.8595710921679729,0.8522797182251488
gRNA_14587,controlsgRNA,-0.05328812711766277,0.1955844312600996,0.6978209905412088,-0.7066026863736578,-0.17606639887930797,-0.008510358113864002,-0.05328812711766277,2368.4289802681124,-0.5558048266488144,-1.3886972456278395,-0.32684680954236417,-1.129068427758604,-0.783920238223552,-0.8368675095602349,-0.783920238223552,0.04732557328087848,0.04732557328087848,0.04732557328087848,0.0,0.0,0.0,-0.3464800235178609,-0.3464800235178609,-0.3464800235178609,0.39913750962069444,0.17312277192050357,0.20139939221380385,0.2592327855701366,0.451295903217716,0.2968376725085709,0.2592327855701366,18712,0.0,0.0053441641727233,0.0320649850363403,2.185763146643865,,,,,safe-targeting control,,0.36696330366963303,0.6382361763823616,0.9581819595818196,0.990842851198751,0.36696330366963303,0.6382361763823617,0.9581819595818196,0.990842851198751,0.9581819595818196,0.9581819595818196,0.992907048008338,0.05955863468184278,0.9999999930886931,0.5332921049291166,0.9793353709365946,0.021186272588831597,1.0,0.20927859846216337,0.5332921049291166,0.20927859846216337,0.0675188661543994,0.9959831366731843,0.23950088371749223,0.9999999999992459,0.02021923659205191,0.9802893881812017,0.11518837816078056,1.0,0.23950088371749223,0.11518837816078056,0.3763333952990242,0.8860774956891058,0.9202736770867305,0.9827880188174153,0.22126341850542092,0.7813373732785756,0.8202926364723093,1.0,0.9202736770867305,0.8202926364723093
gRNA_14588,controlsgRNA,0.40859826967838836,1.4737170060972788,0.7384937309659522,-1.250528125234493,-0.5301874566836576,0.1680186849646937,0.40859826967838836,3443.7716523572826,-0.9977992835831963,-1.8512451560031637,-1.7351921543162938,-1.245701611006361,-1.0746198418927397,-1.3809116093603508,-1.245701611006361,0.11436888468081562,0.11436888468081562,0.11436888468081562,0.0,0.0,0.0,-0.430458853685314,-0.430458853685314,-0.430458853685314,-0.471366691286052,-0.16661729485758422,0.11187560237348021,-0.624759820306722,0.7395332334376742,-0.08226699412784078,-0.16661729485758422,28197,0.0,0.0,0.1418590630208887,2.9613079405610523,,,,,safe-targeting control,,0.2751724827517248,0.7295270472952704,0.8877563856517573,0.990842851198751,0.2751724827517248,0.7295270472952705,0.8877563856517575,0.990842851198751,0.8877563856517573,0.8877563856517575,0.9998758540540236,0.0049319981997905694,0.9999999930886931,0.14264856331701953,0.9991093203714754,0.0009517904185834298,1.0,0.02982276644894747,0.14264856331701953,0.02982276644894747,0.28682422210650804,0.793833952293932,0.5559067397528197,0.9999999999992459,0.2412885957904431,0.7614339986846912,0.49444851749593727,1.0,0.5559067397528197,0.49444851749593727,0.15058630481563914,0.8629473859539154,0.7788968766315769,0.9773139069839524,0.12284657672156735,0.8792013267957265,0.8103227152144246,1.0,0.7788968766315769,0.8103227152144246
gRNA_14589,controlsgRNA,-3.974224061211628,0.8366338698328979,-3.01669979604964,-0.7770183626453451,-1.964067910847028,-1.7790752521841486,-1.964067910847028,1006.8986293116434,-1.8695466834484689,-1.977583158397993,-1.1768947471921796,-0.8233103307180587,-2.242204816811682,-1.6179079473136764,-1.8695466834484689,-0.04888415791577196,-0.04888415791577196,-0.04888415791577196,0.0,0.0,0.0,0.3336919595011114,0.3336919595011114,0.3336919595011114,-1.8940975269998266,-0.01746071964655289,-1.0974161788839685,-2.089007443693077,0.39936595150134985,-0.9397231835444149,-1.0974161788839685,6500,0.0,0.123076923076923,0.0,8.615384615384615,,,,,safe-targeting control,,0.5942405759424059,0.41005899410059,0.9953525655837778,0.990842851198751,0.5942405759424058,0.41005899410058994,0.9953525655837777,0.990842851198751,0.990842851198751,0.990842851198751,0.9999295558952398,0.0019269306789064283,0.9999999930886931,0.0724525935268817,0.9996573813879686,0.00036200766445632337,1.0,0.013611488183557759,0.0724525935268817,0.013611488183557759,0.7686302675914081,0.0412403733743123,0.9543513597182808,0.9767172506224799,0.9331835393022343,0.06980282558564904,1.0,0.9373522292930014,0.9543513597182808,0.9373522292930014,0.8302400072474809,0.10598404600772805,0.9999999998916369,0.9773139069839524,0.9043432754774141,0.09805805294605291,0.9945141890905704,0.9220452779452667,0.9773139069839524,0.9220452779452667
gRNA_14590,controlsgRNA,-1.7878690838567493,-3.312919377655947,0.3735910328626428,-0.14825602526218115,-0.7171878123776017,-1.1185282532579672,-0.7171878123776017,985.5701159813225,-3.5032909060738504,-4.038291770549089,-3.3984482640803195,-4.1017043405049884,-3.3989437913811957,-3.6881358145178886,-3.5032909060738504,0.366807760595446,0.366807760595446,0.366807760595446,0.0,0.0,0.0,-0.45462990230583405,-0.45462990230583405,-0.45462990230583405,-1.2983269097038612,-1.1631057145042907,-0.5649473531305322,-0.9622710044158161,-3.2760799954049356,-1.4529461954318872,-1.1631057145042907,8477,0.0,0.0117966261649168,0.0,2.8547835319098738,,,,,safe-targeting control,,0.02869713028697131,0.9756024397560243,0.6886947668869478,0.990842851198751,0.028697130286971295,0.9756024397560243,0.6886947668869482,0.990842851198751,0.6886947668869478,0.6886947668869482,0.9999999930886931,3.887001224522411e-06,0.9999999930886931,0.0007307562302102134,0.9999997990887944,3.051228911596421e-07,1.0,0.00011472620707602545,0.0007307562302102134,0.00011472620707602545,0.9984379056689219,0.010557316627470894,0.9999999999053213,0.496193881491132,0.996768431408177,0.003430946475412483,1.0,0.18429083925072767,0.496193881491132,0.18429083925072767,0.8034233796302606,0.3151062056059629,0.9999999998916369,0.9773139069839524,0.7629548072054855,0.24013051256132706,0.9724440932517375,1.0,0.9773139069839524,0.9724440932517375
gRNA_14591,controlsgRNA,-0.5844516002404169,2.0800683842310415,-1.5408664993753138,0.2290093825762047,1.4453013318657837,0.3258121998114598,0.2290093825762047,3296.1590600994127,-0.2270628916518916,-0.261274135229007,0.016321360260910276,-0.13647722262219503,-0.0698329067866219,-0.13566515920576105,-0.13647722262219503,-0.015742315705637756,-0.015742315705637756,-0.015742315705637756,0.0,0.0,0.0,0.19880790519064448,0.19880790519064448,0.19880790519064448,0.75319771031634,0.29463252596968315,0.5684813721244021,-0.6422775626725096,-0.045245750755994775,0.18575765899638416,0.29463252596968315,23789,0.0168144940939089,0.0882760939930219,0.0,21.05595022909748,,,,,safe-targeting control,,0.5234476552344767,0.48215178482151766,0.9866008832906662,0.990842851198751,0.5234476552344766,0.4821517848215178,0.9866008832906662,0.990842851198751,0.9866008832906662,0.9866008832906662,0.7260334604194848,0.7236065326550959,0.9999999930886931,0.9999993382361851,0.5029642365824589,0.5000706929076505,0.9457500866032145,1.0,0.9999993382361851,0.9457500866032145,0.06340158095505861,0.9494307222426857,0.2270380422771623,0.9999999999992459,0.04192451003852998,0.9589919854913053,0.17776492015557363,1.0,0.2270380422771623,0.17776492015557363,0.05471296987779139,0.8436659286308197,0.7788968766315769,0.9773139069839524,0.0715968044100682,0.9304822197105137,0.8103227152144246,1.0,0.7788968766315769,0.8103227152144246
gRNA_14592,controlsgRNA,-7.570879505891393,-7.994910634964345,-5.691357752730679,-7.388242735691467,-6.7469963510565885,-7.078477396066894,-7.388242735691467,26.028016267510168,-3.6899431777852674,-7.15302252886979,-7.5109781142077505,-3.0552803070111096,-0.32604754652612594,-4.347054334880009,-3.6899431777852674,-0.31710386111533284,-0.31710386111533284,-0.31710386111533284,0.0,0.0,0.0,-0.10326052034897444,-0.10326052034897444,-0.10326052034897444,-7.6385884309094125,-7.677257694372356,-7.906853774797071,-5.609714035139543,-6.513039013136654,-7.069090589671008,-7.6385884309094125,118,0.0,0.0,0.0,5.932203389830509,,,,,safe-targeting control,,0.9777022297770223,0.025697430256974296,0.9988569143085692,0.5536900855369009,0.9777022297770223,0.0256974302569743,0.9988569143085692,0.553690085536901,0.5536900855369009,0.553690085536901,0.999814404236773,3.2757149378921524e-06,0.9999999930886931,0.0007307562302102134,1.0,1.4856018977237583e-06,1.0,0.0001861954378480444,0.0007307562302102134,0.0001861954378480444,0.9999999999053213,1.2848261928226292e-07,0.9999999999053213,2.415473242506543e-05,0.9999999968489526,7.818515234773713e-09,1.0,1.4698808641374581e-06,2.415473242506543e-05,1.4698808641374581e-06,0.9999999991355712,7.341988843727575e-07,0.9999999998916369,0.0001380293902620784,0.9999999702296682,5.035637315003142e-08,1.0,9.466998152205907e-06,0.0001380293902620784,9.466998152205907e-06
gRNA_14593,controlsgRNA,0.19710405822602928,-3.02249076526458,-0.3837705870350584,-0.04888503618677305,-0.29728722603473456,-0.7110659112590234,-0.29728722603473456,2590.0286187678867,-0.4559110613016678,-1.2782758015195217,0.6078808659609387,-0.20889520031570663,0.2368659298680246,-0.21966705346158655,-0.20889520031570663,-0.04528881056966735,-0.04528881056966735,-0.04528881056966735,0.0,0.0,0.0,-0.4133255507673873,-0.4133255507673873,-0.4133255507673873,0.4414721619783226,0.3152831316217354,0.21367318161451623,-0.1746753812975509,0.7280613745514617,0.304762893693697,0.3152831316217354,16809,0.017847581652686,0.0535427449580581,0.2617645309060622,18.68046879647808,,,,,safe-targeting control,,0.57994200579942,0.4254574542545746,0.986688661450597,0.990842851198751,0.57994200579942,0.42545745425457454,0.986688661450597,0.990842851198751,0.986688661450597,0.986688661450597,0.5305624698338577,0.4510058636240708,0.9999999930886931,0.9999993382361851,0.542552516951862,0.4606936325098127,0.9672809936819576,1.0,0.9999993382361851,0.9672809936819576,0.048948647689438615,0.9916433299906632,0.2140080410608014,0.9999999999992459,0.018795726962139755,0.981822477928154,0.11012179111201542,1.0,0.2140080410608014,0.11012179111201542,0.6761399996323262,0.5745272515077422,0.9999999998916369,0.9773139069839524,0.5477240134209099,0.45503179304487945,0.9394385359508244,1.0,0.9773139069839524,0.9394385359508244
gRNA_14594,controlsgRNA,0.16668936295754747,-3.417411774090381,1.5062740198403903,0.6181370054245885,0.29480471508752565,-0.16630133415606582,0.29480471508752565,1494.5624341015214,-1.5707457220780652,-3.58502553576298,-1.6666790465480807,-1.8701514845741436,-1.0927459443805567,-1.9570695466687653,-1.6666790465480807,-0.24261887027899773,-0.24261887027899773,-0.24261887027899773,0.0,0.0,0.0,-0.792764865198289,-0.792764865198289,-0.792764865198289,-0.1451775116326642,-0.36959655146904546,-0.23664017374989493,-0.6547562289431857,-0.07781318149180455,-0.29679672945731894,-0.23664017374989493,10229,0.0,0.0,0.0,6.931273829308828,,,,,safe-targeting control,,0.9229077092290771,0.08149185081491851,0.9988569143085692,0.8511371085113711,0.922907709229077,0.08149185081491855,0.9988569143085692,0.8511371085113716,0.8511371085113711,0.8511371085113716,0.9999870707104631,0.0005782644582669305,0.9999999930886931,0.024158604034262874,0.9999179222186377,9.203166551007974e-05,1.0,0.004325488278973748,0.024158604034262874,0.004325488278973748,0.7403515457677523,0.6679200597151151,0.9404465581374151,0.9999999999992459,0.5423487613411441,0.46013100668061285,0.7903189061453497,1.0,0.9404465581374151,0.7903189061453497,0.14368021583777255,0.7620096998523957,0.7788968766315769,0.9773139069839524,0.14480399663597204,0.858458005998198,0.8103227152144246,1.0,0.7788968766315769,0.8103227152144246
gRNA_14595,controlsgRNA,-2.0338202281021815,-5.226373633538985,1.1021971809228612,-0.6587276230952903,-1.2663908492578786,-1.616623030614295,-1.2663908492578786,3739.478837174273,-0.6976124607285468,-1.392983947700841,-0.4102342311208107,-0.9085717935372936,-0.4131908108776454,-0.7645186487930274,-0.6976124607285468,-0.24967236177759694,-0.24967236177759694,-0.24967236177759694,0.0,0.0,0.0,-0.8256218505647774,-0.8256218505647774,-0.8256218505647774,-0.7683560324147012,-0.1478962778481953,-0.4870524829135299,-1.8105577986557908,-0.627099010510834,-0.7681923204686102,-0.627099010510834,23719,0.0252961760613853,0.0295122054049496,0.0,3.511952443189005,,,,,safe-targeting control,,0.9336066393360664,0.07229277072292771,0.9988569143085692,0.8236994482369945,0.9336066393360664,0.07229277072292777,0.9988569143085692,0.8236994482369951,0.8236994482369945,0.8236994482369951,0.989893165727086,0.08406168873486679,0.9999999930886931,0.574676272078362,0.9692449282655319,0.03139565083109758,1.0,0.2511652066487806,0.574676272078362,0.2511652066487806,0.9505373654986673,0.14141015333227477,0.9999999999053213,0.9999999999992459,0.920642980413301,0.0808860104904775,0.99537829772684,0.949631688710001,0.9999999999053213,0.949631688710001,0.7353148147892741,0.0907853042489971,0.9999999998916369,0.9773139069839524,0.8820902825938695,0.12158935917170749,0.9945141890905704,1.0,0.9773139069839524,0.9945141890905704
gRNA_14596,controlsgRNA,-0.3935463878758789,-1.7009539941322496,0.15995801440000315,0.667854586995758,1.247381612881109,-0.0038612335462516077,0.15995801440000315,2001.2652507907817,-0.49879456729083316,-1.325298939283947,0.8648460507500926,-0.0760162062751918,-0.9042502455373198,-0.38790278152743984,-0.49879456729083316,0.044236960566736365,0.044236960566736365,0.044236960566736365,0.0,0.0,0.0,0.5170917081451915,0.5170917081451915,0.5170917081451915,-1.141117275110723,0.09978377733872036,-0.10026224750166265,-0.5919079550931188,0.8411020624355863,-0.17848032758623952,-0.10026224750166265,12834,0.0233754090696587,0.0623344241857565,0.0311672120928782,15.778401122019636,,,,,safe-targeting control,,0.3871612838716129,0.6186381361863813,0.963250080220736,0.990842851198751,0.38716128387161286,0.6186381361863814,0.9632500802207361,0.990842851198751,0.963250080220736,0.9632500802207361,0.5494346714636313,0.24276179408366635,0.9999999930886931,0.9127843457545856,0.7099271276346429,0.29325646486028184,1.0,0.858591416811644,0.9127843457545856,0.858591416811644,0.26410526351690766,0.6058473544186413,0.5367761031478772,0.9999999999992459,0.31925914730708593,0.6846765444674697,0.597221091479922,1.0,0.5367761031478772,0.597221091479922,0.2085407589742918,0.8256475602576351,0.7936879821386053,0.9773139069839524,0.1701734005967187,0.8325335192330582,0.8202926364723093,1.0,0.7936879821386053,0.8202926364723093
gRNA_14657,controlsgRNA,0.5398067854888852,-3.0991682605372204,0.2743896237743865,-0.45547021293209533,-0.5584905263094244,-0.6597865181030936,-0.45547021293209533,4220.394637746648,0.15003373230625724,0.21014470529505236,0.29509782997700046,-0.0040958405665276676,0.5422370820853465,0.23868350181942583,0.21014470529505236,0.030019950026029685,0.030019950026029685,0.030019950026029685,0.0,0.0,0.0,-0.18466621650659792,-0.18466621650659792,-0.18466621650659792,-0.5079549613213141,-0.20439479402324148,-0.16483407974347433,-1.6958542023382912,-1.1233131036124588,-0.7392702282077559,-0.5079549613213141,0,0.0,0.0,0.0,0.0,,,,,non-targeting control,,0.4263573642635735,0.5780421957804218,0.9803942682654807,0.990842851198751,0.4263573642635736,0.5780421957804219,0.9803942682654813,0.990842851198751,0.9803942682654807,0.9803942682654813,0.20256133886739988,0.9717219154098901,0.7822953683219466,0.9999993382361851,0.08649667596192268,0.9147912883384384,0.4223733787231549,1.0,0.7822953683219466,0.4223733787231549,0.9325193558375363,0.14299279560363048,0.9999999999053213,0.9999999999992459,0.9105986962275967,0.09132133641924012,0.99537829772684,0.949631688710001,0.9999999999053213,0.949631688710001,0.5829215233852325,0.5665673159338432,0.9747221474624128,0.9773139069839524,0.5036053830759682,0.49993904528049704,0.9342435216116826,1.0,0.9747221474624128,0.9342435216116826
gRNA_14658,controlsgRNA,-0.059904149883462786,-3.4293531345110417,-0.14632257615071947,-0.5996691615162246,-0.47518883447219207,-0.9420875713067283,-0.47518883447219207,2723.783702364814,0.41559418899094464,1.2774455626554,-0.4732370877083012,0.5362793329274015,0.7261007142310555,0.49643654221930006,0.5362793329274015,0.31291288732629513,0.31291288732629513,0.31291288732629513,0.0,0.0,0.0,0.9758149552109424,0.9758149552109424,0.9758149552109424,0.9674058538898989,0.18426233147432655,1.4498114157324549,0.09239398118523015,-0.5105599564718635,0.4366627251620095,0.18426233147432655,0,0.0,0.0,0.0,0.0,,,,,non-targeting control,,0.0572942705729427,0.9475052494750525,0.6886947668869478,0.990842851198751,0.0572942705729427,0.9475052494750525,0.6886947668869482,0.990842851198751,0.6886947668869478,0.6886947668869482,0.01523720318270773,0.9735528609598706,0.19755822057579678,0.9999993382361851,0.010952511400632164,0.9898480165081768,0.12869200895742794,1.0,0.19755822057579678,0.12869200895742794,0.005242412060498362,0.9726422171932061,0.0492786733686846,0.9999999999992459,0.006123298560447135,0.9950193301087827,0.050809343847313074,1.0,0.0492786733686846,0.050809343847313074,0.7950830552267373,0.43415916724052217,0.9999999998916369,0.9773139069839524,0.6897588216705703,0.3129916276890926,0.966809041906353,1.0,0.9773139069839524,0.966809041906353
gRNA_14659,controlsgRNA,0.5772517629347022,-3.860567631160641,-0.43763399569337147,0.6761251308665541,1.1471626337077763,-0.37953241986899605,0.5772517629347022,2903.4493146558216,-0.017224184537439197,-0.053054321215573706,-0.17298544027283963,0.024172978307920007,-0.13325278813115102,-0.07046875116981671,-0.053054321215573706,-0.03160972960658003,-0.03160972960658003,-0.03160972960658003,0.0,0.0,0.0,-0.08770117508032087,-0.08770117508032087,-0.08770117508032087,-0.8938555056395519,-0.01254868670103755,-0.2539846287450823,-0.6063350415515177,-1.5497261008644454,-0.663289992700327,-0.6063350415515177,0,0.0,0.0,0.0,0.0,,,,,non-targeting control,,0.5520447955204479,0.45375462453754645,0.9866008832906662,0.990842851198751,0.5520447955204479,0.4537546245375462,0.9866008832906662,0.990842851198751,0.9866008832906662,0.9866008832906662,0.6434341908951413,0.8025626351370001,0.9999999930886931,0.9999993382361851,0.40720693279461556,0.5953891339255469,0.8782050990961231,1.0,0.9999993382361851,0.8782050990961231,0.9025911651102235,0.20690256251942973,0.9999999999053213,0.9999999999992459,0.8668590779611988,0.13527127906843045,0.9843708795233328,1.0,0.9999999999053213,0.9843708795233328,0.18770509543660202,0.6498797963433216,0.7917911956477558,0.9773139069839524,0.2133213698319072,0.791162648403538,0.8202926364723093,1.0,0.7917911956477558,0.8202926364723093
gRNA_14660,controlsgRNA,-1.0954112034704688,-3.935362654625603,-0.5727971030866901,0.4125776160285925,0.01573454908807044,-1.03505175921322,-0.5727971030866901,3028.28739267962,-0.4874073901503108,0.644791859181936,-0.08656893154799036,0.4200114740616458,0.003952311208893278,0.09895586455083479,0.003952311208893278,-0.3608841059089548,-0.3608841059089548,-0.3608841059089548,0.0,0.0,0.0,0.5661883664301325,0.5661883664301325,0.5661883664301325,0.11169918679165337,-0.32553515969725966,-0.7150512109820709,-0.8164762687196481,-1.2239982505807463,-0.5938723406376143,-0.7150512109820709,0,0.0,0.0,0.0,0.0,,,,,non-targeting control,,0.9916008399160084,0.0126987301269873,0.9988569143085692,0.5536900855369009,0.9916008399160084,0.012698730126987308,0.9988569143085692,0.553690085536901,0.5536900855369009,0.553690085536901,0.2828395510703039,0.8662753187200931,0.9411298336498607,0.9999993382361851,0.18973232429074466,0.8125598664722276,0.6313217162240707,1.0,0.9411298336498607,0.6313217162240707,0.8817382527903213,0.25891651809293226,0.9999999999053213,0.9999999999992459,0.834699759260205,0.16741894686196762,0.9716628776527464,1.0,0.9999999999053213,0.9716628776527464,0.7384087292891294,0.3203429025268528,0.9999999998916369,0.9773139069839524,0.7184839524913831,0.2840371432398998,0.966809041906353,1.0,0.9773139069839524,0.966809041906353
gRNA_14661,controlsgRNA,-1.9499137958317476,-0.512040997085757,-0.5064527925202946,0.12627594992710098,0.5214039304230914,-0.46414554101752137,-0.5064527925202946,3509.6851935532463,0.1578012997112304,-0.4494618065421667,0.7803140996398058,-0.0020746821015502548,0.5057105881861749,0.19845789977869882,0.1578012997112304,0.06588791543896026,0.06588791543896026,0.06588791543896026,0.0,0.0,0.0,0.09094982169103137,0.09094982169103137,0.09094982169103137,-0.6465386549610113,0.033368801941340405,-0.3108875099448232,-0.6788711395353789,0.20156592703427414,-0.2802725150931198,-0.3108875099448232,0,0.0,0.0,0.0,0.0,,,,,non-targeting control,,0.31326867313268686,0.6916308369163082,0.8977869130380195,0.990842851198751,0.31326867313268675,0.6916308369163083,0.8977869130380195,0.990842851198751,0.8977869130380195,0.8977869130380195,0.17803086009726146,0.9152711835070959,0.7338056740953851,0.9999993382361851,0.1129096507685165,0.8886244924365494,0.4506180024738623,1.0,0.7338056740953851,0.4506180024738623,0.6431996800935854,0.6453205991604105,0.8794293807825022,0.9999999999992459,0.5013876392340275,0.5015287507112917,0.7715786565648718,1.0,0.8794293807825022,0.7715786565648718,0.5982550616956368,0.6470155540793765,0.9747221474624128,0.9773139069839524,0.47301217998991085,0.5300077904150823,0.9332432425961847,1.0,0.9747221474624128,0.9332432425961847
gRNA_14662,controlsgRNA,-0.44506380124655776,1.691728027729393,1.2196709934105305,0.3316298917675944,-1.643588574337762,0.2308753074646396,0.3316298917675944,5864.618165386353,0.0905821508755213,0.11828076336121973,0.04541278876727633,0.040258702545235295,0.18904132227897122,0.09671514556564478,0.0905821508755213,-0.14966284608847913,-0.14966284608847913,-0.14966284608847913,0.0,0.0,0.0,0.15345507708518438,0.15345507708518438,0.15345507708518438,0.37859715478217126,0.14580267857038498,0.376809861213882,-1.068814986984433,-0.2366880001639458,-0.0808586585163881,0.14580267857038498,0,0.0,0.0,0.0,0.0,,,,,non-targeting control,,0.8093190680931907,0.19588041195880412,0.9987424218303245,0.8791736210994285,0.8093190680931907,0.19588041195880418,0.9987424218303245,0.8791736210994286,0.8791736210994285,0.8791736210994286,0.4089124463949686,0.927509437547319,0.9937087802804399,0.9999993382361851,0.20392578676304457,0.7979196570318545,0.6638911787731914,1.0,0.9937087802804399,0.6638911787731914,0.27930361273056864,0.7732907795619675,0.5498332899826901,0.9999999999992459,0.2251507305605378,0.7771010970049286,0.4858829122364607,1.0,0.5498332899826901,0.4858829122364607,0.08748109861301347,0.8540438954845706,0.7788968766315769,0.9773139069839524,0.0881613032150983,0.9141292458454451,0.8103227152144246,1.0,0.7788968766315769,0.8103227152144246
gRNA_14663,controlsgRNA,-1.1748798491529118,-3.5224908485356545,0.2424125958684653,-0.6774737203699797,0.32129693994516995,-0.962226976448982,-0.6774737203699797,5045.217653261033,0.6356961089213505,0.8103038184907242,0.7172601976881157,0.8405846376918773,0.30646629566544054,0.6620622116915016,0.7172601976881157,0.15240888793289564,0.15240888793289564,0.15240888793289564,0.0,0.0,0.0,-0.22069415671532816,-0.22069415671532816,-0.22069415671532816,0.8868255424001562,0.8935685593830404,-0.037414399389898184,-0.7784916323058894,0.039587367635382106,0.20081508754455824,0.039587367635382106,0,0.0,0.0,0.0,0.0,,,,,non-targeting control,,0.20197980201979795,0.804119588041196,0.8877563856517573,0.990842851198751,0.20197980201979804,0.8041195880411958,0.8877563856517575,0.990842851198751,0.8877563856517573,0.8877563856517575,0.008661311748141345,0.9996596477297103,0.13569388405421443,0.9999993382361851,0.0019083707417540028,0.9982072164893283,0.03776565257365816,1.0,0.13569388405421443,0.03776565257365816,0.03566249765470457,0.9132888846113122,0.17643551471274893,0.9999999999992459,0.03753543284774463,0.9644735516847647,0.16603909118531743,1.0,0.17643551471274893,0.16603909118531743,0.7311956594390847,0.3727899966422829,0.9999999998916369,0.9773139069839524,0.6910010209467063,0.31222347552525154,0.966809041906353,1.0,0.9773139069839524,0.966809041906353
gRNA_14664,controlsgRNA,0.3487090648314215,2.449607885370463,0.9530464396165644,-0.3124213008765234,1.5368529128215984,0.9951590003527049,0.9530464396165644,3463.5336647085405,0.1908941319056234,-0.005863017282375307,0.5463622719980353,0.29403840151986665,0.1414788837370375,0.23338213437563754,0.1908941319056234,-0.0886756807222154,-0.0886756807222154,-0.0886756807222154,0.0,0.0,0.0,0.18444020764783095,0.18444020764783095,0.18444020764783095,-0.7401549852690092,-0.49183136949864725,-0.24826813000225123,-0.3849787908027904,0.7025343852212419,-0.23253977807029128,-0.3849787908027904,0,0.0,0.0,0.0,0.0,,,,,non-targeting control,,0.7130286971302869,0.2914708529147085,0.9987424218303245,0.9529829625733077,0.7130286971302869,0.29147085291470853,0.9987424218303245,0.952982962573308,0.9529829625733077,0.952982962573308,0.2070720617502591,0.9700346729079243,0.7864555072535094,0.9999993382361851,0.08964876347312445,0.9116634900733958,0.4321530136653179,1.0,0.7864555072535094,0.4321530136653179,0.4590426366918591,0.624811799801817,0.7439656525695647,0.9999999999992459,0.4343777466399028,0.5687990939581171,0.707039102755859,1.0,0.7439656525695647,0.707039102755859,0.005864090952468648,0.9947107493048198,0.3149854568754588,0.9997489077454798,0.0031279360201590667,0.9971664739158403,0.1960173239299682,1.0,0.3149854568754588,0.1960173239299682
gRNA_14665,controlsgRNA,0.43760986497942844,1.6754916848173234,-0.016970061771402704,0.10920878258577123,-0.27412833537848347,0.3862423870465273,0.10920878258577123,5473.2339207712,0.1359576051221994,0.1748883592871945,-0.04682591126164795,-0.32125003233299865,-0.23166025829720935,-0.0577780474964924,-0.04682591126164795,0.19173872029695116,0.19173872029695116,0.19173872029695116,0.0,0.0,0.0,-0.6743154700000543,-0.6743154700000543,-0.6743154700000543,-0.16440792667611154,0.4152959412869398,0.03268824235625918,-0.5597836240650509,-1.211371027742922,-0.2975156789681771,-0.16440792667611154,0,0.0,0.0,0.0,0.0,,,,,non-targeting control,,0.1578842115788421,0.8464153584641536,0.8480637650520663,0.990842851198751,0.15788421157884214,0.8464153584641536,0.8480637650520664,0.990842851198751,0.8480637650520663,0.8480637650520664,0.6040747351717047,0.7903434706205665,0.9999999930886931,0.9999993382361851,0.39385990106942526,0.6082332408543321,0.8782050990961231,1.0,0.9999993382361851,0.8782050990961231,0.5302746695542756,0.537173760030461,0.7950646701740042,0.9999999999992459,0.49381277806765117,0.5095477830581708,0.770429894412601,1.0,0.7950646701740042,0.770429894412601,0.12062564246264083,0.9663918725397731,0.7788968766315769,0.9997489077454798,0.06333276140773103,0.9383718214189786,0.8053393290168859,1.0,0.7788968766315769,0.8053393290168859
gRNA_14666,controlsgRNA,-0.31053253802766584,-1.9385451554968116,0.670693091434861,-0.5309498314382363,0.18014628769660254,-0.3858376291662501,-0.31053253802766584,4688.175930109956,0.8018887740125057,1.3454160313187784,0.8296627450788366,0.7435717037930598,0.9575679468239096,0.9356214402054182,0.8296627450788366,0.13822007958294732,0.13822007958294732,0.13822007958294732,0.0,0.0,0.0,0.17021420599204592,0.17021420599204592,0.17021420599204592,-0.3606388541744964,-0.08145260285925235,-0.23280212386184487,-0.7610127509889976,-0.4213637552554761,-0.3714540174280134,-0.3606388541744964,0,0.0,0.0,0.0,0.0,,,,,non-targeting control,,0.2268773122687732,0.7782221777822218,0.8877563856517573,0.990842851198751,0.22687731226877306,0.7782221777822218,0.8877563856517575,0.990842851198751,0.8877563856517573,0.8877563856517575,0.0004093284637874547,0.9999925143735533,0.01923843779801037,0.9999993382361851,6.195140864401688e-05,0.9999462948629009,0.003882288275025058,1.0,0.01923843779801037,0.003882288275025058,0.8082455489092616,0.567305889694739,0.9824333150647746,0.9999999999992459,0.6380628452521869,0.3642672767335986,0.8610276191795142,1.0,0.9824333150647746,0.8610276191795142,0.5198458333712506,0.6857948475874087,0.9747221474624128,0.9773139069839524,0.409406792011641,0.5931165617570172,0.9050819794609262,1.0,0.9747221474624128,0.9050819794609262
gRNA_14667,controlsgRNA,-0.5908721394140614,-0.24535943835990737,-0.27689468907196146,-1.3597339766886796,-0.1375220388576526,-0.5220764564784525,-0.27689468907196146,4275.583672239795,-0.009594816851885957,0.13424258736712893,-0.12779153722229822,0.11975876857665692,-0.22039335086007336,-0.020755669798094338,-0.009594816851885957,-0.04618181960345379,-0.04618181960345379,-0.04618181960345379,0.0,0.0,0.0,0.0816131669957489,0.0816131669957489,0.0816131669957489,-0.9431334622659625,-0.8648986744610013,-0.6274252752881854,-0.8775298292920986,-1.5688851591527153,-0.9763744800919927,-0.8775298292920986,0,0.0,0.0,0.0,0.0,,,,,non-targeting control,,0.5847415258474151,0.42015798420158,0.990373034768595,0.990842851198751,0.5847415258474152,0.42015798420157985,0.9903730347685951,0.990842851198751,0.990373034768595,0.9903730347685951,0.5654107190183656,0.8389508746027627,0.9999999930886931,0.9999993382361851,0.34211652916116975,0.6599354220038199,0.8245885574653835,1.0,0.9999993382361851,0.8245885574653835,0.995014686231906,0.06015624861733239,0.9999999999053213,0.9999999999992459,0.981057199439335,0.01955525233503807,1.0,0.5773348529599227,0.9999999999053213,0.5773348529599227,0.7646395001800399,0.6177664990875626,0.9999999998916369,0.9773139069839524,0.583434695683118,0.4189126405291398,0.9394385359508244,1.0,0.9773139069839524,0.9394385359508244
gRNA_14668,controlsgRNA,-0.8819713391639405,-1.4924478937971923,-0.0772885361054718,0.10359757696506361,1.1417234340509474,-0.2412773516101187,-0.0772885361054718,2719.8071998795,-0.9054705650539583,-0.9017650288530185,-0.7578174333123538,-1.0850907708924618,-0.4408857246722856,-0.8182059045568156,-0.9017650288530185,0.1146084503072142,0.1146084503072142,0.1146084503072142,0.0,0.0,0.0,-0.0020646842013858596,-0.0020646842013858596,-0.0020646842013858596,-0.6357229545407387,0.25716018856735096,-0.16165033251852184,-0.5100569223430471,0.25755049580085404,-0.15854390500682053,-0.16165033251852184,0,0.0,0.0,0.0,0.0,,,,,non-targeting control,,0.2705729427057293,0.7355264473552645,0.8877563856517573,0.990842851198751,0.2705729427057294,0.7355264473552645,0.8877563856517575,0.990842851198751,0.8877563856517573,0.8877563856517575,0.9950043001536294,0.07349581996496773,0.9999999930886931,0.5713662183244291,0.9777077223317926,0.022897874115450044,1.0,0.20927859846216337,0.5713662183244291,0.20927859846216337,0.4699320758229415,0.7687004152976217,0.7573354605161093,0.9999999999992459,0.33891456483795857,0.6636246576445229,0.6216189091662069,1.0,0.7573354605161093,0.6216189091662069,0.4059876197924517,0.7051182489683665,0.9202736770867305,0.9773139069839524,0.34589449627242325,0.6571487008303997,0.889213877247704,1.0,0.9202736770867305,0.889213877247704
gRNA_14669,controlsgRNA,0.15210699895407317,-3.5489851045597804,-2.081019725546567,0.3591022759016295,-0.7653441114623021,-1.1768279333425895,-0.7653441114623021,3096.6109353818347,-0.24651760615226825,-1.1417404397157265,0.3970572904647428,-0.1808050647047635,-0.12777136605500364,-0.25995543723260384,-0.1808050647047635,0.2030033990516616,0.2030033990516616,0.2030033990516616,0.0,0.0,0.0,-0.23786728090515674,-0.23786728090515674,-0.23786728090515674,-0.08617994988193736,0.16058778930935322,0.16890599718040933,-0.6606664609771842,-1.367230252559666,-0.356916575385805,-0.08617994988193736,0,0.0,0.0,0.0,0.0,,,,,non-targeting control,,0.12678732126787323,0.8783121687831217,0.7566989332812751,0.990842851198751,0.12678732126787318,0.8783121687831217,0.7566989332812748,0.990842851198751,0.7566989332812751,0.7566989332812748,0.692980507024797,0.4877242533244597,0.9999999930886931,0.9999993382361851,0.6098717518894374,0.39347445866798497,0.994516909040091,0.985000306407196,0.9999993382361851,0.985000306407196,0.6009121296029273,0.47999393238686694,0.855844548222351,0.9999999999992459,0.556011104619723,0.44739326484462305,0.8009968403717083,1.0,0.855844548222351,0.8009968403717083,0.7703617867475165,0.29285666384602904,0.9999999998916369,0.9773139069839524,0.7565989080996516,0.24623781050168986,0.9692074049684818,1.0,0.9773139069839524,0.9692074049684818
gRNA_14670,controlsgRNA,0.38723619733073045,-2.91686173927503,0.44382785085227605,-0.6341439844745003,-0.5082798560127577,-0.6456443063158563,-0.5082798560127577,3747.913842446151,0.5829232234729493,0.5240093378556164,-0.38724139555433484,0.29011382308705175,0.826001930606966,0.3671613838936498,0.5240093378556164,0.24366403968881584,0.24366403968881584,0.24366403968881584,0.0,0.0,0.0,0.10237493004031735,0.10237493004031735,0.10237493004031735,1.1754172435009715,0.3835971864494709,0.8818429780887358,-0.12831667954717485,-0.05014957616217791,0.45247823046596514,0.3835971864494709,0,0.0,0.0,0.0,0.0,,,,,non-targeting control,,0.10798920107989202,0.8969103089691031,0.7385842060955193,0.990842851198751,0.10798920107989196,0.8969103089691031,0.7385842060955193,0.990842851198751,0.7385842060955193,0.7385842060955193,0.06454565461566385,0.9725347297830158,0.4551681042382512,0.9999993382361851,0.03294280213904703,0.9680507198884193,0.23370742649588083,1.0,0.4551681042382512,0.23370742649588083,0.009004689420779465,0.9929107090453229,0.07396612861090883,0.9999999999992459,0.004947663536737745,0.9955376278747998,0.04537369487349737,1.0,0.07396612861090883,0.04537369487349737,0.5874909535373618,0.5686932275874169,0.9747221474624128,0.9773139069839524,0.5058818701046175,0.4965538248174986,0.9342435216116826,1.0,0.9747221474624128,0.9342435216116826
gRNA_14671,controlsgRNA,0.701394354993326,2.1349582447285735,0.5906758605582957,-1.16288992219424,-1.6354957932446517,0.12572854896826074,0.5906758605582957,2778.1292363307725,-0.21292153297865427,-0.7286931138559948,0.9277969671213718,-0.409552550239619,0.2214501292003012,-0.040384020150519,-0.21292153297865427,0.002682537720757144,0.002682537720757144,0.002682537720757144,0.0,0.0,0.0,-0.04663998065854914,-0.04663998065854914,-0.04663998065854914,0.48309034135977236,-0.13693059389381504,-0.21855909410863664,-1.7237370882619059,-1.1333004548833825,-0.5458873779575935,-0.21855909410863664,0,0.0,0.0,0.0,0.0,,,,,non-targeting control,,0.48195180481951827,0.5224477552244776,0.9848580359355373,0.990842851198751,0.48195180481951805,0.5224477552244775,0.9848580359355369,0.990842851198751,0.9848580359355373,0.9848580359355369,0.33137217084400844,0.6614511935473294,0.9804725963952906,0.9999993382361851,0.3384875563455283,0.6656691106674304,0.8211052979736686,1.0,0.9804725963952906,0.8211052979736686,0.6142473351265207,0.22370052841275564,0.8610082947071777,0.9999999999992459,0.7254617827101739,0.2776943690724706,0.9122863889599511,1.0,0.8610082947071777,0.9122863889599511,0.07898907180585645,0.7575861501984197,0.7788968766315769,0.9773139069839524,0.11706463984083632,0.8872745049370743,0.8103227152144246,1.0,0.7788968766315769,0.8103227152144246
gRNA_14672,controlsgRNA,-2.564787892164511,1.5218229272314723,-2.616035137180957,-0.8174235819743992,0.12042617038863611,-0.871199502739952,-0.8174235819743992,2306.732941708088,-0.061104870122491724,-1.0299737307558952,-0.40673610079079753,-0.16151739338710433,-1.0883302316847592,-0.5495324653482095,-0.40673610079079753,-0.08175613440491707,-0.08175613440491707,-0.08175613440491707,0.0,0.0,0.0,0.15861636059361345,0.15861636059361345,0.15861636059361345,-2.0003593338693144,-0.37644208667984963,-1.4019017520549095,-1.3642518431428918,-2.073537783036272,-1.4432985597566474,-1.4019017520549095,0,0.0,0.0,0.0,0.0,,,,,non-targeting control,,0.6775322467753224,0.3276672332766724,0.9987424218303245,0.9808943917638312,0.6775322467753224,0.32766723327667235,0.9987424218303245,0.9808943917638311,0.9808943917638312,0.9808943917638311,0.9349091077165804,0.2190360250249579,0.9999999930886931,0.9127843457545856,0.8811325929826028,0.12052148024621157,1.0,0.5098236939303962,0.9127843457545856,0.5098236939303962,0.9985879746416387,0.004647036612471615,0.9999999999053213,0.2912142943815546,0.9986057388053284,0.0014954269911385692,1.0,0.09371342477801702,0.2912142943815546,0.09371342477801702,0.4558167897254012,0.3690990838336041,0.9365416007472723,0.9773139069839524,0.5767653816209048,0.427993123998218,0.9394385359508244,1.0,0.9365416007472723,0.9394385359508244
gRNA_14673,controlsgRNA,-0.8752746499154966,-3.892602967867997,-0.5144493953210397,-0.9246401228842008,0.7771520709053631,-1.0859630130166742,-0.8752746499154966,4097.605061003163,-0.31093585997503226,-0.37477870100479477,0.1419169785392093,-0.05319445797450071,-1.0396568149908059,-0.3273297710811849,-0.31093585997503226,0.08556804163107586,0.08556804163107586,0.08556804163107586,0.0,0.0,0.0,0.19998530694651753,0.19998530694651753,0.19998530694651753,-0.1240303724099163,-0.292067226383712,0.36742268614033574,-0.37836727620505495,0.8178027611543498,0.07815211445920046,-0.1240303724099163,0,0.0,0.0,0.0,0.0,,,,,non-targeting control,,0.2867713228677132,0.7167283271672833,0.8877563856517573,0.990842851198751,0.2867713228677132,0.7167283271672833,0.8877563856517575,0.990842851198751,0.8877563856517573,0.8877563856517575,0.8189204240942511,0.4453310341165154,0.9999999930886931,0.9999993382361851,0.7040388386694489,0.2983401134807639,1.0,0.8619986216739889,0.9999993382361851,0.8619986216739889,0.146315945735662,0.9146019288084896,0.374250310181013,0.9999999999992459,0.10409003996550298,0.8979169393825731,0.31310284021623297,1.0,0.374250310181013,0.31310284021623297,0.732462516875765,0.2803213345326542,0.9999999998916369,0.9773139069839524,0.7507681378270525,0.25301569082743436,0.9692074049684818,1.0,0.9773139069839524,0.9692074049684818
gRNA_14674,controlsgRNA,-1.5486672239271526,2.133247578110798,-0.25348594780845446,-0.4328822667590299,-1.3091245461343652,-0.2821824813036409,-0.4328822667590299,3250.248531405332,0.14954651160964452,1.0560014341868291,0.06062460429803784,0.07485243870534607,-0.19499139152598774,0.22920671945477394,0.07485243870534607,-0.3411985233021482,-0.3411985233021482,-0.3411985233021482,0.0,0.0,0.0,-0.03635485163409574,-0.03635485163409574,-0.03635485163409574,-1.4775158282185157,-1.611621215575195,-0.8279109786298048,-2.6010751168656703,-1.2872465590642719,-1.5610739396706914,-1.4775158282185157,0,0.0,0.0,0.0,0.0,,,,,non-targeting control,,0.9827017298270173,0.022397760223977603,0.9988569143085692,0.5536900855369009,0.9827017298270173,0.022397760223977606,0.9988569143085692,0.553690085536901,0.5536900855369009,0.553690085536901,0.15877638208648084,0.9350740724091281,0.6944936421896147,0.9999993382361851,0.10079628844882377,0.9015344592060679,0.44728170415126095,1.0,0.6944936421896147,0.44728170415126095,0.999843693912851,0.0028471009926598397,0.9999999999053213,0.21410199464801993,0.99942761669355,0.0006149589795673625,1.0,0.046244915263465664,0.21410199464801993,0.046244915263465664,0.2674729196373746,0.5648972844524168,0.8595710921679729,0.9773139069839524,0.3735275396088569,0.6329083321942044,0.889213877247704,1.0,0.8595710921679729,0.889213877247704
gRNA_14675,controlsgRNA,0.34767471552924517,-2.9224021778882983,0.32293493703709286,-0.6607372899165878,-1.0011785782821514,-0.7827416787041399,-0.6607372899165878,2845.7297785811115,-0.25618072909971834,-1.5852055419134226,-1.6080515740218995,-1.0847184167955375,-1.8507095369794682,-1.2769731597620093,-1.5852055419134226,0.12248872513379452,0.12248872513379452,0.12248872513379452,0.0,0.0,0.0,-0.29721569860161345,-0.29721569860161345,-0.29721569860161345,-0.44810124250774475,0.26074402023747234,0.3763051777914591,-0.15528934538733763,-0.011541611399166403,0.004423399746936535,-0.011541611399166403,0,0.0,0.0,0.0,0.0,,,,,non-targeting control,,0.25117488251174874,0.7540245975402461,0.8877563856517573,0.990842851198751,0.2511748825117488,0.754024597540246,0.8877563856517575,0.990842851198751,0.8877563856517573,0.8877563856517575,0.9982950605625122,0.008459457670157829,0.9999999930886931,0.22372325498673798,0.9974913194405377,0.0026299429346729863,1.0,0.07063275310264593,0.22372325498673798,0.07063275310264593,0.29488052380235236,0.9144275159218339,0.5650408265853902,0.9999999999992459,0.16536997640487283,0.8366538383750952,0.4008889016825419,1.0,0.5650408265853902,0.4008889016825419,0.6842829119833088,0.46930836792320385,0.9999999998916369,0.9773139069839524,0.616226347383903,0.38711912571112733,0.9415240594453308,1.0,0.9773139069839524,0.9415240594453308
gRNA_14676,controlsgRNA,-0.7002139427992583,1.5725089985558782,0.23638252227304,-0.962572856282979,-0.9794277089912475,-0.16666459744891332,-0.7002139427992583,3466.7871667419795,-0.45570944033589683,-1.109586056437232,0.3817319861382017,-0.7139267135360977,-1.145032905664228,-0.6085046259670506,-0.7139267135360977,-0.3606217849969563,-0.3606217849969563,-0.3606217849969563,0.0,0.0,0.0,0.03286438854538821,0.03286438854538821,0.03286438854538821,0.22665232722483086,0.6682643360993574,0.3500915369756085,-1.5896207767432171,-0.008067421885295554,-0.07053599966574317,0.22665232722483086,0,0.0,0.0,0.0,0.0,,,,,non-targeting control,,0.9874012598740126,0.01739826017398261,0.9988569143085692,0.5536900855369009,0.9874012598740126,0.01739826017398261,0.9988569143085692,0.553690085536901,0.5536900855369009,0.553690085536901,0.8958424754112,0.14333264037501942,0.9999999930886931,0.7590573631127788,0.9034183721158888,0.09826532852943659,1.0,0.4815058826075952,0.7590573631127788,0.4815058826075952,0.1461961413517275,0.6831108065630661,0.374250310181013,0.9999999999992459,0.16528024409737746,0.8379651035935676,0.4008889016825419,1.0,0.374250310181013,0.4008889016825419,0.34375077635647194,0.6768218381870915,0.9202736770867305,0.9773139069839524,0.34078715428945283,0.6640327316994591,0.889213877247704,1.0,0.9202736770867305,0.889213877247704
gRNA_14677,controlsgRNA,-3.7987256622946024,-3.102823598900363,0.013835371570830353,-0.15677448473752506,-0.633703808606601,-1.5356384365936522,-0.633703808606601,2131.7668323542703,-0.10617318290044507,-0.9692195000113566,0.31883118638214236,0.11909044890916776,0.028918409793622122,-0.12171052756537389,0.028918409793622122,-0.04140698580284553,-0.04140698580284553,-0.04140698580284553,0.0,0.0,0.0,0.7538704396104415,0.7538704396104415,0.7538704396104415,-1.015182363820366,0.025231854453693216,-0.11739891724307677,-1.757320154179358,-0.2687342741575883,-0.6266807709893392,-0.2687342741575883,0,0.0,0.0,0.0,0.0,,,,,non-targeting control,,0.5746425357464253,0.43065693430656937,0.9866008832906662,0.990842851198751,0.5746425357464253,0.4306569343065693,0.9866008832906662,0.990842851198751,0.9866008832906662,0.9866008832906662,0.5532609527859748,0.6788405633291139,0.9999999930886931,0.9999993382361851,0.42425440215961674,0.5782979564316748,0.8862203067334216,1.0,0.9999993382361851,0.8862203067334216,0.8276453447060487,0.21644534349882324,0.9910657630874977,0.9999999999992459,0.8190753582129007,0.18380218598893955,0.9715215605301283,1.0,0.9910657630874977,0.9715215605301283,0.8782006760616465,0.19624507728475218,0.9999999998916369,0.9773139069839524,0.8579707337811313,0.14393711783882485,0.9865351556627076,1.0,0.9773139069839524,0.9865351556627076
gRNA_14678,controlsgRNA,-0.6904353695794324,-2.843803999828762,-0.376461692943437,-0.8784848996629965,0.4427244893750459,-0.8692922945279165,-0.6904353695794324,3375.327609579756,0.46208243504365987,0.16933041631445164,-0.6834246165528715,0.7070151053184413,0.6830400837370295,0.26760868477214217,0.46208243504365987,-0.03417201447232988,-0.03417201447232988,-0.03417201447232988,0.0,0.0,0.0,-0.17803743307758801,-0.17803743307758801,-0.17803743307758801,-1.0432721215656293,-0.22015268061659912,-0.27613526723349974,-0.8533336725482866,-0.683625678349564,-0.6153038840627157,-0.683625678349564,0,0.0,0.0,0.0,0.0,,,,,non-targeting control,,0.5605439456054395,0.44495550444955523,0.9866008832906662,0.990842851198751,0.5605439456054394,0.44495550444955506,0.9866008832906662,0.990842851198751,0.9866008832906662,0.9866008832906662,0.10213579278610821,0.9234084131726683,0.5486151155368099,0.9999993382361851,0.06741734262935169,0.9340223273582429,0.36737566418313383,1.0,0.5486151155368099,0.36737566418313383,0.9377197104980736,0.26798879438550444,0.9999999999053213,0.9999999999992459,0.8635579727628333,0.13787575548917147,0.9843708795233328,1.0,0.9999999999053213,0.9843708795233328,0.7729199411116494,0.4294744206983523,0.9999999998916369,0.9773139069839524,0.6889693573495437,0.3145927135019186,0.966809041906353,1.0,0.9773139069839524,0.966809041906353
gRNA_14679,controlsgRNA,-0.6209950155121644,-1.1659802791401805,-1.4257220710310103,-1.061143575304954,-0.4031423949921428,-0.9353966671960905,-1.061143575304954,4523.69332730833,-0.12178617002932567,-0.09397051751712204,-0.37389738076468093,-0.05021263457044005,-0.40978749982577767,-0.20993084054146927,-0.12178617002932567,-0.15798010791087422,-0.15798010791087422,-0.15798010791087422,0.0,0.0,0.0,-0.6037638913542565,-0.6037638913542565,-0.6037638913542565,-0.07372966065683725,0.006137121361404211,-1.0610827120504667,-1.2549663842275085,-0.7222098869721669,-0.621170304509115,-0.7222098869721669,0,0.0,0.0,0.0,0.0,,,,,non-targeting control,,0.8274172582741726,0.17708229177082294,0.9987424218303245,0.8791736210994285,0.8274172582741726,0.17708229177082296,0.9987424218303245,0.8791736210994286,0.8791736210994285,0.8791736210994286,0.7959268791676674,0.623212608738708,0.9999999930886931,0.9999993382361851,0.6012600986109576,0.40060909352067586,0.994516909040091,0.985000306407196,0.9999993382361851,0.985000306407196,0.8730173804331205,0.22601316255584072,0.9999999999053213,0.9999999999992459,0.8446698234767327,0.15742434531697025,0.9802341161334923,1.0,0.9999999999053213,0.9802341161334923,0.9404820050371254,0.3226954266789087,0.9999999998916369,0.9773139069839524,0.8439289921036821,0.1576802417668266,0.9845579885323394,1.0,0.9773139069839524,0.9845579885323394
gRNA_14680,controlsgRNA,-1.1428180123366383,0.39781178732725975,-0.6530575916838564,-1.3233735483234783,-1.1014653577393891,-0.7645805445512204,-1.1014653577393891,3004.3078776924235,-0.044114715000495186,-1.934731962343267,-1.0536048078406326,-0.5087143855501806,-1.2285038101888641,-0.9539339361846879,-1.0536048078406326,0.017450855480601386,0.017450855480601386,0.017450855480601386,0.0,0.0,0.0,-0.45450607577511287,-0.45450607577511287,-0.45450607577511287,-0.3717688247677363,0.2586989277693054,-0.12366037436034297,-0.8334596898695656,0.18267026804179237,-0.1775039386373094,-0.12366037436034297,0,0.0,0.0,0.0,0.0,,,,,non-targeting control,,0.46005399460053975,0.5452454754524546,0.9848580359355373,0.990842851198751,0.46005399460054,0.5452454754524547,0.9848580359355369,0.990842851198751,0.9848580359355373,0.9848580359355369,0.9851296172734642,0.04008945394728689,0.9999999930886931,0.4862462801348346,0.9816680618447958,0.018940777341531392,1.0,0.20927859846216337,0.4862462801348346,0.20927859846216337,0.482353253145274,0.7445669674403851,0.7611516630843794,0.9999999999992459,0.35590969906681635,0.6479064017263871,0.6402968748761864,1.0,0.7611516630843794,0.6402968748761864,0.8443639481257224,0.3876384474917937,0.9999999998916369,0.9773139069839524,0.7549689642236779,0.24674294655445822,0.9692074049684818,1.0,0.9773139069839524,0.9692074049684818
gRNA_14681,controlsgRNA,-3.0800583519167324,-3.8818770797224302,-2.00979858657828,-1.0813264812243522,0.6937482459796684,-1.8718624506924253,-2.00979858657828,4381.623738514836,-0.35843794538030244,-1.061443938205173,-1.1397056365073186,-0.46171006058159225,-1.1251142212801488,-0.8292823603909071,-1.061443938205173,-0.26290258707072595,-0.26290258707072595,-0.26290258707072595,0.0,0.0,0.0,-0.4067815647986924,-0.4067815647986924,-0.4067815647986924,-1.1247955964448324,-0.41664803462514965,-0.6837247034368975,-0.20225217005479768,0.12176814430009572,-0.46113047205231633,-0.41664803462514965,0,0.0,0.0,0.0,0.0,,,,,non-targeting control,,0.9581041895810419,0.047795220477952205,0.9988569143085692,0.6911924192196165,0.9581041895810419,0.04779522047795217,0.9988569143085692,0.6911924192196159,0.6911924192196165,0.6911924192196159,0.9928003962649584,0.06712622070457712,0.9999999930886931,0.5713662183244291,0.9772390560315362,0.023326942743870878,1.0,0.20927859846216337,0.5713662183244291,0.20927859846216337,0.8099849140161706,0.40586999919088906,0.9824333150647746,0.9999999999992459,0.72064830886735,0.2824019811321,0.9092743762890054,1.0,0.9824333150647746,0.9092743762890054,0.879136403006848,0.09187460540829466,0.9999999998916369,0.9773139069839524,0.9278968180150666,0.0740638921515441,0.9968262959247574,0.9220452779452667,0.9773139069839524,0.9220452779452667
gRNA_14682,controlsgRNA,-0.28622338614843573,-2.737374339927343,-1.509658823335549,-0.1174543456764161,0.8200390528839163,-0.7661343684407654,-0.28622338614843573,2617.5026359391477,0.9405165332099784,1.1597426266441317,0.9807421433905666,0.296068380253114,-0.6293012115546616,0.5495536943886259,0.9405165332099784,0.03716246729023146,0.03716246729023146,0.03716246729023146,0.0,0.0,0.0,0.21456133870093919,0.21456133870093919,0.21456133870093919,0.17938947435475647,-0.09906893013612923,0.05656414966881267,-0.29482995401161755,0.4013900288215077,0.04868895373946601,0.05656414966881267,0,0.0,0.0,0.0,0.0,,,,,non-targeting control,,0.413258674132587,0.5920407959204079,0.9803942682654807,0.990842851198751,0.41325867413258677,0.5920407959204079,0.9803942682654813,0.990842851198751,0.9803942682654807,0.9803942682654813,0.006948935386093477,0.9648169907145464,0.1145293294972478,0.9999993382361851,0.006176254144006338,0.9941930492290854,0.09289086232585532,1.0,0.1145293294972478,0.09289086232585532,0.26178802585348426,0.9451294491602842,0.5349581397875548,0.9999999999992459,0.13026009306509706,0.8712706854585384,0.3570885205674011,1.0,0.5349581397875548,0.3570885205674011,0.5993356479906977,0.47598623412379115,0.9747221474624128,0.9773139069839524,0.572082626282591,0.43187364298633946,0.9394385359508244,1.0,0.9747221474624128,0.9394385359508244
gRNA_14683,controlsgRNA,-0.2992799201418315,-2.7383504486789243,-0.4382572684411243,-2.05989522125163,-3.320779953909893,-1.7713125624846806,-2.05989522125163,2842.596776622985,-0.4539907851650562,-0.622098000471592,0.4928086494300671,-0.7934083535112322,0.08286124752545204,-0.2587654484384722,-0.4539907851650562,-0.25100189162703296,-0.25100189162703296,-0.25100189162703296,0.0,0.0,0.0,-0.19679284410778927,-0.19679284410778927,-0.19679284410778927,-0.09203479018660392,0.4759978105655382,-0.723657760373552,-1.2405236279110632,-1.1400184398331172,-0.5440473615477597,-0.723657760373552,0,0.0,0.0,0.0,0.0,,,,,non-targeting control,,0.9395060493950604,0.06649335066493352,0.9988569143085692,0.7812968703129689,0.9395060493950604,0.06649335066493355,0.9988569143085692,0.7812968703129691,0.7812968703129689,0.7812968703129691,0.6722349366467871,0.4664243093206779,0.9999999930886931,0.9999993382361851,0.6202721292272965,0.3824031963735805,0.994516909040091,0.985000306407196,0.9999993382361851,0.985000306407196,0.6825945654665758,0.2397996666522737,0.9005458126857281,0.9999999999992459,0.7599000835169402,0.24325093944894866,0.9246680627908398,1.0,0.9005458126857281,0.9246680627908398,0.9608231400886562,0.1326661923792309,0.9999999998916369,0.9773139069839524,0.933333825158231,0.06779374262122986,0.9998105933318943,0.9220452779452667,0.9773139069839524,0.9220452779452667
gRNA_14684,controlsgRNA,0.5684446306632237,-3.734055686491391,0.7310723594970207,-0.2840498545727542,-0.6501749563616621,-0.6737527014531126,-0.2840498545727542,5567.82647989155,-0.008996049815538849,-0.11944937820270238,-0.11837971079885093,-0.24322816332260425,-0.11130271885201423,-0.12027120419834211,-0.11837971079885093,-0.0856048637114293,-0.0856048637114293,-0.0856048637114293,0.0,0.0,0.0,-0.49662797266070063,-0.49662797266070063,-0.49662797266070063,0.051351024341543,0.304724785883024,0.38669624067585256,-0.331897323023627,-1.4383606591398925,-0.20549718625261998,0.051351024341543,0,0.0,0.0,0.0,0.0,,,,,non-targeting control,,0.6982301769823018,0.30646935306469353,0.9987424218303245,0.9683401407758384,0.6982301769823017,0.30646935306469353,0.9987424218303245,0.9683401407758384,0.9683401407758384,0.9683401407758384,0.7052856526623537,0.7500323223756254,0.9999999930886931,0.9999993382361851,0.47433133036374103,0.5273791251984024,0.9288988552956596,1.0,0.9999993382361851,0.9288988552956596,0.34868660152269093,0.6215874946845996,0.6298537043051508,0.9999999999992459,0.3321041632980789,0.6721120731259744,0.6121135558827338,1.0,0.6298537043051508,0.6121135558827338,0.44337946083244073,0.5321831423415735,0.9365416007472723,0.9773139069839524,0.439070212722351,0.5649515432799713,0.9108576036662016,1.0,0.9365416007472723,0.9108576036662016
gRNA_14685,controlsgRNA,-0.8044944952047224,-3.4520480889197227,-0.23364046504299524,0.0029805056110081152,0.8190775776800445,-0.7336249931752776,-0.23364046504299524,5903.5396897123055,-0.9130102313502578,-0.8702775667942237,-0.6225330993095709,-0.15812842447910871,-0.15001041746963675,-0.5427919478805596,-0.6225330993095709,-0.11067551761176463,-0.11067551761176463,-0.11067551761176463,0.0,0.0,0.0,-0.47496323158249076,-0.47496323158249076,-0.47496323158249076,-0.7792656572044124,0.2707165315825952,0.3527703486433151,-0.3597730940154193,-0.17507488639101115,-0.13812535147698654,-0.17507488639101115,0,0.0,0.0,0.0,0.0,,,,,non-targeting control,,0.7540245975402461,0.25127487251274866,0.9987424218303245,0.9172752627649854,0.754024597540246,0.2512748725127487,0.9987424218303245,0.9172752627649856,0.9172752627649854,0.9172752627649856,0.9504653038165564,0.22767146897517254,0.9999999930886931,0.9127843457545856,0.8891469060667611,0.1124913045581139,1.0,0.5095991628174799,0.9127843457545856,0.5095991628174799,0.41490716603495825,0.7673801033874843,0.6872471120226622,0.9999999999992459,0.30987526760359224,0.6921288405349864,0.5854929679344255,1.0,0.6872471120226622,0.5854929679344255,0.5436181552909956,0.5121687308013303,0.9747221474624128,0.9773139069839524,0.5129802622625405,0.4903007407684362,0.9347526025086272,1.0,0.9747221474624128,0.9347526025086272
gRNA_14686,controlsgRNA,0.3990860152909365,-0.5520323656760661,0.00047169784764068164,0.06937605416743357,-1.4961562672974986,-0.3158509731335108,0.00047169784764068164,3860.099412562133,0.050307287031257836,0.3717959819357492,0.11599370255846338,0.51345929522359,0.7664452908333472,0.36360031151648153,0.3717959819357492,-0.23931345817750785,-0.23931345817750785,-0.23931345817750785,0.0,0.0,0.0,-0.38763757999516063,-0.38763757999516063,-0.38763757999516063,-0.8783964010728662,-0.0903543063864066,-0.8098062531781642,-0.7486707133852818,-1.0883901882151896,-0.7231235724475817,-0.8098062531781642,0,0.0,0.0,0.0,0.0,,,,,non-targeting control,,0.9082091790820918,0.0966903309669033,0.9988569143085692,0.8791736210994285,0.9082091790820918,0.09669033096690322,0.9988569143085692,0.8791736210994286,0.8791736210994285,0.8791736210994286,0.09264764743656538,0.9872075659423982,0.5278108399416452,0.9999993382361851,0.036199366692803533,0.9645508151252229,0.24747203411807506,1.0,0.5278108399416452,0.24747203411807506,0.961044313755598,0.173344709212179,0.9999999999053213,0.9999999999992459,0.9189295509339376,0.08209709275803123,0.99537829772684,0.949631688710001,0.9999999999053213,0.949631688710001,0.5622416369147938,0.7283625001322762,0.9747221474624128,0.9773139069839524,0.4062688459464231,0.595989326162715,0.9050819794609262,1.0,0.9747221474624128,0.9050819794609262
gRNA_14687,controlsgRNA,0.5545181798224363,0.553871612101163,-1.2409415020122112,-0.0750970341498182,0.22345594307413874,0.0031614397671417493,0.22345594307413874,5067.992167495105,-0.033797292554613854,-0.30991772750302615,-0.949706287454187,0.26716909186003274,-0.7513435805744321,-0.3555191592452453,-0.30991772750302615,-0.1924501968406429,-0.1924501968406429,-0.1924501968406429,0.0,0.0,0.0,-0.4453049577747267,-0.4453049577747267,-0.4453049577747267,0.5232011314491373,-0.13243791798119808,-0.7006842053503698,-0.3826224804528987,-0.40228214694474945,-0.21896512385601574,-0.3826224804528987,0,0.0,0.0,0.0,0.0,,,,,non-targeting control,,0.8688131186881312,0.13668633136686337,0.9987424218303245,0.8791736210994285,0.8688131186881312,0.13668633136686342,0.9987424218303245,0.8791736210994286,0.8791736210994285,0.8791736210994286,0.8034158882947784,0.3866604600412823,0.9999999930886931,0.9999993382361851,0.7267723633513976,0.27518348232747847,1.0,0.8344273335091283,0.9999993382361851,0.8344273335091283,0.4892022579414941,0.6895008933711275,0.7632367177842397,0.9999999999992459,0.4047651332078279,0.5983320889228837,0.6750625772189123,1.0,0.7632367177842397,0.6750625772189123,0.3171571249709603,0.8682929306215291,0.9107129462917829,0.9798452010664642,0.19936278347440256,0.8023897772861623,0.8202926364723093,1.0,0.9107129462917829,0.8202926364723093
gRNA_14688,controlsgRNA,0.6661782289715782,-1.6008755272635804,-1.4083260255488603,0.6232642822584853,0.050815926175352875,-0.3337886230814049,0.050815926175352875,2557.6140985088114,-0.02226979155597655,-0.25689790589559736,0.014373632396449532,-0.21607847791936266,0.7135745050613743,0.046540392417377466,-0.02226979155597655,-0.08240634097063303,-0.08240634097063303,-0.08240634097063303,0.0,0.0,0.0,0.4125332239780491,0.4125332239780491,0.4125332239780491,0.15082009499724044,0.08183789755175108,-0.5193801609612823,-0.23571912229803552,-1.6208642763830567,-0.4286611134186765,-0.23571912229803552,0,0.0,0.0,0.0,0.0,,,,,non-targeting control,,0.6877312268773124,0.31806819318068186,0.9987424218303245,0.9802757429175113,0.6877312268773124,0.3180681931806819,0.9987424218303245,0.9802757429175115,0.9802757429175113,0.9802757429175115,0.387251591830917,0.8437016523482787,0.9937087802804399,0.9999993382361851,0.25939966244478396,0.7434059893128963,0.727867709546558,1.0,0.9937087802804399,0.727867709546558,0.671977557059345,0.3880155896289391,0.9005458126857281,0.9999999999992459,0.6389008131677778,0.3638891671036589,0.8610276191795142,1.0,0.9005458126857281,0.8610276191795142,0.40923627350190495,0.6590454645620191,0.9202736770867305,0.9773139069839524,0.3627838759080507,0.6401033176860993,0.889213877247704,1.0,0.9202736770867305,0.889213877247704
gRNA_14689,controlsgRNA,-0.8903606470471952,2.3178717366079873,1.2846061906603774,-0.20999948196561366,-0.7214102478808907,0.3561415100749331,-0.20999948196561366,2511.1010694381685,-0.6623414111274458,-1.1251427923955826,0.8758894863478123,-0.18707186518057078,0.03020875892638012,-0.21369156468588132,-0.18707186518057078,0.14538625400927718,0.14538625400927718,0.14538625400927718,0.0,0.0,0.0,0.227943553314772,0.227943553314772,0.227943553314772,-3.7908684730601916,-0.26602640041841547,-0.6432202166085145,-1.1892004224066555,0.40833093671022136,-1.096196915156711,-0.6432202166085145,0,0.0,0.0,0.0,0.0,,,,,non-targeting control,,0.21307869213078695,0.7922207779222078,0.8877563856517573,0.990842851198751,0.2130786921307869,0.7922207779222079,0.8877563856517575,0.990842851198751,0.8877563856517573,0.8877563856517575,0.4383606628804672,0.4439635185689902,0.9999999930886931,0.9999993382361851,0.5195245778828048,0.4857816158617873,0.9575551043330129,1.0,0.9999993382361851,0.9575551043330129,0.7846764926312695,0.07421668460910813,0.9641776510763311,0.9999999999992459,0.9011433100176025,0.10151445401291997,0.99537829772684,0.949631688710001,0.9641776510763311,0.949631688710001,0.06149998103464154,0.8518847241940547,0.7788968766315769,0.9773139069839524,0.08080702562196368,0.9231379148797443,0.8103227152144246,1.0,0.7788968766315769,0.8103227152144246
gRNA_14690,controlsgRNA,-0.33909864839910897,1.673556809200128,0.5980786248899297,-1.4325669822769878,-0.6401155023040673,-0.02802913977802126,-0.33909864839910897,4247.025154390722,-0.24716279378957373,0.5322204396340818,-0.5768312378302131,0.6032549584811069,0.4243713096907901,0.14717053523723841,0.4243713096907901,0.04829140906237339,0.04829140906237339,0.04829140906237339,0.0,0.0,0.0,0.144595425891025,0.144595425891025,0.144595425891025,0.45424112869095684,-0.45361734650417,-0.7570645695298046,0.015532239017928095,0.4725265368974579,-0.05367640228552636,0.015532239017928095,0,0.0,0.0,0.0,0.0,,,,,non-targeting control,,0.3618638136186381,0.6425357464253573,0.9581746050747038,0.990842851198751,0.36186381361863806,0.6425357464253575,0.9581746050747035,0.990842851198751,0.9581746050747038,0.9581746050747035,0.19460366787771344,0.8694792351408649,0.7784146715108538,0.9999993382361851,0.1405452379391644,0.8613071659586178,0.5288605709314175,1.0,0.7784146715108538,0.5288605709314175,0.25013298861495437,0.8124558306917657,0.5225000206623491,0.9999999999992459,0.2002706615478686,0.8034071231350106,0.4455725961065006,1.0,0.5225000206623491,0.4455725961065006,0.22395366069510012,0.764184055842041,0.7984780383022574,0.9773139069839524,0.21888770934176582,0.7847813110860653,0.8202926364723093,1.0,0.7984780383022574,0.8202926364723093
gRNA_14691,controlsgRNA,0.40199568780625744,-3.093144144308338,0.6046122833951292,-1.2854025450224822,-1.6344916245300567,-1.001286068531898,-1.2854025450224822,2535.442084651303,-0.204831392163755,0.25007811112677797,-0.5424127364128278,0.7431235425697781,-0.5922256931841898,-0.06925363361284333,-0.204831392163755,0.25668094455039475,0.25668094455039475,0.25668094455039475,0.0,0.0,0.0,0.1483787526845811,0.1483787526845811,0.1483787526845811,-1.135765463411948,-0.05506840162161012,-0.5166732717781597,-0.37693219897367225,-0.6789766377288527,-0.5526831947028487,-0.5166732717781597,0,0.0,0.0,0.0,0.0,,,,,non-targeting control,,0.09099090090990902,0.9138086191380862,0.7385842060955193,0.990842851198751,0.09099090090990902,0.9138086191380863,0.7385842060955193,0.990842851198751,0.7385842060955193,0.7385842060955193,0.4362486223014104,0.6566215985213488,0.9999999930886931,0.9999993382361851,0.3918435408727349,0.6114332537067024,0.8782050990961231,1.0,0.9999993382361851,0.8782050990961231,0.898438145526763,0.3233226715820491,0.9999999999053213,0.9999999999992459,0.8130605120022308,0.18917844456871058,0.9702579573410154,1.0,0.9999999999053213,0.9702579573410154,0.6634308560691857,0.3315655601426364,0.9999999998916369,0.9773139069839524,0.6893423238561285,0.31428441625107806,0.966809041906353,1.0,0.9773139069839524,0.966809041906353
gRNA_14692,controlsgRNA,0.4208191236616953,-3.6695440279729543,-0.15008275797303816,0.7780348941066221,0.19813240448721897,-0.4845280727380913,0.19813240448721897,4342.822714264196,-0.2503048115713861,-0.534478136126799,-0.2347442106190971,-0.24290630942762712,-0.5689200826647648,-0.36627071008193485,-0.2503048115713861,-0.02498576723592646,-0.02498576723592646,-0.02498576723592646,0.0,0.0,0.0,-0.11192362252337497,-0.11192362252337497,-0.11192362252337497,0.26702462997406323,0.06395487089403565,-0.45209324967498604,-0.8914755846717768,-0.34567823372622575,-0.271653513440978,-0.34567823372622575,0,0.0,0.0,0.0,0.0,,,,,non-targeting control,,0.5463453654634537,0.4588541145885413,0.9866008832906662,0.990842851198751,0.5463453654634537,0.45885411458854114,0.9866008832906662,0.990842851198751,0.9866008832906662,0.9866008832906662,0.9147272809758688,0.41450542886432745,0.9999999930886931,0.9999993382361851,0.7849725223630384,0.21678849288766167,1.0,0.7343466065383853,0.9999993382361851,0.7343466065383853,0.5984117344119757,0.6407381913780399,0.855844548222351,0.9999999999992459,0.4788695302455923,0.5246539609416776,0.7557279755781265,1.0,0.855844548222351,0.7557279755781265,0.32698470146114544,0.6574372927094589,0.9107129462917829,0.9773139069839524,0.2971402551048189,0.7057990284120386,0.8867042533286659,1.0,0.9107129462917829,0.8867042533286659
gRNA_14693,controlsgRNA,1.3320029981409685,-3.8883050320298036,-0.7221491268866758,0.6511598764904717,0.4354932170724444,-0.438359613442519,0.4354932170724444,2045.7297785811115,0.5113854799865761,-0.11739240114859378,-0.3895320199623076,0.4681198096592655,-0.40813484636581526,0.012889204433824996,-0.11739240114859378,0.3146540302617056,0.3146540302617056,0.3146540302617056,0.0,0.0,0.0,-0.1536549335243724,-0.1536549335243724,-0.1536549335243724,0.5167957981227433,0.17489190853774406,-0.28374506096394786,-0.4112648712888001,0.3450562600876569,0.06834680689907927,0.17489190853774406,0,0.0,0.0,0.0,0.0,,,,,non-targeting control,,0.052594740525947405,0.9519048095190481,0.6886947668869478,0.990842851198751,0.052594740525947405,0.9519048095190481,0.6886947668869482,0.990842851198751,0.6886947668869478,0.6886947668869482,0.38199870360114113,0.7931759746034945,0.9937087802804399,0.9999993382361851,0.2824135995209287,0.7205069256453545,0.7643106638538364,1.0,0.9937087802804399,0.7643106638538364,0.187358618679225,0.9308134739413357,0.4442794028471773,0.9999999999992459,0.1089016627968809,0.8926017757103926,0.3199296671824845,1.0,0.4442794028471773,0.3199296671824845,0.2043654950758425,0.5736867612429615,0.7936482458379993,0.9773139069839524,0.26275675387398745,0.7414732017885751,0.8522797182251488,1.0,0.7936482458379993,0.8522797182251488
gRNA_14694,controlsgRNA,0.39050612409292307,0.9719220256306269,0.7121203581705744,0.30729439569505973,0.8864657656511674,0.6536617338480702,0.7121203581705744,6377.225485765928,-0.04071152323094485,-0.4042269095754844,0.8141032708699255,-0.465565998021337,-0.307117361115386,-0.08070370421464536,-0.307117361115386,0.3020807255352386,0.3020807255352386,0.3020807255352386,0.0,0.0,0.0,-0.28526113190425156,-0.28526113190425156,-0.28526113190425156,0.9459395438964256,0.29666531397963614,0.10823482860755936,-0.07399675720584752,-0.11821193570489578,0.23172619871457556,0.10823482860755936,0,0.0,0.0,0.0,0.0,,,,,non-targeting control,,0.06609339066093392,0.9382061793820617,0.6886947668869478,0.990842851198751,0.06609339066093393,0.9382061793820617,0.6886947668869482,0.990842851198751,0.6886947668869478,0.6886947668869482,0.46262956713194425,0.6606259224786095,0.9999999930886931,0.9999993382361851,0.4134103790957814,0.5897709460621574,0.8782050990961231,1.0,0.9999993382361851,0.8782050990961231,0.06939625813844083,0.9795137683497372,0.24332382969411004,0.9999999999992459,0.035642594410305664,0.9659469365792086,0.16432241905587908,1.0,0.24332382969411004,0.16432241905587908,0.04965000899435043,0.9969363629436139,0.7788968766315769,0.9997489077454798,0.014516544030517844,0.9858992113226719,0.505174125530951,1.0,0.7788968766315769,0.505174125530951
gRNA_14695,controlsgRNA,-1.0118713986909178,-2.0050009294685722,-0.5951182994213833,-1.0466201077447752,-1.1100408681976999,-1.1537303207046699,-1.0466201077447752,4181.834613646633,0.20331857520219182,0.27393813778487336,0.3868296917060049,0.46230904396745204,0.10091312012853706,0.2854617137578118,0.27393813778487336,-0.013633936929370651,-0.013633936929370651,-0.013633936929370651,0.0,0.0,0.0,0.025762324794169185,0.025762324794169185,0.025762324794169185,-0.38014457130425333,-0.43740666397007694,-0.12372646899328352,-0.6241909296852911,-1.440353207563459,-0.6011643683032728,-0.43740666397007694,0,0.0,0.0,0.0,0.0,,,,,non-targeting control,,0.5179482051794821,0.48865113488651135,0.9866008832906662,0.990842851198751,0.517948205179482,0.48865113488651135,0.9866008832906662,0.990842851198751,0.9866008832906662,0.9866008832906662,0.16125936916822975,0.9834752996325988,0.6969370437615447,0.9999993382361851,0.06115493092980435,0.9396585566019857,0.3618886233932638,1.0,0.6969370437615447,0.3618886233932638,0.9046756233603793,0.27702504471123307,0.9999999999053213,0.9999999999992459,0.8341759371850568,0.16799208868297455,0.9716628776527464,1.0,0.9999999999053213,0.9716628776527464,0.9698065224202093,0.23050896454439745,0.9999999998916369,0.9773139069839524,0.9036337077953834,0.09782043492123665,0.9945141890905704,0.9220452779452667,0.9773139069839524,0.9220452779452667
gRNA_14696,controlsgRNA,0.7393749639369047,2.577728298318415,0.32081813551635474,0.482652188923983,1.2279659895499282,1.0697079152491171,0.7393749639369047,2799.0962494351556,0.15892165116487655,-0.03652448212602299,-0.2606989711705321,0.6134687057874556,-0.4130213741269524,0.012429105905764936,-0.03652448212602299,0.1075980658477604,0.1075980658477604,0.1075980658477604,0.0,0.0,0.0,0.1690024980158983,0.1690024980158983,0.1690024980158983,-0.8289196430135617,0.21208684989859924,0.030292848988487043,0.1353894887284659,-0.04625793876381084,-0.09948167883236406,0.030292848988487043,0,0.0,0.0,0.0,0.0,,,,,non-targeting control,,0.27987201279872026,0.7249275072492751,0.8877563856517573,0.990842851198751,0.2798720127987201,0.7249275072492751,0.8877563856517575,0.990842851198751,0.8877563856517573,0.8877563856517575,0.4224434275548638,0.8071016084152598,0.9960805343798123,0.9999993382361851,0.29654943268371936,0.707294729115239,0.7743235186741562,1.0,0.9960805343798123,0.7743235186741562,0.40066046520910065,0.8290330389525263,0.6735223371295609,0.9999999999992459,0.26155689181411274,0.7412154925162344,0.5203459858312508,1.0,0.6735223371295609,0.5203459858312508,0.004389051028091057,0.998898998074524,0.30128486207678096,0.9997489077454798,0.0016493129926031167,0.9985489485192846,0.15503542130469297,1.0,0.30128486207678096,0.15503542130469297
gRNA_14697,controlsgRNA,-3.1168985129161495,-2.5184222425795317,0.9063000512952193,-0.8708022151959094,1.9603460414128684,-0.7278953755967006,-0.8708022151959094,944.1180900738062,0.4440389731187157,1.4315371210484926,1.1746014457939284,1.7228772690906278,-0.5880143664480054,0.8370080885207518,1.1746014457939284,0.34991778215969416,0.34991778215969416,0.34991778215969416,0.0,0.0,0.0,0.17520326760744007,0.17520326760744007,0.17520326760744007,-1.5893980524002522,0.2550032318735505,-0.0013817132109919359,-1.0814602797856736,-0.438250320493531,-0.5710974268033796,-0.438250320493531,0,0.0,0.0,0.0,0.0,,,,,non-targeting control,,0.043995600439956,0.9613038696130387,0.6886947668869478,0.990842851198751,0.043995600439956005,0.9613038696130387,0.6886947668869482,0.990842851198751,0.6886947668869478,0.6886947668869482,0.0002866019558920434,0.9777478985110103,0.015394619345058333,0.9999993382361851,0.0004208270567095322,0.9996936955969618,0.015736086796250475,1.0,0.015394619345058333,0.015736086796250475,0.7433939013090379,0.24306397849884118,0.9411316730377046,0.9999999999992459,0.7700018396414287,0.23300140138254033,0.9309347000166468,1.0,0.9411316730377046,0.9309347000166468,0.19714566380737553,0.37408538367802097,0.7936482458379993,0.9773139069839524,0.4076316319854724,0.5994136564595343,0.9050819794609262,1.0,0.7936482458379993,0.9050819794609262
gRNA_14698,controlsgRNA,0.1746788074858934,-3.7743134895958534,0.040961511058547555,0.2880661421772089,-0.48851177103163457,-0.7518237599811676,0.040961511058547555,3252.8995330622083,0.06873606768685264,0.4934649332432482,0.2459387956922157,0.05321022465169753,0.17195973257190356,0.20666195076918353,0.17195973257190356,0.021644932536734506,0.021644932536734506,0.021644932536734506,0.0,0.0,0.0,0.40685364860421436,0.40685364860421436,0.40685364860421436,-0.3203660221080373,0.25559041284200873,-0.6466362275476608,-1.709497858460935,0.007273201392101036,-0.4827272987765047,-0.3203660221080373,0,0.0,0.0,0.0,0.0,,,,,non-targeting control,,0.4501549845015501,0.5546445355464451,0.9848580359355373,0.990842851198751,0.45015498450154984,0.5546445355464453,0.9848580359355369,0.990842851198751,0.9848580359355373,0.9848580359355369,0.2421097745296525,0.9646070394756711,0.8508238606739431,0.9999993382361851,0.10706211003620608,0.8943391577657477,0.44728170415126095,1.0,0.8508238606739431,0.44728170415126095,0.6811677942412813,0.33032940646221165,0.9005458126857281,0.9999999999992459,0.6807762110553512,0.3232241893307515,0.8857157624803186,1.0,0.9005458126857281,0.8857157624803186,0.5890903169549702,0.5254565167479175,0.9747221474624128,0.9773139069839524,0.5165976131442614,0.48674331492380035,0.9347526025086272,1.0,0.9747221474624128,0.9347526025086272
gRNA_14699,controlsgRNA,1.7036716126676033,-0.8708998978920245,-2.464308110816803,-0.17670890505727163,-0.023538442709445998,-0.3663567487615883,-0.17670890505727163,2890.917306823317,-0.450213682371783,-0.20098687050630804,-0.4842234334047161,0.0644841617469161,-0.46672968911273804,-0.3075339027297258,-0.450213682371783,0.19923306009255148,0.19923306009255148,0.19923306009255148,0.0,0.0,0.0,0.4301150903099895,0.4301150903099895,0.4301150903099895,0.5934810920287716,-0.03553907704203681,-0.14752314305941572,-0.8219494387511892,-1.4857863533010647,-0.37946338402498697,-0.14752314305941572,0,0.0,0.0,0.0,0.0,,,,,non-targeting control,,0.137986201379862,0.867113288671133,0.7981971033665863,0.990842851198751,0.137986201379862,0.8671132886711328,0.7981971033665863,0.990842851198751,0.7981971033665863,0.7981971033665863,0.8670009350201306,0.46863462672400313,0.9999999930886931,0.9999993382361851,0.7269069853216608,0.2749087817643512,1.0,0.8344273335091283,0.9999993382361851,0.8344273335091283,0.4733346628225683,0.39767476130850016,0.7573354605161093,0.9999999999992459,0.5464971159515717,0.45722607805029325,0.7903189061453497,1.0,0.7573354605161093,0.7903189061453497,0.3211037053267871,0.6125557138025477,0.9107129462917829,0.9773139069839524,0.3566917351081371,0.6483212465829767,0.889213877247704,1.0,0.9107129462917829,0.889213877247704
gRNA_14700,controlsgRNA,-0.9164060377767316,-2.4075083776372646,0.13722717645586774,-0.7482852500914253,-0.1698435161578449,-0.8209632010414797,-0.7482852500914253,2064.6482904051813,0.37566361622129385,-0.26089178318754364,0.20473415576588413,-0.13622863945186184,0.3501075194915389,0.10667697376786227,0.20473415576588413,0.20548778922158212,0.20548778922158212,0.20548778922158212,0.0,0.0,0.0,0.5391453298370831,0.5391453298370831,0.5391453298370831,-0.04185441003185075,-0.2173133079737914,0.1826037391286905,-0.138041192600559,-1.8699846369358404,-0.41691796168267026,-0.138041192600559,0,0.0,0.0,0.0,0.0,,,,,non-targeting control,,0.12178782121787818,0.8827117288271172,0.7385842060955193,0.990842851198751,0.12178782121787818,0.8827117288271171,0.7385842060955193,0.990842851198751,0.7385842060955193,0.7385842060955193,0.3389931849239037,0.9080238867225312,0.9804725963952906,0.9999993382361851,0.18858978416875055,0.8134065701662005,0.6313217162240707,1.0,0.9804725963952906,0.6313217162240707,0.6119584726299049,0.4001092123852919,0.8610082947071777,0.9999999999992459,0.5885408833882911,0.41668909151469047,0.8302694784978534,1.0,0.8610082947071777,0.8302694784978534,0.8187170724557736,0.43834937550065806,0.9999999998916369,0.9773139069839524,0.7084009963234643,0.2934599875308652,0.966809041906353,1.0,0.9773139069839524,0.966809041906353
gRNA_14701,controlsgRNA,0.08901716155611084,0.40617417995078964,1.4136724650131889,0.3558475266867903,-0.10448585775721982,0.43204509508993194,0.3558475266867903,1923.1812019882511,0.5596062717900544,1.7628029491770627,2.297543392672384,1.266441673861917,1.853607169851945,1.5480002914706728,1.7628029491770627,0.35085171476432464,0.35085171476432464,0.35085171476432464,0.0,0.0,0.0,1.5962940308966818,1.5962940308966818,1.5962940308966818,1.8246163255329937,1.4066274760032649,1.3143517315889348,-0.2914787549907131,1.357909675303496,1.1224052906875952,1.357909675303496,0,0.0,0.0,0.0,0.0,,,,,non-targeting control,,0.038796120387961194,0.9665033496650335,0.6886947668869478,0.990842851198751,0.038796120387961215,0.9665033496650335,0.6886947668869482,0.990842851198751,0.6886947668869478,0.6886947668869482,1.0243042464490349e-06,0.9999993382361851,0.00038513839666483714,0.9999993382361851,1.474505833255352e-07,0.9999999251661376,5.544141933040124e-05,1.0,0.00038513839666483714,5.544141933040124e-05,2.644605141552497e-06,0.9988940670720812,0.0004971857666118695,0.9999999999992459,1.90721424733471e-06,1.0,0.0003580868798026453,1.0,0.0004971857666118695,0.0003580868798026453,0.111741632795321,0.980573368016678,0.7788968766315769,0.9997489077454798,0.048720140063558924,0.9519963427311612,0.8053393290168859,1.0,0.7788968766315769,0.8053393290168859
gRNA_14702,controlsgRNA,-0.5355269458877063,-4.3371482425063075,0.4022478159259413,-0.33634701879631074,-1.3138946357552252,-1.224133805403922,-0.5355269458877063,3664.648290405182,-1.3016797100764073,-2.02545915998227,0.38239584436298885,-1.1315097148340025,-0.7946281358305195,-0.9741761752720421,-1.1315097148340025,-0.23961685831371815,-0.23961685831371815,-0.23961685831371815,0.0,0.0,0.0,-0.8322625460271416,-0.8322625460271416,-0.8322625460271416,0.6687667786093456,0.1080004919348313,-0.0596783784936136,-0.7663260023304485,-0.388703479511984,-0.08758811795837382,-0.0596783784936136,0,0.0,0.0,0.0,0.0,,,,,non-targeting control,,0.9186081391860814,0.08689131086891312,0.9988569143085692,0.8791736210994285,0.9186081391860814,0.08689131086891311,0.9988569143085692,0.8791736210994286,0.8791736210994285,0.8791736210994286,0.9414419993737122,0.029548968216036378,0.9999999930886931,0.40110941275957085,0.9782464989018091,0.022543999603951273,1.0,0.20927859846216337,0.40110941275957085,0.20927859846216337,0.29997396560990536,0.7856576301247302,0.5696475306531537,0.9999999999992459,0.24637815173006267,0.7565303522630465,0.5007469462189382,1.0,0.5696475306531537,0.5007469462189382,0.8047160243047974,0.2210414066705276,0.9999999998916369,0.9773139069839524,0.8060739660875402,0.1976139441624375,0.9736728225465442,1.0,0.9773139069839524,0.9736728225465442
gRNA_14703,controlsgRNA,0.26232082683813446,-2.258327130259462,-1.3933295540107755,-0.6025421682911085,0.4052973948562734,-0.7173161261733877,-0.6025421682911085,2093.206808254255,-0.26365569801911726,-0.38762580187126966,-0.5798582438924121,-0.04545557238627506,0.23623047093929522,-0.2080729690459558,-0.26365569801911726,-0.15669373435441236,-0.15669373435441236,-0.15669373435441236,0.0,0.0,0.0,-0.44685253426814303,-0.44685253426814303,-0.44685253426814303,-0.3780919352195776,-0.455295427498348,-0.13356356384613802,-0.9078631246367233,-1.3602409165663594,-0.6470109935534293,-0.455295427498348,0,0.0,0.0,0.0,0.0,,,,,non-targeting control,,0.823017698230177,0.18158184181581838,0.9987424218303245,0.8791736210994285,0.823017698230177,0.18158184181581838,0.9987424218303245,0.8791736210994286,0.8791736210994285,0.8791736210994286,0.7546893974111119,0.5904413734127809,0.9999999930886931,0.9999993382361851,0.5949707124004955,0.40793902238216395,0.994516909040091,0.985000306407196,0.9999993382361851,0.985000306407196,0.9255391428231146,0.23300377164539496,0.9999999999053213,0.9999999999992459,0.8685855710045234,0.13320827914779365,0.9843708795233328,1.0,0.9999999999053213,0.9843708795233328,0.6906947072763836,0.4757787582033808,0.9999999998916369,0.9773139069839524,0.6185011773483955,0.38459580376160646,0.9415240594453308,1.0,0.9773139069839524,0.9415240594453308
gRNA_14704,controlsgRNA,-0.8263517165913337,-3.141446154648938,0.6661371003096315,0.9766982481559884,-0.002085900941530826,-0.4654096847432365,-0.002085900941530826,2745.112215695135,0.8650796221117423,1.1449129227962145,-0.23321993231283034,0.8054840351086197,1.2317459570000144,0.762800520940752,0.8650796221117423,-0.034279247074711625,-0.034279247074711625,-0.034279247074711625,0.0,0.0,0.0,0.46811509300899046,0.46811509300899046,0.46811509300899046,-0.32676811910100995,0.7256015647655542,0.3257773383867081,-0.7327829502476682,0.43917230860279943,0.08620002848127672,0.3257773383867081,0,0.0,0.0,0.0,0.0,,,,,non-targeting control,,0.5653434656534347,0.4395560443955604,0.9866008832906662,0.990842851198751,0.5653434656534346,0.43955604439556045,0.9866008832906662,0.990842851198751,0.9866008832906662,0.9866008832906662,0.001437031041837179,0.9967023764145869,0.042936585026972035,0.9999993382361851,0.0006579378396046767,0.9994065301516343,0.019029586745489113,1.0,0.042936585026972035,0.019029586745489113,0.11163189340243618,0.8883278063075453,0.32647088316826395,0.9999999999992459,0.08955965509759595,0.9124021961796527,0.2853765281075939,1.0,0.32647088316826395,0.2853765281075939,0.3220929569514461,0.6270336468402051,0.9107129462917829,0.9773139069839524,0.3249954366453039,0.6783672904053701,0.889213877247704,1.0,0.9107129462917829,0.889213877247704
gRNA_14705,controlsgRNA,1.7646000148841363,-4.192910876167527,0.7635210997188502,-0.4132692602691241,-4.317504047625315,-1.279112613891796,-0.4132692602691241,2058.2617864136164,-0.7509738092255615,-1.7526074583029392,-1.7817403356751287,-0.9468696947815017,-0.5978418617832401,-1.1660066319536742,-0.9468696947815017,-0.100123472584227,-0.100123472584227,-0.100123472584227,0.0,0.0,0.0,1.0650403357742964,1.0650403357742964,1.0650403357742964,0.6413915475560473,-0.38838372090650786,-0.25505976559770605,-2.3526889277130345,1.1414739848827642,-0.24265337635568737,-0.25505976559770605,0,0.0,0.0,0.0,0.0,,,,,non-targeting control,,0.7390260973902609,0.2673732626737326,0.9987424218303245,0.9388898947943043,0.7390260973902609,0.2673732626737326,0.9987424218303245,0.9388898947943042,0.9388898947943043,0.9388898947943042,0.9988254643173006,0.015272749734217833,0.9999999930886931,0.3190307722258836,0.9959460696326028,0.004228031542334734,1.0,0.09935874124486624,0.3190307722258836,0.09935874124486624,0.08372588361157841,0.3640777931462563,0.2761485284031007,0.9999999999992459,0.2545718499337663,0.7551263949063721,0.5093838267586239,1.0,0.2761485284031007,0.5093838267586239,0.2533425819267053,0.14331317174183814,0.8595710921679729,0.9773139069839524,0.6029329810864547,0.40667398725510867,0.9415240594453308,1.0,0.8595710921679729,0.9415240594453308
gRNA_14706,controlsgRNA,-0.36464319582017524,-5.595530533444277,-0.11895341110941068,-0.5387688801134373,-1.3441300737582733,-1.5924052188491147,-0.5387688801134373,1529.3869558668475,0.773647980247597,0.8502949386824509,-0.32180146201438237,1.0848300949338876,0.18522543506483935,0.5144393973828785,0.773647980247597,0.4299361546297383,0.4299361546297383,0.4299361546297383,0.0,0.0,0.0,1.0561918806231276,1.0561918806231276,1.0561918806231276,-0.05884997161331218,-1.539981527811591,-1.9774512752307158,-0.572820910844609,0.1083179271040301,-0.8081571516792394,-0.572820910844609,0,0.0,0.0,0.0,0.0,,,,,non-targeting control,,0.0244975502449755,0.9803019698030196,0.6886947668869478,0.990842851198751,0.02449755024497549,0.9803019698030196,0.6886947668869482,0.990842851198751,0.6886947668869478,0.6886947668869482,0.016931919820448563,0.9822987594675687,0.20294759053021932,0.9999993382361851,0.01000490793814171,0.9904242551248428,0.12134985112068657,1.0,0.20294759053021932,0.12134985112068657,0.8515626007492936,0.09741790644534033,0.9970586976965533,0.9999999999992459,0.9021240152343122,0.10010510787961385,0.99537829772684,0.949631688710001,0.9970586976965533,0.949631688710001,0.8953053911928681,0.11140676744072026,0.9999999998916369,0.9773139069839524,0.9007992440943788,0.10239735955234336,0.9945141890905704,0.939058711992222,0.9773139069839524,0.939058711992222
gRNA_14707,controlsgRNA,-1.766529074311262,-4.082059989970022,1.1865141579419314,0.4096301698351421,-0.2748946250790758,-0.9054678723166572,-0.2748946250790758,4418.617261635788,-0.28080484160913943,0.24175458897158658,0.24983809178219407,-0.10867391312756386,0.21201048960446098,0.06282488312430767,0.21201048960446098,-0.07378475520556348,-0.07378475520556348,-0.07378475520556348,0.0,0.0,0.0,-0.15449955053818648,-0.15449955053818648,-0.15449955053818648,0.3399555583742375,0.31989938125647943,0.005432545902599189,-0.9672512859363064,-1.005852815734991,-0.2615633232275963,0.005432545902599189,0,0.0,0.0,0.0,0.0,,,,,non-targeting control,,0.6581341865813417,0.3469653034696531,0.9987424218303245,0.9808943917638312,0.6581341865813418,0.34696530346965304,0.9987424218303245,0.9808943917638311,0.9808943917638312,0.9808943917638311,0.4226747479284702,0.8891187455696847,0.9960805343798123,0.9999993382361851,0.23879720766824225,0.7633861235803079,0.6973966465745306,1.0,0.9960805343798123,0.6973966465745306,0.4272624794011558,0.5675128596100667,0.7015314072263519,0.9999999999992459,0.41848996799493554,0.5849891186550267,0.6871276330397195,1.0,0.7015314072263519,0.6871276330397195,0.41004539641383514,0.3419920996526601,0.9202736770867305,0.9773139069839524,0.5387212738209549,0.4676513172935952,0.9347526025086272,1.0,0.9202736770867305,0.9347526025086272
gRNA_14708,controlsgRNA,-0.8453402537778967,-3.866268186788128,-0.22387743115701564,0.6266288550938458,0.8469697106944885,-0.6923774611869412,-0.22387743115701564,2776.5627353517093,0.1600851745873963,-0.1014969652945778,-0.12694018206334826,-0.13857065037214542,0.5441919445479435,0.06745386428105367,-0.1014969652945778,-0.008322933856804753,-0.008322933856804753,-0.008322933856804753,0.0,0.0,0.0,-0.5071020152497163,-0.5071020152497163,-0.5071020152497163,-0.8833253084250831,-0.2909545533767369,-0.1398083955016398,-0.6620562373934584,-0.876992800010067,-0.5706274589413971,-0.6620562373934584,0,0.0,0.0,0.0,0.0,,,,,non-targeting control,,0.5006499350064992,0.5051494850514948,0.9855726469237891,0.990842851198751,0.5006499350064993,0.5051494850514948,0.9855726469237893,0.990842851198751,0.9855726469237891,0.9855726469237893,0.3875592305488481,0.8848053574700236,0.9937087802804399,0.9999993382361851,0.22958529623255292,0.7729981662552081,0.6875501228626765,1.0,0.9937087802804399,0.6875501228626765,0.9188795413499736,0.3162286850859794,0.9999999999053213,0.9999999999992459,0.8306711230890926,0.17117045837971512,0.9716628776527464,1.0,0.9999999999053213,0.9716628776527464,0.40018439560393715,0.492554619480001,0.9202736770867305,0.9773139069839524,0.4364535800050236,0.56916742187569,0.9108576036662016,1.0,0.9202736770867305,0.9108576036662016
gRNA_14709,controlsgRNA,-0.9087164000588627,-3.759094046864145,-0.005623147588352033,-0.687358786598927,0.17612840092188012,-1.0369327960376815,-0.687358786598927,3401.114625696641,0.062324253011150146,-0.09494382847956828,-0.15336502331828408,-0.16954790571599052,0.07041874979171488,-0.05702275094219557,-0.09494382847956828,-0.17659017327006524,-0.17659017327006524,-0.17659017327006524,0.0,0.0,0.0,-0.38120553665939594,-0.38120553665939594,-0.38120553665939594,-0.5328379115444423,-0.19240373249791295,0.6404519991657548,-0.6416273656946888,-0.9357383774273578,-0.3324310775997294,-0.5328379115444423,0,0.0,0.0,0.0,0.0,,,,,non-targeting control,,0.8466153384661533,0.1583841615838416,0.9987424218303245,0.8791736210994285,0.8466153384661532,0.15838416158384166,0.9987424218303245,0.8791736210994286,0.8791736210994285,0.8791736210994286,0.621245240562819,0.8115143745190894,0.9999999930886931,0.9999993382361851,0.38949761847554687,0.6129092996999719,0.8782050990961231,1.0,0.9999993382361851,0.8782050990961231,0.543581356617649,0.5022415597746523,0.8015160395617098,0.9999999999992459,0.5459634342766071,0.45842104809958284,0.7903189061453497,1.0,0.8015160395617098,0.7903189061453497,0.7959346614399391,0.35074314142986246,0.9999999998916369,0.9773139069839524,0.7342606099653681,0.26881092047364596,0.966809041906353,1.0,0.9773139069839524,0.966809041906353
gRNA_14710,controlsgRNA,-2.1474407057424987,-6.006408891532,-3.4060813916393085,0.08715608737645766,-12.098344610508867,-4.714223902409243,-3.4060813916393085,1062.5696641060401,-0.01859899532083846,-0.12390972323309585,-1.9697835570114774,0.4754030418887112,-0.3464789278637883,-0.3966736323080978,-0.12390972323309585,0.24758597614973277,0.24758597614973277,0.24758597614973277,0.0,0.0,0.0,-0.19539960218270055,-0.19539960218270055,-0.19539960218270055,-0.7331383042823019,-0.4054103183716999,-0.3726963044570957,-0.7761869516835386,-2.3846070085598328,-0.9344077774708938,-0.7331383042823019,0,0.0,0.0,0.0,0.0,,,,,non-targeting control,,0.10318968103189682,0.9006099390060994,0.7385842060955193,0.990842851198751,0.10318968103189685,0.9006099390060995,0.7385842060955193,0.990842851198751,0.7385842060955193,0.7385842060955193,0.6437840116371711,0.336483693262127,0.9999999930886931,0.9999993382361851,0.6558130140781862,0.34910915372387274,1.0,0.9511959550737402,0.9999993382361851,0.9511959550737402,0.9727998229649251,0.07637095389060662,0.9999999999053213,0.9999999999992459,0.9583177998899368,0.042757265148120026,1.0,0.7307605316224149,0.9999999999053213,0.7307605316224149,0.9874009919100225,0.0003844892764721226,0.9999999998916369,0.048189322651172706,1.0,0.000565558318445243,1.0,0.07088330924513712,0.048189322651172706,0.07088330924513712
gRNA_14711,controlsgRNA,-0.3029022675954596,-3.321842439734107,0.1165914134432971,0.04365722961238182,-0.46619554149278863,-0.7861383211533354,-0.3029022675954596,4596.234372646482,0.16703410956631576,0.04328734379679007,0.28746083268375194,0.27662429089612584,0.20264759416902517,0.19541083422240174,0.20264759416902517,-0.22980131840586285,-0.22980131840586285,-0.22980131840586285,0.0,0.0,0.0,-0.36055093750159517,-0.36055093750159517,-0.36055093750159517,0.7353382010952126,-0.2636895518407653,0.4490570559695467,0.00519417481168549,-0.3578646125589739,0.1136070534953411,0.00519417481168549,0,0.0,0.0,0.0,0.0,,,,,non-targeting control,,0.9034096590340965,0.10168983101689834,0.9988569143085692,0.8791736210994285,0.9034096590340965,0.10168983101689827,0.9988569143085692,0.8791736210994286,0.8791736210994285,0.8791736210994286,0.27400279962842433,0.9641522926377052,0.9198665416097103,0.9999993382361851,0.11853645918369365,0.8828530795529215,0.46426779846946686,1.0,0.9198665416097103,0.46426779846946686,0.1281448268409764,0.939077524852955,0.35690707327560833,0.9999999999992459,0.08067161914863968,0.9208763587391698,0.2660748140341098,1.0,0.35690707327560833,0.2660748140341098,0.6976636799975491,0.5239301959428254,0.9999999998916369,0.9773139069839524,0.5851711102648931,0.4180596428884569,0.9394385359508244,1.0,0.9773139069839524,0.9394385359508244
gRNA_14712,controlsgRNA,1.1278623409049355,-0.7260253341451496,-2.51449069650743,-1.0864682162089923,-1.1246662071002873,-0.8647576226113847,-1.0864682162089923,1873.6556710347945,-0.1777533571619288,-0.7597113364780594,0.22964316466070142,-0.6078881359103457,-0.7275098986915868,-0.40864391271624384,-0.6078881359103457,-0.14586837985030812,-0.14586837985030812,-0.14586837985030812,0.0,0.0,0.0,-0.6161368484719936,-0.6161368484719936,-0.6161368484719936,0.7597803658402627,-0.40033796224867585,-0.34985653025546354,-1.206660485594638,-1.0410854742446833,-0.4476320173006396,-0.40033796224867585,0,0.0,0.0,0.0,0.0,,,,,non-targeting control,,0.7982201779822018,0.206979302069793,0.9987424218303245,0.8791736210994285,0.7982201779822018,0.20697930206979298,0.9987424218303245,0.8791736210994286,0.8791736210994285,0.8791736210994286,0.871516387255106,0.33398517930757476,0.9999999930886931,0.9999993382361851,0.7945977294911832,0.20718045245371675,1.0,0.7212949085425694,0.9999993382361851,0.7212949085425694,0.5219605706611045,0.3071956481192376,0.7913595748732875,0.9999999999992459,0.6583422931776101,0.3469304012522861,0.8751096638087951,1.0,0.7913595748732875,0.8751096638087951,0.6813514604868205,0.3301988249251128,0.9999999998916369,0.9773139069839524,0.7160991866043983,0.28766340711396104,0.966809041906353,1.0,0.9773139069839524,0.966809041906353
gRNA_14713,controlsgRNA,-0.614836410436312,-4.699837353055716,-0.5917886063652729,-0.06651788527969033,-0.3197866493286371,-1.2585533808931255,-0.5917886063652729,3635.487272179545,0.22057586367990803,0.37405087620564026,0.4380599742228048,0.049681198865022674,-0.4890911150594615,0.11865535958278288,0.22057586367990803,0.07429312629559169,0.07429312629559169,0.07429312629559169,0.0,0.0,0.0,-0.33270232167580555,-0.33270232167580555,-0.33270232167580555,-0.49774146408510717,-0.8019650229985889,-0.4578451038654435,-1.4347291180338388,-1.5945844676487957,-0.9573730353263548,-0.8019650229985889,0,0.0,0.0,0.0,0.0,,,,,non-targeting control,,0.2994700529947004,0.7073292670732926,0.8977869130380195,0.990842851198751,0.29947005299470053,0.7073292670732927,0.8977869130380195,0.990842851198751,0.8977869130380195,0.8977869130380195,0.2941220215462924,0.8967118634671417,0.9645843455104646,0.9999993382361851,0.17360065463966606,0.8286083591285233,0.5942415141613465,1.0,0.9645843455104646,0.5942415141613465,0.9887059295181441,0.06022353875883101,0.9999999999053213,0.9999999999992459,0.97595143329272,0.024782626032025627,1.0,0.632453200306669,0.9999999999053213,0.632453200306669,0.8511446284497057,0.21055526291317483,0.9999999998916369,0.9773139069839524,0.825135306300887,0.17832410539992433,0.9776886959503303,1.0,0.9773139069839524,0.9776886959503303
gRNA_14714,controlsgRNA,-1.2464929876911026,-4.1857126425743045,-2.573885969121725,0.5034858024066834,-0.044959777284721905,-1.5095131148530343,-1.2464929876911026,2720.1687001054374,0.47611214815642794,0.25339542999669235,-0.10496706411307853,0.16870896995611293,-1.2326346035253903,-0.08787702390584713,0.16870896995611293,-0.03574150582284858,-0.03574150582284858,-0.03574150582284858,0.0,0.0,0.0,0.1368833221954207,0.1368833221954207,0.1368833221954207,-0.26917630389748765,-0.3364280771334511,-0.07010072527498108,-0.6751492991311353,-0.6180590682256512,-0.39378269473254124,-0.3364280771334511,0,0.0,0.0,0.0,0.0,,,,,non-targeting control,,0.5694430556944304,0.4347565243475652,0.9866008832906662,0.990842851198751,0.5694430556944305,0.43475652434756523,0.9866008832906662,0.990842851198751,0.9866008832906662,0.9866008832906662,0.4096405876156069,0.6430149318928942,0.9937087802804399,0.9999993382361851,0.3566322590161967,0.6467258176592086,0.8332088104307992,1.0,0.9937087802804399,0.8332088104307992,0.822950243197714,0.5479834149637819,0.9885919854387875,0.9999999999992459,0.6579495594050413,0.34394337557763577,0.8751096638087951,1.0,0.9885919854387875,0.8751096638087951,0.8072566730130024,0.15340071068217417,0.9999999998916369,0.9773139069839524,0.8546122621767418,0.1476719256937677,0.9865351556627076,1.0,0.9773139069839524,0.9865351556627076
gRNA_14715,controlsgRNA,-1.6402213759226925,-3.572944474826804,-2.8673954932236496,-0.27079708389782964,-0.18615037797254672,-1.7075017611687044,-1.6402213759226925,3238.31902394939,-0.1790559246308892,-0.3690123020565027,0.5977563938266885,0.10605123729066053,-0.15580047899454483,-1.2214912917546394e-05,-0.15580047899454483,0.07151899944828673,0.07151899944828673,0.07151899944828673,0.0,0.0,0.0,0.2837888738195137,0.2837888738195137,0.2837888738195137,-1.2202782646664527,-0.20917725842971358,-0.15067843943861162,-0.13386117802253267,-0.9389886203824263,-0.5305967521879473,-0.20917725842971358,0,0.0,0.0,0.0,0.0,,,,,non-targeting control,,0.3043695630436956,0.7006299370062994,0.8977869130380195,0.990842851198751,0.3043695630436956,0.7006299370062994,0.8977869130380195,0.990842851198751,0.8977869130380195,0.8977869130380195,0.45528282683861077,0.8049547572942813,0.9999999930886931,0.9999993382361851,0.31433790636429537,0.6880690892386077,0.7985881945471287,1.0,0.9999993382361851,0.7985881945471287,0.8565158493510285,0.3244101244264856,0.9970586976965533,0.9999999999992459,0.7839348525415605,0.21888003691942637,0.9417236567272419,1.0,0.9970586976965533,0.9417236567272419,0.9397776625626081,0.14529439191532578,0.9999999998916369,0.9773139069839524,0.9162757160451819,0.08500817913149711,0.9945141890905704,0.9220452779452667,0.9773139069839524,0.9220452779452667
gRNA_14716,controlsgRNA,-0.30135003449173065,-3.088196959466526,0.7675108629566882,-0.5569830698083649,0.052407374385345346,-0.6253223652849176,-0.30135003449173065,3537.641211025757,-0.12527917194677235,-0.6541690432675556,-1.370993963642965,-0.6554930968619814,-0.6711591261157075,-0.6954188803669965,-0.6554930968619814,0.011028337930441747,0.011028337930441747,0.011028337930441747,0.0,0.0,0.0,-0.33431623558038254,-0.33431623558038254,-0.33431623558038254,0.495702525340042,0.4258338922406696,1.182097718052201,-0.30800618136762486,-0.2814984891518862,0.30282589302268026,0.4258338922406696,0,0.0,0.0,0.0,0.0,,,,,non-targeting control,,0.4776522347765224,0.5265473452654734,0.9848580359355373,0.990842851198751,0.47765223477652236,0.5265473452654734,0.9848580359355369,0.990842851198751,0.9848580359355373,0.9848580359355369,0.9782192828791453,0.1149605913885265,0.9999999930886931,0.720419706034766,0.9504446745805135,0.050463236768946804,1.0,0.3580033400966792,0.720419706034766,0.3580033400966792,0.024763334083811823,0.9688211624846137,0.14076523728909934,0.9999999999992459,0.019037011761385645,0.9820299350516152,0.11012179111201542,1.0,0.14076523728909934,0.11012179111201542,0.5274060155088203,0.5899067937841048,0.9747221474624128,0.9773139069839524,0.46316705037392353,0.5401432275814992,0.9214328621195517,1.0,0.9747221474624128,0.9214328621195517
gRNA_14717,controlsgRNA,-5.543912458291124,0.37190641552054904,-3.664390705130409,-5.361275688091197,-4.72002930345632,-3.7835403478897005,-4.72002930345632,6.386503991564995,-6.217564981862636,-1.804127386382158,-4.484011066607481,-5.935203855019359,-0.2990804989258566,-3.7479975577594984,-4.484011066607481,3.4860180462251273,3.4860180462251273,3.4860180462251273,0.0,0.0,0.0,0.7837762661068198,0.7837762661068198,0.7837762661068198,-5.611621383309143,-5.650290646772087,-5.879886727196801,-3.5827469875392737,-4.486071965536384,-5.042123542070738,-5.611621383309143,0,0.0,0.0,0.0,0.0,,,,,non-targeting control,,0.005999400059994,1.0,0.6886947668869478,1.0,0.005999400059993993,1.0,0.6886947668869482,1.0,0.6886947668869478,0.6886947668869482,0.9997005555461218,1.193007175331445e-05,0.9999999930886931,0.0011214267448115584,0.9999969658437299,5.2913429744274305e-06,1.0,0.00039790899167694275,0.0011214267448115584,0.00039790899167694275,0.9999999975842772,1.728520586187222e-06,0.9999999999053213,0.00021664124680213185,0.9999999214674997,1.2633481785907069e-07,1.0,1.583396383833686e-05,0.00021664124680213185,1.583396383833686e-05,0.9792296619282291,0.0010828278662363387,0.9999999998916369,0.10178581942621584,0.9991587688973025,0.0009653593338243418,1.0,0.09074377737948813,0.10178581942621584,0.09074377737948813
gRNA_14718,controlsgRNA,0.16020999839195257,-3.8225760571931042,-0.5273455495184637,0.00580354489661769,1.3056351841229756,-0.5756545758600043,0.00580354489661769,3388.100617562886,0.330902642544948,0.18718660224293796,-0.5365670947141009,-0.21154846343296022,0.1888437158299762,-0.00823651950583979,0.18718660224293796,-0.01002170592409883,-0.01002170592409883,-0.01002170592409883,0.0,0.0,0.0,-0.22286182678883212,-0.22286182678883212,-0.22286182678883212,0.8387013450086329,-0.5266775631129279,-0.40120279542867565,-1.495709783719251,-0.15481762544353567,-0.34794128453915146,-0.40120279542867565,0,0.0,0.0,0.0,0.0,,,,,non-targeting control,,0.5064493550644934,0.4994500549945007,0.9866008832906662,0.990842851198751,0.5064493550644935,0.49945005499450057,0.9866008832906662,0.990842851198751,0.9866008832906662,0.9866008832906662,0.47678340600531655,0.8042363309512587,0.9999999930886931,0.9999993382361851,0.318510818427162,0.6845512952364237,0.8037588438161941,1.0,0.9999993382361851,0.8037588438161941,0.40124734977931287,0.39988667341663053,0.6735223371295609,0.9999999999992459,0.5252673282221909,0.4810532766126108,0.7837322040140626,1.0,0.6735223371295609,0.7837322040140626,0.3414347091794349,0.5528863873621037,0.9202736770867305,0.9773139069839524,0.3720878627231514,0.6320428447925021,0.889213877247704,1.0,0.9202736770867305,0.889213877247704
gRNA_14719,controlsgRNA,-4.400500565054422,-2.478598136229222,0.5646317713834144,-2.397427797362899,-2.126457926285876,-2.167670530709801,-2.397427797362899,3446.1816538635335,-0.041645042414856705,-0.9344401772297063,0.49297015571687935,-0.4130825122010865,0.34626206255586883,-0.10998710271458027,-0.041645042414856705,0.04898070066678922,0.04898070066678922,0.04898070066678922,0.0,0.0,0.0,-0.5510752812643775,-0.5510752812643775,-0.5510752812643775,-1.469874633266556,-0.4129516729701737,0.3876117730894733,0.7761246128719911,-1.195233166690405,-0.38286461739313404,-0.4129516729701737,0,0.0,0.0,0.0,0.0,,,,,non-targeting control,,0.3534646535346466,0.6519348065193481,0.9493050694930509,0.990842851198751,0.3534646535346465,0.6519348065193481,0.9493050694930507,0.990842851198751,0.9493050694930509,0.9493050694930507,0.4706692414500089,0.6331054422944182,0.9999999930886931,0.9999993382361851,0.4107359973328353,0.5926468463175517,0.8782050990961231,1.0,0.9999993382361851,0.8782050990961231,0.3018712113117142,0.29365148408187286,0.5703697258955002,0.9999999999992459,0.5210720407914873,0.4840388106939234,0.7837322040140626,1.0,0.5703697258955002,0.7837322040140626,0.9268171645912419,0.04773740583955332,0.9999999998916369,0.9773139069839524,0.9646470298900154,0.036638875403856686,1.0,0.8080842318523939,0.9773139069839524,0.8080842318523939
gRNA_14720,controlsgRNA,0.21259905290766545,-3.8081913313285702,0.20856271429048578,-0.7029492452461682,0.9025089143526333,-0.6374939790047909,0.20856271429048578,5135.351709594818,-0.11875943910942617,-0.7603811250010577,-0.14034828860330456,-0.2675995985863188,0.087245491069663,-0.23996859204608886,-0.14034828860330456,0.028101739702860194,0.028101739702860194,0.028101739702860194,0.0,0.0,0.0,-0.49252597897927636,-0.49252597897927636,-0.49252597897927636,-0.5911354376622053,-0.14617947497183015,-0.17809874448622975,-1.4383341069991549,-0.1614449614962577,-0.5030385451231355,-0.17809874448622975,0,0.0,0.0,0.0,0.0,,,,,non-targeting control,,0.4321567843215679,0.5737426257374263,0.9803942682654807,0.990842851198751,0.43215678432156784,0.5737426257374263,0.9803942682654813,0.990842851198751,0.9803942682654807,0.9803942682654813,0.7854778732818689,0.5661472809760678,0.9999999930886931,0.9999993382361851,0.6232420967563173,0.3791933395745982,0.994516909040091,0.985000306407196,0.9999993382361851,0.985000306407196,0.8358558866460144,0.36346561066046706,0.9914252787977963,0.9999999999992459,0.7490707504371252,0.25345655857457877,0.9174286715451435,1.0,0.9914252787977963,0.9174286715451435,0.412055621625641,0.5357977809737322,0.9202736770867305,0.9773139069839524,0.41643399586899,0.5873914468472319,0.9050819794609262,1.0,0.9202736770867305,0.9050819794609262
gRNA_14721,controlsgRNA,-0.3030407479221566,-3.241058188476667,0.44577731359396494,-0.4763254429715368,-1.2416179969320436,-0.9632530125416878,-0.4763254429715368,6048.621780388613,0.23287549484539016,1.0689995449145635,0.006953332546580372,0.49270523086588675,0.6201047942581123,0.4843276794861066,0.49270523086588675,0.03517438978855875,0.03517438978855875,0.03517438978855875,0.0,0.0,0.0,-0.06873816379149567,-0.06873816379149567,-0.06873816379149567,0.5199099090105143,0.15868775450782072,0.03751019971095402,-0.701306699885466,-0.6901126662851245,-0.1350623005882603,0.03751019971095402,0,0.0,0.0,0.0,0.0,,,,,non-targeting control,,0.41775822417758235,0.5868413158684134,0.9803942682654807,0.990842851198751,0.41775822417758224,0.5868413158684131,0.9803942682654813,0.990842851198751,0.9803942682654807,0.9803942682654813,0.033359808889680896,0.993459675786508,0.2885677124963007,0.9999993382361851,0.013102251364208567,0.9875228362849179,0.14127341583381697,1.0,0.2885677124963007,0.14127341583381697,0.34326854592741896,0.7457081998406762,0.6265484139257744,0.9999999999992459,0.2861801418530274,0.7167347805987286,0.5531847820632892,1.0,0.6265484139257744,0.5531847820632892,0.7623287540057357,0.3861469021957589,0.9999999998916369,0.9773139069839524,0.7030679469186922,0.29970268761379915,0.966809041906353,1.0,0.9773139069839524,0.966809041906353
gRNA_14722,controlsgRNA,-0.4249205789389655,2.1108264672863957,-0.812807608095618,-0.6143399787576184,-0.2552698936567048,0.0006976815674978098,-0.4249205789389655,3569.3327308329567,-0.003631618005233293,-0.6836803240207677,-1.2935761545831794,-1.0021026626638052,-0.028887989322169204,-0.602375749719031,-0.6836803240207677,0.17410124072186162,0.17410124072186162,0.17410124072186162,0.0,0.0,0.0,-0.8409462298918441,-0.8409462298918441,-0.8409462298918441,0.6019902735470627,0.47344743212217966,-0.08000300399386102,-1.3008295183500536,-1.1685046945133017,-0.2947799022375948,-0.08000300399386102,0,0.0,0.0,0.0,0.0,,,,,non-targeting control,,0.1718828117188281,0.8332166783321668,0.8852661400526615,0.990842851198751,0.17188281171882808,0.8332166783321668,0.8852661400526615,0.990842851198751,0.8852661400526615,0.8852661400526615,0.9249116578025023,0.16609193608164982,0.9999999930886931,0.8057554295232743,0.8988774182742759,0.1025593650065571,1.0,0.4881306486388034,0.8057554295232743,0.4881306486388034,0.2785134604747995,0.3980213947042147,0.5498332899826901,0.9999999999992459,0.4210194145899905,0.5839791219348306,0.688275216894941,1.0,0.5498332899826901,0.688275216894941,0.22510285122350873,0.7691332510179631,0.7984780383022574,0.9773139069839524,0.2376320080122325,0.7697493253866017,0.8202926364723093,1.0,0.7984780383022574,0.8202926364723093
gRNA_14723,controlsgRNA,-0.3029005653144431,1.9917867731630634,-0.8180515169416988,0.3501631550790344,0.11064415015544994,0.26632839922828117,0.11064415015544994,4296.3096851935525,0.3842690265362894,1.0010755714796484,0.47916953552996355,0.7983905861081323,0.44661498768172164,0.621903941467151,0.47916953552996355,0.19581251314664014,0.19581251314664014,0.19581251314664014,0.0,0.0,0.0,-0.015167558099304852,-0.015167558099304852,-0.015167558099304852,0.1591547476000546,0.4091884341650802,0.3835758565932704,-1.0997022622901826,0.42947746604338216,0.05633884842232094,0.3835758565932704,0,0.0,0.0,0.0,0.0,,,,,non-targeting control,,0.15368463153684633,0.8518148185181482,0.8374698762007858,0.990842851198751,0.1536846315368463,0.8518148185181482,0.8374698762007856,0.990842851198751,0.8374698762007858,0.8374698762007856,0.011853534709770321,0.9993821538646998,0.17142034811052465,0.9999993382361851,0.0029301485351869642,0.9971908142617638,0.05007890223774084,1.0,0.17142034811052465,0.05007890223774084,0.12658075862463933,0.8604021884962868,0.35690707327560833,0.9999999999992459,0.09750483396549264,0.904230528602361,0.3005067014018462,1.0,0.35690707327560833,0.3005067014018462,0.12718668901372046,0.9061545987114399,0.7788968766315769,0.9875771858420331,0.10156647013431558,0.9014194173163632,0.8103227152144246,1.0,0.7788968766315769,0.8103227152144246
gRNA_14724,controlsgRNA,-0.880684350703324,1.7952415837310833,1.088222615407489,1.3892586758397616,-0.12303744633123646,0.6538002155887548,1.088222615407489,3825.154390721494,-0.01275953085302203,0.4164732793626037,0.4175059357750995,-0.1611715508465558,-0.536671667977367,0.024675293092151683,-0.01275953085302203,-0.07707862005849188,-0.07707862005849188,-0.07707862005849188,0.0,0.0,0.0,0.1729597594781319,0.1729597594781319,0.1729597594781319,-0.5522060478027265,0.07985503312496194,-0.31098535983129205,-0.4686163525096554,0.318060682412995,-0.18677840892114342,-0.31098535983129205,0,0.0,0.0,0.0,0.0,,,,,non-targeting control,,0.6627337266273373,0.3419658034196582,0.9987424218303245,0.9808943917638312,0.6627337266273373,0.341965803419658,0.9987424218303245,0.9808943917638311,0.9808943917638312,0.9808943917638311,0.399108615395974,0.819602478389156,0.9937087802804399,0.9999993382361851,0.2719908447603657,0.7303668258249804,0.755933289899667,1.0,0.9937087802804399,0.755933289899667,0.5345733822321673,0.7520412564040149,0.7950646701740042,0.9999999999992459,0.38420303488682334,0.6193601614033024,0.6626621152176403,1.0,0.7950646701740042,0.6626621152176403,0.02480281728541805,0.9634884895494901,0.5948418817211161,0.9997489077454798,0.018238387381186674,0.9826407277871195,0.505174125530951,1.0,0.5948418817211161,0.505174125530951
gRNA_14725,controlsgRNA,1.5102965168597635,-0.4752220985198443,-0.10316686351100986,0.2100252262161526,0.31248152519264744,0.29088286124754187,0.2100252262161526,3415.5746347341465,0.6072275880578942,0.2663213209263014,0.481181461953817,-0.17701367127368445,0.7763051071027748,0.39080436135342056,0.481181461953817,-0.26412597396097914,-0.26412597396097914,-0.26412597396097914,0.0,0.0,0.0,-0.15796018273887286,-0.15796018273887286,-0.15796018273887286,0.4983496127979887,0.5743912619157282,0.48355736126310506,-0.9062744742494688,-0.21524373358600338,0.08695600562826993,0.48355736126310506,0,0.0,0.0,0.0,0.0,,,,,non-targeting control,,0.9645035496450355,0.041995800419958,0.9988569143085692,0.6316168383161683,0.9645035496450355,0.041995800419958006,0.9988569143085692,0.6316168383161684,0.6316168383161683,0.6316168383161684,0.06808763171091319,0.9856713006986694,0.4551681042382512,0.9999993382361851,0.028402636843897183,0.9721555197461247,0.2179467643531702,1.0,0.4551681042382512,0.2179467643531702,0.08841313950837508,0.8791261478640005,0.2865805211650778,0.9999999999992459,0.07543629532261663,0.9261870891665288,0.2510092658522465,1.0,0.2865805211650778,0.2510092658522465,0.16062453519331163,0.9505184241984782,0.7788968766315769,0.9997489077454798,0.08904964518735797,0.9130701382005411,0.8103227152144246,1.0,0.7788968766315769,0.8103227152144246
gRNA_14726,controlsgRNA,-0.4705170590469348,2.4191474977887184,-1.276149996684245,-0.1138091208566473,0.1363918869318434,0.13901264162654697,-0.1138091208566473,2680.162675101672,-0.8510544790580581,-1.0670255851945174,0.5602484054660897,0.3320804485885073,-0.47688356828216627,-0.30052695569602894,-0.47688356828216627,0.051805139384268804,0.051805139384268804,0.051805139384268804,0.0,0.0,0.0,0.4728413923445929,0.4728413923445929,0.4728413923445929,-0.546828109453087,-0.21656179067443526,-0.35008880600751424,-0.9333336274703238,-1.036129771932703,-0.6165884211076127,-0.546828109453087,0,0.0,0.0,0.0,0.0,,,,,non-targeting control,,0.331966803319668,0.674032596740326,0.9177905738837879,0.990842851198751,0.331966803319668,0.674032596740326,0.9177905738837879,0.990842851198751,0.9177905738837879,0.9177905738837879,0.5784509456527853,0.372722107302709,0.9999999930886931,0.9999993382361851,0.6242180599294188,0.3796797702070286,0.994516909040091,0.985000306407196,0.9999993382361851,0.985000306407196,0.9376709131844642,0.2722548736463585,0.9999999999053213,0.9999999999992459,0.8614974427561801,0.1400499468925761,0.9843708795233328,1.0,0.9999999999053213,0.9843708795233328,0.12530404652033056,0.7995836742641738,0.7788968766315769,0.9773139069839524,0.15576809578844436,0.8509723702145969,0.8202926364723093,1.0,0.7788968766315769,0.8202926364723093
gRNA_14727,controlsgRNA,-0.30106929974588,-2.4464258493963165,-0.5413703536070721,-0.6035344208767148,0.040851671288730025,-0.7703096504674508,-0.5413703536070721,13327.790329868956,0.1879246968222776,0.9848226868158038,-0.10351833667814397,0.2719848131998254,0.38632291997540114,0.34550735602703275,0.2719848131998254,0.04579511106373505,0.04579511106373505,0.04579511106373505,0.0,0.0,0.0,-0.5348700998293137,-0.5348700998293137,-0.5348700998293137,0.0850492797906718,0.018819813944403768,0.15724827717635406,-0.3788744519443788,-0.007321980430339786,-0.025015812292657796,0.018819813944403768,0,0.0,0.0,0.0,0.0,,,,,non-targeting control,,0.3716628337166283,0.6331366863313669,0.9626151478811853,0.990842851198751,0.37166283371662834,0.6331366863313669,0.9626151478811852,0.990842851198751,0.9626151478811853,0.9626151478811852,0.08529377496196704,0.9789539795567677,0.5068831521241358,0.9999993382361851,0.04078513143438656,0.9601967795854539,0.2644001624022301,1.0,0.5068831521241358,0.2644001624022301,0.37907372209982915,0.9169995896636116,0.6637994065456615,0.9999999999992459,0.1988587830749693,0.8029074202197553,0.4450648954535027,1.0,0.6637994065456615,0.4450648954535027,0.8050199656304695,0.49551487706954933,0.9999999998916369,0.9773139069839524,0.6699011528451242,0.33255717367385595,0.966809041906353,1.0,0.9773139069839524,0.966809041906353
gRNA_14728,controlsgRNA,-0.43586903067054716,-2.685789426388494,1.313437430849827,0.23293995294244296,-0.5680753340897637,-0.428671281471307,-0.43586903067054716,1791.5951197469496,0.41744012238710565,-0.07147944793503183,-0.20848025323471506,0.15377647776385914,-0.20708134302631018,0.01683511119098154,-0.07147944793503183,0.05037983363754391,0.05037983363754391,0.05037983363754391,0.0,0.0,0.0,0.6761439137478639,0.6761439137478639,0.6761439137478639,-0.47786236631356466,0.6183861794369798,0.5383765613733804,-0.4270371262883829,0.06995721857899234,0.06436409335748101,0.06995721857899234,0,0.0,0.0,0.0,0.0,,,,,non-targeting control,,0.34816518348165176,0.6570342965703431,0.9417993452453314,0.990842851198751,0.3481651834816518,0.657034296570343,0.9417993452453315,0.990842851198751,0.9417993452453314,0.9417993452453315,0.473873027209715,0.8513332707485767,0.9999999930886931,0.9999993382361851,0.2906819811997303,0.7116943791113581,0.7643106638538364,1.0,0.9999993382361851,0.7643106638538364,0.14443388096175858,0.90130976864174,0.374250310181013,0.9999999999992459,0.10493398619181998,0.8964306720176562,0.3131363397470184,1.0,0.374250310181013,0.3131363397470184,0.3751282684147751,0.6333227739210838,0.9202736770867305,0.9773139069839524,0.3668056796679028,0.6365146705669763,0.889213877247704,1.0,0.9202736770867305,0.889213877247704
gRNA_14729,controlsgRNA,-0.6987500946863209,-3.452899868324391,-0.36633838296745114,-0.4693649053391134,-0.4156209546040168,-1.0805948411842587,-0.4693649053391134,5808.706130441332,0.6118670573879988,1.3954774043613365,-0.057920324305046865,0.8204903779405341,0.8563632390336404,0.7252555508836926,0.8204903779405341,0.15970823842903634,0.15970823842903634,0.15970823842903634,0.0,0.0,0.0,-0.17680457179209141,-0.17680457179209141,-0.17680457179209141,-0.4570235005503649,-0.10154645816046055,-0.4396617006907316,-1.0841690642996744,0.4173327600133324,-0.33301359273757986,-0.4396617006907316,0,0.0,0.0,0.0,0.0,,,,,non-targeting control,,0.19148085191480857,0.8136186381361865,0.8877563856517573,0.990842851198751,0.19148085191480851,0.8136186381361863,0.8877563856517575,0.990842851198751,0.8877563856517573,0.8877563856517575,0.002481148896661652,0.9983192721266776,0.05830699907154882,0.9999993382361851,0.0009696404250366146,0.9991317284227191,0.022786549988360445,1.0,0.05830699907154882,0.022786549988360445,0.6045343460717609,0.5347075441002669,0.8577543929169137,0.9999999999992459,0.543715146424892,0.4592328039316563,0.7903189061453497,1.0,0.8577543929169137,0.7903189061453497,0.8800034006321751,0.3518145689992675,0.9999999998916369,0.9773139069839524,0.7831259218523048,0.21898243230649728,0.9725588953587437,1.0,0.9773139069839524,0.9725588953587437
gRNA_14730,controlsgRNA,-0.08526472695893625,-0.8566823944675483,0.4903156445870869,-1.0783745101280373,-1.0716648805341855,-0.5203341735003241,-0.8566823944675483,3831.6613947883716,0.055971710377779565,-0.0165345301232744,-1.1743075557627562,0.16204114760016045,0.04962037700461237,-0.18464177018069564,0.04962037700461237,-0.18211566675787422,-0.18211566675787422,-0.18211566675787422,0.0,0.0,0.0,-0.510114149458802,-0.510114149458802,-0.510114149458802,-1.0290749998079602,-0.3249694199077823,-0.16440592919913652,-1.0524190004843836,-1.4389664076281932,-0.8019671514054911,-1.0290749998079602,0,0.0,0.0,0.0,0.0,,,,,non-targeting control,,0.8546145385461453,0.14978502149785022,0.9987424218303245,0.8791736210994285,0.8546145385461452,0.14978502149785022,0.9987424218303245,0.8791736210994286,0.8791736210994285,0.8791736210994286,0.624391795307148,0.5914696468324749,0.9999999930886931,0.9999993382361851,0.5055738494873566,0.4981841343080447,0.9457500866032145,1.0,0.9999993382361851,0.9457500866032145,0.9622500523830542,0.11885053181887227,0.9999999999053213,0.9999999999992459,0.9397464495655481,0.06172663604855179,1.0,0.907692284148152,0.9999999999053213,0.907692284148152,0.7086495308871136,0.5569841431513523,0.9999999998916369,0.9773139069839524,0.5890796127456538,0.41383154422642265,0.9394385359508244,1.0,0.9773139069839524,0.9394385359508244
gRNA_14731,controlsgRNA,-0.5000984774104024,-3.6765943471494524,0.26819796656334005,-1.1405748464798722,-0.9031095057807151,-1.1904358420514203,-0.9031095057807151,2361.439975899985,-1.3082237571812794,-0.9055639230473905,0.5682942363373221,-0.8330877202284125,-0.720980783903632,-0.6399123896046784,-0.8330877202284125,-0.06142116366843246,-0.06142116366843246,-0.06142116366843246,0.0,0.0,0.0,-0.4960868642656616,-0.4960868642656616,-0.4960868642656616,-1.181320130226029,0.4886126158678724,0.33436472280103957,-1.590590198040388,0.403068518221784,-0.3091728942751442,0.33436472280103957,0,0.0,0.0,0.0,0.0,,,,,non-targeting control,,0.63003699630037,0.3755624437556245,0.9953525655837778,0.987492859105698,0.6300369963003699,0.3755624437556244,0.9953525655837777,0.9874928591056978,0.987492859105698,0.9874928591056978,0.8533599736021762,0.11046287528560228,0.9999999930886931,0.7040998775743021,0.9116137517079445,0.09051599175003805,1.0,0.4793522943382296,0.7040998775743021,0.4793522943382296,0.2406176671335736,0.36451835569031527,0.5082710272035038,0.9999999999992459,0.39451884535404014,0.6108908027395611,0.6673305572440552,1.0,0.5082710272035038,0.6673305572440552,0.8696313557406268,0.2642046774052363,0.9999999998916369,0.9773139069839524,0.8224844011039013,0.17971336776491564,0.9776886959503303,1.0,0.9773139069839524,0.9776886959503303
gRNA_14732,controlsgRNA,-1.515520296580703,-0.37330249722166237,-0.15081786268825206,-0.552953726933799,-2.464361251772939,-1.011391127039471,-0.552953726933799,5243.681277300799,-0.45653436400057706,0.14393689776170354,-0.9050909416254731,-0.14925460629234744,-1.276514800314402,-0.5286915628942193,-0.45653436400057706,0.16195918507554827,0.16195918507554827,0.16195918507554827,0.0,0.0,0.0,-0.35177481167392927,-0.35177481167392927,-0.35177481167392927,-0.833271501902804,-1.0179660184473853,0.22815620698058037,-0.15246011533523152,0.5859113875754498,-0.23792600822587814,-0.15246011533523152,0,0.0,0.0,0.0,0.0,,,,,non-targeting control,,0.18648135186481352,0.8189181081891812,0.8877563856517573,0.990842851198751,0.18648135186481346,0.818918108189181,0.8877563856517575,0.990842851198751,0.8877563856517573,0.8877563856517575,0.9033219918107945,0.21077094397064078,0.9999999930886931,0.9127843457545856,0.8670114054229721,0.13513273815395976,1.0,0.5348411531146197,0.9127843457545856,0.5348411531146197,0.3795661500194607,0.5747347993182184,0.6637994065456615,0.9999999999992459,0.3975586298475222,0.6056745038245746,0.6673305572440552,1.0,0.6637994065456615,0.6673305572440552,0.8841842997618898,0.3553343878942801,0.9999999998916369,0.9773139069839524,0.7881922340920351,0.21352696312965597,0.9725588953587437,1.0,0.9773139069839524,0.9725588953587437
gRNA_14733,controlsgRNA,0.06525294987025963,-3.358734869983924,-5.06212805336312,0.6390290460086752,1.235363139301381,-1.2962435576333458,0.06525294987025963,4358.367223979515,0.2515529129554058,-0.03528576105254831,-0.5200586262777336,0.09361498864013262,0.16748782582997473,-0.008537731980953745,0.09361498864013262,-0.008101238650439272,-0.008101238650439272,-0.008101238650439272,0.0,0.0,0.0,-0.548226041754592,-0.548226041754592,-0.548226041754592,-0.5563344492121023,0.03771359524690756,-0.3438764660685547,-0.9669703408145041,-0.11342922229069136,-0.388579376627789,-0.3438764660685547,0,0.0,0.0,0.0,0.0,,,,,non-targeting control,,0.4949505049495051,0.5100489951004898,0.9855726469237891,0.990842851198751,0.49495050494950504,0.51004899510049,0.9855726469237893,0.990842851198751,0.9855726469237891,0.9855726469237893,0.5020979580262501,0.8194687388293065,0.9999999930886931,0.9999993382361851,0.320747868893564,0.6817095826296933,0.8040079913598671,1.0,0.9999993382361851,0.8040079913598671,0.7690650584963805,0.5264098634226732,0.9543513597182808,0.9999999999992459,0.6342401025669859,0.3685595177201478,0.8610276191795142,1.0,0.9543513597182808,0.8610276191795142,0.32475032153116873,0.18213109520231424,0.9107129462917829,0.9773139069839524,0.5873604337023198,0.42075108425294644,0.9394385359508244,1.0,0.9107129462917829,0.9394385359508244
gRNA_14734,controlsgRNA,-0.9984383634068966,-4.025469137033697,-1.0342179481897629,-0.8449444549331787,0.04995737207291764,-1.3706225062981237,-0.9984383634068966,4622.503389064618,-0.4348771074634602,-1.124396965206868,-0.4238869801165069,-0.40392587207932545,-0.6615216410574868,-0.6097217131847295,-0.4348771074634602,0.14345155754986183,0.14345155754986183,0.14345155754986183,0.0,0.0,0.0,-0.45944729957765296,-0.45944729957765296,-0.45944729957765296,-0.4772637234359562,-0.6469532405299224,-0.7453020857245174,-1.1088406209507728,0.06977821575294628,-0.5817162909776445,-0.6469532405299224,0,0.0,0.0,0.0,0.0,,,,,non-targeting control,,0.21687831216878312,0.7870212978702131,0.8877563856517573,0.990842851198751,0.21687831216878312,0.787021297870213,0.8877563856517575,0.990842851198751,0.8877563856517573,0.8877563856517575,0.9778173970508743,0.1742227589815516,0.9999999930886931,0.8094567493176441,0.9296059393799572,0.07133494779700511,1.0,0.39479619237636215,0.8094567493176441,0.39479619237636215,0.9003371495555057,0.28418625647962686,0.9999999999053213,0.9999999999992459,0.8346899374597183,0.16759270368972695,0.9716628776527464,1.0,0.9999999999053213,0.9716628776527464,0.9256347146227197,0.1847199582537602,0.9999999998916369,0.9773139069839524,0.88939189260085,0.11270462221455718,0.9945141890905704,0.9855101849458954,0.9773139069839524,0.9855101849458954
gRNA_14735,controlsgRNA,0.5756944219211869,-3.5972607402941126,1.3381722530100633,-0.819808836849829,-0.2826033516980793,-0.5571612507821542,-0.2826033516980793,2073.324295827685,-0.21164422059237895,-0.4749362123906709,-0.15417889619534358,-0.26057711864641186,-0.49712592396104094,-0.31969247435716924,-0.26057711864641186,0.06793427195261088,0.06793427195261088,0.06793427195261088,0.0,0.0,0.0,0.006915144064077547,0.006915144064077547,0.006915144064077547,-0.2782577920785538,-1.1516265327568134,0.43629049998400865,-0.5433670652643741,-0.6863494310844702,-0.4446620642400406,-0.5433670652643741,0,0.0,0.0,0.0,0.0,,,,,non-targeting control,,0.3084691530846915,0.6957304269573044,0.8977869130380195,0.990842851198751,0.30846915308469147,0.6957304269573042,0.8977869130380195,0.990842851198751,0.8977869130380195,0.8977869130380195,0.892433435139079,0.4675313958416051,0.9999999930886931,0.9999993382361851,0.7447625913909766,0.25746573527657296,1.0,0.8312853728297293,0.9999993382361851,0.8312853728297293,0.7013608605985361,0.3776147328486552,0.907934526095041,0.9999999999992459,0.6862985922752329,0.31678199700244636,0.8898216230878881,1.0,0.907934526095041,0.8898216230878881,0.304564852909534,0.5528838441616586,0.9017038164880692,0.9773139069839524,0.3570290692142735,0.6468858136350664,0.889213877247704,1.0,0.9017038164880692,0.889213877247704
gRNA_14736,controlsgRNA,0.6527263976507192,-3.2612675729295195,0.4574354443359382,-0.146755522153699,1.3979622884531695,-0.17997979292867833,0.4574354443359382,4698.77993673746,0.7577766106109345,1.2341403496539718,0.4616007138258878,0.8176583055054573,0.8271315997886007,0.8196615158769704,0.8176583055054573,0.0413713432025056,0.0413713432025056,0.0413713432025056,0.0,0.0,0.0,-0.03021591994304807,-0.03021591994304807,-0.03021591994304807,-0.2927571885778236,0.324174106274761,0.6092135693097431,-0.3662213923161414,0.7799590441699118,0.21087362777209018,0.324174106274761,0,0.0,0.0,0.0,0.0,,,,,non-targeting control,,0.3967603239676033,0.6081391860813918,0.9687135182585639,0.990842851198751,0.39676032396760325,0.6081391860813918,0.9687135182585638,0.990842851198751,0.9687135182585639,0.9687135182585638,0.001577692766641858,0.9999447881485504,0.042936585026972035,0.9999993382361851,0.00029831701601971,0.9997322294328728,0.012463022002601219,1.0,0.042936585026972035,0.012463022002601219,0.05817219030152806,0.9594867912340306,0.22001597105827697,0.9999999999992459,0.03735408733773427,0.9635432814509549,0.16603909118531743,1.0,0.22001597105827697,0.16603909118531743,0.14668385694779035,0.7678960587770431,0.7788968766315769,0.9773139069839524,0.14577503561164884,0.8568076682417811,0.8103227152144246,1.0,0.7788968766315769,0.8103227152144246
gRNA_14737,controlsgRNA,-0.571378023287371,-2.768406012510496,-1.014213164256553,-0.14773974952987803,-0.8866456767032858,-1.0776765252575167,-0.8866456767032858,3422.443139026962,-0.2771767831137114,-1.1321574834031707,-0.9601443694739845,-0.7798543620435706,0.1781668719480923,-0.594233225217269,-0.7798543620435706,-0.08452590202798295,-0.08452590202798295,-0.08452590202798295,0.0,0.0,0.0,-0.43785457989290755,-0.43785457989290755,-0.43785457989290755,0.4198444689810352,0.006519002803208731,0.01690857211385053,-0.39202786948752216,0.04223487534273996,0.018695809950662456,0.01690857211385053,0,0.0,0.0,0.0,0.0,,,,,non-targeting control,,0.6936306369363063,0.31236876312368755,0.9987424218303245,0.9787554577875542,0.6936306369363063,0.31236876312368755,0.9987424218303245,0.9787554577875542,0.9787554577875542,0.9787554577875542,0.928984591794445,0.16929435886260286,0.9999999930886931,0.8057554295232743,0.9022113699667236,0.09941138047993947,1.0,0.4815058826075952,0.8057554295232743,0.4815058826075952,0.28378645764630955,0.9303553311504615,0.5557484795573563,0.9999999999992459,0.15001074562288153,0.8515346485438502,0.3735366910874401,1.0,0.5557484795573563,0.3735366910874401,0.9147584500818243,0.3158893840004026,0.9999999998916369,0.9773139069839524,0.826837800890143,0.17503140338315504,0.9776886959503303,1.0,0.9773139069839524,0.9776886959503303
gRNA_14738,controlsgRNA,-1.2786943632272039,-0.5201611632396965,0.2781729234401918,0.2364437013820329,-1.889999315170766,-0.6348476433630884,-0.5201611632396965,2474.3485464678415,-0.735032882512967,-0.9130896550977877,-0.7828959408106942,-0.6905619074204177,-0.479034599212925,-0.7201229970109584,-0.735032882512967,0.05088327639877139,0.05088327639877139,0.05088327639877139,0.0,0.0,0.0,-0.11416874956267958,-0.11416874956267958,-0.11416874956267958,-0.6430171372643352,-0.08209113899456211,-0.6589114700943642,-0.4958049822906142,0.15243464633345521,-0.3454780164620841,-0.4958049822906142,0,0.0,0.0,0.0,0.0,,,,,non-targeting control,,0.343065693430657,0.6637336266373363,0.9347297154342539,0.990842851198751,0.34306569343065696,0.6637336266373363,0.9347297154342538,0.990842851198751,0.9347297154342539,0.9347297154342538,0.9920591822520304,0.11048375738532931,0.9999999930886931,0.7040998775743021,0.9641071242890463,0.036502823964751206,1.0,0.270111745608481,0.7040998775743021,0.270111745608481,0.7357206876560569,0.57481425660815,0.937732130707381,0.9999999999992459,0.5928835797724349,0.4097432038961498,0.8318068134120729,1.0,0.937732130707381,0.8318068134120729,0.7087631178688791,0.5125581820308333,0.9999999998916369,0.9773139069839524,0.607862281653895,0.3951542797768397,0.9415240594453308,1.0,0.9773139069839524,0.9415240594453308
gRNA_14739,controlsgRNA,0.17008092532210595,-0.47706461648825915,-0.5099233942074298,0.3456222206952338,-0.3622391998830486,-0.16670481291227957,-0.3622391998830486,5431.058894411809,0.8132571131090548,0.8274410994844844,-0.44771472614243973,0.4387337242612773,0.5263918178912408,0.43162180572072356,0.5263918178912408,0.19989080643681637,0.19989080643681637,0.19989080643681637,0.0,0.0,0.0,0.3755485724878937,0.3755485724878937,0.3755485724878937,0.09039639597881471,-0.007208651644454936,-0.37343605176098293,-0.37057538646521204,-0.7156044480852652,-0.2752856283954201,-0.37057538646521204,0,0.0,0.0,0.0,0.0,,,,,non-targeting control,,0.13298670132986698,0.8733126687331267,0.7812968703129686,0.990842851198751,0.13298670132986695,0.8733126687331267,0.7812968703129684,0.990842851198751,0.7812968703129686,0.7812968703129684,0.033768562100630936,0.9759531670015147,0.2885677124963007,0.9999993382361851,0.018121154728323267,0.9824478969066435,0.16618424824023287,1.0,0.2885677124963007,0.16618424824023287,0.6756596581049316,0.6755648083797507,0.9005458126857281,0.9999999999992459,0.5014993585852329,0.5017889783730545,0.7715786565648718,1.0,0.9005458126857281,0.7715786565648718,0.5347514855574569,0.8353768370368099,0.9747221474624128,0.9773139069839524,0.3303432619033421,0.6726381653041121,0.889213877247704,1.0,0.9747221474624128,0.889213877247704
gRNA_14740,controlsgRNA,-0.3916603900510445,-5.580721031708079,-3.277168149474412,-9.36637055521396,-0.20745478244527105,-3.764674981778554,-3.277168149474412,205.09112818195513,-0.38168527916351724,-2.3829574988028237,2.519147593365804,-4.282087239390328,-3.30417536604862,-1.5663515580078968,-2.3829574988028237,0.5601032703215987,0.5601032703215987,0.5601032703215987,0.0,0.0,0.0,-0.2138240644690193,-0.2138240644690193,-0.2138240644690193,-9.03175374971075,-2.927465059331651,-0.7454302419207719,-1.6689786173874428,-0.2792785381131438,-2.930581241292752,-1.6689786173874428,0,0.0,0.0,0.0,0.0,,,,,non-targeting control,,0.015698430156984303,0.9886011398860114,0.6886947668869478,0.9938877769977014,0.015698430156984283,0.9886011398860114,0.6886947668869482,0.9938877769977014,0.6886947668869478,0.6886947668869482,0.21201850264602218,0.0030446941228085733,0.7892966039099439,0.10407318092509305,0.9626888552963413,0.055541497663811286,1.0,0.3729214843141615,0.10407318092509305,0.3729214843141615,0.9962795841574852,0.0005321788973184642,0.9999999999053213,0.05002481634793564,0.9996455632771626,0.00043749924897561367,1.0,0.04112492940370768,0.05002481634793564,0.04112492940370768,0.973380625002802,0.002670625307913072,0.9999999998916369,0.20083102315506302,0.9969007830631857,0.0036706195679431677,1.0,0.20211657826769341,0.20083102315506302,0.20211657826769341
gRNA_14741,controlsgRNA,-0.8574537895506489,-1.7836204803972804,0.015307819930175185,-0.20803594497788028,-1.2783807868614385,-0.8224366363714146,-0.8574537895506489,3024.190390118994,-0.24706087941046992,0.10873766769886893,-0.7432141750244028,-0.5178741763985378,-1.1584813475424218,-0.5115785821353926,-0.5178741763985378,-0.20598340844570856,-0.20598340844570856,-0.20598340844570856,0.0,0.0,0.0,0.4587825221795899,0.4587825221795899,0.4587825221795899,0.04983348615733413,-0.4977359847143873,-0.029734953812792547,-0.6395386257488852,0.1581244938914262,-0.19181031684546096,-0.029734953812792547,0,0.0,0.0,0.0,0.0,,,,,non-targeting control,,0.8838116188381162,0.1208879112088791,0.9988569143085692,0.8791736210994285,0.8838116188381161,0.1208879112088791,0.9988569143085692,0.8791736210994286,0.8791736210994285,0.8791736210994286,0.920869662433947,0.23199593092628298,0.9999999930886931,0.9127843457545856,0.868051762619914,0.13359689927436452,1.0,0.5343875970974581,0.9127843457545856,0.5343875970974581,0.5493937594599413,0.7611649054517862,0.8069220842067888,0.9999999999992459,0.3822056391579536,0.620402120868779,0.6626621152176403,1.0,0.8069220842067888,0.6626621152176403,0.8564624458007458,0.40560666786066585,0.9999999998916369,0.9773139069839524,0.7490899384962091,0.2528431644984453,0.9692074049684818,1.0,0.9773139069839524,0.9692074049684818
gRNA_14742,controlsgRNA,-0.8308593850291974,-1.2199116224299427,0.856903819481877,-0.44324392223108544,-0.40987958872594205,-0.40939813978685813,-0.44324392223108544,3055.8819099261937,-0.2889137461586299,0.03878008511152828,-0.32515533002604396,0.43569871560436807,0.12948970872518994,-0.0020201133487175115,0.03878008511152828,0.012300274675329825,0.012300274675329825,0.012300274675329825,0.0,0.0,0.0,-0.2957340548559317,-0.2957340548559317,-0.2957340548559317,-0.050763009182287204,0.27435797088359115,-0.34136423004950245,-0.8828587566617804,-0.8058061847329345,-0.3612868419485827,-0.34136423004950245,0,0.0,0.0,0.0,0.0,,,,,non-targeting control,,0.4735526447355263,0.5304469553044695,0.9848580359355373,0.990842851198751,0.47355264473552644,0.5304469553044695,0.9848580359355369,0.990842851198751,0.9848580359355373,0.9848580359355369,0.4809921998699329,0.8213717277736161,0.9999999930886931,0.9999993382361851,0.3135382551919724,0.689336303868271,0.7985881945471287,1.0,0.9999993382361851,0.7985881945471287,0.6754016157597822,0.5215456736895763,0.9005458126857281,0.9999999999992459,0.5869787913048118,0.4153237001374981,0.8302694784978534,1.0,0.9005458126857281,0.8302694784978534,0.5929307230759532,0.6255148147747038,0.9747221474624128,0.9773139069839524,0.4932234872752414,0.5093323180931745,0.9342435216116826,1.0,0.9747221474624128,0.9342435216116826
gRNA_14743,controlsgRNA,0.1909667681517479,-0.018072628645378473,0.795340006924625,-0.534613854227039,-0.4027877164814108,0.006166515144508933,-0.018072628645378473,2641.7231510769693,0.02407289593155135,-0.7987019118247956,-1.5546541865030972,-0.33547894922068816,-0.7576979810793106,-0.684492026539268,-0.7576979810793106,-0.10381209987819542,-0.10381209987819542,-0.10381209987819542,0.0,0.0,0.0,0.18688728715791683,0.18688728715791683,0.18688728715791683,-0.27923827746246566,-0.10606508431134813,0.692685205936446,-0.745553592306279,-4.794604831975487,-1.0465553160238268,-0.27923827746246566,0,0.0,0.0,0.0,0.0,,,,,non-targeting control,,0.7440255974402561,0.2610738926107389,0.9987424218303245,0.9348931773489317,0.744025597440256,0.2610738926107389,0.9987424218303245,0.9348931773489317,0.9348931773489317,0.9348931773489317,0.9585872413205028,0.1236029949928482,0.9999999930886931,0.7214163154567529,0.9354854363060467,0.06601399939350217,1.0,0.39479619237636215,0.7214163154567529,0.39479619237636215,0.48562993593982384,0.1618198911978777,0.7611516630843794,0.9999999999992459,0.7042425053686365,0.30562836071894683,0.9015951787601619,1.0,0.7611516630843794,0.9015951787601619,0.36197751212421564,0.8921995249395824,0.9202736770867305,0.9866677099331852,0.21192629031997245,0.7903872068387272,0.8202926364723093,1.0,0.9202736770867305,0.8202926364723093
gRNA_14744,controlsgRNA,0.846328025443443,1.5532287391176849,-0.1698449442835727,-0.6358302256274811,-0.9913222409921658,0.12051187073158168,-0.1698449442835727,3093.2369332730837,-0.29581443369604804,-0.2318489807893516,-0.907531798942447,0.046070659673282804,-0.4277928312704199,-0.3633834770049968,-0.29581443369604804,-0.12809447240998886,-0.12809447240998886,-0.12809447240998886,0.0,0.0,0.0,-0.3646706229144158,-0.3646706229144158,-0.3646706229144158,0.5023565261416935,-0.3175743456720566,0.5035193631040337,-0.721262494914196,-0.7492988746886158,-0.15645196520582824,-0.3175743456720566,0,0.0,0.0,0.0,0.0,,,,,non-targeting control,,0.7783221677832218,0.2260773922607739,0.9987424218303245,0.894790520947905,0.7783221677832217,0.2260773922607739,0.9987424218303245,0.894790520947905,0.894790520947905,0.894790520947905,0.8778869483475614,0.40749182363692976,0.9999999930886931,0.9999993382361851,0.7611813786248234,0.2411698092995983,1.0,0.7889281245052151,0.9999993382361851,0.7889281245052151,0.2866139350272016,0.6813460542549347,0.5559067397528197,0.9999999999992459,0.2921891643889303,0.7108722078696509,0.5605261520930499,1.0,0.5559067397528197,0.5605261520930499,0.17430731821699702,0.8435888873432724,0.7788968766315769,0.9773139069839524,0.15085795230055776,0.8520550144879484,0.8103227152144246,1.0,0.7788968766315769,0.8103227152144246
gRNA_14745,controlsgRNA,-1.754286932404943,1.8687793726087123,-0.20811888092936362,0.09030084801889304,0.30963879031796837,0.061262639522253415,0.09030084801889304,2283.2354270221417,0.7436057866919367,0.6280464401409026,0.0015578356860965975,1.1738672694996453,0.7169338360070672,0.6528022336051297,0.7169338360070672,0.25103669636491877,0.25103669636491877,0.25103669636491877,0.0,0.0,0.0,0.3206026083536616,0.3206026083536616,0.3206026083536616,0.05708175217814815,0.20987705032520929,0.5162787717508919,-0.07235422459157954,0.250805113512925,0.19233769263511896,0.20987705032520929,0,0.0,0.0,0.0,0.0,,,,,non-targeting control,,0.09949005099490052,0.9047095290470953,0.7385842060955193,0.990842851198751,0.09949005099490055,0.9047095290470952,0.7385842060955193,0.990842851198751,0.7385842060955193,0.7385842060955193,0.0070057834532890936,0.9983981934444486,0.1145293294972478,0.9999993382361851,0.0022973953640817424,0.9978263163592198,0.04319103284473676,1.0,0.1145293294972478,0.04319103284473676,0.120343637087276,0.9855239804140831,0.34564219811843816,0.9999999999992459,0.04646520502391753,0.9541038269458515,0.19198809987904386,1.0,0.34564219811843816,0.19198809987904386,0.15720777941732603,0.82413789341205,0.7788968766315769,0.9773139069839524,0.15003426652482743,0.8531866532149492,0.8103227152144246,1.0,0.7788968766315769,0.8103227152144246
gRNA_14746,controlsgRNA,0.296670676498028,-1.9708322655263735,-1.200765666522777,-0.5111119222725264,0.581494401494317,-0.5609089552658664,-0.5111119222725264,7861.545413465884,-0.18456751346064515,0.15921064921166986,0.00047079781241784666,0.02588211039136751,-0.36989446502807105,-0.0737796842146522,0.00047079781241784666,-0.12889595507199525,-0.12889595507199525,-0.12889595507199525,0.0,0.0,0.0,-0.5610833168188705,-0.5610833168188705,-0.5610833168188705,-0.451746799123935,-0.1630365808912974,-0.4245987569922509,-0.9412393737672511,-0.3359670283878148,-0.4633177078325098,-0.4245987569922509,0,0.0,0.0,0.0,0.0,,,,,non-targeting control,,0.7819218078192179,0.22177782221777825,0.9987424218303245,0.894790520947905,0.781921807819218,0.22177782221777825,0.9987424218303245,0.894790520947905,0.894790520947905,0.894790520947905,0.6248797547590221,0.7795856402959287,0.9999999930886931,0.9999993382361851,0.41117145749153844,0.590700345002502,0.8782050990961231,1.0,0.9999993382361851,0.8782050990961231,0.8767287696598867,0.4492842578358558,0.9999999999053213,0.9999999999992459,0.7407366678697237,0.2618451083323702,0.9164510948439379,1.0,0.9999999999053213,0.9164510948439379,0.6060498561971916,0.5476244928066131,0.9747221474624128,0.9773139069839524,0.5339405781876215,0.468462166916816,0.9347526025086272,1.0,0.9747221474624128,0.9347526025086272
gRNA_14747,controlsgRNA,-1.5192148835775177,-0.48858884503541256,-1.225737111728999,-0.2929868339024788,0.3874494635464637,-0.6278156421395888,-0.48858884503541256,4189.0646181653865,-0.5055012298632126,-0.2933081748330811,-0.6499522542014616,-0.7251684895992069,0.012418469912029865,-0.43230233571698645,-0.5055012298632126,-0.0692549807962759,-0.0692549807962759,-0.0692549807962759,0.0,0.0,0.0,-0.014693057594232058,-0.014693057594232058,-0.014693057594232058,-0.30600531065263353,-0.46030009870234617,-0.12491469111511537,-1.0287410151241747,-1.0007148002330868,-0.5841351831654713,-0.46030009870234617,0,0.0,0.0,0.0,0.0,,,,,non-targeting control,,0.6531346865313469,0.3505649435056495,0.9982871631536033,0.9836747668516732,0.653134686531347,0.35056494350564943,0.9982871631536034,0.9836747668516731,0.9836747668516732,0.9836747668516731,0.921191593175416,0.33041889104681804,0.9999999930886931,0.9999993382361851,0.82676139726236,0.17495851325242884,1.0,0.6578440098291325,0.9999993382361851,0.6578440098291325,0.90984964033144,0.30105129748918413,0.9999999999053213,0.9999999999992459,0.8303486715121864,0.17181756451773578,0.9716628776527464,1.0,0.9999999999053213,0.9716628776527464,0.7556895440832361,0.5130242378316042,0.9999999998916369,0.9773139069839524,0.6363064789554559,0.3663011107157836,0.947879494142232,1.0,0.9773139069839524,0.947879494142232
gRNA_14748,controlsgRNA,0.031570276123107234,1.7117148007779106,-0.3989712028835248,0.19725683103208605,-0.6068790499990077,0.18693833101011428,0.031570276123107234,3600.421750263594,0.6614287883883504,0.8538401668976564,0.9221201045648663,0.691598738649225,-0.011739533562630583,0.6234496529874936,0.691598738649225,0.01955949694928927,0.01955949694928927,0.01955949694928927,0.0,0.0,0.0,0.31347486637731986,0.31347486637731986,0.31347486637731986,-0.36172063462441495,-0.09948939740783241,-0.16428298297532726,-0.7104435214548915,-0.8615758806831674,-0.43950248342912673,-0.36172063462441495,0,0.0,0.0,0.0,0.0,,,,,non-targeting control,,0.4548545145485452,0.5499450054994497,0.9848580359355373,0.990842851198751,0.45485451454854514,0.54994500549945,0.9848580359355369,0.990842851198751,0.9848580359355373,0.9848580359355369,0.009429434566155087,0.9982962452616313,0.1418186958749725,0.9999993382361851,0.0029046293666705135,0.9972539011604111,0.05007890223774084,1.0,0.1418186958749725,0.05007890223774084,0.8414949280158015,0.47196779310738524,0.9918560907020105,0.9999999999992459,0.7070326426595533,0.29571521804157785,0.9015951787601619,1.0,0.9918560907020105,0.9015951787601619,0.1890079503905143,0.9014888654574309,0.7917911956477558,0.9875771858420331,0.1339616682580559,0.8682529125358927,0.8103227152144246,1.0,0.7917911956477558,0.8103227152144246
gRNA_14749,controlsgRNA,-0.4395653231047889,-0.5201061429396667,-0.6758790206617447,0.5801922484383536,1.1176432207009304,0.012456996486616712,-0.4395653231047889,2991.0528694080435,-0.3335800948785573,-0.9943002629974468,-0.9719880531777992,-0.4664868697118647,0.5843957148445182,-0.43639191318423,-0.4664868697118647,-0.14988869160365792,-0.14988869160365792,-0.14988869160365792,0.0,0.0,0.0,-0.5610995577403352,-0.5610995577403352,-0.5610995577403352,1.4451618195471019,0.40292502474014696,0.6622968601084063,-0.09633139372158972,0.6002536369459743,0.6028611895240079,0.6002536369459743,0,0.0,0.0,0.0,0.0,,,,,non-targeting control,,0.814018598140186,0.19078092190780918,0.9987424218303245,0.8791736210994285,0.814018598140186,0.19078092190780915,0.9987424218303245,0.8791736210994286,0.8791736210994285,0.8791736210994286,0.7709908109697047,0.26361018176101975,0.9999999930886931,0.9623051295353731,0.7890263582722895,0.21385529980279672,1.0,0.7309962975077415,0.9623051295353731,0.7309962975077415,0.0023513817249381924,0.9987071395437339,0.031575697449170013,0.9999999999992459,0.0009518834521257276,0.9991653508333543,0.015143343531186364,1.0,0.031575697449170013,0.015143343531186364,0.2935044117908775,0.8534305595183794,0.8828612706669595,0.9773139069839524,0.206443332624491,0.7956968718459912,0.8202926364723093,1.0,0.8828612706669595,0.8202926364723093
gRNA_14750,controlsgRNA,1.7537647477584324,-3.6290761562478213,-3.834597466439423,-0.8215103206432559,-1.1203263719842125,-1.5303491135112561,-1.1203263719842125,4627.9258924536825,-0.08301300713138837,-0.3678772056136404,0.0651816226884008,-0.22174275033537524,-0.24178342508082382,-0.1698469530945654,-0.22174275033537524,-0.11395785267021802,-0.11395785267021802,-0.11395785267021802,0.0,0.0,0.0,-0.19854853133990819,-0.19854853133990819,-0.19854853133990819,1.594519731398678,-0.726657495272005,-0.40113864089420703,-0.15276379393356337,-0.06945059151679857,0.04890184195642083,-0.15276379393356337,0,0.0,0.0,0.0,0.0,,,,,non-targeting control,,0.7642235776422359,0.23997600239976,0.9987424218303245,0.9023097690230976,0.7642235776422358,0.23997600239976002,0.9987424218303245,0.9023097690230977,0.9023097690230976,0.9023097690230977,0.751929589348592,0.67692472916642,0.9999999930886931,0.9999993382361851,0.544727934322962,0.45687293723115463,0.9672809936819576,1.0,0.9999993382361851,0.9672809936819576,0.055015555086551565,0.7619878218571348,0.22001597105827697,0.9999999999992459,0.13105908467633337,0.8903637578673422,0.3570885205674011,1.0,0.22001597105827697,0.3570885205674011,0.5705915911628219,0.12364053815031709,0.9747221474624128,0.9773139069839524,0.8253959871345047,0.17961776736449275,0.9776886959503303,1.0,0.9747221474624128,0.9776886959503303
gRNA_14751,controlsgRNA,-1.0812778681625959,-2.922593084869494,-0.29936892193422693,-0.4140904552020953,-0.9067457159422742,-1.1248152092221373,-0.9067457159422742,4157.373098358187,0.08345631421431449,0.21149590695228263,0.9655984387037054,0.1623455840633104,-0.24249857886944387,0.23607953301283385,0.1623455840633104,0.23757546664015297,0.23757546664015297,0.23757546664015297,0.0,0.0,0.0,-0.26913961298699246,-0.26913961298699246,-0.26913961298699246,-0.27989152928496697,0.008728363256260542,-0.48406003332667236,0.0837965573166827,-1.0585387006214098,-0.3459930685320212,-0.27989152928496697,0,0.0,0.0,0.0,0.0,,,,,non-targeting control,,0.112988701129887,0.8921107889211078,0.7385842060955193,0.990842851198751,0.11298870112988696,0.8921107889211078,0.7385842060955193,0.990842851198751,0.7385842060955193,0.7385842060955193,0.15296408155117888,0.9433764775077585,0.6855811730068448,0.9999993382361851,0.0913177192074443,0.9109561346987063,0.434626106607583,1.0,0.6855811730068448,0.434626106607583,0.7042528703577112,0.5532046389965264,0.907934526095041,0.9999999999992459,0.5803645490836821,0.42253143007222294,0.8297227013515758,1.0,0.907934526095041,0.8297227013515758,0.9200003043874344,0.30178608615823826,0.9999999998916369,0.9773139069839524,0.8360370063346731,0.16608718536008193,0.9792832223733243,1.0,0.9773139069839524,0.9792832223733243
gRNA_14752,controlsgRNA,-0.7691264033644789,-4.000725461293132,0.46752390758103685,-1.0026990592109197,1.3517855446276108,-0.7906482943319764,-0.7691264033644789,3160.4759752974846,-0.33538932537366517,-1.0127176752589875,-0.3344948354585756,-0.09326245881794801,-1.75013433680348,-0.7051997263425313,-0.33538932537366517,-0.09089682218236937,-0.09089682218236937,-0.09089682218236937,0.0,0.0,0.0,-0.19643168059787666,-0.19643168059787666,-0.19643168059787666,-0.423929313632451,-0.5426912235481828,0.04783927764772751,-0.19630356522605244,0.3070211705629622,-0.1616127308391993,-0.19630356522605244,0,0.0,0.0,0.0,0.0,,,,,non-targeting control,,0.7229277072292771,0.2823717628237177,0.9987424218303245,0.946831632626211,0.7229277072292771,0.28237176282371756,0.9987424218303245,0.9468316326262108,0.946831632626211,0.9468316326262108,0.9569937874675588,0.12855024770107032,0.9999999930886931,0.7214163154567529,0.9307371332380947,0.07086424613500057,1.0,0.39479619237636215,0.7214163154567529,0.39479619237636215,0.5139716950286998,0.7845273158774735,0.7855827533771996,0.9999999999992459,0.3530014007565797,0.6496612953003507,0.6381179167522787,1.0,0.7855827533771996,0.6381179167522787,0.3912634344683956,0.36658466000718076,0.9202736770867305,0.9773139069839524,0.5205194349602107,0.48392454212591846,0.9347526025086272,1.0,0.9202736770867305,0.9347526025086272
gRNA_14753,controlsgRNA,-2.3877274209300086,0.023610748224240075,-0.38463098265076073,-0.44471950056774695,-2.159714684074829,-1.070636367999821,-0.44471950056774695,2995.993372495858,0.4353635314316365,-0.22300355809581762,-0.4480977646203723,-0.27968762938883307,-0.7134411895170235,-0.24577332203808205,-0.27968762938883307,-0.06859580831611174,-0.06859580831611174,-0.06859580831611174,0.0,0.0,0.0,0.10022018505518542,0.10022018505518542,0.10022018505518542,-1.1430611824498123,-0.5361084317043977,-0.14895208285437092,-1.6483795238993628,-2.0469813194804924,-1.1046965080776872,-1.1430611824498123,0,0.0,0.0,0.0,0.0,,,,,non-targeting control,,0.6495350464953504,0.3551644835516448,0.9982871631536033,0.987492859105698,0.6495350464953504,0.35516448355164476,0.9982871631536034,0.9874928591056978,0.987492859105698,0.9874928591056978,0.727929215198518,0.5174239916271696,0.9999999930886931,0.9999993382361851,0.6233244645157959,0.3793612825989603,0.994516909040091,0.985000306407196,0.9999993382361851,0.985000306407196,0.9831889543294903,0.02604302901062507,0.9999999999053213,0.8901980825450023,0.9864122508742973,0.01425353141295457,1.0,0.5359327811270919,0.8901980825450023,0.5359327811270919,0.8617793637554173,0.34401130278431674,0.9999999998916369,0.9773139069839524,0.7796478816749584,0.2225625929486149,0.9725588953587437,1.0,0.9773139069839524,0.9725588953587437
gRNA_14754,controlsgRNA,0.7865459628214484,-0.13126828967957785,-0.5578685204196215,-0.671508292519074,0.36051639552574727,-0.04271654885421553,-0.13126828967957785,2077.6622985389367,0.38653127671585313,-0.5562685747576199,-0.776143578688337,-0.36756597166577654,-1.6335722992226336,-0.5894038295237027,-0.5562685747576199,-0.1761866721631905,-0.1761866721631905,-0.1761866721631905,0.0,0.0,0.0,-0.5105827732450499,-0.5105827732450499,-0.5105827732450499,-1.409000151353026,0.09971696614692932,0.20778405182825205,-1.0268448849131921,-0.6515710390862228,-0.5559830114754518,-0.6515710390862228,0,0.0,0.0,0.0,0.0,,,,,non-targeting control,,0.8417158284171583,0.16278372162783725,0.9987424218303245,0.8791736210994285,0.8417158284171584,0.16278372162783722,0.9987424218303245,0.8791736210994286,0.8791736210994285,0.8791736210994286,0.8672721246447751,0.16368211243572284,0.9999999930886931,0.8057554295232743,0.8775953762837696,0.12475922035880005,1.0,0.5102055180472811,0.8057554295232743,0.5102055180472811,0.7552643039741853,0.26439534945973675,0.9497638070043266,0.9999999999992459,0.7680292421936032,0.23554104441666346,0.9309347000166468,1.0,0.9497638070043266,0.9309347000166468,0.3731090760461248,0.8599216134239739,0.9202736770867305,0.9773139069839524,0.237688949681654,0.7642433043057428,0.8202926364723093,1.0,0.9202736770867305,0.8202926364723093
gRNA_14755,controlsgRNA,-2.6951567071017797,-3.209702959489554,-0.008561078197810408,-0.8256718611659526,-0.0667878747094378,-1.361176096132907,-0.8256718611659526,3250.971531857207,-0.8226744733038514,-1.070219507473422,-0.5707230547217035,-0.8624266926506388,-1.1665879866189912,-0.8985263429537212,-0.8624266926506388,-0.2221403076906561,-0.2221403076906561,-0.2221403076906561,0.0,0.0,0.0,-0.7864889556117243,-0.7864889556117243,-0.7864889556117243,-0.3813610213601994,0.41196402236488766,-0.3937572602752352,-0.7889233189030531,-0.2998141087099119,-0.29037833737670243,-0.3813610213601994,0,0.0,0.0,0.0,0.0,,,,,non-targeting control,,0.8937106289371063,0.11208879112088793,0.9988569143085692,0.8791736210994285,0.8937106289371064,0.11208879112088788,0.9988569143085692,0.8791736210994286,0.8791736210994285,0.8791736210994286,0.9973611906318498,0.049435140096365106,0.9999999930886931,0.5332921049291166,0.9864821199500924,0.013953566007775257,1.0,0.19431632662679615,0.5332921049291166,0.19431632662679615,0.6248369353733597,0.6090882008427929,0.8675251720452515,0.9999999999992459,0.5182475745818357,0.48464028311034507,0.7837322040140626,1.0,0.8675251720452515,0.7837322040140626,0.8722491295402669,0.25521498438743223,0.9999999998916369,0.9773139069839524,0.828472988138224,0.17395720956772137,0.9776886959503303,1.0,0.9773139069839524,0.9776886959503303
gRNA_14756,controlsgRNA,-0.062324050887516205,-3.236033323731539,0.3965638631183814,0.8005480877669715,-0.5660786121981397,-0.5334648071863685,-0.062324050887516205,3655.008284380178,-0.27523764896852637,0.4115825434064964,-0.48028660530090744,-0.16676297215856034,-0.33817953460183947,-0.16977684352466743,-0.27523764896852637,-0.08010301589340975,-0.08010301589340975,-0.08010301589340975,0.0,0.0,0.0,-0.4156745870580308,-0.4156745870580308,-0.4156745870580308,0.48015279298025754,0.6016135694405366,0.6938198821952374,-0.4945624812767864,0.5839164145774677,0.37298803558334254,0.5839164145774677,0,0.0,0.0,0.0,0.0,,,,,non-targeting control,,0.6672332766723329,0.33736626337366266,0.9987424218303245,0.9808943917638312,0.6672332766723328,0.33736626337366266,0.9987424218303245,0.9808943917638311,0.9808943917638312,0.9808943917638311,0.691866278784339,0.6221947292713328,0.9999999930886931,0.9999993382361851,0.5453818368632314,0.4573118176291429,0.9672809936819576,1.0,0.9999993382361851,0.9672809936819576,0.016698508560260426,0.9883882005479396,0.10812971382526836,0.9999999999992459,0.007739201273180705,0.9925141106417507,0.05724465460632276,1.0,0.10812971382526836,0.05724465460632276,0.41800835892430577,0.6295959139408938,0.9202736770867305,0.9773139069839524,0.3760239534105982,0.6271894895134179,0.889213877247704,1.0,0.9202736770867305,0.889213877247704
gRNA_14757,controlsgRNA,-1.0009456831198136,1.1206109138555516,1.8580770744026427,-1.0544034101415685,-1.758772051211078,-0.16708663124285317,-1.0009456831198136,1941.858713661696,0.19739391863812453,-0.7890542993932044,-0.33146113514184816,-0.6404890224339281,0.44707682454929304,-0.2233067427563126,-0.33146113514184816,-0.01810808629242441,-0.01810808629242441,-0.01810808629242441,0.0,0.0,0.0,0.09279563652070874,0.09279563652070874,0.09279563652070874,-2.6632153701696812,0.2887106419064253,0.21260181378292808,-0.7547955729004765,-0.47246697172478236,-0.6778330918211173,-0.47246697172478236,0,0.0,0.0,0.0,0.0,,,,,non-targeting control,,0.5323467653234679,0.4722527747225278,0.9866008832906662,0.990842851198751,0.5323467653234677,0.47225277472252775,0.9866008832906662,0.990842851198751,0.9866008832906662,0.9866008832906662,0.6313053651689898,0.5135857968595081,0.9999999930886931,0.9999993382361851,0.5695282389793811,0.4329484446339187,0.994516909040091,1.0,0.9999993382361851,0.994516909040091,0.6385274676262882,0.18434686903835096,0.8763918895529946,0.9999999999992459,0.7478366546032921,0.2573984493072313,0.9174286715451435,1.0,0.8763918895529946,0.9174286715451435,0.1663283578373157,0.5871946390258859,0.7788968766315769,0.9773139069839524,0.2699667539554359,0.7362505946288409,0.8522797182251488,1.0,0.7788968766315769,0.8522797182251488
gRNA_14758,controlsgRNA,-0.7859460584408704,-4.468767167029262,-1.7637717378426414,0.08406745939640224,0.45890941858806095,-1.295101617065662,-0.7859460584408704,3492.8151830094894,0.7700596001867839,0.7117492273351603,1.1023811558049303,0.34013104457549964,-0.639341180352422,0.4569959695099904,0.7117492273351603,0.36659860524138793,0.36659860524138793,0.36659860524138793,0.0,0.0,0.0,0.39150619520507113,0.39150619520507113,0.39150619520507113,0.29547409303083677,0.12072927096690048,0.8425233968073296,-0.5612263151621949,-0.668705004324021,0.005759088263770163,0.12072927096690048,0,0.0,0.0,0.0,0.0,,,,,non-targeting control,,0.03359664033596641,0.9714028597140286,0.6886947668869478,0.990842851198751,0.03359664033596641,0.9714028597140286,0.6886947668869482,0.990842851198751,0.6886947668869478,0.6886947668869482,0.022049452681374256,0.9591030124720522,0.22407011373504648,0.9999993382361851,0.016050233577972042,0.9846053323696113,0.1537667836619742,1.0,0.22407011373504648,0.1537667836619742,0.15362020363799145,0.8275825035633143,0.3798404394402955,0.9999999999992459,0.14545667222606318,0.857742658285852,0.3696603832628353,1.0,0.3798404394402955,0.3696603832628353,0.7605099846302454,0.18499293512213635,0.9999999998916369,0.9773139069839524,0.8079412782833026,0.19603114645268205,0.9736728225465442,1.0,0.9773139069839524,0.9736728225465442
gRNA_14759,controlsgRNA,-1.5708686344059433,-3.6514702520090534,0.2227854592305226,-4.043877251684349,-0.8284982995290668,-1.9743857956795778,-1.5708686344059433,1998.8552492845308,-0.7409161900884228,-1.4166919715888722,0.10879561966505986,-0.8369838735323603,-0.08121773606992276,-0.5934028303229036,-0.7409161900884228,0.1281905317425654,0.1281905317425654,0.1281905317425654,0.0,0.0,0.0,-0.08502583864147457,-0.08502583864147457,-0.08502583864147457,-0.17810562222898768,-0.5759510494337954,-0.13673979840894468,-1.5496241045403898,-1.2692004050835002,-0.7419241959391235,-0.5759510494337954,0,0.0,0.0,0.0,0.0,,,,,non-targeting control,,0.2365763423657634,0.7676232376762324,0.8877563856517573,0.990842851198751,0.23657634236576341,0.7676232376762324,0.8877563856517575,0.990842851198751,0.8877563856517573,0.8877563856517575,0.9155713987242426,0.1640962395826671,0.9999999930886931,0.8057554295232743,0.8951893485389747,0.1069034259719649,1.0,0.49661799797294487,0.8057554295232743,0.49661799797294487,0.9279683460790549,0.14283712208165578,0.9999999999053213,0.9999999999992459,0.9092777822460069,0.09210740799674261,0.99537829772684,0.949631688710001,0.9999999999053213,0.949631688710001,0.9459171955970227,0.07708054454517357,0.9999999998916369,0.9773139069839524,0.9515927955612861,0.049785573153232,1.0,0.8080842318523939,0.9773139069839524,0.8080842318523939
gRNA_14760,controlsgRNA,-0.39665927010279056,-5.370496454483282,-1.618629918096473,-1.8906715747570537,0.5134301211392615,-1.7526054192600675,-1.618629918096473,1899.4426871516794,-0.3341813975488201,-1.0558317779978066,-0.21413859175519176,-0.037063518029847094,0.43878175312477485,-0.24048670644137812,-0.21413859175519176,-0.05840944576326088,-0.05840944576326088,-0.05840944576326088,0.0,0.0,0.0,0.14031784430840727,0.14031784430840727,0.14031784430840727,-1.0212044524958785,-0.3931726161560985,-0.8632003590585485,-0.83113434006281,-1.9226866687292234,-1.0062796873005118,-0.8632003590585485,0,0.0,0.0,0.0,0.0,,,,,non-targeting control,,0.6195380461953803,0.3863613638636136,0.9953525655837778,0.990842851198751,0.6195380461953804,0.38636136386361364,0.9953525655837777,0.990842851198751,0.990842851198751,0.990842851198751,0.6643828132048905,0.5204456517312755,0.9999999930886931,0.9999993382361851,0.5802489415240013,0.42324395702555273,0.994516909040091,1.0,0.9999993382361851,0.994516909040091,0.9919848595841604,0.04785186646563902,0.9999999999053213,0.9995723217266818,0.9817610367502057,0.018750877337772042,1.0,0.5773348529599227,0.9995723217266818,0.5773348529599227,0.856668207714702,0.08524092205253612,0.9999999998916369,0.9773139069839524,0.9131385014665192,0.08945515727557007,0.9945141890905704,0.9220452779452667,0.9773139069839524,0.9220452779452667
gRNA_14761,controlsgRNA,0.20303124419731028,-0.20551294545433366,0.8428625361598266,1.0009744494251696,0.3776027380342839,0.44379160447245136,0.3776027380342839,2886.9408043380026,0.3606455183130313,-0.2106930945948293,-0.24513503148338522,0.08123749994665971,-0.43638531803517844,-0.09006608517074038,-0.2106930945948293,-0.09985743602167457,-0.09985743602167457,-0.09985743602167457,0.0,0.0,0.0,0.35304845499216875,0.35304845499216875,0.35304845499216875,0.12230830620380638,0.25717090012155513,1.0983109848838861,-0.06236173596684101,-0.20505221390411202,0.24207524826765897,0.12230830620380638,0,0.0,0.0,0.0,0.0,,,,,non-targeting control,,0.7327267273272673,0.2717728227177283,0.9987424218303245,0.9388898947943043,0.7327267273272673,0.27177282271772824,0.9987424218303245,0.9388898947943042,0.9388898947943043,0.9388898947943042,0.6045364372790841,0.732572710319142,0.9999999930886931,0.9999993382361851,0.43124678044890186,0.5713213405698926,0.893565832563741,1.0,0.9999993382361851,0.893565832563741,0.05876722082280258,0.9734151514963257,0.22001597105827697,0.9999999999992459,0.035567674801214075,0.966124533358349,0.16432241905587908,1.0,0.22001597105827697,0.16432241905587908,0.1029417934864608,0.9850668893855598,0.7788968766315769,0.9997489077454798,0.04104291340713818,0.9597123488815014,0.7716067720541977,1.0,0.7788968766315769,0.7716067720541977
gRNA_14762,controlsgRNA,-0.8392307070665033,1.7792744120610942,-0.6809821026532477,-0.08825243778955842,-0.5549769798875844,-0.07683356306715992,-0.5549769798875844,4411.628257267661,-1.0169370216937967,-1.084799344598553,0.6089817696594195,-0.9979482578328535,-0.5437975309461937,-0.6069000770823956,-0.9979482578328535,-0.1041219294106817,-0.1041219294106817,-0.1041219294106817,0.0,0.0,0.0,-0.25311576219601245,-0.25311576219601245,-0.25311576219601245,-1.427830994946896,-0.48716055772005906,-0.2963229983049865,-0.9390027152986532,-1.4403828043133289,-0.9181400141167847,-0.9390027152986532,0,0.0,0.0,0.0,0.0,,,,,non-targeting control,,0.7488251174882512,0.25607439256074394,0.9987424218303245,0.9258074192580742,0.7488251174882512,0.25607439256074394,0.9987424218303245,0.9258074192580742,0.9258074192580742,0.9258074192580742,0.828324141604968,0.1338114422336393,0.9999999930886931,0.7291753953601214,0.8905111477367043,0.11155978810399447,1.0,0.5095991628174799,0.7291753953601214,0.5095991628174799,0.9834087735139114,0.07169513249284928,0.9999999999053213,0.9999999999992459,0.9689920680018824,0.031613273941021924,1.0,0.6421264405538394,0.9999999999053213,0.6421264405538394,0.2865790491868772,0.7474987336541716,0.8828612706669595,0.9773139069839524,0.2780281881299361,0.7261174825595424,0.8522797182251488,1.0,0.8828612706669595,0.8522797182251488
gRNA_14763,controlsgRNA,0.6150051986335161,-3.2877738197264117,1.2327554472965234,-0.32736614020599636,0.43690695321189493,-0.2660944721580948,0.43690695321189493,2735.2312095195057,-0.5078409510026325,-0.6267908599227924,-0.8927173067684077,-0.3189733203813687,-0.6534838798356183,-0.5999612635821638,-0.6267908599227924,-0.08613851997480416,-0.08613851997480416,-0.08613851997480416,0.0,0.0,0.0,-0.10193069561505227,-0.10193069561505227,-0.10193069561505227,-0.4664406250553311,0.13732918280198916,0.05684278379575126,-1.092746726618094,0.4127688834802134,-0.19044930031909427,0.05684278379575126,0,0.0,0.0,0.0,0.0,,,,,non-targeting control,,0.7086291370862915,0.29567043295670425,0.9987424218303245,0.9583800240665586,0.7086291370862914,0.29567043295670425,0.9987424218303245,0.9583800240665586,0.9583800240665586,0.9583800240665586,0.9793013900490588,0.18613824630283435,0.9999999930886931,0.8432286820465749,0.9275808609106108,0.07337457311143467,1.0,0.39479619237636215,0.8432286820465749,0.39479619237636215,0.40610374630609575,0.6772431757872756,0.6786444827159644,0.9999999999992459,0.34748661466919206,0.6552846132173501,0.6311834160174697,1.0,0.6786444827159644,0.6311834160174697,0.18952448831994156,0.7335200914894153,0.7917911956477558,0.9773139069839524,0.187256395735718,0.8153464211119408,0.8202926364723093,1.0,0.7917911956477558,0.8202926364723093
gRNA_14764,controlsgRNA,-0.558378071877991,-3.7034092932511182,-0.591008788318779,-1.8857818869718446,-0.9077435877192781,-1.529264325627802,-0.9077435877192781,4402.10875131797,-0.46475391035144237,-0.3633319983034604,-0.5248791563372868,0.1370275748190126,-0.08598146938424771,-0.260383791911485,-0.3633319983034604,-0.15581489735757142,-0.15581489735757142,-0.15581489735757142,0.0,0.0,0.0,-0.28925437254436276,-0.28925437254436276,-0.28925437254436276,-1.065800978806169,-0.2714859065691874,-0.9174615282680233,-1.2493176122152487,-0.9034479257465741,-0.8815027903210405,-0.9174615282680233,0,0.0,0.0,0.0,0.0,,,,,non-targeting control,,0.8185181481851814,0.186081391860814,0.9987424218303245,0.8791736210994285,0.8185181481851813,0.18608139186081385,0.9987424218303245,0.8791736210994286,0.8791736210994285,0.8791736210994286,0.8174564590092799,0.5268083653762777,0.9999999930886931,0.9999993382361851,0.6661916377386911,0.3363423373597006,1.0,0.9231001375711491,0.9999993382361851,0.9231001375711491,0.9878140319487589,0.084811736655579,0.9999999999053213,0.9999999999992459,0.9682772364940763,0.03244787864500784,1.0,0.6421264405538394,0.9999999999053213,0.6421264405538394,0.9664321207800549,0.15951065279923654,0.9999999998916369,0.9773139069839524,0.9250616317772157,0.07618175968973528,0.9966280044361979,0.9220452779452667,0.9773139069839524,0.9220452779452667
gRNA_14765,controlsgRNA,-0.8763454022656387,-3.1932460087306134,-0.6956104239351676,-1.5017336400809684,-0.591843513505081,-1.3717557977034938,-0.8763454022656387,4329.32670582919,-0.34663202406553917,-0.3876525462259925,0.3365217864873882,0.3127965699214873,-0.10221026273451997,-0.037435295323435244,-0.10221026273451997,0.0404900439439454,0.0404900439439454,0.0404900439439454,0.0,0.0,0.0,-0.3692474270819934,-0.3692474270819934,-0.3692474270819934,-0.44826889317936064,-0.5295480498432099,-0.1181534201138752,-0.6433516318398302,-2.4837047535080257,-0.8446053496968602,-0.5295480498432099,0,0.0,0.0,0.0,0.0,,,,,non-targeting control,,0.40805919408059166,0.5977402259774024,0.9803942682654807,0.990842851198751,0.40805919408059194,0.5977402259774023,0.9803942682654813,0.990842851198751,0.9803942682654807,0.9803942682654813,0.5094366645572443,0.7782741348900108,0.9999999930886931,0.9999993382361851,0.35339013475159636,0.6484815696708942,0.8332088104307992,1.0,0.9999993382361851,0.8332088104307992,0.9292297389215357,0.12114693727899932,0.9999999999053213,0.9999999999992459,0.9143031534115267,0.0878246360418013,0.99537829772684,0.949631688710001,0.9999999999053213,0.949631688710001,0.965708281180438,0.2012108784637955,0.9999999998916369,0.9773139069839524,0.9095744891896721,0.09156308681856129,0.9945141890905704,0.9220452779452667,0.9773139069839524,0.9220452779452667
gRNA_14766,controlsgRNA,0.32095645940308704,1.5791050181372566,-0.5914761994077675,-1.5548173390880693,0.9563830484502608,0.14203019749895354,0.32095645940308704,2563.036601897876,0.6026618493031521,0.520599276133367,-1.1978264327139132,0.40637680902873013,0.39438221078844643,0.14523874250795651,0.40637680902873013,0.12265177286424434,0.12265177286424434,0.12265177286424434,0.0,0.0,0.0,-0.18848678227042134,-0.18848678227042134,-0.18848678227042134,0.21435986930270504,0.5541144825197771,0.8046566648289796,0.22268325164597147,-1.150265465020081,0.12910976065547045,0.22268325164597147,0,0.0,0.0,0.0,0.0,,,,,non-targeting control,,0.246075392460754,0.7590240975902409,0.8877563856517573,0.990842851198751,0.24607539246075394,0.7590240975902409,0.8877563856517575,0.990842851198751,0.8877563856517573,0.8877563856517575,0.1286056331200547,0.8016089439203935,0.6362594480676391,0.9999993382361851,0.11352656183773135,0.8889154663549182,0.4506180024738623,1.0,0.6362594480676391,0.4506180024738623,0.05536216872811871,0.85701398728412,0.22001597105827697,0.9999999999992459,0.05584405618703526,0.9455876511676858,0.20997365126325257,1.0,0.22001597105827697,0.20997365126325257,0.12491679831961783,0.8362363533122597,0.7788968766315769,0.9773139069839524,0.1191712112326716,0.8838546425816456,0.8103227152144246,1.0,0.7788968766315769,0.8103227152144246
gRNA_14767,controlsgRNA,-1.0935531279483388,2.8828463753857374,-0.8319460893208791,-1.0411442411498675,-0.4289108002761745,-0.10254157666190448,-0.8319460893208791,2328.5434553396594,-0.8085847242668743,-1.1977091863768154,-2.02733084908882,-0.329614318543428,0.05182072420065954,-0.8622836708150556,-0.8085847242668743,-0.273960292024159,-0.273960292024159,-0.273960292024159,0.0,0.0,0.0,0.3464427298814307,0.3464427298814307,0.3464427298814307,-0.5544451080714856,-0.06137512674942087,-0.5362755400007629,-1.3667145110759529,-0.07516056029846878,-0.5187941692392182,-0.5362755400007629,0,0.0,0.0,0.0,0.0,,,,,non-targeting control,,0.9677032296770323,0.03559644035596439,0.9988569143085692,0.5576775655767755,0.9677032296770323,0.03559644035596441,0.9988569143085692,0.5576775655767758,0.5576775655767755,0.5576775655767758,0.9662065808127371,0.059569862784635365,0.9999999930886931,0.5332921049291166,0.9660400678410271,0.035265517231054866,1.0,0.270111745608481,0.5332921049291166,0.270111745608481,0.8344419410596462,0.3532146484952618,0.9914252787977963,0.9999999999992459,0.7563587093169544,0.24630535590830055,0.9233469957895287,1.0,0.9914252787977963,0.9233469957895287,0.14674101045284915,0.5626027231842203,0.7788968766315769,0.9773139069839524,0.3193806198660829,0.7065244321418742,0.889213877247704,1.0,0.7788968766315769,0.889213877247704
gRNA_14768,controlsgRNA,0.26152526215760397,1.2731009582540245,-1.2236968277129319,-1.1485619790609527,-2.0026489196138337,-0.568056301195218,-1.1485619790609527,5959.451724657329,0.32241595855356975,0.35344693424977286,-1.2382423071816626,0.3315591969176779,-0.7986957689750652,-0.20590319728714146,0.32241595855356975,-0.16005459996199461,-0.16005459996199461,-0.16005459996199461,0.0,0.0,0.0,-0.20726522952867954,-0.20726522952867954,-0.20726522952867954,9.691192000873395e-06,-0.7433465714667561,-0.45192154287030684,-1.0067777672920593,-0.44690454258981027,-0.5297881466053863,-0.45192154287030684,0,0.0,0.0,0.0,0.0,,,,,non-targeting control,,0.832116788321168,0.17268273172682733,0.9987424218303245,0.8791736210994285,0.832116788321168,0.1726827317268274,0.9987424218303245,0.8791736210994286,0.8791736210994285,0.8791736210994286,0.4660051447139353,0.4648727879664012,0.9999999930886931,0.9999993382361851,0.4881883670969523,0.5157696537186389,0.9457500866032145,1.0,0.9999993382361851,0.9457500866032145,0.8871051705316937,0.3577445411726104,0.9999999999053213,0.9999999999992459,0.7916858919045697,0.2106006747112696,0.9480060361659816,1.0,0.9999999999053213,0.9480060361659816,0.48148893937037207,0.45937366265412805,0.960657823596988,0.9773139069839524,0.53360928752116,0.4704503658242676,0.9347526025086272,1.0,0.960657823596988,0.9347526025086272
gRNA_14769,controlsgRNA,-0.4163108988544537,-0.3825145783368139,1.0236268616621769,-0.14358620581605783,-1.0208780570756484,-0.1879325756841594,-0.3825145783368139,1599.0359993974996,0.803580902844947,0.4117957769557174,0.33725659455616164,0.4915664787178544,0.849303166617255,0.5787005839383872,0.4915664787178544,0.5015579332648893,0.5015579332648893,0.5015579332648893,0.0,0.0,0.0,0.5541584806911509,0.5541584806911509,0.5541584806911509,-0.5928507808278529,0.20073059696600012,0.2882629561864849,-0.7313264923690307,-1.4337467603860927,-0.4537860960860982,-0.5928507808278529,0,0.0,0.0,0.0,0.0,,,,,non-targeting control,,0.0197980201979802,0.9844015598440156,0.6886947668869478,0.9923189986631363,0.019798020197980198,0.9844015598440156,0.6886947668869482,0.9923189986631363,0.6886947668869478,0.6886947668869482,0.017272135364273983,0.9990631841237874,0.20294759053021932,0.9999993382361851,0.004432634978911639,0.9957188777663344,0.06944461466961568,1.0,0.20294759053021932,0.06944461466961568,0.6466075706474842,0.35606117755074534,0.8808856759545437,0.9999999999992459,0.6601869684765362,0.3430395274139397,0.8751096638087951,1.0,0.8808856759545437,0.8751096638087951,0.4390056630237901,0.7715205679235936,0.9365416007472723,0.9773139069839524,0.32858008887104884,0.6749162118076388,0.889213877247704,1.0,0.9365416007472723,0.889213877247704
gRNA_14770,controlsgRNA,-0.7108729043148452,-2.145440733107425,-0.9219308279683782,-0.24530358077103778,-0.00623721643730577,-0.8059570525197983,-0.7108729043148452,6281.4279258924535,0.3805120158235545,0.30073695199059425,-0.6887726345061234,-0.030364124954600114,-0.18158647206375025,-0.04389485274206501,-0.030364124954600114,-0.0857537143209878,-0.0857537143209878,-0.0857537143209878,0.0,0.0,0.0,-0.19874298844769148,-0.19874298844769148,-0.19874298844769148,0.17941105350496866,-0.046844740732356435,-0.17472852271747322,-0.896151881364411,-0.12792741099695637,-0.21324830046124568,-0.12792741099695637,0,0.0,0.0,0.0,0.0,,,,,non-targeting control,,0.7044295570442956,0.3018698130186982,0.9987424218303245,0.9618902516528011,0.7044295570442956,0.30186981301869814,0.9987424218303245,0.961890251652801,0.9618902516528011,0.961890251652801,0.4799005756044704,0.7615257032056109,0.9999999930886931,0.9999993382361851,0.3446769393945661,0.6576148776919788,0.8254683389322093,1.0,0.9999993382361851,0.8254683389322093,0.5668836201885593,0.7252774306146197,0.8198009276573011,0.9999999999992459,0.40914548380616245,0.5943293890288838,0.6777035326480929,1.0,0.8198009276573011,0.6777035326480929,0.8460141445565801,0.4349715902347132,0.9999999998916369,0.9773139069839524,0.7272224863476637,0.27510066993502214,0.966809041906353,1.0,0.9773139069839524,0.966809041906353
gRNA_14771,controlsgRNA,-0.32852552991125883,-4.306955628233572,-1.0939364392723443,-0.1650043344943796,0.08453385327624184,-1.1619776157270625,-0.32852552991125883,1958.969724356078,-2.143236989749269,-3.319474098456985,-0.9282803367638968,-2.253908912568497,-2.974970976148687,-2.3239742627374667,-2.253908912568497,-0.03243640771982521,-0.03243640771982521,-0.03243640771982521,0.0,0.0,0.0,-1.100911117590992,-1.100911117590992,-1.100911117590992,-1.1965173283113806,0.3474224091738597,-0.1899104582252355,-2.115679510920061,0.414049431447566,-0.5481270913670503,-0.1899104582252355,0,0.0,0.0,0.0,0.0,,,,,non-targeting control,,0.5551444855514449,0.44805519448055187,0.9866008832906662,0.990842851198751,0.5551444855514449,0.4480551944805519,0.9866008832906662,0.990842851198751,0.9866008832906662,0.9866008832906662,0.9999904983119621,0.0003045986105188742,0.9999999930886931,0.016361296793585244,0.9999617258830884,4.6582298219700266e-05,1.0,0.002502134875801043,0.016361296793585244,0.002502134875801043,0.47728132345691565,0.19173002383166157,0.7604143119483063,0.9999999999992459,0.6704354944740453,0.3358189252579804,0.8813426193107285,1.0,0.7604143119483063,0.8813426193107285,0.8115465770124113,0.25767103748629067,0.9999999998916369,0.9773139069839524,0.7838975221726716,0.21935427343911523,0.9725588953587437,1.0,0.9773139069839524,0.9725588953587437
gRNA_14772,controlsgRNA,-0.36905354152027525,1.3381152322929528,0.3098568694718528,0.16466227938905728,-0.6974296234172654,0.14923024324326445,0.16466227938905728,3540.8947130591955,0.18387880632237696,-0.20716018973603686,-0.29267876133105825,-0.11403591930323019,0.4362345154070112,0.0012476902718125738,-0.11403591930323019,-0.06627763614923511,-0.06627763614923511,-0.06627763614923511,0.0,0.0,0.0,-0.27827595983164966,-0.27827595983164966,-0.27827595983164966,-0.0877744833387486,-0.21947397452477896,-0.16776326239045947,-0.26403336970168595,-1.0089540212341652,-0.34959982223796765,-0.21947397452477896,0,0.0,0.0,0.0,0.0,,,,,non-targeting control,,0.6399360063993602,0.3663633636636337,0.9982871631536033,0.987492859105698,0.6399360063993601,0.36636336366363365,0.9982871631536034,0.9874928591056978,0.987492859105698,0.9874928591056978,0.4753436964065574,0.8317289633682303,0.9999999930886931,0.9999993382361851,0.30459137776039524,0.6975647568925375,0.7898369519855766,1.0,0.9999993382361851,0.7898369519855766,0.7626598445448312,0.5731272756987591,0.9537773394301374,0.9999999999992459,0.6032830496765632,0.39940660994794225,0.8432506567969805,1.0,0.9537773394301374,0.8432506567969805,0.223346869675108,0.9060091337346365,0.7984780383022574,0.9875771858420331,0.14293706596782663,0.8597329454961418,0.8103227152144246,1.0,0.7984780383022574,0.8103227152144246
gRNA_14773,controlsgRNA,-0.4368848387814475,-3.135889259723259,-0.9054057334627384,0.03731994345008803,0.2363073600710974,-0.840910505689252,-0.4368848387814475,2851.1522819701763,-0.050166665824319716,-0.004566736939810196,0.5028120063205905,-0.28913236885372434,0.24513026074261973,0.0808152990890712,-0.004566736939810196,0.04864306270589122,0.04864306270589122,0.04864306270589122,0.0,0.0,0.0,-0.10563737116037748,-0.10563737116037748,-0.10563737116037748,0.4415281529377447,0.32100923534543535,-0.24984354825935798,-0.6541553144947609,-0.1933076374264893,-0.06695382237948562,-0.1933076374264893,0,0.0,0.0,0.0,0.0,,,,,non-targeting control,,0.3575642435756425,0.6466353364663533,0.9535046495350467,0.990842851198751,0.3575642435756424,0.6466353364663534,0.9535046495350464,0.990842851198751,0.9535046495350467,0.9535046495350464,0.3671251061384229,0.8913276387001671,0.9937087802804399,0.9999993382361851,0.21390885195818815,0.7881926720122939,0.6702477361356561,1.0,0.9937087802804399,0.6702477361356561,0.3243376896988418,0.8346687463825514,0.6037176798354679,0.9999999999992459,0.2285321837592112,0.7740112610007434,0.48822784712195116,1.0,0.6037176798354679,0.48822784712195116,0.7386868502702811,0.46457457254855883,0.9999999998916369,0.9773139069839524,0.6449214536784654,0.35844750093689337,0.9546868763114292,1.0,0.9773139069839524,0.9546868763114292
gRNA_14774,controlsgRNA,-1.001562601562922,1.032313623659713,-0.923974050016503,0.2331143187326843,0.14934794262269024,-0.10215215331286749,0.14934794262269024,3421.358638349149,0.07254493354684596,0.1425413253619937,-0.8594494791162617,0.05216432967984627,-0.0046581556412402135,-0.11937140923376317,0.05216432967984627,-0.057119165907864505,-0.057119165907864505,-0.057119165907864505,0.0,0.0,0.0,-0.07870156221890993,-0.07870156221890993,-0.07870156221890993,-0.6588353753980385,-0.8699318078327357,-0.4326586441137953,-0.7445688941531071,-2.2758566264873745,-0.9963702695970102,-0.7445688941531071,0,0.0,0.0,0.0,0.0,,,,,non-targeting control,,0.6137386261373861,0.3907609239076092,0.9953525655837778,0.990842851198751,0.6137386261373863,0.3907609239076093,0.9953525655837777,0.990842851198751,0.990842851198751,0.990842851198751,0.6024112044717895,0.7015216105244052,0.9999999930886931,0.9999993382361851,0.43894970915130477,0.5636341547985773,0.8964352252234117,1.0,0.9999993382361851,0.8964352252234117,0.9870581056481519,0.05616874564085938,0.9999999999053213,0.9999999999992459,0.9748808750117057,0.02581595477911681,1.0,0.632453200306669,0.9999999999053213,0.632453200306669,0.35628196771549875,0.7800381746702549,0.9202736770867305,0.9773139069839524,0.27627887653344396,0.7265579541536943,0.8522797182251488,1.0,0.9202736770867305,0.8522797182251488
gRNA_14775,controlsgRNA,-0.8447073824269296,-4.045754312378817,1.1859263807925169,-0.22656609257857618,0.6236616054818673,-0.6614879602219876,-0.22656609257857618,1712.0650700406688,-0.2952204054234383,-1.0021088742736015,-1.779842585477628,-0.7174535169765958,-0.3102934752115739,-0.8209837714725674,-0.7174535169765958,0.3101106469481884,0.3101106469481884,0.3101106469481884,0.0,0.0,0.0,0.6068693168113254,0.6068693168113254,0.6068693168113254,0.9237120155940742,0.18001934461451735,0.39110039238212563,-0.5505523026525871,-0.14317644118558887,0.16022060175050826,0.18001934461451735,0,0.0,0.0,0.0,0.0,,,,,non-targeting control,,0.0618938106189381,0.9428057194280572,0.6886947668869478,0.990842851198751,0.06189381061893808,0.9428057194280572,0.6886947668869482,0.990842851198751,0.6886947668869478,0.6886947668869482,0.9838519456295416,0.0790187323214636,0.9999999930886931,0.5713662183244291,0.9662576250140268,0.034704957765694475,1.0,0.270111745608481,0.5713662183244291,0.270111745608481,0.08033267370033413,0.9393194487163934,0.2673016399232357,0.9999999999992459,0.05761345827778563,0.9439867213744648,0.21239316044814463,1.0,0.2673016399232357,0.21239316044814463,0.3241571356791581,0.4640910579984404,0.9107129462917829,0.9773139069839524,0.405622915919468,0.5995541605776137,0.9050819794609262,1.0,0.9107129462917829,0.9050819794609262
gRNA_14776,controlsgRNA,-0.14630361577113185,-4.29646309776828,0.654386734540016,-0.7063122238856729,-1.4690447118309378,-1.1927473829432012,-0.7063122238856729,4601.29537580961,-0.07620418951698114,-0.25041517616127495,0.18172178322062496,0.08800595401940026,0.3654684877316115,0.06171537185867613,0.08800595401940026,0.12087433072875713,0.12087433072875713,0.12087433072875713,0.0,0.0,0.0,-0.8925120453978321,-0.8925120453978321,-0.8925120453978321,0.31432272870629707,-0.5835920023587954,0.4746908190701285,-0.9867566975277412,0.8922652700012871,0.022186023578235202,0.31432272870629707,0,0.0,0.0,0.0,0.0,,,,,non-targeting control,,0.25977402259774024,0.7454254574542547,0.8877563856517573,0.990842851198751,0.25977402259774024,0.7454254574542546,0.8877563856517575,0.990842851198751,0.8877563856517573,0.8877563856517575,0.42097313138722897,0.8899988178782179,0.9960805343798123,0.9999993382361851,0.23781636194165434,0.7636811405766315,0.6973966465745306,1.0,0.9960805343798123,0.6973966465745306,0.0902507943123912,0.7746537324690087,0.29003674069623153,0.9999999999992459,0.11504468344998897,0.8882781752774787,0.3302045876121821,1.0,0.29003674069623153,0.3302045876121821,0.7269579273797606,0.22849570764920982,0.9999999998916369,0.9773139069839524,0.7690188760123884,0.2335588160153087,0.9725588953587437,1.0,0.9773139069839524,0.9725588953587437
gRNA_14777,controlsgRNA,-0.933287116448066,1.5037997614908825,-0.4867638579268998,-0.1117902774083615,0.5555757015264332,0.1055068422467977,-0.1117902774083615,3859.49691218557,-0.23193317384898512,0.4704788680997244,0.2733800096445965,0.6141653862712055,0.5358902834240977,0.3323962747181278,0.4704788680997244,0.023203829055767122,0.023203829055767122,0.023203829055767122,0.0,0.0,0.0,0.008319157438848165,0.008319157438848165,0.008319157438848165,0.36981298993924644,0.37013483531378427,0.2966183500736785,-0.5595291441908067,-0.17870986951307347,0.05966543232456582,0.2966183500736785,0,0.0,0.0,0.0,0.0,,,,,non-targeting control,,0.4454554544545546,0.5594440555944404,0.9848580359355373,0.990842851198751,0.44545545445455453,0.5594440555944405,0.9848580359355369,0.990842851198751,0.9848580359355373,0.9848580359355369,0.09785744156345905,0.9793937969496208,0.5410940886450089,0.9999993382361851,0.04236039035766135,0.9585037173019929,0.2699577419403503,1.0,0.5410940886450089,0.2699577419403503,0.20514670334360072,0.9224617543540047,0.4627822109386968,0.9999999999992459,0.11926906634427803,0.8823055655757817,0.3371817213943499,1.0,0.4627822109386968,0.3371817213943499,0.21616069919116476,0.86194452602721,0.796827675449784,0.9773139069839524,0.16428572410682507,0.8389453146542089,0.8202926364723093,1.0,0.796827675449784,0.8202926364723093
gRNA_14778,controlsgRNA,-1.974368824129841,-3.39496384776777,-2.209698932921581,-0.39978699528537215,-0.717190389274272,-1.7392017978757675,-1.974368824129841,2481.458050911282,-0.6002478515727633,-0.8933328664830327,0.0074605548761072,-0.7489412694863924,-0.43342089174723214,-0.5336964648826625,-0.6002478515727633,-0.2395408387784892,-0.2395408387784892,-0.2395408387784892,0.0,0.0,0.0,0.7809855378234187,0.7809855378234187,0.7809855378234187,-1.0983610730602684,-0.47385140041377216,-0.6385985930971672,-0.5553363103640372,-1.5291189272940542,-0.8590532608458599,-0.6385985930971672,0,0.0,0.0,0.0,0.0,,,,,non-targeting control,,0.9132086791320868,0.09189081091890809,0.9988569143085692,0.8791736210994285,0.9132086791320868,0.09189081091890816,0.9988569143085692,0.8791736210994286,0.8791736210994285,0.8791736210994286,0.949003796617094,0.23155827466371437,0.9999999930886931,0.9127843457545856,0.8876975040145865,0.113846997776961,1.0,0.5096008471921112,0.9127843457545856,0.5096008471921112,0.9840758676617165,0.10109202459584432,0.9999999999053213,0.9999999999992459,0.9592695526717524,0.041926309125855724,1.0,0.7307605316224149,0.9999999999053213,0.7307605316224149,0.976417651517744,0.12166504836792225,0.9999999998916369,0.9773139069839524,0.9473235871493597,0.053729004777419806,1.0,0.8080842318523939,0.9773139069839524,0.8080842318523939
gRNA_14779,controlsgRNA,-0.5766915062256399,-0.9125851888696367,-0.026617661296600124,0.4544813034005814,-0.6832175903513922,-0.3489261286685375,-0.5766915062256399,3338.093086308179,0.3092488160099713,0.7640965112717745,0.5417011520680068,0.9527590952165341,1.123378678297638,0.738236850572785,0.7640965112717745,0.04500875545167587,0.04500875545167587,0.04500875545167587,0.0,0.0,0.0,0.18464033994484066,0.18464033994484066,0.18464033994484066,-0.40703505676010215,-0.3666936300414848,-0.03296000884902959,-1.112683163663392,-1.8639054180202606,-0.7566554554668539,-0.40703505676010215,0,0.0,0.0,0.0,0.0,,,,,non-targeting control,,0.3814618538146186,0.6232376762323768,0.9626151478811853,0.990842851198751,0.38146185381461856,0.6232376762323768,0.9626151478811852,0.990842851198751,0.9626151478811853,0.9626151478811852,0.0037618615730865943,0.9997509198212267,0.07461428863934431,0.9999993382361851,0.0008678908791144251,0.9991929586637032,0.022786549988360445,1.0,0.07461428863934431,0.022786549988360445,0.9129359528703206,0.13556488171545178,0.9999999999053213,0.9999999999992459,0.9042525134540151,0.09792205029097667,0.99537829772684,0.949631688710001,0.9999999999053213,0.949631688710001,0.6404407712280269,0.6930833547561457,0.9999999998916369,0.9773139069839524,0.47406771099965767,0.5282709781436289,0.9332432425961847,1.0,0.9773139069839524,0.9332432425961847
gRNA_14780,controlsgRNA,0.02695676400423375,-0.9128038825868254,0.5842050261274947,-0.15068070621686566,-0.5635070361149379,-0.20316596695738012,-0.15068070621686566,3928.9049555655974,0.006794180993447781,-0.12576513520174692,-1.0687564935654523,0.2632118508758517,0.3844015879376786,-0.10802280179204424,0.006794180993447781,-0.02078017217731657,-0.02078017217731657,-0.02078017217731657,0.0,0.0,0.0,0.581287106345553,0.581287106345553,0.581287106345553,-0.23846664020987476,-0.1993210209654496,-0.38696519972071575,-0.08421225806832817,-0.38463489601171075,-0.2587200029952158,-0.23846664020987476,0,0.0,0.0,0.0,0.0,,,,,non-targeting control,,0.5412458754124587,0.4641535846415358,0.9866008832906662,0.990842851198751,0.5412458754124587,0.46415358464153583,0.9866008832906662,0.990842851198751,0.9866008832906662,0.9866008832906662,0.49155887662797637,0.6710560065493533,0.9999999930886931,0.9999993382361851,0.3940488208041793,0.6090513504978696,0.8782050990961231,1.0,0.9999993382361851,0.8782050990961231,0.7273698971023925,0.7176176466802152,0.9334166597627972,0.9999999999992459,0.5066415657608915,0.4949928943893959,0.7743789785613625,1.0,0.9334166597627972,0.7743789785613625,0.5170035573126281,0.7863202954587137,0.9747221474624128,0.9773139069839524,0.3527248518506775,0.6496628949563157,0.889213877247704,1.0,0.9747221474624128,0.889213877247704
gRNA_14781,controlsgRNA,-8.491949036669673,-9.915980165742626,-7.612427283508959,-6.309312266469747,-7.6680658818348695,-7.999546926845174,-7.6680658818348695,98.5690616056635,1.0875072554141785,0.5930194824269577,3.065305248491019,-1.9944971844996495,0.33784542341674983,0.617836045049851,0.5930194824269577,-0.7870021065610563,-0.7870021065610563,-0.7870021065610563,0.0,0.0,0.0,-0.5097568782974964,-0.5097568782974964,-0.5097568782974964,-9.559657961687693,-9.598327225150637,-1.8166960501520972,-7.530783565917823,-8.434108543914933,-7.387914669364636,-8.434108543914933,0,0.0,0.0,0.0,0.0,,,,,non-targeting control,,1.0,0.0038996100389961006,1.0,0.45652577599382926,1.0,0.0038996100389960984,1.0,0.4565257759938291,0.45652577599382926,0.4565257759938291,0.001428567368677012,0.6917845493449263,0.042936585026972035,0.9999993382361851,0.009840343566655519,1.0,0.12134985112068657,1.0,0.042936585026972035,0.12134985112068657,0.9999999979978752,2.4799775924334492e-08,0.9999999999053213,9.32471574754977e-06,1.0,2.116546179448779e-09,1.0,7.958213634727409e-07,9.32471574754977e-06,7.958213634727409e-07,0.9999999998916369,1.31660060825071e-07,0.9999999998916369,4.95041828702267e-05,0.9999999974325909,8.122637558484968e-09,1.0,3.054111721990348e-06,4.95041828702267e-05,3.054111721990348e-06
gRNA_14782,controlsgRNA,-1.1128091554481419,-4.40802913112819,-1.5778717011138923,-0.2732597926287796,-0.3016088093101849,-1.5347157179258377,-1.1128091554481419,3078.053923783702,0.16459343178530036,0.1686400911280762,-0.3917770185413712,0.07404660137964403,-0.7606457701004221,-0.14902853286975454,0.07404660137964403,-0.052577221890370424,-0.052577221890370424,-0.052577221890370424,0.0,0.0,0.0,0.4741110350510068,0.4741110350510068,0.4741110350510068,0.25788382983206054,-0.708588195607351,-0.14481123423679287,0.03024210827574768,-0.48054411484334497,-0.20916352131593613,-0.14481123423679287,0,0.0,0.0,0.0,0.0,,,,,non-targeting control,,0.6093390660933905,0.39576042395760425,0.9953525655837778,0.990842851198751,0.6093390660933906,0.39576042395760425,0.9953525655837777,0.990842851198751,0.990842851198751,0.990842851198751,0.6420519015526557,0.6461065381415134,0.9999999930886931,0.9999993382361851,0.49550211347854745,0.5072309738004361,0.9457500866032145,1.0,0.9999993382361851,0.9457500866032145,0.5550981971183809,0.7285717983700868,0.8121281016206663,0.9999999999992459,0.40575569800923983,0.5971748627279804,0.6750625772189123,1.0,0.8121281016206663,0.6750625772189123,0.9364390615304162,0.12817152283558245,0.9999999998916369,0.9773139069839524,0.9178096372724147,0.08356835080938929,0.9945141890905704,0.9220452779452667,0.9773139069839524,0.9220452779452667
gRNA_14783,controlsgRNA,-0.5382521698292684,-4.831016047269217,-4.552271458618052,-1.1472498635651793,-0.7346572940305236,-2.3606893666624478,-1.1472498635651793,4939.900587437867,0.09245284961981377,0.827887651724185,0.26657007677461647,0.352509706979987,-0.4638678328288517,0.21511049045395012,0.26657007677461647,-0.11074877020481672,-0.11074877020481672,-0.11074877020481672,0.0,0.0,0.0,-0.1127268031400365,-0.1127268031400365,-0.1127268031400365,0.480405049056134,-0.7296459344941886,-0.4683622515742991,-1.0143371970919752,-0.303234721569552,-0.40703501113477614,-0.4683622515742991,0,0.0,0.0,0.0,0.0,,,,,non-targeting control,,0.7601239876012398,0.246075392460754,0.9987424218303245,0.9160826491608267,0.76012398760124,0.24607539246075394,0.9987424218303245,0.9160826491608265,0.9160826491608267,0.9160826491608265,0.1588469500752842,0.9252049793058013,0.6944936421896147,0.9999993382361851,0.09890917816810418,0.9028339145427369,0.44728170415126095,1.0,0.6944936421896147,0.44728170415126095,0.6554225131455126,0.4359193341330737,0.8864707372040026,0.9999999999992459,0.6352720737227852,0.3679028334273069,0.8610276191795142,1.0,0.8864707372040026,0.8610276191795142,0.9870601538635537,0.01821371168006854,0.9999999998916369,0.6848355591705771,0.9898047943606523,0.010766132148074859,1.0,0.40480656876761467,0.6848355591705771,0.40480656876761467
gRNA_14784,controlsgRNA,-1.3998357025001154,-1.6558659211878144,1.1635954899557637,-0.26586498856601587,0.32283956424860877,-0.36702631160991467,-0.26586498856601587,2951.1673444795906,0.27821171760023977,-0.1316292785883463,0.3709269093839953,0.12344210819592513,-0.5000724149889655,0.028175808320569696,0.12344210819592513,0.17057102775528515,0.17057102775528515,0.17057102775528515,0.0,0.0,0.0,0.22234887738833328,0.22234887738833328,0.22234887738833328,-0.33301399426981004,0.26004778469626866,0.9665573041188525,-0.8145707692738248,-0.5767721166777717,-0.09955035828125706,-0.33301399426981004,0,0.0,0.0,0.0,0.0,,,,,non-targeting control,,0.17658234176582344,0.8282171782821718,0.8852661400526615,0.990842851198751,0.17658234176582344,0.8282171782821717,0.8852661400526615,0.990842851198751,0.8852661400526615,0.8852661400526615,0.426513207540292,0.8357556793364436,0.9960805343798123,0.9999993382361851,0.27437799960992504,0.7281979961346499,0.755933289899667,1.0,0.9960805343798123,0.755933289899667,0.19569531926493336,0.6972970649652563,0.4570275779106518,0.9999999999992459,0.24196416813630972,0.7630859934515959,0.49444851749593727,1.0,0.4570275779106518,0.49444851749593727,0.4046125804959231,0.613680947362902,0.9202736770867305,0.9773139069839524,0.3938925660214786,0.6098042169400009,0.9050819794609262,1.0,0.9202736770867305,0.9050819794609262
gRNA_14785,controlsgRNA,1.1773006359584173,1.7727101483385008,-2.3007892881211345,0.4237460010898637,0.24743953713796385,0.2640814068807222,0.4237460010898637,4390.420244012653,0.2026978888662079,-0.4129806064860098,-0.34117190687319904,-0.06932998770461611,0.05552194053636312,-0.11305253433225078,-0.06932998770461611,0.1763685650903007,0.1763685650903007,0.1763685650903007,0.0,0.0,0.0,-0.6678824370268562,-0.6678824370268562,-0.6678824370268562,0.251875483300654,0.4392140398781013,0.14974545878894907,-0.659965758624446,-0.05914711482518129,0.02434442170361542,0.14974545878894907,0,0.0,0.0,0.0,0.0,,,,,non-targeting control,,0.1668833116688331,0.8376162383761624,0.8715017387150173,0.990842851198751,0.16688331166883308,0.8376162383761623,0.8715017387150172,0.990842851198751,0.8715017387150173,0.8715017387150172,0.6587741826642675,0.7202755763545087,0.9999999930886931,0.9999993382361851,0.46623712320178096,0.5363700753388181,0.9226587280203664,1.0,0.9999993382361851,0.9226587280203664,0.23487708581510675,0.9077903270720524,0.5040912278417938,0.9999999999992459,0.14010417183677726,0.8619426819709519,0.3658275597960295,1.0,0.5040912278417938,0.3658275597960295,0.05262888479517236,0.8838296072566856,0.7788968766315769,0.9827880188174153,0.05108784592636504,0.9508399412585834,0.8053393290168859,1.0,0.7788968766315769,0.8053393290168859
gRNA_14786,controlsgRNA,0.8768101650740865,-4.74461142643946,-0.19927998004235664,-10.44537205235883,-1.5168750244693336,-3.2058656636471783,-1.5168750244693336,1083.1751769844857,1.0743012015586375,1.4120830454302742,0.3691192431043655,-0.05351593462490316,1.1590811865734303,0.7922137484083608,1.0743012015586375,-0.12520562994277976,-0.12520562994277976,-0.12520562994277976,0.0,0.0,0.0,0.512558384170444,0.512558384170444,0.512558384170444,-0.6282833868202521,-0.8980210023230454,-1.6196871835486157,-3.8289001099158777,0.10473010332928179,-1.3740323158557017,-0.8980210023230454,0,0.0,0.0,0.0,0.0,,,,,non-targeting control,,0.774022597740226,0.2310768923107689,0.9987424218303245,0.8958538489585387,0.774022597740226,0.23107689231076883,0.9987424218303245,0.8958538489585383,0.8958538489585387,0.8958538489585383,0.0010949467363946795,0.9978763304892478,0.041169997288439945,0.9999993382361851,0.0005406274773304701,0.9995309510889233,0.01693966095635473,1.0,0.041169997288439945,0.01693966095635473,0.9547601075646958,0.023443322470459067,0.9999999999053213,0.8814689248892609,0.9809633280339259,0.019961045448082436,1.0,0.5773348529599227,0.8814689248892609,0.5773348529599227,0.7673764360650601,0.005471573649445502,0.9999999998916369,0.34288528203191815,0.9801826371221131,0.02552368878164541,1.0,0.6614593914304862,0.34288528203191815,0.6614593914304862
gRNA_14787,controlsgRNA,1.9447959568356428,-1.817570241536456,0.7561603609541496,-0.38989531961475765,-0.5281009228349531,-0.006922033239274894,-0.38989531961475765,2572.19460762163,-0.04131507743503741,0.20255658847131705,-0.18593765507492957,0.05821579500520811,0.8003785748974005,0.16677964517279173,0.05821579500520811,-0.050014111206119705,-0.050014111206119705,-0.050014111206119705,0.0,0.0,0.0,0.2509764117383871,0.2509764117383871,0.2509764117383871,0.6408069239670883,-0.24521098944996844,0.778600427380845,-2.270720378232885,-1.0070086341125086,-0.4207065300894858,-0.24521098944996844,0,0.0,0.0,0.0,0.0,,,,,non-targeting control,,0.5993400659934006,0.40585941405859405,0.9953525655837778,0.990842851198751,0.5993400659934006,0.40585941405859416,0.9953525655837777,0.990842851198751,0.990842851198751,0.990842851198751,0.2430332833280361,0.9245661826516333,0.8508238606739431,0.9999993382361851,0.14065440716261102,0.8615829360061844,0.5288605709314175,1.0,0.8508238606739431,0.5288605709314175,0.1878734708848436,0.24317790925866803,0.4442794028471773,0.9999999999992459,0.44986824988475527,0.5587356868239529,0.7197891998156084,1.0,0.4442794028471773,0.7197891998156084,0.15342601253994054,0.7517954744849586,0.7788968766315769,0.9773139069839524,0.18114740102201438,0.8228264911241137,0.8202926364723093,1.0,0.7788968766315769,0.8202926364723093
gRNA_14788,controlsgRNA,0.01052813045998355,2.856873636315439,-1.5057209399786358,-1.8323744762621466,0.13854583933818032,-0.06642956202543593,0.01052813045998355,3268.3235427022146,-0.38549219169039817,-0.5555085577322317,-0.5523976542758716,0.02888030022538725,-0.6690325636399063,-0.4267101334226041,-0.5523976542758716,-0.06658644209390141,-0.06658644209390141,-0.06658644209390141,0.0,0.0,0.0,0.11035597714537528,0.11035597714537528,0.11035597714537528,-0.92038638610421,-0.19202607177850553,-0.6326774688015463,-1.1113967982723816,-0.5613104647446985,-0.6835594379402684,-0.6326774688015463,0,0.0,0.0,0.0,0.0,,,,,non-targeting control,,0.6449355064493552,0.3601639836016398,0.9982871631536033,0.987492859105698,0.644935506449355,0.3601639836016398,0.9982871631536034,0.9874928591056978,0.987492859105698,0.9874928591056978,0.9238887348112984,0.33207440296043356,0.9999999930886931,0.9999993382361851,0.828641808020899,0.17335029779667033,1.0,0.6578440098291325,0.9999993382361851,0.6578440098291325,0.9589872160508044,0.20916451155235205,0.9999999999053213,0.9999999999992459,0.9025496640404362,0.09885924052190859,0.99537829772684,0.949631688710001,0.9999999999053213,0.949631688710001,0.10092339283067095,0.6183834923673773,0.7788968766315769,0.9773139069839524,0.21901920248204998,0.7922123049508135,0.8202926364723093,1.0,0.7788968766315769,0.8202926364723093
gRNA_14789,controlsgRNA,0.018532104361113917,-4.2797234314000345,-1.1791998206639687,-0.6536119084329884,-1.0938055833161675,-1.437561727890409,-1.0938055833161675,2921.162825726766,-0.9452593992638493,-1.5866880725428811,-0.13256835198946781,-0.5565923805963612,-1.1140133390284306,-0.867024308684198,-0.9452593992638493,-0.17904201857111152,-0.17904201857111152,-0.17904201857111152,0.0,0.0,0.0,-0.41804137827448873,-0.41804137827448873,-0.41804137827448873,-1.1312267906750073,-0.24218714897278593,-0.3386893040788177,-1.2376532872657735,-1.6759141922124916,-0.9251341446409752,-1.1312267906750073,0,0.0,0.0,0.0,0.0,,,,,non-targeting control,,0.8503149685031497,0.15348465153484647,0.9987424218303245,0.8791736210994285,0.8503149685031497,0.15348465153484658,0.9987424218303245,0.8791736210994286,0.8791736210994285,0.8791736210994286,0.9880679575544281,0.05671306272909659,0.9999999930886931,0.5332921049291166,0.9772984421196781,0.023376864721837396,1.0,0.20927859846216337,0.5332921049291166,0.20927859846216337,0.9766788629319909,0.0607584875106183,0.9999999999053213,0.9999999999992459,0.969899266386137,0.031152072264901732,1.0,0.6421264405538394,0.9999999999053213,0.6421264405538394,0.9306815953381407,0.14778125879087123,0.9999999998916369,0.9773139069839524,0.9075562263913273,0.09447053403095823,0.9945141890905704,0.9220452779452667,0.9773139069839524,0.9220452779452667
gRNA_14790,controlsgRNA,-0.7260258759022169,-3.46193024758464,-0.4837060393988495,-0.05422918088172251,0.5222276777875894,-0.8407327331959678,-0.4837060393988495,1910.1671938544962,0.29760063158678346,-1.0668451111828043,0.13907891284024831,-0.15035687409931417,0.4101533586215922,-0.07407381644669893,0.13907891284024831,0.2912670644574256,0.2912670644574256,0.2912670644574256,0.0,0.0,0.0,0.6334113636738454,0.6334113636738454,0.6334113636738454,-0.3398485413589343,-0.08155058511592693,-0.12760041786726414,-0.15077892166627818,1.0919876021800545,0.0784418272343302,-0.12760041786726414,0,0.0,0.0,0.0,0.0,,,,,non-targeting control,,0.07059294070592939,0.934006599340066,0.6886947668869478,0.990842851198751,0.07059294070592938,0.934006599340066,0.6886947668869482,0.990842851198751,0.6886947668869478,0.6886947668869482,0.44145631340552793,0.695738844318275,0.9999999930886931,0.9999993382361851,0.3526922982888206,0.6504483204231981,0.8332088104307992,1.0,0.9999993382361851,0.8332088104307992,0.13962040817006635,0.9049609187146451,0.37232108845351025,0.9999999999992459,0.1141463544916228,0.8883851771799972,0.33014637914500133,1.0,0.37232108845351025,0.33014637914500133,0.6731656584903364,0.45796580991762115,0.9999999998916369,0.9773139069839524,0.6109312480567948,0.39154313983313277,0.9415240594453308,1.0,0.9773139069839524,0.9415240594453308
gRNA_14791,controlsgRNA,-1.1633064466028413,0.6336786130540049,-2.0766035223418498,0.6948058650516038,-0.07897369985482071,-0.39807983813878056,-0.07897369985482071,3996.505497815936,-0.14197835823764593,-0.048001171788036645,0.36548367059310755,-0.09473363699919768,0.9092743872906249,0.19800897817177043,-0.048001171788036645,0.15756049986583956,0.15756049986583956,0.15756049986583956,0.0,0.0,0.0,0.16132513251879835,0.16132513251879835,0.16132513251879835,0.09257194718819206,0.1978039786733343,0.18703390269659648,-0.3004912947703644,-0.44381220401554916,-0.05337873404555814,0.09257194718819206,0,0.0,0.0,0.0,0.0,,,,,non-targeting control,,0.19598040195980404,0.8086191380861913,0.8877563856517573,0.990842851198751,0.19598040195980404,0.8086191380861913,0.8877563856517575,0.990842851198751,0.8877563856517573,0.8877563856517575,0.1772231240241544,0.9268628833754023,0.7338056740953851,0.9999993382361851,0.11199148427461719,0.889655162882869,0.4506180024738623,1.0,0.7338056740953851,0.4506180024738623,0.38904353802679487,0.8853483901704883,0.6735223371295609,0.9999999999992459,0.22614231287601227,0.7760841007648152,0.4858829122364607,1.0,0.6735223371295609,0.4858829122364607,0.41852872016444387,0.6315796885902215,0.9202736770867305,0.9773139069839524,0.3824026627134933,0.6201242402719855,0.8930646036041832,1.0,0.9202736770867305,0.8930646036041832
gRNA_14792,controlsgRNA,-0.24251697285350132,-3.599107641249473,-0.2522845574726057,-0.19815458017676607,-1.9423145431909996,-1.2468756589886691,-0.2522845574726057,4426.449766531104,-0.34845573359332865,-1.0602558931421635,0.08645874067677235,-0.185958843132442,-0.7444665788871773,-0.4505356616156678,-0.34845573359332865,-0.16380700998563924,-0.16380700998563924,-0.16380700998563924,0.0,0.0,0.0,-0.017077732363125098,-0.017077732363125098,-0.017077732363125098,0.1453425150839294,-0.3484729503156801,0.02895708699883814,-0.8313751616121461,-1.6169182021450583,-0.5244933423980234,-0.3484729503156801,0,0.0,0.0,0.0,0.0,,,,,non-targeting control,,0.8373162683731625,0.16798320167983202,0.9987424218303245,0.8791736210994285,0.8373162683731626,0.1679832016798321,0.9987424218303245,0.8791736210994286,0.8791736210994285,0.8791736210994286,0.8960183631914787,0.30624411710962257,0.9999999930886931,0.9999993382361851,0.8194992107619032,0.18268279713103014,1.0,0.6800864526858151,0.9999993382361851,0.6800864526858151,0.7486553097122454,0.29495995250567236,0.9446120686302157,0.9999999999992459,0.7387694550877235,0.26567926528439356,0.9164510948439379,1.0,0.9446120686302157,0.9164510948439379,0.8565903744264256,0.29260271451779196,0.9999999998916369,0.9773139069839524,0.7976119407041944,0.20446987204549943,0.9725588953587437,1.0,0.9773139069839524,0.9725588953587437
gRNA_14793,controlsgRNA,0.6371461492330827,-2.8047455631026477,-0.17265681088416457,-0.09415178686717124,0.9736728237940734,-0.2921470375653654,-0.09415178686717124,3727.1878294923936,0.18141839737815474,-1.3599775907732055,0.7411349974956444,0.20364372068696643,-0.43807735100930006,-0.134371565244348,0.18141839737815474,0.32110486368602065,0.32110486368602065,0.32110486368602065,0.0,0.0,0.0,-0.2561218533945237,-0.2561218533945237,-0.2561218533945237,0.02702478640479507,0.7935184218033856,0.3802875145395777,-0.5857877739648217,0.49539893737708607,0.22208837723200453,0.3802875145395777,0,0.0,0.0,0.0,0.0,,,,,non-targeting control,,0.048195180481951795,0.9561043895610439,0.6886947668869478,0.990842851198751,0.04819518048195179,0.9561043895610439,0.6886947668869482,0.990842851198751,0.6886947668869478,0.6886947668869482,0.3814280340278021,0.5098377936857477,0.9937087802804399,0.9999993382361851,0.41698676468803286,0.5866251281305809,0.8808259748466313,1.0,0.9937087802804399,0.8808259748466313,0.052790376744886805,0.9620533323906706,0.2181228753415103,0.9999999999992459,0.03239161483958695,0.9684493059817288,0.15416768581879356,1.0,0.2181228753415103,0.15416768581879356,0.2784821695814652,0.7454953369402368,0.8667515046095505,0.9773139069839524,0.2399792287551969,0.763715367463149,0.8202926364723093,1.0,0.8667515046095505,0.8202926364723093
gRNA_14794,controlsgRNA,0.4852610962134308,1.2915436265457219,-3.6079523463194954,-0.6590588273745307,-1.217089629383489,-0.7414592160636725,-0.6590588273745307,3316.4030727519203,0.419411123963876,0.28519546311145594,0.3702088875542353,-0.0695988018266144,0.020392265718850333,0.2051217877043606,0.28519546311145594,-0.14796460943515088,-0.14796460943515088,-0.14796460943515088,0.0,0.0,0.0,-0.4762198336966641,-0.4762198336966641,-0.4762198336966641,0.4579069749422139,-0.03812700846511401,0.08321957191840083,-0.9655936742538818,-1.1414938252943918,-0.32081759223055456,-0.03812700846511401,0,0.0,0.0,0.0,0.0,,,,,non-targeting control,,0.8042195780421959,0.20187981201879812,0.9987424218303245,0.8791736210994285,0.8042195780421959,0.20187981201879807,0.9987424218303245,0.8791736210994286,0.8791736210994285,0.8791736210994286,0.2351353747230459,0.9616448241252749,0.8501048163063967,0.9999993382361851,0.10640577978331411,0.8947207483828089,0.44728170415126095,1.0,0.8501048163063967,0.44728170415126095,0.4802983047335899,0.4866812021345388,0.7611516630843794,0.9999999999992459,0.49592429648641484,0.509507195412683,0.7705270061111239,1.0,0.7611516630843794,0.7705270061111239,0.40011507665609475,0.4225163105000323,0.9202736770867305,0.9773139069839524,0.49655969925204607,0.5073673126639842,0.9342435216116826,1.0,0.9202736770867305,0.9342435216116826
gRNA_14795,controlsgRNA,0.200267071069242,-3.0783555294444844,-0.3877059547470978,0.19448287969610176,0.5180068143382558,-0.5106609438175966,0.19448287969610176,3976.3819852387405,-0.06063822696115535,-0.3696936092641221,0.39785668215136194,-0.41389234887132303,0.35239592526298547,-0.018794315536450612,-0.06063822696115535,0.11752879448660378,0.11752879448660378,0.11752879448660378,0.0,0.0,0.0,-0.28884921733175994,-0.28884921733175994,-0.28884921733175994,0.28782137349321807,0.24214777779955837,0.6340147189766759,-0.1578178163217566,0.3194252497429694,0.26511826073813305,0.28782137349321807,0,0.0,0.0,0.0,0.0,,,,,non-targeting control,,0.26457354264573546,0.7403259674032596,0.8877563856517573,0.990842851198751,0.2645735426457354,0.7403259674032596,0.8877563856517575,0.990842851198751,0.8877563856517573,0.8877563856517575,0.4677088777900107,0.7818286141669515,0.9999999930886931,0.9999993382361851,0.3302760356437471,0.6718838213502707,0.8139843828084591,1.0,0.9999993382361851,0.8139843828084591,0.07434293411626697,0.9899221670776738,0.252464056320239,0.9999999999992459,0.027903166937953226,0.9726697159325252,0.1398878769156055,1.0,0.252464056320239,0.1398878769156055,0.4705866353750148,0.6731235338620956,0.9462062828930778,0.9773139069839524,0.3786234627960416,0.6242350605680472,0.8897651375706978,1.0,0.9462062828930778,0.8897651375706978
gRNA_14796,controlsgRNA,0.11079982655960233,-4.084962314840233,0.370813567102288,-0.08480454653073873,-0.42080146179887534,-0.8217909859015913,-0.08480454653073873,2839.704774815484,-0.3947895150101579,-0.8934396627820836,-1.59160396297637,-0.6993125131344383,0.08432976410747493,-0.698963177959115,-0.6993125131344383,-0.06432144032021798,-0.06432144032021798,-0.06432144032021798,0.0,0.0,0.0,-0.039955459737324374,-0.039955459737324374,-0.039955459737324374,-1.0885892049149393,-0.2675023691076861,-0.7323141011752723,-0.4265045673343885,-1.4312121434844736,-0.7892244772033519,-0.7323141011752723,0,0.0,0.0,0.0,0.0,,,,,non-targeting control,,0.633736626337366,0.37006299370063,0.9970082489658981,0.987492859105698,0.6337366263373663,0.37006299370062995,0.9970082489658985,0.9874928591056978,0.987492859105698,0.9874928591056978,0.9540827557133784,0.11783329774112289,0.9999999930886931,0.7214163154567529,0.9357992801198646,0.06568035973856462,1.0,0.39479619237636215,0.7214163154567529,0.39479619237636215,0.9703134781401875,0.13296750500441903,0.9999999999053213,0.9999999999992459,0.9385087870114414,0.06276595581875519,1.0,0.907692284148152,0.9999999999053213,0.907692284148152,0.5969641998395723,0.4525501742735262,0.9747221474624128,0.9773139069839524,0.5544480468926023,0.44926376950878566,0.9394385359508244,1.0,0.9747221474624128,0.9394385359508244
gRNA_14797,controlsgRNA,0.34206383497748144,-3.8912601414638592,0.12487166515079078,-0.30533936442512094,-0.12525704840387897,-0.7709842108329175,-0.12525704840387897,3459.436662147914,-0.2857009074615316,-0.5749232112751593,0.43939720330169313,-0.1898014227888358,0.7908012946806997,0.03595459129137322,-0.1898014227888358,0.06291437795137728,0.06291437795137728,0.06291437795137728,0.0,0.0,0.0,-0.0702593566788834,-0.0702593566788834,-0.0702593566788834,0.046864222418901605,0.3512286868549715,-0.33775744137210584,-0.8550778166652282,-0.325830636090983,-0.22411459697088879,-0.325830636090983,0,0.0,0.0,0.0,0.0,,,,,non-targeting control,,0.31756824317568244,0.6868313168683133,0.8977869130380195,0.990842851198751,0.31756824317568244,0.6868313168683132,0.8977869130380195,0.990842851198751,0.8977869130380195,0.8977869130380195,0.30398515644790963,0.7681711463517609,0.9645843455104646,0.9999993382361851,0.25859372100005973,0.7444662073427629,0.727867709546558,1.0,0.9645843455104646,0.727867709546558,0.5349770254096358,0.6935030557762633,0.7950646701740042,0.9999999999992459,0.4153718925802727,0.5871105877372703,0.6849992614481689,1.0,0.7950646701740042,0.6849992614481689,0.5905053786630013,0.5025004359999599,0.9747221474624128,0.9773139069839524,0.5268865855160556,0.47710584133961903,0.9347526025086272,1.0,0.9747221474624128,0.9347526025086272
gRNA_14798,controlsgRNA,0.7625192206784017,-4.411865729283604,-0.5206958928828028,-0.8835048102456536,-2.277934931817592,-1.4662964287102502,-0.8835048102456536,2358.6684741677964,0.5199786174386709,0.11804401366111451,0.3079179473172079,-0.19883216625892144,0.27809747992141115,0.2050411784158966,0.27809747992141115,0.2820615656118276,0.2820615656118276,0.2820615656118276,0.0,0.0,0.0,-0.2903122463844675,-0.2903122463844675,-0.2903122463844675,-0.4618618067323833,-0.6689988176822117,-0.26061741486050066,-1.0286631795908896,0.13589679348426623,-0.4568488850763438,-0.4618618067323833,0,0.0,0.0,0.0,0.0,,,,,non-targeting control,,0.07629237076292371,0.9295070492950704,0.6886947668869478,0.990842851198751,0.07629237076292368,0.9295070492950706,0.6886947668869482,0.990842851198751,0.6886947668869478,0.6886947668869482,0.22440669201515986,0.956281521613439,0.8191933611427196,0.9999993382361851,0.10662645236047624,0.895060739743041,0.44728170415126095,1.0,0.8191933611427196,0.44728170415126095,0.8176239665717208,0.42328862888761015,0.9871084491626057,0.9999999999992459,0.7175695607609601,0.2845434187932898,0.9084382318051213,1.0,0.9871084491626057,0.9084382318051213,0.7864579810010495,0.1424612923543885,0.9999999998916369,0.9773139069839524,0.8573113442655922,0.14752018835447167,0.9865351556627076,1.0,0.9773139069839524,0.9865351556627076
gRNA_14799,controlsgRNA,-0.33009100049033524,2.501783218910451,-2.1444154148103567,-1.763934048646098,-0.8320201495106877,-0.5137354789094053,-0.8320201495106877,1728.0915800572375,0.05709122437568485,-0.6816961954739713,-1.3974716676577528,0.47276141696299634,0.021861385489251883,-0.3054907672607582,0.021861385489251883,0.123790750319032,0.123790750319032,0.123790750319032,0.0,0.0,0.0,0.5058763154984776,0.5058763154984776,0.5058763154984776,-0.443928058937521,0.9479317589035974,-0.06462770650053731,-0.8093749840026753,-1.6613748957353087,-0.406274777254489,-0.443928058937521,0,0.0,0.0,0.0,0.0,,,,,non-targeting control,,0.2410758924107589,0.7635236476352364,0.8877563856517573,0.990842851198751,0.24107589241075889,0.7635236476352365,0.8877563856517575,0.990842851198751,0.8877563856517573,0.8877563856517575,0.6146261993904936,0.37979468706128694,0.9999999930886931,0.9999993382361851,0.6224198499787016,0.38175422808832693,0.994516909040091,0.985000306407196,0.9999993382361851,0.985000306407196,0.3400972460105259,0.2995961008651127,0.6237881195119889,0.9999999999992459,0.55993657683739,0.4461098537302385,0.803573102636865,1.0,0.6237881195119889,0.803573102636865,0.22014954043713722,0.4064734764389239,0.7984780383022574,0.9773139069839524,0.45612140018829833,0.5605608895999455,0.9214328621195517,1.0,0.7984780383022574,0.9214328621195517
gRNA_14800,controlsgRNA,-0.23279255736266533,-4.000572208945403,-0.30696229615548687,-0.5818984837335952,-1.7240403350614593,-1.369253176251722,-0.5818984837335952,4768.79048049405,-0.5794258131767412,-1.186369134186029,-0.04357338792976321,-0.5277995665708977,-0.3023651589250392,-0.5279066121576941,-0.5277995665708977,-0.2527171231053197,-0.2527171231053197,-0.2527171231053197,0.0,0.0,0.0,-0.6366273420626797,-0.6366273420626797,-0.6366273420626797,-0.020694176845759766,0.18369067708418216,0.09724042563184433,-1.2902889031392637,0.2536478851119801,-0.1552808184314034,0.09724042563184433,0,0.0,0.0,0.0,0.0,,,,,non-targeting control,,0.9472052794720528,0.05689431056894311,0.9988569143085692,0.7349458602526847,0.9472052794720528,0.05689431056894309,0.9988569143085692,0.7349458602526842,0.7349458602526847,0.7349458602526842,0.9434994207441341,0.22367222521801267,0.9999999930886931,0.9127843457545856,0.8846068162475255,0.11683347704998215,1.0,0.5098236939303962,0.9127843457545856,0.5098236939303962,0.3647033900774875,0.7039057897592853,0.6468324276846005,0.9999999999992459,0.29743961407361924,0.706650404001772,0.5677020045262987,1.0,0.6468324276846005,0.5677020045262987,0.9060966108267811,0.21161479596837904,0.9999999998916369,0.9773139069839524,0.8634089212556944,0.13853912263246448,0.9897614463175033,1.0,0.9773139069839524,0.9897614463175033
gRNA_14801,controlsgRNA,-0.23754946625691029,-2.3907083433301177,-2.433456580609331,-0.11321269075755769,0.9651433470511529,-0.8419567467805529,-0.23754946625691029,3545.3532158457597,0.4193105802064772,0.09522754434982493,-0.4436672362761831,0.43616868789403496,-0.08709281564496578,0.08398935210583763,0.09522754434982493,0.2523531769027223,0.2523531769027223,0.2523531769027223,0.0,0.0,0.0,0.09742541002774927,0.09742541002774927,0.09742541002774927,0.48011626878130753,-0.11609443415044994,-0.5580419934822756,-1.162701341750916,-0.6740557903900832,-0.4061554581984835,-0.5580419934822756,0,0.0,0.0,0.0,0.0,,,,,non-targeting control,,0.0953904609539046,0.9091090890910909,0.7385842060955193,0.990842851198751,0.09539046095390463,0.9091090890910909,0.7385842060955193,0.990842851198751,0.7385842060955193,0.7385842060955193,0.33300563957455737,0.8773549354443662,0.9804725963952906,0.9999993382361851,0.20514843161947677,0.7967881095643525,0.6638911787731914,1.0,0.9804725963952906,0.6638911787731914,0.625264153256019,0.41239608101348757,0.8675251720452515,0.9999999999992459,0.6282205204317459,0.37631150970631555,0.8589487842994052,1.0,0.8675251720452515,0.8589487842994052,0.5600142126078407,0.44267259912237067,0.9747221474624128,0.9773139069839524,0.5712144066657442,0.4321906825046533,0.9394385359508244,1.0,0.9747221474624128,0.9394385359508244
gRNA_14802,controlsgRNA,0.46591093268234546,1.759547726835771,-2.407322471491136,0.9395696527837244,-1.355745599102318,-0.11960795165832258,0.46591093268234546,4355.475222172014,0.31619286121975826,0.7676640587665565,0.5261734043430675,0.5744659671735763,-0.07967331726206622,0.42096459484817855,0.5261734043430675,0.19757933159570865,0.19757933159570865,0.19757933159570865,0.0,0.0,0.0,-0.4482913524031243,-0.4482913524031243,-0.4482913524031243,0.48134613196301246,-0.22098819509852413,-0.22738555221819634,-0.3450590296718027,-0.540734111860837,-0.17056415137726955,-0.22738555221819634,0,0.0,0.0,0.0,0.0,,,,,non-targeting control,,0.1434856514348565,0.8621137886211379,0.8052329095448664,0.990842851198751,0.14348565143485648,0.8621137886211377,0.8052329095448663,0.990842851198751,0.8052329095448664,0.8052329095448663,0.05766750662595365,0.9915909487135371,0.4336596498271715,0.9999993382361851,0.02123050714866255,0.9793310579158065,0.1773926819532693,1.0,0.4336596498271715,0.1773926819532693,0.48584148707513586,0.7615925662933375,0.7611516630843794,0.9999999999992459,0.359390339075599,0.6437083168204218,0.643479845202025,1.0,0.7611516630843794,0.643479845202025,0.11897168230782415,0.6812735342958964,0.7788968766315769,0.9773139069839524,0.16926350802558854,0.8353524170518062,0.8202926364723093,1.0,0.7788968766315769,0.8202926364723093
gRNA_14803,controlsgRNA,0.2741394447613206,-3.466705207977839,-0.09497487263005913,-0.9215723923420769,-0.6923729768975369,-0.9802972010172383,-0.6923729768975369,4207.501129688206,-0.581969106230225,-0.39875492747677854,-0.3404954297189573,-0.6378153620320608,-0.7409610976077297,-0.5399991846131502,-0.581969106230225,-0.2524016700386307,-0.2524016700386307,-0.2524016700386307,0.0,0.0,0.0,-0.15655696566527055,-0.15655696566527055,-0.15655696566527055,0.35658869711706154,0.08825062048280752,0.26882358217510516,0.016246772447739238,-0.6456809135047505,0.016845751743592575,0.08825062048280752,0,0.0,0.0,0.0,0.0,,,,,non-targeting control,,0.9432056794320568,0.06059394060593942,0.9988569143085692,0.7349458602526847,0.9432056794320568,0.06059394060593938,0.9988569143085692,0.7349458602526842,0.7349458602526847,0.7349458602526842,0.9718046035527087,0.2321219674143124,0.9999999930886931,0.9127843457545856,0.904856377707024,0.09636945351385556,1.0,0.4815058826075952,0.9127843457545856,0.4815058826075952,0.25453136641175045,0.9117550974543172,0.5247753134994804,0.9999999999992459,0.14625806042309225,0.8555455866255351,0.3696603832628353,1.0,0.5247753134994804,0.3696603832628353,0.7894943959376551,0.3761952117884331,0.9999999998916369,0.9773139069839524,0.71995384835591,0.2833554555398937,0.966809041906353,1.0,0.9773139069839524,0.966809041906353
gRNA_14804,controlsgRNA,-0.27018516219411653,-4.149442554720134,-1.6322013200308791,-0.3536436999656407,0.1267461831827989,-1.2557453107455945,-0.3536436999656407,4128.3325802078625,-0.152927594727217,-0.7517813391709264,-1.249998041984845,-0.8380658916004661,-0.21965580704392812,-0.6424857349054766,-0.7517813391709264,-0.3088446567316957,-0.3088446567316957,-0.3088446567316957,0.0,0.0,0.0,-0.3667476640407167,-0.3667476640407167,-0.3667476640407167,-0.7637604639784301,-1.0556856260549805,-0.7806637556781938,-0.8089070449933696,0.2160155869973481,-0.6386002607415252,-0.7806637556781938,0,0.0,0.0,0.0,0.0,,,,,non-targeting control,,0.9744025597440256,0.032396760323967606,0.9988569143085692,0.5536900855369009,0.9744025597440256,0.03239676032396761,0.9988569143085692,0.553690085536901,0.5536900855369009,0.553690085536901,0.9667458698388529,0.14233399345055828,0.9999999930886931,0.7590573631127788,0.9327531360425457,0.06843809456239902,1.0,0.39479619237636215,0.7590573631127788,0.39479619237636215,0.8971346098982472,0.2149238926340016,0.9999999999053213,0.9999999999992459,0.8691785425578364,0.13239580916789395,0.9843708795233328,1.0,0.9999999999053213,0.9843708795233328,0.8313482244932415,0.24163733902656478,0.9999999998916369,0.9773139069839524,0.8067936952071258,0.19609553046805756,0.9736728225465442,1.0,0.9773139069839524,0.9736728225465442
gRNA_14805,controlsgRNA,-0.2646609099912652,-2.008982878197019,-0.04088693451303152,0.3064918500462323,0.5133128619954637,-0.29894520213192394,-0.04088693451303152,3475.945172465733,-0.14873659791714738,-0.4083740687220074,0.631670759640502,-0.01349471262849934,0.19207223570718832,0.05062752321600724,-0.01349471262849934,0.08322885934801312,0.08322885934801312,0.08322885934801312,0.0,0.0,0.0,-0.5671082917796068,-0.5671082917796068,-0.5671082917796068,1.525385185851514,0.6737521020256999,0.21224776459833192,0.1368472131030241,0.24514562238124654,0.5586755775919633,0.24514562238124654,0,0.0,0.0,0.0,0.0,,,,,non-targeting control,,0.29277072292770717,0.7133286671332868,0.8877563856517573,0.990842851198751,0.2927707229277072,0.7133286671332867,0.8877563856517575,0.990842851198751,0.8877563856517573,0.8877563856517575,0.3689576703886834,0.8477474930822885,0.9937087802804399,0.9999993382361851,0.24475172389079708,0.7576493714651567,0.7024934975796924,1.0,0.9937087802804399,0.7024934975796924,0.003560603937726892,0.9981653700787423,0.03860532934276176,0.9999999999992459,0.0017654857189111908,0.9987022893971149,0.023707951082521706,1.0,0.03860532934276176,0.023707951082521706,0.4606566831337149,0.7511224479393621,0.9413419177080261,0.9773139069839524,0.3356752723656501,0.6665189526099078,0.889213877247704,1.0,0.9413419177080261,0.889213877247704
gRNA_14806,controlsgRNA,1.1589850652825284,-4.530983832126184,-0.2385099095823936,0.3979652877342385,1.9573101812848757,-0.25104664148138706,0.3979652877342385,1927.1577044735652,-0.09006434946487137,-0.6226639496878982,-0.13557680978286937,0.7032170053775196,-1.0206131735496053,-0.23314025542154493,-0.13557680978286937,-0.2130405872567595,-0.2130405872567595,-0.2130405872567595,0.0,0.0,0.0,-0.5852624543113178,-0.5852624543113178,-0.5852624543113178,0.7806165684112362,0.19753429071308434,0.1979595445599705,0.573679091007709,-1.1817238184530063,0.11361313524779874,0.1979595445599705,0,0.0,0.0,0.0,0.0,,,,,non-targeting control,,0.888011198880112,0.11628837116288371,0.9988569143085692,0.8791736210994285,0.888011198880112,0.11628837116288376,0.9988569143085692,0.8791736210994286,0.8791736210994285,0.8791736210994286,0.5787397668661453,0.4751307983741132,0.9999999930886931,0.9999993382361851,0.5685049180610582,0.434109729204809,0.994516909040091,1.0,0.9999993382361851,0.994516909040091,0.06025841161683262,0.8401663908624049,0.22082373986452913,0.9999999999992459,0.06302767051933493,0.9386503079473828,0.22569908681209463,1.0,0.22082373986452913,0.22569908681209463,0.06689313774475188,0.5160859292731363,0.7788968766315769,0.9773139069839524,0.14616522742947774,0.8587129628075969,0.8103227152144246,1.0,0.7788968766315769,0.8103227152144246
gRNA_14807,controlsgRNA,-0.6475355826895128,-4.199095652836928,-0.5215413348161247,0.8689726469922402,-0.5685189733715879,-1.0135437793443827,-0.5685189733715879,4803.253502033439,0.05253694008480844,0.38033489752174143,0.25806363370133295,0.28782099987043325,0.991639723254089,0.394079238886481,0.28782099987043325,-0.0011751992402218448,-0.0011751992402218448,-0.0011751992402218448,0.0,0.0,0.0,-0.334667592599792,-0.334667592599792,-0.334667592599792,-0.6350097515572605,-0.05463883791074475,-0.13430399563301137,-0.6511845635350391,-0.32316537123441724,-0.3596605039740946,-0.32316537123441724,0,0.0,0.0,0.0,0.0,,,,,non-targeting control,,0.49005099490050996,0.5134486551344868,0.9853431769122554,0.990842851198751,0.49005099490050996,0.5134486551344866,0.9853431769122554,0.990842851198751,0.9853431769122554,0.9853431769122554,0.06713827355226253,0.9887023936474277,0.4551681042382512,0.9999993382361851,0.02780288687632973,0.9728600023714085,0.21778928053124957,1.0,0.4551681042382512,0.21778928053124957,0.7807350987054719,0.5905059863488809,0.9624799905352702,0.9999999999992459,0.6093012227227464,0.39310123040541933,0.8459124063031466,1.0,0.9624799905352702,0.8459124063031466,0.6578971449186944,0.3016574123858286,0.9999999998916369,0.9773139069839524,0.6933677092047551,0.3104181160162758,0.966809041906353,1.0,0.9773139069839524,0.966809041906353
gRNA_14808,controlsgRNA,-0.6985219272984212,-2.7709375505675973,-0.693584120881868,-0.25889165453459745,-2.0151336967002362,-1.287413789996544,-0.6985219272984212,7443.2896520560325,0.23664538006924682,0.3028184301446487,0.22024364300990118,0.2391163861890338,0.11506335978387097,0.22277743983934034,0.23664538006924682,0.041014964225806756,0.041014964225806756,0.041014964225806756,0.0,0.0,0.0,-0.5628143211247659,-0.5628143211247659,-0.5628143211247659,0.36966684809201533,0.034290698120860864,-0.1020410473019199,-0.22423941579124207,-0.3784366615421277,-0.06015191568448269,-0.1020410473019199,0,0.0,0.0,0.0,0.0,,,,,non-targeting control,,0.40235976402359774,0.6033396660333967,0.9760469114378887,0.990842851198751,0.40235976402359763,0.6033396660333966,0.9760469114378884,0.990842851198751,0.9760469114378887,0.9760469114378884,0.24504962520218856,0.9719763236799215,0.8508238606739431,0.9999993382361851,0.10072275158580452,0.9007135359987033,0.44728170415126095,1.0,0.8508238606739431,0.44728170415126095,0.4004946182120603,0.8817717835094212,0.6735223371295609,0.9999999999992459,0.23598117230367593,0.7661678080122974,0.4904980034060075,1.0,0.6735223371295609,0.4904980034060075,0.940572006191641,0.24114801121599455,0.9999999998916369,0.9773139069839524,0.8759381235472623,0.1254535979949825,0.9945141890905704,1.0,0.9773139069839524,0.9945141890905704
gRNA_14809,controlsgRNA,-1.0839492652261018,0.9307982434351939,-0.42762080372341676,-1.0226609312359902,-1.2296014814810068,-0.5666068476462642,-1.0226609312359902,1917.2766982979365,0.42087445892030556,-0.3371501256115947,1.0322668807857291,-0.7254490950551575,-1.1890469323534847,-0.15970096266284042,-0.3371501256115947,-0.0011718260906377564,-0.0011718260906377564,-0.0011718260906377564,0.0,0.0,0.0,0.00142576419037445,0.00142576419037445,0.00142576419037445,-0.2601195291302341,0.00539864670791502,-0.8490776074408268,-2.257974572173889,-1.203641759019458,-0.9130829642112985,-0.8490776074408268,0,0.0,0.0,0.0,0.0,,,,,non-targeting control,,0.48665133486651324,0.5181481851814819,0.9853431769122554,0.990842851198751,0.48665133486651335,0.5181481851814819,0.9853431769122554,0.990842851198751,0.9853431769122554,0.9853431769122554,0.2955082355185163,0.415787660852957,0.9645843455104646,0.9999993382361851,0.448001538008562,0.5587460738393852,0.8964352252234117,1.0,0.9645843455104646,0.8964352252234117,0.9328046634478429,0.07060954045082178,0.9999999999053213,0.9999999999992459,0.947243303322427,0.054311043413512936,1.0,0.887867492325255,0.9999999999053213,0.887867492325255,0.659808146963723,0.4821152016511585,0.9999999998916369,0.9773139069839524,0.6134794490059771,0.3899748571826022,0.9415240594453308,1.0,0.9773139069839524,0.9415240594453308
gRNA_14810,controlsgRNA,-0.28832161085095204,-3.9051380176814248,0.10901902364946774,-0.15149204765561278,0.9585641221804052,-0.6554737060716234,-0.15149204765561278,4423.798764874228,-0.28241903930854473,-1.5228373237775383,0.29763799144720676,-0.6896796349799538,-0.31305936960211767,-0.5020714752441895,-0.31305936960211767,0.0510550084482343,0.0510550084482343,0.0510550084482343,0.0,0.0,0.0,-0.055111447110288696,-0.055111447110288696,-0.055111447110288696,0.3975115247544226,-0.3661434753101073,0.08384822389457104,0.12443313173550398,-1.156415114734356,-0.18335314193199315,0.08384822389457104,0,0.0,0.0,0.0,0.0,,,,,non-targeting control,,0.3363663633636636,0.6681331866813319,0.9231660775528286,0.990842851198751,0.33636636336366366,0.6681331866813318,0.9231660775528288,0.990842851198751,0.9231660775528286,0.9231660775528288,0.8554475230577143,0.23416507148694232,0.9999999930886931,0.9127843457545856,0.8299350527039531,0.1724746914302469,1.0,0.6578440098291325,0.9127843457545856,0.6578440098291325,0.4009732584379277,0.6738102209402745,0.6735223371295609,0.9999999999992459,0.3424464472594738,0.6604097681796237,0.6250478843182629,1.0,0.6735223371295609,0.6250478843182629,0.4258071447310262,0.5260872682823846,0.9254536787217679,0.9773139069839524,0.4261534206745446,0.5769464696370101,0.9108576036662016,1.0,0.9254536787217679,0.9108576036662016
gRNA_14811,controlsgRNA,-3.1314938294558536,-0.15343193048954992,-5.55795862731348,-0.5559291011143147,-0.661448017463156,-2.0120523011672704,-0.661448017463156,4318.722699201687,0.7199437365419225,1.1418822759717548,0.35381464638391796,0.47053689666810267,1.2718187874256681,0.7915992685982731,0.7199437365419225,-0.01886906197913705,-0.01886906197913705,-0.01886906197913705,0.0,0.0,0.0,-0.0074842332752828285,-0.0074842332752828285,-0.0074842332752828285,-1.2755253271204514,-0.26166115342682605,-0.23835021325405753,-0.5856330484717841,0.2503571474370959,-0.42216251896720464,-0.26166115342682605,0,0.0,0.0,0.0,0.0,,,,,non-targeting control,,0.535946405359464,0.46775322467753244,0.9866008832906662,0.990842851198751,0.535946405359464,0.4677532246775322,0.9866008832906662,0.990842851198751,0.9866008832906662,0.9866008832906662,0.0018114415442257246,0.9997860440879432,0.04540680137525816,0.9999993382361851,0.00046036424137966815,0.9995929076985065,0.015736086796250475,1.0,0.04540680137525816,0.015736086796250475,0.7342802698220006,0.4244507299996942,0.937732130707381,0.9999999999992459,0.6661465914813948,0.33694481308352886,0.8788460294631735,1.0,0.937732130707381,0.8788460294631735,0.9414270136227165,0.0666443927156423,0.9999999998916369,0.9773139069839524,0.950318376764737,0.053031941189302656,1.0,0.8080842318523939,0.9773139069839524,0.8080842318523939
gRNA_14812,controlsgRNA,-0.6090593958292314,-2.71000547446716,-0.5030445192556415,-0.4967977230223237,-2.457245862609832,-1.3552305950368377,-0.6090593958292314,3175.1769844856153,0.16228781789396787,0.8471331615535189,-0.10356602034834668,-0.03681099053037278,-0.025454205063411152,0.16871795270107126,-0.025454205063411152,-0.1899884441849829,-0.1899884441849829,-0.1899884441849829,0.0,0.0,0.0,-0.22918789098581918,-0.22918789098581918,-0.22918789098581918,-0.10735317839642064,-0.42285527043954707,-0.9420009997997311,-1.8399021562469215,-1.6754825276081977,-0.9975188264981636,-0.9420009997997311,0,0.0,0.0,0.0,0.0,,,,,non-targeting control,,0.8634136586341365,0.1418858114188581,0.9987424218303245,0.8791736210994285,0.8634136586341365,0.1418858114188582,0.9987424218303245,0.8791736210994286,0.8791736210994285,0.8791736210994286,0.22080608959973388,0.9262211070107493,0.8139518597009798,0.9999993382361851,0.13198567379181358,0.8695802188225286,0.5116145705744527,1.0,0.8139518597009798,0.5116145705744527,0.969597955911989,0.043865191510536666,0.9999999999053213,0.9767172506224799,0.9737152011354034,0.026912902140709315,1.0,0.632453200306669,0.9767172506224799,0.632453200306669,0.9423409356651062,0.2390917554924359,0.9999999998916369,0.9773139069839524,0.8775843733768434,0.1240935921147649,0.9945141890905704,1.0,0.9773139069839524,0.9945141890905704
gRNA_14813,controlsgRNA,-0.936752676195541,2.425629030062422,-0.7020662917018696,0.30640965933863185,0.31692077593222606,0.2820280994871739,0.30640965933863185,2269.016418135261,-0.31384053712926774,-1.3250848069936472,-0.7889474783652234,-1.1778581964619104,-0.1944765958284993,-0.7600415229557096,-0.7889474783652234,-0.13226814933403916,-0.13226814933403916,-0.13226814933403916,0.0,0.0,0.0,0.014278182628242491,0.014278182628242491,0.014278182628242491,0.7709575333216672,-0.2574789476543268,-0.6522719339941009,-0.8225514860031682,0.6794258842739113,-0.056383790011203486,-0.2574789476543268,0,0.0,0.0,0.0,0.0,,,,,non-targeting control,,0.7873212678732127,0.21817818218178184,0.9987424218303245,0.8916847445690215,0.7873212678732127,0.2181781821817818,0.9987424218303245,0.8916847445690214,0.8916847445690215,0.8916847445690214,0.9817841058285118,0.0828759090628165,0.9999999930886931,0.574676272078362,0.964099257005259,0.036637497409660984,1.0,0.270111745608481,0.574676272078362,0.270111745608481,0.14807818940258352,0.7118948659920346,0.37547155218715444,0.9999999999992459,0.19218774087483964,0.8118849740922738,0.43557970485595093,1.0,0.37547155218715444,0.43557970485595093,0.08550450564261056,0.8502357240475954,0.7788968766315769,0.9773139069839524,0.10415031334337072,0.9001643138104201,0.8103227152144246,1.0,0.7788968766315769,0.8103227152144246
gRNA_14814,controlsgRNA,-0.9498422581326988,0.000878495866650644,-0.9107010303124773,0.024130751616649595,-2.713962058339102,-0.9098992198601955,-0.9107010303124773,1758.4575990359995,1.12101435787985,0.42954057107426874,-0.18593428605517404,0.11090285767172382,0.6592461572451632,0.4269539315631664,0.42954057107426874,0.1297196793027707,0.1297196793027707,0.1297196793027707,0.0,0.0,0.0,0.2371285542579947,0.2371285542579947,0.2371285542579947,0.29348859559390794,-0.7229689030230527,0.5218482854813552,-0.2428005667883399,0.2478665096855644,0.019486784189886985,0.2478665096855644,0,0.0,0.0,0.0,0.0,,,,,non-targeting control,,0.23247675232476753,0.7732226777322267,0.8877563856517573,0.990842851198751,0.2324767523247675,0.7732226777322267,0.8877563856517575,0.990842851198751,0.8877563856517573,0.8877563856517575,0.04278063113350101,0.98119294855403,0.3345284291776322,0.9999993382361851,0.0226284135685388,0.9781345407449806,0.18496268482109976,1.0,0.3345284291776322,0.18496268482109976,0.20071419679469815,0.8825346201666681,0.46253973594614745,0.9999999999992459,0.1381534901552054,0.8642841364877887,0.36462851723277323,1.0,0.46253973594614745,0.36462851723277323,0.8273583698266225,0.4013569323224853,0.9999999998916369,0.9773139069839524,0.7321054695922744,0.2705400170222181,0.966809041906353,1.0,0.9773139069839524,0.966809041906353
gRNA_14815,controlsgRNA,0.2895181564095307,2.3855813524176255,-4.415852035090699,-1.1395483220361555,-0.5225476562476984,-0.6805697009094793,-0.5225476562476984,4580.2078626299135,-0.6328288491231612,-1.2031007209903348,-1.5460157279755091,-0.7099229184907219,-1.0778923170311026,-1.0339521067221658,-1.0778923170311026,-0.24866077884344032,-0.24866077884344032,-0.24866077884344032,0.0,0.0,0.0,-0.8995791722050104,-0.8995791722050104,-0.8995791722050104,0.23909772245560654,-0.6550405440263428,-0.5746912626879274,-1.2316842373863153,-0.631280151470813,-0.5707196946231583,-0.631280151470813,0,0.0,0.0,0.0,0.0,,,,,non-targeting control,,0.9278072192780722,0.07719228077192282,0.9988569143085692,0.8511371085113711,0.9278072192780722,0.07719228077192282,0.9988569143085692,0.8511371085113716,0.8511371085113711,0.8511371085113716,0.9985411913726001,0.024960817959683648,0.9999999930886931,0.39596985455591455,0.9935042686007213,0.006733400915010761,1.0,0.13325046021284453,0.39596985455591455,0.13325046021284453,0.8553960417255834,0.2742071061665361,0.9970586976965533,0.9999999999992459,0.815429559892981,0.1860263633046868,0.9702579573410154,1.0,0.9970586976965533,0.9702579573410154,0.20233570877013468,0.28885450595166784,0.7936482458379993,0.9773139069839524,0.4623428690809384,0.5472732179612463,0.9214328621195517,1.0,0.7936482458379993,0.9214328621195517
gRNA_14816,controlsgRNA,-0.5136983844269543,-2.777350398703298,0.4114992378639981,-0.35607992138676353,-0.025468202097647198,-0.652219533750133,-0.35607992138676353,5377.1953607471005,-0.07650969171265472,0.07766233637631871,0.30158177846783635,-0.03988954451733608,0.41897799754558107,0.13636457523194906,0.07766233637631871,-0.19378154429980254,-0.19378154429980254,-0.19378154429980254,0.0,0.0,0.0,-0.3190575013252515,-0.3190575013252515,-0.3190575013252515,-0.6274393711543897,0.015261849397910166,0.003837055230173658,-0.8015095454726623,-1.067173169207858,-0.49540463624136527,-0.6274393711543897,0,0.0,0.0,0.0,0.0,,,,,non-targeting control,,0.8741125887411259,0.13128687131286873,0.9987424218303245,0.8791736210994285,0.8741125887411259,0.13128687131286865,0.9987424218303245,0.8791736210994286,0.8791736210994285,0.8791736210994286,0.31975277595044144,0.9368346291680709,0.9804725963952906,0.9999993382361851,0.16023076327592184,0.8419959338041803,0.5774959967022548,1.0,0.9804725963952906,0.5774959967022548,0.8190899897306727,0.37190633135609735,0.9871084491626057,0.9999999999992459,0.7433978295941518,0.25899637680586013,0.9164510948439379,1.0,0.9871084491626057,0.9164510948439379,0.643344362054874,0.5840166768441698,0.9999999998916369,0.9773139069839524,0.5278914549716492,0.4754958630173169,0.9347526025086272,1.0,0.9773139069839524,0.9347526025086272
gRNA_14817,controlsgRNA,-1.8104501522633494,-3.788498051171446,0.8405628162253846,0.019121745164369555,1.0185735908019973,-0.7441380102486088,0.019121745164369555,907.9680674800421,-0.12720209744948566,-0.406006560862394,0.8441715636414615,0.3088589385209569,-0.24109847521889385,0.07574467372632898,-0.12720209744948566,0.7102969255047592,0.7102969255047592,0.7102969255047592,0.0,0.0,0.0,0.46952402123884385,0.46952402123884385,0.46952402123884385,-0.6425308287882266,0.0660958752787558,0.3197191891890901,-0.4338657691330411,1.0054109160219613,0.06296587651370791,0.0660958752787558,0,0.0,0.0,0.0,0.0,,,,,non-targeting control,,0.011498850114988503,0.9941005899410059,0.6886947668869478,0.9967515248475153,0.0114988501149885,0.9941005899410059,0.6886947668869482,0.9967515248475153,0.6886947668869478,0.6886947668869482,0.27110292124827723,0.8313920397892303,0.9183306161202903,0.9999993382361851,0.21107980267211218,0.7917079988271709,0.666941225249699,1.0,0.9183306161202903,0.666941225249699,0.11193040193531532,0.8634106512555996,0.32647088316826395,0.9999999999992459,0.10891222712595217,0.8946723567989415,0.3199296671824845,1.0,0.32647088316826395,0.3199296671824845,0.31161245800004267,0.4399329127621858,0.9082657690543879,0.9773139069839524,0.41343012699619464,0.5904437332118028,0.9050819794609262,1.0,0.9082657690543879,0.9050819794609262
gRNA_14818,controlsgRNA,-1.8308579076700369,-4.146008528246483,-0.6794417717552995,-0.5327305155295742,-1.463555689141406,-1.73051888246856,-1.463555689141406,4031.8120198825122,-0.3653385449859744,-1.0388792783372307,-0.49330056390990296,-0.9103287372314905,-1.3020587332501725,-0.8219811715429541,-0.9103287372314905,-0.011795939182409962,-0.011795939182409962,-0.011795939182409962,0.0,0.0,0.0,-0.5388524715622192,-0.5388524715622192,-0.5388524715622192,-0.17904510101410218,-0.7169113765472156,-0.3668398058453153,-0.9076533167509518,-0.31480612929574625,-0.49705114589066623,-0.3668398058453153,0,0.0,0.0,0.0,0.0,,,,,non-targeting control,,0.5114488551144887,0.4936506349365065,0.9866008832906662,0.990842851198751,0.5114488551144886,0.49365063493650635,0.9866008832906662,0.990842851198751,0.9866008832906662,0.9866008832906662,0.9928929146594464,0.06660501192034211,0.9999999930886931,0.5713662183244291,0.9773851870981554,0.023211746680390707,1.0,0.20927859846216337,0.5713662183244291,0.20927859846216337,0.8942587198110068,0.4039652971211363,0.9999999999053213,0.9999999999992459,0.7739416600425688,0.22808709787497722,0.9326989236410445,1.0,0.9999999999053213,0.9326989236410445,0.9778911947947376,0.09908396507175957,0.9999999998916369,0.9773139069839524,0.9550587774731343,0.04609208121969264,1.0,0.8080842318523939,0.9773139069839524,0.8080842318523939
gRNA_14819,controlsgRNA,-1.142022654066695,-2.1361729474044036,-0.5105635652242451,1.15061696241494,-0.06711978064623429,-0.5410523969853276,-0.5105635652242451,4031.3300195812626,0.49727849305829086,-0.313920244517708,0.18995743840009877,-0.2822489080175575,0.3443495682318202,0.08708326943098887,0.18995743840009877,0.045454343647143514,0.045454343647143514,0.045454343647143514,0.0,0.0,0.0,-0.200029473987309,-0.200029473987309,-0.200029473987309,-0.5828582943149911,0.235008990978166,0.43232046912280314,0.13760705626894598,0.6544690516620634,0.17530945474339746,0.235008990978166,0,0.0,0.0,0.0,0.0,,,,,non-targeting control,,0.3768623137686231,0.6284371562843716,0.9626151478811853,0.990842851198751,0.3768623137686231,0.6284371562843716,0.9626151478811852,0.990842851198751,0.9626151478811853,0.9626151478811852,0.32973268606740613,0.8782869114495948,0.9804725963952906,0.9999993382361851,0.20410659300167766,0.7976550444367584,0.6638911787731914,1.0,0.9804725963952906,0.6638911787731914,0.09321936388352343,0.9586295759570329,0.2945418556319732,0.9999999999992459,0.051261951719344355,0.9498878057832717,0.20288940891024712,1.0,0.2945418556319732,0.20288940891024712,0.513901053643302,0.5300887587134792,0.9747221474624128,0.9773139069839524,0.5057240970327486,0.49881948674527565,0.9342435216116826,1.0,0.9747221474624128,0.9342435216116826
gRNA_14820,controlsgRNA,0.6451496900662611,2.041398245563985,-0.6663384934563022,-0.24095465270549116,0.28348341027149804,0.41254763994799026,0.28348341027149804,3583.67223979515,-0.4324710669196723,-0.6009336040648149,-1.342412039769798,-0.6530455167283233,-0.8843826114148019,-0.7826489677794821,-0.6530455167283233,-0.20064119999140162,-0.20064119999140162,-0.20064119999140162,0.0,0.0,0.0,-0.20593501076857454,-0.20593501076857454,-0.20593501076857454,-0.20963668110750028,-0.7535451758262596,-0.5138573682234654,-0.6877286747560207,0.8773366932778166,-0.25748624132708586,-0.5138573682234654,0,0.0,0.0,0.0,0.0,,,,,non-targeting control,,0.8792120787921208,0.12598740125987398,0.9987424218303245,0.8791736210994285,0.8792120787921208,0.125987401259874,0.9987424218303245,0.8791736210994286,0.8791736210994285,0.8791736210994286,0.9923467379304607,0.07887341941825925,0.9999999930886931,0.5713662183244291,0.97311254607022,0.02753351008436398,1.0,0.225056517211323,0.5713662183244291,0.225056517211323,0.3934983011094098,0.5381501317936497,0.6735223371295609,0.9999999999992459,0.4592377270404506,0.5437142629948369,0.7316668871491926,1.0,0.6735223371295609,0.7316668871491926,0.07894597352085682,0.9442416581526007,0.7788968766315769,0.9997489077454798,0.057180155291221085,0.9447339913158023,0.8053393290168859,1.0,0.7788968766315769,0.8053393290168859
gRNA_14821,controlsgRNA,0.5627073451702058,0.9974566596882577,0.044799168682334044,0.2909679806284065,-0.3487205151355304,0.30944212780673475,0.2909679806284065,3419.0691369182105,0.24763373385363124,-0.9145834438718118,-0.8851480189700488,-0.17863848023097606,0.2677350841623606,-0.29260022501136895,-0.17863848023097606,0.14657925914709338,0.14657925914709338,0.14657925914709338,0.0,0.0,0.0,-0.5520977662670402,-0.5520977662670402,-0.5520977662670402,0.29820763983694554,0.8392771048929755,-0.08199829896105035,-1.721554020281481,-0.8089664517509982,-0.2950068052527217,-0.08199829896105035,0,0.0,0.0,0.0,0.0,,,,,non-targeting control,,0.20787921207879212,0.7981201879812019,0.8877563856517573,0.990842851198751,0.20787921207879212,0.7981201879812019,0.8877563856517575,0.990842851198751,0.8877563856517573,0.8877563856517575,0.6976877411551013,0.4377538121765181,0.9999999930886931,0.9999993382361851,0.6400555442236946,0.3625337855284141,1.0,0.9806669306380121,0.9999993382361851,0.9806669306380121,0.23595759601105243,0.38884847097321834,0.5040912278417938,0.9999999999992459,0.39605543815382305,0.6107403954833039,0.6673305572440552,1.0,0.5040912278417938,0.6673305572440552,0.16443797953545775,0.9695333777919062,0.7788968766315769,0.9997489077454798,0.07482762654247703,0.9263103758857146,0.8103227152144246,1.0,0.7788968766315769,0.8103227152144246
gRNA_14822,controlsgRNA,-0.16125612207145085,-3.2853061075056815,-0.28288279817048395,-1.1734198538170832,-0.9437696598527601,-1.169326908283492,-0.9437696598527601,2885.7358035848774,-0.51108381728403,-0.39464516754236534,-1.7799012087597563,-0.13010549949872516,0.3053886895526403,-0.5020694007064472,-0.39464516754236534,0.053250553518908776,0.053250553518908776,0.053250553518908776,0.0,0.0,0.0,-0.6818755658461075,-0.6818755658461075,-0.6818755658461075,-0.8066372418598104,-0.11202344574179625,-0.4192480189811453,-1.2325190864365643,-1.4724836302915052,-0.8085822846621642,-0.8066372418598104,0,0.0,0.0,0.0,0.0,,,,,non-targeting control,,0.32216778322167783,0.6825317468253175,0.9039931827712752,0.990842851198751,0.32216778322167783,0.6825317468253175,0.9039931827712752,0.990842851198751,0.9039931827712752,0.9039931827712752,0.8244961782077551,0.23918523416629026,0.9999999930886931,0.9127843457545856,0.8080115755005645,0.19433271272875652,1.0,0.7163637253530634,0.9127843457545856,0.7163637253530634,0.9590624373099574,0.10998511433642147,0.9999999999053213,0.9999999999992459,0.9412194848465919,0.05978585571653473,1.0,0.907692284148152,0.9999999999053213,0.907692284148152,0.9030775171790327,0.28453564543009774,0.9999999998916369,0.9773139069839524,0.8320754859151747,0.17001323436261717,0.9776886959503303,1.0,0.9773139069839524,0.9776886959503303
gRNA_14823,controlsgRNA,0.4088792693199363,-1.617923156884592,-0.9035154807819172,-0.25778561804000377,0.12451241396892984,-0.44916651448352934,-0.25778561804000377,3353.3965958728727,-0.44252110518006776,-0.010310109088294382,-0.31330145697174583,0.6792144838755853,-0.2586458950363196,-0.06911281648016845,-0.2586458950363196,-0.2273669612029619,-0.2273669612029619,-0.2273669612029619,0.0,0.0,0.0,0.05754517354842773,0.05754517354842773,0.05754517354842773,-0.13841291584395324,0.05779433069280407,-1.1510852374667473,-0.8571612853184759,-1.0545927179897994,-0.6286915651852343,-0.8571612853184759,0,0.0,0.0,0.0,0.0,,,,,non-targeting control,,0.8984101589841016,0.10638936106389363,0.9988569143085692,0.8791736210994285,0.8984101589841016,0.10638936106389368,0.9988569143085692,0.8791736210994286,0.8791736210994285,0.8791736210994286,0.5110090613755074,0.7064123782053142,0.9999999930886931,0.9999993382361851,0.4054119286172465,0.5972617151070774,0.8782050990961231,1.0,0.9999993382361851,0.8782050990961231,0.8815179923992911,0.22193698382904553,0.9999999999053213,0.9999999999992459,0.8527045792692736,0.1497492266133646,0.9843708795233328,1.0,0.9999999999053213,0.9843708795233328,0.628972833607075,0.6349223394466865,0.9936713673792446,0.9773139069839524,0.49669537271156544,0.5063302632114739,0.9342435216116826,1.0,0.9773139069839524,0.9342435216116826
gRNA_14824,controlsgRNA,-0.6931889566008957,-3.6523066797554344,-1.476287032516774,-1.055678452459122,0.9051769864169831,-1.1944568269830487,-1.055678452459122,1849.9171561982228,-0.11844163097696282,0.885164489297869,-0.1161792175211751,0.5321797497403127,0.5170543963008201,0.33995555736817273,0.5170543963008201,0.2339595587431766,0.2339595587431766,0.2339595587431766,0.0,0.0,0.0,0.026531605876465834,0.026531605876465834,0.026531605876465834,-1.8576251729729392,-0.4429163748029055,-0.7689509151056266,-2.5960586024957673,1.3232399879957428,-0.8684622154762991,-0.7689509151056266,0,0.0,0.0,0.0,0.0,,,,,non-targeting control,,0.1173882611738826,0.8871112888711129,0.7385842060955193,0.990842851198751,0.11738826117388246,0.8871112888711128,0.7385842060955193,0.990842851198751,0.7385842060955193,0.7385842060955193,0.07364197813476941,0.9724543181212328,0.461489729644555,0.9999993382361851,0.0386957758849876,0.9621695477886718,0.2552563461886901,1.0,0.461489729644555,0.2552563461886901,0.3457006970190985,0.03807656498097809,0.627939430334208,0.9767172506224799,0.8656778849678436,0.14136293543101008,0.9843708795233328,1.0,0.627939430334208,0.9843708795233328,0.7536924517222129,0.23604683172938706,0.9999999998916369,0.9773139069839524,0.7953729842705808,0.2079211426404438,0.9725588953587437,1.0,0.9773139069839524,0.9725588953587437
gRNA_14825,controlsgRNA,-1.5575643612394068,1.9993939793142532,-0.5558692554924054,0.19562352911724193,0.645817486110674,0.14548027556207138,0.19562352911724193,3351.348094592559,-0.5102549935686693,-0.6942040864108278,-1.463889111454662,-0.36169772572328573,-0.3094403562762375,-0.6678972546867364,-0.5102549935686693,-0.0521221452892023,-0.0521221452892023,-0.0521221452892023,0.0,0.0,0.0,0.0014239728043450096,0.0014239728043450096,0.0014239728043450096,-0.31851599274168163,-0.051092440109255656,0.07927665837065948,-0.4681818280866935,-0.6776503338762384,-0.28723278728864193,-0.31851599274168163,0,0.0,0.0,0.0,0.0,,,,,non-targeting control,,0.6043395660433956,0.40075992400759936,0.9953525655837778,0.990842851198751,0.6043395660433957,0.40075992400759924,0.9953525655837777,0.990842851198751,0.990842851198751,0.990842851198751,0.9772098037122714,0.13092663647085348,0.9999999930886931,0.7239472840153074,0.9430845524094177,0.05797205733111475,1.0,0.37581885442239904,0.7239472840153074,0.37581885442239904,0.6970384629422453,0.6627803118506929,0.907934526095041,0.9999999999992459,0.5204109148322417,0.4815325385682401,0.7837322040140626,1.0,0.907934526095041,0.7837322040140626,0.11345191654906,0.8238196383008719,0.7788968766315769,0.9773139069839524,0.12297546547400356,0.8795032612886946,0.8103227152144246,1.0,0.7788968766315769,0.8103227152144246
gRNA_14826,controlsgRNA,0.9762000162427865,-0.5239737461132637,-0.4337308023443209,0.2512163790684316,-0.47220588056407004,-0.040498806742087314,-0.4337308023443209,4746.859466787167,-0.6434880892789658,-1.2615740240730386,-0.5365419001702104,-0.41858512885201693,-0.5239287591596616,-0.6768235803067786,-0.5365419001702104,0.03389319108563493,0.03389319108563493,0.03389319108563493,0.0,0.0,0.0,-0.493993785579546,-0.493993785579546,-0.493993785579546,0.32887982762728024,0.17460691931166403,0.3085469875124697,-0.41096354235071825,-1.8576400984084307,-0.291313981261547,0.17460691931166403,0,0.0,0.0,0.0,0.0,,,,,non-targeting control,,0.4220577942205779,0.5823417658234178,0.9803942682654807,0.990842851198751,0.42205779422057793,0.5823417658234177,0.9803942682654813,0.990842851198751,0.9803942682654807,0.9803942682654813,0.9860858147267436,0.1230429296337226,0.9999999930886931,0.7214163154567529,0.9537923463086766,0.04712080829362779,1.0,0.34071969073853936,0.7214163154567529,0.34071969073853936,0.3558260374416039,0.4767340105865914,0.6370980479906814,0.9999999999992459,0.39680925953681695,0.6074910731713076,0.6673305572440552,1.0,0.6370980479906814,0.6673305572440552,0.3622882835953994,0.8592158372861768,0.9202736770867305,0.9773139069839524,0.23614790611626446,0.7661054880078693,0.8202926364723093,1.0,0.9202736770867305,0.8202926364723093
gRNA_14827,controlsgRNA,0.7520715796776724,-4.054596223553228,0.45490716501967693,0.551328874923433,1.0975380023031451,-0.23975012032586,0.551328874923433,3911.4324446452774,0.6964124853751537,1.3125929095454967,0.3156103145786725,1.035216264778762,0.2368804425521145,0.7193424833660398,0.6964124853751537,0.179920348351973,0.179920348351973,0.179920348351973,0.0,0.0,0.0,0.08717497984271923,0.08717497984271923,0.08717497984271923,-0.10122001278861067,-0.14823352028687467,-0.3896770680071443,-0.7193446667987542,-0.3050855555157321,-0.3327121646794232,-0.3050855555157321,0,0.0,0.0,0.0,0.0,,,,,non-targeting control,,0.1624837516248375,0.8422157784221578,0.8604773325484352,0.990842851198751,0.16248375162483752,0.8422157784221578,0.8604773325484353,0.990842851198751,0.8604773325484352,0.8604773325484353,0.0034490214555058327,0.9991203818897912,0.07461428863934431,0.9999993382361851,0.0011623502689980456,0.9989368848611804,0.02570845300842736,1.0,0.07461428863934431,0.02570845300842736,0.7752559750199319,0.6203465654944823,0.9588692322614948,0.9999999999992459,0.5895796562737416,0.4129864799766714,0.8302694784978534,1.0,0.9588692322614948,0.8302694784978534,0.11995141494066844,0.6935959282726898,0.7788968766315769,0.9773139069839524,0.13507071047440455,0.8682491502948081,0.8103227152144246,1.0,0.7788968766315769,0.8103227152144246
gRNA_14828,controlsgRNA,-0.39271567759076714,-2.346426871883686,2.2621200508237607,1.4314671216966832,-0.08490928617610886,0.17390706737397646,-0.08490928617610886,1725.320078325049,-0.1820348473589506,-1.0776182749943646,-0.37103663392736647,-0.20889647684043622,-0.5438123945566391,-0.4766797255355514,-0.37103663392736647,0.258638087616503,0.258638087616503,0.258638087616503,0.0,0.0,0.0,0.425669940722477,0.425669940722477,0.425669940722477,-1.1267623477553523,0.5296962702781707,0.47581598972359934,0.04742159819402519,1.3004922693223724,0.24533275595256304,0.47581598972359934,0,0.0,0.0,0.0,0.0,,,,,non-targeting control,,0.08629137086291369,0.9195080491950804,0.7210123432101232,0.990842851198751,0.08629137086291366,0.9195080491950804,0.721012343210123,0.990842851198751,0.7210123432101232,0.721012343210123,0.9365332341040402,0.28651233072970195,0.9999999930886931,0.9999993382361851,0.8540722347871372,0.1477157573115906,1.0,0.5785533828037298,0.9999993382361851,0.5785533828037298,0.01914275566734494,0.8730142799565396,0.1179946906708475,0.9999999999992459,0.02684653666823839,0.9744594920025991,0.13827805188024156,1.0,0.1179946906708475,0.13827805188024156,0.05268017017074265,0.7931638663946009,0.7788968766315769,0.9773139069839524,0.08354622833098613,0.919332451759771,0.8103227152144246,1.0,0.7788968766315769,0.8103227152144246
gRNA_14829,controlsgRNA,0.6788124375876858,-1.7895186860303007,-0.42601044787112063,-0.6729843874029889,-0.17227040182232642,-0.47639429710781017,-0.42601044787112063,5078.837174273234,0.1892550606799788,0.3140004259421602,-0.6507067576796901,0.13590115557044008,0.032889660661373936,0.004267909034852589,0.13590115557044008,0.012467733569196674,0.012467733569196674,0.012467733569196674,0.0,0.0,0.0,-0.15951019381557024,-0.15951019381557024,-0.15951019381557024,0.18010791541462104,-0.37251711302348217,0.4853634016528515,-1.578662378135805,-0.026755486292350056,-0.2624927320768329,-0.026755486292350056,0,0.0,0.0,0.0,0.0,,,,,non-targeting control,,0.4696530346965305,0.5355464453554645,0.9848580359355373,0.990842851198751,0.46965303469653036,0.5355464453554645,0.9848580359355369,0.990842851198751,0.9848580359355373,0.9848580359355369,0.44530495037346474,0.8222037161275204,0.9999999930886931,0.9999993382361851,0.2892415346780991,0.7132739741247146,0.7643106638538364,1.0,0.9999993382361851,0.7643106638538364,0.36684794632856627,0.5450888399004745,0.6475813512654502,0.9999999999992459,0.38292106047519714,0.6217203461025314,0.6626621152176403,1.0,0.6475813512654502,0.6626621152176403,0.609201342164008,0.619118961148427,0.9747221474624128,0.9773139069839524,0.4987532121521454,0.5043532067150147,0.9342435216116826,1.0,0.9747221474624128,0.9342435216116826
gRNA_14830,controlsgRNA,1.2163610974179622,1.379023147407986,-1.1185029603535488,0.5935177534259728,-2.0470961495689535,0.004660577665883725,0.5935177534259728,4859.045036903149,0.23578690221894053,0.4576087529226549,-0.32152608231034563,0.7080450614709893,0.24323098589018755,0.2646291240384854,0.24323098589018755,0.044219167910336026,0.044219167910336026,0.044219167910336026,0.0,0.0,0.0,0.10367925454208732,0.10367925454208732,0.10367925454208732,-0.04726263093969256,-0.11569009084309108,-0.13992385159454906,-0.9889566005514738,-0.9867108373464669,-0.45570880225505467,-0.13992385159454906,0,0.0,0.0,0.0,0.0,,,,,non-targeting control,,0.39196080391960797,0.6129387061293871,0.963250080220736,0.990842851198751,0.391960803919608,0.6129387061293871,0.9632500802207361,0.990842851198751,0.963250080220736,0.9632500802207361,0.15062155306401484,0.9577164247490328,0.6855811730068448,0.9999993382361851,0.07624272999579743,0.9248444572672047,0.3981564788669421,1.0,0.6855811730068448,0.3981564788669421,0.7906371355796106,0.4297729054681165,0.9683373386903373,0.9999999999992459,0.6948458080806669,0.3085761920439871,0.8978076420561194,1.0,0.9683373386903373,0.8978076420561194,0.11189226303545839,0.7390307459068655,0.7788968766315769,0.9773139069839524,0.1400180188449332,0.8621824778946828,0.8103227152144246,1.0,0.7788968766315769,0.8103227152144246
gRNA_14831,controlsgRNA,0.57481496490519,1.5902615522443941,0.5752256552723541,0.10953718685508132,0.463050965368325,0.6625780649290689,0.57481496490519,3290.1340563337853,-0.48195069761837867,-0.4529527257610801,0.2390930785237269,-0.2243984301648532,0.18787028342564785,-0.14646769831898743,-0.2243984301648532,0.14105573784281555,0.14105573784281555,0.14105573784281555,0.0,0.0,0.0,-0.1478671738321621,-0.1478671738321621,-0.1478671738321621,-0.15241074146671063,0.01885499985762058,-0.022719488072977037,0.3037347078235658,0.17733862712815412,0.06495962105393058,0.01885499985762058,0,0.0,0.0,0.0,0.0,,,,,non-targeting control,,0.2218778122187781,0.7832216778322167,0.8877563856517573,0.990842851198751,0.22187781221877806,0.7832216778322167,0.8877563856517575,0.990842851198751,0.8877563856517573,0.8877563856517575,0.6724681378169246,0.6502270947011928,0.9999999930886931,0.9999993382361851,0.5147590069620157,0.48797582801033895,0.9534452542744725,1.0,0.9999993382361851,0.9534452542744725,0.2656902703642882,0.958958204980885,0.5370943099837224,0.9999999999992459,0.12049130133602165,0.8811976565832288,0.338094994793613,1.0,0.5370943099837224,0.338094994793613,0.04654080558177937,0.9948643837548928,0.7788968766315769,0.9997489077454798,0.016133554666540272,0.9843584935673901,0.505174125530951,1.0,0.7788968766315769,0.505174125530951
gRNA_14832,controlsgRNA,-0.19560490795938426,-3.771294653294428,0.17246205751540034,-0.21651719185286472,-0.5344942267691605,-0.9090897844720874,-0.21651719185286472,6127.187829492394,0.254242978688019,-0.11410699177323201,-1.2407232222713225,0.16627852682237598,0.14918592823406424,-0.15702455606001905,0.14918592823406424,0.016038820399270508,0.016038820399270508,0.016038820399270508,0.0,0.0,0.0,-0.22128398936444132,-0.22128398936444132,-0.22128398936444132,0.274092745352599,-0.20554155993440584,0.4408623550407989,-0.7253100681325055,-0.14397911114474096,-0.07197512776365089,-0.14397911114474096,0,0.0,0.0,0.0,0.0,,,,,non-targeting control,,0.46455354464553544,0.5400459954004602,0.9848580359355373,0.990842851198751,0.46455354464553544,0.5400459954004599,0.9848580359355369,0.990842851198751,0.9848580359355373,0.9848580359355369,0.5517523471079268,0.5900060555292368,0.9999999930886931,0.9999993382361851,0.46306608539909005,0.5404643698683914,0.9212320005823168,1.0,0.9999993382361851,0.9212320005823168,0.3298948117996334,0.8311255180951914,0.609943385662891,0.9999999999992459,0.23174713204487107,0.7707169041315833,0.4904980034060075,1.0,0.609943385662891,0.4904980034060075,0.7259694998540669,0.44788880013408283,0.9999999998916369,0.9773139069839524,0.637801893664853,0.3645882581261656,0.947879494142232,1.0,0.9773139069839524,0.947879494142232
gRNA_14833,controlsgRNA,-0.9322182191957762,-4.371227437872237,-1.9427045315646863,0.4750924208310897,0.3038276680199024,-1.2934460199563413,-0.9322182191957762,4527.187829492394,-0.18766047075256556,-0.28716060460577897,0.8414378657578072,0.08100087491789437,-0.34638877371897864,0.020245778319675688,-0.18766047075256556,0.026215051605063874,0.026215051605063874,0.026215051605063874,0.0,0.0,0.0,-0.21595495761959815,-0.21595495761959815,-0.21595495761959815,0.7524392664047671,-0.41630079377384105,-0.2331595259968647,-1.762677452816876,-0.19649313161462734,-0.3712383275594884,-0.2331595259968647,0,0.0,0.0,0.0,0.0,,,,,non-targeting control,,0.436056394360564,0.5679432056794321,0.9803942682654807,0.990842851198751,0.4360563943605639,0.567943205679432,0.9803942682654813,0.990842851198751,0.9803942682654807,0.9803942682654813,0.3529746050436776,0.7839869077654775,0.9937087802804399,0.9999993382361851,0.2838535848528403,0.7194280289561136,0.7643106638538364,1.0,0.9937087802804399,0.7643106638538364,0.4181611597716735,0.37269161780887083,0.6895991055883738,0.9999999999992459,0.5323354666466847,0.4741474973759991,0.7903189061453497,1.0,0.6895991055883738,0.7903189061453497,0.728381714040987,0.1918173473307008,0.9999999998916369,0.9773139069839524,0.7923678365940818,0.21116564708100266,0.9725588953587437,1.0,0.9773139069839524,0.9725588953587437
gRNA_14834,controlsgRNA,0.8376608347138043,0.7649033783433565,-0.8329058586928447,-1.088046645064688,-0.8491866354261827,-0.2335149852253109,-0.8329058586928447,3487.513179695737,-0.5399995784128374,-0.07371669223755631,0.061637993709608783,0.17629611787632762,-1.3313411131399362,-0.34142465444087866,-0.07371669223755631,-0.058988925240637514,-0.058988925240637514,-0.058988925240637514,0.0,0.0,0.0,0.16943955433122798,0.16943955433122798,0.16943955433122798,0.4037423273376298,-0.5152552830725804,0.3419523664710847,-0.9304493914836508,-0.8805408728803253,-0.31611017072556835,-0.5152552830725804,0,0.0,0.0,0.0,0.0,,,,,non-targeting control,,0.6245375462453754,0.38056194380561936,0.9953525655837778,0.990842851198751,0.6245375462453755,0.3805619438056194,0.9953525655837777,0.990842851198751,0.990842851198751,0.990842851198751,0.7599096356237924,0.3734787001547096,0.9999999930886931,0.9999993382361851,0.7002007389035769,0.3028426337624747,1.0,0.8626426537476553,0.9999993382361851,0.8626426537476553,0.4917358785177096,0.5035376211022392,0.7640193814985902,0.9999999999992459,0.5027573693042382,0.5004956118114956,0.7715786565648718,1.0,0.7640193814985902,0.7715786565648718,0.39624901020487846,0.6815307898040358,0.9202736770867305,0.9773139069839524,0.3546475294757416,0.6487618745722007,0.889213877247704,1.0,0.9202736770867305,0.889213877247704
