,sgRNA,d15-1,d15-2,d15-3,bm2,spleen1,spleen2,spleen3,bm1,spleen4,spleen5,bm5,bm4,bm3,input
1,gRNA_4,209.0,530.0,25442.0,182.0,308.0,157.0,360.0,16305.0,33848.0,1843.0,75.0,413.0,387.0,1033.0
2,gRNA_19,62.0,113.0,5202.0,135.0,293.0,46.0,174.0,25485.0,14156.0,2423.0,240.0,17.0,610.0,445.0
3,gRNA_21,84.0,197.0,11929.0,18.0,205.0,68.0,254.0,9130.0,16969.0,1157.0,16.0,549.0,790.0,457.0
5,gRNA_289,184.0,291.0,16834.0,3.0,126.0,25.0,118.0,6281.0,13820.0,317.0,0.0,120.0,81.0,714.0
6,gRNA_295,25.0,53.0,3842.0,0.0,25.0,0.0,1.0,505.0,2.0,140.0,13.0,0.0,0.0,69.0
7,gRNA_303,44.0,143.0,6940.0,0.0,162.0,7.0,50.0,6769.0,6251.0,1040.0,2.0,58.0,200.0,299.0
8,gRNA_304,34.0,88.0,3965.0,10.0,58.0,36.0,6.0,5229.0,12075.0,3077.0,27.0,245.0,5.0,306.0
9,gRNA_311,33.0,72.0,2734.0,5.0,15.0,16.0,24.0,1060.0,5172.0,190.0,1.0,16.0,14.0,349.0
10,gRNA_319,40.0,105.0,4582.0,80.0,360.0,71.0,168.0,140723.0,12264.0,2054.0,21.0,319.0,106.0,342.0
11,gRNA_324,104.0,172.0,9639.0,38.0,780.0,75.0,90.0,31449.0,3456.0,5950.0,284.0,80.0,162.0,671.0
12,gRNA_335,24.0,65.0,3089.0,36.0,323.0,27.0,34.0,8845.0,5831.0,532.0,28.0,268.0,43.0,201.0
13,gRNA_338,115.0,203.0,11915.0,48.0,1726.0,223.0,194.0,65632.0,58161.0,875.0,33.0,304.0,1120.0,577.0
14,gRNA_349,114.0,150.0,7753.0,72.0,622.0,142.0,44.0,35487.0,29109.0,3566.0,40.0,25.0,26.0,464.0
15,gRNA_362,54.0,165.0,8348.0,21.0,104.0,10.0,74.0,4262.0,17989.0,1184.0,57.0,134.0,75.0,398.0
16,gRNA_366,86.0,259.0,10104.0,9.0,80.0,21.0,55.0,54589.0,20937.0,692.0,11.0,315.0,128.0,587.0
17,gRNA_381,84.0,254.0,10869.0,33.0,107.0,30.0,96.0,61335.0,15921.0,1340.0,90.0,219.0,539.0,589.0
18,gRNA_382,216.0,434.0,21096.0,51.0,487.0,43.0,66.0,91158.0,9242.0,3599.0,157.0,59.0,26.0,975.0
19,gRNA_383,86.0,88.0,5723.0,21.0,230.0,34.0,170.0,12199.0,12715.0,1206.0,52.0,22.0,443.0,367.0
20,gRNA_389,79.0,197.0,7221.0,76.0,261.0,73.0,117.0,11671.0,29976.0,2337.0,52.0,92.0,86.0,513.0
21,gRNA_390,90.0,221.0,10330.0,76.0,275.0,53.0,65.0,13281.0,11756.0,1726.0,39.0,15.0,116.0,598.0
22,gRNA_516,113.0,236.0,10132.0,45.0,764.0,21.0,63.0,116239.0,6298.0,2058.0,127.0,70.0,79.0,589.0
23,gRNA_522,127.0,267.0,11955.0,112.0,273.0,141.0,59.0,7418.0,32891.0,1107.0,26.0,108.0,111.0,722.0
24,gRNA_523,44.0,164.0,6193.0,11.0,111.0,53.0,69.0,5355.0,28375.0,924.0,86.0,62.0,110.0,394.0
25,gRNA_525,96.0,271.0,12689.0,71.0,444.0,126.0,143.0,22283.0,10743.0,858.0,47.0,221.0,440.0,836.0
26,gRNA_526,244.0,559.0,27452.0,83.0,639.0,148.0,340.0,45154.0,30464.0,2588.0,116.0,171.0,386.0,1357.0
27,gRNA_533,139.0,297.0,15899.0,168.0,455.0,95.0,165.0,75974.0,78509.0,2431.0,23.0,135.0,308.0,1047.0
28,gRNA_538,82.0,206.0,11170.0,168.0,334.0,99.0,91.0,22658.0,6532.0,2609.0,102.0,21.0,188.0,801.0
29,gRNA_553,91.0,239.0,10036.0,94.0,90.0,166.0,126.0,132556.0,6986.0,865.0,79.0,42.0,95.0,580.0
30,gRNA_568,94.0,238.0,9576.0,91.0,530.0,34.0,663.0,215462.0,15685.0,1186.0,22.0,255.0,1178.0,522.0
31,gRNA_574,106.0,162.0,8554.0,28.0,527.0,60.0,31.0,20951.0,4470.0,988.0,38.0,17.0,72.0,601.0
32,gRNA_592,148.0,401.0,22145.0,16.0,417.0,48.0,179.0,9955.0,19312.0,1364.0,71.0,245.0,309.0,899.0
33,gRNA_605,99.0,193.0,10566.0,51.0,110.0,27.0,251.0,3841.0,7608.0,714.0,27.0,32.0,641.0,446.0
34,gRNA_610,41.0,100.0,5017.0,1.0,169.0,11.0,83.0,6273.0,5107.0,310.0,9.0,7.0,103.0,270.0
35,gRNA_613,66.0,303.0,13210.0,33.0,394.0,112.0,383.0,179389.0,11441.0,2982.0,178.0,107.0,1226.0,687.0
36,gRNA_617,80.0,140.0,7312.0,60.0,409.0,117.0,202.0,92740.0,48580.0,2611.0,131.0,156.0,350.0,558.0
37,gRNA_627,139.0,288.0,15696.0,117.0,135.0,18.0,408.0,37632.0,53958.0,2688.0,36.0,259.0,548.0,509.0
38,gRNA_634,116.0,344.0,15993.0,379.0,129.0,125.0,138.0,2749.0,8755.0,6474.0,483.0,115.0,182.0,846.0
39,gRNA_635,80.0,260.0,9952.0,4.0,131.0,21.0,46.0,5545.0,8273.0,760.0,141.0,12.0,54.0,417.0
40,gRNA_636,106.0,269.0,12611.0,20.0,53.0,19.0,82.0,5005.0,20408.0,489.0,3.0,24.0,79.0,974.0
41,gRNA_646,161.0,550.0,13343.0,22.0,109.0,77.0,211.0,20981.0,2948.0,1227.0,106.0,57.0,436.0,569.0
42,gRNA_655,24.0,43.0,2765.0,0.0,88.0,2.0,111.0,1088.0,4788.0,115.0,1.0,58.0,244.0,15.0
43,gRNA_656,97.0,148.0,8911.0,40.0,127.0,297.0,133.0,46885.0,2360.0,4225.0,54.0,10.0,169.0,712.0
44,gRNA_663,51.0,120.0,5343.0,118.0,127.0,39.0,39.0,4562.0,3884.0,237.0,7.0,4.0,44.0,443.0
45,gRNA_672,32.0,112.0,5519.0,45.0,178.0,36.0,171.0,9465.0,12031.0,644.0,10.0,276.0,334.0,266.0
46,gRNA_687,71.0,85.0,7223.0,48.0,365.0,51.0,76.0,76539.0,7066.0,1143.0,41.0,30.0,257.0,346.0
47,gRNA_690,78.0,135.0,6617.0,20.0,89.0,53.0,280.0,11909.0,22334.0,1392.0,14.0,59.0,449.0,506.0
48,gRNA_694,88.0,174.0,12739.0,9.0,362.0,127.0,78.0,16688.0,12049.0,863.0,8.0,40.0,196.0,561.0
49,gRNA_703,76.0,157.0,5097.0,16.0,243.0,63.0,47.0,6763.0,14456.0,3267.0,45.0,60.0,50.0,693.0
50,gRNA_705,49.0,121.0,3317.0,95.0,4.0,13.0,23.0,83.0,3190.0,842.0,8.0,13.0,10.0,132.0
51,gRNA_707,93.0,210.0,7235.0,25.0,476.0,61.0,90.0,25923.0,29564.0,1206.0,45.0,224.0,59.0,668.0
52,gRNA_710,51.0,132.0,6503.0,15.0,596.0,23.0,117.0,18318.0,10852.0,1601.0,30.0,105.0,63.0,346.0
53,gRNA_722,110.0,332.0,15724.0,157.0,284.0,77.0,67.0,13209.0,23267.0,3517.0,59.0,76.0,188.0,767.0
54,gRNA_725,130.0,316.0,17080.0,235.0,654.0,81.0,178.0,45018.0,33687.0,5487.0,179.0,260.0,544.0,787.0
55,gRNA_726,151.0,167.0,10783.0,361.0,380.0,372.0,337.0,19066.0,15940.0,4139.0,171.0,80.0,377.0,700.0
56,gRNA_731,122.0,397.0,18543.0,60.0,151.0,186.0,324.0,16926.0,33018.0,7368.0,189.0,123.0,305.0,690.0
57,gRNA_733,83.0,197.0,10207.0,17.0,458.0,23.0,61.0,15879.0,17173.0,850.0,14.0,34.0,93.0,579.0
58,gRNA_735,91.0,213.0,11152.0,118.0,216.0,71.0,222.0,7520.0,14861.0,7348.0,91.0,103.0,800.0,819.0
59,gRNA_742,61.0,197.0,10287.0,183.0,178.0,98.0,71.0,11548.0,13144.0,1259.0,59.0,181.0,93.0,456.0
60,gRNA_748,95.0,207.0,10397.0,202.0,203.0,170.0,276.0,10654.0,21897.0,3814.0,28.0,328.0,114.0,663.0
61,gRNA_750,58.0,180.0,9499.0,15.0,99.0,16.0,90.0,5424.0,12217.0,4799.0,191.0,6.0,150.0,477.0
62,gRNA_756,122.0,361.0,14177.0,463.0,336.0,130.0,105.0,98795.0,23983.0,1081.0,29.0,163.0,354.0,883.0
63,gRNA_766,200.0,282.0,15531.0,4.0,471.0,49.0,111.0,92377.0,25571.0,852.0,17.0,79.0,86.0,748.0
64,gRNA_772,55.0,217.0,9189.0,3.0,77.0,5.0,220.0,15421.0,19683.0,5549.0,67.0,196.0,631.0,368.0
65,gRNA_775,218.0,338.0,23865.0,175.0,313.0,219.0,141.0,90163.0,17743.0,2213.0,50.0,75.0,133.0,964.0
66,gRNA_796,141.0,288.0,15993.0,41.0,162.0,143.0,193.0,5755.0,31597.0,10947.0,500.0,60.0,293.0,639.0
67,gRNA_804,117.0,176.0,12064.0,75.0,513.0,135.0,287.0,20364.0,18506.0,3239.0,310.0,221.0,401.0,743.0
68,gRNA_808,22.0,75.0,4586.0,3.0,46.0,6.0,21.0,940.0,4864.0,722.0,5.0,8.0,6.0,329.0
72,gRNA_937,126.0,250.0,12188.0,95.0,109.0,194.0,185.0,25521.0,18357.0,2352.0,123.0,61.0,63.0,707.0
73,gRNA_944,104.0,207.0,10240.0,602.0,21.0,180.0,33.0,975.0,21045.0,414.0,8.0,44.0,61.0,683.0
74,gRNA_946,63.0,109.0,7182.0,219.0,153.0,61.0,238.0,142059.0,11278.0,405.0,21.0,41.0,298.0,593.0
75,gRNA_953,141.0,285.0,15743.0,24.0,427.0,49.0,118.0,746306.0,38886.0,1681.0,71.0,555.0,444.0,949.0
76,gRNA_958,132.0,339.0,14737.0,2.0,574.0,26.0,76.0,73503.0,70547.0,1723.0,41.0,423.0,137.0,679.0
77,gRNA_990,58.0,111.0,6933.0,25.0,454.0,69.0,243.0,43937.0,38112.0,3253.0,57.0,309.0,387.0,351.0
78,gRNA_996,26.0,27.0,1745.0,7.0,9.0,14.0,8.0,299.0,3262.0,83.0,0.0,26.0,7.0,111.0
80,gRNA_1004,61.0,106.0,7101.0,28.0,61.0,55.0,125.0,1550.0,3850.0,3318.0,22.0,40.0,479.0,341.0
81,gRNA_1006,14.0,29.0,2293.0,227.0,158.0,31.0,17.0,12745.0,8528.0,238.0,7.0,18.0,62.0,165.0
82,gRNA_1019,45.0,104.0,7251.0,8.0,152.0,22.0,401.0,3619.0,8885.0,680.0,6.0,30.0,348.0,394.0
83,gRNA_1023,151.0,287.0,13749.0,20.0,445.0,58.0,62.0,20843.0,14252.0,2371.0,77.0,134.0,259.0,465.0
84,gRNA_1032,61.0,149.0,7065.0,58.0,164.0,38.0,237.0,8677.0,33358.0,2228.0,23.0,204.0,124.0,384.0
85,gRNA_1034,106.0,183.0,10936.0,17.0,396.0,37.0,56.0,12980.0,7668.0,4482.0,117.0,30.0,127.0,599.0
87,gRNA_1052,95.0,230.0,12039.0,21.0,417.0,53.0,51.0,19085.0,4178.0,1065.0,40.0,45.0,64.0,254.0
88,gRNA_1055,39.0,140.0,6329.0,5.0,111.0,2.0,62.0,4496.0,2860.0,374.0,11.0,8.0,41.0,444.0
89,gRNA_1062,26.0,92.0,3682.0,40.0,367.0,48.0,19.0,18310.0,10717.0,652.0,93.0,11.0,39.0,320.0
90,gRNA_1116,47.0,99.0,6213.0,2.0,111.0,13.0,50.0,5747.0,6216.0,4948.0,159.0,80.0,103.0,494.0
91,gRNA_1128,101.0,154.0,6201.0,118.0,141.0,127.0,114.0,6243.0,6814.0,1145.0,86.0,14.0,106.0,319.0
92,gRNA_1141,56.0,135.0,9138.0,4.0,727.0,17.0,75.0,22213.0,21955.0,1269.0,30.0,325.0,93.0,327.0
93,gRNA_1147,65.0,147.0,8797.0,126.0,99.0,15.0,14.0,5282.0,15090.0,883.0,45.0,82.0,25.0,387.0
95,gRNA_1154,8.0,17.0,1249.0,0.0,67.0,3.0,11.0,3680.0,1708.0,495.0,20.0,26.0,17.0,76.0
96,gRNA_1157,18.0,54.0,3905.0,48.0,34.0,32.0,96.0,1775.0,3305.0,295.0,23.0,4.0,83.0,257.0
100,gRNA_1368,57.0,130.0,5975.0,9.0,317.0,43.0,87.0,19272.0,15065.0,1936.0,54.0,208.0,78.0,442.0
105,gRNA_1389,132.0,279.0,14751.0,126.0,423.0,37.0,69.0,74945.0,36310.0,2616.0,129.0,55.0,147.0,1091.0
106,gRNA_1397,110.0,214.0,10737.0,44.0,247.0,112.0,48.0,12945.0,5472.0,1853.0,76.0,68.0,74.0,794.0
107,gRNA_1404,54.0,148.0,5917.0,9.0,76.0,17.0,52.0,3240.0,6138.0,1561.0,217.0,645.0,170.0,536.0
108,gRNA_1469,78.0,242.0,9605.0,4.0,815.0,59.0,316.0,28002.0,15547.0,2328.0,167.0,46.0,1016.0,527.0
109,gRNA_1473,83.0,228.0,15672.0,113.0,1702.0,86.0,136.0,61201.0,20805.0,9901.0,523.0,30.0,142.0,729.0
110,gRNA_1481,72.0,177.0,9908.0,19.0,220.0,81.0,75.0,5192.0,7223.0,1649.0,26.0,235.0,259.0,583.0
111,gRNA_1482,40.0,135.0,6682.0,2.0,160.0,28.0,70.0,9979.0,18383.0,1829.0,88.0,164.0,300.0,455.0
112,gRNA_1486,37.0,72.0,4979.0,22.0,36.0,92.0,49.0,1098.0,3140.0,845.0,17.0,10.0,140.0,291.0
113,gRNA_1497,76.0,118.0,8532.0,23.0,335.0,16.0,48.0,13334.0,11277.0,1280.0,23.0,147.0,55.0,538.0
114,gRNA_1503,173.0,443.0,17513.0,38.0,185.0,119.0,142.0,8637.0,23486.0,1067.0,50.0,528.0,139.0,1305.0
115,gRNA_1506,96.0,268.0,11328.0,181.0,175.0,48.0,97.0,16293.0,23793.0,1083.0,43.0,108.0,176.0,652.0
117,gRNA_1556,35.0,123.0,6029.0,15.0,26.0,29.0,124.0,4089.0,6120.0,395.0,76.0,11.0,87.0,396.0
118,gRNA_1565,67.0,164.0,6076.0,124.0,98.0,39.0,145.0,83969.0,7340.0,2531.0,51.0,23.0,74.0,381.0
119,gRNA_1567,46.0,83.0,5687.0,101.0,29.0,67.0,124.0,46638.0,25565.0,1852.0,181.0,1205.0,135.0,262.0
120,gRNA_1576,40.0,92.0,5361.0,13.0,687.0,75.0,142.0,37312.0,26186.0,1556.0,83.0,282.0,426.0,338.0
121,gRNA_1580,114.0,244.0,9788.0,50.0,549.0,177.0,208.0,16843.0,25288.0,3537.0,61.0,962.0,179.0,576.0
123,gRNA_1891,89.0,240.0,12618.0,25.0,223.0,25.0,88.0,11501.0,9392.0,2329.0,132.0,14.0,149.0,836.0
124,gRNA_1899,340.0,688.0,38665.0,390.0,322.0,179.0,460.0,41799.0,37496.0,4155.0,41.0,793.0,508.0,1135.0
125,gRNA_1902,48.0,163.0,6162.0,15.0,423.0,27.0,60.0,9643.0,8262.0,506.0,34.0,34.0,101.0,192.0
126,gRNA_1911,37.0,56.0,3572.0,14.0,100.0,27.0,125.0,6047.0,10640.0,725.0,18.0,18.0,180.0,327.0
127,gRNA_1915,142.0,303.0,14881.0,137.0,258.0,134.0,117.0,9129.0,25097.0,1935.0,31.0,716.0,92.0,967.0
129,gRNA_2117,82.0,364.0,13979.0,158.0,151.0,75.0,55.0,3791.0,12920.0,554.0,25.0,132.0,60.0,534.0
131,gRNA_2209,97.0,157.0,10357.0,113.0,99.0,16.0,106.0,2446.0,5990.0,1053.0,70.0,39.0,154.0,806.0
132,gRNA_2213,46.0,173.0,5889.0,13.0,204.0,52.0,120.0,14926.0,20959.0,1561.0,43.0,75.0,255.0,280.0
133,gRNA_2220,76.0,162.0,9397.0,52.0,701.0,47.0,179.0,35928.0,19016.0,6083.0,142.0,51.0,321.0,566.0
134,gRNA_2221,153.0,326.0,12716.0,23.0,84.0,65.0,165.0,2280.0,14383.0,629.0,6.0,125.0,299.0,546.0
135,gRNA_2228,72.0,152.0,5968.0,7.0,201.0,19.0,57.0,189191.0,9035.0,1202.0,36.0,236.0,163.0,326.0
136,gRNA_2237,223.0,563.0,25525.0,363.0,629.0,216.0,559.0,39966.0,23544.0,5554.0,345.0,423.0,728.0,1294.0
137,gRNA_2248,91.0,248.0,13212.0,181.0,171.0,149.0,192.0,6530.0,40068.0,2133.0,141.0,696.0,327.0,590.0
138,gRNA_2252,82.0,182.0,11658.0,7.0,475.0,35.0,287.0,44231.0,20557.0,790.0,3.0,95.0,460.0,728.0
139,gRNA_2254,88.0,204.0,10894.0,59.0,108.0,134.0,178.0,3797.0,25764.0,8101.0,339.0,714.0,144.0,690.0
140,gRNA_2256,65.0,192.0,11308.0,45.0,91.0,76.0,291.0,2771.0,80672.0,2787.0,46.0,922.0,372.0,756.0
142,gRNA_2266,62.0,141.0,7391.0,88.0,298.0,43.0,14.0,10096.0,11495.0,1831.0,142.0,104.0,41.0,483.0
143,gRNA_2278,113.0,173.0,9593.0,8.0,25.0,29.0,173.0,663.0,2906.0,783.0,72.0,67.0,245.0,430.0
144,gRNA_2291,148.0,288.0,16247.0,242.0,621.0,194.0,99.0,22714.0,21264.0,1742.0,41.0,231.0,394.0,1058.0
145,gRNA_2309,63.0,124.0,6982.0,19.0,900.0,48.0,137.0,42360.0,23845.0,1189.0,99.0,109.0,304.0,648.0
146,gRNA_2319,128.0,261.0,13136.0,19.0,581.0,115.0,135.0,64283.0,14010.0,2051.0,106.0,125.0,228.0,710.0
147,gRNA_2320,163.0,624.0,18762.0,119.0,68.0,40.0,53.0,15996.0,5623.0,919.0,110.0,92.0,498.0,689.0
148,gRNA_2330,70.0,198.0,8967.0,152.0,58.0,33.0,31.0,2347.0,16453.0,271.0,4.0,43.0,19.0,554.0
150,gRNA_2394,98.0,246.0,12348.0,318.0,189.0,124.0,305.0,16004.0,13294.0,3291.0,61.0,140.0,540.0,780.0
152,gRNA_2420,145.0,251.0,13891.0,175.0,347.0,59.0,234.0,14757.0,23369.0,5107.0,49.0,849.0,264.0,393.0
153,gRNA_2421,28.0,52.0,3504.0,35.0,259.0,46.0,34.0,10711.0,5631.0,899.0,37.0,19.0,20.0,287.0
154,gRNA_2430,73.0,184.0,9446.0,101.0,201.0,69.0,117.0,5637.0,14200.0,849.0,71.0,396.0,366.0,583.0
155,gRNA_2432,66.0,123.0,5979.0,72.0,18.0,180.0,32.0,2185.0,18751.0,837.0,31.0,178.0,41.0,487.0
156,gRNA_2433,41.0,83.0,3567.0,56.0,671.0,56.0,218.0,35468.0,32638.0,4842.0,87.0,151.0,92.0,290.0
157,gRNA_2436,103.0,130.0,6842.0,612.0,1479.0,772.0,825.0,184985.0,27986.0,5629.0,392.0,143.0,594.0,624.0
158,gRNA_2443,24.0,91.0,3453.0,3.0,149.0,60.0,106.0,5303.0,13487.0,1256.0,8.0,44.0,131.0,84.0
159,gRNA_2444,16.0,59.0,2196.0,64.0,61.0,133.0,43.0,5777.0,19989.0,657.0,36.0,71.0,41.0,210.0
160,gRNA_2447,70.0,153.0,7972.0,10.0,13.0,42.0,31.0,26.0,3489.0,1871.0,212.0,89.0,7.0,551.0
161,gRNA_2448,45.0,111.0,5774.0,10.0,10.0,15.0,46.0,374.0,14753.0,1818.0,39.0,86.0,106.0,343.0
162,gRNA_2449,150.0,425.0,18259.0,18.0,135.0,35.0,84.0,16111.0,18027.0,463.0,21.0,68.0,164.0,529.0
163,gRNA_2450,60.0,160.0,8938.0,99.0,439.0,183.0,239.0,115195.0,3174.0,1130.0,4.0,12.0,593.0,375.0
164,gRNA_2451,115.0,231.0,11475.0,53.0,544.0,74.0,176.0,17826.0,28474.0,987.0,10.0,203.0,302.0,584.0
165,gRNA_2452,132.0,310.0,13831.0,75.0,1185.0,100.0,296.0,18664.0,33336.0,15528.0,207.0,292.0,502.0,599.0
166,gRNA_2453,54.0,137.0,7320.0,61.0,481.0,80.0,260.0,15571.0,19979.0,2852.0,57.0,22.0,274.0,467.0
167,gRNA_2454,46.0,100.0,6378.0,8.0,162.0,200.0,71.0,4965.0,12580.0,1339.0,74.0,71.0,29.0,468.0
168,gRNA_2455,120.0,316.0,16391.0,44.0,137.0,10.0,80.0,7136.0,20578.0,1246.0,14.0,48.0,97.0,494.0
169,gRNA_2456,75.0,171.0,7552.0,8.0,131.0,31.0,226.0,60550.0,5740.0,1026.0,10.0,139.0,290.0,472.0
170,gRNA_2459,95.0,180.0,11534.0,61.0,293.0,103.0,80.0,20848.0,27416.0,1664.0,215.0,194.0,76.0,522.0
171,gRNA_2460,96.0,147.0,10629.0,67.0,126.0,120.0,51.0,9153.0,30125.0,11470.0,91.0,273.0,41.0,577.0
172,gRNA_2461,123.0,232.0,10736.0,53.0,61.0,25.0,27.0,3521.0,3733.0,1387.0,74.0,71.0,35.0,604.0
173,gRNA_2462,124.0,284.0,12990.0,4.0,140.0,11.0,57.0,4314.0,4469.0,931.0,31.0,13.0,47.0,359.0
174,gRNA_2463,264.0,546.0,26587.0,257.0,962.0,178.0,239.0,159719.0,32075.0,7351.0,406.0,148.0,160.0,1392.0
175,gRNA_2464,320.0,577.0,26011.0,111.0,1068.0,129.0,221.0,60806.0,22444.0,4946.0,220.0,57.0,795.0,1124.0
176,gRNA_2465,38.0,97.0,4926.0,9.0,26.0,16.0,84.0,80712.0,1197.0,707.0,50.0,45.0,100.0,252.0
177,gRNA_2467,80.0,214.0,12443.0,112.0,238.0,94.0,76.0,17111.0,25989.0,3101.0,55.0,1423.0,170.0,475.0
178,gRNA_2468,253.0,530.0,27699.0,74.0,323.0,217.0,129.0,80610.0,18175.0,2757.0,156.0,161.0,156.0,1505.0
179,gRNA_2469,74.0,142.0,7631.0,46.0,283.0,45.0,40.0,9687.0,12090.0,1144.0,27.0,145.0,237.0,472.0
180,gRNA_2470,76.0,208.0,9340.0,38.0,113.0,15.0,105.0,30371.0,12962.0,2860.0,46.0,23.0,99.0,456.0
181,gRNA_2471,39.0,119.0,5558.0,10.0,130.0,18.0,4.0,6528.0,1696.0,272.0,19.0,7.0,36.0,231.0
183,gRNA_2475,177.0,217.0,13343.0,86.0,491.0,163.0,175.0,119895.0,160268.0,4328.0,65.0,586.0,339.0,726.0
184,gRNA_2476,66.0,175.0,7283.0,16.0,84.0,34.0,75.0,8582.0,2652.0,507.0,5.0,4.0,121.0,559.0
185,gRNA_2477,62.0,99.0,7190.0,22.0,259.0,55.0,45.0,7444.0,4660.0,8270.0,100.0,6.0,50.0,522.0
186,gRNA_2478,47.0,98.0,5935.0,6.0,328.0,39.0,91.0,9998.0,6727.0,2902.0,217.0,59.0,135.0,465.0
187,gRNA_2479,49.0,181.0,7857.0,47.0,371.0,29.0,115.0,14618.0,11521.0,1310.0,49.0,78.0,91.0,563.0
188,gRNA_2480,58.0,186.0,9864.0,25.0,181.0,28.0,116.0,6169.0,4676.0,1494.0,260.0,16.0,455.0,448.0
189,gRNA_2481,55.0,152.0,8154.0,414.0,521.0,123.0,119.0,26071.0,5760.0,3009.0,255.0,119.0,303.0,455.0
190,gRNA_2482,61.0,134.0,7539.0,7.0,78.0,44.0,265.0,5543.0,7554.0,792.0,51.0,7.0,125.0,595.0
191,gRNA_2483,104.0,141.0,8187.0,17.0,128.0,122.0,115.0,3591.0,7460.0,1280.0,17.0,29.0,75.0,534.0
192,gRNA_2484,231.0,379.0,21774.0,427.0,785.0,205.0,325.0,23521.0,29121.0,3801.0,176.0,218.0,739.0,1385.0
193,gRNA_2485,213.0,539.0,25095.0,14.0,651.0,25.0,195.0,19814.0,10830.0,5121.0,309.0,55.0,428.0,1079.0
194,gRNA_2486,24.0,50.0,2659.0,317.0,286.0,28.0,20.0,6882.0,5339.0,1412.0,176.0,29.0,118.0,328.0
195,gRNA_2487,54.0,120.0,6050.0,23.0,316.0,43.0,62.0,15084.0,14432.0,1347.0,14.0,70.0,87.0,338.0
196,gRNA_2488,163.0,270.0,16594.0,15.0,481.0,119.0,526.0,83149.0,11808.0,824.0,55.0,136.0,1452.0,840.0
197,gRNA_2489,104.0,278.0,13239.0,16.0,113.0,22.0,117.0,2736.0,15661.0,2812.0,68.0,93.0,261.0,531.0
198,gRNA_2490,80.0,173.0,8353.0,5.0,703.0,38.0,139.0,78420.0,12446.0,3127.0,53.0,57.0,165.0,681.0
199,gRNA_2491,166.0,282.0,15375.0,58.0,238.0,120.0,132.0,5410.0,6980.0,630.0,27.0,337.0,166.0,1051.0
200,gRNA_2492,82.0,167.0,8822.0,88.0,73.0,50.0,36.0,1960.0,9649.0,1092.0,44.0,82.0,65.0,535.0
201,gRNA_2493,57.0,148.0,6370.0,35.0,214.0,34.0,56.0,12349.0,9531.0,705.0,63.0,65.0,64.0,367.0
202,gRNA_2495,117.0,237.0,14272.0,96.0,743.0,161.0,798.0,36203.0,31955.0,3010.0,127.0,283.0,995.0,613.0
203,gRNA_2496,332.0,405.0,21864.0,174.0,100.0,130.0,145.0,4245.0,15245.0,2210.0,36.0,93.0,185.0,1077.0
204,gRNA_2497,92.0,198.0,11590.0,130.0,28.0,54.0,122.0,2937.0,6074.0,2031.0,140.0,81.0,74.0,457.0
205,gRNA_2498,203.0,267.0,12717.0,73.0,311.0,35.0,40.0,4764.0,2049.0,2489.0,51.0,107.0,14.0,598.0
206,gRNA_2499,154.0,381.0,17850.0,46.0,333.0,115.0,173.0,11381.0,53105.0,1351.0,53.0,420.0,264.0,1009.0
207,gRNA_2500,44.0,136.0,6345.0,4.0,229.0,33.0,189.0,14281.0,3124.0,2014.0,52.0,18.0,151.0,366.0
208,gRNA_2501,79.0,207.0,12397.0,40.0,126.0,21.0,15.0,3832.0,3907.0,1022.0,202.0,7.0,39.0,604.0
209,gRNA_2502,116.0,274.0,12471.0,85.0,205.0,63.0,125.0,4178.0,26171.0,2786.0,23.0,59.0,188.0,798.0
210,gRNA_2503,29.0,55.0,2923.0,299.0,173.0,29.0,24.0,8679.0,1433.0,1005.0,40.0,8.0,30.0,294.0
211,gRNA_2532,61.0,104.0,7450.0,18.0,77.0,95.0,284.0,5136.0,4098.0,766.0,34.0,14.0,186.0,314.0
214,gRNA_2677,211.0,510.0,24659.0,64.0,636.0,72.0,223.0,100766.0,23236.0,5715.0,148.0,48.0,540.0,1684.0
215,gRNA_2682,210.0,461.0,18816.0,249.0,620.0,170.0,550.0,16174.0,21010.0,2061.0,117.0,94.0,980.0,1050.0
216,gRNA_2690,13.0,52.0,2296.0,5.0,132.0,29.0,123.0,3826.0,3113.0,380.0,26.0,6.0,311.0,180.0
217,gRNA_2695,29.0,113.0,6374.0,10.0,104.0,116.0,64.0,6393.0,9096.0,1446.0,36.0,76.0,127.0,215.0
219,gRNA_2707,92.0,116.0,6985.0,1.0,537.0,15.0,31.0,16239.0,13756.0,175.0,1.0,64.0,94.0,475.0
220,gRNA_2719,234.0,422.0,21272.0,383.0,176.0,109.0,71.0,11973.0,22584.0,1539.0,88.0,148.0,216.0,1139.0
221,gRNA_2736,12.0,27.0,1555.0,88.0,4.0,64.0,35.0,116.0,4769.0,84.0,0.0,3.0,50.0,139.0
222,gRNA_2738,111.0,318.0,17289.0,168.0,226.0,83.0,200.0,11640.0,7500.0,2227.0,25.0,25.0,385.0,554.0
224,gRNA_2749,143.0,268.0,16579.0,38.0,392.0,71.0,133.0,10119.0,11963.0,4655.0,105.0,66.0,315.0,550.0
225,gRNA_2760,116.0,306.0,27149.0,47.0,516.0,90.0,240.0,34278.0,15653.0,1348.0,137.0,211.0,278.0,632.0
226,gRNA_2764,144.0,424.0,18810.0,111.0,1640.0,161.0,279.0,59848.0,50116.0,2932.0,125.0,196.0,663.0,717.0
227,gRNA_2770,158.0,236.0,14274.0,49.0,246.0,46.0,77.0,10023.0,38768.0,2337.0,67.0,267.0,192.0,824.0
228,gRNA_2772,164.0,216.0,12148.0,162.0,462.0,263.0,298.0,23252.0,56392.0,14435.0,343.0,61.0,149.0,772.0
229,gRNA_2773,191.0,398.0,16344.0,71.0,114.0,32.0,92.0,5281.0,23234.0,770.0,87.0,117.0,211.0,885.0
231,gRNA_2795,193.0,444.0,19368.0,2.0,244.0,49.0,84.0,7830.0,5591.0,1596.0,28.0,9.0,148.0,766.0
232,gRNA_2800,95.0,233.0,12602.0,57.0,671.0,120.0,186.0,22715.0,19147.0,2751.0,64.0,579.0,231.0,886.0
233,gRNA_2808,382.0,698.0,38501.0,278.0,140.0,129.0,238.0,5763.0,9097.0,618.0,49.0,21.0,155.0,643.0
235,gRNA_2831,72.0,154.0,9127.0,60.0,106.0,84.0,185.0,23160.0,11609.0,1255.0,32.0,26.0,401.0,409.0
236,gRNA_2853,114.0,296.0,14731.0,102.0,1217.0,209.0,198.0,53780.0,36717.0,4014.0,53.0,168.0,418.0,859.0
237,gRNA_2854,25.0,31.0,2008.0,2.0,26.0,6.0,111.0,568.0,1522.0,1750.0,14.0,3.0,80.0,196.0
238,gRNA_2863,69.0,207.0,8995.0,145.0,67.0,53.0,101.0,1329.0,12694.0,1538.0,25.0,78.0,129.0,600.0
239,gRNA_2867,385.0,769.0,40399.0,90.0,378.0,195.0,139.0,10441.0,35100.0,5244.0,155.0,56.0,146.0,1206.0
240,gRNA_2869,97.0,163.0,9105.0,21.0,801.0,89.0,178.0,124268.0,36639.0,9870.0,635.0,114.0,347.0,626.0
241,gRNA_2871,238.0,458.0,24655.0,10.0,382.0,75.0,294.0,11320.0,16842.0,21104.0,860.0,191.0,588.0,1409.0
245,gRNA_3052,197.0,471.0,19519.0,77.0,475.0,115.0,354.0,22009.0,28355.0,4673.0,148.0,205.0,307.0,1203.0
246,gRNA_3057,43.0,95.0,5850.0,46.0,92.0,39.0,89.0,3784.0,8597.0,937.0,32.0,177.0,54.0,434.0
247,gRNA_3065,49.0,159.0,7625.0,37.0,326.0,50.0,203.0,15025.0,23651.0,1920.0,177.0,527.0,820.0,390.0
248,gRNA_3067,24.0,46.0,2504.0,14.0,35.0,16.0,58.0,1429.0,2447.0,1264.0,10.0,24.0,50.0,232.0
249,gRNA_3073,31.0,117.0,4325.0,411.0,56.0,124.0,62.0,3468.0,4454.0,697.0,27.0,70.0,56.0,353.0
250,gRNA_3077,69.0,194.0,9014.0,45.0,179.0,85.0,103.0,5538.0,10320.0,1025.0,59.0,8.0,73.0,537.0
253,gRNA_3090,66.0,150.0,8049.0,22.0,451.0,91.0,212.0,40415.0,9916.0,5980.0,70.0,175.0,620.0,382.0
254,gRNA_3092,54.0,174.0,6466.0,15.0,762.0,143.0,133.0,36521.0,42405.0,429.0,3.0,657.0,636.0,353.0
255,gRNA_3105,156.0,316.0,15661.0,12.0,82.0,21.0,53.0,6685.0,3743.0,356.0,18.0,47.0,137.0,442.0
257,gRNA_3110,196.0,419.0,20078.0,279.0,107.0,134.0,287.0,5483.0,12728.0,3566.0,37.0,16.0,274.0,739.0
258,gRNA_3118,112.0,268.0,10519.0,104.0,563.0,162.0,156.0,23306.0,33363.0,1875.0,54.0,1107.0,375.0,948.0
273,gRNA_3918,123.0,337.0,16897.0,97.0,386.0,187.0,179.0,21312.0,25531.0,3523.0,106.0,93.0,124.0,1121.0
274,gRNA_3922,54.0,97.0,5725.0,155.0,409.0,43.0,114.0,19374.0,35473.0,4167.0,104.0,61.0,109.0,532.0
275,gRNA_3930,67.0,142.0,5696.0,5.0,514.0,77.0,128.0,20339.0,8651.0,882.0,25.0,49.0,360.0,352.0
276,gRNA_3936,82.0,136.0,8495.0,8.0,41.0,45.0,61.0,1856.0,18665.0,852.0,14.0,723.0,17.0,550.0
277,gRNA_3963,90.0,177.0,8055.0,32.0,555.0,164.0,205.0,38788.0,15504.0,278.0,2.0,272.0,183.0,579.0
278,gRNA_3981,43.0,138.0,6238.0,24.0,108.0,47.0,51.0,15401.0,5362.0,933.0,11.0,17.0,136.0,312.0
279,gRNA_3983,54.0,135.0,6926.0,13.0,146.0,82.0,81.0,9637.0,25500.0,1784.0,19.0,336.0,257.0,541.0
280,gRNA_3993,130.0,196.0,8699.0,709.0,432.0,131.0,162.0,20002.0,19427.0,1178.0,52.0,34.0,164.0,569.0
281,gRNA_3997,178.0,464.0,19382.0,537.0,227.0,179.0,213.0,50711.0,33451.0,3201.0,106.0,153.0,539.0,1114.0
282,gRNA_4001,29.0,69.0,3703.0,11.0,264.0,40.0,72.0,13833.0,6425.0,175.0,9.0,1.0,87.0,326.0
283,gRNA_4007,67.0,173.0,8001.0,99.0,174.0,37.0,80.0,4053.0,6721.0,662.0,12.0,57.0,116.0,533.0
284,gRNA_4008,59.0,120.0,6155.0,7.0,168.0,20.0,99.0,14528.0,10654.0,633.0,19.0,19.0,343.0,320.0
285,gRNA_4016,88.0,294.0,11973.0,30.0,97.0,66.0,106.0,5317.0,3202.0,1652.0,7.0,20.0,413.0,604.0
286,gRNA_4029,183.0,178.0,9980.0,28.0,614.0,66.0,49.0,20441.0,3609.0,1785.0,14.0,29.0,57.0,451.0
288,gRNA_4046,99.0,203.0,12956.0,16.0,346.0,35.0,45.0,62588.0,16949.0,786.0,51.0,223.0,156.0,287.0
289,gRNA_4057,22.0,78.0,3140.0,17.0,82.0,25.0,9.0,2833.0,7695.0,213.0,10.0,27.0,105.0,171.0
290,gRNA_4063,59.0,104.0,6939.0,13.0,182.0,95.0,234.0,26593.0,19356.0,1961.0,26.0,114.0,449.0,305.0
291,gRNA_4068,137.0,314.0,14658.0,29.0,162.0,23.0,471.0,6902.0,6816.0,473.0,9.0,8.0,172.0,723.0
292,gRNA_4070,124.0,337.0,17275.0,50.0,317.0,111.0,310.0,40249.0,120080.0,9800.0,144.0,648.0,132.0,960.0
293,gRNA_4078,121.0,181.0,9411.0,33.0,1151.0,174.0,116.0,34036.0,3819.0,5159.0,241.0,37.0,47.0,494.0
294,gRNA_4080,47.0,147.0,7172.0,105.0,262.0,75.0,131.0,14489.0,27590.0,2214.0,51.0,308.0,1019.0,532.0
295,gRNA_4081,67.0,244.0,9743.0,43.0,562.0,226.0,62.0,66933.0,15518.0,3950.0,131.0,33.0,98.0,680.0
296,gRNA_4082,37.0,96.0,4719.0,69.0,169.0,36.0,78.0,9995.0,13337.0,1184.0,90.0,481.0,36.0,387.0
297,gRNA_4084,98.0,262.0,10763.0,98.0,409.0,99.0,161.0,17052.0,45909.0,4828.0,414.0,296.0,609.0,878.0
298,gRNA_4096,108.0,299.0,14672.0,12.0,44.0,26.0,30.0,1376.0,3665.0,575.0,7.0,28.0,48.0,412.0
300,gRNA_4437,82.0,120.0,10091.0,53.0,130.0,53.0,118.0,9028.0,5622.0,604.0,14.0,62.0,462.0,661.0
302,gRNA_4454,16.0,29.0,2656.0,86.0,151.0,27.0,22.0,3563.0,1022.0,119.0,8.0,18.0,53.0,203.0
303,gRNA_4456,95.0,197.0,11908.0,6.0,301.0,29.0,79.0,8827.0,19297.0,1300.0,35.0,42.0,88.0,671.0
310,gRNA_4741,162.0,308.0,17298.0,34.0,352.0,189.0,322.0,16396.0,30100.0,2764.0,55.0,129.0,290.0,915.0
311,gRNA_4744,134.0,254.0,14771.0,677.0,364.0,149.0,137.0,18884.0,20256.0,1278.0,75.0,112.0,78.0,529.0
312,gRNA_4754,178.0,436.0,19309.0,263.0,157.0,71.0,110.0,7867.0,15297.0,1956.0,47.0,90.0,284.0,973.0
313,gRNA_4758,95.0,228.0,11084.0,52.0,313.0,211.0,221.0,48264.0,6749.0,1056.0,30.0,20.0,94.0,535.0
314,gRNA_4759,145.0,414.0,17273.0,270.0,650.0,170.0,403.0,14804.0,26843.0,3053.0,152.0,1003.0,215.0,1028.0
315,gRNA_4763,78.0,231.0,12560.0,18.0,202.0,87.0,236.0,15007.0,53787.0,2545.0,47.0,286.0,227.0,649.0
320,gRNA_5191,138.0,280.0,12394.0,76.0,751.0,21.0,47.0,40919.0,13808.0,1199.0,12.0,33.0,62.0,771.0
322,gRNA_5200,49.0,81.0,3534.0,67.0,115.0,55.0,203.0,8228.0,7550.0,1059.0,27.0,8.0,250.0,330.0
323,gRNA_5208,144.0,320.0,16920.0,126.0,304.0,34.0,154.0,104299.0,42183.0,3541.0,29.0,119.0,541.0,775.0
324,gRNA_5216,88.0,171.0,8560.0,19.0,26.0,53.0,20.0,5309.0,5195.0,842.0,17.0,92.0,84.0,623.0
327,gRNA_5287,172.0,478.0,20394.0,42.0,42.0,42.0,35.0,5415.0,6859.0,754.0,65.0,69.0,115.0,512.0
328,gRNA_5291,188.0,353.0,16286.0,123.0,56.0,61.0,117.0,9038.0,14458.0,1527.0,98.0,117.0,199.0,665.0
329,gRNA_5297,77.0,143.0,6281.0,63.0,292.0,220.0,381.0,7588.0,58104.0,4989.0,34.0,352.0,326.0,696.0
330,gRNA_5299,60.0,131.0,7627.0,98.0,296.0,173.0,81.0,83329.0,28179.0,1670.0,163.0,206.0,218.0,662.0
331,gRNA_5305,95.0,289.0,13735.0,289.0,246.0,43.0,130.0,12957.0,6027.0,903.0,21.0,45.0,93.0,471.0
332,gRNA_5315,81.0,180.0,12069.0,53.0,962.0,77.0,242.0,21440.0,50908.0,16800.0,246.0,105.0,712.0,723.0
333,gRNA_5318,37.0,77.0,4727.0,36.0,90.0,35.0,72.0,4377.0,8797.0,676.0,23.0,47.0,58.0,217.0
334,gRNA_5322,115.0,206.0,12671.0,19.0,170.0,198.0,89.0,7260.0,9424.0,6933.0,81.0,317.0,123.0,640.0
335,gRNA_5343,102.0,234.0,9523.0,89.0,826.0,53.0,152.0,45086.0,8463.0,2005.0,71.0,34.0,393.0,668.0
336,gRNA_5351,90.0,246.0,10684.0,26.0,288.0,119.0,144.0,13054.0,34741.0,7778.0,77.0,92.0,290.0,727.0
337,gRNA_5353,273.0,291.0,16601.0,358.0,878.0,224.0,170.0,28242.0,31931.0,4621.0,102.0,151.0,281.0,924.0
345,gRNA_5781,66.0,166.0,6375.0,2.0,26.0,37.0,75.0,9338.0,23198.0,837.0,28.0,32.0,221.0,271.0
346,gRNA_5783,63.0,173.0,8991.0,1.0,139.0,12.0,122.0,53853.0,10190.0,1683.0,175.0,67.0,59.0,444.0
347,gRNA_5786,172.0,333.0,15658.0,422.0,240.0,447.0,711.0,6274.0,112311.0,6608.0,388.0,409.0,422.0,871.0
348,gRNA_5795,93.0,227.0,13016.0,17.0,648.0,135.0,120.0,116356.0,9390.0,2916.0,130.0,93.0,309.0,723.0
349,gRNA_5803,114.0,257.0,13975.0,120.0,1040.0,66.0,228.0,45960.0,20020.0,4847.0,191.0,39.0,234.0,735.0
350,gRNA_5805,135.0,227.0,11439.0,288.0,515.0,289.0,169.0,13685.0,47290.0,578.0,23.0,194.0,157.0,677.0
351,gRNA_5906,14.0,40.0,1896.0,7.0,67.0,39.0,108.0,16892.0,14460.0,2398.0,51.0,61.0,24.0,170.0
352,gRNA_5911,272.0,784.0,40222.0,34.0,1044.0,112.0,140.0,38124.0,33243.0,2229.0,52.0,784.0,202.0,963.0
353,gRNA_5920,75.0,218.0,11035.0,39.0,129.0,56.0,47.0,3149.0,1460.0,1138.0,11.0,4.0,27.0,803.0
354,gRNA_5932,75.0,215.0,9703.0,18.0,78.0,54.0,270.0,780.0,62177.0,3791.0,65.0,1149.0,422.0,494.0
355,gRNA_5941,40.0,98.0,4832.0,8.0,633.0,36.0,29.0,31978.0,1386.0,473.0,8.0,11.0,22.0,356.0
356,gRNA_5952,106.0,249.0,12060.0,33.0,423.0,49.0,103.0,53241.0,14242.0,808.0,22.0,57.0,246.0,659.0
357,gRNA_5954,48.0,97.0,5967.0,15.0,15.0,61.0,45.0,4005.0,11908.0,2362.0,42.0,40.0,77.0,400.0
358,gRNA_5960,68.0,141.0,8071.0,96.0,95.0,26.0,76.0,3329.0,6963.0,753.0,56.0,88.0,166.0,463.0
359,gRNA_5964,68.0,120.0,6276.0,101.0,150.0,35.0,60.0,12573.0,12918.0,2441.0,93.0,192.0,114.0,428.0
363,gRNA_6101,41.0,134.0,5852.0,0.0,71.0,14.0,31.0,2697.0,846.0,322.0,28.0,18.0,39.0,390.0
365,gRNA_6118,111.0,294.0,16647.0,29.0,160.0,32.0,104.0,12431.0,27114.0,2525.0,116.0,257.0,186.0,743.0
367,gRNA_6127,278.0,825.0,30744.0,137.0,347.0,235.0,637.0,13253.0,18755.0,9689.0,300.0,331.0,1794.0,1386.0
368,gRNA_6129,64.0,115.0,5514.0,9.0,69.0,22.0,34.0,2803.0,3385.0,2231.0,46.0,39.0,68.0,223.0
369,gRNA_6148,76.0,211.0,11950.0,76.0,274.0,104.0,86.0,32190.0,3707.0,799.0,8.0,26.0,271.0,656.0
370,gRNA_6152,454.0,937.0,59830.0,101.0,374.0,63.0,138.0,9763.0,16683.0,6021.0,129.0,265.0,250.0,1281.0
371,gRNA_6158,77.0,151.0,7059.0,105.0,45.0,115.0,131.0,1022.0,20002.0,1761.0,99.0,636.0,178.0,728.0
372,gRNA_6160,373.0,570.0,30586.0,12.0,86.0,55.0,195.0,2685.0,9871.0,1637.0,34.0,234.0,153.0,589.0
373,gRNA_6166,151.0,363.0,17438.0,53.0,814.0,64.0,58.0,21919.0,18958.0,3536.0,79.0,243.0,171.0,1064.0
374,gRNA_6170,277.0,695.0,35209.0,15.0,79.0,139.0,135.0,145719.0,17069.0,748.0,16.0,68.0,157.0,816.0
375,gRNA_6176,74.0,152.0,7733.0,51.0,445.0,81.0,126.0,22486.0,13878.0,2713.0,74.0,120.0,127.0,610.0
376,gRNA_6178,81.0,185.0,8678.0,86.0,208.0,21.0,86.0,16319.0,14773.0,801.0,15.0,103.0,114.0,529.0
377,gRNA_6179,231.0,300.0,14207.0,73.0,57.0,49.0,38.0,1839.0,14891.0,1450.0,29.0,265.0,81.0,916.0
378,gRNA_6181,40.0,81.0,5603.0,204.0,72.0,85.0,15.0,2771.0,4533.0,415.0,15.0,5.0,18.0,395.0
379,gRNA_6197,122.0,290.0,17418.0,57.0,323.0,68.0,41.0,7734.0,80626.0,6998.0,443.0,171.0,82.0,807.0
380,gRNA_6215,125.0,341.0,14558.0,96.0,535.0,121.0,100.0,73034.0,40165.0,2445.0,156.0,141.0,197.0,906.0
381,gRNA_6218,262.0,488.0,24358.0,530.0,525.0,220.0,505.0,22541.0,13515.0,4144.0,223.0,203.0,365.0,1360.0
382,gRNA_6370,98.0,294.0,12570.0,92.0,114.0,65.0,76.0,4566.0,10630.0,403.0,15.0,71.0,206.0,1048.0
383,gRNA_6374,65.0,162.0,7269.0,8.0,167.0,22.0,58.0,16008.0,4816.0,676.0,28.0,147.0,237.0,534.0
384,gRNA_6380,65.0,118.0,6950.0,58.0,529.0,342.0,380.0,153971.0,25951.0,489.0,6.0,83.0,51.0,437.0
385,gRNA_6382,92.0,123.0,9010.0,263.0,193.0,109.0,99.0,6597.0,32569.0,2023.0,26.0,1334.0,99.0,547.0
386,gRNA_6400,126.0,297.0,17235.0,342.0,328.0,154.0,246.0,39056.0,14334.0,2568.0,152.0,71.0,404.0,1037.0
387,gRNA_6406,62.0,107.0,5870.0,47.0,220.0,108.0,89.0,5035.0,4509.0,1278.0,112.0,42.0,55.0,344.0
388,gRNA_6407,155.0,381.0,18527.0,34.0,332.0,120.0,120.0,13645.0,17764.0,4110.0,194.0,151.0,274.0,857.0
389,gRNA_6414,447.0,836.0,39147.0,126.0,197.0,241.0,153.0,7180.0,22983.0,4326.0,88.0,112.0,146.0,1182.0
390,gRNA_6433,37.0,86.0,4361.0,2.0,1268.0,12.0,253.0,24409.0,12619.0,651.0,37.0,7.0,124.0,266.0
391,gRNA_6435,19.0,28.0,1928.0,3.0,2.0,2.0,30.0,141.0,3856.0,945.0,65.0,21.0,130.0,155.0
392,gRNA_6436,49.0,71.0,5308.0,77.0,196.0,28.0,152.0,36343.0,9164.0,966.0,14.0,74.0,163.0,266.0
393,gRNA_6441,37.0,82.0,4920.0,208.0,94.0,32.0,39.0,4914.0,34595.0,1285.0,36.0,53.0,34.0,403.0
394,gRNA_6452,82.0,176.0,7217.0,7.0,100.0,55.0,212.0,4052.0,14255.0,1346.0,82.0,6.0,226.0,531.0
395,gRNA_6455,172.0,422.0,17459.0,46.0,1886.0,103.0,286.0,49868.0,33960.0,7914.0,382.0,72.0,443.0,1029.0
396,gRNA_6461,47.0,118.0,7470.0,13.0,259.0,19.0,23.0,11005.0,7689.0,4073.0,38.0,101.0,87.0,367.0
397,gRNA_6465,14.0,21.0,2036.0,0.0,0.0,0.0,3.0,6.0,126.0,23.0,0.0,0.0,35.0,60.0
398,gRNA_6470,20.0,44.0,2711.0,6.0,57.0,3.0,3.0,2184.0,1524.0,168.0,11.0,11.0,13.0,192.0
400,gRNA_6478,96.0,268.0,13512.0,3.0,467.0,28.0,481.0,13946.0,17306.0,1386.0,47.0,19.0,139.0,689.0
402,gRNA_6483,203.0,299.0,14236.0,188.0,723.0,130.0,169.0,22743.0,26409.0,5518.0,215.0,200.0,256.0,1034.0
403,gRNA_6497,211.0,370.0,21653.0,36.0,126.0,73.0,178.0,120945.0,9848.0,5233.0,99.0,33.0,320.0,1009.0
404,gRNA_6498,52.0,121.0,6935.0,43.0,252.0,94.0,84.0,11596.0,7789.0,5976.0,220.0,246.0,445.0,457.0
405,gRNA_6519,8.0,18.0,766.0,6.0,54.0,15.0,44.0,737.0,10584.0,199.0,3.0,21.0,73.0,79.0
406,gRNA_6520,130.0,246.0,15289.0,69.0,298.0,199.0,168.0,12726.0,17880.0,5968.0,104.0,128.0,290.0,799.0
407,gRNA_6530,46.0,130.0,8742.0,71.0,428.0,81.0,152.0,217702.0,12071.0,3235.0,161.0,31.0,254.0,583.0
408,gRNA_6532,106.0,243.0,14364.0,10.0,1413.0,38.0,231.0,66007.0,17071.0,3497.0,159.0,26.0,174.0,665.0
409,gRNA_6537,210.0,557.0,26239.0,40.0,320.0,120.0,489.0,34064.0,14015.0,3135.0,128.0,105.0,865.0,1224.0
410,gRNA_6556,137.0,333.0,10202.0,10.0,31.0,12.0,18.0,10247.0,5725.0,855.0,24.0,17.0,55.0,721.0
411,gRNA_6564,145.0,344.0,15082.0,28.0,434.0,56.0,279.0,64716.0,35295.0,2238.0,56.0,129.0,460.0,872.0
412,gRNA_6566,322.0,731.0,28847.0,225.0,403.0,249.0,329.0,117543.0,72601.0,24027.0,753.0,84.0,477.0,1270.0
413,gRNA_6568,97.0,180.0,12382.0,55.0,345.0,50.0,354.0,12012.0,99949.0,1591.0,19.0,187.0,172.0,472.0
414,gRNA_6570,143.0,345.0,17903.0,31.0,413.0,23.0,87.0,23361.0,7320.0,2989.0,74.0,34.0,205.0,608.0
415,gRNA_6573,321.0,784.0,43167.0,86.0,536.0,104.0,106.0,28566.0,9043.0,3564.0,76.0,79.0,88.0,964.0
416,gRNA_6580,64.0,150.0,7200.0,306.0,95.0,51.0,93.0,3967.0,5531.0,1120.0,147.0,16.0,310.0,571.0
417,gRNA_6594,78.0,202.0,10213.0,164.0,236.0,56.0,148.0,6466.0,5448.0,3016.0,68.0,64.0,453.0,470.0
418,gRNA_6602,119.0,252.0,13047.0,11.0,137.0,31.0,41.0,14669.0,13480.0,3356.0,67.0,134.0,21.0,660.0
419,gRNA_6610,249.0,721.0,31573.0,203.0,1306.0,395.0,286.0,152632.0,28970.0,5299.0,550.0,444.0,365.0,1554.0
420,gRNA_6611,154.0,370.0,19331.0,27.0,79.0,90.0,389.0,1869.0,85678.0,4787.0,104.0,151.0,287.0,1034.0
421,gRNA_6628,67.0,238.0,10297.0,461.0,307.0,156.0,199.0,11611.0,5138.0,3300.0,53.0,31.0,269.0,330.0
423,gRNA_6630,597.0,371.0,19234.0,420.0,1083.0,561.0,409.0,75627.0,16219.0,3521.0,153.0,297.0,627.0,1181.0
424,gRNA_6634,54.0,131.0,5483.0,37.0,194.0,29.0,31.0,5228.0,9581.0,3100.0,234.0,74.0,21.0,359.0
425,gRNA_6635,233.0,445.0,24181.0,68.0,199.0,56.0,291.0,13460.0,16255.0,1313.0,29.0,40.0,265.0,1161.0
426,gRNA_6647,443.0,162.0,10813.0,117.0,353.0,144.0,302.0,26514.0,74673.0,1388.0,28.0,270.0,227.0,515.0
427,gRNA_6651,91.0,184.0,9333.0,130.0,322.0,118.0,87.0,20846.0,19759.0,1773.0,81.0,33.0,227.0,557.0
428,gRNA_6652,32.0,115.0,6528.0,24.0,48.0,41.0,22.0,7978.0,8419.0,581.0,3.0,73.0,43.0,283.0
429,gRNA_6653,89.0,186.0,7484.0,438.0,155.0,459.0,482.0,3038.0,27921.0,5905.0,382.0,44.0,336.0,643.0
430,gRNA_6666,82.0,115.0,6877.0,46.0,460.0,53.0,183.0,43276.0,8113.0,3142.0,77.0,288.0,922.0,488.0
431,gRNA_6669,125.0,239.0,16591.0,42.0,503.0,169.0,100.0,61180.0,3838.0,1116.0,86.0,17.0,119.0,667.0
432,gRNA_6687,276.0,506.0,27939.0,88.0,689.0,91.0,176.0,71472.0,25100.0,2183.0,35.0,341.0,156.0,872.0
433,gRNA_6690,92.0,301.0,16758.0,31.0,248.0,37.0,261.0,10300.0,16970.0,1646.0,52.0,44.0,577.0,724.0
434,gRNA_6696,49.0,183.0,8128.0,35.0,42.0,23.0,55.0,595.0,14540.0,756.0,8.0,327.0,16.0,399.0
435,gRNA_6704,133.0,289.0,19497.0,316.0,98.0,56.0,93.0,3913.0,31841.0,2380.0,80.0,28.0,119.0,774.0
436,gRNA_6706,6.0,10.0,625.0,4.0,294.0,23.0,15.0,70909.0,4910.0,251.0,3.0,4.0,21.0,33.0
438,gRNA_6720,103.0,187.0,10562.0,20.0,222.0,21.0,177.0,4797.0,9888.0,1068.0,318.0,19.0,698.0,622.0
439,gRNA_6722,197.0,377.0,14072.0,29.0,212.0,102.0,167.0,3574.0,32792.0,4020.0,30.0,191.0,860.0,725.0
450,gRNA_7011,206.0,392.0,22683.0,85.0,732.0,112.0,73.0,30459.0,29060.0,1419.0,38.0,412.0,57.0,676.0
451,gRNA_7015,893.0,438.0,24349.0,85.0,333.0,192.0,318.0,25276.0,10031.0,3691.0,339.0,162.0,685.0,1300.0
452,gRNA_7021,96.0,126.0,10651.0,5.0,377.0,9.0,11.0,1016925.0,9484.0,220.0,8.0,96.0,5.0,472.0
453,gRNA_7023,119.0,257.0,9604.0,18.0,36.0,57.0,105.0,8612.0,8753.0,1225.0,164.0,7.0,124.0,457.0
454,gRNA_7030,28.0,40.0,3091.0,3.0,10.0,22.0,6.0,761.0,532.0,247.0,49.0,0.0,13.0,195.0
455,gRNA_7034,67.0,145.0,9267.0,12.0,45.0,64.0,222.0,4789.0,18149.0,1561.0,12.0,345.0,115.0,598.0
456,gRNA_7043,24.0,63.0,3046.0,5.0,39.0,16.0,42.0,1461.0,4046.0,102.0,1.0,30.0,163.0,190.0
457,gRNA_7045,67.0,196.0,9388.0,22.0,491.0,137.0,165.0,111802.0,29773.0,943.0,7.0,197.0,111.0,525.0
458,gRNA_7056,56.0,156.0,5859.0,36.0,51.0,24.0,111.0,2306.0,25157.0,8132.0,52.0,273.0,180.0,387.0
459,gRNA_7059,61.0,121.0,6551.0,33.0,96.0,22.0,17.0,2352.0,5896.0,277.0,17.0,57.0,49.0,495.0
460,gRNA_7065,79.0,209.0,9787.0,16.0,340.0,53.0,84.0,40793.0,20525.0,1206.0,33.0,67.0,168.0,381.0
461,gRNA_7276,172.0,410.0,22342.0,75.0,552.0,183.0,140.0,13475.0,21315.0,1291.0,73.0,123.0,686.0,599.0
462,gRNA_7277,181.0,382.0,23353.0,55.0,272.0,142.0,256.0,9554.0,23567.0,4540.0,100.0,28.0,339.0,706.0
463,gRNA_7281,147.0,273.0,14845.0,7.0,444.0,82.0,156.0,78447.0,35809.0,2813.0,165.0,68.0,637.0,1025.0
464,gRNA_7361,51.0,155.0,6921.0,21.0,29.0,90.0,199.0,972.0,4912.0,1724.0,72.0,30.0,275.0,510.0
465,gRNA_7365,143.0,318.0,19771.0,148.0,253.0,218.0,129.0,20634.0,11162.0,548.0,22.0,34.0,125.0,536.0
466,gRNA_7371,106.0,207.0,9099.0,219.0,2207.0,123.0,67.0,46302.0,5929.0,12774.0,693.0,121.0,64.0,707.0
467,gRNA_7372,74.0,210.0,8715.0,4.0,14.0,11.0,127.0,630.0,6235.0,126.0,1.0,37.0,56.0,627.0
468,gRNA_7379,80.0,271.0,12862.0,424.0,566.0,114.0,121.0,29970.0,12389.0,2674.0,38.0,59.0,475.0,857.0
470,gRNA_7394,65.0,162.0,6963.0,9.0,21.0,38.0,53.0,500.0,7254.0,580.0,34.0,29.0,73.0,382.0
471,gRNA_7409,102.0,241.0,9410.0,338.0,232.0,90.0,94.0,6429.0,30524.0,1198.0,54.0,523.0,171.0,505.0
472,gRNA_7420,34.0,59.0,3927.0,11.0,51.0,38.0,79.0,20647.0,11637.0,841.0,22.0,273.0,203.0,324.0
473,gRNA_7426,194.0,412.0,26636.0,152.0,334.0,75.0,108.0,16227.0,22772.0,2661.0,87.0,133.0,253.0,588.0
475,gRNA_7434,69.0,153.0,7647.0,23.0,28.0,19.0,59.0,295.0,7859.0,512.0,9.0,117.0,26.0,558.0
476,gRNA_7436,95.0,147.0,8482.0,142.0,633.0,134.0,113.0,30887.0,47123.0,5864.0,211.0,86.0,188.0,784.0
477,gRNA_7444,68.0,167.0,8183.0,503.0,617.0,102.0,99.0,22761.0,8914.0,2338.0,213.0,20.0,240.0,428.0
478,gRNA_7446,93.0,186.0,10616.0,8.0,394.0,16.0,32.0,25458.0,13141.0,1703.0,32.0,160.0,103.0,478.0
479,gRNA_7447,36.0,93.0,5355.0,87.0,135.0,85.0,136.0,4086.0,10489.0,689.0,15.0,38.0,447.0,369.0
480,gRNA_7448,77.0,166.0,8501.0,10.0,223.0,12.0,38.0,2754.0,8424.0,535.0,12.0,36.0,108.0,374.0
481,gRNA_7450,84.0,249.0,12711.0,28.0,289.0,74.0,69.0,17013.0,4234.0,191.0,12.0,18.0,147.0,519.0
482,gRNA_7462,180.0,450.0,18430.0,177.0,172.0,114.0,228.0,9013.0,8658.0,1685.0,330.0,50.0,132.0,921.0
490,gRNA_7645,35.0,87.0,4590.0,25.0,215.0,45.0,171.0,11556.0,34978.0,994.0,18.0,39.0,801.0,395.0
491,gRNA_7653,30.0,42.0,1764.0,60.0,10.0,93.0,45.0,4741.0,25667.0,683.0,33.0,36.0,85.0,150.0
492,gRNA_7660,71.0,151.0,9833.0,326.0,396.0,115.0,208.0,28324.0,16123.0,865.0,77.0,99.0,614.0,450.0
493,gRNA_7669,95.0,148.0,10530.0,11.0,75.0,84.0,153.0,31898.0,5405.0,300.0,14.0,28.0,215.0,432.0
494,gRNA_7670,98.0,236.0,13615.0,8.0,56.0,11.0,50.0,1148.0,5980.0,598.0,7.0,34.0,223.0,681.0
495,gRNA_7674,127.0,316.0,18605.0,208.0,204.0,68.0,135.0,12833.0,5246.0,1250.0,79.0,18.0,109.0,835.0
496,gRNA_7687,18.0,50.0,2295.0,87.0,223.0,73.0,70.0,26085.0,12612.0,211.0,0.0,133.0,81.0,265.0
497,gRNA_7690,52.0,146.0,7601.0,6.0,269.0,146.0,56.0,16820.0,13735.0,1847.0,50.0,99.0,29.0,433.0
498,gRNA_7701,24.0,53.0,2823.0,14.0,135.0,6.0,33.0,48405.0,30692.0,1069.0,6.0,74.0,56.0,252.0
499,gRNA_7709,25.0,26.0,1510.0,4.0,188.0,3.0,11.0,65956.0,4302.0,221.0,11.0,39.0,49.0,129.0
500,gRNA_7710,178.0,391.0,17002.0,38.0,322.0,130.0,95.0,28094.0,60522.0,646.0,4.0,317.0,151.0,923.0
501,gRNA_7712,97.0,161.0,9746.0,39.0,118.0,47.0,151.0,5082.0,24038.0,580.0,1.0,43.0,292.0,612.0
502,gRNA_7713,230.0,594.0,30057.0,54.0,244.0,138.0,447.0,8101.0,13164.0,1367.0,65.0,45.0,1733.0,884.0
503,gRNA_7718,72.0,174.0,7880.0,129.0,97.0,117.0,159.0,3655.0,27443.0,3412.0,29.0,207.0,125.0,446.0
504,gRNA_7721,0.0,0.0,0.0,0.0,0.0,0.0,0.0,0.0,0.0,0.0,0.0,0.0,0.0,0.0
505,gRNA_7730,139.0,426.0,22655.0,201.0,100.0,99.0,232.0,2496.0,19767.0,3453.0,330.0,117.0,432.0,532.0
506,gRNA_7731,85.0,302.0,14135.0,11.0,138.0,17.0,61.0,14693.0,26121.0,3541.0,140.0,47.0,119.0,334.0
507,gRNA_7734,168.0,305.0,11369.0,3.0,104.0,5.0,49.0,4266.0,18064.0,902.0,49.0,632.0,95.0,284.0
508,gRNA_7750,83.0,207.0,12079.0,197.0,127.0,73.0,158.0,5595.0,5540.0,1657.0,52.0,56.0,265.0,662.0
509,gRNA_7753,104.0,284.0,13773.0,12.0,142.0,61.0,101.0,2283.0,4542.0,592.0,32.0,19.0,444.0,401.0
510,gRNA_7754,66.0,117.0,7749.0,25.0,141.0,41.0,120.0,14778.0,8453.0,1027.0,97.0,186.0,83.0,444.0
511,gRNA_7762,213.0,413.0,24928.0,52.0,567.0,97.0,209.0,50589.0,23139.0,1739.0,48.0,97.0,930.0,821.0
517,gRNA_7883,79.0,173.0,11013.0,3.0,79.0,8.0,129.0,5693.0,2322.0,967.0,31.0,8.0,269.0,647.0
518,gRNA_7893,49.0,168.0,7718.0,80.0,27.0,20.0,10.0,5970.0,3096.0,658.0,33.0,7.0,30.0,339.0
519,gRNA_7900,33.0,81.0,5968.0,8.0,844.0,22.0,307.0,41162.0,18132.0,363.0,0.0,37.0,669.0,379.0
521,gRNA_7909,83.0,238.0,11598.0,129.0,136.0,123.0,266.0,12400.0,20573.0,1296.0,60.0,56.0,186.0,606.0
522,gRNA_7910,865.0,2087.0,109823.0,326.0,519.0,140.0,246.0,30942.0,29276.0,3256.0,189.0,841.0,348.0,1612.0
523,gRNA_7914,92.0,180.0,9282.0,37.0,313.0,67.0,149.0,11275.0,14400.0,1202.0,12.0,47.0,67.0,684.0
525,gRNA_7928,111.0,300.0,15760.0,179.0,150.0,60.0,85.0,33175.0,15674.0,2557.0,63.0,161.0,164.0,729.0
526,gRNA_7931,147.0,313.0,18796.0,367.0,374.0,88.0,222.0,22951.0,43880.0,3045.0,245.0,83.0,343.0,1419.0
527,gRNA_7943,94.0,223.0,10595.0,221.0,393.0,153.0,315.0,15996.0,41237.0,1896.0,48.0,139.0,261.0,584.0
528,gRNA_7951,151.0,367.0,17349.0,38.0,175.0,77.0,81.0,21838.0,12550.0,2428.0,77.0,67.0,152.0,733.0
529,gRNA_7952,105.0,209.0,12711.0,229.0,707.0,203.0,187.0,43121.0,21279.0,3743.0,115.0,43.0,135.0,694.0
530,gRNA_7954,61.0,128.0,7948.0,19.0,83.0,54.0,25.0,3817.0,8309.0,180.0,3.0,15.0,35.0,502.0
531,gRNA_7955,86.0,185.0,9964.0,203.0,760.0,149.0,277.0,28856.0,30682.0,4199.0,115.0,100.0,577.0,533.0
532,gRNA_7961,85.0,163.0,9596.0,147.0,1082.0,130.0,330.0,37334.0,18386.0,4947.0,178.0,89.0,667.0,477.0
533,gRNA_7964,225.0,559.0,32914.0,38.0,214.0,73.0,199.0,6158.0,76391.0,13790.0,340.0,249.0,579.0,944.0
534,gRNA_7973,249.0,790.0,21951.0,87.0,779.0,71.0,147.0,31174.0,25732.0,734.0,45.0,433.0,351.0,681.0
535,gRNA_7974,43.0,124.0,7237.0,7.0,21.0,6.0,154.0,2280.0,20757.0,640.0,35.0,56.0,387.0,425.0
536,gRNA_7977,151.0,314.0,17652.0,32.0,231.0,42.0,43.0,4795.0,6058.0,1823.0,57.0,14.0,125.0,654.0
537,gRNA_7993,203.0,358.0,18568.0,136.0,326.0,170.0,288.0,8280.0,16282.0,4380.0,81.0,39.0,729.0,1076.0
538,gRNA_7996,90.0,207.0,9898.0,19.0,888.0,93.0,113.0,70902.0,14784.0,1991.0,29.0,55.0,72.0,495.0
539,gRNA_7997,221.0,524.0,23543.0,606.0,433.0,263.0,289.0,19808.0,36011.0,2478.0,134.0,98.0,711.0,1041.0
540,gRNA_8005,48.0,170.0,8471.0,42.0,340.0,146.0,441.0,7984.0,97247.0,2975.0,78.0,313.0,236.0,512.0
541,gRNA_8103,252.0,578.0,26298.0,35.0,1753.0,262.0,220.0,72460.0,76301.0,4180.0,93.0,464.0,1136.0,2096.0
542,gRNA_8107,109.0,300.0,13298.0,54.0,1379.0,109.0,257.0,78545.0,36238.0,3114.0,18.0,262.0,459.0,673.0
543,gRNA_8113,81.0,197.0,13284.0,44.0,336.0,63.0,179.0,12313.0,13729.0,3426.0,125.0,77.0,483.0,573.0
544,gRNA_8114,87.0,142.0,6757.0,61.0,348.0,61.0,130.0,13434.0,9935.0,5775.0,242.0,51.0,365.0,471.0
545,gRNA_8121,124.0,217.0,12310.0,120.0,228.0,133.0,117.0,7609.0,20641.0,2388.0,115.0,252.0,476.0,711.0
546,gRNA_8129,32.0,93.0,5121.0,12.0,61.0,9.0,14.0,3214.0,2243.0,926.0,7.0,0.0,13.0,355.0
547,gRNA_8139,223.0,562.0,27019.0,147.0,69.0,19.0,159.0,16845.0,17292.0,1199.0,16.0,26.0,142.0,307.0
548,gRNA_8143,58.0,138.0,7297.0,27.0,920.0,88.0,196.0,36714.0,12761.0,1782.0,92.0,182.0,201.0,523.0
549,gRNA_8148,80.0,164.0,8502.0,30.0,124.0,41.0,94.0,5442.0,15958.0,1152.0,55.0,44.0,149.0,384.0
550,gRNA_8150,69.0,212.0,10173.0,62.0,137.0,16.0,43.0,10173.0,22590.0,5717.0,99.0,108.0,86.0,366.0
551,gRNA_8169,86.0,153.0,7480.0,31.0,50.0,85.0,274.0,2007.0,9284.0,1978.0,37.0,19.0,447.0,534.0
552,gRNA_8172,116.0,536.0,11251.0,108.0,264.0,67.0,105.0,52673.0,21878.0,523.0,33.0,18.0,155.0,502.0
553,gRNA_8173,121.0,305.0,15862.0,93.0,1444.0,225.0,331.0,62688.0,19206.0,4360.0,84.0,21.0,376.0,821.0
554,gRNA_8175,59.0,135.0,6731.0,41.0,329.0,208.0,69.0,18576.0,12810.0,646.0,27.0,32.0,221.0,506.0
555,gRNA_8183,75.0,113.0,6615.0,34.0,519.0,61.0,125.0,21389.0,4444.0,1128.0,98.0,60.0,210.0,435.0
556,gRNA_8186,76.0,121.0,7047.0,4.0,94.0,8.0,59.0,1574.0,4108.0,1452.0,33.0,29.0,142.0,387.0
557,gRNA_8202,81.0,232.0,10392.0,11.0,103.0,20.0,34.0,3279.0,2894.0,549.0,30.0,67.0,79.0,758.0
558,gRNA_8218,164.0,313.0,16863.0,270.0,366.0,371.0,335.0,12709.0,23594.0,2798.0,112.0,472.0,371.0,898.0
560,gRNA_8495,77.0,194.0,10124.0,183.0,323.0,148.0,554.0,19630.0,37626.0,3902.0,127.0,69.0,794.0,627.0
561,gRNA_8496,231.0,625.0,32396.0,683.0,800.0,259.0,359.0,50036.0,60789.0,2480.0,86.0,276.0,1219.0,1296.0
562,gRNA_8497,65.0,134.0,6264.0,4.0,163.0,40.0,43.0,4993.0,2247.0,459.0,24.0,124.0,266.0,498.0
563,gRNA_8498,288.0,604.0,25452.0,43.0,292.0,63.0,187.0,13176.0,23759.0,2094.0,44.0,112.0,346.0,1012.0
564,gRNA_8499,28.0,70.0,4290.0,32.0,241.0,166.0,36.0,41649.0,2182.0,1948.0,42.0,49.0,46.0,299.0
565,gRNA_8500,56.0,119.0,5898.0,15.0,48.0,72.0,77.0,4895.0,13106.0,447.0,13.0,15.0,92.0,351.0
566,gRNA_8501,102.0,232.0,10661.0,21.0,339.0,38.0,103.0,13478.0,8395.0,5339.0,62.0,103.0,524.0,653.0
567,gRNA_8502,51.0,92.0,3072.0,7.0,48.0,13.0,359.0,4904.0,15358.0,1222.0,107.0,44.0,200.0,193.0
568,gRNA_8503,41.0,65.0,3515.0,0.0,74.0,14.0,4.0,5392.0,6480.0,367.0,11.0,31.0,36.0,236.0
569,gRNA_8504,47.0,137.0,6816.0,204.0,622.0,69.0,138.0,101472.0,17871.0,7922.0,279.0,625.0,373.0,356.0
570,gRNA_8505,138.0,240.0,16032.0,254.0,193.0,69.0,179.0,11340.0,11335.0,2903.0,100.0,73.0,563.0,1059.0
571,gRNA_8506,129.0,180.0,10588.0,668.0,1823.0,458.0,624.0,331853.0,128735.0,10188.0,442.0,1172.0,1039.0,639.0
572,gRNA_8507,341.0,610.0,38793.0,409.0,1295.0,326.0,1007.0,73146.0,77575.0,12130.0,1145.0,489.0,1367.0,1488.0
573,gRNA_8508,31.0,195.0,5214.0,42.0,178.0,48.0,38.0,6334.0,6831.0,1177.0,27.0,200.0,49.0,306.0
574,gRNA_8509,278.0,468.0,23222.0,110.0,896.0,122.0,125.0,34792.0,39627.0,4621.0,379.0,238.0,190.0,1153.0
575,gRNA_8510,258.0,560.0,30669.0,282.0,625.0,114.0,348.0,18663.0,30003.0,9398.0,457.0,105.0,659.0,1612.0
576,gRNA_8511,225.0,475.0,22567.0,168.0,1320.0,68.0,481.0,45028.0,33395.0,6656.0,122.0,705.0,680.0,1361.0
577,gRNA_8512,61.0,139.0,7649.0,3.0,268.0,4.0,72.0,13992.0,9773.0,899.0,107.0,86.0,179.0,535.0
578,gRNA_8514,94.0,207.0,9540.0,51.0,2350.0,209.0,422.0,112357.0,18730.0,2644.0,72.0,590.0,245.0,538.0
579,gRNA_8515,58.0,179.0,8938.0,141.0,93.0,36.0,361.0,1659.0,9655.0,1188.0,21.0,29.0,373.0,393.0
580,gRNA_8516,112.0,196.0,10358.0,349.0,1104.0,164.0,318.0,70370.0,47843.0,13153.0,230.0,362.0,310.0,453.0
581,gRNA_8517,45.0,75.0,4225.0,101.0,189.0,147.0,143.0,10914.0,19122.0,1666.0,33.0,103.0,257.0,343.0
582,gRNA_8518,112.0,213.0,10726.0,44.0,382.0,83.0,80.0,9997.0,53068.0,3319.0,132.0,205.0,228.0,738.0
583,gRNA_8519,43.0,132.0,7345.0,28.0,275.0,53.0,46.0,8774.0,9424.0,1100.0,18.0,190.0,79.0,572.0
584,gRNA_8520,61.0,214.0,8322.0,2.0,102.0,22.0,68.0,62529.0,10659.0,3870.0,658.0,98.0,171.0,466.0
585,gRNA_8521,138.0,419.0,14079.0,408.0,1103.0,145.0,407.0,59910.0,21067.0,9494.0,473.0,363.0,385.0,758.0
586,gRNA_8522,254.0,655.0,21477.0,17.0,292.0,108.0,129.0,14758.0,18235.0,4078.0,208.0,26.0,395.0,917.0
587,gRNA_8523,79.0,172.0,9476.0,42.0,101.0,61.0,87.0,8213.0,16309.0,806.0,7.0,569.0,225.0,522.0
588,gRNA_8524,148.0,224.0,13631.0,445.0,427.0,122.0,237.0,16783.0,46043.0,2216.0,91.0,220.0,231.0,687.0
589,gRNA_8525,52.0,171.0,7317.0,19.0,380.0,57.0,119.0,46641.0,8018.0,1231.0,123.0,48.0,274.0,402.0
590,gRNA_8526,163.0,204.0,15561.0,23.0,122.0,34.0,223.0,13433.0,37326.0,3503.0,277.0,136.0,480.0,838.0
591,gRNA_8527,187.0,465.0,25376.0,366.0,607.0,216.0,291.0,21622.0,49893.0,4155.0,332.0,399.0,562.0,1665.0
592,gRNA_8528,177.0,359.0,15524.0,28.0,604.0,179.0,236.0,138128.0,46767.0,7973.0,247.0,203.0,327.0,864.0
593,gRNA_8529,62.0,162.0,7379.0,114.0,55.0,23.0,15.0,2237.0,13848.0,316.0,2.0,86.0,42.0,443.0
594,gRNA_8530,197.0,384.0,21156.0,33.0,503.0,117.0,255.0,23493.0,75893.0,8517.0,214.0,98.0,196.0,1190.0
595,gRNA_8531,132.0,225.0,10943.0,115.0,224.0,146.0,164.0,16948.0,31748.0,4122.0,24.0,108.0,260.0,749.0
596,gRNA_8532,177.0,394.0,22565.0,244.0,643.0,77.0,124.0,19071.0,21131.0,4599.0,113.0,63.0,254.0,1212.0
597,gRNA_8533,1.0,1.0,120.0,0.0,1.0,0.0,0.0,54.0,4.0,0.0,0.0,0.0,0.0,10.0
598,gRNA_8534,32.0,62.0,2882.0,5.0,76.0,6.0,31.0,5456.0,1724.0,554.0,14.0,12.0,35.0,175.0
599,gRNA_8694,26.0,71.0,3376.0,26.0,283.0,59.0,59.0,5010.0,6873.0,518.0,50.0,16.0,92.0,231.0
608,gRNA_9710,131.0,343.0,14273.0,1.0,299.0,23.0,127.0,9505.0,9484.0,1632.0,27.0,70.0,157.0,751.0
609,gRNA_9719,66.0,148.0,8538.0,151.0,168.0,78.0,79.0,14213.0,2962.0,2115.0,16.0,4.0,118.0,399.0
610,gRNA_9723,121.0,246.0,13380.0,84.0,144.0,102.0,525.0,9438.0,49840.0,4922.0,395.0,96.0,480.0,754.0
611,gRNA_9732,34.0,92.0,4730.0,17.0,203.0,38.0,77.0,10275.0,7637.0,181.0,10.0,7.0,96.0,287.0
612,gRNA_9736,104.0,175.0,11191.0,200.0,1924.0,75.0,78.0,76896.0,16948.0,5645.0,374.0,187.0,157.0,530.0
613,gRNA_9742,47.0,127.0,6277.0,92.0,83.0,87.0,136.0,156090.0,12885.0,1038.0,118.0,15.0,105.0,302.0
618,gRNA_10271,159.0,394.0,18457.0,202.0,119.0,75.0,229.0,6092.0,11134.0,12734.0,73.0,24.0,489.0,812.0
619,gRNA_10272,170.0,388.0,19978.0,77.0,348.0,106.0,123.0,11302.0,10138.0,3288.0,197.0,28.0,235.0,1108.0
620,gRNA_10278,30.0,80.0,5339.0,3.0,1075.0,11.0,99.0,810836.0,842.0,124.0,0.0,7.0,319.0,388.0
624,gRNA_10424,101.0,267.0,12430.0,16.0,173.0,70.0,129.0,9183.0,5139.0,3668.0,154.0,84.0,122.0,701.0
625,gRNA_10425,106.0,216.0,9566.0,89.0,18.0,339.0,95.0,3496.0,48972.0,2018.0,70.0,48.0,190.0,675.0
626,gRNA_10429,58.0,63.0,2789.0,111.0,207.0,84.0,59.0,14810.0,4473.0,331.0,16.0,7.0,19.0,212.0
627,gRNA_10432,34.0,95.0,6043.0,55.0,58.0,35.0,56.0,9589.0,9075.0,395.0,15.0,109.0,88.0,505.0
628,gRNA_10438,126.0,287.0,13088.0,4.0,111.0,17.0,94.0,2250.0,11471.0,2346.0,15.0,32.0,145.0,693.0
629,gRNA_10461,64.0,212.0,10432.0,74.0,173.0,39.0,25.0,10549.0,6149.0,1024.0,18.0,111.0,61.0,493.0
630,gRNA_10465,36.0,98.0,5061.0,4.0,24.0,24.0,95.0,306.0,5841.0,404.0,7.0,5.0,78.0,323.0
631,gRNA_10473,69.0,94.0,6823.0,60.0,107.0,17.0,55.0,2887.0,7713.0,322.0,9.0,33.0,182.0,307.0
641,gRNA_10738,15.0,30.0,1875.0,86.0,143.0,24.0,123.0,4403.0,5428.0,323.0,18.0,130.0,192.0,155.0
642,gRNA_10745,105.0,118.0,7860.0,319.0,548.0,77.0,57.0,66431.0,16076.0,632.0,14.0,40.0,160.0,464.0
643,gRNA_10750,21.0,129.0,4826.0,108.0,128.0,67.0,75.0,12569.0,10028.0,884.0,42.0,24.0,454.0,251.0
644,gRNA_10752,23.0,39.0,2433.0,6.0,108.0,22.0,17.0,7225.0,10150.0,878.0,12.0,133.0,31.0,114.0
645,gRNA_10775,63.0,129.0,6687.0,15.0,513.0,63.0,221.0,17773.0,8918.0,3549.0,191.0,144.0,273.0,521.0
646,gRNA_10777,68.0,122.0,7069.0,6.0,67.0,21.0,48.0,5266.0,11981.0,315.0,8.0,31.0,27.0,349.0
647,gRNA_10781,43.0,115.0,8041.0,43.0,77.0,34.0,44.0,7427.0,6569.0,762.0,52.0,254.0,121.0,474.0
648,gRNA_10784,155.0,293.0,14601.0,27.0,77.0,105.0,153.0,2538.0,11175.0,614.0,45.0,183.0,933.0,747.0
650,gRNA_10912,71.0,79.0,3675.0,11.0,439.0,43.0,124.0,56217.0,9130.0,3018.0,37.0,156.0,109.0,430.0
651,gRNA_10917,283.0,493.0,36568.0,20.0,10.0,8.0,16.0,340.0,11051.0,3087.0,72.0,136.0,39.0,445.0
652,gRNA_10925,116.0,301.0,9124.0,30.0,53.0,63.0,44.0,4091.0,3820.0,1287.0,138.0,13.0,100.0,529.0
653,gRNA_10942,101.0,180.0,8393.0,81.0,20.0,76.0,61.0,1379.0,3743.0,609.0,20.0,19.0,206.0,369.0
654,gRNA_10945,25.0,69.0,3765.0,36.0,179.0,34.0,50.0,4692.0,9044.0,3035.0,40.0,18.0,167.0,242.0
655,gRNA_10946,19.0,69.0,2864.0,70.0,82.0,41.0,59.0,31183.0,1904.0,1921.0,67.0,4.0,165.0,206.0
656,gRNA_10949,165.0,428.0,23974.0,32.0,620.0,145.0,192.0,43165.0,34214.0,18877.0,384.0,185.0,208.0,1237.0
657,gRNA_10961,53.0,111.0,5120.0,17.0,132.0,29.0,39.0,3039.0,12843.0,489.0,5.0,14.0,44.0,386.0
660,gRNA_10974,129.0,260.0,12863.0,5.0,939.0,31.0,204.0,74121.0,7275.0,514.0,32.0,98.0,293.0,568.0
662,gRNA_11077,53.0,165.0,6599.0,28.0,192.0,102.0,30.0,8267.0,6837.0,1707.0,80.0,5.0,29.0,288.0
663,gRNA_11100,48.0,111.0,6099.0,52.0,196.0,154.0,184.0,12143.0,18917.0,531.0,41.0,18.0,194.0,568.0
664,gRNA_11101,107.0,260.0,15545.0,44.0,1082.0,54.0,104.0,48102.0,42861.0,3160.0,127.0,169.0,100.0,637.0
665,gRNA_11110,139.0,264.0,11134.0,98.0,953.0,90.0,214.0,89267.0,23119.0,5469.0,186.0,101.0,271.0,640.0
666,gRNA_11118,28.0,54.0,2485.0,17.0,159.0,33.0,76.0,11139.0,6898.0,945.0,24.0,24.0,110.0,133.0
667,gRNA_11120,74.0,83.0,4602.0,169.0,352.0,24.0,153.0,11998.0,9780.0,2325.0,24.0,18.0,134.0,334.0
668,gRNA_11149,138.0,306.0,15131.0,22.0,118.0,44.0,129.0,4136.0,13263.0,619.0,1.0,28.0,193.0,590.0
669,gRNA_11151,156.0,233.0,12670.0,21.0,168.0,171.0,120.0,8095.0,15971.0,958.0,52.0,55.0,101.0,992.0
670,gRNA_11160,97.0,204.0,10804.0,48.0,123.0,29.0,78.0,3415.0,1964.0,740.0,5.0,44.0,242.0,292.0
671,gRNA_11163,24.0,55.0,3545.0,20.0,21.0,75.0,67.0,1073.0,8421.0,90.0,1.0,84.0,66.0,198.0
672,gRNA_11165,100.0,320.0,14386.0,225.0,350.0,224.0,432.0,9010.0,10548.0,3485.0,111.0,47.0,356.0,794.0
673,gRNA_11186,31.0,116.0,5970.0,43.0,150.0,73.0,162.0,5750.0,25110.0,2241.0,130.0,475.0,600.0,347.0
674,gRNA_11188,93.0,143.0,8013.0,7.0,261.0,74.0,41.0,10550.0,1352.0,964.0,62.0,3.0,106.0,641.0
681,gRNA_11361,69.0,199.0,11311.0,3.0,91.0,25.0,45.0,2074.0,10044.0,4961.0,436.0,60.0,116.0,707.0
682,gRNA_11371,34.0,126.0,6147.0,77.0,234.0,44.0,68.0,10665.0,10893.0,2153.0,70.0,63.0,38.0,488.0
683,gRNA_11372,22.0,49.0,2691.0,0.0,8.0,6.0,20.0,251.0,4378.0,811.0,84.0,50.0,58.0,199.0
684,gRNA_11374,26.0,68.0,3066.0,8.0,30.0,19.0,29.0,525.0,5085.0,285.0,10.0,14.0,111.0,249.0
685,gRNA_11375,46.0,79.0,5308.0,14.0,24.0,83.0,59.0,281.0,1598.0,286.0,20.0,13.0,470.0,368.0
686,gRNA_11380,57.0,143.0,6738.0,16.0,12.0,5.0,1.0,89.0,2640.0,150.0,2.0,29.0,15.0,276.0
687,gRNA_11386,33.0,90.0,5616.0,2.0,1330.0,21.0,0.0,33115.0,326.0,391.0,4.0,5.0,7.0,223.0
688,gRNA_11398,53.0,104.0,7445.0,19.0,141.0,76.0,190.0,4815.0,10044.0,1842.0,51.0,32.0,608.0,396.0
689,gRNA_11401,267.0,549.0,27596.0,48.0,444.0,168.0,173.0,65259.0,18768.0,3966.0,86.0,328.0,537.0,1667.0
690,gRNA_11407,383.0,799.0,40446.0,692.0,1625.0,166.0,407.0,346893.0,35085.0,4838.0,240.0,371.0,441.0,1779.0
691,gRNA_11411,99.0,198.0,9547.0,10.0,105.0,59.0,81.0,58139.0,1667.0,488.0,59.0,10.0,82.0,689.0
692,gRNA_11416,23.0,120.0,5102.0,6.0,534.0,13.0,57.0,20354.0,4008.0,2683.0,59.0,16.0,150.0,347.0
693,gRNA_11422,63.0,92.0,5394.0,29.0,383.0,92.0,119.0,8153.0,14944.0,1291.0,16.0,51.0,352.0,583.0
694,gRNA_11423,248.0,368.0,37739.0,67.0,617.0,120.0,138.0,22852.0,10042.0,2924.0,80.0,23.0,158.0,491.0
695,gRNA_11425,0.0,3.0,128.0,5.0,2.0,8.0,2.0,27.0,0.0,0.0,0.0,0.0,0.0,11.0
696,gRNA_11432,46.0,82.0,5469.0,81.0,166.0,39.0,105.0,34837.0,14408.0,933.0,54.0,49.0,219.0,418.0
697,gRNA_11467,97.0,214.0,10628.0,11.0,329.0,81.0,98.0,18774.0,33648.0,1043.0,40.0,114.0,220.0,706.0
698,gRNA_11474,76.0,144.0,5782.0,16.0,799.0,111.0,160.0,21058.0,23608.0,3255.0,110.0,178.0,154.0,491.0
699,gRNA_11478,74.0,114.0,5861.0,26.0,44.0,19.0,76.0,1633.0,4230.0,390.0,15.0,25.0,133.0,230.0
700,gRNA_11482,25.0,73.0,4116.0,88.0,771.0,94.0,87.0,29768.0,10830.0,2972.0,106.0,19.0,272.0,367.0
701,gRNA_11495,55.0,129.0,6372.0,124.0,565.0,91.0,197.0,38930.0,24088.0,1481.0,13.0,64.0,909.0,637.0
702,gRNA_11507,69.0,176.0,9926.0,6.0,244.0,16.0,59.0,9174.0,5543.0,745.0,32.0,31.0,38.0,526.0
703,gRNA_11516,123.0,279.0,10803.0,49.0,403.0,19.0,76.0,22490.0,15570.0,556.0,22.0,92.0,581.0,609.0
704,gRNA_11519,104.0,169.0,10334.0,3.0,83.0,54.0,82.0,2789.0,15608.0,1016.0,127.0,65.0,170.0,838.0
705,gRNA_11523,83.0,123.0,6312.0,13.0,84.0,142.0,76.0,2876.0,13563.0,1208.0,24.0,112.0,45.0,368.0
706,gRNA_11534,107.0,290.0,15882.0,53.0,114.0,92.0,37.0,2199.0,11182.0,1020.0,25.0,60.0,107.0,753.0
707,gRNA_11536,58.0,174.0,9987.0,120.0,369.0,63.0,85.0,17350.0,26683.0,634.0,2.0,26.0,108.0,429.0
708,gRNA_11541,75.0,209.0,11125.0,24.0,283.0,28.0,39.0,9797.0,14665.0,1978.0,27.0,67.0,73.0,630.0
713,gRNA_11817,147.0,345.0,14272.0,36.0,459.0,128.0,291.0,13417.0,13786.0,1082.0,29.0,137.0,368.0,787.0
714,gRNA_11821,79.0,246.0,11620.0,106.0,543.0,46.0,274.0,42749.0,22146.0,6193.0,334.0,51.0,543.0,586.0
715,gRNA_11827,53.0,136.0,8524.0,37.0,48.0,32.0,64.0,4647.0,7801.0,263.0,2.0,16.0,208.0,324.0
716,gRNA_11829,26.0,48.0,2915.0,231.0,443.0,115.0,119.0,14803.0,13453.0,674.0,63.0,45.0,25.0,240.0
717,gRNA_11835,110.0,218.0,12158.0,50.0,507.0,38.0,603.0,119494.0,11659.0,1858.0,101.0,28.0,571.0,404.0
718,gRNA_11839,68.0,116.0,6648.0,10.0,198.0,42.0,76.0,16507.0,16880.0,955.0,94.0,79.0,14.0,328.0
719,gRNA_11848,45.0,123.0,4864.0,19.0,28.0,13.0,66.0,783.0,19438.0,602.0,35.0,65.0,102.0,210.0
720,gRNA_11850,240.0,424.0,28018.0,561.0,300.0,123.0,186.0,321095.0,24859.0,1899.0,92.0,41.0,477.0,894.0
721,gRNA_11863,320.0,766.0,40941.0,91.0,464.0,133.0,440.0,25370.0,29192.0,7928.0,559.0,268.0,699.0,1417.0
722,gRNA_11866,58.0,194.0,9833.0,14.0,239.0,131.0,139.0,18137.0,15568.0,2569.0,12.0,62.0,191.0,448.0
723,gRNA_11872,43.0,95.0,5180.0,57.0,54.0,63.0,75.0,1719.0,9120.0,1992.0,139.0,116.0,58.0,300.0
724,gRNA_11948,177.0,301.0,20563.0,81.0,115.0,167.0,113.0,8963.0,10088.0,6071.0,80.0,23.0,472.0,697.0
725,gRNA_11970,135.0,347.0,14809.0,630.0,2051.0,183.0,627.0,73433.0,10450.0,2103.0,95.0,34.0,343.0,768.0
726,gRNA_11971,40.0,138.0,8473.0,6.0,245.0,15.0,74.0,6692.0,14738.0,362.0,22.0,27.0,102.0,335.0
727,gRNA_11980,55.0,146.0,7135.0,5.0,93.0,23.0,155.0,18319.0,37136.0,1125.0,10.0,96.0,106.0,489.0
728,gRNA_11982,67.0,174.0,7209.0,15.0,88.0,23.0,35.0,6833.0,3433.0,603.0,6.0,15.0,86.0,261.0
729,gRNA_11983,238.0,519.0,25828.0,413.0,852.0,226.0,415.0,64082.0,62651.0,11717.0,261.0,1433.0,1013.0,1763.0
730,gRNA_11986,52.0,115.0,6419.0,58.0,737.0,26.0,160.0,30051.0,10642.0,1587.0,124.0,58.0,153.0,286.0
737,gRNA_12349,119.0,405.0,16730.0,394.0,217.0,171.0,124.0,13945.0,45329.0,1453.0,57.0,351.0,78.0,839.0
738,gRNA_12351,118.0,244.0,10035.0,7.0,70.0,17.0,112.0,12333.0,17911.0,1169.0,39.0,148.0,164.0,536.0
739,gRNA_12364,180.0,448.0,21845.0,345.0,2546.0,413.0,475.0,156260.0,30687.0,12102.0,652.0,380.0,934.0,1011.0
740,gRNA_12371,67.0,180.0,7181.0,116.0,204.0,48.0,44.0,64489.0,54746.0,4399.0,291.0,35.0,41.0,464.0
741,gRNA_12377,131.0,330.0,21108.0,219.0,690.0,133.0,170.0,62346.0,29425.0,1829.0,73.0,496.0,164.0,678.0
743,gRNA_12496,92.0,247.0,12060.0,32.0,346.0,77.0,182.0,23384.0,2992.0,1102.0,27.0,10.0,256.0,672.0
744,gRNA_12497,150.0,252.0,13497.0,10.0,690.0,25.0,118.0,129516.0,3833.0,4825.0,50.0,13.0,409.0,795.0
745,gRNA_12503,10.0,30.0,1455.0,34.0,55.0,9.0,20.0,2763.0,2757.0,3232.0,80.0,93.0,98.0,132.0
746,gRNA_12504,74.0,226.0,11754.0,237.0,139.0,74.0,239.0,11951.0,16909.0,1684.0,73.0,306.0,498.0,554.0
747,gRNA_12505,90.0,253.0,14763.0,3.0,58.0,11.0,39.0,2197.0,3714.0,705.0,28.0,80.0,87.0,433.0
748,gRNA_12506,103.0,216.0,11522.0,44.0,525.0,74.0,51.0,14439.0,13140.0,698.0,21.0,17.0,145.0,566.0
749,gRNA_12507,7.0,32.0,2219.0,33.0,66.0,21.0,29.0,3200.0,15352.0,1101.0,16.0,27.0,49.0,116.0
750,gRNA_12511,88.0,126.0,6373.0,29.0,57.0,16.0,73.0,6046.0,5656.0,386.0,7.0,45.0,66.0,478.0
751,gRNA_12512,180.0,376.0,21085.0,52.0,846.0,124.0,146.0,165703.0,35135.0,7192.0,587.0,434.0,217.0,925.0
752,gRNA_12513,153.0,272.0,15958.0,321.0,273.0,347.0,190.0,42733.0,29036.0,3718.0,142.0,100.0,247.0,965.0
753,gRNA_12514,76.0,220.0,8090.0,60.0,507.0,123.0,184.0,34959.0,36860.0,5086.0,71.0,113.0,302.0,646.0
754,gRNA_12515,78.0,242.0,9341.0,223.0,240.0,183.0,122.0,11333.0,9954.0,3674.0,64.0,86.0,65.0,796.0
755,gRNA_12516,115.0,203.0,10234.0,59.0,147.0,36.0,97.0,8915.0,9467.0,1401.0,43.0,40.0,196.0,710.0
756,gRNA_12517,534.0,1289.0,58252.0,170.0,1639.0,332.0,318.0,66724.0,18711.0,4680.0,55.0,79.0,745.0,1383.0
757,gRNA_12518,42.0,91.0,4160.0,56.0,186.0,87.0,101.0,3470.0,22071.0,1413.0,35.0,67.0,38.0,400.0
758,gRNA_12519,91.0,134.0,6248.0,140.0,236.0,60.0,286.0,8490.0,7823.0,5123.0,346.0,31.0,956.0,555.0
759,gRNA_12520,40.0,130.0,6373.0,18.0,115.0,31.0,67.0,3416.0,3235.0,995.0,23.0,23.0,76.0,233.0
761,gRNA_12524,28.0,65.0,3576.0,3.0,27.0,22.0,125.0,4665.0,1940.0,300.0,16.0,38.0,102.0,224.0
762,gRNA_12525,36.0,102.0,6405.0,12.0,82.0,33.0,94.0,3008.0,8174.0,537.0,10.0,148.0,152.0,396.0
763,gRNA_12526,69.0,172.0,9344.0,149.0,112.0,72.0,100.0,13604.0,3813.0,665.0,34.0,10.0,80.0,435.0
764,gRNA_12527,98.0,240.0,8647.0,45.0,185.0,36.0,205.0,13120.0,43963.0,4374.0,111.0,260.0,299.0,494.0
765,gRNA_12531,130.0,321.0,21443.0,29.0,924.0,51.0,127.0,69658.0,9041.0,3826.0,209.0,257.0,133.0,909.0
766,gRNA_12532,45.0,92.0,5317.0,14.0,73.0,61.0,81.0,58144.0,20783.0,590.0,92.0,211.0,93.0,361.0
767,gRNA_12533,58.0,149.0,8630.0,4.0,95.0,28.0,57.0,3610.0,36007.0,521.0,2.0,90.0,203.0,355.0
769,gRNA_12539,304.0,503.0,24128.0,46.0,669.0,130.0,187.0,75907.0,37894.0,2094.0,130.0,709.0,272.0,1349.0
770,gRNA_12540,33.0,214.0,6156.0,15.0,21.0,12.0,34.0,3735.0,7873.0,1984.0,38.0,17.0,154.0,310.0
771,gRNA_12541,21.0,23.0,2072.0,5.0,177.0,11.0,38.0,9818.0,6782.0,831.0,31.0,6.0,83.0,203.0
772,gRNA_12542,154.0,123.0,7047.0,88.0,190.0,61.0,96.0,11987.0,4636.0,1149.0,72.0,86.0,128.0,433.0
773,gRNA_12543,38.0,68.0,3450.0,154.0,57.0,141.0,43.0,1354.0,13885.0,1061.0,7.0,164.0,75.0,295.0
774,gRNA_12544,56.0,177.0,10458.0,24.0,108.0,22.0,14.0,2412.0,13189.0,356.0,2.0,323.0,89.0,446.0
775,gRNA_12545,140.0,347.0,20218.0,102.0,792.0,136.0,230.0,65690.0,12957.0,6060.0,86.0,67.0,411.0,781.0
776,gRNA_12546,224.0,511.0,28854.0,33.0,286.0,69.0,137.0,7350.0,14068.0,3498.0,104.0,298.0,224.0,1161.0
778,gRNA_12550,133.0,198.0,9595.0,30.0,1458.0,68.0,434.0,48965.0,36401.0,5840.0,849.0,402.0,930.0,663.0
779,gRNA_12551,86.0,132.0,7568.0,127.0,49.0,69.0,615.0,2231.0,35182.0,2490.0,81.0,68.0,363.0,705.0
780,gRNA_12552,49.0,135.0,6607.0,49.0,270.0,22.0,131.0,8628.0,7068.0,5134.0,116.0,65.0,344.0,371.0
781,gRNA_12553,190.0,512.0,19123.0,40.0,628.0,79.0,118.0,404115.0,17419.0,3575.0,296.0,211.0,383.0,1092.0
782,gRNA_12554,42.0,40.0,3431.0,13.0,90.0,9.0,26.0,2122.0,2777.0,327.0,4.0,69.0,28.0,197.0
783,gRNA_12555,164.0,334.0,17055.0,25.0,417.0,179.0,175.0,63500.0,57340.0,2441.0,74.0,142.0,486.0,825.0
786,gRNA_12559,31.0,45.0,2798.0,22.0,69.0,37.0,63.0,15936.0,13474.0,710.0,56.0,12.0,155.0,181.0
787,gRNA_12563,356.0,742.0,36671.0,53.0,490.0,64.0,222.0,24892.0,19470.0,3031.0,37.0,42.0,134.0,1092.0
788,gRNA_12564,131.0,256.0,17218.0,12.0,157.0,70.0,219.0,5041.0,34806.0,7628.0,316.0,1109.0,1134.0,1076.0
789,gRNA_12565,113.0,318.0,16723.0,131.0,261.0,106.0,229.0,67040.0,15531.0,1188.0,65.0,177.0,323.0,507.0
790,gRNA_12566,35.0,94.0,5280.0,21.0,265.0,58.0,24.0,7099.0,5958.0,577.0,14.0,42.0,67.0,377.0
792,gRNA_12568,153.0,315.0,16801.0,92.0,347.0,35.0,305.0,51484.0,49662.0,952.0,98.0,139.0,370.0,962.0
793,gRNA_12569,140.0,324.0,15752.0,198.0,446.0,72.0,182.0,18922.0,15321.0,2618.0,85.0,105.0,453.0,1020.0
794,gRNA_12570,122.0,285.0,13076.0,5.0,212.0,33.0,115.0,16405.0,39022.0,4782.0,46.0,443.0,196.0,706.0
795,gRNA_12571,72.0,151.0,8236.0,141.0,92.0,194.0,128.0,8656.0,9562.0,835.0,25.0,37.0,180.0,533.0
796,gRNA_12572,81.0,150.0,7008.0,86.0,833.0,35.0,67.0,22195.0,5408.0,5746.0,169.0,33.0,339.0,410.0
797,gRNA_12573,99.0,209.0,10400.0,1175.0,1360.0,79.0,417.0,158354.0,28605.0,5547.0,149.0,407.0,1089.0,635.0
798,gRNA_12574,121.0,239.0,12097.0,15.0,418.0,35.0,229.0,14393.0,12378.0,1116.0,22.0,41.0,196.0,783.0
799,gRNA_12575,71.0,150.0,8948.0,100.0,990.0,118.0,68.0,44427.0,21675.0,3473.0,221.0,184.0,233.0,527.0
804,gRNA_12593,22.0,80.0,4291.0,1.0,21.0,13.0,17.0,602.0,741.0,1301.0,18.0,5.0,35.0,221.0
805,gRNA_12594,65.0,127.0,7631.0,55.0,101.0,54.0,31.0,6057.0,5214.0,707.0,5.0,6.0,104.0,439.0
809,gRNA_12603,114.0,278.0,13538.0,366.0,211.0,139.0,112.0,12874.0,30790.0,6223.0,51.0,160.0,222.0,847.0
811,gRNA_12605,118.0,267.0,9753.0,59.0,407.0,31.0,102.0,14377.0,20041.0,3569.0,55.0,101.0,211.0,466.0
812,gRNA_12611,103.0,246.0,13421.0,110.0,300.0,66.0,151.0,16954.0,55919.0,1374.0,151.0,476.0,221.0,773.0
813,gRNA_12612,84.0,193.0,11213.0,20.0,93.0,60.0,249.0,3924.0,5093.0,1331.0,44.0,55.0,613.0,510.0
814,gRNA_12613,66.0,130.0,7611.0,26.0,79.0,59.0,111.0,3552.0,31180.0,735.0,6.0,150.0,108.0,473.0
815,gRNA_12614,23.0,102.0,4899.0,8.0,115.0,59.0,18.0,11591.0,3805.0,157.0,4.0,34.0,25.0,304.0
816,gRNA_12615,165.0,399.0,17232.0,43.0,374.0,82.0,338.0,41778.0,38128.0,5862.0,340.0,99.0,989.0,664.0
817,gRNA_12616,58.0,158.0,10705.0,35.0,310.0,51.0,37.0,11289.0,5022.0,838.0,28.0,3.0,47.0,443.0
818,gRNA_12617,121.0,279.0,11292.0,117.0,128.0,105.0,157.0,24789.0,12758.0,2354.0,113.0,182.0,1457.0,554.0
819,gRNA_12619,44.0,109.0,5708.0,5.0,44.0,43.0,16.0,2072.0,6353.0,1585.0,22.0,659.0,19.0,356.0
820,gRNA_12620,55.0,107.0,5668.0,60.0,46.0,138.0,146.0,1430.0,2831.0,5348.0,942.0,12.0,316.0,439.0
821,gRNA_12621,124.0,209.0,11916.0,75.0,344.0,131.0,189.0,7441.0,20804.0,1930.0,30.0,109.0,352.0,976.0
822,gRNA_12622,68.0,152.0,8636.0,53.0,145.0,79.0,134.0,5783.0,15327.0,1962.0,119.0,57.0,309.0,479.0
823,gRNA_12623,76.0,229.0,10407.0,29.0,99.0,89.0,33.0,3802.0,9306.0,325.0,73.0,66.0,90.0,419.0
824,gRNA_12626,65.0,122.0,6771.0,73.0,153.0,90.0,115.0,53926.0,10512.0,676.0,55.0,21.0,60.0,633.0
825,gRNA_12627,67.0,113.0,6140.0,9.0,27.0,32.0,50.0,2548.0,3055.0,94.0,1.0,10.0,87.0,546.0
826,gRNA_12628,27.0,65.0,4469.0,6.0,247.0,49.0,163.0,9574.0,10306.0,3172.0,273.0,21.0,256.0,416.0
827,gRNA_12629,53.0,167.0,8188.0,164.0,118.0,52.0,171.0,4335.0,11457.0,1548.0,104.0,19.0,72.0,554.0
828,gRNA_12630,130.0,240.0,12775.0,4.0,436.0,22.0,128.0,68162.0,7139.0,1121.0,44.0,58.0,265.0,767.0
829,gRNA_12631,65.0,142.0,7046.0,25.0,69.0,49.0,65.0,4479.0,4040.0,839.0,102.0,45.0,181.0,479.0
830,gRNA_12632,195.0,339.0,19333.0,115.0,510.0,238.0,313.0,39839.0,17459.0,3477.0,58.0,61.0,323.0,812.0
831,gRNA_12633,51.0,140.0,5453.0,155.0,268.0,77.0,32.0,23770.0,4058.0,365.0,3.0,4.0,30.0,281.0
832,gRNA_12634,270.0,575.0,27862.0,457.0,289.0,169.0,110.0,36454.0,59309.0,1217.0,8.0,77.0,140.0,763.0
833,gRNA_12636,149.0,287.0,13324.0,20.0,233.0,107.0,115.0,20814.0,27769.0,2592.0,67.0,37.0,110.0,836.0
836,gRNA_12833,120.0,357.0,17968.0,785.0,825.0,241.0,176.0,22817.0,26882.0,2450.0,70.0,153.0,393.0,913.0
837,gRNA_12838,75.0,105.0,6334.0,45.0,137.0,146.0,116.0,5477.0,18363.0,1135.0,85.0,49.0,156.0,604.0
838,gRNA_12848,89.0,213.0,12664.0,212.0,724.0,225.0,225.0,51317.0,39714.0,1710.0,55.0,133.0,363.0,529.0
839,gRNA_12863,220.0,917.0,26812.0,52.0,813.0,224.0,590.0,33560.0,108745.0,4174.0,100.0,953.0,555.0,876.0
840,gRNA_12866,52.0,172.0,10122.0,124.0,79.0,108.0,60.0,11480.0,5619.0,6342.0,470.0,15.0,17.0,556.0
841,gRNA_12867,93.0,217.0,10159.0,93.0,255.0,79.0,90.0,6258.0,6994.0,836.0,92.0,17.0,93.0,448.0
842,gRNA_12870,65.0,157.0,8284.0,116.0,34.0,68.0,76.0,2811.0,7752.0,200.0,4.0,65.0,24.0,433.0
843,gRNA_12881,159.0,418.0,21581.0,57.0,616.0,60.0,141.0,74707.0,39810.0,1904.0,85.0,671.0,875.0,891.0
845,gRNA_13017,32.0,100.0,3979.0,20.0,47.0,49.0,134.0,25930.0,7845.0,283.0,5.0,54.0,131.0,292.0
846,gRNA_13026,27.0,26.0,1488.0,12.0,20.0,13.0,3.0,632.0,619.0,3.0,0.0,2.0,8.0,84.0
847,gRNA_13039,94.0,179.0,8537.0,84.0,26.0,63.0,306.0,744.0,67463.0,2855.0,50.0,1177.0,504.0,553.0
848,gRNA_13043,110.0,190.0,12020.0,192.0,377.0,164.0,168.0,16210.0,16847.0,4099.0,715.0,369.0,157.0,558.0
859,gRNA_13609,54.0,145.0,6099.0,8.0,205.0,38.0,28.0,3627.0,16466.0,1974.0,136.0,142.0,30.0,625.0
860,gRNA_13610,117.0,264.0,9884.0,4.0,68.0,47.0,79.0,3871.0,6480.0,1002.0,38.0,70.0,530.0,648.0
861,gRNA_13611,90.0,148.0,7833.0,50.0,609.0,241.0,365.0,48394.0,6400.0,9408.0,145.0,12.0,319.0,608.0
862,gRNA_13612,158.0,414.0,18646.0,8.0,390.0,44.0,334.0,18891.0,22384.0,2448.0,102.0,75.0,692.0,1012.0
863,gRNA_13613,192.0,318.0,16144.0,444.0,433.0,197.0,313.0,27083.0,38466.0,3017.0,67.0,174.0,939.0,1198.0
864,gRNA_13614,85.0,111.0,4736.0,197.0,499.0,80.0,149.0,446970.0,26283.0,4935.0,94.0,367.0,744.0,620.0
865,gRNA_13615,63.0,221.0,7769.0,29.0,241.0,93.0,76.0,6508.0,11367.0,2085.0,47.0,31.0,96.0,451.0
866,gRNA_13616,126.0,206.0,8903.0,281.0,761.0,65.0,180.0,57180.0,27117.0,695.0,23.0,39.0,68.0,542.0
867,gRNA_13617,75.0,165.0,8467.0,8.0,53.0,34.0,140.0,2691.0,14467.0,1298.0,52.0,221.0,230.0,542.0
868,gRNA_13618,159.0,376.0,19257.0,178.0,626.0,200.0,166.0,60442.0,7591.0,2081.0,107.0,56.0,200.0,1349.0
869,gRNA_13619,117.0,307.0,15240.0,46.0,849.0,41.0,210.0,210188.0,21451.0,2304.0,83.0,497.0,170.0,614.0
870,gRNA_13620,157.0,312.0,16457.0,142.0,676.0,93.0,209.0,22216.0,24576.0,3146.0,91.0,44.0,181.0,832.0
871,gRNA_13621,85.0,199.0,9634.0,6.0,20.0,12.0,152.0,926.0,21835.0,375.0,13.0,70.0,167.0,620.0
872,gRNA_13622,71.0,99.0,6171.0,335.0,297.0,188.0,99.0,10116.0,7887.0,6075.0,221.0,44.0,114.0,576.0
873,gRNA_13623,35.0,107.0,6083.0,62.0,124.0,105.0,49.0,11643.0,9772.0,1476.0,43.0,31.0,88.0,560.0
874,gRNA_13624,39.0,67.0,4705.0,280.0,229.0,144.0,76.0,3787.0,12187.0,429.0,19.0,125.0,14.0,307.0
875,gRNA_13625,41.0,94.0,5964.0,2.0,106.0,19.0,56.0,8447.0,5531.0,893.0,33.0,19.0,158.0,402.0
876,gRNA_13626,101.0,182.0,8842.0,14.0,144.0,83.0,163.0,6961.0,20543.0,790.0,16.0,192.0,89.0,621.0
877,gRNA_13627,55.0,84.0,5041.0,12.0,655.0,26.0,165.0,21736.0,18295.0,2310.0,55.0,51.0,84.0,447.0
878,gRNA_13628,126.0,196.0,13745.0,11.0,431.0,53.0,79.0,17773.0,15679.0,6502.0,824.0,35.0,55.0,615.0
879,gRNA_13629,13.0,38.0,1818.0,10.0,245.0,1.0,12.0,8505.0,9509.0,176.0,8.0,43.0,25.0,147.0
880,gRNA_13630,41.0,124.0,6378.0,9.0,264.0,30.0,79.0,83160.0,6872.0,706.0,7.0,11.0,177.0,466.0
881,gRNA_13631,45.0,108.0,5463.0,73.0,190.0,61.0,177.0,16348.0,18022.0,4005.0,64.0,39.0,340.0,387.0
882,gRNA_13632,38.0,78.0,3325.0,0.0,59.0,13.0,15.0,1495.0,3718.0,1350.0,33.0,10.0,8.0,348.0
883,gRNA_13633,82.0,146.0,9389.0,174.0,612.0,270.0,110.0,49045.0,17309.0,980.0,26.0,131.0,84.0,604.0
884,gRNA_13634,42.0,132.0,5621.0,15.0,212.0,30.0,55.0,7703.0,16045.0,347.0,12.0,172.0,280.0,312.0
885,gRNA_13635,69.0,181.0,8647.0,375.0,271.0,125.0,207.0,11267.0,12010.0,4445.0,344.0,182.0,914.0,581.0
886,gRNA_13636,132.0,258.0,11341.0,82.0,99.0,104.0,165.0,9553.0,21064.0,2800.0,90.0,70.0,106.0,736.0
887,gRNA_13637,197.0,387.0,17911.0,64.0,480.0,276.0,249.0,15442.0,8415.0,6426.0,979.0,70.0,498.0,1363.0
888,gRNA_13638,58.0,59.0,2922.0,3.0,16.0,6.0,55.0,1212.0,8947.0,2182.0,70.0,269.0,79.0,176.0
889,gRNA_13639,59.0,158.0,6889.0,33.0,254.0,35.0,84.0,58346.0,23517.0,623.0,15.0,36.0,185.0,559.0
890,gRNA_13640,72.0,154.0,9143.0,43.0,117.0,75.0,112.0,59446.0,8402.0,1284.0,103.0,145.0,69.0,390.0
891,gRNA_13641,183.0,366.0,22772.0,40.0,1416.0,192.0,365.0,57907.0,18179.0,2339.0,180.0,62.0,639.0,1449.0
892,gRNA_13642,80.0,198.0,9237.0,79.0,553.0,207.0,291.0,14938.0,12620.0,1882.0,121.0,38.0,336.0,685.0
893,gRNA_13643,135.0,249.0,12059.0,116.0,324.0,210.0,182.0,11226.0,20068.0,4521.0,206.0,85.0,984.0,970.0
894,gRNA_13644,287.0,859.0,26258.0,16.0,53.0,112.0,233.0,4555.0,17149.0,860.0,60.0,801.0,424.0,845.0
895,gRNA_13645,124.0,315.0,12584.0,12.0,557.0,143.0,125.0,14175.0,7534.0,4228.0,250.0,91.0,155.0,741.0
896,gRNA_13646,601.0,1196.0,57521.0,42.0,149.0,88.0,166.0,93067.0,18741.0,1903.0,61.0,39.0,170.0,1513.0
897,gRNA_13647,108.0,329.0,12181.0,245.0,53.0,87.0,76.0,1616.0,12389.0,1202.0,54.0,18.0,77.0,787.0
898,gRNA_13648,78.0,155.0,8382.0,10.0,132.0,12.0,42.0,9906.0,10247.0,2339.0,25.0,31.0,154.0,587.0
899,gRNA_13649,113.0,196.0,9913.0,4.0,245.0,23.0,123.0,39356.0,11357.0,3798.0,37.0,72.0,255.0,579.0
900,gRNA_13650,78.0,191.0,12289.0,11.0,167.0,46.0,47.0,11508.0,12166.0,651.0,15.0,41.0,69.0,717.0
901,gRNA_13651,21.0,56.0,3253.0,11.0,560.0,101.0,138.0,18154.0,6445.0,545.0,10.0,6.0,81.0,197.0
902,gRNA_13652,115.0,309.0,17148.0,21.0,633.0,33.0,89.0,132492.0,29380.0,2621.0,44.0,116.0,69.0,992.0
903,gRNA_13653,26.0,73.0,4099.0,7.0,33.0,22.0,9.0,449.0,718.0,71.0,1.0,0.0,5.0,212.0
904,gRNA_13654,121.0,280.0,12396.0,15.0,430.0,34.0,67.0,13098.0,18388.0,1809.0,218.0,219.0,386.0,516.0
905,gRNA_13655,191.0,428.0,23447.0,16.0,284.0,126.0,488.0,12623.0,35062.0,3751.0,182.0,185.0,597.0,1027.0
906,gRNA_13656,27.0,75.0,4476.0,0.0,11.0,6.0,1.0,775.0,745.0,561.0,17.0,1.0,0.0,265.0
907,gRNA_13657,22.0,63.0,2161.0,40.0,204.0,11.0,23.0,6102.0,1760.0,1299.0,157.0,3.0,64.0,157.0
908,gRNA_13658,144.0,351.0,19339.0,71.0,93.0,122.0,93.0,2404.0,11276.0,1036.0,76.0,69.0,75.0,571.0
909,gRNA_13659,103.0,229.0,10176.0,499.0,352.0,87.0,93.0,19006.0,30488.0,4197.0,186.0,66.0,82.0,571.0
910,gRNA_13660,162.0,256.0,10898.0,117.0,191.0,53.0,147.0,8732.0,3845.0,3199.0,30.0,48.0,221.0,792.0
911,gRNA_13661,48.0,142.0,6344.0,654.0,501.0,120.0,62.0,16638.0,10181.0,2484.0,26.0,279.0,18.0,504.0
912,gRNA_13662,62.0,136.0,7193.0,10.0,168.0,23.0,52.0,72084.0,1360.0,754.0,12.0,106.0,48.0,319.0
913,gRNA_13663,52.0,183.0,10669.0,10.0,155.0,53.0,90.0,5768.0,15832.0,1716.0,57.0,33.0,44.0,638.0
914,gRNA_13664,33.0,61.0,3995.0,19.0,479.0,118.0,60.0,29444.0,38141.0,2909.0,104.0,140.0,28.0,313.0
915,gRNA_13665,21.0,72.0,3046.0,1.0,25.0,25.0,39.0,855.0,2170.0,136.0,2.0,3.0,54.0,161.0
916,gRNA_13666,39.0,155.0,4947.0,1.0,192.0,16.0,48.0,7063.0,10091.0,957.0,2.0,29.0,64.0,374.0
917,gRNA_13667,53.0,111.0,6421.0,16.0,180.0,8.0,158.0,9341.0,11494.0,812.0,66.0,310.0,114.0,522.0
918,gRNA_13668,404.0,801.0,34852.0,84.0,133.0,424.0,552.0,40319.0,16100.0,47227.0,977.0,143.0,522.0,1368.0
919,gRNA_13669,148.0,248.0,16067.0,8.0,73.0,114.0,93.0,4417.0,4998.0,1860.0,44.0,88.0,269.0,1027.0
920,gRNA_13670,32.0,50.0,2611.0,20.0,2.0,81.0,45.0,88.0,1908.0,21.0,0.0,9.0,234.0,214.0
921,gRNA_13671,107.0,209.0,11058.0,33.0,150.0,35.0,42.0,3667.0,2759.0,2725.0,75.0,88.0,173.0,661.0
922,gRNA_13672,154.0,332.0,19695.0,132.0,285.0,194.0,183.0,50220.0,66076.0,2396.0,10.0,448.0,406.0,1246.0
923,gRNA_13673,162.0,247.0,17595.0,71.0,149.0,32.0,158.0,32676.0,42766.0,2652.0,52.0,312.0,97.0,761.0
924,gRNA_13674,82.0,264.0,15589.0,22.0,108.0,84.0,46.0,4299.0,7246.0,850.0,38.0,185.0,54.0,278.0
925,gRNA_13675,105.0,205.0,10782.0,19.0,422.0,40.0,60.0,15101.0,11644.0,1136.0,38.0,14.0,93.0,767.0
926,gRNA_13676,82.0,186.0,11140.0,46.0,535.0,38.0,94.0,22437.0,22302.0,999.0,80.0,48.0,203.0,774.0
927,gRNA_13677,161.0,347.0,20226.0,156.0,224.0,161.0,296.0,8901.0,62929.0,3208.0,54.0,274.0,250.0,942.0
928,gRNA_13678,197.0,323.0,20504.0,175.0,90.0,182.0,315.0,10587.0,22544.0,7910.0,138.0,35.0,826.0,895.0
929,gRNA_13679,386.0,482.0,25832.0,562.0,683.0,111.0,328.0,18468.0,52061.0,3276.0,29.0,60.0,300.0,1651.0
930,gRNA_13680,121.0,220.0,11546.0,21.0,184.0,60.0,363.0,30527.0,24090.0,1080.0,34.0,177.0,462.0,873.0
931,gRNA_13681,85.0,279.0,15478.0,195.0,282.0,54.0,187.0,7772.0,14054.0,2701.0,127.0,524.0,208.0,704.0
932,gRNA_13682,329.0,635.0,33977.0,11.0,279.0,91.0,387.0,15518.0,20849.0,17932.0,690.0,1034.0,182.0,1074.0
933,gRNA_13683,59.0,115.0,6110.0,234.0,70.0,128.0,76.0,5208.0,79752.0,989.0,7.0,172.0,82.0,491.0
934,gRNA_13684,62.0,83.0,4946.0,84.0,26.0,65.0,61.0,3498.0,15862.0,344.0,6.0,24.0,105.0,345.0
935,gRNA_13685,22.0,42.0,2091.0,130.0,26.0,21.0,55.0,662.0,16299.0,455.0,23.0,64.0,49.0,195.0
936,gRNA_13686,52.0,83.0,3102.0,136.0,84.0,78.0,65.0,1411.0,1885.0,1210.0,37.0,8.0,200.0,331.0
937,gRNA_13687,235.0,553.0,24569.0,48.0,99.0,123.0,63.0,26603.0,5768.0,568.0,31.0,31.0,181.0,1312.0
938,gRNA_13688,61.0,140.0,8799.0,104.0,99.0,48.0,79.0,3981.0,25422.0,1398.0,36.0,126.0,95.0,511.0
939,gRNA_13689,87.0,186.0,10722.0,69.0,101.0,101.0,223.0,3367.0,81709.0,4547.0,123.0,290.0,205.0,735.0
940,gRNA_13690,103.0,250.0,12290.0,143.0,650.0,137.0,155.0,24976.0,30705.0,2408.0,60.0,184.0,254.0,667.0
941,gRNA_13691,73.0,178.0,10168.0,54.0,39.0,28.0,65.0,419.0,5741.0,553.0,14.0,11.0,331.0,424.0
942,gRNA_13692,415.0,1083.0,64900.0,22.0,92.0,56.0,116.0,2458.0,4447.0,1276.0,31.0,44.0,202.0,667.0
943,gRNA_13693,42.0,128.0,5933.0,36.0,33.0,120.0,83.0,1157.0,12119.0,2555.0,308.0,44.0,89.0,335.0
944,gRNA_13694,35.0,34.0,2632.0,31.0,0.0,16.0,25.0,17.0,19257.0,263.0,5.0,108.0,13.0,175.0
945,gRNA_13695,68.0,201.0,10559.0,99.0,1003.0,102.0,138.0,75779.0,25581.0,3129.0,36.0,136.0,64.0,707.0
946,gRNA_13696,156.0,280.0,14597.0,259.0,1004.0,244.0,359.0,220741.0,36614.0,3479.0,64.0,639.0,596.0,608.0
947,gRNA_13697,126.0,262.0,16489.0,102.0,1296.0,208.0,233.0,41792.0,48028.0,1223.0,41.0,252.0,746.0,1094.0
948,gRNA_13698,72.0,161.0,9312.0,22.0,729.0,149.0,352.0,53002.0,41090.0,4627.0,302.0,786.0,786.0,700.0
949,gRNA_13699,114.0,87.0,6287.0,265.0,309.0,195.0,139.0,14355.0,18046.0,3266.0,53.0,95.0,1084.0,449.0
950,gRNA_13700,66.0,110.0,5012.0,13.0,385.0,92.0,117.0,22010.0,6098.0,789.0,8.0,5.0,47.0,255.0
951,gRNA_13701,72.0,165.0,7933.0,21.0,231.0,24.0,81.0,4506.0,15070.0,2650.0,81.0,299.0,249.0,598.0
952,gRNA_13702,94.0,234.0,9148.0,44.0,165.0,44.0,183.0,2340.0,4448.0,1592.0,106.0,96.0,277.0,528.0
953,gRNA_13703,105.0,302.0,12765.0,15.0,1128.0,79.0,260.0,34354.0,44979.0,1419.0,51.0,1335.0,141.0,745.0
954,gRNA_13704,482.0,1143.0,47629.0,188.0,1125.0,130.0,472.0,79599.0,24437.0,9036.0,73.0,76.0,566.0,1330.0
955,gRNA_13705,204.0,294.0,19873.0,380.0,292.0,526.0,180.0,12588.0,18189.0,7566.0,170.0,96.0,366.0,1470.0
956,gRNA_13706,0.0,0.0,0.0,0.0,0.0,0.0,0.0,0.0,0.0,0.0,0.0,0.0,0.0,0.0
957,gRNA_13707,290.0,625.0,31391.0,143.0,229.0,93.0,109.0,5789.0,17491.0,6374.0,537.0,257.0,55.0,1708.0
958,gRNA_13708,107.0,120.0,8371.0,81.0,838.0,204.0,278.0,43211.0,15635.0,1606.0,106.0,225.0,243.0,713.0
959,gRNA_13709,211.0,577.0,24671.0,39.0,43.0,309.0,580.0,1647.0,10678.0,1546.0,9.0,33.0,98.0,1090.0
960,gRNA_13710,91.0,208.0,14497.0,145.0,138.0,108.0,163.0,4662.0,16473.0,938.0,41.0,41.0,60.0,722.0
961,gRNA_13711,153.0,286.0,15244.0,92.0,274.0,412.0,94.0,9048.0,11950.0,4651.0,211.0,47.0,116.0,1136.0
962,gRNA_13712,152.0,255.0,15741.0,6.0,434.0,36.0,71.0,15224.0,25623.0,1418.0,31.0,55.0,528.0,971.0
963,gRNA_13713,48.0,61.0,3515.0,9.0,62.0,65.0,468.0,2966.0,68107.0,2830.0,56.0,127.0,522.0,346.0
964,gRNA_13714,129.0,290.0,15598.0,227.0,348.0,51.0,218.0,13935.0,26721.0,3550.0,103.0,96.0,104.0,874.0
965,gRNA_13715,86.0,180.0,8450.0,24.0,36.0,69.0,19.0,541.0,6097.0,2155.0,28.0,104.0,26.0,526.0
966,gRNA_13716,66.0,171.0,10165.0,333.0,204.0,63.0,457.0,8239.0,7272.0,661.0,3.0,24.0,222.0,595.0
967,gRNA_13717,65.0,195.0,10108.0,83.0,68.0,219.0,101.0,2236.0,8613.0,4876.0,134.0,68.0,643.0,669.0
968,gRNA_13718,135.0,279.0,12258.0,78.0,1079.0,174.0,61.0,308555.0,4930.0,170.0,3.0,17.0,157.0,724.0
969,gRNA_13719,78.0,189.0,10842.0,260.0,1065.0,118.0,198.0,53544.0,20265.0,1457.0,27.0,96.0,281.0,333.0
970,gRNA_13720,211.0,503.0,23731.0,37.0,227.0,35.0,62.0,7306.0,31670.0,1197.0,25.0,330.0,298.0,945.0
971,gRNA_13721,113.0,346.0,12837.0,5.0,196.0,28.0,131.0,8916.0,43449.0,853.0,29.0,55.0,368.0,698.0
972,gRNA_13722,33.0,65.0,4449.0,63.0,29.0,12.0,34.0,1528.0,7745.0,731.0,4.0,5.0,20.0,273.0
973,gRNA_13723,86.0,270.0,7359.0,15.0,68.0,20.0,23.0,21113.0,1163.0,878.0,6.0,13.0,100.0,193.0
974,gRNA_13724,83.0,199.0,11680.0,50.0,586.0,97.0,197.0,18314.0,20546.0,10047.0,258.0,382.0,173.0,738.0
975,gRNA_13725,207.0,365.0,19047.0,790.0,283.0,153.0,116.0,7743.0,11483.0,3197.0,87.0,31.0,225.0,1052.0
976,gRNA_13726,131.0,382.0,16797.0,29.0,66.0,166.0,125.0,1375.0,31740.0,1014.0,101.0,47.0,285.0,1083.0
977,gRNA_13727,177.0,464.0,23240.0,26.0,335.0,121.0,450.0,26978.0,64302.0,7966.0,159.0,184.0,229.0,1481.0
978,gRNA_13728,75.0,142.0,10292.0,86.0,484.0,40.0,78.0,12881.0,24155.0,1949.0,85.0,122.0,145.0,538.0
979,gRNA_13729,125.0,316.0,15043.0,24.0,120.0,21.0,101.0,13808.0,15731.0,1490.0,26.0,43.0,371.0,667.0
980,gRNA_13730,114.0,368.0,17739.0,14.0,113.0,56.0,270.0,4257.0,29968.0,3730.0,16.0,123.0,227.0,980.0
981,gRNA_13731,43.0,93.0,4947.0,18.0,115.0,171.0,329.0,2576.0,15455.0,736.0,10.0,68.0,387.0,437.0
982,gRNA_13855,42.0,101.0,5275.0,5.0,13.0,9.0,93.0,466.0,8057.0,208.0,11.0,18.0,200.0,223.0
983,gRNA_13860,116.0,279.0,12577.0,60.0,408.0,47.0,184.0,66057.0,4593.0,2198.0,42.0,18.0,324.0,593.0
984,gRNA_13871,69.0,161.0,7366.0,23.0,174.0,95.0,42.0,5210.0,17979.0,958.0,11.0,27.0,273.0,502.0
985,gRNA_13903,74.0,219.0,11167.0,227.0,530.0,31.0,69.0,115890.0,21961.0,1179.0,40.0,21.0,251.0,528.0
986,gRNA_13905,47.0,136.0,5153.0,72.0,128.0,91.0,70.0,3281.0,7293.0,725.0,10.0,172.0,156.0,372.0
987,gRNA_13953,52.0,138.0,5043.0,149.0,100.0,235.0,189.0,7461.0,11935.0,3530.0,217.0,13.0,179.0,453.0
988,gRNA_14002,223.0,773.0,37866.0,461.0,154.0,163.0,428.0,19116.0,83448.0,6204.0,62.0,427.0,939.0,981.0
989,gRNA_14080,56.0,94.0,5902.0,63.0,79.0,27.0,35.0,28001.0,10457.0,628.0,34.0,12.0,60.0,335.0
990,gRNA_14104,64.0,130.0,7591.0,15.0,150.0,23.0,32.0,14346.0,8053.0,1778.0,41.0,45.0,202.0,422.0
991,gRNA_14164,216.0,496.0,23668.0,49.0,356.0,153.0,62.0,22188.0,11455.0,1273.0,63.0,278.0,138.0,1081.0
992,gRNA_14242,34.0,88.0,4338.0,39.0,106.0,18.0,131.0,8416.0,4428.0,217.0,14.0,55.0,167.0,269.0
993,gRNA_14243,23.0,103.0,4133.0,217.0,47.0,59.0,50.0,759.0,2550.0,155.0,13.0,18.0,114.0,295.0
994,gRNA_14250,11.0,50.0,2224.0,10.0,12.0,28.0,42.0,526.0,2346.0,354.0,29.0,13.0,44.0,122.0
995,gRNA_14301,68.0,287.0,9277.0,0.0,43.0,29.0,36.0,1251.0,8756.0,547.0,84.0,13.0,124.0,322.0
996,gRNA_14304,46.0,120.0,4716.0,119.0,102.0,31.0,33.0,31592.0,7891.0,286.0,2.0,54.0,72.0,265.0
997,gRNA_14320,30.0,52.0,3079.0,10.0,300.0,62.0,220.0,10756.0,12347.0,4606.0,36.0,14.0,384.0,230.0
998,gRNA_14331,100.0,204.0,11797.0,70.0,248.0,97.0,231.0,18205.0,34095.0,2186.0,51.0,898.0,263.0,650.0
999,gRNA_14366,98.0,196.0,10804.0,41.0,851.0,83.0,132.0,31239.0,19833.0,4772.0,246.0,490.0,325.0,654.0
1000,gRNA_14367,124.0,198.0,9869.0,42.0,468.0,73.0,146.0,16696.0,5725.0,1020.0,15.0,27.0,221.0,614.0
1001,gRNA_14368,62.0,139.0,5212.0,12.0,117.0,60.0,82.0,3599.0,13035.0,1099.0,11.0,59.0,111.0,438.0
1002,gRNA_14369,54.0,125.0,7411.0,16.0,141.0,37.0,36.0,20073.0,4717.0,988.0,16.0,52.0,55.0,415.0
1003,gRNA_14370,44.0,84.0,4078.0,68.0,778.0,81.0,128.0,36489.0,19788.0,11913.0,143.0,99.0,379.0,333.0
1004,gRNA_14371,225.0,570.0,28355.0,160.0,487.0,196.0,360.0,20723.0,50381.0,7223.0,304.0,168.0,401.0,1183.0
1005,gRNA_14372,124.0,337.0,15214.0,77.0,336.0,47.0,218.0,89001.0,24946.0,983.0,18.0,94.0,622.0,693.0
1006,gRNA_14373,154.0,332.0,19664.0,84.0,1151.0,112.0,156.0,41367.0,25827.0,1136.0,65.0,28.0,280.0,1018.0
1007,gRNA_14374,114.0,251.0,11816.0,47.0,243.0,30.0,269.0,12645.0,25893.0,411.0,0.0,76.0,135.0,487.0
1008,gRNA_14375,37.0,100.0,5619.0,16.0,84.0,23.0,374.0,2912.0,18315.0,570.0,8.0,37.0,190.0,391.0
1009,gRNA_14376,186.0,283.0,15404.0,38.0,413.0,179.0,558.0,16980.0,13893.0,24312.0,237.0,40.0,469.0,647.0
1010,gRNA_14377,108.0,180.0,12309.0,8.0,588.0,13.0,140.0,225308.0,6337.0,2782.0,31.0,60.0,70.0,801.0
1011,gRNA_14378,56.0,139.0,8084.0,20.0,96.0,35.0,83.0,2673.0,8670.0,543.0,3.0,14.0,62.0,252.0
1012,gRNA_14379,49.0,108.0,4816.0,9.0,57.0,14.0,23.0,18370.0,3670.0,267.0,2.0,92.0,63.0,193.0
1013,gRNA_14380,95.0,161.0,9667.0,31.0,91.0,61.0,226.0,4419.0,10915.0,5260.0,43.0,116.0,238.0,602.0
1014,gRNA_14381,50.0,169.0,8279.0,270.0,295.0,43.0,136.0,9528.0,22520.0,1174.0,85.0,221.0,699.0,457.0
1015,gRNA_14382,32.0,114.0,5094.0,14.0,102.0,22.0,53.0,3505.0,3771.0,486.0,15.0,10.0,67.0,325.0
1016,gRNA_14383,38.0,93.0,4771.0,117.0,70.0,34.0,236.0,2728.0,17971.0,407.0,6.0,47.0,160.0,327.0
1017,gRNA_14384,702.0,354.0,12917.0,50.0,112.0,66.0,42.0,9885.0,30126.0,988.0,17.0,77.0,178.0,830.0
1018,gRNA_14385,118.0,286.0,15459.0,65.0,916.0,45.0,155.0,276311.0,23658.0,1562.0,18.0,377.0,566.0,867.0
1019,gRNA_14386,65.0,180.0,8484.0,67.0,398.0,28.0,177.0,11475.0,6820.0,5398.0,74.0,50.0,187.0,501.0
1020,gRNA_14387,139.0,435.0,16723.0,31.0,791.0,72.0,162.0,110579.0,13036.0,3438.0,223.0,90.0,337.0,903.0
1021,gRNA_14388,113.0,309.0,12762.0,147.0,762.0,119.0,356.0,55712.0,18318.0,7598.0,129.0,91.0,377.0,675.0
1022,gRNA_14389,54.0,127.0,7113.0,120.0,224.0,171.0,127.0,6256.0,12304.0,1545.0,36.0,16.0,256.0,557.0
1023,gRNA_14390,175.0,389.0,15078.0,64.0,324.0,140.0,193.0,21426.0,24805.0,1999.0,23.0,110.0,111.0,636.0
1024,gRNA_14391,121.0,201.0,9646.0,157.0,458.0,67.0,55.0,10270.0,4429.0,2443.0,67.0,7.0,65.0,658.0
1025,gRNA_14392,72.0,196.0,13253.0,58.0,456.0,39.0,143.0,7897.0,16931.0,6578.0,251.0,78.0,281.0,572.0
1026,gRNA_14393,141.0,278.0,13306.0,45.0,583.0,122.0,181.0,88828.0,39548.0,7466.0,165.0,183.0,127.0,608.0
1027,gRNA_14394,120.0,254.0,14874.0,269.0,42.0,114.0,189.0,1312.0,7529.0,638.0,5.0,45.0,193.0,1007.0
1028,gRNA_14395,174.0,330.0,17917.0,187.0,415.0,183.0,189.0,18595.0,5904.0,4999.0,66.0,47.0,284.0,875.0
1029,gRNA_14396,162.0,374.0,14920.0,47.0,231.0,56.0,75.0,11623.0,17474.0,710.0,12.0,294.0,118.0,592.0
1030,gRNA_14397,81.0,164.0,8574.0,100.0,65.0,43.0,160.0,2160.0,19488.0,1865.0,33.0,135.0,437.0,635.0
1031,gRNA_14402,70.0,169.0,8522.0,105.0,195.0,79.0,75.0,11209.0,4344.0,267.0,22.0,17.0,54.0,435.0
1032,gRNA_14407,85.0,164.0,9281.0,28.0,107.0,76.0,87.0,10171.0,5988.0,582.0,25.0,292.0,88.0,414.0
1033,gRNA_14410,91.0,236.0,12827.0,221.0,85.0,203.0,164.0,2192.0,6857.0,2892.0,48.0,89.0,121.0,572.0
1034,gRNA_14413,4.0,4.0,512.0,0.0,6.0,13.0,3.0,104.0,20.0,1.0,0.0,0.0,0.0,26.0
1035,gRNA_14414,0.0,0.0,59.0,0.0,0.0,0.0,0.0,0.0,388.0,12.0,0.0,1.0,0.0,9.0
1036,gRNA_14415,84.0,93.0,2757.0,18.0,411.0,122.0,164.0,190179.0,2263.0,5876.0,154.0,0.0,63.0,163.0
1037,gRNA_14416,0.0,2.0,0.0,0.0,0.0,0.0,0.0,0.0,0.0,0.0,0.0,0.0,0.0,2.0
1038,gRNA_14417,8.0,6.0,803.0,18.0,119.0,13.0,60.0,3057.0,453.0,1486.0,150.0,8.0,447.0,39.0
1039,gRNA_14418,1.0,5.0,145.0,0.0,0.0,0.0,0.0,0.0,84.0,0.0,0.0,0.0,0.0,23.0
1040,gRNA_14419,1.0,3.0,78.0,0.0,0.0,5.0,1.0,0.0,0.0,104.0,2.0,0.0,0.0,10.0
1041,gRNA_14420,18.0,30.0,1571.0,0.0,40.0,0.0,10.0,801.0,3183.0,78.0,9.0,2.0,53.0,150.0
1042,gRNA_14421,0.0,0.0,37.0,0.0,0.0,0.0,0.0,1.0,0.0,0.0,0.0,0.0,0.0,9.0
1043,gRNA_14422,3.0,7.0,462.0,22.0,12.0,45.0,52.0,586.0,608.0,9.0,3.0,1.0,123.0,31.0
1044,gRNA_14423,11.0,17.0,396.0,0.0,0.0,0.0,0.0,0.0,1.0,0.0,0.0,0.0,0.0,28.0
1045,gRNA_14424,2.0,8.0,186.0,0.0,0.0,0.0,3.0,105.0,46.0,0.0,0.0,0.0,6.0,42.0
1046,gRNA_14425,0.0,4.0,91.0,0.0,0.0,0.0,0.0,0.0,59.0,0.0,0.0,0.0,6.0,20.0
1047,gRNA_14426,4.0,0.0,388.0,6.0,120.0,39.0,60.0,6215.0,18614.0,446.0,0.0,203.0,93.0,13.0
1048,gRNA_14427,3.0,5.0,270.0,8.0,4.0,18.0,157.0,3.0,33123.0,2447.0,72.0,34.0,26.0,37.0
1049,gRNA_14428,20.0,48.0,2361.0,0.0,0.0,2.0,0.0,2.0,504.0,25.0,0.0,0.0,0.0,97.0
1050,gRNA_14429,4.0,5.0,86.0,0.0,0.0,0.0,0.0,0.0,0.0,0.0,0.0,0.0,0.0,25.0
1051,gRNA_14430,0.0,14.0,527.0,0.0,0.0,0.0,0.0,0.0,0.0,3.0,0.0,0.0,0.0,100.0
1052,gRNA_14431,5.0,15.0,1253.0,0.0,35.0,0.0,5.0,1196.0,651.0,22.0,0.0,6.0,28.0,52.0
1053,gRNA_14432,0.0,5.0,82.0,0.0,0.0,0.0,0.0,0.0,1.0,0.0,0.0,0.0,0.0,20.0
1054,gRNA_14433,0.0,0.0,16.0,0.0,0.0,0.0,0.0,0.0,0.0,0.0,0.0,0.0,0.0,11.0
1055,gRNA_14434,5.0,14.0,220.0,0.0,0.0,2.0,0.0,1.0,614.0,2.0,0.0,4.0,0.0,22.0
1056,gRNA_14435,1.0,5.0,140.0,0.0,0.0,0.0,2.0,3.0,0.0,5.0,0.0,0.0,0.0,32.0
1057,gRNA_14436,4.0,3.0,313.0,0.0,0.0,0.0,0.0,1.0,0.0,1.0,0.0,0.0,2.0,31.0
1058,gRNA_14437,3.0,1.0,1251.0,1.0,29.0,9.0,8.0,887.0,211.0,6.0,0.0,9.0,8.0,38.0
1059,gRNA_14438,3.0,3.0,154.0,0.0,83.0,1.0,3.0,5545.0,0.0,0.0,0.0,0.0,10.0,11.0
1060,gRNA_14439,3.0,1.0,238.0,0.0,77.0,0.0,0.0,2719.0,1.0,0.0,0.0,0.0,0.0,33.0
1061,gRNA_14440,0.0,0.0,5.0,0.0,0.0,0.0,0.0,0.0,0.0,0.0,0.0,0.0,0.0,3.0
1062,gRNA_14441,0.0,1.0,17.0,0.0,0.0,14.0,3.0,1.0,25.0,5.0,0.0,0.0,0.0,5.0
1063,gRNA_14442,0.0,1.0,27.0,0.0,0.0,0.0,0.0,2.0,0.0,0.0,0.0,0.0,0.0,11.0
1064,gRNA_14443,8.0,7.0,477.0,3.0,12.0,2.0,31.0,112.0,3223.0,313.0,12.0,108.0,24.0,52.0
1065,gRNA_14444,2.0,1.0,329.0,0.0,0.0,0.0,0.0,0.0,0.0,0.0,0.0,0.0,0.0,58.0
1066,gRNA_14445,42.0,72.0,6454.0,0.0,148.0,6.0,37.0,6423.0,419.0,194.0,4.0,2.0,96.0,136.0
1067,gRNA_14446,76.0,164.0,7904.0,228.0,124.0,38.0,45.0,25308.0,30634.0,2323.0,8.0,43.0,89.0,481.0
1068,gRNA_14447,62.0,160.0,9059.0,36.0,572.0,89.0,138.0,36136.0,19057.0,6116.0,207.0,92.0,113.0,654.0
1069,gRNA_14448,149.0,255.0,14132.0,2.0,319.0,39.0,68.0,7738.0,3763.0,5626.0,261.0,71.0,67.0,694.0
1070,gRNA_14449,69.0,213.0,9509.0,73.0,389.0,45.0,64.0,19274.0,9427.0,3906.0,196.0,101.0,95.0,414.0
1071,gRNA_14450,403.0,681.0,32960.0,78.0,2261.0,252.0,530.0,141834.0,49072.0,13429.0,231.0,564.0,1091.0,2033.0
1072,gRNA_14451,1.0,8.0,288.0,0.0,0.0,0.0,1.0,2.0,1472.0,97.0,4.0,1.0,5.0,38.0
1073,gRNA_14452,73.0,264.0,9291.0,238.0,540.0,89.0,251.0,23303.0,12324.0,3080.0,67.0,67.0,312.0,629.0
1074,gRNA_14453,86.0,191.0,8624.0,27.0,458.0,31.0,43.0,18096.0,5227.0,1191.0,104.0,31.0,60.0,639.0
1075,gRNA_14454,161.0,326.0,15582.0,178.0,396.0,219.0,143.0,25822.0,59738.0,6146.0,267.0,905.0,128.0,930.0
1076,gRNA_14455,130.0,336.0,18755.0,109.0,462.0,56.0,134.0,10376.0,22957.0,1597.0,21.0,207.0,344.0,912.0
1077,gRNA_14456,149.0,272.0,13139.0,277.0,254.0,99.0,139.0,11992.0,23483.0,2467.0,164.0,443.0,124.0,945.0
1078,gRNA_14457,78.0,199.0,8869.0,90.0,198.0,70.0,85.0,6117.0,37050.0,8682.0,80.0,73.0,112.0,650.0
1079,gRNA_14458,23.0,47.0,2261.0,269.0,62.0,22.0,42.0,132502.0,15804.0,307.0,16.0,100.0,59.0,238.0
1080,gRNA_14459,40.0,93.0,4282.0,12.0,25.0,25.0,184.0,4257.0,7728.0,114.0,0.0,13.0,184.0,323.0
1081,gRNA_14460,59.0,113.0,6847.0,42.0,109.0,27.0,18.0,44028.0,1353.0,2481.0,14.0,30.0,44.0,311.0
1082,gRNA_14461,98.0,233.0,10113.0,43.0,362.0,89.0,123.0,15668.0,12902.0,656.0,37.0,68.0,269.0,747.0
1083,gRNA_14462,109.0,256.0,9960.0,141.0,205.0,76.0,95.0,5504.0,12373.0,1511.0,102.0,121.0,238.0,778.0
1084,gRNA_14463,100.0,227.0,14705.0,109.0,300.0,41.0,127.0,8640.0,14875.0,1573.0,94.0,189.0,347.0,553.0
1085,gRNA_14464,50.0,67.0,4238.0,58.0,88.0,56.0,54.0,9847.0,11849.0,1727.0,23.0,37.0,43.0,215.0
1086,gRNA_14465,150.0,352.0,16595.0,273.0,602.0,243.0,152.0,35019.0,28811.0,2371.0,86.0,164.0,210.0,923.0
1087,gRNA_14466,57.0,139.0,5007.0,0.0,40.0,2.0,13.0,1727.0,2335.0,329.0,49.0,2.0,5.0,394.0
1088,gRNA_14467,114.0,247.0,13268.0,8.0,192.0,47.0,34.0,100882.0,5160.0,512.0,26.0,43.0,36.0,530.0
1089,gRNA_14468,35.0,110.0,5809.0,0.0,19.0,23.0,17.0,437.0,10040.0,404.0,4.0,16.0,64.0,274.0
1090,gRNA_14469,38.0,81.0,4892.0,7.0,91.0,47.0,29.0,3877.0,3119.0,669.0,9.0,87.0,27.0,298.0
1091,gRNA_14470,137.0,341.0,17735.0,616.0,1353.0,77.0,164.0,60747.0,54150.0,10044.0,825.0,109.0,329.0,675.0
1092,gRNA_14471,95.0,214.0,9734.0,20.0,588.0,165.0,102.0,24656.0,9669.0,3882.0,186.0,21.0,117.0,655.0
1093,gRNA_14472,128.0,344.0,15452.0,156.0,167.0,85.0,245.0,10139.0,20376.0,3800.0,293.0,105.0,250.0,894.0
1094,gRNA_14473,37.0,112.0,4367.0,296.0,202.0,43.0,39.0,6414.0,2055.0,137.0,1.0,4.0,99.0,285.0
1095,gRNA_14474,78.0,195.0,13924.0,82.0,294.0,385.0,192.0,16869.0,23923.0,4703.0,148.0,64.0,176.0,933.0
1096,gRNA_14475,350.0,842.0,45230.0,916.0,608.0,210.0,228.0,28822.0,48004.0,4174.0,70.0,99.0,161.0,1427.0
1097,gRNA_14476,57.0,154.0,7632.0,6.0,339.0,42.0,53.0,25620.0,27568.0,970.0,28.0,98.0,73.0,317.0
1098,gRNA_14477,41.0,197.0,7537.0,9.0,434.0,49.0,34.0,27634.0,23741.0,990.0,20.0,132.0,34.0,511.0
1099,gRNA_14478,58.0,124.0,10341.0,121.0,849.0,66.0,157.0,21738.0,6694.0,4102.0,335.0,55.0,344.0,464.0
1100,gRNA_14479,83.0,161.0,10874.0,15.0,376.0,20.0,68.0,9550.0,6932.0,1482.0,190.0,61.0,82.0,550.0
1101,gRNA_14480,84.0,299.0,13596.0,33.0,795.0,77.0,120.0,97610.0,13404.0,13014.0,207.0,79.0,201.0,754.0
1102,gRNA_14481,115.0,342.0,14556.0,115.0,412.0,115.0,252.0,21083.0,75888.0,8560.0,163.0,225.0,875.0,1036.0
1103,gRNA_14482,57.0,130.0,6267.0,59.0,149.0,62.0,70.0,4091.0,12734.0,641.0,14.0,33.0,85.0,428.0
1104,gRNA_14483,159.0,301.0,15759.0,47.0,398.0,203.0,156.0,72104.0,14753.0,1890.0,76.0,297.0,210.0,1132.0
1105,gRNA_14484,194.0,495.0,21926.0,19.0,128.0,35.0,79.0,7963.0,11109.0,1656.0,33.0,492.0,125.0,892.0
1106,gRNA_14485,116.0,159.0,11494.0,60.0,763.0,66.0,195.0,24324.0,5667.0,961.0,60.0,84.0,390.0,385.0
1107,gRNA_14486,100.0,297.0,15725.0,37.0,215.0,181.0,62.0,22291.0,11616.0,4065.0,262.0,104.0,24.0,982.0
1108,gRNA_14487,39.0,67.0,3265.0,0.0,138.0,4.0,19.0,4407.0,1989.0,2223.0,32.0,40.0,25.0,219.0
1109,gRNA_14488,110.0,264.0,13751.0,31.0,186.0,56.0,121.0,6474.0,24874.0,1123.0,16.0,43.0,112.0,858.0
1110,gRNA_14489,31.0,74.0,3972.0,6.0,398.0,67.0,36.0,14097.0,32316.0,1194.0,20.0,93.0,21.0,344.0
1111,gRNA_14490,60.0,167.0,9140.0,95.0,39.0,109.0,308.0,1492.0,17786.0,2968.0,38.0,171.0,182.0,621.0
1112,gRNA_14491,122.0,242.0,15205.0,107.0,4855.0,292.0,390.0,144249.0,51732.0,8973.0,137.0,227.0,502.0,1176.0
1113,gRNA_14492,198.0,581.0,18331.0,8.0,49.0,62.0,150.0,2648.0,18905.0,1394.0,26.0,42.0,194.0,809.0
1114,gRNA_14493,24.0,72.0,4222.0,53.0,51.0,127.0,268.0,2356.0,26664.0,967.0,18.0,58.0,199.0,370.0
1115,gRNA_14495,244.0,638.0,24930.0,111.0,494.0,68.0,105.0,81020.0,15836.0,2111.0,144.0,177.0,77.0,820.0
1116,gRNA_14494,111.0,262.0,14854.0,100.0,254.0,36.0,113.0,25823.0,15612.0,1670.0,106.0,141.0,235.0,651.0
1117,gRNA_14496,201.0,296.0,17564.0,68.0,313.0,73.0,618.0,29489.0,16331.0,2459.0,31.0,66.0,533.0,862.0
1118,gRNA_14497,111.0,271.0,14011.0,8.0,46.0,75.0,79.0,23717.0,1191.0,678.0,11.0,15.0,96.0,756.0
1119,gRNA_14498,42.0,110.0,4226.0,55.0,182.0,11.0,88.0,9598.0,3451.0,277.0,6.0,44.0,133.0,262.0
1120,gRNA_14499,92.0,191.0,8102.0,27.0,335.0,42.0,47.0,11418.0,20599.0,1241.0,68.0,77.0,66.0,487.0
1121,gRNA_14500,31.0,57.0,3666.0,21.0,150.0,4.0,98.0,10317.0,1510.0,621.0,25.0,5.0,82.0,132.0
1122,gRNA_14501,23.0,44.0,3154.0,1.0,129.0,2.0,27.0,2694.0,3817.0,317.0,31.0,2.0,48.0,222.0
1123,gRNA_14502,89.0,240.0,9853.0,7.0,63.0,92.0,139.0,101358.0,34156.0,2448.0,57.0,239.0,203.0,531.0
1124,gRNA_14503,223.0,647.0,28186.0,49.0,702.0,218.0,287.0,72352.0,16125.0,3400.0,270.0,56.0,217.0,968.0
1125,gRNA_14504,43.0,106.0,6670.0,7.0,132.0,31.0,48.0,4524.0,14622.0,1587.0,22.0,32.0,43.0,396.0
1126,gRNA_14505,36.0,68.0,4443.0,159.0,428.0,33.0,20.0,17866.0,1039.0,803.0,23.0,59.0,84.0,268.0
1127,gRNA_14506,43.0,109.0,4663.0,41.0,509.0,14.0,159.0,23080.0,18681.0,4278.0,100.0,1003.0,137.0,468.0
1128,gRNA_14507,45.0,125.0,7380.0,71.0,101.0,71.0,55.0,47615.0,12777.0,1328.0,57.0,63.0,122.0,460.0
1129,gRNA_14508,75.0,178.0,12202.0,199.0,485.0,47.0,62.0,25792.0,11353.0,757.0,15.0,213.0,99.0,699.0
1130,gRNA_14509,67.0,127.0,7087.0,143.0,661.0,37.0,40.0,23329.0,33026.0,1445.0,47.0,168.0,136.0,526.0
1131,gRNA_14510,90.0,129.0,6309.0,70.0,201.0,90.0,114.0,7782.0,20261.0,6186.0,63.0,92.0,180.0,426.0
1132,gRNA_14511,32.0,46.0,1832.0,14.0,94.0,32.0,26.0,34011.0,9327.0,1732.0,47.0,31.0,40.0,104.0
1133,gRNA_14512,29.0,79.0,4888.0,0.0,94.0,2.0,27.0,8684.0,4774.0,136.0,1.0,8.0,25.0,353.0
1134,gRNA_14513,81.0,244.0,9016.0,263.0,242.0,49.0,69.0,8850.0,10929.0,729.0,128.0,17.0,175.0,569.0
1135,gRNA_14514,6.0,22.0,1176.0,1.0,18.0,1.0,3.0,340.0,196.0,13.0,0.0,2.0,13.0,55.0
1136,gRNA_14515,93.0,255.0,13895.0,35.0,158.0,46.0,135.0,50975.0,8433.0,1283.0,37.0,46.0,811.0,670.0
1137,gRNA_14516,62.0,184.0,10426.0,26.0,5.0,21.0,66.0,603.0,26557.0,1472.0,59.0,395.0,83.0,279.0
1138,gRNA_14517,41.0,80.0,4224.0,4.0,48.0,22.0,19.0,3932.0,8618.0,2176.0,96.0,4.0,11.0,188.0
1139,gRNA_14518,56.0,225.0,7262.0,17.0,169.0,64.0,149.0,46268.0,3226.0,1316.0,4.0,22.0,86.0,579.0
1140,gRNA_14519,24.0,39.0,2878.0,3.0,211.0,11.0,39.0,8534.0,2007.0,1000.0,36.0,37.0,33.0,262.0
1141,gRNA_14520,49.0,84.0,3306.0,287.0,67.0,88.0,28.0,2488.0,9253.0,657.0,35.0,331.0,26.0,210.0
1142,gRNA_14521,116.0,236.0,12131.0,26.0,31.0,94.0,47.0,1049.0,10468.0,2742.0,45.0,226.0,44.0,508.0
1143,gRNA_14522,89.0,164.0,9649.0,67.0,456.0,79.0,49.0,18099.0,16458.0,2024.0,68.0,787.0,89.0,673.0
1144,gRNA_14523,228.0,427.0,18192.0,34.0,366.0,264.0,242.0,8658.0,19301.0,2599.0,127.0,59.0,379.0,1120.0
1145,gRNA_14524,391.0,1000.0,42983.0,99.0,440.0,69.0,136.0,30405.0,17913.0,2631.0,26.0,334.0,325.0,1474.0
1146,gRNA_14526,43.0,96.0,5400.0,58.0,26.0,19.0,58.0,791.0,8198.0,1013.0,26.0,208.0,144.0,305.0
1147,gRNA_14525,69.0,179.0,8620.0,91.0,197.0,64.0,59.0,5655.0,4833.0,2115.0,20.0,35.0,93.0,783.0
1148,gRNA_14527,67.0,183.0,8957.0,143.0,725.0,48.0,148.0,37467.0,15344.0,4183.0,253.0,818.0,316.0,465.0
1149,gRNA_14528,243.0,493.0,28873.0,159.0,347.0,97.0,140.0,18319.0,13987.0,1564.0,35.0,69.0,165.0,837.0
1150,gRNA_14529,244.0,545.0,25943.0,33.0,281.0,163.0,160.0,17613.0,32739.0,2346.0,54.0,52.0,257.0,1404.0
1151,gRNA_14530,55.0,131.0,5954.0,2.0,104.0,15.0,37.0,11258.0,10363.0,257.0,6.0,521.0,61.0,387.0
1152,gRNA_14531,98.0,229.0,10968.0,262.0,119.0,160.0,82.0,4865.0,10363.0,1388.0,46.0,143.0,418.0,616.0
1153,gRNA_14532,62.0,135.0,7874.0,8.0,268.0,116.0,20.0,15062.0,3860.0,411.0,24.0,29.0,137.0,665.0
1154,gRNA_14533,46.0,130.0,5147.0,453.0,110.0,60.0,131.0,5126.0,15106.0,1512.0,47.0,46.0,110.0,436.0
1155,gRNA_14534,132.0,398.0,19968.0,227.0,395.0,392.0,181.0,32387.0,12628.0,2051.0,117.0,319.0,225.0,973.0
1156,gRNA_14535,206.0,581.0,25617.0,21.0,1228.0,41.0,154.0,40320.0,26866.0,7739.0,320.0,68.0,185.0,1049.0
1157,gRNA_14536,127.0,261.0,15010.0,15.0,802.0,96.0,175.0,23303.0,8939.0,1923.0,20.0,107.0,406.0,800.0
1158,gRNA_14537,118.0,167.0,9765.0,407.0,83.0,170.0,92.0,10285.0,14544.0,2426.0,129.0,69.0,249.0,501.0
1159,gRNA_14538,117.0,226.0,11143.0,8.0,275.0,68.0,96.0,33322.0,6410.0,1903.0,174.0,14.0,212.0,813.0
1160,gRNA_14539,40.0,87.0,4114.0,65.0,201.0,37.0,130.0,6603.0,19307.0,3462.0,133.0,21.0,120.0,341.0
1161,gRNA_14540,13.0,33.0,2390.0,36.0,9.0,30.0,108.0,6871.0,2283.0,621.0,86.0,3.0,36.0,189.0
1162,gRNA_14541,32.0,80.0,3703.0,21.0,72.0,30.0,91.0,2028.0,6224.0,769.0,5.0,47.0,111.0,223.0
1163,gRNA_14542,30.0,64.0,3290.0,42.0,378.0,52.0,135.0,14874.0,5632.0,781.0,23.0,13.0,146.0,238.0
1164,gRNA_14543,23.0,71.0,2843.0,2.0,289.0,4.0,22.0,5483.0,5026.0,1324.0,25.0,14.0,16.0,229.0
1165,gRNA_14544,20.0,82.0,4278.0,15.0,143.0,19.0,60.0,3298.0,8413.0,286.0,34.0,48.0,53.0,121.0
1166,gRNA_14545,134.0,298.0,13429.0,5.0,65.0,60.0,107.0,12353.0,13322.0,1127.0,11.0,120.0,186.0,716.0
1167,gRNA_14546,89.0,150.0,8748.0,417.0,597.0,84.0,66.0,33674.0,13044.0,1196.0,9.0,383.0,142.0,425.0
1168,gRNA_14547,19.0,57.0,2676.0,47.0,7.0,12.0,14.0,1969.0,5146.0,104.0,2.0,625.0,11.0,160.0
1169,gRNA_14548,71.0,175.0,7508.0,7.0,188.0,66.0,36.0,9180.0,7784.0,1347.0,79.0,121.0,2.0,449.0
1170,gRNA_14549,102.0,298.0,15475.0,101.0,49.0,108.0,81.0,1128.0,9721.0,2249.0,39.0,10.0,193.0,734.0
1171,gRNA_14550,56.0,76.0,4467.0,5.0,69.0,13.0,44.0,1043.0,4039.0,67.0,0.0,54.0,28.0,322.0
1172,gRNA_14551,60.0,125.0,7156.0,47.0,50.0,25.0,63.0,2103.0,5420.0,720.0,41.0,12.0,29.0,398.0
1173,gRNA_14552,299.0,561.0,29940.0,23.0,101.0,63.0,82.0,3679.0,32876.0,1742.0,89.0,293.0,759.0,1245.0
1174,gRNA_14553,29.0,134.0,5017.0,5.0,230.0,16.0,30.0,6483.0,13341.0,328.0,19.0,138.0,133.0,266.0
1175,gRNA_14554,126.0,251.0,13414.0,26.0,263.0,82.0,33.0,63809.0,7817.0,374.0,19.0,146.0,43.0,373.0
1176,gRNA_14555,68.0,138.0,9233.0,226.0,855.0,162.0,215.0,54464.0,50273.0,629.0,6.0,43.0,111.0,868.0
1177,gRNA_14556,114.0,206.0,9956.0,14.0,105.0,24.0,60.0,27687.0,6826.0,2216.0,109.0,17.0,85.0,292.0
1178,gRNA_14557,144.0,349.0,18723.0,239.0,433.0,153.0,126.0,13429.0,20832.0,10139.0,71.0,252.0,408.0,805.0
1179,gRNA_14558,88.0,196.0,8414.0,49.0,175.0,71.0,40.0,64446.0,10836.0,1945.0,17.0,126.0,66.0,624.0
1180,gRNA_14559,76.0,123.0,8020.0,6.0,229.0,15.0,172.0,70053.0,3870.0,428.0,45.0,13.0,604.0,396.0
1181,gRNA_14560,0.0,1.0,12.0,0.0,0.0,0.0,0.0,4.0,485.0,2.0,0.0,0.0,0.0,6.0
1182,gRNA_14561,64.0,200.0,9238.0,144.0,1528.0,233.0,270.0,45235.0,16775.0,6966.0,212.0,65.0,615.0,750.0
1183,gRNA_14562,67.0,133.0,8609.0,7.0,905.0,31.0,85.0,86687.0,5453.0,1012.0,26.0,106.0,109.0,600.0
1184,gRNA_14563,102.0,202.0,11011.0,100.0,1125.0,32.0,85.0,54014.0,40470.0,3506.0,34.0,71.0,80.0,726.0
1185,gRNA_14564,153.0,503.0,19842.0,142.0,135.0,302.0,189.0,4636.0,37617.0,15325.0,282.0,58.0,241.0,944.0
1186,gRNA_14566,108.0,299.0,13804.0,24.0,454.0,15.0,98.0,43813.0,9629.0,896.0,27.0,56.0,201.0,769.0
1187,gRNA_14565,58.0,185.0,8301.0,137.0,216.0,34.0,114.0,45581.0,26303.0,3798.0,40.0,395.0,195.0,539.0
1188,gRNA_14567,59.0,141.0,4763.0,246.0,32.0,38.0,28.0,7319.0,3035.0,673.0,3.0,3.0,19.0,195.0
1189,gRNA_14568,46.0,95.0,4454.0,19.0,735.0,42.0,173.0,27581.0,4361.0,3867.0,357.0,51.0,257.0,344.0
1190,gRNA_14569,35.0,126.0,4225.0,39.0,17.0,31.0,38.0,569.0,10768.0,263.0,21.0,407.0,62.0,163.0
1191,gRNA_14570,93.0,198.0,12300.0,4.0,664.0,78.0,216.0,24929.0,34300.0,2389.0,8.0,269.0,58.0,388.0
1192,gRNA_14571,65.0,93.0,5643.0,242.0,356.0,173.0,105.0,20246.0,47640.0,1193.0,25.0,423.0,138.0,455.0
1193,gRNA_14572,73.0,162.0,9245.0,12.0,115.0,72.0,161.0,18336.0,25065.0,683.0,31.0,359.0,267.0,554.0
1194,gRNA_14573,155.0,388.0,22789.0,41.0,564.0,188.0,202.0,36300.0,14984.0,6556.0,157.0,154.0,318.0,1082.0
1195,gRNA_14575,78.0,199.0,10461.0,37.0,241.0,114.0,121.0,29602.0,11540.0,1141.0,64.0,61.0,318.0,598.0
1196,gRNA_14574,148.0,236.0,17458.0,10.0,109.0,54.0,90.0,12307.0,10604.0,1855.0,24.0,87.0,265.0,451.0
1197,gRNA_14576,131.0,263.0,14333.0,35.0,179.0,115.0,115.0,10531.0,58862.0,1801.0,49.0,74.0,110.0,672.0
1198,gRNA_14577,135.0,291.0,14571.0,17.0,341.0,82.0,138.0,24609.0,17292.0,4242.0,157.0,118.0,60.0,708.0
1199,gRNA_14578,93.0,226.0,8155.0,16.0,57.0,17.0,30.0,2220.0,3436.0,1287.0,111.0,37.0,21.0,473.0
1218,gRNA_14597,25.0,125.0,4275.0,46.0,149.0,40.0,159.0,4828.0,9600.0,968.0,54.0,12.0,204.0,263.0
1219,gRNA_14598,69.0,114.0,6818.0,20.0,233.0,79.0,90.0,9719.0,24258.0,3966.0,31.0,224.0,156.0,518.0
1220,gRNA_14599,115.0,238.0,13490.0,50.0,531.0,62.0,162.0,12460.0,19880.0,1564.0,108.0,183.0,237.0,951.0
1221,gRNA_14600,89.0,217.0,8436.0,20.0,170.0,33.0,33.0,8109.0,5158.0,863.0,105.0,228.0,119.0,528.0
1222,gRNA_14601,10.0,14.0,791.0,0.0,21.0,0.0,7.0,904.0,434.0,87.0,1.0,2.0,0.0,79.0
1223,gRNA_14602,73.0,130.0,8116.0,11.0,92.0,101.0,72.0,3075.0,9825.0,2069.0,47.0,112.0,162.0,451.0
1224,gRNA_14603,51.0,109.0,6507.0,21.0,335.0,131.0,157.0,16905.0,11306.0,1190.0,48.0,92.0,379.0,198.0
1225,gRNA_14604,117.0,255.0,12301.0,65.0,583.0,135.0,472.0,25635.0,22275.0,951.0,4.0,581.0,1103.0,875.0
1226,gRNA_14605,97.0,239.0,16032.0,43.0,196.0,59.0,142.0,11446.0,20032.0,2061.0,65.0,125.0,791.0,640.0
1227,gRNA_14606,52.0,61.0,5346.0,77.0,505.0,85.0,137.0,15140.0,19839.0,9223.0,111.0,12.0,282.0,505.0
1228,gRNA_14607,13.0,24.0,2168.0,196.0,97.0,157.0,31.0,18157.0,616.0,1112.0,30.0,2.0,17.0,119.0
1229,gRNA_14608,12.0,17.0,1454.0,1.0,708.0,28.0,32.0,20832.0,20668.0,2387.0,128.0,23.0,67.0,140.0
1230,gRNA_14609,44.0,122.0,5069.0,30.0,481.0,12.0,82.0,13025.0,6081.0,342.0,14.0,23.0,284.0,348.0
1231,gRNA_14610,20.0,41.0,1778.0,0.0,3.0,0.0,14.0,134.0,259.0,73.0,0.0,0.0,8.0,97.0
1232,gRNA_14611,53.0,100.0,5469.0,174.0,238.0,31.0,48.0,40797.0,4603.0,1063.0,71.0,9.0,113.0,330.0
1233,gRNA_14612,60.0,211.0,8114.0,3.0,364.0,15.0,41.0,18453.0,12689.0,1788.0,46.0,101.0,112.0,690.0
1234,gRNA_14613,3.0,17.0,504.0,0.0,286.0,0.0,7.0,6087.0,401.0,68.0,2.0,0.0,13.0,60.0
1235,gRNA_14614,44.0,104.0,3983.0,44.0,32.0,43.0,43.0,3648.0,6025.0,1625.0,44.0,10.0,136.0,266.0
1236,gRNA_14615,115.0,263.0,10742.0,93.0,62.0,33.0,67.0,18468.0,13794.0,635.0,16.0,410.0,123.0,623.0
1237,gRNA_14616,3.0,6.0,654.0,9.0,73.0,22.0,46.0,7942.0,683.0,624.0,25.0,4.0,17.0,76.0
1238,gRNA_14617,30.0,95.0,3706.0,48.0,663.0,93.0,78.0,24352.0,10770.0,1059.0,75.0,49.0,263.0,302.0
1239,gRNA_14618,4.0,25.0,1738.0,6.0,26.0,8.0,12.0,788.0,634.0,3.0,0.0,2.0,20.0,151.0
1240,gRNA_14619,21.0,34.0,2971.0,32.0,16.0,11.0,33.0,728.0,4198.0,686.0,18.0,56.0,37.0,110.0
1241,gRNA_14620,56.0,162.0,7884.0,21.0,50.0,20.0,196.0,2317.0,14800.0,4778.0,55.0,29.0,141.0,504.0
1242,gRNA_14621,12.0,50.0,1546.0,94.0,16.0,27.0,19.0,1099.0,2014.0,57.0,0.0,37.0,43.0,177.0
1243,gRNA_14622,29.0,68.0,3314.0,17.0,424.0,55.0,29.0,124271.0,5987.0,2016.0,49.0,6.0,39.0,237.0
1244,gRNA_14623,37.0,94.0,5957.0,21.0,63.0,216.0,84.0,4224.0,4066.0,225.0,16.0,109.0,200.0,450.0
1245,gRNA_14624,47.0,117.0,6399.0,17.0,161.0,27.0,181.0,7824.0,9560.0,912.0,31.0,89.0,944.0,539.0
1246,gRNA_14625,58.0,174.0,10466.0,164.0,75.0,58.0,169.0,5027.0,12119.0,1744.0,55.0,82.0,281.0,580.0
1247,gRNA_14626,140.0,270.0,15358.0,104.0,536.0,160.0,166.0,16746.0,13514.0,12320.0,409.0,33.0,153.0,524.0
1248,gRNA_14627,39.0,72.0,3849.0,60.0,66.0,75.0,354.0,4630.0,6898.0,2218.0,69.0,11.0,428.0,346.0
1249,gRNA_14628,422.0,1018.0,46260.0,57.0,275.0,141.0,387.0,26270.0,15014.0,1677.0,48.0,115.0,542.0,738.0
1250,gRNA_14629,48.0,131.0,4599.0,16.0,158.0,35.0,40.0,6516.0,5962.0,822.0,57.0,36.0,119.0,223.0
1251,gRNA_14630,292.0,783.0,23133.0,48.0,230.0,220.0,189.0,10780.0,39696.0,2014.0,107.0,280.0,456.0,979.0
1252,gRNA_14631,7.0,24.0,1632.0,6.0,2.0,8.0,57.0,13.0,4980.0,241.0,5.0,56.0,193.0,114.0
1253,gRNA_14632,38.0,88.0,3473.0,19.0,146.0,48.0,22.0,5297.0,7336.0,1193.0,16.0,193.0,87.0,268.0
1254,gRNA_14633,30.0,93.0,3693.0,25.0,4.0,5.0,14.0,23.0,2822.0,173.0,4.0,4.0,130.0,214.0
1255,gRNA_14634,12.0,12.0,1249.0,1.0,133.0,10.0,9.0,14205.0,5809.0,179.0,0.0,461.0,2.0,133.0
1256,gRNA_14635,435.0,76.0,4327.0,2.0,69.0,4.0,25.0,4135.0,2318.0,8922.0,88.0,59.0,61.0,274.0
1257,gRNA_14636,58.0,152.0,6804.0,10.0,492.0,58.0,27.0,27474.0,29308.0,1174.0,16.0,38.0,48.0,452.0
1258,gRNA_14637,6.0,4.0,593.0,0.0,34.0,1.0,10.0,1389.0,227.0,46.0,2.0,2.0,35.0,31.0
1259,gRNA_14638,7.0,19.0,813.0,18.0,32.0,41.0,9.0,10410.0,756.0,255.0,15.0,1.0,44.0,65.0
1260,gRNA_14639,65.0,99.0,4106.0,2.0,53.0,12.0,33.0,2433.0,450.0,44.0,9.0,5.0,38.0,239.0
1261,gRNA_14640,18.0,63.0,1845.0,35.0,34.0,25.0,28.0,760.0,3025.0,1232.0,4.0,5.0,79.0,222.0
1262,gRNA_14641,104.0,231.0,12870.0,253.0,4.0,72.0,64.0,1304.0,14891.0,490.0,4.0,24.0,46.0,405.0
1263,gRNA_14642,92.0,207.0,8462.0,430.0,316.0,114.0,119.0,9643.0,19148.0,6154.0,127.0,176.0,187.0,688.0
1264,gRNA_14643,86.0,212.0,9958.0,86.0,261.0,107.0,172.0,6833.0,4898.0,622.0,12.0,21.0,192.0,667.0
1265,gRNA_14644,73.0,35.0,2748.0,1.0,10.0,11.0,23.0,460.0,19843.0,982.0,4.0,166.0,2.0,148.0
1266,gRNA_14645,53.0,119.0,5240.0,956.0,41.0,255.0,84.0,2096.0,10506.0,725.0,35.0,30.0,155.0,287.0
1267,gRNA_14646,50.0,124.0,6140.0,10.0,22.0,22.0,60.0,1436.0,13893.0,275.0,34.0,49.0,111.0,258.0
1268,gRNA_14647,53.0,166.0,6863.0,57.0,56.0,33.0,54.0,1075.0,13923.0,3757.0,14.0,72.0,178.0,483.0
1269,gRNA_14648,57.0,176.0,10169.0,157.0,113.0,129.0,73.0,11658.0,3941.0,4059.0,34.0,115.0,264.0,223.0
1270,gRNA_14649,61.0,122.0,5978.0,238.0,26.0,31.0,27.0,526.0,7329.0,1546.0,50.0,19.0,84.0,397.0
1271,gRNA_14650,21.0,40.0,1921.0,6.0,15.0,18.0,25.0,459.0,7447.0,810.0,47.0,64.0,65.0,153.0
1272,gRNA_14651,38.0,49.0,3192.0,50.0,8.0,42.0,145.0,2615.0,2225.0,429.0,3.0,12.0,196.0,142.0
1273,gRNA_14652,95.0,242.0,10918.0,8.0,354.0,30.0,132.0,46172.0,7128.0,1416.0,50.0,115.0,312.0,528.0
1274,gRNA_14653,16.0,33.0,2056.0,38.0,750.0,140.0,90.0,30805.0,39766.0,1135.0,9.0,112.0,435.0,130.0
1275,gRNA_14654,86.0,166.0,7480.0,20.0,168.0,65.0,50.0,25975.0,5568.0,1632.0,61.0,12.0,183.0,381.0
1276,gRNA_14655,74.0,103.0,7273.0,21.0,304.0,33.0,90.0,13244.0,14524.0,1295.0,16.0,37.0,99.0,382.0
1277,gRNA_14656,48.0,121.0,5395.0,24.0,202.0,110.0,68.0,9430.0,8765.0,409.0,31.0,27.0,99.0,338.0
1456,gRNA_14835,74.0,164.0,6773.0,6.0,464.0,67.0,298.0,30682.0,30938.0,1273.0,14.0,89.0,370.0,645.0
1457,gRNA_14836,77.0,225.0,11058.0,26.0,642.0,32.0,49.0,66454.0,6633.0,1660.0,28.0,18.0,112.0,762.0
1458,gRNA_14837,78.0,99.0,6514.0,33.0,418.0,127.0,200.0,63790.0,28627.0,3550.0,43.0,110.0,322.0,575.0
1459,gRNA_14838,116.0,213.0,8586.0,98.0,782.0,90.0,53.0,78295.0,24166.0,3482.0,106.0,421.0,207.0,655.0
1460,gRNA_14839,238.0,435.0,25942.0,41.0,237.0,194.0,255.0,172941.0,20595.0,10190.0,196.0,52.0,583.0,1215.0
1461,gRNA_14840,55.0,222.0,9369.0,69.0,307.0,55.0,150.0,142167.0,8652.0,1700.0,11.0,272.0,222.0,584.0
1462,gRNA_14841,53.0,76.0,2897.0,20.0,30.0,19.0,32.0,1445.0,999.0,300.0,26.0,16.0,214.0,275.0
1463,gRNA_14842,129.0,275.0,17348.0,25.0,82.0,89.0,130.0,4277.0,18984.0,3145.0,91.0,71.0,280.0,942.0
1464,gRNA_14843,100.0,201.0,10721.0,113.0,1603.0,141.0,88.0,59964.0,38624.0,2799.0,94.0,165.0,88.0,627.0
1465,gRNA_14844,65.0,178.0,9312.0,4.0,46.0,4.0,34.0,1199.0,2054.0,772.0,47.0,8.0,58.0,439.0
1466,gRNA_14845,416.0,423.0,22963.0,20.0,594.0,125.0,83.0,25869.0,5293.0,513.0,31.0,254.0,154.0,946.0
1467,gRNA_14846,107.0,154.0,8646.0,297.0,601.0,141.0,187.0,39323.0,18021.0,1787.0,215.0,506.0,579.0,735.0
1468,gRNA_14847,60.0,116.0,7060.0,189.0,114.0,45.0,145.0,53619.0,8933.0,891.0,33.0,33.0,147.0,414.0
1469,gRNA_14848,66.0,158.0,8326.0,28.0,70.0,118.0,105.0,3107.0,12043.0,1749.0,75.0,39.0,237.0,522.0
1470,gRNA_14849,67.0,208.0,6893.0,82.0,29.0,76.0,78.0,5506.0,7765.0,339.0,26.0,20.0,110.0,512.0
1471,gRNA_14850,65.0,255.0,10923.0,26.0,1231.0,90.0,379.0,63056.0,39888.0,1993.0,78.0,183.0,234.0,689.0
1472,gRNA_14851,100.0,163.0,7614.0,20.0,944.0,92.0,216.0,80197.0,50160.0,1799.0,31.0,394.0,304.0,486.0
1473,gRNA_14852,44.0,87.0,4535.0,3.0,225.0,19.0,41.0,5109.0,11918.0,2243.0,79.0,6.0,41.0,365.0
1474,gRNA_14853,72.0,264.0,15048.0,76.0,165.0,36.0,78.0,38423.0,14262.0,1056.0,78.0,68.0,324.0,450.0
1475,gRNA_14854,124.0,300.0,13881.0,99.0,484.0,230.0,168.0,91572.0,27920.0,4140.0,167.0,1843.0,427.0,1040.0
1476,gRNA_14855,81.0,144.0,8506.0,60.0,115.0,23.0,93.0,39100.0,6821.0,571.0,6.0,211.0,262.0,510.0
1477,gRNA_14856,29.0,98.0,4863.0,210.0,216.0,91.0,80.0,12474.0,11056.0,2194.0,31.0,174.0,80.0,291.0
1478,gRNA_14857,131.0,234.0,11286.0,198.0,1585.0,117.0,339.0,52127.0,16608.0,7962.0,654.0,162.0,918.0,983.0
1479,gRNA_14858,145.0,347.0,18263.0,86.0,1329.0,164.0,74.0,51447.0,14704.0,594.0,6.0,48.0,60.0,1084.0
1480,gRNA_14859,173.0,348.0,17861.0,275.0,1097.0,85.0,216.0,21308.0,32173.0,11303.0,269.0,394.0,401.0,1218.0
1481,gRNA_14860,58.0,125.0,6804.0,44.0,13.0,53.0,62.0,678.0,38875.0,1006.0,60.0,96.0,264.0,556.0
1482,gRNA_14861,135.0,212.0,13837.0,333.0,2174.0,128.0,319.0,54762.0,21113.0,1694.0,68.0,123.0,446.0,1178.0
1483,gRNA_14862,133.0,249.0,14064.0,29.0,119.0,139.0,175.0,12425.0,9508.0,805.0,22.0,167.0,270.0,829.0
1484,gRNA_14863,129.0,278.0,15607.0,238.0,477.0,105.0,263.0,13793.0,20202.0,7885.0,117.0,61.0,184.0,1027.0
1485,gRNA_14864,113.0,220.0,10930.0,44.0,737.0,118.0,175.0,62256.0,32947.0,1789.0,16.0,203.0,566.0,601.0
1486,gRNA_14865,93.0,226.0,11055.0,35.0,216.0,100.0,379.0,16166.0,26601.0,3945.0,309.0,100.0,868.0,521.0
1487,gRNA_14866,148.0,382.0,13413.0,10.0,23.0,42.0,90.0,12724.0,5553.0,1341.0,86.0,16.0,257.0,1118.0
1488,gRNA_14867,117.0,243.0,9396.0,56.0,371.0,92.0,97.0,13018.0,49521.0,1752.0,25.0,509.0,137.0,1057.0
1489,gRNA_14868,65.0,117.0,5380.0,36.0,61.0,8.0,33.0,1961.0,14220.0,4222.0,41.0,183.0,3.0,537.0
1490,gRNA_14869,152.0,365.0,18308.0,16.0,1134.0,47.0,521.0,52000.0,18674.0,2809.0,57.0,731.0,1122.0,821.0
1491,gRNA_14870,258.0,488.0,29217.0,40.0,256.0,236.0,150.0,8976.0,77379.0,2154.0,85.0,249.0,138.0,1220.0
1492,gRNA_14871,11.0,38.0,1820.0,16.0,163.0,25.0,14.0,3055.0,1752.0,1214.0,43.0,31.0,29.0,131.0
1493,gRNA_14872,80.0,139.0,8355.0,18.0,88.0,48.0,102.0,2102.0,19041.0,8381.0,199.0,1037.0,88.0,481.0
1494,gRNA_14873,52.0,61.0,3062.0,1.0,29.0,4.0,23.0,7979.0,498.0,17.0,0.0,5.0,44.0,272.0
1495,gRNA_14874,53.0,140.0,7246.0,84.0,235.0,74.0,68.0,8585.0,18060.0,1955.0,199.0,261.0,195.0,495.0
1496,gRNA_14875,96.0,200.0,10089.0,24.0,537.0,77.0,113.0,33722.0,13523.0,3316.0,287.0,18.0,228.0,596.0
1497,gRNA_14876,49.0,130.0,6272.0,93.0,372.0,90.0,70.0,27791.0,6801.0,1885.0,38.0,179.0,90.0,456.0
1498,gRNA_14877,105.0,169.0,8340.0,304.0,481.0,281.0,364.0,23462.0,17121.0,8764.0,272.0,181.0,365.0,512.0
1499,gRNA_14878,95.0,219.0,10502.0,141.0,896.0,203.0,445.0,38297.0,33309.0,5384.0,119.0,197.0,876.0,837.0
1500,gRNA_14879,29.0,59.0,4271.0,6.0,14.0,26.0,85.0,389.0,1249.0,438.0,3.0,62.0,138.0,358.0
1501,gRNA_14880,43.0,60.0,4019.0,91.0,207.0,24.0,41.0,6258.0,12338.0,1018.0,4.0,51.0,54.0,349.0
1502,gRNA_14881,76.0,167.0,9474.0,53.0,132.0,55.0,217.0,4409.0,11450.0,3586.0,66.0,23.0,483.0,434.0
1503,gRNA_14882,66.0,142.0,8360.0,23.0,383.0,51.0,68.0,16952.0,44662.0,4059.0,44.0,130.0,155.0,428.0
1504,gRNA_14883,160.0,363.0,19993.0,10.0,271.0,44.0,47.0,5646.0,4685.0,773.0,14.0,60.0,99.0,1016.0
1505,gRNA_14884,96.0,212.0,10886.0,31.0,83.0,84.0,85.0,14554.0,12575.0,1559.0,105.0,50.0,120.0,566.0
1506,gRNA_14885,37.0,111.0,4072.0,7.0,207.0,19.0,37.0,6571.0,15349.0,940.0,13.0,21.0,30.0,300.0
1507,gRNA_14886,99.0,381.0,15980.0,20.0,667.0,43.0,304.0,7849.0,8389.0,2860.0,96.0,2.0,71.0,957.0
1508,gRNA_14887,92.0,161.0,9157.0,25.0,175.0,188.0,323.0,40978.0,60752.0,4388.0,103.0,1575.0,611.0,685.0
1509,gRNA_14888,61.0,167.0,8034.0,71.0,336.0,66.0,156.0,15405.0,20369.0,911.0,39.0,11.0,60.0,577.0
1510,gRNA_14889,280.0,568.0,30455.0,219.0,174.0,174.0,129.0,6011.0,10382.0,2685.0,152.0,76.0,470.0,1586.0
1511,gRNA_14890,75.0,198.0,9623.0,29.0,145.0,55.0,121.0,12620.0,8143.0,1251.0,26.0,127.0,601.0,479.0
1512,gRNA_14891,118.0,234.0,12749.0,452.0,305.0,206.0,111.0,15816.0,8309.0,3081.0,177.0,123.0,141.0,541.0
1513,gRNA_14892,127.0,313.0,14351.0,39.0,215.0,78.0,60.0,151015.0,7812.0,387.0,12.0,14.0,68.0,699.0
1514,gRNA_14893,16.0,34.0,2206.0,102.0,0.0,39.0,14.0,30.0,2444.0,370.0,4.0,18.0,2.0,244.0
1515,gRNA_14894,172.0,355.0,22373.0,41.0,123.0,78.0,123.0,3776.0,12530.0,2254.0,144.0,102.0,98.0,1294.0
1516,gRNA_14895,0.0,0.0,48.0,0.0,0.0,0.0,0.0,0.0,0.0,0.0,0.0,0.0,0.0,9.0
1517,gRNA_14896,72.0,150.0,7539.0,5.0,69.0,80.0,111.0,13813.0,8335.0,961.0,44.0,35.0,82.0,514.0
1518,gRNA_14897,44.0,124.0,6674.0,3.0,68.0,32.0,44.0,5869.0,3634.0,1054.0,51.0,10.0,47.0,433.0
1519,gRNA_14898,67.0,183.0,9415.0,15.0,201.0,31.0,37.0,9289.0,5079.0,806.0,84.0,156.0,70.0,590.0
1520,gRNA_14899,30.0,60.0,3568.0,3.0,25.0,9.0,44.0,2186.0,554.0,584.0,4.0,3.0,111.0,338.0
1521,gRNA_14900,77.0,207.0,10734.0,18.0,118.0,38.0,118.0,5841.0,34778.0,650.0,16.0,51.0,265.0,635.0
1522,gRNA_14901,103.0,195.0,8366.0,34.0,496.0,76.0,187.0,35067.0,30179.0,11841.0,68.0,1413.0,144.0,540.0
1523,gRNA_14902,96.0,234.0,12943.0,77.0,10.0,32.0,176.0,454.0,26244.0,800.0,23.0,90.0,280.0,612.0
1524,gRNA_14903,65.0,146.0,7480.0,102.0,227.0,43.0,75.0,10600.0,8733.0,2012.0,33.0,15.0,69.0,465.0
1525,gRNA_14904,304.0,532.0,23590.0,9.0,370.0,87.0,152.0,14160.0,19860.0,2546.0,201.0,92.0,318.0,1084.0
1526,gRNA_14905,338.0,918.0,37561.0,272.0,1547.0,216.0,731.0,265619.0,65328.0,4766.0,169.0,918.0,1359.0,1909.0
1527,gRNA_14906,92.0,148.0,5902.0,44.0,338.0,128.0,118.0,12555.0,46959.0,905.0,7.0,73.0,518.0,459.0
1528,gRNA_14907,241.0,469.0,20856.0,222.0,187.0,189.0,366.0,7099.0,87900.0,2855.0,75.0,124.0,143.0,1460.0
1529,gRNA_14908,41.0,126.0,5790.0,6.0,53.0,2.0,48.0,2307.0,11443.0,218.0,0.0,116.0,73.0,562.0
1530,gRNA_14909,185.0,318.0,24289.0,21.0,40.0,135.0,66.0,21858.0,7658.0,3393.0,260.0,183.0,150.0,1076.0
1531,gRNA_14910,0.0,0.0,0.0,0.0,0.0,0.0,0.0,0.0,0.0,0.0,0.0,0.0,0.0,0.0
1532,gRNA_14911,172.0,361.0,16646.0,118.0,401.0,115.0,58.0,15249.0,32053.0,5894.0,127.0,106.0,304.0,1007.0
1533,gRNA_14912,126.0,344.0,15370.0,765.0,873.0,22.0,330.0,27930.0,41171.0,2947.0,300.0,81.0,207.0,1171.0
1534,gRNA_14913,151.0,329.0,20793.0,134.0,576.0,105.0,114.0,23590.0,11688.0,1388.0,52.0,53.0,258.0,975.0
1535,gRNA_14914,120.0,259.0,13940.0,8.0,24.0,35.0,41.0,1038.0,6992.0,1903.0,52.0,153.0,47.0,801.0
1536,gRNA_14915,46.0,77.0,4826.0,2.0,24.0,13.0,12.0,684.0,4463.0,84.0,0.0,8.0,44.0,336.0
1537,gRNA_14916,45.0,97.0,5332.0,6.0,65.0,52.0,31.0,2133.0,3951.0,2275.0,42.0,46.0,34.0,343.0
1538,gRNA_14917,48.0,109.0,5867.0,44.0,124.0,28.0,42.0,1664.0,16624.0,869.0,54.0,254.0,190.0,601.0
1539,gRNA_14918,149.0,257.0,14891.0,7.0,66.0,47.0,208.0,7787.0,12396.0,322.0,31.0,336.0,299.0,1010.0
1540,gRNA_14919,152.0,349.0,19418.0,3.0,263.0,43.0,60.0,85239.0,17010.0,2170.0,428.0,126.0,236.0,1127.0
1541,gRNA_14920,85.0,237.0,9723.0,158.0,75.0,72.0,74.0,5508.0,19261.0,2945.0,32.0,520.0,80.0,465.0
1542,gRNA_14921,82.0,247.0,11783.0,53.0,1131.0,92.0,246.0,59257.0,10260.0,6370.0,73.0,17.0,361.0,582.0
1543,gRNA_14922,73.0,156.0,7509.0,209.0,28.0,279.0,543.0,2065.0,17039.0,4398.0,310.0,57.0,606.0,432.0
1544,gRNA_14923,67.0,120.0,5972.0,89.0,58.0,18.0,50.0,1830.0,5391.0,590.0,5.0,2.0,36.0,442.0
1545,gRNA_14924,68.0,120.0,7575.0,84.0,251.0,138.0,137.0,57419.0,13712.0,2969.0,113.0,200.0,201.0,442.0
1546,gRNA_14925,183.0,440.0,19748.0,58.0,115.0,77.0,220.0,19220.0,30160.0,821.0,52.0,190.0,241.0,859.0
1547,gRNA_14926,182.0,358.0,25784.0,262.0,1526.0,232.0,79.0,91733.0,39958.0,4072.0,214.0,1203.0,69.0,1189.0
1548,gRNA_14927,75.0,133.0,9899.0,6.0,579.0,35.0,330.0,132773.0,9339.0,3153.0,254.0,65.0,424.0,654.0
1549,gRNA_14928,157.0,364.0,18517.0,49.0,58.0,66.0,183.0,1231.0,15887.0,1345.0,89.0,43.0,62.0,968.0
1550,gRNA_14929,33.0,68.0,5378.0,31.0,51.0,7.0,36.0,3804.0,2741.0,88.0,5.0,3.0,63.0,265.0
1551,gRNA_14930,245.0,523.0,23543.0,819.0,151.0,222.0,277.0,14973.0,39992.0,2350.0,49.0,784.0,501.0,889.0
1552,gRNA_14931,77.0,191.0,11313.0,558.0,182.0,92.0,158.0,5270.0,11816.0,6760.0,36.0,25.0,642.0,581.0
1553,gRNA_14932,69.0,124.0,7588.0,3.0,195.0,11.0,103.0,5228.0,29879.0,598.0,5.0,113.0,55.0,455.0
1554,gRNA_14933,52.0,87.0,5436.0,16.0,1931.0,28.0,142.0,78164.0,47606.0,3832.0,40.0,278.0,50.0,518.0
1555,gRNA_14934,20.0,32.0,2506.0,12.0,162.0,86.0,184.0,4706.0,9770.0,356.0,12.0,258.0,77.0,161.0
1556,gRNA_14935,51.0,96.0,5879.0,426.0,24.0,172.0,29.0,4193.0,19472.0,2673.0,349.0,28.0,20.0,381.0
1557,gRNA_14936,35.0,84.0,4153.0,22.0,87.0,55.0,74.0,5173.0,10975.0,1338.0,19.0,76.0,168.0,290.0
1558,gRNA_14937,94.0,216.0,12777.0,98.0,334.0,20.0,301.0,14918.0,5872.0,8095.0,99.0,111.0,398.0,835.0
1559,gRNA_14938,112.0,234.0,11422.0,107.0,907.0,125.0,146.0,82368.0,18156.0,7468.0,664.0,119.0,114.0,636.0
1560,gRNA_14939,61.0,151.0,5735.0,36.0,165.0,9.0,25.0,4600.0,815.0,344.0,15.0,3.0,55.0,262.0
1561,gRNA_14940,53.0,176.0,8354.0,47.0,299.0,42.0,43.0,29092.0,11385.0,2015.0,19.0,10.0,20.0,443.0
1562,gRNA_14941,122.0,268.0,18714.0,79.0,218.0,40.0,226.0,12728.0,30590.0,1581.0,47.0,970.0,102.0,932.0
1563,gRNA_14942,36.0,104.0,3328.0,4.0,340.0,37.0,48.0,16192.0,13860.0,1791.0,15.0,102.0,248.0,153.0
1564,gRNA_14943,52.0,143.0,7138.0,33.0,316.0,69.0,181.0,11435.0,15506.0,553.0,13.0,24.0,59.0,498.0
1565,gRNA_14944,11.0,27.0,2395.0,4.0,31.0,25.0,8.0,1803.0,2103.0,1007.0,65.0,2.0,1.0,225.0
1566,gRNA_14945,87.0,170.0,11017.0,48.0,222.0,207.0,128.0,18888.0,17060.0,3042.0,60.0,90.0,74.0,650.0
1567,gRNA_14946,156.0,427.0,20518.0,13.0,133.0,59.0,61.0,6033.0,13425.0,1382.0,27.0,4.0,99.0,772.0
1568,gRNA_14947,143.0,361.0,21440.0,35.0,76.0,78.0,169.0,5313.0,34339.0,2215.0,123.0,285.0,47.0,985.0
1569,gRNA_14948,81.0,241.0,12530.0,28.0,389.0,32.0,72.0,66786.0,21683.0,3061.0,37.0,429.0,124.0,558.0
1570,gRNA_14949,76.0,235.0,9987.0,38.0,119.0,62.0,44.0,15209.0,21294.0,530.0,5.0,87.0,61.0,660.0
1571,gRNA_14950,153.0,340.0,27712.0,63.0,469.0,105.0,127.0,22431.0,15580.0,5409.0,68.0,47.0,332.0,1109.0
1572,gRNA_14951,154.0,409.0,19119.0,198.0,367.0,50.0,89.0,7988.0,13105.0,1271.0,27.0,44.0,164.0,1122.0
1573,gRNA_14952,41.0,97.0,4583.0,11.0,133.0,18.0,59.0,7074.0,1975.0,443.0,2.0,1.0,74.0,293.0
1574,gRNA_14953,267.0,568.0,27019.0,254.0,426.0,364.0,250.0,10358.0,6214.0,6790.0,172.0,26.0,362.0,1620.0
1575,gRNA_14954,156.0,254.0,12375.0,66.0,844.0,221.0,296.0,245233.0,33979.0,4157.0,203.0,311.0,176.0,1045.0
1576,gRNA_14955,77.0,225.0,11005.0,10.0,120.0,11.0,53.0,93339.0,10513.0,3131.0,50.0,64.0,143.0,587.0
1577,gRNA_14956,37.0,59.0,2673.0,52.0,21.0,34.0,31.0,1381.0,4623.0,266.0,24.0,10.0,24.0,152.0
1578,gRNA_14957,0.0,0.0,0.0,0.0,0.0,0.0,0.0,0.0,0.0,0.0,0.0,0.0,0.0,0.0
1579,gRNA_14958,54.0,101.0,4344.0,15.0,83.0,12.0,39.0,2665.0,4113.0,1320.0,28.0,170.0,98.0,250.0
1580,gRNA_14959,50.0,72.0,6018.0,99.0,14.0,80.0,28.0,525.0,2362.0,1501.0,20.0,181.0,184.0,253.0
1581,gRNA_14960,150.0,316.0,16669.0,5.0,54.0,56.0,134.0,2833.0,12877.0,1679.0,53.0,163.0,234.0,993.0
1582,gRNA_14961,122.0,197.0,11753.0,339.0,243.0,127.0,91.0,15406.0,13970.0,3507.0,59.0,58.0,176.0,741.0
1583,gRNA_14962,197.0,581.0,26012.0,390.0,503.0,241.0,465.0,174599.0,38286.0,9322.0,548.0,105.0,1184.0,1355.0
1584,gRNA_14963,147.0,289.0,12610.0,15.0,146.0,126.0,91.0,20823.0,29336.0,1984.0,229.0,58.0,35.0,734.0
1585,gRNA_14964,27.0,89.0,4617.0,17.0,14.0,0.0,9.0,599.0,26770.0,803.0,27.0,29.0,40.0,351.0
1586,gRNA_14965,37.0,55.0,3039.0,1.0,90.0,16.0,9.0,2299.0,2832.0,1950.0,64.0,91.0,62.0,199.0
1587,gRNA_14966,93.0,160.0,7098.0,34.0,562.0,85.0,77.0,88188.0,9120.0,1204.0,28.0,77.0,378.0,575.0
1588,gRNA_14967,156.0,344.0,17602.0,18.0,303.0,76.0,85.0,8453.0,19997.0,663.0,28.0,127.0,96.0,948.0
1589,gRNA_14968,56.0,204.0,9334.0,47.0,483.0,132.0,128.0,33270.0,6647.0,1195.0,25.0,7.0,124.0,612.0
1590,gRNA_14969,251.0,475.0,27337.0,143.0,544.0,136.0,346.0,43850.0,71187.0,2876.0,64.0,120.0,1283.0,1225.0
1591,gRNA_14970,41.0,108.0,5170.0,106.0,88.0,39.0,48.0,2174.0,21322.0,223.0,1.0,49.0,259.0,462.0
1592,gRNA_14971,69.0,102.0,6601.0,23.0,227.0,191.0,152.0,9013.0,3880.0,480.0,3.0,13.0,23.0,476.0
1593,gRNA_14972,101.0,218.0,11001.0,59.0,236.0,73.0,266.0,8854.0,15568.0,844.0,57.0,161.0,337.0,776.0
1594,gRNA_14973,0.0,0.0,9.0,0.0,0.0,0.0,0.0,0.0,0.0,0.0,0.0,0.0,0.0,9.0
1595,gRNA_14974,55.0,124.0,6617.0,17.0,273.0,45.0,80.0,101131.0,24008.0,1820.0,216.0,1294.0,139.0,482.0
1596,gRNA_14975,141.0,314.0,15741.0,107.0,411.0,121.0,201.0,26427.0,12275.0,2651.0,441.0,71.0,289.0,1451.0
1597,gRNA_14976,10.0,32.0,2016.0,22.0,116.0,1.0,55.0,7776.0,4870.0,284.0,6.0,29.0,22.0,140.0
1598,gRNA_14977,44.0,119.0,6708.0,64.0,54.0,104.0,201.0,1917.0,19027.0,534.0,22.0,323.0,100.0,526.0
1599,gRNA_14978,44.0,116.0,7245.0,11.0,214.0,91.0,107.0,320758.0,14464.0,2746.0,166.0,166.0,495.0,432.0
1600,gRNA_14979,67.0,150.0,6736.0,2.0,118.0,4.0,13.0,6564.0,7015.0,2322.0,124.0,13.0,75.0,425.0
1601,gRNA_14980,192.0,342.0,16198.0,47.0,822.0,144.0,97.0,40674.0,13726.0,5474.0,409.0,163.0,470.0,1032.0
1602,gRNA_14981,64.0,172.0,8836.0,20.0,249.0,84.0,178.0,63993.0,10119.0,2567.0,72.0,52.0,106.0,528.0
1603,gRNA_14982,88.0,150.0,7954.0,27.0,28.0,131.0,62.0,7440.0,6198.0,945.0,38.0,14.0,137.0,705.0
1604,gRNA_14983,244.0,654.0,36326.0,100.0,744.0,32.0,106.0,40506.0,24552.0,4529.0,53.0,95.0,216.0,1836.0
1605,gRNA_14984,104.0,251.0,14751.0,434.0,75.0,135.0,105.0,1462.0,33597.0,5588.0,56.0,1701.0,460.0,855.0
1606,gRNA_14985,77.0,145.0,8000.0,27.0,412.0,17.0,43.0,27642.0,3582.0,258.0,6.0,59.0,84.0,363.0
1607,gRNA_14986,59.0,137.0,9079.0,2.0,29.0,37.0,40.0,611.0,3785.0,354.0,50.0,23.0,124.0,540.0
1608,gRNA_14987,121.0,173.0,8837.0,16.0,39.0,54.0,72.0,9242.0,45262.0,1232.0,20.0,108.0,214.0,916.0
1609,gRNA_14988,44.0,102.0,7421.0,257.0,330.0,100.0,125.0,19523.0,12412.0,5046.0,134.0,126.0,87.0,442.0
1610,gRNA_14989,188.0,337.0,15844.0,186.0,83.0,52.0,107.0,8365.0,3840.0,652.0,8.0,229.0,245.0,916.0
1611,gRNA_14990,59.0,41.0,3503.0,26.0,33.0,20.0,72.0,419.0,56255.0,734.0,15.0,328.0,99.0,335.0
1612,gRNA_14991,124.0,175.0,10710.0,125.0,2753.0,133.0,90.0,85427.0,107818.0,12952.0,63.0,347.0,465.0,900.0
1613,gRNA_14992,135.0,295.0,16544.0,5.0,98.0,23.0,65.0,5684.0,7763.0,400.0,24.0,344.0,38.0,596.0
1614,gRNA_14993,163.0,339.0,16792.0,118.0,142.0,105.0,305.0,4145.0,17950.0,4199.0,66.0,185.0,262.0,915.0
1615,gRNA_14994,232.0,704.0,35958.0,117.0,1232.0,205.0,319.0,33407.0,53097.0,6475.0,620.0,170.0,864.0,1285.0
1616,gRNA_14995,105.0,229.0,12286.0,10.0,64.0,10.0,70.0,4740.0,35798.0,1742.0,25.0,213.0,60.0,701.0
1617,gRNA_14996,136.0,283.0,15715.0,65.0,104.0,87.0,146.0,17876.0,28961.0,6577.0,520.0,1428.0,172.0,761.0
1618,gRNA_14997,170.0,323.0,17646.0,67.0,960.0,80.0,333.0,58277.0,80684.0,7351.0,306.0,260.0,818.0,1173.0
1619,gRNA_14998,148.0,339.0,16406.0,61.0,618.0,33.0,140.0,12349.0,11295.0,2049.0,100.0,63.0,420.0,1014.0
1620,gRNA_14999,186.0,286.0,18204.0,479.0,729.0,153.0,496.0,166390.0,99032.0,9143.0,99.0,1580.0,669.0,894.0
1621,gRNA_15000,79.0,103.0,6432.0,86.0,993.0,162.0,438.0,35143.0,132208.0,4051.0,131.0,148.0,202.0,498.0
1622,gRNA_15001,129.0,274.0,11744.0,104.0,230.0,43.0,106.0,11462.0,3142.0,1630.0,69.0,21.0,100.0,653.0
1623,gRNA_15002,38.0,84.0,5401.0,62.0,203.0,71.0,57.0,9727.0,17077.0,1073.0,15.0,25.0,42.0,304.0
1624,gRNA_15003,38.0,116.0,7282.0,23.0,294.0,59.0,52.0,20104.0,19358.0,733.0,67.0,89.0,152.0,407.0
1625,gRNA_15004,24.0,69.0,3776.0,31.0,303.0,45.0,100.0,15858.0,1172.0,315.0,3.0,11.0,189.0,256.0
1626,gRNA_15005,54.0,175.0,8112.0,46.0,872.0,45.0,218.0,46967.0,18495.0,2566.0,49.0,85.0,462.0,697.0
1627,gRNA_15006,64.0,126.0,8876.0,27.0,2.0,58.0,49.0,502.0,15587.0,1040.0,12.0,123.0,37.0,237.0
1628,gRNA_15007,13.0,36.0,1739.0,1.0,136.0,25.0,109.0,4029.0,2752.0,472.0,109.0,20.0,273.0,172.0
1629,gRNA_15008,130.0,253.0,17301.0,28.0,227.0,38.0,262.0,8980.0,14994.0,11491.0,89.0,51.0,373.0,1033.0
1630,gRNA_15009,201.0,563.0,25331.0,470.0,343.0,85.0,139.0,73409.0,16756.0,2563.0,31.0,152.0,370.0,1375.0
1631,gRNA_15010,68.0,178.0,7710.0,111.0,102.0,1.0,43.0,1970.0,477.0,583.0,37.0,9.0,158.0,274.0
1632,gRNA_15011,131.0,391.0,20685.0,77.0,127.0,30.0,104.0,4310.0,27001.0,1333.0,30.0,57.0,226.0,918.0
