gRNA_id,Gene,bm1,bm3,bm5,LFC_avg_bm,LFC_median_bm,LFC_concordant_mean_bm,LFC_directional_bm,z_score_avg_bm,z_score_median_bm,z_score_concordant_mean_bm,Input_median,d15-rep1,d15-rep2,d15-rep3,d15-rep4,d15-rep5,LFC_avg_d15,LFC_median_d15,LFC_concordant_mean_d15,LFC_directional_d15,z_score_avg_d15,z_score_median_d15,z_score_concordant_mean_d15,d5,LFC_avg_d5,LFC_median_d5,LFC_concordant_mean_d5,LFC_directional_d5,z_score_avg_d5,z_score_median_d5,z_score_concordant_mean_d5,input,LFC_avg_input,LFC_median_input,LFC_concordant_mean_input,LFC_directional_input,z_score_avg_input,z_score_median_input,z_score_concordant_mean_input,lib,LFC_avg_lib,LFC_median_lib,LFC_concordant_mean_lib,LFC_directional_lib,z_score_avg_lib,z_score_median_lib,z_score_concordant_mean_lib,spleen1,spleen3,LFC_avg_spleen,LFC_median_spleen,LFC_concordant_mean_spleen,LFC_directional_spleen,z_score_avg_spleen,z_score_median_spleen,z_score_concordant_mean_spleen,gene_name_m_corrected,gene_name_h,HGVSp_m,HGVSp_h,classification,classification_m,sensor_reads_input,corr_perc_input,target_base_edit_perc_input,byproduct_INDEL_perc_input,byproduct_sub_perc_input,sensor_reads_d5,corr_perc_d5,target_base_edit_perc_d5,byproduct_INDEL_perc_d5,byproduct_sub_perc_d5,sensor_reads_d15,corr_perc_d15,target_base_edit_perc_d15,byproduct_INDEL_perc_d15,byproduct_sub_perc_d15,sensor_reads_bm,corr_perc_bm,target_base_edit_perc_bm,byproduct_INDEL_perc_bm,byproduct_sub_perc_bm,sensor_reads_spleen,corr_perc_spleen,target_base_edit_perc_spleen,byproduct_INDEL_perc_spleen,byproduct_sub_perc_spleen,p_high_unadjusted_d5_fishers,p_low_unadjusted_d5_fishers,FDR_high_d5_fishers,FDR_low_d5_fishers,p_high_unadjusted_d5_stouffers,p_low_unadjusted_d5_stouffers,FDR_high_d5_stouffers,FDR_low_d5_stouffers,FDR_d5_fishers,FDR_d5_stouffers,p_high_unadjusted_d15_fishers,p_low_unadjusted_d15_fishers,FDR_high_d15_fishers,FDR_low_d15_fishers,p_high_unadjusted_d15_stouffers,p_low_unadjusted_d15_stouffers,FDR_high_d15_stouffers,FDR_low_d15_stouffers,FDR_d15_fishers,FDR_d15_stouffers,p_high_unadjusted_spleen_fishers,p_low_unadjusted_spleen_fishers,FDR_high_spleen_fishers,FDR_low_spleen_fishers,p_high_unadjusted_spleen_stouffers,p_low_unadjusted_spleen_stouffers,FDR_high_spleen_stouffers,FDR_low_spleen_stouffers,FDR_spleen_fishers,FDR_spleen_stouffers,p_high_unadjusted_bm_fishers,p_low_unadjusted_bm_fishers,FDR_high_bm_fishers,FDR_low_bm_fishers,p_high_unadjusted_bm_stouffers,p_low_unadjusted_bm_stouffers,FDR_high_bm_stouffers,FDR_low_bm_stouffers,FDR_bm_fishers,FDR_bm_stouffers
gRNA_2,Abl1,-1.811121757515685,-3.8910766194049864,-0.7644004249149603,-2.1555329339452105,-1.811121757515685,-2.1555329339452105,True,-2.1190379738227136,-1.7251616204909999,-1.9330255913117655,2227.90817257492,-1.4386198030444841,-0.0008262425872065507,0.07741974885027009,-0.26341210932901943,-2.035769610203991,-0.7322416032628862,-0.26341210932901943,-0.9346569412911753,True,-1.1947080109540142,-0.5342249472363936,-1.3205913906841968,-1.666602184301373,-1.666602184301373,-1.666602184301373,-1.666602184301373,True,-2.5262832876777357,-2.5262832876777357,-2.5262832876777357,0.0,0.0,0.0,0.0,True,,,,0.0,0.0,0.0,0.0,True,,,,0.43176651722025805,-0.7196523144615041,-0.14394289862062304,-0.14394289862062304,,False,-0.22855346176678457,-0.22855346176678457,,Abl1,ABL1,Non-coding,,targeting guide,Intron,5426,0.0,0.0737191301142646,0.0737191301142646,3.077773682270549,1932,13.354037267080743,29.96894409937888,0.0,46.325051759834366,2234,32.54252461951656,45.88182632050135,0.0,22.426141450313335,31331,32.27474386390476,46.45558711818965,0.0095751811305097,33.388656602087394,18517,33.12631635794135,37.570880812226605,0.0054004428363125,15.007830642112657,0.99000099990001,0.010098990100989903,0.9952951228941277,1.0,0.99000099990001,0.010098990100989903,0.9952951228941277,1.0,0.9952951228941277,0.9952951228941277,0.6491031154941875,0.010138374309829194,0.9039361904659796,0.3812028740495777,0.9338802491306053,0.06753103227481462,1.0,0.7120066581160548,0.3812028740495777,0.7120066581160548,0.2921720298259463,0.5838533954299885,0.600309744341835,0.99997757850991,0.33777937482367903,0.6624311933525845,0.6195368045546503,1.0,0.600309744341835,0.6195368045546503,0.9936232998034736,0.005050852816554097,0.9999269884937744,0.2713029512891915,0.9967605330223427,0.0032780527743604196,1.0,0.20542464052658632,0.2713029512891915,0.20542464052658632
gRNA_85,Akt1,-0.9806802686716578,-0.6881837216813166,-0.06758183294111585,-0.5788152744313634,-0.6881837216813166,-0.5788152744313634,True,-0.6656153618408271,-0.7440468367715849,-0.6203939784692949,1581.6354842719716,-0.1806237612294456,-0.10501382450428776,-0.6265506024069357,0.13073795512583583,0.37460498245337276,-0.08136905011229209,-0.10501382450428776,,False,-0.25971483456913885,-0.31364053819691295,,0.6302135945464593,0.6302135945464593,0.6302135945464593,0.6302135945464593,True,0.8478638232529218,0.8478638232529218,0.8478638232529218,0.0,0.0,0.0,0.0,True,,,,0.0,0.0,0.0,0.0,True,,,,0.043206160856546716,-0.28227312882725697,-0.11953348398535513,-0.11953348398535513,,False,-0.20061489022234652,-0.20061489022234652,,Akt1,AKT1,D323G,D323G,targeting guide,Missense,1536,8.268229166666668,10.3515625,0.5208333333333333,8.268229166666668,8027,13.442132801793946,74.63560483368632,3.4134795066650057,70.33761056434533,50164,4.020811737500997,89.54030779044734,0.0,90.97759349334184,21844,7.201062076542758,61.618751144479035,0.0,63.0653726423732,29470,14.540210383440789,76.9324737020699,0.0,71.46250424160164,0.004199580041995798,0.9959004099590041,0.02050704020507039,1.0,0.0041995800419957945,0.9959004099590041,0.02050704020507037,1.0,0.02050704020507039,0.02050704020507037,0.20121206184745458,0.8887124409050364,0.40029489552721126,0.9999999999819025,0.13439529642025144,0.8657906270578444,0.27308409910100795,1.0,0.40029489552721126,0.27308409910100795,0.4343274725400854,0.7220016608925857,0.7397796305413381,0.99997757850991,0.3530893038501455,0.6470514334851648,0.6401350495894932,1.0,0.7397796305413381,0.6401350495894932,0.8424910183145751,0.32530004953416763,0.9999269884937744,0.9999996088429295,0.7712251268490226,0.2289343248183014,0.9788126948284221,1.0,0.9999269884937744,0.9788126948284221
gRNA_871,Arid2,-0.6702904027890276,-0.730683781283706,-0.25930038792113863,-0.5534248573312908,-0.6702904027890276,-0.5534248573312908,True,-0.6422104065412997,-0.7284133831572129,-0.599256228189332,3596.29947067827,1.0204972566451507,0.8936462275354201,0.667720040995197,1.0204421642636226,0.8677440221018619,0.8940099423082504,0.8936462275354201,0.8940099423082504,True,1.1414391976417673,1.0770868781653693,0.9468550306677168,0.5846004379253288,0.5846004379253288,0.5846004379253288,0.5846004379253288,True,0.7808556190900177,0.7808556190900177,0.7808556190900177,0.0,0.0,0.0,0.0,True,,,,0.0,0.0,0.0,0.0,True,,,,-0.11670743834201629,-0.7554538768195233,-0.43608065758076975,-0.43608065758076975,-0.43608065758076975,True,-0.5629290214226533,-0.5629290214226533,-0.5206858181755563,Arid2,ARID2,N1540S,N1546S,targeting guide,Missense,13625,0.0,0.0513761467889908,0.2055045871559633,10.818348623853211,31597,0.3639586036649049,31.756179384118745,0.003164857423173,97.76244580181664,153083,2.033537362084621,41.248211754407734,0.0,97.23679311223324,58015,0.0,38.093596483668016,0.0,96.10100835990691,47673,0.0,16.533467581230465,0.0041952467853921,97.9653053090848,0.004199580041995798,0.9959004099590041,0.02050704020507039,1.0,0.0041995800419957945,0.9959004099590041,0.02050704020507037,1.0,0.02050704020507039,0.02050704020507037,2.3747048734568327e-05,0.9999998965818246,0.00018997638987654661,0.9999999999819025,2.228528566386158e-06,0.9999978222652345,1.862059424358212e-05,1.0,0.00018997638987654661,1.862059424358212e-05,0.6522211781280548,0.4285108643929967,0.8954560738124527,0.99997757850991,0.6160291555515268,0.3841287513989957,0.8515697150271105,1.0,0.8954560738124527,0.8515697150271105,0.8598547709814541,0.36730803968068265,0.9999269884937744,0.9999996088429295,0.759715237270205,0.2404348057410013,0.9779127123763158,1.0,0.9999269884937744,0.9779127123763158
gRNA_895,Arid5b,2.931559674824751,3.3877116156237888,3.706944547907144,3.3420719461185615,3.3877116156237888,3.3420719461185615,True,2.948669105002252,2.8170767913472012,2.643779848105824,146.33794427905565,2.4682517666211483,1.2839062302647508,1.4227028406962752,0.9891117375456889,1.4814536655320438,1.5290852481319814,1.4227028406962752,1.5290852481319814,True,2.053739270154334,1.813847635970589,1.7343135024067537,1.1263085465196268,1.1263085465196268,1.1263085465196268,1.1263085465196268,True,1.5766542488338688,1.5766542488338688,1.5766542488338688,0.0,0.0,0.0,0.0,True,,,,0.0,0.0,0.0,0.0,True,,,,1.3600677307646714,1.0015297287027485,1.18079872973371,1.18079872973371,1.18079872973371,True,1.2877216851266216,1.2877216851266216,1.1265866924435772,Arid5b,ARID5B,K1026E,K1026E,targeting guide,Missense,179,0.0,8.938547486033519,0.0,18.435754189944134,13089,3.338681335472534,91.48903659561464,1.0161204064481626,90.35831614332646,40241,0.5765264282696753,99.8608384483487,0.0298203324967073,98.16604955145247,41827,0.7746192650680183,99.85177038754873,0.1243216104430152,98.90740430822196,37787,0.8045094873898431,98.71384338529124,1.2782173763463625,97.38005134040807,0.004199580041995798,0.9959004099590041,0.02050704020507039,1.0,0.0041995800419957945,0.9959004099590041,0.02050704020507037,1.0,0.02050704020507039,0.02050704020507037,8.830167411140218e-07,0.9999999981928779,2.769960224590558e-05,0.9999999999819025,6.143304957029402e-08,0.9999999417194272,1.9361201859582867e-06,1.0,2.769960224590558e-05,1.9361201859582867e-06,0.003598360150229843,0.999127081735075,0.033824585412160525,0.99997757850991,0.0018991378169857052,0.9981188765919633,0.01879146892596382,1.0,0.033824585412160525,0.01879146892596382,1.1224201792123262e-05,0.9999996088429295,0.0021101499369191733,0.9999996088429295,2.5423938046873884e-06,0.999997633026421,0.00047797003528122903,1.0,0.0021101499369191733,0.00047797003528122903
gRNA_896,Arid5b,2.629978646554969,1.7198330924485652,0.9517377047678494,1.7671831479237945,1.7198330924485652,1.7671831479237945,True,1.4969323423411305,1.359845649185872,1.3326707787374144,937.3013717119635,0.059222144900434585,0.9457942343455599,1.4051465824756195,0.7768516008578374,0.1629597575470974,0.6699948640253097,0.7768516008578374,0.6699948640253097,True,0.8196364597816388,0.9144394496709997,0.6690886467860755,0.8994490989524974,0.8994490989524974,0.8994490989524974,0.8994490989524974,True,1.243385400437183,1.243385400437183,1.243385400437183,0.0,0.0,0.0,0.0,True,,,,0.0,0.0,0.0,0.0,True,,,,0.4671986209756766,0.1662112157960586,0.3167049183858676,0.3167049183858676,0.3167049183858676,True,0.29869564209456234,0.29869564209456234,0.24625016691363172,Arid5b,ARID5B,K1026E,K1026E,targeting guide,Missense,3024,0.0,0.3968253968253968,0.0,6.283068783068783,16805,0.1309134186254091,51.270455221660214,0.0059506099375185,95.19190717048498,74415,0.0,62.42693005442451,0.0,95.5613787542834,102503,0.0,36.53063812766455,0.0009755812025013,92.26656780777148,61571,0.3914180377125595,56.063731302074025,0.0032482824706436,91.19877864579104,0.004199580041995798,0.9959004099590041,0.02050704020507039,1.0,0.0041995800419957945,0.9959004099590041,0.02050704020507037,1.0,0.02050704020507039,0.02050704020507037,0.00043063360510062595,0.999882745434176,0.0020758748143312224,0.9999999999819025,0.00011030232628572817,0.9998914667533539,0.0004996828275112505,1.0,0.0020758748143312224,0.0004996828275112505,0.11976264313533846,0.9444593807166237,0.32630981028179173,0.99997757850991,0.0830220299966859,0.917070121787203,0.23638760507434628,1.0,0.32630981028179173,0.23638760507434628,0.0022919830210605696,0.9992329430204497,0.02858603846527327,0.9999996088429295,0.0009681203231334256,0.9990431496030843,0.012413850905124165,1.0,0.02858603846527327,0.012413850905124165
gRNA_1000,Atm,-1.2410222627045793,-0.2058422118739667,-0.5106991585937453,-0.6525212110574304,-0.5106991585937453,-0.6525212110574304,True,-0.7335576939909345,-0.5889779699504403,-0.6817548327007178,4334.335695684805,0.8651476181767274,0.6391091520778641,1.6913734517632257,1.0737828926070918,1.1425781979127256,1.0823982625075268,1.0737828926070918,1.0823982625075268,True,1.412063289938033,1.32794401247806,1.1804461927822478,0.39402949192421555,0.39402949192421555,0.39402949192421555,0.39402949192421555,True,0.5008965501917979,0.5008965501917979,0.5008965501917979,0.0,0.0,0.0,0.0,True,,,,0.0,0.0,0.0,0.0,True,,,,0.694299261609804,1.7796940872065075,1.2369966744081557,1.2369966744081557,1.2369966744081557,True,1.3520448293477383,1.3520448293477383,1.183841012179366,Atm,ATM,K2450E,K2440E,targeting guide,Missense,11103,0.0090065747996037,0.1170854723948482,0.0,24.128613888138343,28154,0.046174611067699,47.2721460538467,0.110108687930667,97.90083114299922,157592,0.164348444083456,33.81897558251688,0.5146200314736789,98.33874815980506,75145,0.0053230421185707,38.123627653203805,0.0133076052964269,99.0272140528312,82971,0.0,38.84730809559967,0.0891877885044172,98.61397355702594,0.008999100089991,0.9911008899110089,0.027964145734186912,1.0,0.008999100089991007,0.9911008899110089,0.027964145734186933,1.0,0.027964145734186912,0.027964145734186933,1.2593963530993912e-05,0.9999999289459908,0.0001279818996663165,0.9999999999819025,1.1712061475148326e-06,0.9999988619306432,1.1610413481737284e-05,1.0,0.0001279818996663165,1.1610413481737284e-05,0.003506687749298656,0.9977034190931312,0.03380806650605884,0.99997757850991,0.0021910609239352997,0.997839641081361,0.020595972684991817,1.0,0.03380806650605884,0.020595972684991817,0.8709129638961195,0.28722464746150855,0.9999269884937744,0.9999996088429295,0.8039532865697182,0.19619868361229398,0.9788126948284221,1.0,0.9999269884937744,0.9788126948284221
gRNA_1036,Atm,2.541885416946789,1.8071773335999775,2.812872189280909,2.3873116466092252,2.541885416946789,2.3873116466092252,True,2.068568473188861,2.0780755628754983,1.8489333235801095,76.05865079005294,1.392878456504512,0.5821822643387123,0.5239949624225748,0.3706054262571031,0.7068989723307595,0.7153120163707323,0.5821822643387123,0.7153120163707323,True,0.8847355763614716,0.6433442127390252,0.7252794247965754,0.7944128664605183,0.7944128664605183,0.7944128664605183,0.7944128664605183,True,1.0890814707664995,1.0890814707664995,1.0890814707664995,0.0,0.0,0.0,0.0,True,,,,0.0,0.0,0.0,0.0,True,,,,1.3456084783443305,0.5700197093700463,0.9578140938571884,0.9578140938571884,0.9578140938571884,True,1.0324975310108795,1.0324975310108795,0.8994105259022391,Atm,ATM,D2730G,D2720G,targeting guide,Missense,447,1.5659955257270697,1.5659955257270697,0.0,14.988814317673375,6275,57.73705179282869,99.6812749003984,0.3187250996015936,41.60956175298805,34214,47.354883965628105,95.93149003331968,16.61892792424154,31.78815689483837,14276,76.00868590641636,98.09470439899133,0.0,22.61137573550014,23009,56.882089617106345,97.753053153114,0.4563431700638881,41.179538441479416,0.004199580041995798,0.9959004099590041,0.02050704020507039,1.0,0.0041995800419957945,0.9959004099590041,0.02050704020507037,1.0,0.02050704020507039,0.02050704020507037,0.0002441671752192615,0.9999952384321432,0.0013115265411777477,0.9999999999819025,3.5221088425890864e-05,0.9999653253850856,0.00018652294715683048,1.0,0.0013115265411777477,0.00018652294715683048,0.01155987073109559,0.994627347061284,0.06899224436336415,0.99997757850991,0.007157641944337902,0.9928829206860904,0.04411923559132871,1.0,0.06899224436336415,0.04411923559132871,0.00022460007859721786,0.9999839424893925,0.006408383414958989,0.9999996088429295,6.324517667385134e-05,0.999938197050278,0.0017217800394664935,1.0,0.006408383414958989,0.0017217800394664935
gRNA_1149,Atrx,1.3329457943735687,1.5220099175842416,3.464903412641154,2.106619708199655,1.5220099175842416,2.106619708199655,True,1.8098258835921384,1.187006868034882,1.6152547638181565,271.88524794747235,1.0970031886655316,1.5756648327463803,1.1209773835237522,1.0481865105962749,0.9214901964102944,1.1526644223884468,1.0970031886655316,1.1526644223884468,True,1.5130022213792365,1.3602804439579859,1.2675723687922433,0.9499520092864545,0.9499520092864545,0.9499520092864545,0.9499520092864545,True,1.3175769183491648,1.3175769183491648,1.3175769183491648,0.0,0.0,0.0,0.0,True,,,,0.0,0.0,0.0,0.0,True,,,,0.5698454098246395,-0.9119862583688403,-0.1710704242721004,-0.1710704242721004,,False,-0.2596031336889585,-0.2596031336889585,,Atrx,ATRX,N246S,N247S,targeting guide,Missense,1547,0.0,17.453135100193922,3.361344537815126,26.373626373626376,14877,0.2755931975532701,95.36196813873764,0.0,99.24043826040196,44287,1.309639397565877,91.56637387946802,0.0970939553367805,95.38465012306094,41020,0.0,90.20721599219893,0.0,99.43442223305703,17245,0.0,94.32879095389968,0.040591475790084,97.8834444766599,0.004199580041995798,0.9959004099590041,0.02050704020507039,1.0,0.0041995800419957945,0.9959004099590041,0.02050704020507037,1.0,0.02050704020507039,0.02050704020507037,4.57887180790567e-06,0.9999999884902778,6.128982945579738e-05,0.9999999999819025,3.6136134936661166e-07,0.9999996509249643,4.959897417994384e-06,1.0,6.128982945579738e-05,4.959897417994384e-06,0.25261732305539675,0.48862421144108625,0.5396824628910749,0.99997757850991,0.35773365558757686,0.6425304859436461,0.6411762624582374,1.0,0.5396824628910749,0.6411762624582374,0.0008598494549504735,0.9996934936038151,0.015151149473992192,0.9999996088429295,0.00036465028278431024,0.9996445690843729,0.006232204833040938,1.0,0.015151149473992192,0.006232204833040938
gRNA_1322,Bap1,0.8798366375487271,0.6655326268677041,-0.7106202339653607,0.2782496768170235,0.6655326268677041,0.7726846322082156,True,0.12442943315794366,0.4386997441982742,0.504741832311024,2581.213601725914,0.7493779218013723,0.9951274020507898,0.8081808325313233,0.7593590905585905,0.4262285136248695,0.747654752113389,0.7593590905585905,0.747654752113389,True,0.9311966493912427,0.8900794949451898,0.7653826393700625,0.9234453759146909,0.9234453759146909,0.9234453759146909,0.9234453759146909,True,1.2786372344461312,1.2786372344461312,1.2786372344461312,0.0,0.0,0.0,0.0,True,,,,0.0,0.0,0.0,0.0,True,,,,0.9596008209053883,0.883066665105052,0.9213337430052202,0.9213337430052202,0.9213337430052202,True,0.9907427856606443,0.9907427856606443,0.8622444394225304,Bap1,BAP1,H141R,H141R,targeting guide,Missense,7931,0.0,0.7439162778968604,0.4917412684402976,2.9756651115874417,26891,2.978691755605965,95.45944739875794,0.0185935814956676,92.96790747833847,100785,0.5605992955300888,96.3823981743315,0.9098576177010468,96.82690876618544,96066,1.0065996294214394,98.02219307559386,0.006245706077072,97.26646264026814,82053,0.0024374489659122,95.63331017756816,0.7543904549498495,96.61438338634784,0.004199580041995798,0.9959004099590041,0.02050704020507039,1.0,0.0041995800419957945,0.9959004099590041,0.02050704020507037,1.0,0.02050704020507039,0.02050704020507037,9.635660201063168e-05,0.9999990519675259,0.0005736928943580836,0.9999999999819025,1.1163734305728454e-05,0.9999890219642262,6.86334489447047e-05,1.0,0.0005736928943580836,6.86334489447047e-05,0.006794861944463753,0.9983461184992025,0.04728583616796459,0.99997757850991,0.003670304506284352,0.9963531084874998,0.026539124891594545,1.0,0.04728583616796459,0.026539124891594545,0.2367469305137979,0.7856287664218738,0.6404089631164605,0.9999996088429295,0.20446633203109593,0.7957175167113616,0.5159687304945777,1.0,0.6404089631164605,0.5159687304945777
gRNA_1337,Bap1,0.5155425033775876,-1.3024647571111772,-1.5830638554661625,-0.7899953697332508,-1.3024647571111772,-1.44276430628867,True,-0.8602817460601112,-1.2807462680727082,-1.3396393070528605,2403.1069553432117,-0.1488542652301426,-0.13045429687979274,0.4128907307732902,0.3413048623333317,-0.34791889742008225,0.02539362671532085,-0.13045429687979274,,False,-0.10634782924189844,-0.34906877260516705,,0.2798137164677382,0.2798137164677382,0.2798137164677382,0.2798137164677382,True,0.3331073733983074,0.3331073733983074,0.3331073733983074,0.0,0.0,0.0,0.0,True,,,,0.0,0.0,0.0,0.0,True,,,,-0.3907968141163894,-0.5276854377014237,-0.45924112590890653,-0.45924112590890653,-0.45924112590890653,True,-0.5894380717647874,-0.5894380717647874,-0.5442816430152629,Bap1,BAP1,Y173C,Y173C,targeting guide,Missense,15977,1.370720410590223,1.7650372410339863,0.0,9.438567941415783,22649,51.026535387875846,85.26645768025078,0.0044152059693584,35.99275906221025,69879,64.2796834528256,89.02960832295825,0.0014310450922308,26.575938407819233,44945,63.57993102681054,86.49237957503615,0.0,24.676827233285124,32287,51.91872890017654,84.02452999659306,0.0,34.153064700963235,0.014598540145985401,0.9855014498550145,0.04222346996069623,1.0,0.014598540145985406,0.9855014498550145,0.04222346996069625,1.0,0.04222346996069623,0.04222346996069625,0.11415285904757276,0.9663823574730883,0.25320662081073153,0.9999999999819025,0.05816765391666869,0.9419420902697645,0.1350064066214039,1.0,0.25320662081073153,0.1350064066214039,0.6947609314586013,0.4857598112940794,0.917993927350722,0.99997757850991,0.6066867276506274,0.39345309239798454,0.8498067347381888,1.0,0.917993927350722,0.8498067347381888,0.7748222151301832,0.13250253410173177,0.994149805426301,0.9999996088429295,0.8596551499842338,0.1405388224260834,1.0,0.9382540579490365,0.994149805426301,0.9382540579490365
gRNA_1343,Bap1,0.5770845964932313,2.4531885823001667,0.08765773038454003,1.0393103030593127,0.5770845964932313,1.0393103030593127,True,0.8259771811616655,0.3614223990357859,0.7267100979942991,1391.9216252847875,-0.08704228487728351,0.7111113481664777,0.8140499642498714,0.9491013711006293,0.2475210752516151,0.526948294778262,0.7111113481664777,0.6804459396921484,True,0.6141468205214768,0.822890006404771,0.6820474061602309,0.4490768955166518,0.4490768955166518,0.4490768955166518,0.4490768955166518,True,0.5817641754955677,0.5817641754955677,0.5817641754955677,0.0,0.0,0.0,0.0,True,,,,0.0,0.0,0.0,0.0,True,,,,1.4536087769575863,1.5999830900478782,1.5267959335027323,1.5267959335027323,1.5267959335027323,True,1.6837437846369259,1.6837437846369259,1.47908774291862,Bap1,BAP1,N489S,N490S,targeting guide,Missense,4669,0.085671449989291,0.6639537374170058,0.0214178624973227,7.731848361533519,13680,2.931286549707602,77.69736842105263,0.0219298245614035,90.57748538011695,54316,4.3007585241917665,71.25708815082112,0.3921496428308417,93.91891891891892,104889,1.4100620656122185,83.28328042025379,0.0,89.83020145105779,70912,0.3271660649819494,67.38774819494586,0.0,91.28779332129965,0.008999100089991,0.9911008899110089,0.027964145734186912,1.0,0.008999100089991007,0.9911008899110089,0.027964145734186933,1.0,0.027964145734186912,0.027964145734186933,0.0010833028563982166,0.9997150057408726,0.004242936187559682,0.9999999999819025,0.00029158904518445327,0.9997115718401546,0.001166356180737813,1.0,0.004242936187559682,0.001166356180737813,0.0008954838086373828,0.9998312740184719,0.018828710128035425,0.99997757850991,0.00043683124007132105,0.999571992710599,0.009661679192165689,1.0,0.018828710128035425,0.009661679192165689,0.02620556168340581,0.9598027785061712,0.16152936381902597,0.9999996088429295,0.024223384501398885,0.9759316414972876,0.130114179607514,1.0,0.16152936381902597,0.130114179607514
gRNA_1376,Bcl2,-0.7616067920507716,-1.9788620754367954,-0.8329203240598022,-1.1911297305157897,-0.8329203240598022,-1.1911297305157897,True,-1.230048487040234,-0.8705036988666864,-1.130151262664793,1834.9053368722748,0.4712668538764576,1.1691817006632805,0.8543162024602687,1.3365346242115201,0.8931619643229741,0.9448922691069003,0.8931619643229741,0.9448922691069003,True,1.2145328134733686,1.0764124964026176,1.0099463191054254,-0.1738699339787509,-0.1738699339787509,-0.1738699339787509,-0.1738699339787509,True,-0.3333785470347188,-0.3333785470347188,-0.3333785470347188,0.0,0.0,0.0,0.0,True,,,,0.0,0.0,0.0,0.0,True,,,,-0.09830310232525151,-0.21494995900688027,-0.15662653066606588,-0.15662653066606588,-0.15662653066606588,True,-0.24307091606218303,-0.24307091606218303,-0.23597868116996365,Bcl2,BCL2,N140S,N143S,targeting guide,Missense,2871,0.0,0.3483106931382793,0.487634970393591,5.294322535701846,6017,0.0166195778627222,88.13362140601629,0.9805550939006148,91.90626558085424,15092,0.0397561622051418,84.44208852372118,0.1060164325470447,92.16141001855289,24630,0.0,84.83962647178238,0.0121802679658952,95.83434835566382,21498,0.0,89.42227183924086,0.0,93.12494185505628,0.31666833316668336,0.6834316568343167,0.5363391588769051,1.0,0.31666833316668336,0.6834316568343166,0.5363391588769051,1.0,0.5363391588769051,0.5363391588769051,2.0719857446938842e-05,0.9999997697379023,0.00017706060000111375,0.9999999999819025,2.1718549693879393e-06,0.9999978850336022,1.855948792022421e-05,1.0,0.00017706060000111375,1.855948792022421e-05,0.4583998219367975,0.720203540397345,0.7626474913638756,0.99997757850991,0.3665819951097828,0.633555995414953,0.6471118786914475,1.0,0.7626474913638756,0.6471118786914475,0.9744790253947025,0.06147999993988917,0.9999269884937744,0.8180783335421034,0.963309278752841,0.03677572217008006,1.0,0.5189559880158782,0.8180783335421034,0.5189559880158782
gRNA_1381,Bcl2,1.2868920893945197,0.7308219905696262,1.3374537023738313,1.1183892607793258,1.2868920893945197,1.1183892607793258,True,0.89887237871889,0.9815836213447484,0.7925440405442465,909.6816114359974,0.07150491667602522,-0.40501689912695066,-0.31633773394929454,0.1334445735312759,0.19145577692622395,-0.06498987318854402,0.07150491667602522,,False,-0.23618577563989912,-0.06782170088603777,,0.7410226150788205,0.7410226150788205,0.7410226150788205,0.7410226150788205,True,1.01064829205428,1.01064829205428,1.01064829205428,0.0,0.0,0.0,0.0,True,,,,0.0,0.0,0.0,0.0,True,,,,2.128652949284808,-0.3110423789733524,0.9088052851557278,0.9088052851557278,,False,0.976402940924516,0.976402940924516,,Bcl2,BCL2,Y28C,Y28C,targeting guide,Missense,1669,0.659077291791492,0.7189934092270821,1.5578190533253444,28.699820251647697,17022,80.6603219363177,97.64422512043238,4.840794266243685,12.64246269533545,38967,81.76405676598148,94.37985988143816,1.5679934303384917,13.662842918366824,48129,76.17029233933803,90.23665565459494,5.481102869371896,16.815225747470343,25090,77.06257473096852,90.63770426464728,6.69988043045038,12.626544440015945,0.004199580041995798,0.9959004099590041,0.02050704020507039,1.0,0.0041995800419957945,0.9959004099590041,0.02050704020507037,1.0,0.02050704020507039,0.02050704020507037,0.2257411855053458,0.9348557063173846,0.4375189987113919,0.9999999999819025,0.12129454863881678,0.8788565306290768,0.25478631445919053,1.0,0.4375189987113919,0.25478631445919053,0.01591779633876993,0.8384274136081022,0.08226141994536093,0.99997757850991,0.03321400730974425,0.9672067329580465,0.12243594851435136,1.0,0.08226141994536093,0.12243594851435136,0.029182811643811996,0.9950617145906114,0.17417043139798905,0.9999996088429295,0.012744318315801707,0.98729070469848,0.08299956975750852,1.0,0.17417043139798905,0.08299956975750852
gRNA_1382,Bcl2,0.930026118098409,0.5118171472938828,-0.11337040574777371,0.44282428654817263,0.5118171472938828,0.7209216326961458,True,0.2761347544613775,0.3043980065388684,0.46164867030759843,642.8465728105194,0.7255011736612458,1.0939928276658415,0.5166375659844767,0.8128577816111031,1.383966123222233,0.9065910944289801,0.8128577816111031,0.9065910944289801,True,1.1595123078489828,0.9645814200339751,0.9624549677631389,0.6665046601734267,0.6665046601734267,0.6665046601734267,0.6665046601734267,True,0.9011773694961703,0.9011773694961703,0.9011773694961703,0.0,0.0,0.0,0.0,True,,,,0.0,0.0,0.0,0.0,True,,,,0.16461928494549607,-0.5140051857823374,-0.1746929504184207,-0.1746929504184207,,False,-0.26374941115701117,-0.26374941115701117,,Bcl2,BCL2,Y28C,Y28C,targeting guide,Missense,1309,0.3819709702062643,0.9167303284950344,0.0,31.47440794499618,10191,45.716808949072714,89.81454224315573,8.115003434402905,43.51879109017761,51044,38.66859963952668,91.12726275370268,0.5661781992006896,59.09215578716401,27483,56.09649601571881,88.1781464905578,2.3687370374413272,32.68566022632173,20916,58.46242111302352,90.23713903231976,1.07095046854083,34.32778733983553,0.004199580041995798,0.9959004099590041,0.02050704020507039,1.0,0.0041995800419957945,0.9959004099590041,0.02050704020507037,1.0,0.02050704020507039,0.02050704020507037,3.239528993812956e-05,0.9999996700427164,0.0002436125803347343,0.9999999999819025,3.508087897107813e-06,0.9999965747370022,2.586354998652035e-05,1.0,0.0002436125803347343,2.586354998652035e-05,0.4118086861430472,0.6635360264867013,0.7303776697631403,0.99997757850991,0.36951627459127634,0.6306418306373083,0.6492435478799995,1.0,0.7303776697631403,0.6492435478799995,0.20562461344022498,0.9107465547155076,0.5947296511809583,0.9999996088429295,0.13451797646180075,0.8656135006599968,0.40791100962741134,1.0,0.5947296511809583,0.40791100962741134
gRNA_1383,Bcl2,-0.07099735493294766,0.8260835924769007,0.28810051508754775,0.34772891754383356,0.28810051508754775,0.5570920537822242,True,0.18847558557233013,0.10893602358228695,0.3252590744256128,1475.0152943001165,1.9515606593612274,0.6949765685991101,0.3333366573302757,0.784703831243459,1.397353311143054,1.0323862055354251,0.784703831243459,1.0323862055354251,True,1.340219836439284,0.9253744140310667,1.1184339910942993,0.1734284718778556,0.1734284718778556,0.1734284718778556,0.1734284718778556,True,0.176821671695809,0.176821671695809,0.176821671695809,0.0,0.0,0.0,0.0,True,,,,0.0,0.0,0.0,0.0,True,,,,0.13648894894230537,-0.1842725086603396,-0.02389177985901711,-0.02389177985901711,,False,-0.09114513712532213,-0.09114513712532213,,Bcl2,BCL2,Y28C,Y28C,targeting guide,Missense,342,0.8771929824561403,1.1695906432748535,0.2923976608187134,34.21052631578947,6384,44.78383458646616,95.86466165413536,2.7725563909774436,47.44674185463659,24795,40.83081266384352,93.88989715668482,5.230893325267191,33.89796329905223,21491,63.45912242334,97.58038248569169,0.004653110604439,34.172444279000516,20405,55.128644939965696,98.65719186473903,0.4753736829208527,43.08257779955893,0.054794520547945195,0.9453054694530547,0.13920770085153644,1.0,0.05479452054794521,0.9453054694530547,0.13920770085153647,1.0,0.13920770085153644,0.13920770085153647,3.5408897573303596e-05,0.9999988579241591,0.0002560335670685029,0.9999999999819025,4.581136078948647e-06,0.999995538325157,3.248758835473666e-05,1.0,0.0002560335670685029,3.248758835473666e-05,0.3492663017754646,0.7917268700010032,0.6656457966549912,0.99997757850991,0.27438332642510804,0.7257501598065821,0.5576655715450844,1.0,0.6656457966549912,0.5576655715450844,0.2609252098934769,0.891829905395032,0.6674005368703899,0.9999996088429295,0.1718135508786699,0.8283283230895112,0.48260304652533675,1.0,0.6674005368703899,0.48260304652533675
gRNA_1551,Braf,-1.1158439903868973,-1.4250294827916388,-1.2356259482886987,-1.2588331404890782,-1.2356259482886987,-1.2588331404890782,True,-1.2924576738529179,-1.2223489733250916,-1.1865149595460558,4817.360721208334,-0.6117010254287614,0.3019144461235434,-0.14664202633203174,-0.3182656080586746,-0.7143730754053677,-0.29781345782025836,-0.3182656080586746,-0.44774543380620885,True,-0.5706421325386241,-0.6106135685804782,-0.7168478849294896,-0.00032803892462452495,-0.00032803892462452495,-0.00032803892462452495,-0.00032803892462452495,True,-0.07843607876412541,-0.07843607876412541,-0.07843607876412541,0.0,0.0,0.0,0.0,True,,,,0.0,0.0,0.0,0.0,True,,,,-0.6059352833084044,-0.04390754940882715,-0.32492141635861577,-0.32492141635861577,-0.32492141635861577,True,-0.4356981779093708,-0.4356981779093708,-0.4074370725961675,Braf,BRAF,K638E,K601E,targeting guide,Missense,33738,0.0355682020273875,0.0622443535479281,1.2508151046297944,21.249036694528424,36705,15.371202833401442,54.47486718430732,0.035417518049312,65.79757526222586,117039,18.218713420312888,59.9535197669153,0.1555037209818949,68.50280675672212,59731,17.305921548274767,50.11468081900521,0.0,55.930756223736424,67075,19.25158404770779,52.61572866194558,0.0014908684308609,63.393216548639586,0.12148785121487851,0.8786121387861214,0.26557809335345534,1.0,0.1214878512148786,0.8786121387861214,0.26557809335345556,1.0,0.26557809335345534,0.26557809335345556,0.5357952764098516,0.5786432198411322,0.8090723852614626,0.9999999999819025,0.4837658956933023,0.5165444642709052,0.7050231658165956,1.0,0.8090723852614626,0.7050231658165956,0.5624141285038919,0.5531131842743622,0.8458708492698535,0.99997757850991,0.5048730358541504,0.4952816613484778,0.7780010716441007,1.0,0.8458708492698535,0.7780010716441007,0.9892105050636073,0.06271895150545807,0.9999269884937744,0.8180783335421034,0.9710407038927694,0.029012434221766536,1.0,0.47429022901670514,0.8180783335421034,0.47429022901670514
gRNA_1726,Card11,1.3229034608122536,1.4845725037302646,0.9661723590574801,1.2578827745333327,1.3229034608122536,1.2578827745333327,True,1.0274578777722794,1.01304687911364,0.9086736436061177,726.7235816349996,-1.0216190692355505,-0.643464483732985,0.20678250976090634,-0.6072505795965208,-1.0724761178396423,-0.6276055481287584,-0.643464483732985,-0.8362025626011746,True,-1.0443959458950887,-1.0634833827346846,-1.1985133727416086,-0.3490244734060263,-0.3490244734060263,-0.3490244734060263,-0.3490244734060263,True,-0.5906900774663835,-0.5906900774663835,-0.5906900774663835,0.0,0.0,0.0,0.0,True,,,,0.0,0.0,0.0,0.0,True,,,,0.38336395544407903,0.12008009126314895,0.251722023353614,0.251722023353614,0.251722023353614,True,0.22431740365044323,0.22431740365044323,0.18004576262292374,Card11,CARD11,S116P,S116P,targeting guide,Missense,3046,4.760341431385424,7.813525935653316,1.3460275771503611,18.056467498358504,4840,58.30578512396695,90.02066115702479,1.0330578512396695,33.099173553719005,28181,19.59121393846918,97.83896951846988,0.0,78.6345410028033,56725,18.917584839136182,95.9806081974438,0.001762891141472,77.75936535918908,33876,31.086905183610813,98.5860196008974,0.0088558271342543,67.62014405478804,0.6055394460553944,0.39456054394560547,0.7960938171917075,1.0,0.6055394460553944,0.3945605439456054,0.7960938171917075,1.0,0.7960938171917075,0.7960938171917075,0.8714512605720794,0.07421521076158884,0.9998382435532929,0.8207329190105118,0.9345582754779111,0.06559597588775616,1.0,0.7120066581160548,0.8207329190105118,0.7120066581160548,0.14521136081948446,0.9284020753446472,0.3689153491089605,0.99997757850991,0.10331351049885024,0.8967868970384409,0.271649510122851,1.0,0.3689153491089605,0.271649510122851,0.018756857135587477,0.9975032275420248,0.128228696054198,0.9999996088429295,0.0075745739021554626,0.9924506980572162,0.05696079574420908,1.0,0.128228696054198,0.05696079574420908
gRNA_1977,Cd79a,-0.23288047298249073,0.487561297966264,-0.010428385742525205,0.0814174797470827,-0.010428385742525205,-0.12165442936250796,True,-0.05701101958343976,-0.15188969308717015,-0.2398034689571583,1685.3492865193139,0.4799522090440842,0.03508990911714807,-0.01714179268957685,-0.11081868546766492,-0.7512192585708481,-0.07282752371337153,-0.01714179268957685,,False,-0.24744473828032795,-0.1912705249711129,,1.4851973698572258,1.4851973698572258,1.4851973698572258,1.4851973698572258,True,2.103881420277857,2.103881420277857,2.103881420277857,0.0,0.0,0.0,0.0,True,,,,0.0,0.0,0.0,0.0,True,,,,2.189529886712647,0.6854193901610246,1.4374746384368358,1.4374746384368358,1.4374746384368358,True,1.5815082566683534,1.5815082566683534,1.3880874400331122,Cd79a,CD79A,Non-coding,,targeting guide,Intron,5001,0.4199160167966407,0.4399120175964807,0.2799440111977604,9.378124375124974,23394,92.04069419509275,99.10660853210224,0.0,7.1727793451312305,43310,93.25329023320248,97.16462710690372,0.062341260678827,3.7427845763103207,56322,66.19970881715848,96.61056070452044,0.0,30.533361741415433,34685,85.31930229205709,95.139109124982,0.0,9.848637739656912,9.99900009999001e-05,1.0,0.0053708914822803485,1.0,9.999000099989996e-05,1.0,0.005370891482280341,1.0,0.0053708914822803485,0.005370891482280341,0.16695465081980315,0.863264982276178,0.34491730059475817,0.9999999999819025,0.1257222919078771,0.8744767735512291,0.25973396569979,1.0,0.34491730059475817,0.25973396569979,0.002733680602115539,0.9973359739291908,0.03023129136457184,0.99997757850991,0.0018327212785551534,0.9982025438651635,0.018624410830722637,1.0,0.03023129136457184,0.018624410830722637,0.4544177465529401,0.7793094865539799,0.8334686473361242,0.9999996088429295,0.3289351528562738,0.6712366706210524,0.664268883558094,1.0,0.8334686473361242,0.664268883558094
gRNA_2134,Chek2,0.4549938721997324,0.31584033839114584,-1.312226288957771,-0.18046402612229753,0.31584033839114584,0.38541710529543916,True,-0.29841410148193465,0.13317240161244456,0.18233813791099415,1589.676171479517,0.6174928083231523,0.5966405554862443,1.668231018215506,0.6343169036822908,-0.1774909149995474,0.6678380741415293,0.6174928083231523,0.8791703214267984,True,0.8165381822241213,0.6925174439156683,0.9284547164477551,-0.21590633851467167,-0.21590633851467167,-0.21590633851467167,-0.21590633851467167,True,-0.39513230814390987,-0.39513230814390987,-0.39513230814390987,0.0,0.0,0.0,0.0,True,,,,0.0,0.0,0.0,0.0,True,,,,-0.10050611331669804,-0.9009533566615563,-0.5007297349891272,-0.5007297349891272,-0.5007297349891272,True,-0.6369251782926185,-0.6369251782926185,-0.5865501299400568,Chek2,CHEK2,K201E,K197E,targeting guide,Missense,11296,1.6820113314447591,1.9210339943342776,0.0,1.41643059490085,12851,30.238891915026063,87.54960703447202,0.0,64.41522060540036,50857,50.242837760780226,90.63255795662349,0.0019662976581394,41.06809288790137,58459,31.237277408097984,84.53274944833132,0.0,54.220906960433815,49407,41.12372740704758,92.84716740542838,0.0,52.08168882951808,0.3816618338166183,0.6184381561843815,0.6029615525842373,1.0,0.38166183381661833,0.6184381561843816,0.6029615525842373,1.0,0.6029615525842373,0.6029615525842373,0.00074529605758848,0.9995891702864189,0.003214146281935013,0.9999999999819025,0.00022036417388227278,0.9997825447771751,0.0009105157074696105,1.0,0.003214146281935013,0.0009105157074696105,0.6566185552887371,0.3887043874927307,0.8954560738124527,0.99997757850991,0.6400279325936146,0.36013612849299226,0.8625466044989214,1.0,0.8954560738124527,0.8625466044989214,0.5080409265292278,0.49446177517874734,0.8682881289772257,0.9999996088429295,0.49747865075446585,0.5027641745058667,0.8240175008091594,1.0,0.8682881289772257,0.8240175008091594
gRNA_2265,Crebbp,-0.518283299636493,2.193576423911095,-0.07533316054533554,0.5333199879097554,-0.07533316054533554,-0.2968082300909143,True,0.3595539372506658,-0.2085972157295051,-0.38562058120825476,1491.3054864135006,0.05130946893791099,-0.25824966143956424,0.09794621405063732,-0.6312039108374444,-0.007737080647488674,-0.1495869939871898,-0.007737080647488674,,False,-0.3577114572893445,-0.17817358487301788,,-0.11169137313567051,-0.11169137313567051,-0.11169137313567051,-0.11169137313567051,True,-0.24203486446225364,-0.24203486446225364,-0.24203486446225364,0.0,0.0,0.0,0.0,True,,,,0.0,0.0,0.0,0.0,True,,,,0.24505750661347392,1.4051557551418337,0.8251066308776538,0.8251066308776538,0.8251066308776538,True,0.8806029852245341,0.8806029852245341,0.7642085080923137,Crebbp,CREBBP,C1475R,C1474R,targeting guide,Missense,7091,0.1410238330277816,0.1833309829361162,0.338457199266676,4.47045550698068,12635,70.1226751088247,91.7214087851207,0.0,22.136921250494655,63527,59.82338218395328,95.70733703779494,1.166433170148126,36.453791301336445,16183,78.65661496632268,96.15028115924116,0.0,17.648149292467405,29592,72.44863476615302,93.3022438496891,3.926736955934037,20.982022168153556,0.2392760723927607,0.7608239176082392,0.44538516445385157,1.0,0.23927607239276072,0.7608239176082392,0.4453851644538516,1.0,0.44538516445385157,0.4453851644538516,0.3204076076995654,0.8613461907303812,0.5603407464885423,0.9999999999819025,0.20411613824780456,0.7960875778933648,0.36959715768942564,1.0,0.5603407464885423,0.36959715768942564,0.01657298837937065,0.979863509413374,0.08308591507524486,0.99997757850991,0.013341692428221252,0.986740737578686,0.06869977830326317,1.0,0.08308591507524486,0.06869977830326317,0.07200053215840947,0.7708673926457684,0.30080222323957734,0.9999996088429295,0.11748353709530257,0.8829859494469079,0.38356806066328913,1.0,0.30080222323957734,0.38356806066328913
gRNA_2385,Csf3r,0.17826486306520475,0.45275368064554594,-0.8485435690776176,-0.07250834178895564,0.17826486306520475,0.31550927185537536,True,-0.19890025906677658,0.012972240595354106,0.12413923869460096,5325.509887826737,0.24295866524735696,0.20352087796251989,0.36922252705875463,0.6196154797367809,0.2585943834243875,0.33878238668595995,0.2585943834243875,0.33878238668595995,True,0.3438422282584509,0.19271785928573676,0.2584033802754362,0.16588844872686984,0.16588844872686984,0.16588844872686984,0.16588844872686984,True,0.16574496821547544,0.16574496821547544,0.16574496821547544,0.0,0.0,0.0,0.0,True,,,,0.0,0.0,0.0,0.0,True,,,,-0.2973677950481516,-0.1766947227259621,-0.23703125888705684,-0.23703125888705684,-0.23703125888705684,True,-0.3351007039730965,-0.3351007039730965,-0.3178948089661305,Csf3r,CSF3R,T774A,T773A,targeting guide,Missense,11311,0.450888515604279,0.6100256387587304,0.0,10.370435858898418,27020,68.84529977794227,96.09918578830496,4.071058475203553,22.95336787564767,100540,74.4549433061468,94.25004973145018,1.3885020887209072,19.749353491147804,164531,70.19285119521548,98.09154505837806,1.174246798475667,27.837915043365687,92285,80.70542341658992,97.57598743024327,1.374004442758845,15.58108034891911,0.054794520547945195,0.9453054694530547,0.13920770085153644,1.0,0.05479452054794521,0.9453054694530547,0.13920770085153647,1.0,0.13920770085153644,0.13920770085153647,0.009490954139181246,0.9997129289829094,0.028322212351842447,0.9999999999819025,0.002002496810238958,0.9980063942466008,0.0062744900054154005,1.0,0.028322212351842447,0.0062744900054154005,0.5316714638645047,0.6540752556662066,0.8329519600543906,0.99997757850991,0.4376131243955848,0.5625282541829942,0.7216777840909644,1.0,0.8329519600543906,0.7216777840909644,0.5197526771147924,0.6204387590583877,0.8791562605970186,0.9999996088429295,0.4434916096241224,0.556712248909848,0.7755946289240466,1.0,0.8791562605970186,0.7755946289240466
gRNA_2401,Ctcf,0.0010739618667719743,-3.2459818112213905,0.3594761793232395,-0.9618105566771264,0.0010739618667719743,0.18027507059500575,True,-1.0186614510626673,-0.14184005283380033,0.011555551538718442,1017.2676211082788,-1.1474122384556757,-0.35739129363836913,-0.3381943778535656,-0.34792446148826583,-0.6941798564171319,-0.5770204455706016,-0.35739129363836913,-0.5770204455706016,True,-0.9717292994223459,-0.665099740835507,-0.877141793800652,-0.2639411604376093,-0.2639411604376093,-0.2639411604376093,-0.2639411604376093,True,-0.4656980701471003,-0.4656980701471003,-0.4656980701471003,0.0,0.0,0.0,0.0,True,,,,0.0,0.0,0.0,0.0,True,,,,-0.7735102861534378,-0.25179622531249923,-0.5126532557329685,-0.5126532557329685,-0.5126532557329685,True,-0.650572623032325,-0.650572623032325,-0.5986977818337145,Ctcf,CTCF,T374A,T374A,targeting guide,Missense,6827,0.0878863336751135,0.175772667350227,0.0146477222791855,16.273619452175186,9250,38.0,73.80540540540541,0.0,53.63243243243243,37476,36.25787170455758,74.14878855801047,0.2401536983669548,54.14932223289573,21454,48.96988906497623,76.1303253472546,0.0,27.01127994779528,13601,48.65083449746342,63.789427247996464,0.0220572016763473,35.51209469891919,0.48445155484451563,0.5156484351564844,0.7032964657202235,1.0,0.4844515548445156,0.5156484351564844,0.7032964657202234,1.0,0.7032964657202235,0.7032964657202234,0.924367222562845,0.18968964141237882,0.9998382435532929,0.9999999999819025,0.8819641996780905,0.1182218762668657,1.0,0.8690100948559968,0.9998382435532929,0.8690100948559968,0.7255788143471946,0.3856319461057447,0.947283452064393,0.99997757850991,0.6747577551014675,0.3253890025381809,0.8964979361065435,1.0,0.947283452064393,0.8964979361065435,0.6512860378925638,0.09570001034354723,0.9311161606372774,0.8368186950970642,0.8144566993964266,0.18615482479654694,0.9878571579776012,1.0,0.8368186950970642,0.9878571579776012
gRNA_2474,Ctnnb1,0.6930408365312032,1.632553631092087,-0.3970635241259977,0.6428436478324308,0.6930408365312032,1.162797233811645,True,0.46051314381381947,0.46273376060280264,0.8295140769440743,651.470792164664,0.7002045658724391,-0.8987204301685904,0.26413974108058313,-0.2230097936523019,-0.23621523294794677,-0.07872022996316337,-0.2230097936523019,,False,-0.2559097443822539,-0.47796094830965913,,-0.34485829306593985,-0.34485829306593985,-0.34485829306593985,-0.34485829306593985,True,-0.5845697322965281,-0.5845697322965281,-0.5845697322965281,0.0,0.0,0.0,0.0,True,,,,0.0,0.0,0.0,0.0,True,,,,2.1587640898269047,-0.13566378844767213,1.0115501506896163,1.0115501506896163,,False,1.0940028432341236,1.0940028432341236,,Ctnnb1,CTNNB1,S45P,S45P,targeting guide,Missense,1269,0.0,1.4184397163120568,4.334121355397951,12.76595744680851,4271,2.6925778506204634,97.84593771950362,0.0,92.69491922266448,10799,5.44494860635244,99.2591906658024,0.0185202333549402,93.24937494212428,34511,0.0260786415925357,99.6725681666715,0.0115905073744603,98.39761235548086,35699,3.879660494691728,98.8739180369198,0.0028011989131348,92.04179388778395,0.5951404859514051,0.404959504049595,0.79071668804851,1.0,0.5951404859514049,0.404959504049595,0.7907166880485097,1.0,0.79071668804851,0.7907166880485097,0.13859585823800946,0.7209562431039215,0.294418320324811,0.9999999999819025,0.16500641158388274,0.8353216408027986,0.3181662090027688,1.0,0.294418320324811,0.3181662090027688,0.012775224791492588,0.9078871526670012,0.0738997618707879,0.99997757850991,0.020615416152149332,0.9796671359594955,0.09016278839990195,1.0,0.0738997618707879,0.09016278839990195,0.09297121777144875,0.8877621085658963,0.35670589675576253,0.9999996088429295,0.08299460431555628,0.9171639527843024,0.302970594394652,1.0,0.35670589675576253,0.302970594394652
gRNA_2569,Daxx,3.389869867200472,2.591431962913616,2.687657577325061,2.8896531358130493,2.687657577325061,2.8896531358130493,True,2.531628219453522,2.2054371955194343,2.2671371251247785,381.3006532984773,1.3731437948938907,1.5618427816045142,1.2745800217318484,1.2310293925461877,1.697198771759268,1.427558952507142,1.3731437948938907,1.427558952507142,True,1.907894445121598,1.744832034930617,1.608426476315628,1.3900313362321073,1.3900313362321073,1.3900313362321073,1.3900313362321073,True,1.9640773487575884,1.9640773487575884,1.9640773487575884,0.0,0.0,0.0,0.0,True,,,,0.0,0.0,0.0,0.0,True,,,,1.4093501338285295,1.6989975042430767,1.5541738190358032,1.5541738190358032,1.5541738190358032,True,1.7150800139210143,1.7150800139210143,1.5069802614276293,Daxx,DAXX,N274S,N268S,targeting guide,Missense,1897,0.0527148128624143,2.2667369530838166,0.0,45.12387981022667,28882,0.0,93.57385222630012,0.0415483692265078,99.68146250259676,152610,0.0098289758207194,92.49983618373632,0.0314527226263023,98.38411637507372,76952,0.0064975569185986,98.154693835118,0.0,99.81416987212808,100439,0.0019912583757305,92.57260625852508,0.0,99.55993189896355,9.99900009999001e-05,1.0,0.0053708914822803485,1.0,9.999000099989996e-05,1.0,0.005370891482280341,1.0,0.0053708914822803485,0.005370891482280341,8.754986801144782e-07,0.9999999985836333,2.769960224590558e-05,0.9999999999819025,5.938154500223165e-08,0.999999943580077,1.9361201859582867e-06,1.0,2.769960224590558e-05,1.9361201859582867e-06,0.000864646400324934,0.999818022924901,0.018828710128035425,0.99997757850991,0.0004268573294129811,0.9995823341694068,0.009661679192165689,1.0,0.018828710128035425,0.009661679192165689,3.398886571337624e-05,0.9999984844059715,0.0026015508651064537,0.9999996088429295,8.318510174259391e-06,0.9999920785589685,0.0006548336217186585,1.0,0.0026015508651064537,0.0006548336217186585
gRNA_2658,Dis3,-0.14903934090241192,0.6796571754909492,0.5490693130220348,0.3598957158701907,0.5490693130220348,0.6143632442564919,True,0.19969097324573468,0.3369453505196955,0.3729378548769116,1907.5106658405994,0.7787341178567819,0.5226426616197254,0.44313852921630026,0.5312573583714325,0.5696542117514793,0.5690853757631439,0.5312573583714325,0.5690853757631439,True,0.6746776925069881,0.572426523822045,0.5439664279212965,0.2978338389258859,0.2978338389258859,0.2978338389258859,0.2978338389258859,True,0.3595799118973578,0.3595799118973578,0.3595799118973578,0.0,0.0,0.0,0.0,True,,,,0.0,0.0,0.0,0.0,True,,,,0.08254120389041138,1.7439481935543442,0.9132446987223778,0.9132446987223778,0.9132446987223778,True,0.9814842128599762,0.9814842128599762,0.8540033421651532,Dis3,DIS3,M749T,M749T,targeting guide,Missense,6190,0.0969305331179321,0.1292407108239095,0.0969305331179321,12.132471728594506,16404,31.88856376493538,38.557668861253354,4.352596927578639,24.04291636186296,72400,39.57872928176795,53.267955801104975,1.43232044198895,25.719613259668503,56621,39.31050317020187,46.81478603345048,0.0,21.124671058441212,63188,36.96113186047984,43.60479837943914,0.0,30.877698297145027,0.014598540145985401,0.9855014498550145,0.04222346996069623,1.0,0.014598540145985406,0.9855014498550145,0.04222346996069625,1.0,0.04222346996069623,0.04222346996069625,0.0007841960862642958,0.9999917197284063,0.003313008184667137,0.9999999999819025,0.00010923107689331954,0.9998917617647043,0.0004996828275112505,1.0,0.003313008184667137,0.0004996828275112505,0.013561871141367525,0.9528803499048584,0.07610841118140581,0.99997757850991,0.015575621424677279,0.9845843761001225,0.0771683893986472,1.0,0.07610841118140581,0.0771683893986472,0.2645728190493681,0.8880113261032831,0.6721579727200162,0.9999996088429295,0.17455854874320692,0.8255823480918023,0.48260304652533675,1.0,0.6721579727200162,0.48260304652533675
gRNA_2703,Dnmt3a,1.3881246437511272,0.7129162803015539,0.6597889962435176,0.9202766400987329,0.7129162803015539,0.9202766400987329,True,0.7162516280228233,0.4800990034691074,0.6276135044782037,656.3989175098894,0.6991539673288166,1.0521001691163365,1.0911505334762397,0.6592923137209348,0.6980101769206113,0.8399414321125878,0.6991539673288166,0.8399414321125878,True,1.0637685571369067,0.8062382365408863,0.8798130499491333,0.4534062559316333,0.4534062559316333,0.4534062559316333,0.4534062559316333,True,0.5881242410571668,0.5881242410571668,0.5881242410571668,0.0,0.0,0.0,0.0,True,,,,0.0,0.0,0.0,0.0,True,,,,1.4127848392751698,1.2209683476850954,1.3168765934801328,1.3168765934801328,1.3168765934801328,True,1.4434739302624255,1.4434739302624255,1.2652224657807385,Dnmt3a,DNMT3A,Non-coding,,targeting guide,Intron,1771,0.0,1.2422360248447204,14.963297571993223,12.027103331451157,14896,0.4900644468313641,82.78732545649838,0.0,98.67749731471535,68532,0.428996673087025,93.66865114107276,0.0525302048677989,99.3842292651608,41866,1.2229494100224525,90.57230210672144,0.0023885730664501,95.07237376391345,66177,0.4231077262493011,92.97490064523927,0.0302219804463786,98.55387823564078,0.008999100089991,0.9911008899110089,0.027964145734186912,1.0,0.008999100089991007,0.9911008899110089,0.027964145734186933,1.0,0.027964145734186912,0.027964145734186933,5.310483335859412e-05,0.9999996764306156,0.00035656102397913197,0.9999999999819025,5.551208477811798e-06,0.999994555484581,3.72723997795935e-05,1.0,0.00035656102397913197,3.72723997795935e-05,0.0023516007232053967,0.9994776699044301,0.02763130849766341,0.99997757850991,0.001208144454403215,0.9988062880095977,0.014471853299012415,1.0,0.02763130849766341,0.014471853299012415,0.057093142582650164,0.9874349474442954,0.2555597810842436,0.9999996088429295,0.027980165573522568,0.9720768591108071,0.14611864243950673,1.0,0.2555597810842436,0.14611864243950673
gRNA_2747,Dnmt3a,-1.1765828351695797,0.892003271789511,1.2390471383467703,0.31815585832223386,0.892003271789511,1.0655252050681407,True,0.1612150594287939,0.6365679174373791,0.7485342393659161,1979.7704774784752,-0.0171830678924363,0.7519294035762746,1.0588759720939502,1.1285568837249,-0.06838127324920494,0.5707595836506967,0.7519294035762746,,False,0.6770827300879005,0.8797329617478391,,0.5572000306848155,0.5572000306848155,0.5572000306848155,0.5572000306848155,True,0.740602932836147,0.740602932836147,0.740602932836147,0.0,0.0,0.0,0.0,True,,,,0.0,0.0,0.0,0.0,True,,,,1.2830030376758539,1.2276406735997727,1.2553218556378134,1.2553218556378134,1.2553218556378134,True,1.3730194981179533,1.3730194981179533,1.2025106591107098,Dnmt3a,DNMT3A,Non-coding,,targeting guide,Intron,2873,0.1392272885485555,0.2436477549599721,1.0093978419770275,11.242603550295858,14829,13.129678332996155,64.17155573538336,0.0067435430575224,75.97275608604761,39158,18.8697073394964,60.62873486899228,0.0051075131518463,70.21553705500791,75509,22.413222264895573,41.53677045120449,0.0013243454422651,73.31179064747249,64233,19.547584574906978,60.647953544128406,0.0,71.61272243239456,0.008999100089991,0.9911008899110089,0.027964145734186912,1.0,0.008999100089991007,0.9911008899110089,0.027964145734186933,1.0,0.027964145734186912,0.027964145734186933,0.001072981439851632,0.9993087664097879,0.004242936187559682,0.9999999999819025,0.00038115235724194116,0.9996235508748575,0.0014331328632296988,1.0,0.004242936187559682,0.0014331328632296988,0.003466644305984337,0.9992290958912285,0.03380806650605884,0.99997757850991,0.0018050373644931297,0.9982119410371221,0.018624410830722637,1.0,0.03380806650605884,0.018624410830722637,0.1556337661915773,0.6498545161398521,0.5087862066825564,0.9999996088429295,0.197076606574158,0.803169119958048,0.5075397539170097,1.0,0.5087862066825564,0.5075397539170097
gRNA_2775,Dnmt3a,0.9273790459258059,1.052436037579001,0.3666098865851355,0.7821416566966475,0.9273790459258059,0.7821416566966475,True,0.5889184259299153,0.6674758516982835,0.5126148901359542,2641.885862152942,1.8088417649489452,1.3703701819247351,1.4953525862150667,1.853971918807043,1.9288218416187217,1.6914716587029024,1.8088417649489452,1.6914716587029024,True,2.2870110298659694,2.35158216073305,1.9356637258003508,1.0960752778402016,1.0960752778402016,1.0960752778402016,1.0960752778402016,True,1.532239935283722,1.532239935283722,1.532239935283722,0.0,0.0,0.0,0.0,True,,,,0.0,0.0,0.0,0.0,True,,,,1.841723954033021,0.5202908569667294,1.1810074054998752,1.1810074054998752,1.1810074054998752,True,1.287960531609002,1.287960531609002,1.1267992907709066,Dnmt3a,DNMT3A,M797V,M801V,targeting guide,Missense,4734,0.042247570764681,1.6265314744402195,0.4647232784114913,4.393747359526827,32900,4.310030395136779,99.07598784194528,0.0729483282674772,94.4741641337386,204146,2.5976507009689143,98.80232774582896,0.1234410666875667,96.14589558453264,132846,7.449979675714738,89.11220510967587,0.0037637565301175,80.2432892221068,115404,2.028525874319781,98.35014384250113,0.0,97.06769262763856,0.004199580041995798,0.9959004099590041,0.02050704020507039,1.0,0.0041995800419957945,0.9959004099590041,0.02050704020507037,1.0,0.02050704020507039,0.02050704020507037,5.721498361788625e-07,0.9999999991688401,2.769960224590558e-05,0.9999999999819025,3.7430487300056873e-08,0.999999964629464,1.9361201859582867e-06,1.0,2.769960224590558e-05,1.9361201859582867e-06,0.003863753339352264,0.9943438160472551,0.035433445258450026,0.99997757850991,0.0029267923537981628,0.9971259092433611,0.02445497611173576,1.0,0.035433445258450026,0.02445497611173576,0.08715887784310389,0.9772557863041922,0.3380770192838609,0.9999996088429295,0.04567654012299153,0.9543960519215252,0.20445689388386684,1.0,0.3380770192838609,0.20445689388386684
gRNA_2810,Dnmt3a,-0.5148783536896727,-0.5183653819509377,-0.046766178332543804,-0.360003304657718,-0.5148783536896727,-0.360003304657718,True,-0.4639138950484966,-0.5926293469292382,-0.43823104837198307,2523.5353672726173,1.7310245731963887,1.5024996789335112,1.094701555188388,1.4131073037670931,1.87565356679303,1.5233973355756825,1.5024996789335112,1.5233973355756825,True,2.045568454835313,1.9249721877626513,1.7272608034781458,1.0438389673412938,1.0438389673412938,1.0438389673412938,1.0438389673412938,True,1.4555019583946995,1.4555019583946995,1.4555019583946995,0.0,0.0,0.0,0.0,True,,,,0.0,0.0,0.0,0.0,True,,,,0.2506482901913632,1.3182223050181563,0.7844352976047597,0.7844352976047597,0.7844352976047597,True,0.8340513177047953,0.8340513177047953,0.7227726596324329,Dnmt3a,DNMT3A,K822R,K826R,targeting guide,Missense,4297,0.0,0.4421689550849429,0.0,15.289737025831975,28194,0.2660140455416046,98.15208909697098,0.1737958430871816,98.95367808753636,156360,7.073420312100281,98.54118700434894,0.0121514453824507,91.95894090560246,77513,0.0064505308786913,99.01693909408743,0.8734018809748043,99.02338962496611,88613,0.4152889530881473,99.20666267929084,0.0045140103596537,98.68755148793068,0.004199580041995798,0.9959004099590041,0.02050704020507039,1.0,0.0041995800419957945,0.9959004099590041,0.02050704020507037,1.0,0.02050704020507039,0.02050704020507037,1.0286941722363337e-06,0.9999999980762796,2.769960224590558e-05,0.9999999999819025,7.151327446343878e-08,0.9999999319648212,1.9361201859582867e-06,1.0,2.769960224590558e-05,1.9361201859582867e-06,0.023783624588074325,0.9791319007436642,0.10905662006238959,0.99997757850991,0.017896784538957673,0.9821799211559602,0.08517963274238081,1.0,0.10905662006238959,0.08517963274238081,0.7618193811212468,0.5027114369625691,0.9871922619563838,0.9999996088429295,0.6377206785485325,0.3624503671495626,0.8848201737024216,1.0,0.9871922619563838,0.8848201737024216
gRNA_3011,Egfr,0.6105134090982132,0.7738956597164383,-0.2073718658771711,0.3923457343124935,0.6105134090982132,0.6922045344073258,True,0.2296034881964546,0.390629266380487,0.43774142805940025,3694.63710956979,0.014581998618037063,0.5092252417627728,0.7866391782028586,0.14964573646779541,-0.22214685790584004,0.24758905942912474,0.14964573646779541,0.36502303876286596,True,0.21284094651098448,0.04099669051700424,0.2909403465098806,0.4973340762258023,0.4973340762258023,0.4973340762258023,0.4973340762258023,True,0.6526565946312106,0.6526565946312106,0.6526565946312106,0.0,0.0,0.0,0.0,True,,,,0.0,0.0,0.0,0.0,True,,,,0.5300253795591003,0.31334703749422055,0.42168620852666044,0.42168620852666044,0.42168620852666044,True,0.4188553152883705,0.4188553152883705,0.3532048320142169,Egfr,EGFR,E245G,E245G,targeting guide,Missense,14754,0.0745560525959062,0.4744476074284939,1.7825674393384845,42.747729429307306,32195,1.1057617642491069,75.87824196303774,0.0528032303152663,97.09892840503184,146476,0.5837133728392364,85.39078074223764,0.0177503481799066,98.63458860154564,149370,4.587935997857668,91.51569927026846,0.0140590480016067,92.8024369016536,109704,1.9370305549478597,79.41004885874717,0.1750164077882301,94.43411361481806,0.008999100089991,0.9911008899110089,0.027964145734186912,1.0,0.008999100089991007,0.9911008899110089,0.027964145734186933,1.0,0.027964145734186912,0.027964145734186933,0.0183111094914998,0.9955168149386856,0.051380426632865114,0.9999999999819025,0.007127071869614428,0.9929046661953972,0.01970425752187518,1.0,0.051380426632865114,0.01970425752187518,0.07856081132630352,0.9692905067783422,0.2307723832710166,0.99997757850991,0.051170434563192785,0.94890379119311,0.16168137307361755,1.0,0.2307723832710166,0.16168137307361755,0.23446769105233295,0.8867692473212134,0.6388395060556318,0.9999996088429295,0.15993758845382328,0.8402040713321458,0.45905750579112636,1.0,0.6388395060556318,0.45905750579112636
gRNA_3012,Egfr,0.5218369552000552,1.2687158997725023,1.2371563154744707,1.0092363901490093,1.2371563154744707,1.0092363901490093,True,0.7982549667303981,0.9381293063999085,0.701673295387479,1813.276342301563,-0.22613579147113194,1.0647351535241847,0.8194906919913352,1.0213401118565442,-0.09660435216073537,0.5165651627480393,0.8194906919913352,,False,0.5992312159983357,0.9738183673787918,,0.8948646032901995,0.8948646032901995,0.8948646032901995,0.8948646032901995,True,1.2366505273417985,1.2366505273417985,1.2366505273417985,0.0,0.0,0.0,0.0,True,,,,0.0,0.0,0.0,0.0,True,,,,1.4558976912170813,1.672560673540835,1.5642291823789582,1.5642291823789582,1.5642291823789582,True,1.7265891997153409,1.7265891997153409,1.5172246394247897,Egfr,EGFR,E245G,E245G,targeting guide,Missense,7143,0.0,0.503989920201596,0.0,42.97914041719166,24937,0.3488791755223162,72.59092914143642,0.0080202109315474,93.96880137947628,42048,0.4138127853881278,77.53757610350075,2.951388888888889,92.0400494672755,96710,0.5304518664047151,83.21683383310929,0.011374211560335,97.05511322510598,80939,0.3928884715650057,74.77730142452958,0.018532475073821,97.29302314088388,0.004199580041995798,0.9959004099590041,0.02050704020507039,1.0,0.0041995800419957945,0.9959004099590041,0.02050704020507037,1.0,0.02050704020507039,0.02050704020507037,0.0014114895698656548,0.9972280340271761,0.005254654240291943,0.9999999999819025,0.00073281660664009,0.9992759522591997,0.0025751312532399425,1.0,0.005254654240291943,0.0025751312532399425,0.0006475253789901042,0.9998786305354594,0.0173906816071628,0.99997757850991,0.00031254955067394017,0.9996951076439646,0.008394187932385822,1.0,0.0173906816071628,0.008394187932385822,0.04856230556618527,0.9887613614141038,0.2385465635042246,0.9999996088429295,0.023604815302399208,0.9764465647932112,0.12929109377640954,1.0,0.2385465635042246,0.12929109377640954
gRNA_3031,Eif1ad19,-0.27294834148593144,-0.20501571827825915,0.16393149165432594,-0.10467752270328823,-0.20501571827825915,-0.2389820298820953,True,-0.22855389722304825,-0.321901307782795,-0.3374797501681195,2509.935476071747,-1.075647602478076,0.5291040407404713,0.6392895224667576,0.7235028597716673,-0.9490461333746832,-0.026559462574772576,0.5291040407404713,,False,-0.1809796196641816,0.5694278278599931,,0.37009775304435677,0.37009775304435677,0.37009775304435677,0.37009775304435677,True,0.4657395261306304,0.4657395261306304,0.4657395261306304,0.0,0.0,0.0,0.0,True,,,,0.0,0.0,0.0,0.0,True,,,,0.3243198306952001,-0.11175941542210184,0.10628020763654913,0.10628020763654913,,False,0.057847349588059385,0.057847349588059385,,Eif1ad19,EIF1AX,K7R,K7R,targeting guide,Missense,11097,0.0,0.1712174461566189,0.2703433360367667,3.7757952599801743,14956,0.0066862797539449,91.30115004011768,1.4442364268520995,92.41775875902648,69283,0.0014433555128963,92.00669716957984,0.359395522711199,94.84144739690834,72988,0.0,93.43316709596098,0.0,97.12007453279992,82941,0.001205676324134,90.09416332091487,0.0060283816206701,97.33424964733967,0.008999100089991,0.9911008899110089,0.027964145734186912,1.0,0.008999100089991007,0.9911008899110089,0.027964145734186933,1.0,0.027964145734186912,0.027964145734186933,0.034850466094283945,0.362462903104442,0.08853902196926192,0.9999999999819025,0.1572112945627847,0.8433284082381451,0.3110284003718232,1.0,0.08853902196926192,0.3110284003718232,0.2254225870113519,0.8630954301490257,0.5075382797381336,0.99997757850991,0.17484677409853483,0.8252775046634179,0.3936669883895155,1.0,0.5075382797381336,0.3936669883895155,0.6176294730541374,0.6683750071811074,0.9213348530185991,0.9999996088429295,0.4733014533456816,0.5268755865079918,0.8042102357629562,1.0,0.9213348530185991,0.8042102357629562
gRNA_3084,Ep300,2.334030487310968,3.2629473475031987,1.1218165946587277,2.2395981431576315,2.334030487310968,2.2395981431576315,True,1.9324057653532636,1.8964720034385445,1.7259605052671207,312.79749762001904,0.3114514336358443,0.6245240661493631,1.6442266515562043,0.16609056927656138,-0.26755719429854663,0.4957471052638853,0.3114514336358443,0.6865731801544933,True,0.5693256045248581,0.2663262395618589,0.6896448475442845,0.8459162234182249,0.8459162234182249,0.8459162234182249,0.8459162234182249,True,1.1647426990994267,1.1647426990994267,1.1647426990994267,0.0,0.0,0.0,0.0,True,,,,0.0,0.0,0.0,0.0,True,,,,0.010373365427536417,1.2543252952849862,0.6323493303562613,0.6323493303562613,0.6323493303562613,True,0.659976488776371,0.659976488776371,0.5678278721208048,Ep300,EP300,H350R,H349R,targeting guide,Missense,66,0.0,39.39393939393939,3.0303030303030303,53.03030303030303,6124,0.0,98.0078380143697,0.0979751796211626,99.78772044415416,13604,0.0,98.26521611290798,0.0367538959129667,98.27991767127315,40607,0.0147757775752949,99.65276922698058,0.0,99.7463491516241,19078,1.1164692315756368,99.92661704581192,0.0,98.83111437257574,0.004199580041995798,0.9959004099590041,0.02050704020507039,1.0,0.0041995800419957945,0.9959004099590041,0.02050704020507037,1.0,0.02050704020507039,0.02050704020507037,0.00395876748595285,0.9977561190504939,0.013056987497528698,0.9999999999819025,0.0016480855050188953,0.9983677684658291,0.00529641153749662,1.0,0.013056987497528698,0.00529641153749662,0.03835921354261517,0.9371631512199268,0.1456875181012455,0.99997757850991,0.036988984939665924,0.9631461459533875,0.12888479895452926,1.0,0.1456875181012455,0.12888479895452926,0.000302326474937934,0.999769853727537,0.007578316971777545,0.9999996088429295,0.00012642935799391997,0.9998776814585343,0.002933402999571971,1.0,0.007578316971777545,0.002933402999571971
gRNA_3086,Ep300,-0.021833514905704225,0.38924139599929397,-0.8754486501094251,-0.16934692300527843,-0.021833514905704225,-0.4486410825075646,True,-0.2881663256975296,-0.16185439325329298,-0.5120227945326057,2430.8546272370563,0.5164574062419499,0.06413806868476055,0.4562707495064139,0.18927623783186254,0.026622214089928986,0.2505529352709832,0.18927623783186254,0.2505529352709832,True,0.21709862134206384,0.09618586591119486,0.14900371013160135,1.0295309307213825,1.0295309307213825,1.0295309307213825,1.0295309307213825,True,1.434482675582048,1.434482675582048,1.434482675582048,0.0,0.0,0.0,0.0,True,,,,0.0,0.0,0.0,0.0,True,,,,0.6043815700936175,-0.1328639562689791,0.2357588069123192,0.2357588069123192,,False,0.20604619677028818,0.20604619677028818,,Ep300,EP300,H350R,H349R,targeting guide,Missense,577,0.0,2.079722703639515,0.0,24.090121317157713,14062,0.2702318304650832,96.89233394965154,0.1066704593941118,99.39553406343336,47734,0.1822600243013365,88.23899107554364,0.0104747140403067,99.49930866887334,82484,4.155957519033994,89.40764269434072,0.362494544396489,94.80626545754328,61999,0.6145260407425925,85.69493056339618,0.062904240390974,98.53062146163649,0.004199580041995798,0.9959004099590041,0.02050704020507039,1.0,0.0041995800419957945,0.9959004099590041,0.02050704020507037,1.0,0.02050704020507039,0.02050704020507037,0.020758677525081693,0.9986969733632606,0.05697272079876436,0.9999999999819025,0.00557619042586377,0.9944435176976033,0.015883693940339224,1.0,0.05697272079876436,0.015883693940339224,0.13798166621732014,0.8845227034997138,0.35780073446698185,0.99997757850991,0.11634002816904232,0.8837904743406623,0.2916256706103994,1.0,0.35780073446698185,0.2916256706103994,0.5882110309504196,0.5690925320587219,0.9213348530185991,0.9999996088429295,0.5079247456804269,0.4922779236468876,0.8318258738099584,1.0,0.9213348530185991,0.8318258738099584
gRNA_3107,Ep300,0.8331944394113878,1.5582002026280573,1.4709433273830697,1.287445989807505,1.4709433273830697,1.287445989807505,True,1.0547093297383967,1.1423898143759206,0.9332852858440254,1342.3596314933184,0.5992862066975297,0.5790302777238049,1.3080151004587965,0.5835020706315818,0.4480229566904903,0.7035713224404406,0.5835020706315818,0.7035713224404406,True,0.8678698033960749,0.6451821662969272,0.71072160966076,0.7069031514564476,0.7069031514564476,0.7069031514564476,0.7069031514564476,True,0.9605249470876742,0.9605249470876742,0.9605249470876742,0.0,0.0,0.0,0.0,True,,,,0.0,0.0,0.0,0.0,True,,,,1.6809430097753733,1.3421667130045827,1.5115548613899779,1.5115548613899779,1.5115548613899779,True,1.6662991310064004,1.6662991310064004,1.4635601783268022,Ep300,EP300,Q2287R,Q2290R,targeting guide,Missense,4700,0.4042553191489361,0.7446808510638299,2.8085106382978724,7.085106382978723,15956,30.377287540737026,93.58861870142891,0.1190774630233141,65.14790674354475,66844,28.1266830231584,93.11381724612532,3.1551074142780204,63.16946921189635,66594,28.986094843379284,88.98999909901792,1.741898669549809,64.42322131122924,47944,42.79993325546471,92.64350075087602,0.093859502753212,50.8781077924245,0.004199580041995798,0.9959004099590041,0.02050704020507039,1.0,0.0041995800419957945,0.9959004099590041,0.02050704020507037,1.0,0.02050704020507039,0.02050704020507037,0.00023368588149531405,0.9999964985814819,0.001273418716554175,0.9999999999819025,3.221494553381756e-05,0.999968281424255,0.00017554810899587543,1.0,0.001273418716554175,0.00017554810899587543,0.0011819103864215393,0.9997027672426546,0.02007475680548087,0.99997757850991,0.0006029052364059551,0.9994086014844126,0.010343533013407184,1.0,0.02007475680548087,0.010343533013407184,0.01568804805982502,0.9974099854777303,0.11797412140988416,0.9999996088429295,0.006526780503757073,0.9934977621251334,0.05221424403005658,1.0,0.11797412140988416,0.05221424403005658
gRNA_3522,Erbb3,-0.18071777333300362,-0.6259417696381981,0.2558108225791696,-0.18361624013067743,-0.18071777333300362,-0.4033297714856009,True,-0.3013198208984331,-0.3006721105884212,-0.47430072114306443,2006.1835719760459,1.5521049546445924,1.18126850156644,1.5554758740501893,1.8284868364911742,1.6387542257137668,1.5512180784932326,1.5554758740501893,1.5512180784932326,True,2.0855335826686394,1.9987464884497008,1.761756995503882,1.0188749975065083,1.0188749975065083,1.0188749975065083,1.0188749975065083,True,1.4188285310039948,1.4188285310039948,1.4188285310039948,0.0,0.0,0.0,0.0,True,,,,0.0,0.0,0.0,0.0,True,,,,0.6132066010573058,0.5069334441865218,0.5600700226219137,0.5600700226219137,0.5600700226219137,True,0.5772469092066577,0.5772469092066577,0.4941899015637506,Erbb3,ERBB3,Q807R,Q809R,targeting guide,Missense,2433,0.0411015207562679,0.6576243321002877,1.8906699547883272,44.512946979038226,19185,0.4951785248892363,92.3690383111806,0.0156372165754495,98.75423507948918,105702,0.1428544398403057,90.8005524966415,3.384041929197177,94.7720951353806,60702,1.1844749761128135,89.59507100260288,0.0939013541563704,98.21587427102897,68857,0.2962661748260888,90.66180635229534,2.2249008815370988,96.710574088328,0.004199580041995798,0.9959004099590041,0.02050704020507039,1.0,0.0041995800419957945,0.9959004099590041,0.02050704020507037,1.0,0.02050704020507039,0.02050704020507037,9.685411496779288e-07,0.999999998271811,2.769960224590558e-05,0.9999999999819025,6.676591584845418e-08,0.999999936515748,1.9361201859582867e-06,1.0,2.769960224590558e-05,1.9361201859582867e-06,0.046110620186837606,0.9844653598534753,0.16334649365413578,0.99997757850991,0.0284119551048962,0.9716455009542989,0.11128015749417679,1.0,0.16334649365413578,0.11128015749417679,0.6346428907761095,0.6057896218159553,0.9213348530185991,0.9999996088429295,0.5154665654194689,0.4847189674247661,0.8318258738099584,1.0,0.9213348530185991,0.8318258738099584
gRNA_3523,Erbb3,-0.28587017649087715,-0.19585951438746346,-0.9033475497981556,-0.46169241355883206,-0.28587017649087715,-0.46169241355883206,True,-0.5576511912456726,-0.39254412310348286,-0.522888144853378,1668.9917835830183,1.0866040618834654,0.9360655273685101,1.4309312845708326,1.1541298433463758,1.5404623296548356,1.229638609364804,1.1541298433463758,1.229638609364804,True,1.623577385798584,1.4398346473202246,1.36301612968787,0.93595703643516,0.93595703643516,0.93595703643516,0.93595703643516,True,1.297017543213978,1.297017543213978,1.297017543213978,0.0,0.0,0.0,0.0,True,,,,0.0,0.0,0.0,0.0,True,,,,0.8795208357379642,1.7560612524396537,1.317791044088809,1.317791044088809,1.317791044088809,True,1.4445205937787822,1.4445205937787822,1.266154105680294,Erbb3,ERBB3,Q807R,Q809R,targeting guide,Missense,5326,0.0563274502440856,0.244085617724371,0.4130679684566278,34.416072099136315,19286,2.136264647931142,98.1385460956134,0.0155553251062947,96.42746033392098,73878,2.2117545141990846,97.22515498524594,0.0257180757465009,95.174476840196,45544,4.973212717372212,98.92411733708065,0.0,94.04531881257684,97377,6.421434219579572,99.0798648551506,0.64183534099428,92.46742043809112,0.004199580041995798,0.9959004099590041,0.02050704020507039,1.0,0.0041995800419957945,0.9959004099590041,0.02050704020507037,1.0,0.02050704020507039,0.02050704020507037,2.9622504674169795e-06,0.9999999926884734,4.6408590656199346e-05,0.9999999999819025,2.2697582994002808e-07,0.9999997816912051,3.55595466906044e-06,1.0,4.6408590656199346e-05,3.55595466906044e-06,0.0018048304798487145,0.9993762458614641,0.02513393557122654,0.99997757850991,0.0009780854689215373,0.9990381902005729,0.013206702012616926,1.0,0.02513393557122654,0.013206702012616926,0.8163360980800874,0.4009385652337448,0.9999269884937744,0.9999996088429295,0.718116382130975,0.2820489237609909,0.9507456326804457,1.0,0.9999269884937744,0.9507456326804457
gRNA_3524,Erbb3,0.3818814734271059,0.4908372421187307,0.6101904578311433,0.49430305779232664,0.4908372421187307,0.49430305779232664,True,0.3235880253192468,0.28606779198426113,0.2729866713243556,1571.5429832116897,0.2848601277956313,0.3514510997296478,0.6229839213091889,0.858779599050258,-0.037504861666499,0.41611397724364546,0.3514510997296478,0.5295186869711815,True,0.45493081102389393,0.32202951132923446,0.49490590863771305,0.23459351450513,0.23459351450513,0.23459351450513,0.23459351450513,True,0.26667644096872656,0.26667644096872656,0.26667644096872656,0.0,0.0,0.0,0.0,True,,,,0.0,0.0,0.0,0.0,True,,,,0.28184107981097967,0.1744602843025031,0.22815068205674138,0.22815068205674138,0.22815068205674138,True,0.19733807558947702,0.19733807558947702,0.15603134147228304,Erbb3,ERBB3,Q807R,Q809R,targeting guide,Missense,7545,0.145791915175613,0.2385685884691849,0.1192842942345924,36.76607024519549,15946,58.62912329110749,95.9989966135708,0.0689828170073999,40.317320958234035,75730,59.96566750297107,96.667106826885,0.0026409613099168,38.05493199524627,40991,55.4560757239394,91.52252933570784,0.0,42.45078187894904,47035,60.92484320187095,93.28159880939724,0.0361432975443818,36.815137663442115,0.01869813018698131,0.9814018598140186,0.05326134053261342,1.0,0.018698130186981285,0.9814018598140186,0.053261340532613353,1.0,0.05326134053261342,0.053261340532613353,0.004013370553856047,0.999643691960163,0.013121976767390206,0.9999999999819025,0.0009838376246269372,0.999022785436498,0.0032736543969887465,1.0,0.013121976767390206,0.0032736543969887465,0.15788543811131273,0.929994911432818,0.382308130065014,0.99997757850991,0.109369127230662,0.8907285944808534,0.2816629577995131,1.0,0.382308130065014,0.2816629577995131,0.21122579564758445,0.9431755686019754,0.5990640460281687,0.9999996088429295,0.11935495504682136,0.8807548747255283,0.38356806066328913,1.0,0.5990640460281687,0.38356806066328913
gRNA_3525,Erbb3,-0.9499217787275965,-0.441743082154732,0.8675367268086087,-0.1747093780245733,-0.441743082154732,-0.6958324304411643,True,-0.2931094512683956,-0.5287308112803418,-0.7178118118376,2211.745269000811,-0.4026823072037192,0.6781173291529606,0.8715143633140746,0.8033863502165058,-0.17936831325252278,0.35419348444545984,0.6781173291529606,,False,0.3659806195241197,0.7769427526577549,,-0.005296211650650061,-0.005296211650650061,-0.005296211650650061,-0.005296211650650061,True,-0.08573459430224692,-0.08573459430224692,-0.08573459430224692,0.0,0.0,0.0,0.0,True,,,,0.0,0.0,0.0,0.0,True,,,,0.7695576217921235,-0.12961358184095428,0.3199720199755846,0.3199720199755846,,False,0.30243510708670407,0.30243510708670407,,Erbb3,ERBB3,Q807R,Q809R,targeting guide,Missense,4800,0.125,0.2708333333333333,1.3541666666666667,27.979166666666664,12546,47.337796907380834,76.91694564004463,6.137414315319624,35.46150167384027,27490,52.23353946889778,73.77228082939251,6.82066205893052,27.144416151327754,47024,46.38482477033005,70.2705001701259,0.0,37.15762164001361,42054,34.774337756218195,55.57378608455795,0.0,44.41908023018025,0.12148785121487851,0.8786121387861214,0.26557809335345534,1.0,0.1214878512148786,0.8786121387861214,0.26557809335345556,1.0,0.26557809335345534,0.26557809335345556,0.0051047553683570505,0.9859693322619446,0.01612931107985085,0.9999999999819025,0.0036659125284638086,0.99636201486779,0.010768618052362438,1.0,0.01612931107985085,0.010768618052362438,0.0972370660291731,0.8982917894412539,0.2708232357553266,0.99997757850991,0.08661154666373377,0.9135235078520946,0.24122919663380665,1.0,0.2708232357553266,0.24122919663380665,0.4905619988629305,0.489851783765189,0.8464485958384975,0.9999996088429295,0.5079924071327537,0.4922567261023283,0.8318258738099584,1.0,0.8464485958384975,0.8318258738099584
gRNA_3570,Erbb3,0.612091250976346,0.932546941177181,0.8815169140419968,0.8087183687318412,0.8815169140419968,0.8087183687318412,True,0.6134169111159008,0.6274059509840721,0.534740241604119,1689.711081940931,0.26127661836066096,0.6783726668449558,0.9488338179964291,0.6717572369968109,0.3546913058802556,0.5829863292158225,0.6717572369968109,0.5829863292158225,True,0.6946467272444093,0.7680857301763987,0.5612028461242741,0.6909679866974453,0.6909679866974453,0.6909679866974453,0.6909679866974453,True,0.9371153246752214,0.9371153246752214,0.9371153246752214,0.0,0.0,0.0,0.0,True,,,,0.0,0.0,0.0,0.0,True,,,,0.4296179714703319,0.43141096955700503,0.4305144705136685,0.4305144705136685,0.4305144705136685,True,0.42895998321353646,0.42895998321353646,0.3621990423442133,Erbb3,ERBB3,K329E,K329E,targeting guide,Missense,11680,0.0,0.136986301369863,0.0,20.034246575342465,30176,0.0,58.91105514316013,0.2750530222693531,95.7283934252386,137312,0.0,70.13152528548125,0.0284024702866464,96.72133535306456,98255,0.0,78.2016182382576,0.0,97.31107831662511,92770,0.0021558693543171,67.01304300959362,0.0,98.96626064460494,0.004199580041995798,0.9959004099590041,0.02050704020507039,1.0,0.0041995800419957945,0.9959004099590041,0.02050704020507037,1.0,0.02050704020507039,0.02050704020507037,0.0007088585227439289,0.9999802904659031,0.0030991954017641544,0.9999999999819025,0.00011637708858196473,0.9998848556523101,0.000520926015557366,1.0,0.0030991954017641544,0.000520926015557366,0.07091818591647706,0.9744262262242054,0.2192250609608563,0.99997757850991,0.04513166059859946,0.9549373264195365,0.1490182831071766,1.0,0.2192250609608563,0.1490182831071766,0.07961577202045597,0.9845771308632192,0.3218874223622736,0.9999996088429295,0.038485779484946366,0.9615766514089871,0.1808831635792479,1.0,0.3218874223622736,0.1808831635792479
gRNA_3579,Erbb3,1.8740830573913605,1.6664721369077886,1.3315596681649648,1.6240382874880381,1.6664721369077886,1.6240382874880381,True,1.364981022020111,1.3132240007210474,1.2135013967683992,682.4084679430238,0.9513647472695722,0.6665156467638756,0.6952958039491911,1.166527415248277,1.6935486623816363,1.0346504551225104,0.9513647472695722,1.0346504551225104,True,1.3434724822964634,1.1574653089058242,1.1212415361257806,1.0435398618755203,1.0435398618755203,1.0435398618755203,1.0435398618755203,True,1.4550625562221364,1.4550625562221364,1.4550625562221364,0.0,0.0,0.0,0.0,True,,,,0.0,0.0,0.0,0.0,True,,,,0.13743658739569437,0.8271978272030568,0.48231720729937555,0.48231720729937555,0.48231720729937555,True,0.4882524525132323,0.4882524525132323,0.4149755357248768,Erbb3,ERBB3,H228R,H228R,targeting guide,Missense,1336,1.946107784431138,2.9940119760479043,0.0,48.12874251497006,14117,44.00368350216052,95.45229156336332,0.2408443720337182,52.149890203300984,54635,31.31143040175712,97.24535554131968,0.2745492815960465,65.84606936945183,59002,46.41029117657028,99.7050947425511,0.0016948578014304,53.39818989186808,23286,35.61796787769475,98.99080992871254,0.0128832775057974,63.83664004122649,0.004199580041995798,0.9959004099590041,0.02050704020507039,1.0,0.0041995800419957945,0.9959004099590041,0.02050704020507037,1.0,0.02050704020507039,0.02050704020507037,1.857505236820796e-05,0.9999998790960064,0.00016629094501062364,0.9999999999819025,1.8193188979377395e-06,0.9999982284228532,1.668448550303878e-05,1.0,0.00016629094501062364,1.668448550303878e-05,0.05841604909660219,0.9545996498446557,0.1926704777221265,0.99997757850991,0.045181075197388655,0.954916023001725,0.1490182831071766,1.0,0.1926704777221265,0.1490182831071766,0.003877334314419987,0.9996137960414653,0.04417811218854288,0.9999996088429295,0.0013461713468866324,0.9986630271786199,0.014999113568665946,1.0,0.04417811218854288,0.014999113568665946
gRNA_3580,Erbb3,1.136157620363297,1.5263005321700454,0.4792850924077966,1.047247748313713,1.136157620363297,1.047247748313713,True,0.8332939397103525,0.849886402741992,0.7333180924587899,1445.7203269701654,1.6215026699163249,1.5466654255587808,1.487622679774283,1.415137317391843,1.1987225876856105,1.4539301360653685,1.487622679774283,1.4539301360653685,True,1.9457772480770792,1.9042545766379455,1.6411252944121302,0.860943129284526,0.860943129284526,0.860943129284526,0.860943129284526,True,1.186818039874228,1.186818039874228,1.186818039874228,0.0,0.0,0.0,0.0,True,,,,0.0,0.0,0.0,0.0,True,,,,0.5016493220856536,-0.07954328432238951,0.21105301888163205,0.21105301888163205,,False,0.17776840163382573,0.17776840163382573,,Erbb3,ERBB3,H228R,H228R,targeting guide,Missense,2836,0.0352609308885754,0.4231311706629055,5.994358251057828,37.9407616361072,19274,6.9575594064542905,94.60412991594896,0.0155650098578395,92.64812701048044,95658,8.963181333500597,85.16172196784377,0.1296284680842166,90.40017562566644,66986,6.555101065894366,69.96536589735169,0.0134356432687427,91.70125100767324,83894,10.398836627172384,90.73354471118316,0.0,89.11483538751281,0.004199580041995798,0.9959004099590041,0.02050704020507039,1.0,0.0041995800419957945,0.9959004099590041,0.02050704020507037,1.0,0.02050704020507039,0.02050704020507037,1.0407906884396441e-06,0.9999999981375063,2.769960224590558e-05,0.9999999999819025,7.207712124028075e-08,0.9999999313996131,1.9361201859582867e-06,1.0,2.769960224590558e-05,1.9361201859582867e-06,0.15849353062213653,0.8931697393158002,0.382308130065014,0.99997757850991,0.12495977003636388,0.8751605732457421,0.30509658138748585,1.0,0.382308130065014,0.30509658138748585,0.03658975175373874,0.9893788881139249,0.20231980381479067,0.9999996088429295,0.018457893953316373,0.9815911552150615,0.1084401269757337,1.0,0.20231980381479067,0.1084401269757337
gRNA_3677,Ercc2,-0.7763824985395474,-0.3515885322215992,-0.7590949039123575,-0.6290219782245013,-0.7590949039123575,-0.6290219782245013,True,-0.7118960374746137,-0.8060021780261912,-0.6621915103088323,6858.374762631529,0.030168906077345074,0.29019740614685685,0.5905565512365676,-0.011342613128443245,0.2033902355383286,0.220594097174131,0.2033902355383286,0.27857827474977453,True,0.17406207131796872,0.1158409262340406,0.18375359064744373,0.02992487683479503,0.02992487683479503,0.02992487683479503,0.02992487683479503,True,-0.033992902586504385,-0.033992902586504385,-0.033992902586504385,0.0,0.0,0.0,0.0,True,,,,0.0,0.0,0.0,0.0,True,,,,-0.38874851376330516,0.04622892104368465,-0.17125979635981026,-0.17125979635981026,,False,-0.2598198855324606,-0.2598198855324606,,Ercc2,ERCC2,I80T,I80T,targeting guide,Missense,27688,0.0072233458537994,0.4984108639121641,0.1444669170759896,7.844553597226235,36970,7.963213416283472,44.00054097917231,0.0270489586150933,80.11090073032189,177651,14.038761391717468,48.88348503526577,0.0591046490028201,73.8515403797333,146892,5.797456634806525,31.738283909266674,0.0013615445361217,68.97788851673339,142302,2.2831724079774003,46.32331239195514,0.0035136540596759,85.20821913957639,0.10818918108189182,0.8919108089191081,0.24505501257103207,1.0,0.10818918108189196,0.8919108089191081,0.2450550125710324,1.0,0.24505501257103207,0.2450550125710324,0.0272670081678639,0.9981340426191809,0.07219996528955511,0.9999999999819025,0.007731401018543796,0.9922937918846958,0.02121902761293772,1.0,0.07219996528955511,0.02121902761293772,0.4535555462836056,0.6937321936155858,0.7579417129006031,0.99997757850991,0.3771140023375687,0.6230304902333482,0.6595109994368643,1.0,0.7579417129006031,0.6595109994368643,0.8904562698495364,0.3127952253001665,0.9999269884937744,0.9999996088429295,0.8033135864695773,0.1968254038501835,0.9788126948284221,1.0,0.9999269884937744,0.9788126948284221
gRNA_3686,Ercc2,0.608645883095075,0.03174453750349997,-1.3579152295775305,-0.23917493632631856,0.03174453750349997,0.32019521029928744,True,-0.3525339776345699,-0.1150430665156552,0.12804032453593628,2488.4042880326147,-0.5039986715529899,0.012371700987829866,0.48191499868250864,0.10634316826302356,-0.5921590599437436,-0.09910557271267431,0.012371700987829866,,False,-0.28519375133076874,-0.15017022790208348,,0.3733894707345944,0.3733894707345944,0.3733894707345944,0.3733894707345944,True,0.47057523817893676,0.47057523817893676,0.47057523817893676,0.0,0.0,0.0,0.0,True,,,,0.0,0.0,0.0,0.0,True,,,,0.02496099450696125,0.4968414892817647,0.260901241894363,0.260901241894363,0.260901241894363,True,0.2348237700567974,0.2348237700567974,0.18939752657623607,Ercc2,ERCC2,Y14C,Y14C,targeting guide,Missense,13295,0.1203459947348627,0.3610379842045881,0.4663407295975931,8.07822489657766,23524,34.046080598537664,87.10253358272404,3.4050331576262542,55.37323584424417,77460,43.625096824167315,93.55409243480506,0.2917634908339788,52.01265169119546,50324,48.17383355854066,91.342103171449,0.0,46.47285589380812,65273,53.02345533375209,93.11353852281954,1.512110673632283,40.68604170177562,0.008999100089991,0.9911008899110089,0.027964145734186912,1.0,0.008999100089991007,0.9911008899110089,0.027964145734186933,1.0,0.027964145734186912,0.027964145734186933,0.20884760065459412,0.8144437832977045,0.41113454369700203,0.9999999999819025,0.17697085565389953,0.8232754155338982,0.33777178541048847,1.0,0.41113454369700203,0.33777178541048847,0.14730949478665192,0.9118716545069779,0.371734027112625,0.99997757850991,0.11122431298996954,0.8888866770189416,0.28371923999982634,1.0,0.371734027112625,0.28371923999982634,0.5214144843434445,0.4535666477140631,0.8791562605970186,0.9999996088429295,0.5290331487005824,0.4712197701640608,0.8428663725060127,1.0,0.8791562605970186,0.8428663725060127
gRNA_3698,Ercc2,1.8564214838541373,0.22990559737916869,1.1524983242107167,1.079608468481341,1.1524983242107167,1.079608468481341,True,0.8631241392694484,0.8641633313074867,0.7602586826463029,2397.775872050124,0.1337795193965068,0.8813359348490329,1.0907760961133488,0.6954508050937859,0.477207679969939,0.6557100070845228,0.6954508050937859,0.6557100070845228,True,0.7991159389813407,0.8010812371826203,0.6513762093594422,0.4563678114081703,0.4563678114081703,0.4563678114081703,0.4563678114081703,True,0.5924749268836247,0.5924749268836247,0.5924749268836247,0.0,0.0,0.0,0.0,True,,,,0.0,0.0,0.0,0.0,True,,,,0.027137219955773974,-0.22454060183589789,-0.09870169094006195,-0.09870169094006195,,False,-0.17677119920839104,-0.17677119920839104,,Ercc2,ERCC2,T49A,T49A,targeting guide,Missense,20406,0.166617661472116,0.74487895716946,0.3038322062138587,10.962462020974224,48298,6.853285850345769,75.98451281626568,3.105718663298687,84.88550250527972,178766,1.7089379412192476,77.23001018090689,1.30393922781737,88.99231397469318,173205,2.907537311278543,84.84166161484946,0.0011547010767587,92.26061603302446,115683,0.8445493287691364,80.06794429605041,0.0008644312474607,94.93270402738518,0.008999100089991,0.9911008899110089,0.027964145734186912,1.0,0.008999100089991007,0.9911008899110089,0.027964145734186933,1.0,0.027964145734186912,0.027964145734186933,0.00035489481730845417,0.999979731508275,0.0017557954119470892,0.9999999999819025,6.117999315066731e-05,0.9999396440617666,0.0003067156989953455,1.0,0.0017557954119470892,0.0003067156989953455,0.41539801792868736,0.7491036956272915,0.7326481732398858,0.99997757850991,0.3298791112687035,0.6702575983846302,0.6154883865863764,1.0,0.7326481732398858,0.6154883865863764,0.028625520666858254,0.9823780732307482,0.17359993178610814,0.9999996088429295,0.017495591748348353,0.982566100993609,0.10610229834482228,1.0,0.17359993178610814,0.10610229834482228
gRNA_3703,Ercc2,-2.1682003138630153,0.6436254279416845,-0.10830497679220145,-0.5442932875711775,-0.10830497679220145,-1.1382526453276083,True,-0.6337929007867622,-0.23740480380077744,-1.0861306143298386,1725.1713838141147,0.9701875619547545,0.32241952035734656,1.2173591218698758,0.16209890738164795,0.5243654032430037,0.6392861029613257,0.5243654032430037,0.6392861029613257,True,0.7755226284162298,0.562828832465644,0.6310114710012625,0.0888174500290376,0.0888174500290376,0.0888174500290376,0.0888174500290376,True,0.05252348567964869,0.05252348567964869,0.05252348567964869,0.0,0.0,0.0,0.0,True,,,,0.0,0.0,0.0,0.0,True,,,,-0.8987567472214177,0.09892685672187947,-0.3999149452497691,-0.3999149452497691,,False,-0.5215344055945734,-0.5215344055945734,,Ercc2,ERCC2,T484A,T484A,targeting guide,Missense,2285,0.087527352297593,0.175054704595186,11.2472647702407,23.588621444201312,4525,78.20994475138122,88.46408839779005,0.0,13.12707182320442,15433,73.14844813062918,82.39486813970063,0.0,16.639668243374587,15068,71.25033182904168,78.76957791345899,0.0,8.76028670029201,15236,67.41927014964557,84.3462851142032,0.0065634024678393,20.91756366500394,0.07719228077192282,0.9229077092290771,0.18486813739008268,1.0,0.07719228077192282,0.922907709229077,0.18486813739008268,1.0,0.18486813739008268,0.18486813739008268,0.0005418937004626656,0.9999627436058279,0.0024548437514935214,0.9999999999819025,0.0001053291444796711,0.9998960673371785,0.0004889352879550165,1.0,0.0024548437514935214,0.0004889352879550165,0.5554754496987293,0.4262849390078156,0.8421724559948477,0.99997757850991,0.5690413398566226,0.4311403612554795,0.8229213222541927,1.0,0.8421724559948477,0.8229213222541927,0.5594956945407592,0.18211123266185822,0.9145980858945977,0.9999996088429295,0.710486612935469,0.289946614795127,0.9449021660052317,1.0,0.9145980858945977,0.9449021660052317
gRNA_3905,Etv6,0.6809009625406316,0.2538481312700015,-1.0813692611321275,-0.0488733891071648,0.2538481312700015,0.46737454690531655,True,-0.17711349562592793,0.07900959926622342,0.2505684441523705,1897.7389350238993,0.45673097153011954,0.5217133153842965,1.2376826897055146,0.5376625492548704,0.37689135625421366,0.626136176425803,0.5217133153842965,0.626136176425803,True,0.7566324608693561,0.5591355523668031,0.6147062848946917,0.13290851279885046,0.13290851279885046,0.13290851279885046,0.13290851279885046,True,0.11729565131552515,0.11729565131552515,0.11729565131552515,0.0,0.0,0.0,0.0,True,,,,0.0,0.0,0.0,0.0,True,,,,0.3778582463167818,0.318242963145943,0.3480506047313624,0.3480506047313624,0.3480506047313624,True,0.3345733439427578,0.3345733439427578,0.2781850705610738,Etv6,ETV6,Non-coding,,targeting guide,Intron,4982,0.2007226013649136,0.2408671216378964,0.0,3.412284223203533,9069,93.39508214797662,95.04906825449332,0.0,1.742198698864263,43905,93.588429563831,95.14633868579888,0.0979387313517822,1.4941350643434688,30155,93.25484994196653,96.05040623445532,0.0,3.342729232299784,27557,91.53028268679464,92.69514098051312,0.0,2.0031208041513953,0.06359364063593642,0.9365063493650635,0.15628241097458886,1.0,0.0635936406359364,0.9365063493650635,0.15628241097458878,1.0,0.15628241097458886,0.15628241097458878,0.0005241583701618952,0.9999896078918677,0.0024034578924496657,0.9999999999819025,8.136824936616363e-05,0.9999196562181826,0.00038727166786933575,1.0,0.0024034578924496657,0.00038727166786933575,0.09825571278508141,0.9616343560834075,0.27164814711169566,0.99997757850991,0.06457108144051742,0.9355087045066329,0.18675943555103497,1.0,0.27164814711169566,0.18675943555103497,0.428864600507589,0.5762562324948697,0.8160198047161652,0.9999996088429295,0.41352200214621115,0.5867125970553722,0.7621778078773305,1.0,0.8160198047161652,0.7621778078773305
gRNA_3906,Etv6,1.284113649875112,1.7457903630521678,2.5611486376282158,1.8636842168518317,1.7457903630521678,1.8636842168518317,True,1.5858872892297684,1.382524604855298,1.413008785344817,145.63550268844108,-0.5080689296832003,0.714047879129331,0.47536763501465223,-1.2922192514703894,0.0278694964192337,-0.11660063411807456,0.0278694964192337,,False,-0.310325803612437,-0.12858809997416026,,-0.6044842007191251,-0.6044842007191251,-0.6044842007191251,-0.6044842007191251,True,-0.9659742899882149,-0.9659742899882149,-0.9659742899882149,0.0,0.0,0.0,0.0,True,,,,0.0,0.0,0.0,0.0,True,,,,0.1916828790006666,-0.8062353216742385,-0.30727622133678595,-0.30727622133678595,,False,-0.41550180897143363,-0.41550180897143363,,Etv6,ETV6,Y397H,Y401H,targeting guide,Missense,222,0.4504504504504504,1.8018018018018016,0.9009009009009008,72.07207207207207,1215,16.049382716049383,74.48559670781893,0.0,73.25102880658436,1931,9.269808389435523,47.38477472812014,0.0,64.68151216986018,3679,12.612122859472684,70.725740690405,0.0,77.79287849959228,3737,14.503612523414503,76.29114262777628,0.0,76.82633128177683,0.905009499050095,0.09509049095090491,0.9612530272396489,1.0,0.905009499050095,0.09509049095090494,0.9612530272396489,1.0,0.9612530272396489,0.9612530272396489,0.09036982557565143,0.4410175268903036,0.20974724948422802,0.9999999999819025,0.20929289608274532,0.7912652241174114,0.3747339472719631,1.0,0.20974724948422802,0.3747339472719631,0.4717790968337854,0.47548350408405016,0.774624193927962,0.99997757850991,0.49809214639497645,0.5020986391318611,0.7738952357211205,1.0,0.774624193927962,0.7738952357211205,0.0013969313335669847,0.9997596774344658,0.02100984725684745,0.9999996088429295,0.0005038718816662729,0.9995026361718756,0.007565329286217579,1.0,0.02100984725684745,0.007565329286217579
gRNA_3909,Etv6,1.2994881688151347,0.9136164624748441,1.087198192485186,1.1001009412583882,1.087198192485186,1.1001009412583882,True,0.8820141562169133,0.8071103839762118,0.7773188502864369,2074.276044946848,-0.31719199155338407,0.05911390234347746,0.28453102240636396,-0.08207198386716387,-0.5890231146247549,-0.12892843305909227,-0.08207198386716387,,False,-0.32803496623406214,-0.2816918819042169,,0.5914754981152807,0.5914754981152807,0.5914754981152807,0.5914754981152807,True,0.790955455868846,0.790955455868846,0.790955455868846,0.0,0.0,0.0,0.0,True,,,,0.0,0.0,0.0,0.0,True,,,,1.4662379991458558,-0.2782165993606946,0.5940106998925806,0.5940106998925806,,False,0.6160947904181605,0.6160947904181605,,Etv6,ETV6,Y350C,Y354C,targeting guide,Missense,7328,0.0955240174672489,0.6413755458515285,0.0,13.98744541484716,23799,26.98012521534518,91.07945712004704,0.1848817177192319,72.01563090886171,59503,16.07313916945364,91.84915046300186,1.514209367594911,81.7639446750584,117159,18.864107751005044,95.30637851125394,0.0520659957835078,78.1587415392757,85221,20.37643303880499,94.04372161791107,0.0,78.67779068539444,0.004199580041995798,0.9959004099590041,0.02050704020507039,1.0,0.0041995800419957945,0.9959004099590041,0.02050704020507037,1.0,0.02050704020507039,0.02050704020507037,0.2906699444068726,0.8581636418515863,0.522927746875522,0.9999999999819025,0.19513688407103585,0.8050746626637645,0.35966406083681124,1.0,0.522927746875522,0.35966406083681124,0.028938700244255593,0.8527466650345266,0.12364717377091025,0.99997757850991,0.04567063247597614,0.9546180734360312,0.1493231113997133,1.0,0.12364717377091025,0.1493231113997133,0.0304438414138443,0.9957695663200665,0.17885756830633526,0.9999996088429295,0.012803125122168867,0.9872304226946723,0.08299956975750852,1.0,0.17885756830633526,0.08299956975750852
gRNA_4033,Fat1,0.17476610113526078,0.8547144140050951,-0.24299323016288366,0.2621624283258241,0.17476610113526078,0.5147402575701779,True,0.10960016389683194,0.009915360389464438,0.29000082369622426,3783.6152062850565,1.3184149276627375,1.343159269264426,1.0186285550517387,1.4320015467587996,1.08265367538682,1.2389715948249043,1.3184149276627375,1.2389715948249043,True,1.6369844309693367,1.6686169745911554,1.3745885186624982,1.1871552146045807,1.1871552146045807,1.1871552146045807,1.1871552146045807,True,1.6660413086143415,1.6660413086143415,1.6660413086143415,0.0,0.0,0.0,0.0,True,,,,0.0,0.0,0.0,0.0,True,,,,0.7771744351830465,1.402642512630447,1.0899084739067466,1.0899084739067466,1.0899084739067466,True,1.1836903532385998,1.1836903532385998,1.0339879364191262,Fat1,FAT1,F3794S,F3769S,targeting guide,Missense,8336,0.0,0.5518234165067178,0.0,14.779270633397312,45747,2.179377882702691,56.834327934072185,0.0,96.83476512121013,230503,1.011266664642109,61.2877055830076,0.1106276274061509,97.95664264673346,124416,0.0056262860082304,52.19184027777778,0.0,98.9527070473251,186952,0.7509949077838162,57.65651076212076,0.0,98.63226924558175,0.004199580041995798,0.9959004099590041,0.02050704020507039,1.0,0.0041995800419957945,0.9959004099590041,0.02050704020507037,1.0,0.02050704020507039,0.02050704020507037,1.834541276130597e-06,0.9999999958748946,3.459375888652233e-05,0.9999999999819025,1.3489019296287094e-07,0.99999987088116,2.5394634870838154e-06,1.0,3.459375888652233e-05,2.5394634870838154e-06,0.006369890091943942,0.9977983815698493,0.04728583616796459,0.99997757850991,0.0036326910645677114,0.9963946280173777,0.026539124891594545,1.0,0.04728583616796459,0.026539124891594545,0.3037077533933715,0.836633693591511,0.6979161007605451,0.9999996088429295,0.22250167731167964,0.7776653517276989,0.5468015076417748,1.0,0.6979161007605451,0.5468015076417748
gRNA_4195,Fgf4,0.08473548892764994,-0.5749257853123716,-0.28036565598153307,-0.25685198412208493,-0.28036565598153307,-0.42764572064695233,True,-0.36882872820352913,-0.38773480480036604,-0.49454396721370303,3874.9615928998496,0.147298727008538,-0.3749245276716791,-0.6616417947894808,0.05290471360189193,0.5000131144833072,-0.06726995347348455,0.05290471360189193,,False,-0.23946116265339304,-0.09372422128050995,,-0.09867147399560156,-0.09867147399560156,-0.09867147399560156,-0.09867147399560156,True,-0.22290792556160327,-0.22290792556160327,-0.22290792556160327,0.0,0.0,0.0,0.0,True,,,,0.0,0.0,0.0,0.0,True,,,,-0.08979128188054258,1.219199333991815,0.5647040260556362,0.5647040260556362,,False,0.582550905160873,0.582550905160873,,Fgf4,FGF4,R108G,R112G,targeting guide,Missense,30509,0.1048870825002458,0.1606083450785014,0.009833163984398,6.9225474450162245,33033,72.61829080010898,89.2289528653165,0.0,20.43411134320225,160520,60.88213306753053,86.61848990779966,0.0012459506603538,27.941066533765262,91976,67.43933199965208,88.50895885883274,0.0032617204488127,22.005740627989912,204440,65.78360399139112,92.2940716102524,0.000489141068284,26.96928194091176,0.2174782521747825,0.7826217378262174,0.42150424132844444,1.0,0.2174782521747825,0.7826217378262175,0.42150424132844444,1.0,0.42150424132844444,0.42150424132844444,0.1698769293900407,0.8531960779572867,0.34713981223182233,0.9999999999819025,0.13581576205289492,0.8643970769032192,0.27308409910100795,1.0,0.34713981223182233,0.27308409910100795,0.04254567617894179,0.919064082931356,0.15381898310848185,0.99997757850991,0.04408497073412485,0.9560700137608874,0.14799954460741915,1.0,0.15381898310848185,0.14799954460741915,0.6919695064443372,0.5696774854912321,0.9518438013530711,0.9999996088429295,0.5651209752240344,0.43505852121055644,0.8602651282762629,1.0,0.9518438013530711,0.8602651282762629
gRNA_4440,Flt3,0.6563695298205011,-0.9390365346086271,1.0805935405201081,0.2659755119106607,0.6563695298205011,0.8684815351703046,True,0.11311507468008991,0.43069391512241895,0.5844936144273047,3449.2108906277376,1.1060953737316028,1.0289208913869776,0.5092677871827241,1.192394791053007,0.662777146432895,0.8998911979574414,1.0289208913869776,0.8998911979574414,True,1.1498877546963715,1.2654694848124532,0.9541474644042349,0.756590828495909,0.756590828495909,0.756590828495909,0.756590828495909,True,1.033518843017654,1.033518843017654,1.033518843017654,0.0,0.0,0.0,0.0,True,,,,0.0,0.0,0.0,0.0,True,,,,0.3778230842548953,-0.42800455934737813,-0.025090737546241415,-0.025090737546241415,,False,-0.09251744226347451,-0.09251744226347451,,Flt3,FLT3,Q450R,Q449R,targeting guide,Missense,5656,0.1944837340876944,0.4596888260254597,0.1237623762376237,27.210042432814713,23519,73.01756027041965,96.7940813810111,0.110548917896169,22.301118244823336,117752,78.13115700794891,97.1533392214145,0.0025477274271349,19.4527481486514,66669,69.9215527456539,96.55612053578125,0.0,19.0358337458189,85218,77.27827454293694,97.39961041094604,0.0,19.873735595766153,0.004199580041995798,0.9959004099590041,0.02050704020507039,1.0,0.0041995800419957945,0.9959004099590041,0.02050704020507037,1.0,0.02050704020507039,0.02050704020507037,4.331126077185318e-05,0.9999995786409177,0.00030157470463364433,0.9999999999819025,4.738010636167941e-06,0.9999953621478651,3.248758835473666e-05,1.0,0.00030157470463364433,3.248758835473666e-05,0.25931260061715256,0.7575978971145138,0.5477614484946594,0.99997757850991,0.23961479915193185,0.7605450918433285,0.5119043436427635,1.0,0.5477614484946594,0.5119043436427635,0.2134962291696133,0.6940593790608771,0.5990640460281687,0.9999996088429295,0.22555352491783537,0.7746711104774359,0.5507021127864032,1.0,0.5990640460281687,0.5507021127864032
gRNA_4461,Flt3,1.2357662458175769,-0.4372610662924952,0.37881187203765415,0.3924390171875786,0.37881187203765415,0.8072890589276155,True,0.22968947660353645,0.18819084487691926,0.5335503283547484,823.5489671638182,1.3492376638513577,0.533464752042054,0.8763442865731741,0.19867254838549747,0.19169705074314458,0.6298832603190456,0.533464752042054,0.6298832603190456,True,0.7620152318197743,0.5755005257210574,0.6193524629604938,0.7341152256667147,0.7341152256667147,0.7341152256667147,0.7341152256667147,True,1.0005009618924239,1.0005009618924239,1.0005009618924239,0.0,0.0,0.0,0.0,True,,,,0.0,0.0,0.0,0.0,True,,,,0.7411686894755328,0.8395041484091839,0.7903364189423583,0.7903364189423583,0.7903364189423583,True,0.8408056337400802,0.8408056337400802,0.7287847066889542,Flt3,FLT3,R848G,R845G,targeting guide,Missense,1957,0.7153806847215125,0.8686765457332651,3.525804803270312,19.621870209504344,15114,72.72727272727273,91.53103083234087,2.970755590842927,23.408760089982795,42543,81.80899325388431,92.6427379357356,0.0822697035940107,11.317960651576051,23007,87.22997348633025,98.68735602208024,0.0,11.70513322032425,39567,85.03298203047994,99.89890565370132,0.0530745318068087,14.87603305785124,0.004199580041995798,0.9959004099590041,0.02050704020507039,1.0,0.0041995800419957945,0.9959004099590041,0.02050704020507037,1.0,0.02050704020507039,0.02050704020507037,0.000654886238658906,0.9999284128510464,0.0029313955444731986,0.9999999999819025,0.00014652608099172663,0.9998555374695148,0.0006481624288575201,1.0,0.0029313955444731986,0.0006481624288575201,0.01424501813438564,0.9959879636909668,0.07876657086072059,0.99997757850991,0.00809818041648632,0.9919356437277207,0.04833199740633105,1.0,0.07876657086072059,0.04833199740633105,0.21228424792948497,0.8372820037545854,0.5990640460281687,0.9999996088429295,0.17304870029682806,0.8271275915175319,0.48260304652533675,1.0,0.5990640460281687,0.48260304652533675
gRNA_4577,Foxa1,-0.6258969396710049,-0.30014609582346685,-1.2713829456669334,-0.7324753270538018,-0.6258969396710049,-0.7324753270538018,True,-0.8072596148192832,-0.6896266633421412,-0.7483173523759717,1930.182426879967,0.7731188080727504,0.05575664050066774,0.44390194139878353,0.599050356043366,0.43025870145029554,0.4604172894931726,0.44390194139878353,0.4604172894931726,True,0.5185735233245495,0.4507759450254962,0.4092239739851197,0.41615113724809494,0.41615113724809494,0.41615113724809494,0.41615113724809494,True,0.5333944485195616,0.5333944485195616,0.5333944485195616,0.0,0.0,0.0,0.0,True,,,,0.0,0.0,0.0,0.0,True,,,,-0.40709763957540346,0.11320948608512547,-0.14694407674513899,-0.14694407674513899,,False,-0.2319885556025967,-0.2319885556025967,,Foxa1,FOXA1,Y259C,Y259C,targeting guide,Missense,2916,0.3429355281207133,0.3429355281207133,0.4801097393689986,5.109739368998628,12037,81.90579047935532,84.56426019772368,0.2326161003572318,6.156018941596743,44083,85.79270920763106,88.53526302656353,0.0204160333915568,5.258262822403194,20000,68.34,70.50999999999999,0.015,3.065,32620,83.65419987737585,86.06683016554261,0.545677498467198,3.0441446965052115,0.008999100089991,0.9911008899110089,0.027964145734186912,1.0,0.008999100089991007,0.9911008899110089,0.027964145734186933,1.0,0.027964145734186912,0.027964145734186933,0.002345836839096148,0.9998915445739474,0.008243314500001417,0.9999999999819025,0.0004648272310661909,0.9995385369967644,0.0017134807733420372,1.0,0.008243314500001417,0.0017134807733420372,0.4243090620911648,0.7008646167620237,0.7375597487860743,0.99997757850991,0.35810376360699425,0.6420433537073954,0.6411762624582374,1.0,0.7375597487860743,0.6411762624582374,0.900157427979756,0.24610261892954696,0.9999269884937744,0.9999996088429295,0.8398189399748964,0.16031939766092956,1.0,0.9568268812779288,0.9999269884937744,0.9568268812779288
gRNA_4578,Foxa1,1.1721153738547394,1.6902686756428988,0.818865891898172,1.2270833137986035,1.1721153738547394,1.2270833137986035,True,0.9990668513899745,0.8813028143461992,0.8830328159189519,565.8217949708984,0.14280142129098672,0.2523987079998996,1.2891970321718382,1.2508949191479142,0.5703202064413939,0.7011224574104065,0.5703202064413939,0.7011224574104065,True,0.864351953270292,0.6268251889745485,0.7076851516275751,0.798511614416607,0.798511614416607,0.798511614416607,0.798511614416607,True,1.0951027541022518,1.0951027541022518,1.0951027541022518,0.0,0.0,0.0,0.0,True,,,,0.0,0.0,0.0,0.0,True,,,,1.028613069011063,1.799741174547752,1.4141771217794075,1.4141771217794075,1.4141771217794075,True,1.554842343303891,1.554842343303891,1.3643519907122972,Foxa1,FOXA1,Y259C,Y259C,targeting guide,Missense,1195,0.6694560669456067,0.6694560669456067,2.3430962343096233,8.95397489539749,4982,81.01164191087916,85.60818948213569,0.0,6.965074267362505,21294,79.09739832816756,82.87780595472903,0.0469615854231238,9.307786230863153,30024,77.8876898481215,81.58140154543032,0.076605382360778,5.209166000532907,27982,80.40883425058966,84.21842613108427,0.0393109856336216,5.335572868272461,0.004199580041995798,0.9959004099590041,0.02050704020507039,1.0,0.0041995800419957945,0.9959004099590041,0.02050704020507037,1.0,0.02050704020507039,0.02050704020507037,0.000317728736350273,0.9999506250525313,0.001614405471185171,0.9999999999819025,7.144651037276699e-05,0.9999298416338034,0.000348881661041044,1.0,0.001614405471185171,0.000348881661041044,0.00108836149265011,0.9995901727528582,0.02007475680548087,0.99997757850991,0.0005857728078709231,0.9994280125828717,0.010343533013407184,1.0,0.02007475680548087,0.010343533013407184,0.018079792616318667,0.9965103286547936,0.1258889263654781,0.9999996088429295,0.007927448589183213,0.9921022192926253,0.05844550332417428,1.0,0.1258889263654781,0.05844550332417428
gRNA_4621,Foxo1,-2.03634272424756,-1.8507105478403452,-2.2814565039782306,-2.0561699253553787,-2.03634272424756,-2.0561699253553787,True,-2.0274448831970022,-1.9219379456424024,-1.8503049942313943,828.472627480678,0.06340313363166528,0.07799593667246164,0.4313401844324862,1.109175490807355,1.726411853789953,0.6816653198667841,0.4313401844324862,0.6816653198667841,True,0.8364013341403136,0.4332825249422275,0.6835593705524569,0.6333402399277163,0.6333402399277163,0.6333402399277163,0.6333402399277163,True,0.8524570351148523,0.8524570351148523,0.8524570351148523,0.0,0.0,0.0,0.0,True,,,,0.0,0.0,0.0,0.0,True,,,,-0.19506506068352233,-0.73800071821807,-0.4665328894507962,-0.4665328894507962,-0.4665328894507962,True,-0.597784091546264,-0.597784091546264,-0.5517104727292962,Foxo1,FOXO1,M1V,M1V,targeting guide,Missense,693,0.0,0.0,0.0,18.181818181818183,2707,53.67565570742519,93.5352789065386,0.0,44.99445881049132,8126,51.37829190253507,99.31085404873248,0.0,48.19099187792272,3193,49.608518634513,77.73253993109928,0.0,44.62887566551832,7156,58.66405813303521,96.99552822806037,0.0,41.21017328116266,0.004199580041995798,0.9959004099590041,0.02050704020507039,1.0,0.0041995800419957945,0.9959004099590041,0.02050704020507037,1.0,0.02050704020507039,0.02050704020507037,0.0009890325334185126,0.999713725291051,0.0039986691673694705,0.9999999999819025,0.0002974017333290065,0.9997067562378094,0.001177084755070594,1.0,0.0039986691673694705,0.001177084755070594,0.6843832666788923,0.42691261940049674,0.9092866016652421,0.99997757850991,0.6326167851523319,0.36753382586068795,0.8570133242028136,1.0,0.9092866016652421,0.8570133242028136,0.9997625291588818,0.0028233867621338697,0.9999269884937744,0.2713029512891915,0.9990701276535331,0.0009370880534354827,1.0,0.11744836936391384,0.2713029512891915,0.11744836936391384
gRNA_4628,Foxo1,0.7665831353591178,-0.8936115539199136,-1.884541330937579,-0.6705232498327915,-0.8936115539199136,-1.3890764424287463,True,-0.7501520221257205,-0.923529832952193,-1.2949436781916683,433.53813800913866,0.9736056431420245,1.0185388848228132,1.678888476073196,0.7515853417441035,0.09634791678978222,0.9037932525143839,0.9736056431420245,0.9037932525143839,True,1.155493144518023,1.1884378341321042,0.9589857975749237,0.3596183599728405,0.3596183599728405,0.3596183599728405,0.3596183599728405,True,0.4503447286104302,0.4503447286104302,0.4503447286104302,0.0,0.0,0.0,0.0,True,,,,0.0,0.0,0.0,0.0,True,,,,0.42454626852627847,0.12676106222929479,0.2756536653777866,0.2756536653777866,0.2756536653777866,True,0.25170912536351453,0.25170912536351453,0.2044272572165769,Foxo1,FOXO1,T24A,T24A,targeting guide,Missense,1318,0.2276176024279211,0.2276176024279211,0.0,14.264036418816389,5647,78.90915530370108,85.56755799539579,0.0,12.449088011333451,16701,83.43212981258607,89.25812825579307,0.0119753308185138,10.933477037303156,9599,76.81008438378998,84.67548702989895,0.8334201479320763,9.042608605063029,10194,81.58720816166372,87.649597802629,1.1869727290563077,11.810869138709045,0.008999100089991,0.9911008899110089,0.027964145734186912,1.0,0.008999100089991007,0.9911008899110089,0.027964145734186933,1.0,0.027964145734186912,0.027964145734186933,6.578715454833528e-05,0.9999882406640357,0.00041775623157607063,0.9999999999819025,1.1317217645137476e-05,0.9999889367374535,6.86334489447047e-05,1.0,0.00041775623157607063,6.86334489447047e-05,0.13503788635425024,0.9322513486127552,0.35380100325065744,0.99997757850991,0.09623883650646925,0.9038603590506515,0.2582746597203398,1.0,0.35380100325065744,0.2582746597203398,0.64851902851442,0.14466468107908642,0.9311161606372774,0.9999996088429295,0.8043966029308044,0.19588627825154242,0.9788126948284221,1.0,0.9311161606372774,0.9788126948284221
gRNA_4735,Gata2,0.048580793364387705,0.3918216049202795,0.12990114375452685,0.19010118067973136,0.12990114375452685,0.19010118067973136,True,0.0431739105061323,-0.02928330556762321,0.019735876437507193,2011.7569772370014,2.4511630721818025,1.1743000816755051,0.669736983822518,0.9724954082444232,0.9847957053215878,1.2504982502491675,0.9847957053215878,1.2504982502491675,True,1.6535427327690628,1.2040210410823895,1.3888809378156564,0.5315322326370355,0.5315322326370355,0.5315322326370355,0.5315322326370355,True,0.7028955435781746,0.7028955435781746,0.7028955435781746,0.0,0.0,0.0,0.0,True,,,,0.0,0.0,0.0,0.0,True,,,,0.9072958239784468,0.8666043805592536,0.8869501022688502,0.8869501022688502,0.8869501022688502,True,0.9513878965317848,0.9513878965317848,0.8272144757502862,Gata2,GATA2,W360R,W360R,targeting guide,Missense,6963,0.2585092632485997,0.3590406434008329,0.8186126669538992,22.863708171765044,17566,70.4599795058636,97.11374245701924,0.3415689399977228,27.72401229648184,125807,78.53140127337906,92.5942117688205,0.0,17.02290015658906,48152,69.39483302874233,95.3356039209171,1.7050174447582656,26.61987041036717,71020,70.99127006477049,98.54970430864545,0.0140805406927626,27.86679808504647,0.008999100089991,0.9911008899110089,0.027964145734186912,1.0,0.008999100089991007,0.9911008899110089,0.027964145734186933,1.0,0.027964145734186912,0.027964145734186933,7.184489891028307e-06,0.9999999592865323,8.185964239474678e-05,0.9999999999819025,6.458285476423324e-07,0.999999375918348,7.358531330712636e-06,1.0,8.185964239474678e-05,7.358531330712636e-06,0.00740644457750592,0.998170778795336,0.04972898502039689,0.99997757850991,0.004022060107877607,0.9960023609706279,0.028005455565962595,1.0,0.04972898502039689,0.028005455565962595,0.39270081509582005,0.8521561776864518,0.793846809010905,0.9999996088429295,0.2572892103922442,0.7428626340657789,0.593501491456956,1.0,0.793846809010905,0.593501491456956
gRNA_4770,Gata3,1.0446512283962661,-0.1572540342555421,0.9083052297184224,0.5985674746197155,0.9083052297184224,0.9764782290573443,True,0.4196992473428249,0.650810993562005,0.6744018320610875,1649.0009913391705,0.02761171054658114,0.6227936256291791,0.7415337441484738,0.73169090971367,0.37898345637518815,0.5005226892826184,0.6227936256291791,0.5005226892826184,True,0.5761858392192761,0.6998993272117531,0.4589524652948506,0.5277446310432377,0.5277446310432377,0.5277446310432377,0.5277446310432377,True,0.6973313511458671,0.6973313511458671,0.6973313511458671,0.0,0.0,0.0,0.0,True,,,,0.0,0.0,0.0,0.0,True,,,,0.5770720659919946,0.5031999181016101,0.5401359920468023,0.5401359920468023,0.5401359920468023,True,0.5544307807695958,0.5544307807695958,0.4738811631075309,Gata3,GATA3,F233S,F234S,targeting guide,Missense,2883,0.6590357266736039,2.2545959070412764,0.0346860908775581,16.371834894207424,14991,28.45040357547862,80.14141818424389,0.0867186978853979,66.68667867387099,64802,36.88775037807475,87.66087466436221,0.0787012746520169,60.86231906422641,60639,20.39776381536635,89.34184270848795,3.026105311763057,72.35937268094791,44434,29.704730611693748,84.41733807444749,0.1485349057028401,65.31259846063826,0.008999100089991,0.9911008899110089,0.027964145734186912,1.0,0.008999100089991007,0.9911008899110089,0.027964145734186933,1.0,0.027964145734186912,0.027964145734186933,0.001484290377960802,0.9998994923428444,0.005471501785424134,0.9999999999819025,0.0003008922704788061,0.999701664694233,0.0011784947260419906,1.0,0.005471501785424134,0.0011784947260419906,0.04722842760852846,0.9840748560172494,0.16442489611858055,0.99997757850991,0.02913399964501894,0.9709239743651094,0.11293179243842393,1.0,0.16442489611858055,0.11293179243842393,0.13107080677988955,0.9271555115543332,0.45213415916732547,0.9999996088429295,0.08853239718816663,0.9115835245398887,0.3200786667572178,1.0,0.45213415916732547,0.3200786667572178
gRNA_4782,Gata3,1.5660115269209511,0.32650643150397224,0.4313357811080117,0.7746179131776451,0.4313357811080117,0.7746179131776451,True,0.5819830187621907,0.23408116299173187,0.5063513060818463,1412.494750700371,1.4765992860863415,1.642300264332806,1.435440052145745,1.5802339682869266,1.660720512177262,1.5590588166058164,1.5802339682869266,1.5590588166058164,True,2.0967969806988687,2.0332244475525876,1.7714790797903004,0.8208652770837757,0.8208652770837757,0.8208652770837757,0.8208652770837757,True,1.1279414985073348,1.1279414985073348,1.1279414985073348,0.0,0.0,0.0,0.0,True,,,,0.0,0.0,0.0,0.0,True,,,,1.0048187222294795,0.7607173209066015,0.8827680215680405,0.8827680215680405,0.8827680215680405,True,0.9466011631090436,0.9466011631090436,0.8229537828193949,Gata3,GATA3,H281R,H281R,targeting guide,Missense,2554,0.0783085356303837,0.9005481597494126,0.0,12.725137039937351,11568,21.84474412171508,88.41632088520055,0.0259336099585062,75.44951590594744,57348,15.646578782172002,85.8652437748483,0.0697495989398061,81.3315198437609,47539,11.142430425545342,70.57784135131155,0.0,86.53316224573508,46757,11.56404388647689,80.80715187030819,1.4799923006180893,80.95472335693051,0.004199580041995798,0.9959004099590041,0.02050704020507039,1.0,0.0041995800419957945,0.9959004099590041,0.02050704020507037,1.0,0.02050704020507039,0.02050704020507037,7.106186008574277e-07,0.9999999989266432,2.769960224590558e-05,0.9999999999819025,4.7268595450700737e-08,0.9999999552003374,1.9361201859582867e-06,1.0,2.769960224590558e-05,1.9361201859582867e-06,0.01048392201003176,0.9969789214003685,0.06462220779954003,0.99997757850991,0.0059133338672409065,0.9941169927702639,0.03833471610487208,1.0,0.06462220779954003,0.03833471610487208,0.08721667784716625,0.9611362757389715,0.3380770192838609,0.9999996088429295,0.054842747336053745,0.9452595749091157,0.23169520222872145,1.0,0.3380770192838609,0.23169520222872145
gRNA_4829,Gli1,1.3077916592733032,1.653527079457492,2.314939802962974,1.7587528472312564,1.653527079457492,1.7587528472312564,True,1.4891612683137618,1.3019138599694733,1.3256524776940903,1055.7545169268276,2.9601344687102937,0.27905758748753057,0.15422044244229247,0.35059778104194206,1.4929977940152566,1.0474016147394631,0.35059778104194206,1.0474016147394631,True,1.3617898121256822,0.3208411853403629,1.1370522731719053,0.33298666426949974,0.33298666426949974,0.33298666426949974,0.33298666426949974,True,0.4112213213506245,0.4112213213506245,0.4112213213506245,0.0,0.0,0.0,0.0,True,,,,0.0,0.0,0.0,0.0,True,,,,0.4770548086430933,0.7453654639122436,0.6112101362776684,0.6112101362776684,0.6112101362776684,True,0.6357809521368647,0.6357809521368647,0.5462913162246068,Gli1,GLI1,F567S,F565S,targeting guide,Missense,673,0.0,1.634472511144131,0.0,31.946508172362552,13367,0.4563477220019451,56.89384304630807,0.0149622203935063,86.26468167876112,40853,0.3255574865982914,53.95686975252736,0.0685384182312192,90.2553056079113,57239,0.0052411817117699,54.39647792588968,0.2201296318943378,88.64410629116512,54778,0.0182555040344663,61.61232611632407,0.0675453649275256,90.12742341816056,0.008999100089991,0.9911008899110089,0.027964145734186912,1.0,0.008999100089991007,0.9911008899110089,0.027964145734186933,1.0,0.027964145734186912,0.027964145734186933,0.0002970946274944521,0.9999338940644851,0.001530240821067315,0.9999999999819025,7.642203525078754e-05,0.9999252653134718,0.00036839340069610407,1.0,0.001530240821067315,0.00036839340069610407,0.03654367906433021,0.9866773554842045,0.14154388045501337,0.99997757850991,0.022679897825769634,0.9773750543502804,0.09530485417693924,1.0,0.14154388045501337,0.09530485417693924,0.0018353011210384736,0.9997220775477048,0.025558267463350593,0.9999996088429295,0.0006604194581411458,0.99934696678386,0.009196952454113732,1.0,0.025558267463350593,0.009196952454113732
gRNA_4888,Gnas,-3.3182862035542637,-0.09694315519899435,-2.863169695546001,-2.0927996847664194,-2.863169695546001,-2.0927996847664194,True,-2.0612102947012265,-2.6443394844914265,-1.880799597931445,1777.0524502470648,-0.46624396135369156,-3.3103985931827125,-1.5536881136317164,-1.2062673496801157,-1.185960410719454,-1.544511685713538,-1.2062673496801157,-1.544511685713538,True,-2.361552396689265,-1.847238950088469,-2.07677775255626,-1.0942537458129913,-1.0942537458129913,-1.0942537458129913,-1.0942537458129913,True,-1.6854723493533736,-1.6854723493533736,-1.6854723493533736,0.0,0.0,0.0,0.0,True,,,,0.0,0.0,0.0,0.0,True,,,,0.05557441849824078,-0.15357900273101216,-0.04900229211638569,-0.04900229211638569,,False,-0.11988617224241765,-0.11988617224241765,,Gnas,GNAS,Q966R,Q227R,targeting guide,Missense,11,0.0,0.0,0.0,27.27272727272727,108,87.96296296296296,95.37037037037037,0.0,9.25925925925926,950,91.6842105263158,97.15789473684212,0.0,6.0,665,68.87218045112782,91.8796992481203,0.0,24.06015037593985,795,88.42767295597484,94.71698113207547,0.0,7.79874213836478,0.98000199980002,0.0200979902009799,0.9932095739213141,1.0,0.98000199980002,0.02009799020097992,0.9932095739213141,1.0,0.9932095739213141,0.9932095739213141,0.999758554835262,5.081818418261524e-06,0.9998382435532929,0.001910763725266333,1.0,4.098229078530493e-06,1.0,0.0015409341335274654,0.001910763725266333,0.0015409341335274654,0.36888028385989835,0.7877971319244075,0.6866286471847612,0.99997757850991,0.28664640100012,0.7134858263142123,0.5676137292888046,1.0,0.6866286471847612,0.5676137292888046,0.9523577313604886,0.004362163698507578,0.9999269884937744,0.2713029512891915,0.9945707277477798,0.005489228947926012,1.0,0.21658199187700827,0.2713029512891915,0.21658199187700827
gRNA_5194,Idh2,1.6958455726619752,2.0479242371498256,0.7627366791349323,1.5021688296489113,1.6958455726619752,1.5021688296489113,True,1.252641425476254,1.338887671509126,1.1120439785462082,1312.6609426490782,0.7938387995413304,-0.3858330676681258,0.8110963869934554,0.3401514362334591,1.6069306670235413,0.633236844424732,0.7938387995413304,0.8880043224479466,True,0.7668327314056327,0.9380957107661292,0.939408392145209,0.5808309321278591,0.5808309321278591,0.5808309321278591,0.5808309321278591,True,0.775318010365234,0.775318010365234,0.775318010365234,0.0,0.0,0.0,0.0,True,,,,0.0,0.0,0.0,0.0,True,,,,3.237472858466517,1.3073574870013802,2.2724151727339486,2.2724151727339486,2.2724151727339486,True,2.5371659896115752,2.5371659896115752,2.2387226827976847,Idh2,IDH2,R172G,R172G,targeting guide,Missense,2716,0.8836524300441826,1.2886597938144329,0.0,11.966126656848306,12908,56.06600557793616,86.35729779981406,0.2634025410598078,33.33591571118686,55686,71.51887368458858,94.60546636497504,0.8745465646661639,23.18356498940488,102361,65.34324596281787,96.2163323922197,0.001953869149383,32.10695479723723,223317,65.28746132179816,93.96060308888262,0.0013433818294173,32.11040807462038,0.008999100089991,0.9911008899110089,0.027964145734186912,1.0,0.008999100089991007,0.9911008899110089,0.027964145734186933,1.0,0.027964145734186912,0.027964145734186933,0.000686231171672168,0.996822371736645,0.0030355637711615897,0.9999999999819025,0.0003578546271916527,0.9996472978406177,0.0013591246446874891,1.0,0.0030355637711615897,0.0013591246446874891,0.0005401219951800635,0.9997550804046846,0.0173906816071628,0.99997757850991,0.0002907736714468904,0.9997205712935455,0.008394187932385822,1.0,0.0173906816071628,0.008394187932385822,0.005129665115245737,0.9983019680501859,0.0494552329059589,0.9999996088429295,0.002264615871372459,0.9977518766939789,0.022407778095685386,1.0,0.0494552329059589,0.022407778095685386
gRNA_5228,Igf1r,-0.7310235075860578,-1.6167090287670103,-0.08153226937740805,-0.8097549352434922,-0.7310235075860578,-0.8097549352434922,True,-0.8784961671026061,-0.7814761035176226,-0.8126533202810592,5187.6286881100605,0.2131428624485246,0.45840433357143606,0.5542888129565954,0.5353375769852032,-0.38066091683099107,0.2761025338261537,0.45840433357143606,0.44029339649043986,True,0.25380119881721214,0.4709718809259579,0.38427145278951497,0.4126376065262322,0.4126376065262322,0.4126376065262322,0.4126376065262322,True,0.5282328810819301,0.5282328810819301,0.5282328810819301,0.0,0.0,0.0,0.0,True,,,,0.0,0.0,0.0,0.0,True,,,,0.6051279227192436,1.5477057360773292,1.0764168293982865,1.0764168293982865,1.0764168293982865,True,1.1682480625903382,1.1682480625903382,1.0202426841163277,Igf1r,IGF1R,N370S,N369S,targeting guide,Missense,7341,0.0,0.3814194251464378,1.157880397765972,10.053126277073968,17646,0.0396690468094752,79.80278816729005,0.7140428425705543,97.5291850844384,61676,0.1232245930345677,78.9610221155717,0.1605162461897658,95.08885141708282,103056,0.0,88.78182735600062,0.0,98.16604564508616,78404,0.6555787970001531,65.63695729809703,0.0,94.64057956226723,0.008999100089991,0.9911008899110089,0.027964145734186912,1.0,0.008999100089991007,0.9911008899110089,0.027964145734186933,1.0,0.027964145734186912,0.027964145734186933,0.01341858627193751,0.9940368145255771,0.03881068029421926,0.9999999999819025,0.005374919809388825,0.9946480619259652,0.015545921910232291,1.0,0.03881068029421926,0.015545921910232291,0.005994990655293085,0.9961215222829364,0.04692092829312813,0.99997757850991,0.003844723331370876,0.9961931087230048,0.02727577306783867,1.0,0.04692092829312813,0.02727577306783867,0.8813728821626965,0.17034832955031495,0.9999269884937744,0.9999996088429295,0.868655543401092,0.1315030497446686,1.0,0.9329272963017998,0.9999269884937744,0.9329272963017998
gRNA_5236,Igf1r,0.31627259063781776,-0.8163142975555476,-0.41213918000753186,-0.3040602956417539,-0.41213918000753186,-0.6142267387815398,True,-0.4123454777129674,-0.5028657812203172,-0.649874340589053,1869.2294906085197,0.5064071564788468,0.5582623044504955,-0.09152622443869989,0.3782856654328161,0.6325480065884694,0.3967953817023856,0.5064071564788468,0.5188757832376569,True,0.42717921062073794,0.5378202962037777,0.48170929300486853,0.5121094371534598,0.5121094371534598,0.5121094371534598,0.5121094371534598,True,0.6743624022306438,0.6743624022306438,0.6743624022306438,0.0,0.0,0.0,0.0,True,,,,0.0,0.0,0.0,0.0,True,,,,0.03842959936626444,-1.7569750239344288,-0.8592727122840822,-0.8592727122840822,,False,-1.0473069417470204,-1.0473069417470204,,Igf1r,IGF1R,D556G,D555G,targeting guide,Missense,4423,0.1356545331223151,0.4069635993669455,0.3617454216595071,27.990052000904363,15936,42.04317269076305,97.18875502008032,0.0,55.92369477911646,45633,34.39616067319703,98.7772007100125,0.2629675892446256,64.3832314333925,38823,42.19921180743374,96.69525796563892,0.0025757927002034,55.451665249980685,28197,30.999751746639713,98.641699471575,0.4362166187892329,66.23754300102847,0.008999100089991,0.9911008899110089,0.027964145734186912,1.0,0.008999100089991007,0.9911008899110089,0.027964145734186933,1.0,0.027964145734186912,0.027964145734186933,0.004481011502972084,0.9996275437344443,0.014400515599294903,0.9999999999819025,0.0010504938357329412,0.9989556554921766,0.003464786686277069,1.0,0.014400515599294903,0.003464786686277069,0.6615274049508616,0.09461525103608663,0.8954560738124527,0.99997757850991,0.8422607455433206,0.15805675301914124,0.9659305842760435,1.0,0.8954560738124527,0.9659305842760435,0.681970726375716,0.5023527478293977,0.9497073819158118,0.9999996088429295,0.5960141139200692,0.40417757339789356,0.8686097164106434,1.0,0.9497073819158118,0.8686097164106434
gRNA_5373,Inha,-0.036892165832279514,0.47615362543301676,-0.11128954625053068,0.10932397111673553,-0.036892165832279514,-0.0740908560414051,True,-0.03128674020279482,-0.1750111878185029,-0.20020636697487912,3110.3454876064698,1.0102750012577493,0.8873263141499081,1.6665161116571374,1.0866249796306826,0.9040760677401213,1.1109636948871198,1.0102750012577493,1.1109636948871198,True,1.4530981810639818,1.239503340925719,1.2158657588083948,0.7599993399671526,0.7599993399671526,0.7599993399671526,0.7599993399671526,True,1.0385261314729084,1.0385261314729084,1.0385261314729084,0.0,0.0,0.0,0.0,True,,,,0.0,0.0,0.0,0.0,True,,,,0.9158695637651684,0.050347256454442366,0.4831084101098054,0.4831084101098054,0.4831084101098054,True,0.48915804884381436,0.48915804884381436,0.41578161108842654,Inha,INHA,V179A,V178A,targeting guide,Missense,7480,0.1871657754010695,1.8449197860962565,0.0,16.590909090909093,24826,18.00128897123983,98.94465479738984,0.0,81.09643116087972,131848,19.640040046113707,97.67307808992172,0.0,78.32655785449913,90438,31.568588425219485,98.63331785311485,0.0,67.17087949755634,79711,26.28244533376824,99.22219016196009,0.0,73.08903413581564,0.004199580041995798,0.9959004099590041,0.02050704020507039,1.0,0.0041995800419957945,0.9959004099590041,0.02050704020507037,1.0,0.02050704020507039,0.02050704020507037,6.224109194196243e-06,0.9999999824151633,7.549242119412217e-05,0.9999999999819025,5.082441582743987e-07,0.999999507925013,6.16450979068303e-06,1.0,7.549242119412217e-05,6.16450979068303e-06,0.04905824475428769,0.9446536607710119,0.16922844062029516,0.99997757850991,0.042277266593692665,0.9578376013233042,0.14320947963268865,1.0,0.16922844062029516,0.14320947963268865,0.4371860495784792,0.8060619566485177,0.8160198047161652,0.9999996088429295,0.3055281692585851,0.6946369376619054,0.6523667625168094,1.0,0.8160198047161652,0.6523667625168094
gRNA_5374,Inha,1.0405012074007716,-0.49584677255340315,0.1768509419650403,0.2405017922708029,0.1768509419650403,0.608676074682906,True,0.08963333087361022,0.011736892917996804,0.3682032351275606,540.1356663769304,0.712469460171656,1.0711393512306668,0.20507901938460332,0.14682054074421844,0.5579781945766568,0.5386973132215602,0.5579781945766568,0.5386973132215602,True,0.631024551838505,0.6096377844735862,0.5062869006767786,0.3719777644290172,0.3719777644290172,0.3719777644290172,0.3719777644290172,True,0.4685013649513524,0.4685013649513524,0.4685013649513524,0.0,0.0,0.0,0.0,True,,,,0.0,0.0,0.0,0.0,True,,,,1.549403868332464,1.4097658320718534,1.4795848502021587,1.4795848502021587,1.4795848502021587,True,1.629706838311399,1.629706838311399,1.4309892141552873,Inha,INHA,V179A,V178A,targeting guide,Missense,327,1.2232415902140672,2.752293577981652,6.116207951070336,29.051987767584095,5691,29.221577930065013,97.62783342119135,1.563872781584959,68.70497276401335,18872,24.28465451462484,96.5345485375159,0.900805426027978,72.70559559135226,10973,54.36070354506516,93.2926273580607,5.85983778365078,38.977490203226104,15430,32.469215813350615,95.70317563188594,2.644199611147116,63.383020090732344,0.008999100089991,0.9911008899110089,0.027964145734186912,1.0,0.008999100089991007,0.9911008899110089,0.027964145734186933,1.0,0.027964145734186912,0.027964145734186933,0.0012849334606728534,0.9999135284062086,0.004880151325383767,0.9999999999819025,0.00026860863487458,0.9997340523155059,0.0010859875990628179,1.0,0.004880151325383767,0.0010859875990628179,0.0011944764090612394,0.9997610529620323,0.02007475680548087,0.99997757850991,0.000592184153426755,0.9994180992716419,0.010343533013407184,1.0,0.02007475680548087,0.010343533013407184,0.2966725798528272,0.7850473149436156,0.6979161007605451,0.9999996088429295,0.24442300161045277,0.7557680295806243,0.574394053784564,1.0,0.6979161007605451,0.574394053784564
gRNA_5501,Inppl1,1.0950236747435165,1.2445472034957428,1.7740048462345497,1.3711919081579362,1.2445472034957428,1.3711919081579362,True,1.131906544253794,0.944586750418266,1.0030045150351252,810.0823385814617,1.0273885796182436,0.38382988355486497,0.42882181056649527,1.0370365531575187,1.416240019330309,0.8586633692454864,1.0273885796182436,0.8586633692454864,True,1.0906630442115777,1.2633355975273453,0.9030272229259025,0.3813723679295601,0.3813723679295601,0.3813723679295601,0.3813723679295601,True,0.4823025476807732,0.4823025476807732,0.4823025476807732,0.0,0.0,0.0,0.0,True,,,,0.0,0.0,0.0,0.0,True,,,,1.411616801053348,1.3199234830994448,1.3657701420763964,1.3657701420763964,1.3657701420763964,True,1.4994365957310387,1.4994365957310387,1.3150350858074051,Inppl1,INPPL1,L58P,L58P,targeting guide,Missense,1697,0.0,0.8839127872716559,0.0,9.310548025928108,12899,0.0,88.28591363671603,0.0,98.5037599813939,33658,0.4159486600511022,90.01723215877354,0.0029710618575078,98.96309941172974,51688,0.0058040550998297,87.96625909301966,0.0,99.46796161584896,29963,0.0100123485632279,76.69792744384742,0.0,98.69839468678036,0.008999100089991,0.9911008899110089,0.027964145734186912,1.0,0.008999100089991007,0.9911008899110089,0.027964145734186933,1.0,0.027964145734186912,0.027964145734186933,6.80145267930068e-05,0.9999979665930357,0.0004192370831831239,0.9999999999819025,9.27312092706554e-06,0.999990927641706,5.909649946740074e-05,1.0,0.0004192370831831239,5.909649946740074e-05,0.002170489365115759,0.9995310517991227,0.027203466709450844,0.99997757850991,0.0011080282089390102,0.9989057339755346,0.013887286885368928,1.0,0.027203466709450844,0.013887286885368928,0.010824013119504306,0.998452470976407,0.08659210495603445,0.9999996088429295,0.004305460557391841,0.9957143025431797,0.03764774812975191,1.0,0.08659210495603445,0.03764774812975191
gRNA_5621,Irf8,-0.8368121492036849,-0.3439660669503984,-0.6434085060959469,-0.60806224075001,-0.6434085060959469,-0.60806224075001,True,-0.6925752946625984,-0.7049265785265345,-0.644742340611336,1781.9279894111014,0.6177370660883971,1.1307675949191518,0.8471295496378345,0.8139440101095977,0.923897028170698,0.8666950497851358,0.8471295496378345,0.8666950497851358,True,1.1022007353665124,1.012308058648021,0.912986065326561,0.35589207754279134,0.35589207754279134,0.35589207754279134,0.35589207754279134,True,0.44487061735969285,0.44487061735969285,0.44487061735969285,0.0,0.0,0.0,0.0,True,,,,0.0,0.0,0.0,0.0,True,,,,1.322951031390333,0.8184743087038199,1.0707126700470764,1.0707126700470764,1.0707126700470764,True,1.161719185658386,1.161719185658386,1.0144313014187931,Irf8,IRF8,T80A,T80A,targeting guide,Missense,7179,1.6436829642011423,2.493383479593258,0.0,12.996239030505642,17649,35.27678622018245,76.1119610176214,0.0226641736075698,58.09394299960338,98287,47.055053058898935,87.08170968693723,0.03459257073672,46.871915919704534,40017,40.3903341080041,85.30624484594047,0.0,53.87960116950297,50824,36.15221155359672,71.08255942074611,0.005902723122934,46.645285691799145,0.008999100089991,0.9911008899110089,0.027964145734186912,1.0,0.008999100089991007,0.9911008899110089,0.027964145734186933,1.0,0.027964145734186912,0.027964145734186933,3.328258252271689e-05,0.9999998230930279,0.00024537747114787356,0.9999999999819025,3.28224119206407e-06,0.9999967873856311,2.4682453764321807e-05,1.0,0.00024537747114787356,2.4682453764321807e-05,0.006114695442455528,0.9982632597573969,0.04692092829312813,0.99997757850991,0.0033701198736743824,0.996654136264838,0.026399272343782663,1.0,0.04692092829312813,0.026399272343782663,0.8816542368427256,0.32782593958098694,0.9999269884937744,0.9999996088429295,0.7910181319998735,0.20912464193992464,0.9788126948284221,1.0,0.9999269884937744,0.9788126948284221
gRNA_5624,Irs1,2.0281559366250552,-0.13234128361291989,2.143468966794795,1.3464278732689767,2.0281559366250552,2.0858124517099252,True,1.1090789897741797,1.6292283674898318,1.5979325359099827,855.5773168794179,0.22921281154081846,0.8600011211232519,0.23785400647224364,0.6933315899859321,0.7569299439957622,0.5554658946236017,0.6933315899859321,0.5554658946236017,True,0.6551129991277175,0.7981300321698216,0.5270790199152304,0.36856943255163155,0.36856943255163155,0.36856943255163155,0.36856943255163155,True,0.4634943403292286,0.4634943403292286,0.4634943403292286,0.0,0.0,0.0,0.0,True,,,,0.0,0.0,0.0,0.0,True,,,,-1.145776699381561,-0.6110525200315335,-0.8784146097065473,-0.8784146097065473,-0.8784146097065473,True,-1.0692164090007388,-1.0692164090007388,-0.9713344970857003,Irs1,IRS1,V277A,V282A,targeting guide,Missense,3219,0.3106554830692761,3.324013668841255,1.4911463187325256,17.054986020503264,20031,2.1267036094054217,90.8441915031701,2.391293495082622,87.20982477160402,71563,1.426714922515825,90.94224669172615,0.7867193941003032,90.77735701409948,80912,0.2731362467866324,90.1769824006328,4.376359501680838,87.63471425746489,58019,0.5946327927058378,88.10906771919544,0.2257881038969992,91.8595632465227,0.008999100089991,0.9911008899110089,0.027964145734186912,1.0,0.008999100089991007,0.9911008899110089,0.027964145734186933,1.0,0.027964145734186912,0.027964145734186933,0.0009305986362881604,0.9999585221029913,0.0038451108488389927,0.9999999999819025,0.00017044783779005196,0.9998312483072095,0.0007282771251029493,1.0,0.0038451108488389927,0.0007282771251029493,0.9060547438934986,0.14909802952567072,0.9846144037686574,0.99997757850991,0.8855713302455679,0.11454302275677153,0.9764657483059634,1.0,0.9846144037686574,0.9764657483059634,0.005834850188687711,0.9667761744515228,0.053509845632843396,0.9999996088429295,0.005893845065025346,0.994159035216764,0.04817577705325066,1.0,0.053509845632843396,0.04817577705325066
gRNA_5625,Irs1,1.103832828587626,-0.1918947560456074,0.8165203389862808,0.5761528038427665,0.8165203389862808,0.9601765837869534,True,0.3990373430692391,0.5706182221483402,0.6608305659601822,1254.8923622133798,0.7204397050817829,1.0229809486669295,0.7445804769242989,0.4707072810991384,0.8072288767406043,0.7531874577025508,0.7445804769242989,0.7531874577025508,True,0.9391445063837863,0.8694988948550425,0.7722428901905102,1.0486738025359186,1.0486738025359186,1.0486738025359186,1.0486738025359186,True,1.4626045938581118,1.4626045938581118,1.4626045938581118,0.0,0.0,0.0,0.0,True,,,,0.0,0.0,0.0,0.0,True,,,,0.3802856230157639,-0.1578463915011533,0.11121961575730531,0.11121961575730531,,False,0.06350090618623916,0.06350090618623916,,Irs1,IRS1,V277A,V282A,targeting guide,Missense,2232,0.9408602150537636,1.9265232974910396,0.0,14.516129032258066,19932,11.453943407585792,80.20268914308649,0.0301023479831426,79.82139273530002,68837,17.044612635646526,89.70030652120225,0.0566555776689861,75.8734401557302,50242,14.346562636837708,88.35436487400979,0.1293738306596075,76.48779905258549,63407,20.77530871985743,89.58632327660983,0.1545570678316274,71.19560931758323,0.004199580041995798,0.9959004099590041,0.02050704020507039,1.0,0.0041995800419957945,0.9959004099590041,0.02050704020507037,1.0,0.02050704020507039,0.02050704020507037,9.69221190981598e-05,0.9999992107094373,0.0005736928943580836,0.9999999999819025,1.0968651786754003e-05,0.9999892113690162,6.86334489447047e-05,1.0,0.0005736928943580836,6.86334489447047e-05,0.2046003274055367,0.8617455226191174,0.46908367746635243,0.99997757850991,0.16385810210030677,0.8362701506309078,0.3725802941282751,1.0,0.46908367746635243,0.3725802941282751,0.13619965454914276,0.919506216720779,0.46555518282252434,0.9999996088429295,0.09450861923744941,0.9056135314353582,0.3384308650788665,1.0,0.46555518282252434,0.3384308650788665
gRNA_5740,Jak1,0.6016237014481508,0.9055229496368571,-0.6324035468682149,0.291581034738931,0.6016237014481508,0.7535733255425039,True,0.13671831502287976,0.3828622985513679,0.48883149786352686,1892.5370249372725,-0.4126166357504278,0.13088556688991224,0.2847785108153903,-0.2057737926175598,-0.3301579575680181,-0.10657686164614062,-0.2057737926175598,,False,-0.29592642724063245,-0.45395820669753,,-0.48701595419575217,-0.48701595419575217,-0.48701595419575217,-0.48701595419575217,True,-0.7934070565674504,-0.7934070565674504,-0.7934070565674504,0.0,0.0,0.0,0.0,True,,,,0.0,0.0,0.0,0.0,True,,,,-0.9740115010169268,-0.21540860469424772,-0.5947100528555873,-0.5947100528555873,-0.5947100528555873,True,-0.7444933389271395,-0.7444933389271395,-0.6822970331260753,Jak1,JAK1,Y651H,Y652H,targeting guide,Missense,20058,16.656695582809853,20.919333931598363,0.2692192641340113,8.575132116861104,20199,7.698400910936185,79.47918213772958,0.0247537006782514,74.78588048913312,89355,7.039337474120083,88.86016451233843,0.0391696043869956,84.13183369705108,75312,6.682865944338219,85.21616741024008,0.0039834289356277,83.46744210749947,64828,7.379527364718949,83.09835256370704,0.001542543345468,81.90133892762387,0.8193180681931806,0.18078192180781918,0.9195928168377192,1.0,0.8193180681931806,0.1807819218078192,0.9195928168377192,1.0,0.9195928168377192,0.9195928168377192,0.2717155245741916,0.9059920626815382,0.4983660353165661,0.9999999999819025,0.16166990972835743,0.8385143395245378,0.3133396188549608,1.0,0.4983660353165661,0.3133396188549608,0.735977492887257,0.3134097710455669,0.9509537365141191,0.99997757850991,0.7196106966863166,0.2805452353181569,0.9234594605940445,1.0,0.9509537365141191,0.9234594605940445,0.24328835411086724,0.802707968644425,0.6534030081834721,0.9999996088429295,0.2019784714258508,0.7982000174811645,0.5132737982124067,1.0,0.6534030081834721,0.5132737982124067
gRNA_6080,Keap1,1.866256637054288,2.8513887514345706,1.6721008625630576,2.129915417017305,1.866256637054288,2.129915417017305,True,1.8312999311195555,1.487776398446255,1.63464865063937,1295.4532402203095,1.8282907032962017,1.3337424868936512,1.1720492159599705,1.6948062130272596,1.6854175991137736,1.5428612436581715,1.6854175991137736,1.5428612436581715,True,2.073528799997846,2.1797024796363305,1.7513949796493098,1.0717769990848178,1.0717769990848178,1.0717769990848178,1.0717769990848178,True,1.496544444239946,1.496544444239946,1.496544444239946,0.0,0.0,0.0,0.0,True,,,,0.0,0.0,0.0,0.0,True,,,,1.9929177960902718,2.4983626088083812,2.2456402024493265,2.2456402024493265,2.2456402024493265,True,2.506519846142969,2.506519846142969,2.211444412774243,Keap1,KEAP1,Y33H,Y33H,targeting guide,Missense,3487,2.5236593059936907,4.4737596788069975,0.0,9.979925437338686,28634,0.663546832436963,61.15107913669065,0.0,70.32548718306909,132858,0.1016122476629183,61.560463050776015,0.0,71.12255189751464,177814,0.016871562419157,57.70917925472685,0.0,68.23534704803896,121135,0.0454038882238824,67.03925372518265,0.3186527428076113,75.00804887109423,0.004199580041995798,0.9959004099590041,0.02050704020507039,1.0,0.0041995800419957945,0.9959004099590041,0.02050704020507037,1.0,0.02050704020507039,0.02050704020507037,9.685411496779252e-07,0.999999998271811,2.769960224590558e-05,0.9999999999819025,6.676591584845418e-08,0.999999936515748,1.9361201859582867e-06,1.0,2.769960224590558e-05,1.9361201859582867e-06,0.00013656865293055974,0.99997757850991,0.01369293132878094,0.99997757850991,6.218540456667462e-05,0.9999414607685009,0.006426596267735429,1.0,0.01369293132878094,0.006426596267735429,0.0005574252715094057,0.9999478199039126,0.011643994560418697,0.9999996088429295,0.00017320852426475525,0.9998298140872504,0.0036181336179748873,1.0,0.011643994560418697,0.0036181336179748873
gRNA_6081,Keap1,1.1219471163154768,-0.346424138680597,1.7026820566033223,0.8260683447460674,1.1219471163154768,1.4123145864593996,True,0.6294101660301604,0.8374706369913363,1.0372395140646251,774.690098775506,0.8939549592826266,-0.35880757395824775,0.35761751422166593,-0.00830662925980039,0.3970901067756647,0.2563096754123818,0.35761751422166593,,False,0.22536830904724386,0.33061681957009953,,1.3450969473513223,1.3450969473513223,1.3450969473513223,1.3450969473513223,True,1.8980662912666864,1.8980662912666864,1.8980662912666864,0.0,0.0,0.0,0.0,True,,,,0.0,0.0,0.0,0.0,True,,,,0.2616317447644996,0.9694805267391927,0.6155561357518462,0.6155561357518462,0.6155561357518462,True,0.6407553040029669,0.6407553040029669,0.5507190091750802,Keap1,KEAP1,Y33H,Y33H,targeting guide,Missense,3463,6.497256713831938,8.143228414669363,1.1839445567427087,24.718452209067284,18381,7.083401338338502,89.5489908057233,0.0108808008269408,84.50029922202275,62124,7.924473633378404,80.81256841156397,0.0128774708647221,83.39450131994076,69966,5.5798530714918675,85.33430523397078,0.0085755938598747,82.23136952233942,41422,3.0925595094394285,92.8274829800589,0.0072425281251508,87.92187726329004,9.99900009999001e-05,1.0,0.0053708914822803485,1.0,9.999000099989996e-05,1.0,0.005370891482280341,1.0,0.0053708914822803485,0.005370891482280341,0.013680663987873888,0.9917527736163291,0.039021381222910524,0.9999999999819025,0.006631562892814959,0.9934036926420318,0.018470130723692035,1.0,0.039021381222910524,0.018470130723692035,0.03209734944356798,0.9784957731323692,0.13118047163893,0.99997757850991,0.022881987947950592,0.9771907982044524,0.09530485417693924,1.0,0.13118047163893,0.09530485417693924,0.0494857232801317,0.9179717783015382,0.2385465635042246,0.9999996088429295,0.04483456185355374,0.9552866243950249,0.2031059669510386,1.0,0.2385465635042246,0.2031059669510386
gRNA_6087,Keap1,0.9429820137454491,1.2546385080938411,1.3994824168713729,1.1990343129035543,1.2546385080938411,1.1990343129035543,True,0.9732112063425699,0.9534035575904031,0.8596817707515879,1212.4051155738903,1.647285691645971,1.3182798072866169,1.6109291411596185,1.1266964352361983,1.6206503412555016,1.4647682833167812,1.6109291411596185,1.4647682833167812,True,1.9613464922796087,2.0759703432924272,1.6545640012754212,1.0688819441868094,1.0688819441868094,1.0688819441868094,1.0688819441868094,True,1.4922914513747538,1.4922914513747538,1.4922914513747538,0.0,0.0,0.0,0.0,True,,,,0.0,0.0,0.0,0.0,True,,,,1.5262553964864882,1.2177728188387582,1.3720141076626233,1.3720141076626233,1.3720141076626233,True,1.506583325050789,1.506583325050789,1.3213964216919123,Keap1,KEAP1,H311R,H311R,targeting guide,Missense,2123,0.0942063118228921,1.6486104569006126,0.0942063118228921,12.246820536975978,18722,2.4890503151372716,89.17316526012178,0.0427304775130862,96.6723640636684,130537,1.9979009782666983,87.14234278403823,0.0022981989780675,94.40158728942752,98689,2.94460375523108,94.97613715814326,0.0010132841552756,96.45857187731156,73174,5.665946921037527,91.14712876158198,1.8011862136824557,92.16661655779376,0.004199580041995798,0.9959004099590041,0.02050704020507039,1.0,0.0041995800419957945,0.9959004099590041,0.02050704020507037,1.0,0.02050704020507039,0.02050704020507037,1.105385690460537e-06,0.9999999979300946,2.769960224590558e-05,0.9999999999819025,7.718885378821487e-08,0.9999999264947937,1.9361201859582867e-06,1.0,2.769960224590558e-05,1.9361201859582867e-06,0.0017673931203507787,0.99958369415795,0.02513393557122654,0.99997757850991,0.0009062509682825244,0.9991069369141677,0.0131057832336242,1.0,0.02513393557122654,0.0131057832336242,0.023006820771145544,0.9968837864413189,0.1544743680348344,0.9999996088429295,0.009451685220574886,0.9905768524354307,0.06705346496105957,1.0,0.1544743680348344,0.06705346496105957
gRNA_6111,Kit,-0.3707671249999621,0.1193503863833873,0.3653308972179695,0.0379713862004649,0.1193503863833873,0.2423406418006784,True,-0.09705974636842703,-0.038501538191269453,0.06322569700966528,3445.8183830775906,-0.08806634107280767,-0.2535006276602752,0.16125410461121806,0.06509811142318542,-0.3277917154105963,-0.08860129362185515,-0.08806634107280767,,False,-0.2701041163089555,-0.2900395843003734,,0.07332802250531328,0.07332802250531328,0.07332802250531328,0.07332802250531328,True,0.029768675472205082,0.029768675472205082,0.029768675472205082,0.0,0.0,0.0,0.0,True,,,,0.0,0.0,0.0,0.0,True,,,,-0.24567473488106903,0.8235108455018829,0.28891805531040693,0.28891805531040693,,False,0.26689130456212556,0.26689130456212556,,Kit,KIT,I800V,I798V,targeting guide,Missense,9504,0.3156565656565656,0.5155723905723906,0.0,6.839225589225589,18819,71.77320792815772,93.1345980126468,0.0053137786279823,21.85557149689144,70469,57.209553136840306,97.09375753877592,0.0014190637017695,40.36668606053726,129659,69.01564874015688,96.67898101944331,0.0,28.45772372145397,109617,68.83147686946369,93.6050065227109,0.0,25.73779614475857,0.09479052094790523,0.9053094690530947,0.22000762886674302,1.0,0.09479052094790524,0.9053094690530947,0.22000762886674305,1.0,0.22000762886674302,0.22000762886674305,0.26501920047572997,0.9454693127629086,0.4884667616611494,0.9999999999819025,0.13054308761947386,0.8696044389200839,0.26676196165718574,1.0,0.4884667616611494,0.26676196165718574,0.0937216949696542,0.8601420946487552,0.2629802784223133,0.99997757850991,0.09621510807970979,0.9039519992885194,0.2582746597203398,1.0,0.2629802784223133,0.2582746597203398,0.4871316555399755,0.7529973097242721,0.8464485958384975,0.9999996088429295,0.35915017322835785,0.6410249211790418,0.6912011718991261,1.0,0.8464485958384975,0.6912011718991261
gRNA_6125,Kit,2.0785584235930434,3.2001165254625854,3.6809167713151325,2.9865305734569207,3.2001165254625854,2.9865305734569207,True,2.6209301040445037,2.653174322611624,2.347788462068471,123.61381074273831,-0.07152644645444349,0.8225382702862288,0.742238689387317,0.9091380248495028,-0.28787281885223115,0.42290314384327476,0.742238689387317,,False,0.46468360273905607,0.8662377369421728,,0.31254525112741544,0.31254525112741544,0.31254525112741544,0.31254525112741544,True,0.38119177534528365,0.38119177534528365,0.38119177534528365,0.0,0.0,0.0,0.0,True,,,,0.0,0.0,0.0,0.0,True,,,,3.095048526156469,-1.2107261598135135,0.9421611831714777,0.9421611831714777,,False,1.0145814944485128,1.0145814944485128,,Kit,KIT,L579P,L576P,targeting guide,Missense,2634,0.3796507213363705,0.4935459377372816,0.3037205770690964,5.960516324981017,6491,7.533507934062548,80.23417038977045,0.8011092281620705,86.33492528115852,24382,25.280944959396273,90.02542859486506,1.410876876384218,70.7817242227873,35927,8.48387006986389,96.55969048348038,0.2254571770534695,84.46293873688312,23834,13.073760174540572,80.91801627926492,3.159352185952841,73.81471846941345,0.014598540145985401,0.9855014498550145,0.04222346996069623,1.0,0.014598540145985406,0.9855014498550145,0.04222346996069625,1.0,0.04222346996069623,0.04222346996069625,0.0026205877230867838,0.996008206606482,0.009123527628524357,0.9999999999819025,0.0013513819577558172,0.9986612446204282,0.004418431444488585,1.0,0.009123527628524357,0.004418431444488585,0.016086940694092923,0.31143626732928403,0.08226141994536093,0.99997757850991,0.14781167785611887,0.8544183462187038,0.3451999433161534,1.0,0.08226141994536093,0.3451999433161534,3.4595091291309226e-05,0.999997948655506,0.0026015508651064537,0.9999996088429295,8.707893905833225e-06,0.9999917211982184,0.0006548336217186585,1.0,0.0026015508651064537,0.0006548336217186585
gRNA_6472,Kmt2d,0.8931135289789122,1.9322189307226993,1.9070963606621518,1.5774762734545877,1.9070963606621518,1.5774762734545877,True,1.3220600312851554,1.5234582039564926,1.1747381018886003,314.16799075812224,0.6634746603598418,1.3106381036532102,1.2598729824591692,1.1288417218599096,1.2764217429908167,1.1278498422645895,1.2598729824591692,1.1278498422645895,True,1.477355514541847,1.5870918469608941,1.2368036533942586,0.9432940279536435,0.9432940279536435,0.9432940279536435,0.9432940279536435,True,1.3077959822002483,1.3077959822002483,1.3077959822002483,0.0,0.0,0.0,0.0,True,,,,0.0,0.0,0.0,0.0,True,,,,1.5089056831366627,1.5836430662653018,1.5462743747009822,1.5462743747009822,1.5462743747009822,True,1.706038453768612,1.706038453768612,1.498932328103716,Kmt2d,KMT2D,K4845R,K4794R,targeting guide,Missense,692,0.0,0.1445086705202312,0.0,27.74566473988439,10605,0.2074493163602074,83.36633663366337,0.0848656294200848,98.1046676096181,44283,6.036176410812276,91.59948512973376,0.2461441185104893,91.04622541381568,28548,0.0035028723553313,84.82905982905983,0.038531595908645,99.28891691186772,33648,0.7935092724679029,78.94377080361389,0.0772705658582976,95.87196861626248,0.004199580041995798,0.9959004099590041,0.02050704020507039,1.0,0.0041995800419957945,0.9959004099590041,0.02050704020507037,1.0,0.02050704020507039,0.02050704020507037,4.297304611103976e-06,0.9999999753191539,6.128982945579738e-05,0.9999999999819025,3.6935406304213494e-07,0.9999996443923527,4.959897417994384e-06,1.0,6.128982945579738e-05,4.959897417994384e-06,0.0008954838086373828,0.9998312740184719,0.018828710128035425,0.99997757850991,0.00043683124007132105,0.999571992710599,0.009661679192165689,1.0,0.018828710128035425,0.009661679192165689,0.004562992861025539,0.9990042036438718,0.04765792543737785,0.9999996088429295,0.0018310805599406406,0.9981819104062377,0.019671036872505168,1.0,0.04765792543737785,0.019671036872505168
gRNA_6480,Kmt2d,2.0537493718651882,-0.8049172550314161,1.1001567241564236,0.7829962803300653,1.1001567241564236,1.576953048010806,True,0.5897062203115211,0.8184322972004806,1.1743025120073,303.9010629555692,-0.33567287462750367,0.020054365346979935,-0.43104359049391233,-0.2644961104181151,-0.7171618295880453,-0.3456640079561193,-0.33567287462750367,-0.4370936012818941,True,-0.6393805324707238,-0.634854813448291,-0.7036401980868443,-0.21313554712205143,-0.21313554712205143,-0.21313554712205143,-0.21313554712205143,True,-0.3910618651164368,-0.3910618651164368,-0.3910618651164368,0.0,0.0,0.0,0.0,True,,,,0.0,0.0,0.0,0.0,True,,,,-0.25258324455928144,-1.2845269826076524,-0.768555113583467,-0.768555113583467,-0.768555113583467,True,-0.9434732300620724,-0.9434732300620724,-0.8594099284296577,Kmt2d,KMT2D,Non-coding,,targeting guide,Intron,3005,0.0332778702163061,0.1331114808652246,0.0,24.359400998336103,5159,18.588873812754407,98.9145183175034,0.0,80.6939329327389,16148,21.340104037651724,83.00718355214268,0.0,64.69531830567253,13335,10.783652043494564,97.6752905886764,0.0,84.51443569553805,7507,5.994405221792993,91.12828027174636,0.2131344078859731,85.10723324896763,0.3816618338166183,0.6184381561843815,0.6029615525842373,1.0,0.38166183381661833,0.6184381561843816,0.6029615525842373,1.0,0.6029615525842373,0.6029615525842373,0.6859774987296031,0.6087263199581093,0.9347965394490845,0.9999999999819025,0.5423853008697885,0.4578733435960737,0.7666799741618063,1.0,0.9347965394490845,0.7666799741618063,0.7945651629534354,0.17218474346227317,0.9641550045398871,0.99997757850991,0.8291661585031752,0.17100313072069906,0.9608382333338628,1.0,0.9641550045398871,0.9608382333338628,0.03866584247745726,0.8104388864409632,0.20439451837277567,0.9999996088429295,0.057430300788599765,0.9427805433846379,0.2365336540179387,1.0,0.20439451837277567,0.2365336540179387
gRNA_6629,Kmt2d,2.3938941421201534,4.171382664973275,1.9595169396125243,2.841597915568651,2.3938941421201534,2.841597915568651,True,2.487330787186217,1.9487750823854855,2.227130722663127,371.22665981635106,0.26346941043073796,0.29944223715675616,0.48263723622693333,0.059662273687898434,0.5448892309328405,0.3300200776870333,0.29944223715675616,0.3300200776870333,True,0.33125497276009735,0.24960231157671786,0.24753859874492093,0.9343595286033487,0.9343595286033487,0.9343595286033487,0.9343595286033487,True,1.2946707174541432,1.2946707174541432,1.2946707174541432,0.0,0.0,0.0,0.0,True,,,,0.0,0.0,0.0,0.0,True,,,,1.369063852585599,2.2691941012179506,1.8191289769017747,1.8191289769017747,1.8191289769017747,True,2.018342863305812,2.018342863305812,1.7769158865111336,Kmt2d,KMT2D,M3726V,M3728V,targeting guide,Missense,1057,0.0,0.5676442762535477,1.3245033112582782,15.89403973509934,15638,0.4796009719913032,39.09067655710449,0.1023148740248113,91.69970584473718,61571,0.2614867388868136,29.258904354322652,0.2598625976514918,95.00251741891476,82135,2.8915809338284535,22.732087417057283,0.0,92.2164728800146,70061,0.2654829362983685,23.735030901642855,0.0071366380725367,95.3240747348739,0.004199580041995798,0.9959004099590041,0.02050704020507039,1.0,0.0041995800419957945,0.9959004099590041,0.02050704020507037,1.0,0.02050704020507039,0.02050704020507037,0.009973281202402918,0.999607331450479,0.029527194740972422,0.9999999999819025,0.002219558658857944,0.9977901722157119,0.006897140956451131,1.0,0.029527194740972422,0.006897140956451131,0.0004246837857490777,0.9998466437178228,0.015968110344165322,0.99997757850991,0.00021930148979094983,0.9997897145703555,0.008245736016139713,1.0,0.015968110344165322,0.008245736016139713,7.909479908017034e-05,0.9999936349637096,0.004205138716107613,0.9999996088429295,2.166809013184084e-05,0.9999791845699623,0.0011830848395673417,1.0,0.004205138716107613,0.0011830848395673417
gRNA_6712,Kras,0.9154161199038652,-0.747929956976318,0.9086586881617408,0.358714950363096,0.9086586881617408,0.912037404032803,True,0.19860254040101796,0.6511198114068939,0.620754266452579,2463.4451253422494,0.07638527119365864,0.26648730449919766,0.7288848450118487,0.5822063219503861,0.5097826127976955,0.4327492710905573,0.5097826127976955,0.4327492710905573,True,0.47882778771884016,0.5425209344597771,0.3749171519632629,0.5244580770134256,0.5244580770134256,0.5244580770134256,0.5244580770134256,True,0.6925032247951458,0.6925032247951458,0.6925032247951458,0.0,0.0,0.0,0.0,True,,,,0.0,0.0,0.0,0.0,True,,,,1.0108541543258946,0.30483018928688976,0.6578421718063923,0.6578421718063923,0.6578421718063923,True,0.6891551309260452,0.6891551309260452,0.5937999126253976,Kras,KRAS,Q61R,Q61R,targeting guide,Missense,10310,0.0484966052376333,0.7274490785645005,0.0,9.50533462657614,32467,9.197030831305634,81.439615609696,0.1694027782055625,81.78458126713278,145233,17.103550845882136,80.17599305942863,1.5616285554935865,71.5037216059711,168416,4.899178225346761,86.0826762302869,0.0011875356260687,87.09148774463233,140682,7.493495969633641,85.69255483999373,1.7891414679916406,84.70877582064514,0.008999100089991,0.9911008899110089,0.027964145734186912,1.0,0.008999100089991007,0.9911008899110089,0.027964145734186933,1.0,0.027964145734186912,0.027964145734186933,0.003531012815829887,0.9998303466702638,0.011960908277045382,0.9999999999819025,0.0007412411216486262,0.9992635280595754,0.002580617238332254,1.0,0.011960908277045382,0.002580617238332254,0.027513740030428484,0.9825626604795076,0.11890995691311622,0.99997757850991,0.019153926463264814,0.9809128236069197,0.08858669507359494,1.0,0.11890995691311622,0.08858669507359494,0.18006297568624305,0.7871804115639429,0.5525980495181941,0.9999996088429295,0.16801715343231344,0.8321662618425187,0.4785943158374989,1.0,0.5525980495181941,0.4785943158374989
gRNA_6743,Lats1,0.3566271266447492,-0.26367832085971743,-1.100090189295198,-0.33571379450338873,-0.26367832085971743,-0.6818842550774578,True,-0.4415237587553882,-0.37315502331070566,-0.7061998305717107,4263.102208361413,0.8182120212778033,0.26573820171602475,0.35690327610871475,0.10633908679796562,0.9451989591919009,0.4984783090184819,0.35690327610871475,0.4984783090184819,True,0.5732490406284445,0.32962217627435214,0.45641754613851165,0.27057216124906164,0.27057216124906164,0.27057216124906164,0.27057216124906164,True,0.3195310269064499,0.3195310269064499,0.3195310269064499,0.0,0.0,0.0,0.0,True,,,,0.0,0.0,0.0,0.0,True,,,,0.6466912212260008,0.641102629021984,0.6438969251239923,0.6438969251239923,0.6438969251239923,True,0.6731936554886891,0.6731936554886891,0.5795925316086389,Lats1,LATS1,H748R,H749R,targeting guide,Missense,5021,1.0356502688707427,1.3543118900617408,0.0,31.62716590320653,21191,79.81690340238781,96.28144023406163,0.0,18.045396630645087,109905,76.75265001592284,99.23661343887905,0.00818889040535,22.699604203630408,101451,84.94347024672008,98.73337867541966,0.2848665858394693,13.551369626716344,75238,82.24035726627503,99.0310747228794,0.0,17.0113506472793,0.014598540145985401,0.9855014498550145,0.04222346996069623,1.0,0.014598540145985406,0.9855014498550145,0.04222346996069625,1.0,0.04222346996069623,0.04222346996069625,0.0015842537140189463,0.999876818215603,0.005783295111370134,0.9999999999819025,0.0003526757343984889,0.9996507003609816,0.0013531232258554267,1.0,0.005783295111370134,0.0013531232258554267,0.03170331737145326,0.9901902532833027,0.13099392672160906,0.99997757850991,0.018915447985408274,0.9811326360570974,0.08858669507359494,1.0,0.13099392672160906,0.08858669507359494,0.6816303980329468,0.43586450182038616,0.9497073819158118,0.9999996088429295,0.6289160351405204,0.3712887725680687,0.8823598104956555,1.0,0.9497073819158118,0.8823598104956555
gRNA_6745,Lats1,-0.5246580161614536,0.08399012899113352,0.05794218227879423,-0.12757523496384196,0.05794218227879423,0.07096615563496388,True,-0.24966107044542782,-0.09215409511433201,-0.07944510192405844,3149.3458803404624,0.3810230810919571,0.6336521799677268,0.11739713788971963,0.5318170766675493,0.4507505641241803,0.4229280079482266,0.4507505641241803,0.4229280079482266,True,0.4647193205894315,0.4603132919626023,0.3627393255012886,0.5807251452085068,0.5807251452085068,0.5807251452085068,0.5807251452085068,True,0.7751626036357984,0.7751626036357984,0.7751626036357984,0.0,0.0,0.0,0.0,True,,,,0.0,0.0,0.0,0.0,True,,,,-0.6138530457386908,0.11782216456137387,-0.2480154405886585,-0.2480154405886585,,False,-0.34767299834855875,-0.34767299834855875,,Lats1,LATS1,H748R,H749R,targeting guide,Missense,7134,0.2803476310625175,0.7008690776562938,0.0,31.06251752172694,24820,78.64625302175665,92.64705882352942,0.0,16.277195809830783,78141,79.7020770146274,95.2777671132952,0.0,16.179726392034908,89954,83.68610623207418,96.19472174667052,0.0,13.697000689241168,58125,77.12344086021506,93.48817204301076,0.0,18.06967741935484,0.008999100089991,0.9911008899110089,0.027964145734186912,1.0,0.008999100089991007,0.9911008899110089,0.027964145734186933,1.0,0.027964145734186912,0.027964145734186933,0.003674535991850963,0.999895679974042,0.012253514918318062,0.9999999999819025,0.000691376708474042,0.9993127353169005,0.0024647046360617925,1.0,0.012253514918318062,0.0024647046360617925,0.47924680414759135,0.5906552281309666,0.7803977373115161,0.99997757850991,0.44211020470700474,0.5580523886683331,0.7230861772259501,1.0,0.7803977373115161,0.7230861772259501,0.5933992794912535,0.6650564255970965,0.9213348530185991,0.9999996088429295,0.46144716743446357,0.5387342631751838,0.7958905273181573,1.0,0.9213348530185991,0.7958905273181573
gRNA_6781,Lck,1.2849849003573293,2.284031477660973,0.3431305349409278,1.30404897098641,1.2849849003573293,1.30404897098641,True,1.0700140027888467,0.9799173037920218,0.9471074167952186,1167.9918851219402,0.4127421466624792,0.632028042284659,1.0284910224856456,0.8148739528024572,0.46191035625046506,0.6700091040971412,0.632028042284659,0.6700091040971412,True,0.8196569159676145,0.7127591150751589,0.6691063036924283,0.6487573526981588,0.6487573526981588,0.6487573526981588,0.6487573526981588,True,0.8751056110225708,0.8751056110225708,0.8751056110225708,0.0,0.0,0.0,0.0,True,,,,0.0,0.0,0.0,0.0,True,,,,1.008724448025564,1.5251323582863385,1.2669284031559513,1.2669284031559513,1.2669284031559513,True,1.3863041410749743,1.3863041410749743,1.2143353795071885,Lck,LCK,T497A,T486A,targeting guide,Missense,2809,2.491990032039872,3.9515841936632254,0.0,11.783552865788536,19339,65.15331713118569,76.95847768757433,0.0051708981850147,13.837323543099435,73653,67.42020012762549,80.27371593825099,0.0027154358953471,15.034010834589225,66128,64.2995402855069,77.97755867408662,0.0045366561819501,16.147471570287927,55568,68.7482004031097,79.76353296861502,0.0035991937805931,12.428016124388137,0.004199580041995798,0.9959004099590041,0.02050704020507039,1.0,0.0041995800419957945,0.9959004099590041,0.02050704020507037,1.0,0.02050704020507039,0.02050704020507037,0.0002610371739525966,0.999996331646691,0.0013823940479743145,0.9999999999819025,3.5054491714563245e-05,0.999965414279064,0.00018652294715683048,1.0,0.0013823940479743145,0.00018652294715683048,0.002324507447441324,0.9993532185328166,0.02763130849766341,0.99997757850991,0.0012316470892776523,0.998784475357848,0.014471853299012415,1.0,0.02763130849766341,0.014471853299012415,0.010432736583180372,0.9894021378327638,0.08527628163643086,0.9999996088429295,0.006824090204564031,0.9932264235430642,0.05295496287663773,1.0,0.08527628163643086,0.05295496287663773
gRNA_6782,Lck,4.102924024933514,2.9868535857443685,4.1829293502913645,3.757568986989749,4.102924024933514,3.757568986989749,True,3.331675403415847,3.441960307517325,2.9896848664197457,50.10260767645872,0.11250904600770806,-0.1393907950956835,0.08028693625296744,1.1518466263383564,0.05787299836638008,0.2526249623739457,0.08028693625296744,0.350628901741353,True,0.22007513524355912,-0.05559191821701177,0.27309240778982447,0.4907200996720184,0.4907200996720184,0.4907200996720184,0.4907200996720184,True,0.6429403038924263,0.6429403038924263,0.6429403038924263,0.0,0.0,0.0,0.0,True,,,,0.0,0.0,0.0,0.0,True,,,,1.9427839833234757,1.772478770519698,1.8576313769215869,1.8576313769215869,1.8576313769215869,True,2.062412009316051,2.062412009316051,1.816142031419098,Lck,LCK,T497A,T486A,targeting guide,Missense,137,6.569343065693431,9.48905109489051,0.0,28.467153284671532,3440,59.47674418604652,90.81395348837208,0.0,33.08139534883721,9559,61.98347107438017,92.133068312585,0.0,31.321267915053873,18288,61.87117235345582,92.19706911636044,0.0,31.561679790026247,11840,60.54898648648649,92.17905405405403,0.0337837837837837,32.77027027027027,0.008999100089991,0.9911008899110089,0.027964145734186912,1.0,0.008999100089991007,0.9911008899110089,0.027964145734186933,1.0,0.027964145734186912,0.027964145734186933,0.026474223397955614,0.9944949881432946,0.0711021999830808,0.9999999999819025,0.010982259419530823,0.989070553346654,0.02949521101245421,1.0,0.0711021999830808,0.02949521101245421,0.0003277563349974161,0.9999428568148767,0.01369293132878094,0.99997757850991,0.00015382810215324165,0.9998516731298998,0.006426596267735429,1.0,0.01369293132878094,0.006426596267735429,1.1224201792123262e-05,0.9999996088429295,0.0021101499369191733,0.9999996088429295,2.5423938046873884e-06,0.999997633026421,0.00047797003528122903,1.0,0.0021101499369191733,0.00047797003528122903
gRNA_6797,Lyn,0.22137579566464693,-0.5801856535839278,0.9179062820314671,0.18636547470406206,0.22137579566464693,0.5696410388480571,True,0.03973032661272444,0.05063840913137357,0.33570621720168803,1643.1852641103476,0.9661439715116115,0.5574025072327485,0.683396123982016,1.054472828419253,1.124691523303289,0.8772213908897836,0.9661439715116115,0.8772213908897836,True,1.1173220629712857,1.1780467593243023,0.9260381497065674,0.357642809571887,0.357642809571887,0.357642809571887,0.357642809571887,True,0.44744253778639337,0.44744253778639337,0.44744253778639337,0.0,0.0,0.0,0.0,True,,,,0.0,0.0,0.0,0.0,True,,,,0.5812871363477742,-0.16353678515248835,0.2088751755976429,0.2088751755976429,,False,0.17527568186518402,0.17527568186518402,,Lyn,LYN,V303A,V303A,targeting guide,Missense,3148,1.1118170266836087,1.6836086404066073,0.0,16.93138500635324,16372,66.16784754458833,89.17664304910822,1.1605179574883948,24.071585634009285,75205,85.58074596103982,92.3542317665049,0.002659397646433,7.410411541785786,57031,83.68957233785135,87.7663025372166,0.0,5.433886833476531,47237,78.3284289857527,86.87681266803565,0.0,9.890551897876666,0.008999100089991,0.9911008899110089,0.027964145734186912,1.0,0.008999100089991007,0.9911008899110089,0.027964145734186933,1.0,0.027964145734186912,0.027964145734186933,3.837427930945321e-05,0.9999997080623599,0.0002722401701953662,0.9999999999819025,4.020730550635709e-06,0.9999960649506778,2.907297475075051e-05,1.0,0.0002722401701953662,2.907297475075051e-05,0.14314040296128136,0.8797584227480939,0.36746996107802804,0.99997757850991,0.1211804770697128,0.8789515494848633,0.2997899850703134,1.0,0.36746996107802804,0.2997899850703134,0.31294875888543705,0.7701416957910824,0.6979161007605451,0.9999996088429295,0.2592211361714737,0.7409710361570889,0.5943118731736226,1.0,0.6979161007605451,0.5943118731736226
gRNA_6833,Map2k1,-1.2475517682368416,1.112304506670812,1.8832914576542032,0.5826813986960578,1.112304506670812,1.4977979821625076,True,0.40505541949971935,0.8290458561271038,1.1084052087569896,1391.722199555737,0.008090854967130919,-0.0837956497955581,-0.24596605033363075,-0.1436951726792647,0.4055607014021892,-0.011961063287826678,-0.0837956497955581,,False,-0.16000868817634215,-0.2840922477327803,,0.2557429399043332,0.2557429399043332,0.2557429399043332,0.2557429399043332,True,0.297746095429374,0.297746095429374,0.297746095429374,0.0,0.0,0.0,0.0,True,,,,0.0,0.0,0.0,0.0,True,,,,0.33725978209145574,0.7588538724193131,0.5480568272553844,0.5480568272553844,0.5480568272553844,True,0.5634968245266196,0.5634968245266196,0.4819508893979458,Map2k1,MAP2K1,N122D,N122D,targeting guide,Missense,3191,0.0626762770291444,0.3133813851457223,0.0,22.845502977123157,11864,0.7670262980445044,98.32265677680375,0.0,98.22151045178693,33597,15.929993749441914,94.66916688990088,0.4286096972944013,79.16778283775338,42320,1.2074669187145557,99.2391304347826,0.0,98.4640831758034,14826,1.2005935518683393,98.93430460002698,0.0,98.12491568865508,0.014598540145985401,0.9855014498550145,0.04222346996069623,1.0,0.014598540145985406,0.9855014498550145,0.04222346996069625,1.0,0.04222346996069623,0.04222346996069625,0.1569075417582501,0.9727601372532914,0.3259515784591273,0.9999999999819025,0.0700830456816604,0.9300277780509029,0.15970439500790493,1.0,0.3259515784591273,0.15970439500790493,0.0464842415451929,0.9788858678328517,0.16334649365413578,0.99997757850991,0.030655349256067645,0.9694116359134226,0.11642839717455995,1.0,0.16334649365413578,0.11642839717455995,0.05683461204343451,0.6643606313592918,0.2555597810842436,0.9999996088429295,0.1036892656533065,0.8965849100754503,0.36436601762283405,1.0,0.2555597810842436,0.36436601762283405
gRNA_6834,Map2k1,-2.3257002809485106,-2.0783854648915083,-2.406041328859748,-2.270042358233256,-2.3257002809485106,-2.270042358233256,True,-2.2245930714909856,-2.1747506277324633,-2.028355715498505,2902.047887182646,0.6981214180659784,0.2753828881035214,0.6632155562305945,0.7662616384368331,0.7845640498181254,0.6375091101310106,0.6981214180659784,0.6375091101310106,True,0.772969937935141,0.8048003152325883,0.6288080975656726,0.5593633857671393,0.5593633857671393,0.5593633857671393,0.5593633857671393,True,0.7437810189361135,0.7437810189361135,0.7437810189361135,0.0,0.0,0.0,0.0,True,,,,0.0,0.0,0.0,0.0,True,,,,-0.13669002070763311,-1.8963104256078807,-1.016500223157757,-1.016500223157757,-1.016500223157757,True,-1.2272666878914966,-1.2272666878914966,-1.1120157605953795,Map2k1,MAP2K1,N122D,N122D,targeting guide,Missense,2113,0.0,0.1893043066729768,0.0473260766682442,19.68764789398959,5955,0.7724601175482787,98.25356842989083,0.0,97.78337531486146,39472,11.962910417511146,98.61420753952169,0.0025334414268342,86.74756789623024,13904,0.143843498273878,99.8921173762946,0.0,99.77704257767547,16141,1.412551886500217,98.79189641286166,0.0061954030109658,97.52183879561366,0.008999100089991,0.9911008899110089,0.027964145734186912,1.0,0.008999100089991007,0.9911008899110089,0.027964145734186933,1.0,0.027964145734186912,0.027964145734186933,0.000351555447541599,0.9999939377117298,0.0017557954119470892,0.9999999999819025,4.89535691554718e-05,0.99995162482754,0.0002556464167007972,1.0,0.0017557954119470892,0.0002556464167007972,0.7521959827172866,0.08006693788738832,0.952275048827272,0.99997757850991,0.8832095292314412,0.1170598679168044,0.9764657483059634,1.0,0.952275048827272,0.9764657483059634,0.9999269884937744,0.001148459908561538,0.9999269884937744,0.21591046280956913,0.9996561848977162,0.00034761305788089954,1.0,0.06535125488160912,0.21591046280956913,0.06535125488160912
gRNA_6835,Map2k1,1.8509003404979387,0.358677335215517,0.7611760107603506,0.9902512288246021,0.7611760107603506,0.9902512288246021,True,0.7807543935653044,0.5222636942182801,0.6858679780695929,837.4647209505031,0.835650613519558,0.07226337308370995,0.9227309521129993,0.4507113466547005,0.7381534210743085,0.6039019412890553,0.7381534210743085,0.6039019412890553,True,0.7246924780964368,0.8605486191743269,0.5871370554497519,0.8027199442848129,0.8027199442848129,0.8027199442848129,0.8027199442848129,True,1.1012850192179038,1.1012850192179038,1.1012850192179038,0.0,0.0,0.0,0.0,True,,,,0.0,0.0,0.0,0.0,True,,,,1.0411417094523285,1.5488112999153116,1.2949765046838202,1.2949765046838202,1.2949765046838202,True,1.4184074873834027,1.4184074873834027,1.2429107123269434,Map2k1,MAP2K1,N122D,N122D,targeting guide,Missense,6275,0.095617529880478,0.2868525896414343,0.0,17.306772908366533,17993,31.751236592008,79.11965764463959,0.2667704107152782,62.229756016228535,62216,46.189083194033685,83.24386010029573,0.0,50.872765848013366,44630,55.30584808424827,90.60273358727314,0.002240645305848,41.63118978265741,58590,40.75951527564431,83.76173408431472,0.0017067759003242,57.65318313705411,0.004199580041995798,0.9959004099590041,0.02050704020507039,1.0,0.0041995800419957945,0.9959004099590041,0.02050704020507037,1.0,0.02050704020507039,0.02050704020507037,0.00045418594462872915,0.9999610197629255,0.002108319940498792,0.9999999999819025,8.563746992305828e-05,0.9999154414671844,0.0004024961086383739,1.0,0.002108319940498792,0.0004024961086383739,0.0019026722069056881,0.9995331620144365,0.02555016963559067,0.99997757850991,0.0009834778094501965,0.9990304132294716,0.013206702012616926,1.0,0.02555016963559067,0.013206702012616926,0.03879015643633585,0.9806338168089553,0.20439451837277567,0.9999996088429295,0.023539000773485003,0.9765350327524596,0.12929109377640954,1.0,0.20439451837277567,0.12929109377640954
gRNA_6842,Map2k1,0.7475018671766593,-1.3092545306351757,0.2506859206401553,-0.10368891427278702,0.2506859206401553,0.4990938939084073,True,-0.22764259529234657,0.07624676507664897,0.2769750854199102,1451.023943591323,0.6558837102645874,0.6857070959522102,1.1404553577088945,0.5194316445465166,0.8023520537876083,0.7607659724519633,0.6857070959522102,0.7607659724519633,True,0.9500312146088195,0.7875122119546939,0.781639831919938,0.746539804663092,0.746539804663092,0.746539804663092,0.746539804663092,True,1.0187533431722957,1.0187533431722957,1.0187533431722957,0.0,0.0,0.0,0.0,True,,,,0.0,0.0,0.0,0.0,True,,,,0.9090958632368416,1.125378477525066,1.0172371703809537,1.0172371703809537,1.0172371703809537,True,1.100512102423465,1.100512102423465,0.9599506015702192,Map2k1,MAP2K1,K57E,K57E,targeting guide,Missense,3590,0.0557103064066852,0.2228412256267409,0.0,10.64066852367688,18227,0.0,38.03697810939815,0.2578592198387008,95.09518845668514,93616,0.002136386942403,40.332849085626385,0.0672961886856947,98.94996581780892,57172,0.0017491079549429,21.82187084586861,0.0,99.11145315888896,58176,0.0017189218921892,42.87850660066007,0.0017189218921892,91.14927117711773,0.004199580041995798,0.9959004099590041,0.02050704020507039,1.0,0.0041995800419957945,0.9959004099590041,0.02050704020507037,1.0,0.02050704020507039,0.02050704020507037,0.000132592339159109,0.9999988882260327,0.0007553745382397725,0.9999999999819025,1.5523497278548116e-05,0.9999847139651162,8.843689358688017e-05,1.0,0.0007553745382397725,8.843689358688017e-05,0.004858329447962728,0.9988278368922701,0.04059404160964413,0.99997757850991,0.002589579894553821,0.9974307495394259,0.022643768380284576,1.0,0.04059404160964413,0.022643768380284576,0.416531228549355,0.5170215289587823,0.8147559218850409,0.9999996088429295,0.4349464245398248,0.5653125766826235,0.7702155990256987,1.0,0.8147559218850409,0.7702155990256987
gRNA_6849,Map2k2,0.45707644319159163,-1.1460494208426517,-0.6160389975321251,-0.4350039917277284,-0.6160389975321251,-0.8810442091873885,True,-0.5330497316670458,-0.6810137457448499,-0.8720022811243074,3419.617087507744,0.11135553733997436,0.05657113830387098,0.5160775738321448,-0.26715849944543174,-0.20333421022795262,0.04270230796052116,0.05657113830387098,,False,-0.08148351628516705,-0.08861838236900473,,-0.45748119715527047,-0.45748119715527047,-0.45748119715527047,-0.45748119715527047,True,-0.7500188945485659,-0.7500188945485659,-0.7500188945485659,0.0,0.0,0.0,0.0,True,,,,0.0,0.0,0.0,0.0,True,,,,-0.3574516228717243,-1.0362271076324585,-0.6968393652520914,-0.6968393652520914,-0.6968393652520914,True,-0.8613886903237004,-0.8613886903237004,-0.7863461107252528,Map2k2,MAP2K2,Y134C,Y134C,targeting guide,Missense,31511,0.1396337786804607,0.1523277585605026,0.0,7.759195201675604,28267,62.95680475466091,70.15955000530654,0.0,9.802950436905226,157587,63.536966881785936,68.97904014925089,0.0266519446401035,7.307074822161727,79745,56.62173177001692,61.95623550065835,0.3561351808890839,7.96789767383535,75186,65.20096826536856,72.07325831936797,0.0093102439283909,9.543000026600696,0.7867213278672133,0.2133786621337866,0.9073841082149454,1.0,0.7867213278672133,0.2133786621337866,0.9073841082149454,1.0,0.9073841082149454,0.9073841082149454,0.10634782102591024,0.9787827323951684,0.24234412548934697,0.9999999999819025,0.04744040611640516,0.9526523854971465,0.11352948967828565,1.0,0.24234412548934697,0.11352948967828565,0.8051230629177718,0.24748746955762524,0.9644497224512195,0.99997757850991,0.7878751652061577,0.2122693570395125,0.9481315787636498,1.0,0.9644497224512195,0.9481315787636498,0.7080225283721211,0.36304686546677123,0.9518438013530711,0.9999996088429295,0.6856277882255161,0.3145764977558659,0.9260869413326442,1.0,0.9518438013530711,0.9260869413326442
gRNA_7393,Mtor,1.8028996762147504,0.3711532185539111,1.250134682882765,1.1413958592171423,1.250134682882765,1.1413958592171423,True,0.920079923514589,0.9494685501751527,0.8116972403776026,2262.802535947858,1.2128646085422918,0.9986542810154885,0.8850910745566049,1.1237315346506715,1.200320915264349,1.0841324828058814,1.1237315346506715,1.0841324828058814,True,1.4145545367074055,1.3975021626796165,1.1825965306292372,0.46621624906597425,0.46621624906597425,0.46621624906597425,0.46621624906597425,True,0.6069428166361626,0.6069428166361626,0.6069428166361626,0.0,0.0,0.0,0.0,True,,,,0.0,0.0,0.0,0.0,True,,,,2.1923093041860886,0.08911338233489956,1.140711343260494,1.140711343260494,1.140711343260494,True,1.2418383924812801,1.2418383924812801,1.0857457674630362,Mtor,MTOR,Y1974H,Y1974H,targeting guide,Missense,9344,1.4768835616438356,1.776541095890411,5.415239726027397,6.142979452054795,24031,63.74682701510549,73.50089467770796,1.0860971245474595,14.385585285672672,139464,72.75425916365514,83.66029943211151,1.160156025927838,12.187374519589286,259272,78.1530593353698,88.18615199481626,0.1994044864080965,10.874294177543277,247797,60.69605362453944,90.74807201055702,0.1146099428160954,31.78287065622263,0.008999100089991,0.9911008899110089,0.027964145734186912,1.0,0.008999100089991007,0.9911008899110089,0.027964145734186933,1.0,0.027964145734186912,0.027964145734186933,6.880605042090214e-06,0.9999999824381053,8.084710924456002e-05,0.9999999999819025,5.574951473880096e-07,0.9999994593868674,6.550567981809113e-06,1.0,8.084710924456002e-05,6.550567981809113e-06,0.009671956667260834,0.9533938224463575,0.061638232320170745,0.99997757850991,0.012184175934611931,0.9879964785344315,0.06362847432519564,1.0,0.061638232320170745,0.06362847432519564,0.02530692171871117,0.9880570599517441,0.16152936381902597,0.9999996088429295,0.014103678304665813,0.9859464773762402,0.08838305070923909,1.0,0.16152936381902597,0.08838305070923909
gRNA_7429,Mtor,1.121318476353919,-0.19616278368894166,-0.16421510346977933,0.253646863065066,-0.16421510346977933,-0.1801889435793605,True,0.10175049275938215,-0.2862536717636824,-0.28853397777070716,2943.1859700651976,2.137470977940101,2.068860580096211,2.3197029218578993,2.328020217578368,2.1104348232573225,2.1928979041459806,2.137470977940101,2.1928979041459806,True,3.0073211976248655,2.809229040059898,2.557404708807559,1.3061851787687815,1.3061851787687815,1.3061851787687815,1.3061851787687815,True,1.8409027900607497,1.8409027900607497,1.8409027900607497,0.0,0.0,0.0,0.0,True,,,,0.0,0.0,0.0,0.0,True,,,,2.466298846230556,2.1245417628368455,2.2954203045337005,2.2954203045337005,2.2954203045337005,True,2.5634972445916904,2.5634972445916904,2.2621602511866565,Mtor,MTOR,F1888L,F1888L,targeting guide,Missense,1830,0.0,2.5136612021857925,0.0,19.562841530054644,23468,0.3579342082836202,19.15374126470087,0.0,95.76018408044996,140731,0.8434531126759564,28.273088374274323,0.0014211509901869,96.6226346718207,176376,0.0583979679775026,25.478523155077788,0.0,94.64439606295642,239909,0.0929519109328954,30.122671512948664,0.0,98.59530071818898,9.99900009999001e-05,1.0,0.0053708914822803485,1.0,9.999000099989996e-05,1.0,0.005370891482280341,1.0,0.0053708914822803485,0.005370891482280341,4.025867277892059e-07,0.9999999994521901,2.769960224590558e-05,0.9999999999819025,2.56390516938289e-08,0.9999999758955828,1.9361201859582867e-06,1.0,2.769960224590558e-05,1.9361201859582867e-06,0.00013656865293055974,0.99997757850991,0.01369293132878094,0.99997757850991,6.218540456667462e-05,0.9999414607685009,0.006426596267735429,1.0,0.01369293132878094,0.006426596267735429,0.29034892517645755,0.7973221181852043,0.6953579354544461,0.9999996088429295,0.23856560500613344,0.7616290091169526,0.564155141398152,1.0,0.6953579354544461,0.564155141398152
gRNA_7481,Myc,0.7355637840729851,-1.0833405528841897,0.5779699264906286,0.07673105255980799,0.5779699264906286,0.6567668552818069,True,-0.061330980866483864,0.3621959148676469,0.40823924190372135,746.747882172356,-0.3722482301637948,0.36731996569090075,0.7938180292751779,0.3319621691807175,-0.34817488624941945,0.15453540954671635,0.3319621691807175,,False,0.07916726914264624,0.29488935490201007,,-0.11538082912843652,-0.11538082912843652,-0.11538082912843652,-0.11538082912843652,True,-0.24745487567671073,-0.24745487567671073,-0.24745487567671073,0.0,0.0,0.0,0.0,True,,,,0.0,0.0,0.0,0.0,True,,,,1.000350897462529,1.1978002574051665,1.0990755774338479,1.0990755774338479,1.0990755774338479,True,1.194182853020923,1.194182853020923,1.043327357628073,Myc,MYC,T73A,T73A,targeting guide,Missense,2662,0.6386175807663411,0.6386175807663411,0.33809166040571,2.779864763335838,5577,93.43733189887035,96.66487358795052,0.4482696790389098,3.765465303926842,31842,93.4112178883236,96.4512279379436,0.2292569562213429,5.508447961811444,28190,92.79886484568996,99.95388435615466,0.2873359347286272,6.864136218517205,36638,95.90861946612806,99.73797696380808,0.2374583765489382,3.5946285277580654,0.2392760723927607,0.7608239176082392,0.44538516445385157,1.0,0.23927607239276072,0.7608239176082392,0.4453851644538516,1.0,0.44538516445385157,0.4453851644538516,0.03298560243366717,0.9682817438048855,0.08437133683713507,0.9999999999819025,0.022058241915486176,0.9780237984536432,0.057199303173950354,1.0,0.08437133683713507,0.057199303173950354,0.004546548180524422,0.9989269236972497,0.03975586315993448,0.99997757850991,0.0024099650366134436,0.9976096009572322,0.022101142774796457,1.0,0.03975586315993448,0.022101142774796457,0.327175421040721,0.621468031229478,0.7152206878564599,0.9999996088429295,0.3285099071083105,0.6717250396573903,0.664268883558094,1.0,0.7152206878564599,0.664268883558094
gRNA_7510,Myd88,-1.0495018034424433,-2.477092412610738,-1.5951685053154459,-1.7072542404562088,-1.5951685053154459,-1.7072542404562088,True,-1.7058134591765706,-1.536482529067657,-1.5598295527649442,5408.343781643527,0.31171756677123214,0.10516841359018425,0.5848543976257325,0.1503748817372501,-0.8163023794831984,0.06716257604824014,0.1503748817372501,0.2880288149310998,True,-0.04634578671912951,0.04201209342079556,0.19547174101489054,0.3083117980057295,0.3083117980057295,0.3083117980057295,0.3083117980057295,True,0.3749726028059159,0.3749726028059159,0.3749726028059159,0.0,0.0,0.0,0.0,True,,,,0.0,0.0,0.0,0.0,True,,,,-0.7089246125993577,-1.0772512443917677,-0.8930879284955626,-0.8930879284955626,-0.8930879284955626,True,-1.086011222514576,-1.086011222514576,-0.9862836360693089,Myd88,MYD88,L252P,L265P,targeting guide,Missense,14210,0.0633356790992259,0.2251935256861365,0.0211118930330753,13.22308233638283,27446,32.8754645485681,89.92202871092326,0.0036435181811557,62.37338774320483,72242,22.881426317100857,94.6153207275546,0.001384236316824,74.70861825530855,56349,33.44158725088289,92.392056646968,0.0,62.29746756819109,63702,27.424570657122228,92.543405230605,0.0,67.06068883237575,0.014598540145985401,0.9855014498550145,0.04222346996069623,1.0,0.014598540145985406,0.9855014498550145,0.04222346996069625,1.0,0.04222346996069623,0.04222346996069625,0.05518694617192885,0.8913279078538545,0.1356228219650016,0.9999999999819025,0.04699509010578748,0.9531283176439151,0.11327021717805187,1.0,0.1356228219650016,0.11327021717805187,0.9220799670966815,0.14784068390508123,0.987755178428354,0.99997757850991,0.8927400608838834,0.10736419741097608,0.9776426727155132,1.0,0.987755178428354,0.9776426727155132,0.996903341734506,0.010977316838772061,0.9999269884937744,0.4127471131378295,0.9949669521816348,0.005059609589336819,1.0,0.21658199187700827,0.4127471131378295,0.21658199187700827
gRNA_7511,Myd88,1.2553563861804475,1.7441303351308366,0.35249941550978214,1.1173287122736888,1.2553563861804475,1.1173287122736888,True,0.8978947622319461,0.9540307701178997,0.7916611243879823,721.6965783341267,1.3462015007712052,1.357894666715781,1.4779677365767494,1.372003212527659,1.714265576664934,1.4536665386512655,1.372003212527659,1.4536665386512655,True,1.945398584416573,1.7432436674334915,1.6407984481075102,1.0178118058107504,1.0178118058107504,1.0178118058107504,1.0178118058107504,True,1.4172666446648097,1.4172666446648097,1.4172666446648097,0.0,0.0,0.0,0.0,True,,,,0.0,0.0,0.0,0.0,True,,,,0.11221080052349328,1.0820773158450443,0.5971440581842687,0.5971440581842687,0.5971440581842687,True,0.619681175266579,0.619681175266579,0.5319608324808787,Myd88,MYD88,M219T,M232T,targeting guide,Missense,975,0.2051282051282051,1.0256410256410255,0.0,16.82051282051282,12410,11.03948428686543,73.92425463336019,0.016116035455278,84.14182111200644,59253,13.93178404468972,73.36337400637942,0.0,83.53838624204681,43981,8.10349923830745,79.41156408449103,0.0,89.90927900684386,40256,10.954888712241653,79.30743243243244,0.0,85.23698330683625,0.004199580041995798,0.9959004099590041,0.02050704020507039,1.0,0.0041995800419957945,0.9959004099590041,0.02050704020507037,1.0,0.02050704020507039,0.02050704020507037,7.106186008574277e-07,0.9999999989266432,2.769960224590558e-05,0.9999999999819025,4.7268595450700737e-08,0.9999999552003374,1.9361201859582867e-06,1.0,2.769960224590558e-05,1.9361201859582867e-06,0.035201379613299486,0.95613077713363,0.13787207015208966,0.99997757850991,0.030476335624651442,0.969633246778935,0.11642839717455995,1.0,0.13787207015208966,0.11642839717455995,0.02580363521627968,0.9873074869899074,0.16152936381902597,0.9999996088429295,0.014565364475530456,0.9854861304827749,0.08977995152130248,1.0,0.16152936381902597,0.08977995152130248
gRNA_7512,Myd88,1.0959719628211446,2.333584831615993,2.276956465706429,1.902171086714522,2.276956465706429,1.902171086714522,True,1.6213645901817257,1.8466062365167502,1.4450494501755122,693.59445124439,1.1956450479072724,0.95141730852527,0.020184655343208402,0.999088730713487,1.1067947568484486,0.8546260998675372,0.999088730713487,0.8546260998675372,True,1.084863415234541,1.2239254141818015,0.8980212308093691,0.37427706886785406,0.37427706886785406,0.37427706886785406,0.37427706886785406,True,0.47187916803895713,0.47187916803895713,0.47187916803895713,0.0,0.0,0.0,0.0,True,,,,0.0,0.0,0.0,0.0,True,,,,0.4691565368240965,1.438161004554774,0.9536587706894353,0.9536587706894353,0.9536587706894353,True,1.0277414237732732,1.0277414237732732,0.8951770934763688,Myd88,MYD88,M219T,M232T,targeting guide,Missense,2660,0.3383458646616541,0.5263157894736842,0.0,11.654135338345863,13358,50.59889204970804,96.8258721365474,0.014972301242701,47.087887408294655,60475,44.610169491525426,98.84911120297645,0.0,54.42248863166598,51851,43.958650749262304,97.68181905845596,0.0270004435787159,54.20339048427224,49953,43.0144335675535,96.92510960302684,3.9537164935038938,51.00594558885352,0.008999100089991,0.9911008899110089,0.027964145734186912,1.0,0.008999100089991007,0.9911008899110089,0.027964145734186933,1.0,0.027964145734186912,0.027964145734186933,6.666322844299e-05,0.9999782266987886,0.00041775623157607063,0.9999999999819025,1.2397126934108398e-05,0.9999878705177884,7.303710502412385e-05,1.0,0.00041775623157607063,7.303710502412385e-05,0.008275771965864827,0.9923202048053844,0.0545910571783364,0.99997757850991,0.005880794320252676,0.9941725802732778,0.03833471610487208,1.0,0.0545910571783364,0.03833471610487208,0.0008398889204717506,0.9997116198274775,0.015151149473992192,0.9999996088429295,0.0003224718212477092,0.9996828150073849,0.006062470239456933,1.0,0.015151149473992192,0.006062470239456933
gRNA_7513,Myd88,-0.4604330568674904,0.14744820928413463,-0.39672010195646656,-0.23656831651327412,-0.39672010195646656,-0.42857657941197846,True,-0.35013118842607777,-0.48939408024976155,-0.49531891549609974,2392.4447887570363,0.6571638027649945,0.6476131201747818,0.801494664975138,0.12886197536226407,0.5458827572380267,0.556203264103041,0.6476131201747818,0.556203264103041,True,0.6561722470994024,0.7344627919806946,0.5279933175395619,0.26162812917694866,0.26162812917694866,0.26162812917694866,0.26162812917694866,True,0.30639175807430624,0.30639175807430624,0.30639175807430624,0.0,0.0,0.0,0.0,True,,,,0.0,0.0,0.0,0.0,True,,,,0.757285522801,0.42025371964368724,0.5887696212223437,0.5887696212223437,0.5887696212223437,True,0.6100959472018682,0.6100959472018682,0.5234289779050066,Myd88,MYD88,M219T,M232T,targeting guide,Missense,1900,0.4736842105263158,0.6842105263157895,0.0,9.947368421052632,10514,56.134677572760125,81.36770020924482,0.0856001521780483,29.96005326231691,58280,61.03294440631435,89.04083733699383,0.0806451612903225,28.65133836650652,39365,57.65019687539693,80.54871078369109,0.1473390067318684,25.12638130318811,42092,56.84928252399506,80.9061104247838,0.4418891950964554,26.358928062339636,0.014598540145985401,0.9855014498550145,0.04222346996069623,1.0,0.014598540145985406,0.9855014498550145,0.04222346996069625,1.0,0.04222346996069623,0.04222346996069625,0.0009297765004877274,0.9999677889507026,0.0038451108488389927,0.9999999999819025,0.00015850413512110757,0.9998429724563013,0.0006929948233201913,1.0,0.0038451108488389927,0.0006929948233201913,0.03689175607604072,0.9859885444322911,0.14154388045501337,0.99997757850991,0.023108038711205706,0.9769482544253771,0.09530485417693924,1.0,0.14154388045501337,0.09530485417693924,0.6861847210843133,0.5773082908787277,0.9518438013530711,0.9999996088429295,0.5583364726674138,0.44184304124010965,0.8602651282762629,1.0,0.9518438013530711,0.8602651282762629
gRNA_7514,Myd88,0.11325189200979922,0.24852570035129168,-0.22033993072387406,0.04714588721240562,0.11325189200979922,0.18088879618054546,True,-0.0886026664695967,-0.04382981348110874,0.012066483600859528,1530.9901929876382,0.9830624433484122,0.4869728532941549,0.4618314273542455,0.709273619138915,1.1852329796575196,0.7652746645586495,0.709273619138915,0.7652746645586495,True,0.956508053021756,0.8203307970549464,0.7872303623079332,0.8731610808122484,0.8731610808122484,0.8731610808122484,0.8731610808122484,True,1.2047668741814512,1.2047668741814512,1.2047668741814512,0.0,0.0,0.0,0.0,True,,,,0.0,0.0,0.0,0.0,True,,,,0.9457076382483245,0.5666967868813283,0.7562022125648264,0.7562022125648264,0.7562022125648264,True,0.8017362426366413,0.8017362426366413,0.694008866092149,Myd88,MYD88,M219T,M232T,targeting guide,Missense,3314,0.3621001810500905,0.4526252263126131,0.4526252263126131,12.190706095353049,17884,60.89241780362335,99.38492507269068,0.0,38.65466338626705,69375,66.65801801801801,99.12648648648648,0.0043243243243243,32.572252252252255,55128,68.36816136990277,98.0191554201132,0.0,29.863227398055436,40624,50.324931075226466,97.90517920441118,0.0049231981094919,47.72055927530524,0.004199580041995798,0.9959004099590041,0.02050704020507039,1.0,0.0041995800419957945,0.9959004099590041,0.02050704020507037,1.0,0.02050704020507039,0.02050704020507037,0.00012196809091293222,0.999998377579161,0.0007055384951271155,0.9999999999819025,1.5282608238363806e-05,0.9999849721132277,8.840401073268909e-05,1.0,0.0007055384951271155,8.840401073268909e-05,0.017352777210107848,0.9935010236170765,0.08585058198684936,0.99997757850991,0.010484058320527923,0.9895581672637991,0.05883590938087312,1.0,0.08585058198684936,0.05883590938087312,0.4926469234830576,0.7730804535237884,0.8464485958384975,0.9999996088429295,0.35123549215384275,0.6489336366924735,0.6878361721346088,1.0,0.8464485958384975,0.6878361721346088
gRNA_7558,Ncoa3,0.7024499709698232,1.9278804092209327,0.1276070405731578,0.9193124735879713,0.7024499709698232,0.9193124735879713,True,0.7153628567199836,0.47095455338490344,0.6268108271983286,1093.9069342693488,0.4386682858647401,-0.07760649438198744,-0.2149398144748732,0.4194557168602881,0.4411291583627842,0.20134137044619038,0.4194557168602881,,False,0.14640509295824025,0.4167322936119898,,-0.17309345281678368,-0.17309345281678368,-0.17309345281678368,-0.17309345281678368,True,-0.33223785403989015,-0.33223785403989015,-0.33223785403989015,0.0,0.0,0.0,0.0,True,,,,0.0,0.0,0.0,0.0,True,,,,1.176010947969357,1.6888747997359808,1.4324428738526689,1.4324428738526689,1.4324428738526689,True,1.575748990543782,1.575748990543782,1.3829610913738148,Ncoa3,NCOA3,M1396V,M1417V,targeting guide,Missense,2953,0.3386386725364037,0.3386386725364037,0.0,11.412123264476804,9758,83.0703012912482,98.0221356835417,0.0204960032793605,15.23877843820455,43760,85.46617915904936,98.94881170018282,0.1211151736745886,13.510054844606948,36959,84.71278984821018,98.9772450553316,1.0633404583457344,13.106415216861928,41915,83.0490277943457,96.48813074078492,0.0691876416557318,15.335798640104976,0.31666833316668336,0.6834316568343167,0.5363391588769051,1.0,0.31666833316668336,0.6834316568343166,0.5363391588769051,1.0,0.5363391588769051,0.5363391588769051,0.026940949508579122,0.9952224044282371,0.07184253202287766,0.9999999999819025,0.009609673041638928,0.9904223014672204,0.02618287727287128,1.0,0.07184253202287766,0.02618287727287128,0.0012813674556689915,0.9996597866965696,0.02007475680548087,0.99997757850991,0.0006602255114940755,0.9993520233295966,0.010343533013407184,1.0,0.02007475680548087,0.010343533013407184,0.04551457311814645,0.9665748338564832,0.23126323638409546,0.9999996088429295,0.031930405348278644,0.968169316760846,0.16151019224928895,1.0,0.23126323638409546,0.16151019224928895
gRNA_7812,Nfe2,-0.3298902364921908,0.11488873068363085,0.9224500332623823,0.2358161758179408,0.11488873068363085,0.5186693819730066,True,0.08531411692774502,-0.04239970196096003,0.2932718550510287,1282.6101759233254,0.4117133305629224,0.5972287718497807,0.7487782004658249,0.6652043360160156,0.2053913280416889,0.5256631933872465,0.5972287718497807,0.5256631933872465,True,0.6123007432429898,0.6642978800789818,0.49012530851428804,0.5620469218344379,0.5620469218344379,0.5620469218344379,0.5620469218344379,True,0.7477232791521662,0.7477232791521662,0.7477232791521662,0.0,0.0,0.0,0.0,True,,,,0.0,0.0,0.0,0.0,True,,,,0.21617014409419216,-0.9354485839585008,-0.3596392199321543,-0.3596392199321543,,False,-0.47543554373721014,-0.47543554373721014,,Nfe2,NFE2,Q286R,Q263R,targeting guide,Missense,2719,1.875689591761677,4.81794777491725,0.0,26.737771239426262,9577,57.335282447530545,82.00897984755142,0.1253001983919807,28.98611256134489,41923,68.29186842544665,91.59888366767646,0.0023853254776614,25.019678935190708,49974,57.82807059671029,81.67847280585904,0.0,29.167166926801936,53151,62.79279787774455,86.41229704050724,0.0,27.77746420575342,0.008999100089991,0.9911008899110089,0.027964145734186912,1.0,0.008999100089991007,0.9911008899110089,0.027964145734186933,1.0,0.027964145734186912,0.027964145734186933,0.0012357045182685182,0.9999705162058493,0.004741070396622069,0.9999999999819025,0.00020447361310965318,0.9997972475089619,0.0008542453169914399,1.0,0.004741070396622069,0.0008542453169914399,0.46243057280214883,0.4226240262657104,0.7659642968000351,0.99997757850991,0.522205301687622,0.4780022811720762,0.7856237463318646,1.0,0.7659642968000351,0.7856237463318646,0.30459670396724037,0.8171737442939945,0.6979161007605451,0.9999996088429295,0.23321161444604604,0.7669648627122736,0.5620997886648289,1.0,0.6979161007605451,0.5620997886648289
gRNA_7813,Nfe2,2.6394434803458497,1.2296646910729507,1.0568355794369977,1.641981250285266,1.2296646910729507,1.641981250285266,True,1.3815208937581376,0.9315838486632819,1.2284390744518974,1492.462134376999,1.1229136711719963,0.7899331011178735,1.3274443916797058,0.988907729296948,1.3608567309223296,1.1180111248377709,1.1229136711719963,1.1180111248377709,True,1.463221973937123,1.3963632113815125,1.2246041845789095,0.6145782741843205,0.6145782741843205,0.6145782741843205,0.6145782741843205,True,0.824894688542932,0.824894688542932,0.824894688542932,0.0,0.0,0.0,0.0,True,,,,0.0,0.0,0.0,0.0,True,,,,1.4278542554015552,1.7285144611934715,1.5781843582975132,1.5781843582975132,1.5781843582975132,True,1.7425620399756083,1.7425620399756083,1.5314421363214945,Nfe2,NFE2,Q286R,Q263R,targeting guide,Missense,2744,3.2434402332361514,4.810495626822157,0.0,13.81195335276968,18316,71.68595763267089,89.74666957851059,0.0,19.73138239790347,92849,72.24956650044696,90.29499509957029,2.672080474749324,16.317892492110847,67319,69.68612130304966,91.3308278494927,0.3238313106255291,22.714241150343888,83405,65.13997961752892,92.3469815958276,0.2002278040884839,28.36041004735927,0.004199580041995798,0.9959004099590041,0.02050704020507039,1.0,0.0041995800419957945,0.9959004099590041,0.02050704020507037,1.0,0.02050704020507039,0.02050704020507037,4.409489712637742e-06,0.9999999852353799,6.128982945579738e-05,0.9999999999819025,3.589895387735101e-07,0.9999996537878985,4.959897417994384e-06,1.0,6.128982945579738e-05,4.959897417994384e-06,0.0006475253789901042,0.9998786305354594,0.0173906816071628,0.99997757850991,0.00031254955067394017,0.9996951076439646,0.008394187932385822,1.0,0.0173906816071628,0.008394187932385822,0.00452833477897957,0.9986397510439785,0.04765792543737785,0.9999996088429295,0.0020469189918807507,0.9979728577387599,0.02080112272830168,1.0,0.04765792543737785,0.02080112272830168
gRNA_7816,Nfe2l2,1.2297501031100289,-0.22038002400604745,0.3560429287077997,0.45513766927059374,0.3560429287077997,0.7928965159089143,True,0.28748526402836744,0.16829754159773036,0.5215684070249856,1905.3776333431151,-0.17777790743789817,-0.04279015299788137,-0.199917716622265,0.0299709783384616,-0.2356078794319616,-0.12522453563030891,-0.17777790743789817,-0.16402341412250154,True,-0.32271423361877755,-0.4149713212351907,-0.36504817555635194,-0.11633749868407144,-0.11633749868407144,-0.11633749868407144,-0.11633749868407144,True,-0.24886027520722082,-0.24886027520722082,-0.24886027520722082,0.0,0.0,0.0,0.0,True,,,,0.0,0.0,0.0,0.0,True,,,,-0.26156452312041084,-1.4129769882867926,-0.8372707557036018,-0.8372707557036018,-0.8372707557036018,True,-1.0221239028570497,-1.0221239028570497,-0.9294172457361429,Nfe2l2,NFE2L2,I28T,I28T,targeting guide,Missense,26083,0.2837096959705555,0.4063949699037687,0.0230034888624774,18.778514741402446,31625,77.6600790513834,86.5201581027668,0.1264822134387351,11.39604743083004,106181,84.21280643429616,92.5504562963242,0.3041975494674188,9.24270820579953,101516,86.15489183971,95.87651207691398,0.6038456992001261,9.640844792939046,62401,86.50662649637026,95.0096953574462,0.0144228457877277,9.410105607281936,0.2392760723927607,0.7608239176082392,0.44538516445385157,1.0,0.23927607239276072,0.7608239176082392,0.4453851644538516,1.0,0.44538516445385157,0.4453851644538516,0.3359935850740725,0.942732249598858,0.5776234469503249,0.9999999999819025,0.16085789218656593,0.8392972216834027,0.3133396188549608,1.0,0.5776234469503249,0.3133396188549608,0.805768907132732,0.12907825950727558,0.9644497224512195,0.99997757850991,0.8619242103245837,0.13825862575558617,0.9688754963933863,1.0,0.9644497224512195,0.9688754963933863,0.19805387390780002,0.8782704937722465,0.5772733068940528,0.9999996088429295,0.1476407629888568,0.8525162155520329,0.43710966050244227,1.0,0.5772733068940528,0.43710966050244227
gRNA_7839,Nkx2-1,0.583817295250034,-0.02988414994781754,1.5871095048363328,0.7136808833795164,0.583817295250034,1.0854634000431833,True,0.5258110995341646,0.36730478085369306,0.7651329657576325,1301.056258216601,1.0930093255574473,1.3678610748111408,1.68787440385437,0.9418459018648113,1.347254337139903,1.2875690086455345,1.347254337139903,1.2875690086455345,True,1.7067957175142896,1.7087785464390275,1.4348466405997486,1.1041489074136503,1.1041489074136503,1.1041489074136503,1.1041489074136503,True,1.544100535576899,1.544100535576899,1.544100535576899,0.0,0.0,0.0,0.0,True,,,,0.0,0.0,0.0,0.0,True,,,,0.582231348693372,0.40391657967349964,0.49307396418343585,0.49307396418343585,0.49307396418343585,True,0.5005644405834921,0.5005644405834921,0.42593449163559327,Nkx2-1,NKX2-1,Y174C,Y174C,targeting guide,Missense,3253,18.50599446664617,20.903781125115277,0.0,5.5948355364279125,18280,31.03938730853392,40.37746170678337,0.2625820568927789,11.2472647702407,55528,30.8456994669356,43.69327186284397,0.0414205445901166,14.82315228353263,68025,33.76699742741639,38.92098493201029,0.0,7.100330760749725,42721,32.955689239484094,40.476580604386605,0.0,9.367758245359424,0.004199580041995798,0.9959004099590041,0.02050704020507039,1.0,0.0041995800419957945,0.9959004099590041,0.02050704020507037,1.0,0.02050704020507039,0.02050704020507037,1.9124893712859587e-06,0.9999999955658286,3.459375888652233e-05,0.9999999999819025,1.4146159719974752e-07,0.9999998645465366,2.5394634870838154e-06,1.0,3.459375888652233e-05,2.5394634870838154e-06,0.05491892271764898,0.9803356577515417,0.18407000107915764,0.99997757850991,0.03453466906595953,0.9655282920751653,0.12497739243557454,1.0,0.18407000107915764,0.12497739243557454,0.0965161687555892,0.9400747251947191,0.3665664591121368,0.9999996088429295,0.06788785760526468,0.932233482564037,0.260467698567138,1.0,0.3665664591121368,0.260467698567138
gRNA_7843,Nkx2-1,2.411291447137798,1.1091595928127826,1.6585951753396089,1.7263487384300633,1.6585951753396089,1.7263487384300633,True,1.4592910729946476,1.3063418725904525,1.2986757660794392,269.67797028039257,0.24941915478627788,0.007768300150662214,0.01914827642332494,0.26597500539479263,1.5726887036900195,0.4229998880890154,0.24941915478627788,0.4229998880890154,True,0.464822578041032,0.1799404962658089,0.36282845292491056,0.3953829464866451,0.3953829464866451,0.3953829464866451,0.3953829464866451,True,0.5028848484452558,0.5028848484452558,0.5028848484452558,0.0,0.0,0.0,0.0,True,,,,0.0,0.0,0.0,0.0,True,,,,1.2742935257664192,0.44880892731020516,0.8615512265383122,0.8615512265383122,0.8615512265383122,True,0.9223168058338272,0.9223168058338272,0.8013381672761966,Nkx2-1,NKX2-1,N152S,N152S,targeting guide,Missense,584,0.0,1.8835616438356164,8.21917808219178,21.232876712328768,3856,0.0,87.75933609958506,0.0,99.1701244813278,21380,0.0046772684752104,91.08980355472404,0.0046772684752104,99.88306828811972,29568,0.0,91.45359848484848,0.0,99.59753787878788,32921,0.0,65.97308708726952,0.0,99.98177455119831,0.008999100089991,0.9911008899110089,0.027964145734186912,1.0,0.008999100089991007,0.9911008899110089,0.027964145734186933,1.0,0.027964145734186912,0.027964145734186933,0.008539768155581174,0.9985350780288333,0.025720670044375147,0.9999999999819025,0.003014613470556648,0.9970098372537592,0.00899598940420079,1.0,0.025720670044375147,0.00899598940420079,0.016189747542438057,0.9907616211424205,0.08226141994536093,0.99997757850991,0.01066230287263791,0.9893894290913373,0.05895626294282138,1.0,0.08226141994536093,0.05895626294282138,0.0023568276394241258,0.999494913778413,0.02858603846527327,0.9999996088429295,0.000916608157802743,0.9990931193759965,0.012308738119065406,1.0,0.02858603846527327,0.012308738119065406
gRNA_7902,Notch1,0.6870208279011205,1.5704824027294404,1.8471824713051515,1.3682285673119041,1.5704824027294404,1.3682285673119041,True,1.1291749286302581,1.2293574432776542,1.0005375071655436,781.5185443303355,1.3188906317728435,0.5376370234660938,0.12385627788622587,0.547916008856299,1.1484928906368768,0.7353585665236677,0.547916008856299,0.7353585665236677,True,0.9135329000653567,0.5956252508579187,0.7501360451096504,0.780988437086651,0.780988437086651,0.780988437086651,0.780988437086651,True,1.0693602549838173,1.0693602549838173,1.0693602549838173,0.0,0.0,0.0,0.0,True,,,,0.0,0.0,0.0,0.0,True,,,,0.9404059053447192,0.6329507140508891,0.7866783096978042,0.7866783096978042,0.7866783096978042,True,0.8366186285056868,0.8366186285056868,0.725057834513656,Notch1,NOTCH1,F357S,F357S,targeting guide,Missense,2329,0.04293688278231,0.4293688278231,0.0,18.84929154143409,18949,0.0,39.838513905747,0.0052773233416011,96.82832867169772,114308,0.0096231234909192,41.43629492249011,0.0,95.74920390523847,64789,0.030869437713192,37.05104261525876,0.0015434718856596,94.6240874222476,52765,0.0113711740737231,40.8869515777504,0.0,94.6290154458448,0.004199580041995798,0.9959004099590041,0.02050704020507039,1.0,0.0041995800419957945,0.9959004099590041,0.02050704020507037,1.0,0.02050704020507039,0.02050704020507037,0.0002671262240606343,0.9999746683345859,0.001394992503427757,0.9999999999819025,5.1053735719481906e-05,0.999949810103321,0.0002629617072674685,1.0,0.001394992503427757,0.0002629617072674685,0.015114644147996287,0.9948781340519317,0.08226141994536093,0.99997757850991,0.00890496111637576,0.9911330567097165,0.051511775073189006,1.0,0.08226141994536093,0.051511775073189006,0.010374363604081897,0.9970422807549022,0.08527628163643086,0.9999996088429295,0.004694838389861664,0.9953288347902226,0.040119528058817855,1.0,0.08527628163643086,0.040119528058817855
gRNA_7918,Notch1,-0.7398864115375199,0.19224698906351345,1.1650346347190874,0.20579840408169367,0.19224698906351345,0.6786408118913004,True,0.05764365358288439,0.025188471666889062,0.42644950724217057,2631.482041979688,0.5475898712430397,0.9659729694134621,0.34895178979656094,0.4276322624673203,0.20850503342700352,0.49973038526947733,0.4276322624673203,0.49973038526947733,True,0.5750476765446889,0.4281188972150987,0.4579700518682546,0.7619964541862768,0.7619964541862768,0.7619964541862768,0.7619964541862768,True,1.0414600007168915,1.0414600007168915,1.0414600007168915,0.0,0.0,0.0,0.0,True,,,,0.0,0.0,0.0,0.0,True,,,,-0.11630048024783396,0.4651131823938145,0.17440635107299027,0.17440635107299027,,False,0.1358232929232843,0.1358232929232843,,Notch1,NOTCH1,I471T,I471T,targeting guide,Missense,22152,0.0,0.0361141206211628,0.6365113759479957,4.58197905381004,56259,1.0611635471657868,90.50640786363071,0.0017774933788371,97.00314616328056,217341,0.0220851104945684,93.32569556595396,0.0009202129372736,98.79544126510874,104146,0.3389472471338313,92.94740076431164,1.9415051946306148,96.3282315211338,160245,0.0037442665917813,92.50210614995788,0.2801959499516365,98.17716621423446,0.004199580041995798,0.9959004099590041,0.02050704020507039,1.0,0.0041995800419957945,0.9959004099590041,0.02050704020507037,1.0,0.02050704020507039,0.02050704020507037,0.001696629181783322,0.9999446015256068,0.00613396704183201,0.9999999999819025,0.00031556831045297367,0.9996871531297994,0.0012232338631991556,1.0,0.00613396704183201,0.0012232338631991556,0.18257930040709802,0.8757171529491701,0.4263963785904898,0.99997757850991,0.1456447838431968,0.8544805390426257,0.3444178536166163,1.0,0.4263963785904898,0.3444178536166163,0.28459372490168855,0.7227072888871813,0.6950676332323262,0.9999996088429295,0.2660977278136627,0.7341212838191705,0.6027273834815492,1.0,0.6950676332323262,0.6027273834815492
gRNA_8228,Nsd1,0.8039509677006618,-0.14613702097359654,0.8136621851999403,0.4904920439756684,0.8039509677006618,0.808806576450301,True,0.3200750224539055,0.5596363196774562,0.5348136753219749,3787.401220176457,0.858709965318038,1.1502037953393907,0.6163946842887884,0.9493402088267385,0.6989569370656128,0.8547211181677137,0.858709965318038,0.8547211181677137,True,1.084999911176591,1.0284348693144103,0.8981390482788221,0.3474712365729778,0.3474712365729778,0.3474712365729778,0.3474712365729778,True,0.43249994466945385,0.43249994466945385,0.43249994466945385,0.0,0.0,0.0,0.0,True,,,,0.0,0.0,0.0,0.0,True,,,,0.8021008084234383,0.5409118021802001,0.6715063053018192,0.6715063053018192,0.6715063053018192,True,0.7047948493281062,0.7047948493281062,0.6077208962590823,Nsd1,NSD1,T2030A,T2029A,targeting guide,Missense,15316,0.1175241577435361,0.5680334290937582,0.0,26.025071820318622,39499,7.103977315881414,92.94159345806224,0.0,90.20987873110712,172015,12.290207249367787,95.31087405168154,0.0063947911519344,86.13434874865564,213828,13.564173073685392,94.3763211553211,0.0,84.68769291206016,169900,9.468510888758091,91.44496762801649,0.0,88.36080047086521,0.008999100089991,0.9911008899110089,0.027964145734186912,1.0,0.008999100089991007,0.9911008899110089,0.027964145734186933,1.0,0.027964145734186912,0.027964145734186933,4.622960205040858e-05,0.9999997247642836,0.000316042370380975,0.9999999999819025,4.7521738284854155e-06,0.9999953415604325,3.248758835473666e-05,1.0,0.000316042370380975,3.248758835473666e-05,0.025628560248686996,0.9908512948883529,0.1133686900412507,0.99997757850991,0.015597865942279751,0.9844498530476936,0.0771683893986472,1.0,0.1133686900412507,0.0771683893986472,0.17697881913287947,0.9182294275496187,0.5499507106939064,0.9999996088429295,0.1158832332650988,0.8842405652578584,0.3822113658568171,1.0,0.5499507106939064,0.3822113658568171
gRNA_8699,Phf6,-0.6940095293884986,-0.9455300199820713,-1.5723806222463725,-1.0706400572056476,-0.9455300199820713,-1.0706400572056476,True,-1.1189807796148812,-0.9688911734501747,-1.0298425274555232,2111.5648180584035,1.150887725977778,0.28757488844517753,0.1472483357723428,-0.19132631277925946,0.4260024939280358,0.36407742626881495,0.28757488844517753,0.5029283610308335,True,0.38017912599960146,0.23307591985912088,0.46193536603273727,0.25087932081674896,0.25087932081674896,0.25087932081674896,0.25087932081674896,True,0.2906011748640548,0.2906011748640548,0.2906011748640548,0.0,0.0,0.0,0.0,True,,,,0.0,0.0,0.0,0.0,True,,,,-1.3998650900795122,-1.2860297135900682,-1.3429474018347902,-1.3429474018347902,-1.3429474018347902,True,-1.600912184648742,-1.600912184648742,-1.444599296400737,Phf6,PHF6,H302R,H302R,targeting guide,Missense,20261,0.2072948028231578,0.4836878732540349,0.1579388973890726,13.839395883717486,26505,0.0490473495566874,83.37294850028296,0.0037728730428221,99.12092058102246,66483,0.0917527789058857,74.59801753831806,0.3835566987049321,91.90620158536768,31789,1.119884236685646,80.95567649186826,0.003145742237881,97.6784422284438,37804,0.0634853454660882,72.07967410855994,0.0132261136387683,97.61665432229394,0.014598540145985401,0.9855014498550145,0.04222346996069623,1.0,0.014598540145985406,0.9855014498550145,0.04222346996069625,1.0,0.04222346996069623,0.04222346996069625,0.008550754669007695,0.9980123680494422,0.025720670044375147,0.9999999999819025,0.003005461168806472,0.9970135960822917,0.00899598940420079,1.0,0.025720670044375147,0.00899598940420079,0.991366546926756,0.02776888888602497,0.9999687187655443,0.9881219306548372,0.9835483435159329,0.016497531908962665,1.0,0.7241491704174918,0.9881219306548372,0.7241491704174918,0.9713056407022813,0.09307661467904214,0.9999269884937744,0.8368186950970642,0.948319407262045,0.05176376093348092,1.0,0.5509040677428166,0.8368186950970642,0.5509040677428166
gRNA_8775,Pik3ca,2.2044999446655886,1.5527647084962033,2.6923163566750032,2.149860336612265,2.2044999446655886,2.149860336612265,True,1.8496852120597165,1.7833007274846107,1.6512529753375649,1412.3738861940958,-0.7558954499430856,0.18941014387816396,0.2858869465804298,-0.38056161045673637,-1.1356117727802701,-0.35935434854429965,-0.38056161045673637,,False,-0.659047017054184,-0.6973665715546176,,-0.5018007037887772,-0.5018007037887772,-0.5018007037887772,-0.5018007037887772,True,-0.815126656626173,-0.815126656626173,-0.815126656626173,0.0,0.0,0.0,0.0,True,,,,0.0,0.0,0.0,0.0,True,,,,1.2356877884627993,0.5704642320687234,0.9030760102657613,0.9030760102657613,0.9030760102657613,True,0.9698453172042074,0.9698453172042074,0.8436435088374143,Pik3ca,PIK3CA,Q546R,Q546R,targeting guide,Missense,30318,0.039580447259054,0.3298370604921168,0.1055478593574774,3.331354310970381,25508,30.065077622706603,92.7512937117767,0.1568135486906068,65.5323819978046,122384,12.714080271930971,79.53408942345405,0.0277814093345535,83.0165707935678,208809,11.14463457034898,88.95689362048572,0.0,87.89515777576638,217166,17.126529935625282,88.3278229557113,0.0566387003490417,79.80392879179982,0.83001699830017,0.1700829917008299,0.9233325188191239,1.0,0.83001699830017,0.17008299170082997,0.9233325188191239,1.0,0.9233325188191239,0.9233325188191239,0.4556789469910808,0.30696817156898887,0.7198961515489344,0.9999999999819025,0.5833755700927145,0.417075352501969,0.8064309351281641,1.0,0.7198961515489344,0.8064309351281641,0.012493663203905861,0.9944589951249547,0.07340027132294694,0.99997757850991,0.007691200795209425,0.99234954074468,0.04664341127417329,1.0,0.07340027132294694,0.04664341127417329,0.00039854916531007487,0.9999507605465715,0.00936590538478676,0.9999996088429295,0.00012440353386636074,0.9998780311636706,0.002933402999571971,1.0,0.00936590538478676,0.002933402999571971
gRNA_8803,Pik3ca,2.362213458565674,3.2941526979273097,1.8447182513260185,2.5003614692730007,2.362213458565674,2.5003614692730007,True,2.172778106123863,1.9210955613417964,1.943048316305225,2045.9933724927648,-0.13617553337456195,0.7456156848221701,0.08129878269170163,0.43293488325917817,0.4396923467794713,0.3126732328355919,0.43293488325917817,0.4248854243881303,True,0.3063358369179195,0.4355032920336833,0.36516641429562335,-0.14689043969325588,-0.14689043969325588,-0.14689043969325588,-0.14689043969325588,True,-0.29374420477003854,-0.29374420477003854,-0.29374420477003854,0.0,0.0,0.0,0.0,True,,,,0.0,0.0,0.0,0.0,True,,,,1.9246306537690545,1.9988529593090691,1.9617418065390617,1.9617418065390617,1.9617418065390617,True,2.1815749114115146,2.1815749114115146,1.9222094660856135,Pik3ca,PIK3CA,C378R,C378R,targeting guide,Missense,23164,0.069072699015714,0.7252633396649973,0.3971680193403557,14.14263512346745,27127,1.0506137796291517,96.3763040513142,0.0,95.5911084896966,160685,0.1530945638983103,93.2302330646918,0.957774527802844,92.8860814637334,387710,0.1648139073018493,99.86072064171675,0.0012896236878078,99.72118335869592,363588,0.0115515363543351,99.6300758000814,0.0,99.68838355501282,0.2938706129387061,0.7062293770622937,0.5139318626276906,1.0,0.2938706129387062,0.7062293770622937,0.5139318626276909,1.0,0.5139318626276906,0.5139318626276909,0.010086832987076223,0.9984486383458483,0.029630071899536408,0.9999999999819025,0.0031210861472505545,0.9968945417412861,0.009240381034379595,1.0,0.029630071899536408,0.009240381034379595,0.00022941854238135397,0.9999630804407146,0.01369293132878094,0.99997757850991,0.00010573595249578937,0.9998987901119167,0.006426596267735429,1.0,0.01369293132878094,0.006426596267735429,0.00010065491607704394,0.9999891659590101,0.004205138716107613,0.9999996088429295,2.8966663089794976e-05,0.9999721272211392,0.0012101628135292124,1.0,0.004205138716107613,0.0012101628135292124
gRNA_8867,Pik3ca,-0.5016978859844657,-0.5511788910974255,-0.036505734168936335,-0.36312750375027586,-0.5016978859844657,-0.36312750375027586,True,-0.4667937902396603,-0.5811135274367526,-0.4408319721765465,1255.8506088082847,-1.1642692189409185,-0.35816277339897024,-0.002913461082508395,-0.11385763721426048,-1.144375352884911,-0.5567156887043138,-0.35816277339897024,-0.5567156887043138,True,-0.9425610559217776,-0.6661740984730686,-0.8519650113555831,-0.11790804516731147,-0.11790804516731147,-0.11790804516731147,-0.11790804516731147,True,-0.25116749328183063,-0.25116749328183063,-0.25116749328183063,0.0,0.0,0.0,0.0,True,,,,0.0,0.0,0.0,0.0,True,,,,-0.15782411628684984,-0.07465838516784794,-0.1162412507273489,-0.1162412507273489,-0.1162412507273489,True,-0.19684665998027884,-0.19684665998027884,-0.1948342631022678,Pik3ca,PIK3CA,Q958R,Q958R,targeting guide,Missense,13308,0.0300571085061617,0.0901713255184851,0.0,11.534415389239555,15237,15.160464658397322,56.83533503970598,0.0,52.9238038984052,30892,16.52855108118607,56.16340800207173,0.0,45.35802149423799,29530,23.802912292583812,64.09075516423975,0.0,47.45682356925161,49498,23.746413996525114,69.04117338074266,0.0,53.044567457271,0.24547545245475447,0.7546245375462454,0.45244495158327297,1.0,0.2454754524547545,0.7546245375462455,0.452444951583273,1.0,0.45244495158327297,0.452444951583273,0.7610983087041586,0.12831251481959316,0.9924918833377505,0.9459903053366084,0.8434074858408933,0.15690563401869606,1.0,0.9662396566169507,0.9459903053366084,0.9662396566169507,0.41972526231446505,0.7540895456715679,0.7340311564197156,0.99997757850991,0.329707548333942,0.6704274057584034,0.6154883865863764,1.0,0.7340311564197156,0.6154883865863764,0.7640237984822013,0.49681519183447465,0.9871922619563838,0.9999996088429295,0.6419650660142023,0.3582060014736017,0.8848201737024216,1.0,0.9871922619563838,0.8848201737024216
gRNA_8999,Pik3cg,0.6682413646918851,-0.6957692803768112,-0.1453723916179217,-0.057633435767615926,-0.1453723916179217,-0.42057083599736644,True,-0.18518853038024266,-0.2697907302893682,-0.48865406219981256,753.5925007073913,0.4058292913002074,0.4377919174318567,0.29205882850584003,-0.5788400634573043,0.48857349701604574,0.20908269415932912,0.4058292913002074,0.4060633835634875,True,0.15752567995017083,0.39775622305152397,0.3418281182433803,0.5051022981605153,0.5051022981605153,0.5051022981605153,0.5051022981605153,True,0.6640685345174947,0.6640685345174947,0.6640685345174947,0.0,0.0,0.0,0.0,True,,,,0.0,0.0,0.0,0.0,True,,,,0.7156076197852064,-0.2972682838126518,0.20916966798627729,0.20916966798627729,,False,0.17561275249109187,0.17561275249109187,,Pik3cg,PIK3CG,L44P,L44P,targeting guide,Missense,4397,0.0454855583352285,0.409370025017057,0.0,5.549238116897885,10564,6.995456266565695,92.12419538053769,3.663385081408557,85.31806134040136,29761,1.1054736063976345,97.10695205134236,0.0336010214710527,96.08884110076946,23381,3.237671613703434,94.41426799538088,0.0,91.28352080749326,15843,0.0126238717414631,91.90809821372214,0.0,92.2363188790002,0.008999100089991,0.9911008899110089,0.027964145734186912,1.0,0.008999100089991007,0.9911008899110089,0.027964145734186933,1.0,0.027964145734186912,0.027964145734186933,0.019983923602582228,0.9744792021070371,0.05524967113655086,0.9999999999819025,0.011476165420991705,0.9885657270587246,0.030603107789311215,1.0,0.05524967113655086,0.030603107789311215,0.12755795541323714,0.8272240677895986,0.3425842231098369,0.99997757850991,0.1299228913157558,0.8702474880875699,0.3111529116861413,1.0,0.3425842231098369,0.3111529116861413,0.48884843710546155,0.6486281119471851,0.8464485958384975,0.9999996088429295,0.41725966849310187,0.5829449176126,0.7646165358329399,1.0,0.8464485958384975,0.7646165358329399
gRNA_9105,Pik3r2,1.9491950444198007,1.5204171327793805,1.473879933778624,1.6478307036592685,1.5204171327793805,1.6478307036592685,True,1.3869129357323047,1.1856152465299858,1.233308796922648,1561.0381170032235,0.17343966661803487,0.8741818536847124,-0.07823391447996346,0.6190517584001227,0.7342559972575236,0.464539072296086,0.6190517584001227,0.6002323189900984,True,0.5244945577522723,0.6946884275335217,0.5825869255031183,0.5708893185298115,0.5708893185298115,0.5708893185298115,0.5708893185298115,True,0.760713240096428,0.760713240096428,0.760713240096428,0.0,0.0,0.0,0.0,True,,,,0.0,0.0,0.0,0.0,True,,,,0.27239325624032135,-0.44181297278870224,-0.08470985827419045,-0.08470985827419045,,False,-0.16075640230259192,-0.16075640230259192,,Pik3r2,PIK3R2,N555D,N561D,targeting guide,Missense,18428,0.0,0.3961363143043195,0.0,8.042109832863034,36152,0.3623589289665855,68.05709227705245,0.0719185660544368,96.44279707899976,154603,0.1752876722961391,80.69442378220344,0.008408633726383,93.79960285376092,179671,0.2231857116618708,75.87089736240128,0.0,98.32972488604172,129022,0.4022569794298647,75.28638526762877,0.0,98.0251429988684,0.008999100089991,0.9911008899110089,0.027964145734186912,1.0,0.008999100089991007,0.9911008899110089,0.027964145734186933,1.0,0.027964145734186912,0.027964145734186933,0.0021650843389089225,0.9995926402701175,0.007679921805941084,0.9999999999819025,0.0005882267550138288,0.9994168135872545,0.0021266659604346114,1.0,0.007679921805941084,0.0021266659604346114,0.3175285125622793,0.7334094093042747,0.6368567451592246,0.99997757850991,0.2840546318727494,0.7161013174898578,0.5676137292888046,1.0,0.6368567451592246,0.5676137292888046,0.0033220747052335525,0.9996742985330669,0.03903437778649424,0.9999996088429295,0.0011445279277410134,0.9988640310261997,0.013469778996865195,1.0,0.03903437778649424,0.013469778996865195
gRNA_9114,Pik3r3,2.1458638557622645,2.6261978892024604,0.5149289717246206,1.7623302388964486,2.1458638557622645,1.7623302388964486,True,1.492458917646686,1.7320701770475226,1.3286306883857233,506.69523481119853,1.8952952141541533,1.5692411949033445,0.9771884561394659,1.283021516137969,1.7471122963486516,1.494371735536717,1.5692411949033445,1.494371735536717,True,2.0038725224357328,2.0179159836812426,1.691270654847904,0.5491744726876128,0.5491744726876128,0.5491744726876128,0.5491744726876128,True,0.7288129522990697,0.7288129522990697,0.7288129522990697,0.0,0.0,0.0,0.0,True,,,,0.0,0.0,0.0,0.0,True,,,,1.6663940937142863,2.678459573423091,2.1724268335686885,2.1724268335686885,2.1724268335686885,True,2.4227211571926146,2.4227211571926146,2.136854823152963,Pik3r3,PIK3R3,D11G,D11G,targeting guide,Missense,1795,0.4456824512534819,1.2813370473537604,1.448467966573816,37.60445682451253,10510,53.62511893434824,97.56422454804948,0.0856327307326355,44.54804947668887,92814,41.27502316460879,98.31706423599888,0.0215484732906673,57.462236300558104,50414,27.0401079065339,98.228666640219,0.0,71.86892529852818,50591,28.439841078452687,99.3872427902196,0.0,71.17273823407325,0.008999100089991,0.9911008899110089,0.027964145734186912,1.0,0.008999100089991007,0.9911008899110089,0.027964145734186933,1.0,0.027964145734186912,0.027964145734186933,1.0999446431019306e-06,0.9999999978184921,2.769960224590558e-05,0.9999999999819025,7.723883720578272e-08,0.9999999264757751,1.9361201859582867e-06,1.0,2.769960224590558e-05,1.9361201859582867e-06,0.00019540970274217878,0.9999613093025453,0.01369293132878094,0.99997757850991,9.156795898460101e-05,0.9999131184977416,0.006426596267735429,1.0,0.01369293132878094,0.006426596267735429,0.0019091805734886107,0.9963755076976452,0.025637567701132773,0.9999996088429295,0.001146364169945974,0.9988698595918005,0.013469778996865195,1.0,0.025637567701132773,0.013469778996865195
gRNA_9115,Pik3r3,3.1239210501120565,0.8323883198548485,2.048417631060347,2.001575667009084,2.048417631060347,2.001575667009084,True,1.712996001717531,1.6469310788766622,1.527804656073448,308.692295930094,0.7160848422396676,-0.02140648626889629,0.329985519724237,0.6656031273962981,0.975056198445255,0.5330646403073123,0.6656031273962981,0.6716824219513644,True,0.6229330895174457,0.7595155576464664,0.6711811258562521,0.839964614161845,0.839964614161845,0.839964614161845,0.839964614161845,True,1.155999461891314,1.155999461891314,1.155999461891314,0.0,0.0,0.0,0.0,True,,,,0.0,0.0,0.0,0.0,True,,,,1.6174511245551932,0.7088468052405439,1.1631489648978686,1.1631489648978686,1.1631489648978686,True,1.267520085662774,1.267520085662774,1.1086051579759608,Pik3r3,PIK3R3,D11G,D11G,targeting guide,Missense,772,0.0,1.4248704663212437,0.0,29.274611398963728,13117,0.0,69.62720134177022,0.0,97.01913547305024,54404,0.0073524005587824,78.45011396220866,0.0716859054481288,98.34019557385486,21105,0.0,86.1549395877754,0.0,99.68727789623313,27668,0.0036142836489807,81.1840393234061,0.0,98.37718664160762,0.004199580041995798,0.9959004099590041,0.02050704020507039,1.0,0.0041995800419957945,0.9959004099590041,0.02050704020507037,1.0,0.02050704020507039,0.02050704020507037,0.0011017102748720894,0.9998708255930316,0.004270547044865006,0.9999999999819025,0.0002461805445404582,0.9997563255212746,0.0010061291820349161,1.0,0.004270547044865006,0.0010061291820349161,0.0032354110691899646,0.9980537717151182,0.032878771946362885,0.99997757850991,0.0019796437856064285,0.9980486244616016,0.019085796497128646,1.0,0.032878771946362885,0.019085796497128646,0.0011070178775114596,0.9991035855696216,0.01734328008101287,0.9999996088429295,0.0005231344719193007,0.9994863319028118,0.007565329286217579,1.0,0.01734328008101287,0.007565329286217579
gRNA_9745,Ptpn11,0.9609346195244913,0.9000087858542863,-0.4708716434797619,0.4633572539663386,0.9000087858542863,0.9304717026893888,True,0.2950620994787799,0.6435623623217656,0.6361009856519282,2065.4320891322654,0.06776283797343174,0.019567886561982172,0.6681231949215968,-0.5227831323795348,-0.6502962935295564,-0.0835251012904161,0.019567886561982172,,False,-0.2628120509592362,-0.14014886722908598,,0.18139468863377126,0.18139468863377126,0.18139468863377126,0.18139468863377126,True,0.18852447672682626,0.18852447672682626,0.18852447672682626,0.0,0.0,0.0,0.0,True,,,,0.0,0.0,0.0,0.0,True,,,,0.7186093310674027,-1.2477634495063938,-0.2645770592194956,-0.2645770592194956,,False,-0.3666291254791455,-0.3666291254791455,,Ptpn11,PTPN11,D61G,D61G,targeting guide,Missense,14547,0.0618684264796865,0.3368392108338489,0.0206228088265621,8.867807795421736,23152,3.796648237733242,94.92052522460264,3.1919488597097443,90.93814789219074,47589,0.7081468406564542,94.84124482548488,0.2143352455399357,97.59608312845404,95939,2.909140182824503,96.60200752561524,0.4763443438017907,92.6234378094414,65567,6.263821739594613,95.6288986837891,0.7137736971342291,89.99344182286822,0.054794520547945195,0.9453054694530547,0.13920770085153644,1.0,0.05479452054794521,0.9453054694530547,0.13920770085153647,1.0,0.13920770085153644,0.13920770085153647,0.17589886482224393,0.7820151293204378,0.35750255769277683,0.9999999999819025,0.17488429364156716,0.8254079972221944,0.33549231841443494,1.0,0.35750255769277683,0.33549231841443494,0.2032766267254751,0.2779234255782803,0.46908367746635243,0.99997757850991,0.4423133530903418,0.5581175697515416,0.7230861772259501,1.0,0.46908367746635243,0.7230861772259501,0.15988738223648344,0.8663314417463305,0.5138261172728015,0.9999996088429295,0.12741066506876386,0.8727384137535508,0.3926754923430755,1.0,0.5138261172728015,0.3926754923430755
gRNA_10049,Ptprt,0.1875597178413151,2.290404077406889,1.0771050528215673,1.1850229493565905,1.0771050528215673,1.1850229493565905,True,0.9602954934494099,0.7982919735010843,0.8480171847556118,3239.8447103901117,1.1204360833754254,1.4023921907769534,0.9934936794261594,1.4397382640761256,1.4238525995571878,1.2759825634423703,1.4023921907769534,1.2759825634423703,True,1.6901515263418754,1.785563158555832,1.420480085407152,1.0263658106621918,1.0263658106621918,1.0263658106621918,1.0263658106621918,True,1.4298329423288114,1.4298329423288114,1.4298329423288114,0.0,0.0,0.0,0.0,True,,,,0.0,0.0,0.0,0.0,True,,,,1.4082923854765574,2.1909792577603384,1.7996358216184478,1.7996358216184478,1.7996358216184478,True,1.9960313527002609,1.9960313527002609,1.7570563106544659,Ptprt,PTPRT,Q894R,Q900R,targeting guide,Missense,6552,0.0152625152625152,0.7173382173382173,0.0,25.7020757020757,46418,1.8031798009392908,76.52419320091343,0.0,94.38148993924771,187850,2.8048975246207077,77.317540590897,0.0026616981634282,94.6494543518765,253883,0.1043787886546165,90.0383247401362,0.0,99.38121103027773,157570,0.6238497175858349,74.88354382179348,0.0025385542933299,97.2786697975503,0.004199580041995798,0.9959004099590041,0.02050704020507039,1.0,0.0041995800419957945,0.9959004099590041,0.02050704020507037,1.0,0.02050704020507039,0.02050704020507037,1.834541276130604e-06,0.9999999958748946,3.459375888652233e-05,0.9999999999819025,1.348901929628719e-07,0.99999987088116,2.5394634870838154e-06,1.0,3.459375888652233e-05,2.5394634870838154e-06,0.0006072706380896807,0.9998556378326631,0.0173906816071628,0.99997757850991,0.00030078982492327057,0.9997076202428632,0.008394187932385822,1.0,0.0173906816071628,0.008394187932385822,0.015060215067369032,0.9810193628864013,0.11679602350730388,0.9999996088429295,0.011210247582079497,0.988865087370692,0.07526880519396234,1.0,0.11679602350730388,0.07526880519396234
gRNA_10106,Ptprt,1.6937733573374705,1.3585777228502327,0.31720819682325735,1.1231864256703201,1.3585777228502327,1.1231864256703201,True,0.9032944183173598,1.0442156032701206,0.7965377234017588,1484.9066392654042,1.0880519742178163,1.1807513424173348,1.0427318050588628,1.0404451192833009,0.6991891022617179,1.0102338686478065,1.0427318050588628,1.0102338686478065,True,1.3083975023576837,1.2847024723033154,1.090966310976669,1.5132888289291495,1.5132888289291495,1.5132888289291495,1.5132888289291495,True,2.1451492992006087,2.1451492992006087,2.1451492992006087,0.0,0.0,0.0,0.0,True,,,,0.0,0.0,0.0,0.0,True,,,,1.8367217063438388,1.6330260552032003,1.7348738807735196,1.7348738807735196,1.7348738807735196,True,1.9219060143958164,1.9219060143958164,1.6910770139146012,Ptprt,PTPRT,N470S,N466S,targeting guide,Missense,1190,0.1680672268907563,2.773109243697479,0.0,24.11764705882353,27627,7.195859123321388,96.33329713685887,1.1293300032576827,90.58891663951933,98072,5.018761726078799,89.285422954564,4.7036870870380945,89.73713190309161,94003,3.8743444358158783,98.36175441209323,0.0702105251960043,95.62354392944906,104432,2.1238700781369695,96.95399877432205,0.0995863336908227,97.42990654205607,9.99900009999001e-05,1.0,0.0053708914822803485,1.0,9.999000099989996e-05,1.0,0.005370891482280341,1.0,0.0053708914822803485,0.005370891482280341,1.3236166030214598e-05,0.9999999495081416,0.00013096837966738656,0.9999999999819025,1.173392851877704e-06,0.9999988575928704,1.1610413481737284e-05,1.0,0.00013096837966738656,1.1610413481737284e-05,0.0003277563349974161,0.9999428568148767,0.01369293132878094,0.99997757850991,0.00015382810215324165,0.9998516731298998,0.006426596267735429,1.0,0.01369293132878094,0.006426596267735429,0.023840733539163893,0.9879189856608895,0.15726518966185304,0.9999996088429295,0.013326086955425516,0.986721277440119,0.08492557110576261,1.0,0.15726518966185304,0.08492557110576261
gRNA_10107,Ptprt,1.6564634499883066,0.5217550097090607,2.2216676194714196,1.4666286930562624,1.6564634499883066,1.4666286930562624,True,1.219880431239272,1.3044793768958987,1.0824564956289213,668.1716613901502,0.12469312386594796,0.24151179343475143,-0.278558692079927,0.19552862745634697,-0.09155241667247764,0.038324487200928334,0.12469312386594796,,False,-0.08777235504145162,0.0062478464189763385,,0.43882578825005125,0.43882578825005125,0.43882578825005125,0.43882578825005125,True,0.5667047422201695,0.5667047422201695,0.5667047422201695,0.0,0.0,0.0,0.0,True,,,,0.0,0.0,0.0,0.0,True,,,,0.4665007121517898,0.2968434867310855,0.38167209944143765,0.38167209944143765,0.38167209944143765,True,0.3730558946070897,0.3730558946070897,0.3124385618458022,Ptprt,PTPRT,N470S,N466S,targeting guide,Missense,3680,0.217391304347826,0.2989130434782608,0.0,4.864130434782608,15022,28.7977632805219,60.19837571561709,0.0998535481294102,56.62361869258421,58448,21.316383794141803,71.4635231316726,1.120654256775253,71.42246099096633,56317,20.041905641280607,54.699291510556314,0.0,71.4224834419447,65640,23.033211456429008,78.28001218769043,0.0,68.56946983546618,0.008999100089991,0.9911008899110089,0.027964145734186912,1.0,0.008999100089991007,0.9911008899110089,0.027964145734186933,1.0,0.027964145734186912,0.027964145734186933,0.11876908853357827,0.9839899973063498,0.2611530835592131,0.9999999999819025,0.04652668146446606,0.9535529712590294,0.11327021717805187,1.0,0.2611530835592131,0.11327021717805187,0.09008434964699752,0.964729857244181,0.25467455238549674,0.99997757850991,0.05903230429998121,0.9410453838508096,0.17477280643144044,1.0,0.25467455238549674,0.17477280643144044,0.004927642270202536,0.995541584452218,0.0494552329059589,0.9999996088429295,0.0027736126833577983,0.9972518164679884,0.026740470998526465,1.0,0.0494552329059589,0.026740470998526465
gRNA_10342,Raf1,-1.2147327680238598,-0.6529823099659537,-0.2604991877896514,-0.7094047552598216,-0.6529823099659537,-0.7094047552598216,True,-0.7859930992104829,-0.7132912435512744,-0.7291108941490324,3249.8702973339177,1.5637414722935752,0.9431355839996935,0.9550598687152504,0.8460401227783535,1.2550958147068236,1.1126145724987393,0.9550598687152504,1.1126145724987393,True,1.4554697041746725,1.1626111107137536,1.217912756304838,0.3929865144562697,0.3929865144562697,0.3929865144562697,0.3929865144562697,True,0.4993643596510308,0.4993643596510308,0.4993643596510308,0.0,0.0,0.0,0.0,True,,,,0.0,0.0,0.0,0.0,True,,,,0.26169695168787194,0.7203894340027357,0.49104319284530384,0.49104319284530384,0.49104319284530384,True,0.4982400566861897,0.4982400566861897,0.42386554708295454,Raf1,RAF1,R391G,R391G,targeting guide,Missense,1848,0.5411255411255411,0.5952380952380952,0.0541125541125541,7.142857142857142,15394,82.57762764713524,91.0289723268806,0.0,8.717682213849551,87436,85.4396358479345,98.41026579440964,0.0411729722311176,13.717461915000689,53420,88.23099962560839,98.07375514788468,0.1516286035192811,10.117933358292774,60788,86.83128248996512,97.85319470948214,0.2895308284529841,11.260446140685662,0.008999100089991,0.9911008899110089,0.027964145734186912,1.0,0.008999100089991007,0.9911008899110089,0.027964145734186933,1.0,0.027964145734186912,0.027964145734186933,4.955766529974687e-06,0.9999999849555314,6.211227384234941e-05,0.9999999999819025,4.02067252822837e-07,0.9999996116513259,5.213009898668507e-06,1.0,6.211227384234941e-05,5.213009898668507e-06,0.055318909898789397,0.9732604775925122,0.18407000107915764,0.99997757850991,0.03736288054798853,0.9627105748883771,0.12888479895452926,1.0,0.18407000107915764,0.12888479895452926,0.8961234200638892,0.25573866213780067,0.9999269884937744,0.9999996088429295,0.8332282669096129,0.1669112659541671,1.0,0.965517476904105,0.9999269884937744,0.965517476904105
gRNA_10343,Raf1,0.17664781992066123,-0.07705833673351312,-0.03035808238195757,0.02307713360173018,-0.03035808238195757,-0.053708209557735344,True,-0.11078930878243949,-0.16930233686983592,-0.18323763071038726,2195.1231797553028,0.5587615088941255,0.13084428339321047,0.6780954002315855,0.22434229473379966,0.4122788285885441,0.4008644631682531,0.4122788285885441,0.4008644631682531,True,0.4330245383831762,0.406737806235332,0.33538174271660065,0.16842434421662034,0.16842434421662034,0.16842434421662034,0.16842434421662034,True,0.16947033640528122,0.16947033640528122,0.16947033640528122,0.0,0.0,0.0,0.0,True,,,,0.0,0.0,0.0,0.0,True,,,,0.897786883927876,0.9680625386624435,0.9329247112951597,0.9329247112951597,0.9329247112951597,True,1.0040095969167364,1.0040095969167364,0.8740532877418774,Raf1,RAF1,S259P,S259P,targeting guide,Missense,7271,0.2750653280154037,0.4125979920231055,0.0,15.293632237656444,17004,54.140202305339926,70.60691601976006,0.0999764761232651,31.098565043519173,73497,48.47544797746847,66.77143284759921,0.0027211995047416,39.941766330598526,57850,50.32152117545377,63.44857389801209,0.0,23.66637856525497,61737,54.4908239791373,71.71712263310495,0.0,30.765991220823818,0.054794520547945195,0.9453054694530547,0.13920770085153644,1.0,0.05479452054794521,0.9453054694530547,0.13920770085153647,1.0,0.13920770085153644,0.13920770085153647,0.0047242031589292644,0.9998281109009055,0.015053393116588166,0.9999999999819025,0.0009667521539382169,0.9990387764471432,0.003245525088221157,1.0,0.015053393116588166,0.003245525088221157,0.006794861944463753,0.9983461184992025,0.04728583616796459,0.99997757850991,0.003670304506284352,0.9963531084874998,0.026539124891594545,1.0,0.04728583616796459,0.026539124891594545,0.5119855044357751,0.7747206962066233,0.8710703604880156,0.9999996088429295,0.36030699386231047,0.6398598505977946,0.6912011718991261,1.0,0.8710703604880156,0.6912011718991261
gRNA_10363,Rara,1.4804953289232272,0.842259800032479,-0.6797679772765503,0.547662383893052,0.842259800032479,1.1613775644778532,True,0.37277479674084796,0.5931068768661683,0.8283321894729258,782.4576342445528,1.2667960866835875,1.148282449007029,1.3521046820379867,1.129188976471575,1.27911822992204,1.2350980848244437,1.2667960866835875,1.2350980848244437,True,1.6314200460501107,1.59673291634338,1.36978557917287,0.7978802689016108,0.7978802689016108,0.7978802689016108,0.7978802689016108,True,1.0941752732546184,1.0941752732546184,1.0941752732546184,0.0,0.0,0.0,0.0,True,,,,0.0,0.0,0.0,0.0,True,,,,1.0706394029664699,0.6660617426845403,0.8683505728255051,0.8683505728255051,0.8683505728255051,True,0.9300992137915207,0.9300992137915207,0.8082653235730408,Rara,RARA,T253A,T253A,targeting guide,Missense,2841,0.7391763463569165,1.0559662090813091,1.1263639563533967,4.998240056318197,16198,75.31794048647981,97.14779602420052,0.0432152117545375,22.2990492653414,85294,63.12870776373485,97.61061739395502,0.0891035711773395,36.16080849766689,41634,62.25440745544507,94.02411490608638,0.0648508430609597,35.83369361579478,46921,68.97551203086039,94.49287099592932,0.2386990899597195,28.69290935828307,0.004199580041995798,0.9959004099590041,0.02050704020507039,1.0,0.0041995800419957945,0.9959004099590041,0.02050704020507037,1.0,0.02050704020507039,0.02050704020507037,1.932098235683428e-06,0.9999999958401639,3.459375888652233e-05,0.9999999999819025,1.4183173731053223e-07,0.9999998641200044,2.5394634870838154e-06,1.0,3.459375888652233e-05,2.5394634870838154e-06,0.011032013379259886,0.9960060107165962,0.06690382307422124,0.99997757850991,0.006492837804771513,0.9935419784344612,0.040688450243234815,1.0,0.06690382307422124,0.040688450243234815,0.11249849265809443,0.8304143912749516,0.4028517451375572,0.9999996088429295,0.11080297535267031,0.8893715359543726,0.3722230982385011,1.0,0.4028517451375572,0.3722230982385011
gRNA_10504,Rbm10,3.14926431259295,2.610150146135925,3.5421789529054797,3.1005311372114512,3.14926431259295,3.1005311372114512,True,2.726016132693796,2.608744571156838,2.4426949552907256,522.7919637059996,1.4290879572069577,0.7108530444957232,0.7368247992258599,0.9295999797911488,1.3000649895408232,1.0212861540521025,0.9295999797911488,1.0212861540521025,True,1.3242743608708496,1.1271558369477028,1.1046705373792403,0.8762789141119034,0.8762789141119034,0.8762789141119034,0.8762789141119034,True,1.2093471406169558,1.2093471406169558,1.2093471406169558,0.0,0.0,0.0,0.0,True,,,,0.0,0.0,0.0,0.0,True,,,,1.6832863343666224,1.0795528492811353,1.381419591823879,1.381419591823879,1.381419591823879,True,1.5173486709665263,1.5173486709665263,1.3309787044703658,Rbm10,RBM10,M655V,M655V,targeting guide,Missense,2435,0.6981519507186857,1.88911704312115,0.0,12.93634496919918,17262,36.60641872320704,91.0786699107867,4.281079828525084,55.045765264743366,114621,27.41295225133265,99.31164446305652,0.0052346428664904,72.14908262883765,126010,46.02095071819697,98.11364177446237,0.0,52.68073962383938,87306,33.83959865301354,96.63253384647103,0.0,62.936109774815016,0.004199580041995798,0.9959004099590041,0.02050704020507039,1.0,0.0041995800419957945,0.9959004099590041,0.02050704020507037,1.0,0.02050704020507039,0.02050704020507037,9.618769785212802e-06,0.9999999464016209,0.00010637227762470627,0.9999999999819025,8.822134593774063e-07,0.9999991451115023,9.756242962526611e-06,1.0,0.00010637227762470627,9.756242962526611e-06,0.0013798748084107486,0.9996138775293438,0.02075331711849766,0.99997757850991,0.0007179793980153025,0.9992950118491565,0.010798410146150149,1.0,0.02075331711849766,0.010798410146150149,2.2755184828291067e-05,0.9999990943298764,0.0026015508651064537,0.9999996088429295,5.391796502310093e-06,0.9999948988628696,0.0006548336217186585,1.0,0.0026015508651064537,0.0006548336217186585
gRNA_10547,Rbm10,0.17732158187573918,0.16652892033327918,1.1250923835951006,0.48964762860137295,0.17732158187573918,0.48964762860137295,True,0.3192966380732266,0.012148092609751797,0.2691109847101272,1118.7169761901164,0.3965055986813027,0.8111261882568496,1.1854660937606827,1.4357025786367694,0.8403606549365211,0.9338322228544251,0.8403606549365211,0.9338322228544251,True,1.1986448063258728,1.0028817404325694,0.9962324696776941,0.5409490941420663,0.5409490941420663,0.5409490941420663,0.5409490941420663,True,0.7167294245249402,0.7167294245249402,0.7167294245249402,0.0,0.0,0.0,0.0,True,,,,0.0,0.0,0.0,0.0,True,,,,-0.08893173123973845,-0.6292710292493627,-0.35910138024455057,-0.35910138024455057,-0.35910138024455057,True,-0.47481994222377416,-0.47481994222377416,-0.4422595308234145,Rbm10,RBM10,H777R,H777R,targeting guide,Missense,1928,0.0,0.5186721991701244,0.0,17.116182572614107,14767,22.123654093587053,99.35667366425136,0.2844179589625516,77.00954831719375,35921,10.442359622504942,98.89201302859053,0.0,88.41624676373152,41429,9.734726882135703,94.05488908735428,0.0,84.87050133964131,31948,10.720545887066484,96.97946663327907,0.0,86.51871791661449,0.008999100089991,0.9911008899110089,0.027964145734186912,1.0,0.008999100089991007,0.9911008899110089,0.027964145734186933,1.0,0.027964145734186912,0.027964145734186933,2.8795221256815144e-05,0.9999995504579297,0.000220959248827806,0.9999999999819025,3.240696211047548e-06,0.9999968393919253,2.4682453764321807e-05,1.0,0.000220959248827806,2.4682453764321807e-05,0.5893790133645187,0.5321635919385586,0.8559129832153058,0.99997757850991,0.5295423778561682,0.47061099554074637,0.789127836654007,1.0,0.8559129832153058,0.789127836654007,0.1896312686938123,0.9186126834203043,0.5677545863115039,0.9999996088429295,0.12421429246646848,0.8759180639399868,0.3892047830616012,1.0,0.5677545863115039,0.3892047830616012
gRNA_10548,Rbm10,1.2473504271187739,0.6688209314863043,0.648430076062975,0.8548671448893511,0.6688209314863043,0.8548671448893511,True,0.6559569780567991,0.4415727471349717,0.5731595122406996,1113.6799794490532,0.6871835167210766,0.947672220649722,0.6799147737905558,1.16546304507818,1.1994101058460338,0.9359287324171136,0.947672220649722,0.9359287324171136,True,1.2016564898357256,1.1523231206352664,0.9988320262989039,0.5942116701460709,0.5942116701460709,0.5942116701460709,0.5942116701460709,True,0.7949750411737377,0.7949750411737377,0.7949750411737377,0.0,0.0,0.0,0.0,True,,,,0.0,0.0,0.0,0.0,True,,,,0.7391094575668251,1.051274716820996,0.8951920871939105,0.8951920871939105,0.8951920871939105,True,0.9608215224067894,0.9608215224067894,0.835611388535809,Rbm10,RBM10,H777R,H777R,targeting guide,Missense,1305,0.1532567049808429,0.3065134099616858,0.0,16.47509578544061,9909,67.08043193056817,98.31466343727924,0.0201836714098294,31.264507013825813,29825,68.85163453478626,99.31936295054484,0.1877619446772841,30.283319362950543,43292,64.23126674674305,99.76901044072808,0.0,35.55160306754135,48054,66.68331460440338,99.03441961127064,0.0,32.38231989012361,0.004199580041995798,0.9959004099590041,0.02050704020507039,1.0,0.0041995800419957945,0.9959004099590041,0.02050704020507037,1.0,0.02050704020507039,0.02050704020507037,2.7423794985688853e-05,0.9999998437727612,0.00021481972738789603,0.9999999999819025,2.7011285028559472e-06,0.9999973604267111,2.1158839939038254e-05,1.0,0.00021481972738789603,2.1158839939038254e-05,0.008962416043162677,0.9972036977030643,0.05810117986602011,0.99997757850991,0.005092587815686011,0.9949370924379368,0.03419308961960608,1.0,0.05810117986602011,0.03419308961960608,0.0732232655621145,0.9845596899107618,0.30254887748741816,0.9999996088429295,0.036045850469346614,0.9640168843431264,0.17375948431377342,1.0,0.30254887748741816,0.17375948431377342
gRNA_10596,Ret,0.20758145531635028,-1.1080543746030347,0.10559578731906202,-0.26495904398920744,0.10559578731906202,0.15658862131770615,True,-0.3763018379619369,-0.05051897820621719,-0.00816363022459084,1640.518170477271,0.40107898843854256,1.0298869086675762,1.1723193834850485,0.5478516262193526,0.2155919537772228,0.6733457721175485,0.5478516262193526,0.6733457721175485,True,0.8244501152135206,0.5955355920214045,0.6732435886347903,0.7964990329301436,0.7964990329301436,0.7964990329301436,0.7964990329301436,True,1.092146162602576,1.092146162602576,1.092146162602576,0.0,0.0,0.0,0.0,True,,,,0.0,0.0,0.0,0.0,True,,,,1.171106569365837,0.6825848310976163,0.9268457002317265,0.9268457002317265,0.9268457002317265,True,0.9970516715402806,0.9970516715402806,0.867860007095771,Ret,RET,K809E,K808E,targeting guide,Missense,3888,0.102880658436214,0.668724279835391,5.709876543209877,21.01337448559671,19817,9.032648735933794,91.40636826966744,0.0,88.89842054801433,75748,5.769129217933147,97.35306542747004,0.0,93.38992448645509,42201,19.568256676382077,94.15416696286816,0.0023696120945001,79.55498684865287,54298,14.293344137905631,94.5559689122988,0.0,83.76551622527532,0.004199580041995798,0.9959004099590041,0.02050704020507039,1.0,0.0041995800419957945,0.9959004099590041,0.02050704020507037,1.0,0.02050704020507039,0.02050704020507037,0.00040990062115963153,0.9999817121098403,0.002001592643584694,0.9999999999819025,7.073763861354857e-05,0.9999302218824351,0.000348881661041044,1.0,0.002001592643584694,0.000348881661041044,0.010270922904276565,0.9961506130772764,0.06436445020013314,0.99997757850991,0.006065070769578911,0.993969409313754,0.03865197642985882,1.0,0.06436445020013314,0.03865197642985882,0.623579609727678,0.49297394487764956,0.9213348530185991,0.9999996088429295,0.5642668970253129,0.43594517537073085,0.8602651282762629,1.0,0.9213348530185991,0.8602651282762629
gRNA_10598,Ret,1.4827177751155627,3.937549905468269,3.2334603056266435,2.8845759954034915,3.2334603056266435,2.8845759954034915,True,2.5269480976632117,2.6823068968232904,2.262910360133461,322.9291024829675,0.5151214133924747,1.927856483008819,1.8911016023412917,1.341280578660562,1.140214082649997,1.3631148320106288,1.341280578660562,1.3631148320106288,True,1.8153190052283397,1.7004595296935614,1.528519309128693,1.3095018984510431,1.3095018984510431,1.3095018984510431,1.3095018984510431,True,1.8457752313931077,1.8457752313931077,1.8457752313931077,0.0,0.0,0.0,0.0,True,,,,0.0,0.0,0.0,0.0,True,,,,1.5484745747355928,2.4962845552270596,2.022379564981326,2.022379564981326,2.022379564981326,True,2.2509797856310625,2.2509797856310625,1.983987056530013,Ret,RET,K809E,K808E,targeting guide,Missense,1583,0.0,1.010739102969046,0.0631711939355653,20.65698041692988,29787,2.061301910229295,86.79961056836876,0.1141437539866384,95.08846140933964,107323,1.1218471343514438,83.50027487118325,0.003727066891533,96.89628504607587,47185,8.93080428102151,97.64119953375014,0.0,89.63017908233549,87158,0.0045893664379632,95.2293535877372,0.4990936001285023,98.89625737166983,9.99900009999001e-05,1.0,0.0053708914822803485,1.0,9.999000099989996e-05,1.0,0.005370891482280341,1.0,0.0053708914822803485,0.005370891482280341,4.727141101643947e-06,0.9999999304402378,6.128982945579738e-05,0.9999999999819025,4.541011452331472e-07,0.9999995635156264,5.691401020255444e-06,1.0,6.128982945579738e-05,5.691401020255444e-06,0.0002712594213235502,0.999932729165022,0.01369293132878094,0.99997757850991,0.0001315989335126325,0.9998744738255211,0.006426596267735429,1.0,0.01369293132878094,0.006426596267735429,0.00011365000065806285,0.9999521476957881,0.0042732400247431634,0.9999996088429295,3.9313990923053005e-05,0.999962316080236,0.001478206058706793,1.0,0.0042732400247431634,0.001478206058706793
gRNA_10617,Rheb,-0.5289360159294232,-1.1855626854920498,-0.1685536895749482,-0.6276841303321404,-0.5289360159294232,-0.6276841303321404,True,-0.7106628056614118,-0.6049115742720012,-0.6610777399225546,4697.653669081728,0.05117256574069572,0.2959969563658871,0.23879050392717674,0.08796418716443893,-0.15617821100370755,0.10354920043889818,0.08796418716443893,0.1684810532995496,True,0.005924424019151776,-0.044900629121119105,0.04723908764144633,0.18769553912546583,0.18769553912546583,0.18769553912546583,0.18769553912546583,True,0.19778076827565133,0.19778076827565133,0.19778076827565133,0.0,0.0,0.0,0.0,True,,,,0.0,0.0,0.0,0.0,True,,,,0.5211355443342238,-0.09321546398474032,0.21396004017474174,0.21396004017474174,,False,0.18109572527481965,0.18109572527481965,,Rheb,RHEB,Y35C,Y35C,targeting guide,Missense,27103,0.1291369959045124,0.1549643950854149,1.1769914769582703,9.08017562631443,38626,69.42991767203438,87.20809817221561,0.4789520012426863,22.953451043338685,139361,80.20680104189837,93.45656245291006,1.9732923845265171,14.267262720560272,75384,57.24158972726307,86.66560543351375,0.4404117584633344,35.02732675368779,97410,60.76172877527974,87.68298942613694,1.3540704239811108,30.04927625500462,0.04679532046795319,0.9533046695330467,0.12658302515072228,1.0,0.0467953204679532,0.9533046695330467,0.1265830251507223,1.0,0.12658302515072228,0.1265830251507223,0.0777450968982432,0.9931100423723023,0.1850136483148066,0.9999999999819025,0.0259357208256304,0.9741174866727091,0.06633898660161246,1.0,0.1850136483148066,0.06633898660161246,0.15861720289931433,0.8904016541688217,0.382308130065014,0.99997757850991,0.12612563120183,0.8739963114187079,0.3059563698831489,1.0,0.382308130065014,0.3059563698831489,0.8632924482270007,0.2968858296783901,0.9999269884937744,0.9999996088429295,0.7953235564547585,0.20483094279760178,0.9788126948284221,1.0,0.9999269884937744,0.9788126948284221
gRNA_10634,Rhoa,1.1864287729227492,-1.8709428234604637,-0.6254357223228215,-0.43664992428684535,-0.6254357223228215,-1.2481892728916426,True,-0.5345669567610778,-0.6892236961753248,-1.177653844173243,1026.233533919381,0.385030322262667,0.47272975933551503,0.6319565203457352,0.6739400486205466,-0.07958999693121918,0.41681333072664895,0.47272975933551503,0.540914162641116,True,0.45593544815496373,0.4909213745704429,0.509035672105916,0.13612832816029827,0.13612832816029827,0.13612832816029827,0.13612832816029827,True,0.12202573493808241,0.12202573493808241,0.12202573493808241,0.0,0.0,0.0,0.0,True,,,,0.0,0.0,0.0,0.0,True,,,,-0.22194109118615493,-1.023977994077438,-0.6229595426317965,-0.6229595426317965,-0.6229595426317965,True,-0.7768271905577373,-0.7768271905577373,-0.7110775397689709,Rhoa,RHOA,Y34C,Y34C,targeting guide,Missense,6631,0.5429045392851757,0.9953249886894888,0.0,34.082340521791586,10725,86.47086247086247,93.31468531468532,0.0,8.27972027972028,36843,88.39128192601036,94.52541866840376,0.0,7.105827429905273,33596,84.00107155613765,90.63578997499702,0.7262769377306822,7.545541135849505,27104,80.94377213695395,87.27494096812278,0.0,8.002508854781581,0.06359364063593642,0.9365063493650635,0.15628241097458886,1.0,0.0635936406359364,0.9365063493650635,0.15628241097458878,1.0,0.15628241097458886,0.15628241097458878,0.0036825723025796305,0.999678813236551,0.012253514918318062,0.9999999999819025,0.0008565494338614992,0.9991488618563088,0.0029014647489362493,1.0,0.012253514918318062,0.0029014647489362493,0.7461116467209952,0.2815040555816343,0.9514855150691028,0.99997757850991,0.7425098377812015,0.25764919899771077,0.929682409138475,1.0,0.9514855150691028,0.929682409138475,0.4671040940632817,0.21112491537387226,0.8353730278607937,0.9999996088429295,0.6724495951337499,0.3279299118231512,0.9160907527909057,1.0,0.8353730278607937,0.9160907527909057
gRNA_10657,Rictor,0.2803028350479665,0.875612873244292,0.9862558413793134,0.7140571832238573,0.875612873244292,0.7140571832238573,True,0.5261579737505787,0.622247570445286,0.45593395446883245,635.7281695340828,0.35449219483658745,1.1772736362741363,1.3946533188218524,0.94273371763003,0.47723446848434486,0.8692774672093903,0.94273371763003,0.8692774672093903,True,1.1059104365339185,1.1454457938299678,0.9161881209877523,0.533479353349995,0.533479353349995,0.533479353349995,0.533479353349995,True,0.705755969646634,0.705755969646634,0.705755969646634,0.0,0.0,0.0,0.0,True,,,,0.0,0.0,0.0,0.0,True,,,,-0.04871730397419851,-1.1510503699139678,-0.5998838369440832,-0.5998838369440832,-0.5998838369440832,True,-0.7504151579904721,-0.7504151579904721,-0.6875680708866674,Rictor,RICTOR,C1554R,C1555R,targeting guide,Missense,860,0.5813953488372093,0.6976744186046512,0.0,48.13953488372093,6235,75.94226142742582,93.66479550922212,0.0160384923817161,17.93103448275862,21775,66.82893226176809,88.68886337543054,1.8645235361653272,23.200918484500573,21067,64.10974509896995,93.45896425689467,0.0,32.49632126073955,19867,77.8929883726783,99.48658579554034,0.0,21.724467710273316,0.008999100089991,0.9911008899110089,0.027964145734186912,1.0,0.008999100089991007,0.9911008899110089,0.027964145734186933,1.0,0.027964145734186912,0.027964145734186933,5.9891382350029906e-05,0.9999981257013174,0.00039507297830896916,0.9999999999819025,8.109640661423897e-06,0.9999920718425676,5.2572842908541126e-05,1.0,0.00039507297830896916,5.2572842908541126e-05,0.6760849491096452,0.24725640922554865,0.9046545938264292,0.99997757850991,0.7328553242340803,0.2673379906479235,0.926023489889234,1.0,0.9046545938264292,0.926023489889234,0.10373643469227667,0.9702958446016646,0.39004899444296026,0.9999996088429295,0.05646756591899061,0.943614106954631,0.23590894206156077,1.0,0.39004899444296026,0.23590894206156077
gRNA_10664,Rictor,-0.3557182300104646,-0.041760108322693994,0.07611562547850753,-0.10712090428488369,-0.041760108322693994,-0.1987391691665793,True,-0.23080621298735943,-0.17926432573994916,-0.3039772071810066,2316.3556908466026,0.4982335128898561,-0.5116278642846415,-0.2822383600619324,0.015143504442110427,0.6673541405841041,0.07737298671389936,0.015143504442110427,,False,-0.03167830035137989,-0.14631023265268667,,0.576555473030154,0.576555473030154,0.576555473030154,0.576555473030154,True,0.7690371287659006,0.7690371287659006,0.7690371287659006,0.0,0.0,0.0,0.0,True,,,,0.0,0.0,0.0,0.0,True,,,,0.910838540733888,1.1845466877514164,1.0476926142426521,1.0476926142426521,1.0476926142426521,True,1.1353708489342593,1.1353708489342593,0.9909785284927128,Rictor,RICTOR,M1365T,M1366T,targeting guide,Missense,5041,0.4165840111089069,0.5554453481452093,4.87998413013291,25.76869668716524,22005,69.0161326971143,88.74346739377414,0.0181776868893433,21.922290388548056,107100,73.39962651727357,90.65546218487395,0.1139122315592903,18.897292250233427,63756,68.46571303093042,85.70958027479767,0.0015684798293493,22.36181692703432,74222,67.15529088410445,85.04217078494247,0.243863005577861,21.468028347390263,0.008999100089991,0.9911008899110089,0.027964145734186912,1.0,0.008999100089991007,0.9911008899110089,0.027964145734186933,1.0,0.027964145734186912,0.027964145734186933,0.06325212698097159,0.9365803967071838,0.15443376457691763,0.9999999999819025,0.04770654087544982,0.952424662370323,0.11352948967828565,1.0,0.15443376457691763,0.11352948967828565,0.004858329447962728,0.9988278368922701,0.04059404160964413,0.99997757850991,0.002589579894553821,0.9974307495394259,0.022643768380284576,1.0,0.04059404160964413,0.022643768380284576,0.5991262740679661,0.6870276217698186,0.9213348530185991,0.9999996088429295,0.4532080554367012,0.5469681389168269,0.7867725949252405,1.0,0.9213348530185991,0.7867725949252405
gRNA_10909,Rtel1,1.9702831902060145,2.743855095869015,1.4388103420479235,2.0509828760409845,1.9702831902060145,2.0509828760409845,True,1.7585397009135058,1.5786647519792245,1.5689366013435893,1447.146792105441,0.9489829638775786,1.1045374136012664,0.32100834735905615,0.8195035876439525,0.66078514242327,0.7709634909810248,0.8195035876439525,0.7709634909810248,True,0.9646801811301112,0.9738363257797613,0.7942841943802444,0.7076031182183968,0.7076031182183968,0.7076031182183968,0.7076031182183968,True,0.9615532362736547,0.9615532362736547,0.9615532362736547,0.0,0.0,0.0,0.0,True,,,,0.0,0.0,0.0,0.0,True,,,,0.5688716620396889,0.2443868713200831,0.40662926667988597,0.40662926667988597,0.40662926667988597,True,0.40162141380763816,0.40162141380763816,0.33786485885803835,Rtel1,RTEL1,T44A,T44A,targeting guide,Missense,1767,1.0752688172043012,2.490096208262592,0.1131861912846632,19.920769666100735,17652,39.85950600498527,93.7060956265579,0.7817811012916385,52.866530704736,75065,33.61619929394525,88.0370345700393,0.933857323652834,59.82548458003064,107105,29.201251108725085,82.91489659679753,0.6320900051351478,66.79333364455441,54421,33.87479098142261,92.97697579978316,0.845261939324893,60.72472023667335,0.004199580041995798,0.9959004099590041,0.02050704020507039,1.0,0.0041995800419957945,0.9959004099590041,0.02050704020507037,1.0,0.02050704020507039,0.02050704020507037,9.764985435882274e-05,0.9999981709660678,0.0005736928943580836,0.9999999999819025,1.2431847663680655e-05,0.9999877867504656,7.303710502412385e-05,1.0,0.0005736928943580836,7.303710502412385e-05,0.08089710470698375,0.9648325743682302,0.23579311139399914,0.99997757850991,0.054166084835789226,0.9459128701397345,0.1655808772215996,1.0,0.23579311139399914,0.1655808772215996,0.0008556547166465551,0.9998806504969422,0.015151149473992192,0.9999996088429295,0.00028684474913908683,0.9997174211543594,0.005676506614541929,1.0,0.015151149473992192,0.005676506614541929
gRNA_10969,Runx1,-0.7189751004153644,-1.0065253096095539,-1.6846235499618247,-1.1367079866622476,-1.0065253096095539,-1.1367079866622476,True,-1.1798823760545722,-1.0221829655892714,-1.0848446721175666,3627.1413532395445,-0.03822820552856733,0.6406117830228834,0.8367437973481454,0.6085846039884494,0.13942240922157972,0.4374268776104982,0.6085846039884494,0.5563406483952645,True,0.4855472755153185,0.6801119371833972,0.5281636665104685,1.1984875350555226,1.1984875350555226,1.1984875350555226,1.1984875350555226,True,1.682689102774336,1.682689102774336,1.682689102774336,0.0,0.0,0.0,0.0,True,,,,0.0,0.0,0.0,0.0,True,,,,1.8463828224334398,0.4852158681438858,1.1657993452886628,1.1657993452886628,1.1657993452886628,True,1.2705536627999001,1.2705536627999001,1.111305358618441,Runx1,RUNX1,R149G,R135G,targeting guide,Missense,5812,0.5333792154163799,0.5333792154163799,0.0344115622849277,12.59463179628355,27234,93.87163104942351,96.99640155687744,0.0293750458985092,3.4442241316002056,93626,96.30124110823915,97.96210454360968,0.0683570802982077,1.8135987866618248,63127,93.60178687407924,95.35064235588575,0.0,2.2304243825938186,66835,95.77317273883445,97.5476920775043,0.0448866611805191,2.076756190618688,0.004199580041995798,0.9959004099590041,0.02050704020507039,1.0,0.0041995800419957945,0.9959004099590041,0.02050704020507037,1.0,0.02050704020507039,0.02050704020507037,0.0030432808499239695,0.9996019305637218,0.010497922931847823,0.9999999999819025,0.0007908806983922492,0.9992150285286076,0.0027033740235953246,1.0,0.010497922931847823,0.0027033740235953246,0.00402968937131235,0.9937922896042846,0.03607531437174866,0.99997757850991,0.0031041839729373136,0.9969512637042753,0.02483347178349851,1.0,0.03607531437174866,0.02483347178349851,0.9764078504549365,0.07832664895615883,0.9999269884937744,0.8180783335421034,0.9573698900833524,0.04270605544519014,1.0,0.5308282050903622,0.8180783335421034,0.5308282050903622
gRNA_10971,Runx1,0.21211185212190597,-0.6578473919966391,1.3631219769443668,0.3057954790232112,0.21211185212190597,0.7876169145331364,True,0.1498212282901159,0.04254447012914551,0.5171730914608856,1334.7093990148642,-0.24853965250806095,0.3187873710437381,0.8330035235723254,0.8340206873554062,0.5953018098468817,0.46651474786205804,0.5953018098468817,0.6452783479545878,True,0.527332660486813,0.6616144054749397,0.6384415254238002,0.8928160094439443,0.8928160094439443,0.8928160094439443,0.8928160094439443,True,1.2336410317298867,1.2336410317298867,1.2336410317298867,0.0,0.0,0.0,0.0,True,,,,0.0,0.0,0.0,0.0,True,,,,0.3458820254404517,0.5845249359860925,0.4652034807132721,0.4652034807132721,0.4652034807132721,True,0.46866439266984,0.46866439266984,0.39754011563064007,Runx1,RUNX1,R149G,R135G,targeting guide,Missense,1536,2.1484375,2.1484375,1.8880208333333333,13.671875,7329,89.67116932732978,98.676490653568,0.0,9.441942966298267,36241,85.50260754394195,98.81625782953007,0.0,13.47369001959107,34481,89.32165540442563,96.35741422812563,1.0266523592703227,7.276471100026101,29893,82.85217274947311,94.3933362325628,0.0,12.835780952062356,0.004199580041995798,0.9959004099590041,0.02050704020507039,1.0,0.0041995800419957945,0.9959004099590041,0.02050704020507037,1.0,0.02050704020507039,0.02050704020507037,0.0018067160391986327,0.9990452461915548,0.0064697641022732,0.9999999999819025,0.0005881963873827405,0.9994171356284366,0.0021266659604346114,1.0,0.0064697641022732,0.0021266659604346114,0.06499258359512865,0.9745349679655986,0.20934951252947645,0.99997757850991,0.04201795852870755,0.9580517767785334,0.14320947963268865,1.0,0.20934951252947645,0.14320947963268865,0.219612993688895,0.7646386140075841,0.6082855417252605,0.9999996088429295,0.21090749867641223,0.7893135967086007,0.5286747966822066,1.0,0.6082855417252605,0.5286747966822066
gRNA_11071,Setbp1,0.008012548257422446,0.16710467520655412,-0.19804173054162416,-0.007641502359215864,0.008012548257422446,0.08755861173198828,True,-0.13910583066920842,-0.13577778628948173,-0.06563173319806191,1467.017193470586,0.15066838933915755,0.5424217644299674,0.27297843572783737,0.19928690308695104,0.37789610026294485,0.30865031856937164,0.27297843572783737,0.30865031856937164,True,0.30055682938427863,0.21274899586313273,0.22104127204695,0.8418456400185567,0.8418456400185567,0.8418456400185567,0.8418456400185567,True,1.1587627910265716,1.1587627910265716,1.1587627910265716,0.0,0.0,0.0,0.0,True,,,,0.0,0.0,0.0,0.0,True,,,,-0.002519318863080497,-0.15412212230321823,-0.07832072058314936,-0.07832072058314936,-0.07832072058314936,True,-0.1534435116349678,-0.1534435116349678,-0.1562009257088122,Setbp1,SETBP1,I862T,I871T,targeting guide,Missense,941,2.5504782146652496,10.201912858660998,4.038257173219979,9.989373007438896,10096,66.32329635499208,92.8189381933439,0.1683835182250396,31.626386687797147,55657,63.499649639757806,97.08212803420952,3.5107892987405,32.35172574878272,46507,71.48816307222569,94.3728901025652,1.2299223772765389,26.53794052508224,54040,54.71687638786085,91.87453737971872,1.0011102886750556,43.47705403404885,0.004199580041995798,0.9959004099590041,0.02050704020507039,1.0,0.0041995800419957945,0.9959004099590041,0.02050704020507037,1.0,0.02050704020507039,0.02050704020507037,0.01246452039069707,0.9995886421520238,0.036330695092264324,0.9999999999819025,0.0027392223809224515,0.9972717671347102,0.008306029155055177,1.0,0.036330695092264324,0.008306029155055177,0.395308251910986,0.7711018640842545,0.7086303426851255,0.99997757850991,0.30861752346827953,0.6915160738635541,0.5920417797146587,1.0,0.7086303426851255,0.5920417797146587,0.533717820480436,0.7501508141630321,0.887040036950803,0.9999996088429295,0.38493632979133374,0.6152344026594088,0.7200799005051816,1.0,0.887040036950803,0.7200799005051816
gRNA_11223,Smad2,-0.3062913425910833,-1.0190798619407113,-1.1096537931737953,-0.8116749992351967,-1.0190798619407113,-0.8116749992351967,True,-0.8802660872941869,-1.0331519206892075,-0.8142517907992172,3663.7874094337185,-0.09738280857080615,0.26951094629644445,0.6525215219862202,0.7694736891883104,0.12874625431580303,0.3445739206431944,0.26951094629644445,0.4550631029466945,True,0.3521618980687749,0.2079201929002674,0.4025850769651408,-0.38236570793373886,-0.38236570793373886,-0.38236570793373886,-0.38236570793373886,True,-0.6396701616301104,-0.6396701616301104,-0.6396701616301104,0.0,0.0,0.0,0.0,True,,,,0.0,0.0,0.0,0.0,True,,,,-0.4835533566855771,-0.17693430801293805,-0.3302438323492576,-0.3302438323492576,-0.3302438323492576,True,-0.44179011834160714,-0.44179011834160714,-0.4128595361517368,Smad2,SMAD2,Y279C,Y279C,targeting guide,Missense,23722,0.0505859539667818,0.1433268695725487,0.0,5.2525082202175195,27435,22.30362675414616,85.05194095133953,0.0,75.1922726444323,85435,24.74161643354597,73.95797975068766,0.0,71.5854158131913,73845,17.926738438621438,74.52366443225675,0.0,70.46380933035412,78745,18.63102419201219,74.61426122293479,0.140961330878151,77.01949330116197,0.6708329167083291,0.3292670732926707,0.8379839756888099,1.0,0.6708329167083291,0.32926707329267074,0.8379839756888099,1.0,0.8379839756888099,0.8379839756888099,0.007886813780806405,0.9989744555677521,0.024306901488386955,0.9999999999819025,0.0023096729875691415,0.9977031858873678,0.007118336420704895,1.0,0.024306901488386955,0.007118336420704895,0.5918547224361158,0.5776498156315486,0.8559129832153058,0.99997757850991,0.5073368100416683,0.49280846623751107,0.7781154565706321,1.0,0.8559129832153058,0.7781154565706321,0.9310677491465337,0.18958318220504483,0.9999269884937744,0.9999996088429295,0.8841517144403617,0.11596522351773192,1.0,0.8898555927074938,0.9999269884937744,0.8898555927074938
gRNA_11284,Smad4,0.8244658856178336,-0.829750042879394,-1.931753468239821,-0.6456792085004605,-0.829750042879394,-1.3807517555596074,True,-0.7272507174897617,-0.8677338134096185,-1.2880133016048951,782.6999562124204,0.5565047761585988,0.920187250400808,2.140420952846671,1.5294018283069957,0.6470666440572065,1.158716290354056,0.920187250400808,1.158716290354056,True,1.5216958668937641,1.1140477319431927,1.2750763524232613,0.8143655656174443,0.8143655656174443,0.8143655656174443,0.8143655656174443,True,1.118393069387344,1.118393069387344,1.118393069387344,0.0,0.0,0.0,0.0,True,,,,0.0,0.0,0.0,0.0,True,,,,0.8020548323195645,0.41191268730199077,0.6069837598107777,0.6069837598107777,0.6069837598107777,True,0.6309435185868053,0.6309435185868053,0.541985494882546,Smad4,SMAD4,L532P,L533P,targeting guide,Missense,1136,0.6161971830985915,0.8802816901408451,0.0,22.975352112676056,7447,69.3165032899154,99.39572982409024,0.0,30.159795890962805,26797,58.87972534238908,96.0555286039482,0.0,37.720640370190694,11266,60.87342446298597,98.22474702645128,0.0,37.67086809870406,8284,58.969097054563015,99.48092708836312,0.0,40.58425881216803,0.004199580041995798,0.9959004099590041,0.02050704020507039,1.0,0.0041995800419957945,0.9959004099590041,0.02050704020507037,1.0,0.02050704020507039,0.02050704020507037,1.756738238589505e-05,0.9999997780538513,0.00016110575066089118,0.9999999999819025,1.8843337937917045e-06,0.9999981703035727,1.6869273963468594e-05,1.0,0.00016110575066089118,1.6869273963468594e-05,0.03064143859666649,0.9875383836181708,0.12801312124829556,0.99997757850991,0.01931943881924145,0.9807350693863239,0.08858669507359494,1.0,0.12801312124829556,0.08858669507359494,0.6142933458864341,0.15174046346656891,0.9213348530185991,0.9999996088429295,0.7843164529716248,0.21599393261032634,0.9788126948284221,1.0,0.9213348530185991,0.9788126948284221
gRNA_11285,Smad4,-0.15507074952900698,1.3002736182915822,-0.27114751515713703,0.2913517845351461,-0.15507074952900698,-0.213109132343072,True,0.13650699156368468,-0.2782642186037059,-0.3159403305893297,451.8817156830334,0.7680479422644446,1.5851559684140915,1.5405716965435627,0.8858851566690635,0.6723820419047243,1.0904085611591772,0.8858851566690635,1.0904085611591772,True,1.4235702655261788,1.0662788619519166,1.190378522817062,0.6698601689388791,0.6698601689388791,0.6698601689388791,0.6698601689388791,True,0.9061067940982311,0.9061067940982311,0.9061067940982311,0.0,0.0,0.0,0.0,True,,,,0.0,0.0,0.0,0.0,True,,,,0.3213621627744624,0.5565864022964886,0.4389742825354755,0.4389742825354755,0.4389742825354755,True,0.4386429300172773,0.4386429300172773,0.37081787680883843,Smad4,SMAD4,L532P,L533P,targeting guide,Missense,1244,0.1607717041800643,0.2411575562700965,0.8038585209003215,18.086816720257236,10061,82.83470827949509,97.6443693469834,0.1490905476592784,15.16747838187059,20488,58.85396329558766,99.46310035142524,0.1708317063647012,40.39437719640765,11033,55.569654672346594,97.43496782380132,0.8338620502129974,41.41212725459983,9232,66.34532062391682,99.9025129982669,0.0108318890814558,33.568024263431546,0.004199580041995798,0.9959004099590041,0.02050704020507039,1.0,0.0041995800419957945,0.9959004099590041,0.02050704020507037,1.0,0.02050704020507039,0.02050704020507037,1.1638379481043097e-05,0.9999999248958835,0.00012155640791311679,0.9999999999819025,1.1030323891881435e-06,0.9999989300224563,1.1520560509298389e-05,1.0,0.00012155640791311679,1.1520560509298389e-05,0.07423634069603718,0.9707812781619917,0.22349740276231492,0.99997757850991,0.04831862893239533,0.9517544578605505,0.15396444473373427,1.0,0.22349740276231492,0.15396444473373427,0.2582894333282073,0.7859513199340863,0.6674005368703899,0.9999996088429295,0.22800733505997495,0.772204176703955,0.5531016644035521,1.0,0.6674005368703899,0.5531016644035521
gRNA_11305,Smad4,3.219449625480575,2.075495753669332,2.329687127785567,2.5415441689784912,2.329687127785567,2.5415441689784912,True,2.210740430331531,1.8926771954389978,1.97733328369266,421.76539412887786,1.7814667490732357,1.0189859433649548,1.5485819327770107,1.4162047713600712,1.2008058276517342,1.3932090448454013,1.4162047713600712,1.3932090448454013,True,1.8585500241320914,1.804798467376307,1.5658344788884773,1.1901108428823173,1.1901108428823173,1.1901108428823173,1.1901108428823173,True,1.6703832870638768,1.6703832870638768,1.6703832870638768,0.0,0.0,0.0,0.0,True,,,,0.0,0.0,0.0,0.0,True,,,,-0.5721503521721953,-1.367797073463947,-0.9699737128180712,-0.9699737128180712,-0.9699737128180712,True,-1.1740132913122845,-1.1740132913122845,-1.0646146729824701,Smad4,SMAD4,D492G,D493G,targeting guide,Missense,1313,0.0,0.5331302361005331,0.0,52.17060167555218,12455,0.8350060216780409,96.86069851465275,0.0,96.0738659173023,74188,0.9826387016768212,97.66269477543538,0.0013479268884455,97.34727988353912,12157,9.821502015299826,94.9823147158016,0.0,87.79304104631078,10160,0.0590551181102362,85.54133858267716,0.0,92.98228346456692,0.004199580041995798,0.9959004099590041,0.02050704020507039,1.0,0.0041995800419957945,0.9959004099590041,0.02050704020507037,1.0,0.02050704020507039,0.02050704020507037,1.7278504102553274e-06,0.9999999962360996,3.459375888652233e-05,0.9999999999819025,1.2611729145120708e-07,0.9999998793416819,2.5394634870838154e-06,1.0,3.459375888652233e-05,2.5394634870838154e-06,0.9129909928338,0.09975926448759663,0.9870829503000992,0.99997757850991,0.9168023677124397,0.08331985788934115,0.9776426727155132,1.0,0.9870829503000992,0.9776426727155132,9.748350549239882e-05,0.9999953456196403,0.004205138716107613,0.9999996088429295,2.5172017863134927e-05,0.9999755961958511,0.0011830848395673417,1.0,0.004205138716107613,0.0011830848395673417
gRNA_11315,Smad4,-1.6794662068277424,-7.208591514945437,0.6405383971190083,-2.749173108218057,-1.6794662068277424,-4.44402886088659,True,-2.6662570954345406,-1.610133717778019,-3.838219004627567,739.76637126662,-1.4258812288253415,0.2156681636012386,-0.9970187511123704,0.29476060142464205,-0.7529418726171043,-0.5330826175057871,-0.7529418726171043,,False,-0.9086116134377161,-1.2159408740320798,,1.0633487132762651,1.0633487132762651,1.0633487132762651,1.0633487132762651,True,1.4841628346772968,1.4841628346772968,1.4841628346772968,0.0,0.0,0.0,0.0,True,,,,0.0,0.0,0.0,0.0,True,,,,-0.9421220031619706,-6.883658857198683,-3.912890430180327,-3.912890430180327,-3.912890430180327,True,-4.542422181321119,-4.542422181321119,-4.062850563418407,Smad4,SMAD4,K506E,K507E,targeting guide,Missense,269,1.1152416356877324,1.486988847583643,0.0,11.524163568773234,1008,60.9126984126984,71.52777777777779,0.0,13.492063492063492,1238,54.84652665589661,64.05492730210017,0.0,12.520193861066236,15161,80.4102631752523,94.22861288833192,0.0,14.43176571466262,1169,10.008554319931566,11.291702309666382,0.0,8.639863130881094,0.004199580041995798,0.9959004099590041,0.02050704020507039,1.0,0.0041995800419957945,0.9959004099590041,0.02050704020507037,1.0,0.02050704020507039,0.02050704020507037,0.5331621031098057,0.07240756505930923,0.8090723852614626,0.8207329190105118,0.8283065268770322,0.17217568349291407,1.0,0.9662396566169507,0.8090723852614626,0.9662396566169507,0.9826675182108964,0.00495175748552291,0.9999687187655443,0.46546520363915356,0.9950816631013856,0.005025713179799242,1.0,0.47241703890112874,0.46546520363915356,0.47241703890112874,0.7568607075809132,0.00912043302457446,0.9856622429830494,0.3810314241377774,0.9725408414769484,0.02785340652963076,1.0,0.47429022901670514,0.3810314241377774,0.47429022901670514
gRNA_11324,Smad4,0.6010280277876348,-1.5433242930550224,0.5468212333628342,-0.13182501063485116,0.5468212333628342,0.5739246305752345,True,-0.253578525177304,0.3349811956703304,0.33927234578766274,1490.4473356805738,-1.2280263705159988,-0.6550629500368405,-0.8349519531053938,-1.0717457925943217,-0.8983838516847107,-0.9376341835874531,-0.8983838516847107,-0.9376341835874531,True,-1.489759108367734,-1.4184824169386814,-1.324283007484795,0.14487642659111277,0.14487642659111277,0.14487642659111277,0.14487642659111277,True,0.13487716661070737,0.13487716661070737,0.13487716661070737,0.0,0.0,0.0,0.0,True,,,,0.0,0.0,0.0,0.0,True,,,,0.7635391582582401,0.12293833469680622,0.4432387464775232,0.4432387464775232,0.4432387464775232,True,0.4435239577979039,0.4435239577979039,0.375162501571437,Smad4,SMAD4,Y352C,Y353C,targeting guide,Missense,6403,0.3748243011088552,0.6559425269404966,0.0624707168514758,8.371076058097767,11240,60.5693950177936,93.79893238434164,0.0,36.05871886120997,40236,65.18292076747191,93.40888756337608,0.0,28.57142857142857,43510,76.2123649735693,96.3364743737072,0.0,20.491840956102045,33966,62.147441559206264,94.67702997114762,0.0029441205911794,32.95354177707119,0.054794520547945195,0.9453054694530547,0.13920770085153644,1.0,0.05479452054794521,0.9453054694530547,0.13920770085153647,1.0,0.13920770085153644,0.13920770085153647,0.9996156186049889,0.00730867327110362,0.9998382435532929,0.30534012777055125,0.998318894546378,0.0016897458579647493,1.0,0.12706888851894915,0.30534012777055125,0.12706888851894915,0.07113153573729912,0.9502721457031142,0.2192250609608563,0.99997757850991,0.053971313599828964,0.9461260441785816,0.1655808772215996,1.0,0.2192250609608563,0.1655808772215996,0.41119293981627303,0.3983887622194674,0.8137291861627297,0.9999996088429295,0.486226924553815,0.5140903962868354,0.8161666233581895,1.0,0.8137291861627297,0.8161666233581895
gRNA_11607,Smo,1.283400428690801,2.3728877904836807,1.8807527894257736,1.845680336200085,1.8807527894257736,1.845680336200085,True,1.5692912632483382,1.5004417361094737,1.398020393000298,1439.06996892173,0.08794103363211896,0.6894916505511629,0.5530967007234918,0.4590206913319493,0.33969088685342275,0.42584819261842916,0.4590206913319493,0.42584819261842916,True,0.46891423206204863,0.4718302166870436,0.36636019398177677,0.7469559337893754,0.7469559337893754,0.7469559337893754,0.7469559337893754,True,1.019364659457282,1.019364659457282,1.019364659457282,0.0,0.0,0.0,0.0,True,,,,0.0,0.0,0.0,0.0,True,,,,0.8790521865369714,0.8887091078765172,0.8838806472067443,0.8838806472067443,0.8838806472067443,True,0.947874654156395,0.947874654156395,0.8240873229236393,Smo,SMO,I160V,I156V,targeting guide,Missense,2985,1.407035175879397,1.742043551088777,0.033500837520938,10.050251256281408,16325,80.7166921898928,95.5405819295559,2.768759571209801,12.398162327718223,81248,84.29992122883024,96.0011323355652,0.8800216620716818,11.467359196534067,78193,66.88578261481207,95.61086030718864,19.350837031447828,8.80641489647411,54236,78.741057600118,95.7463677262335,6.383214101334906,11.365144922191902,0.004199580041995798,0.9959004099590041,0.02050704020507039,1.0,0.0041995800419957945,0.9959004099590041,0.02050704020507037,1.0,0.02050704020507039,0.02050704020507037,0.003507896353326744,0.9998682852978877,0.011960908277045382,0.9999999999819025,0.0006948369452727393,0.9993094817184455,0.0024647046360617925,1.0,0.011960908277045382,0.0024647046360617925,0.006794861944463753,0.9983461184992025,0.04728583616796459,0.99997757850991,0.003670304506284352,0.9963531084874998,0.026539124891594545,1.0,0.04728583616796459,0.026539124891594545,0.0014661676979796504,0.9997672043460621,0.021203040555398022,0.9999996088429295,0.000520416905716405,0.999485868727478,0.007565329286217579,1.0,0.021203040555398022,0.007565329286217579
gRNA_11608,Smo,0.7276343596172705,-0.5782496961050971,1.5119964782565392,0.5537937139229042,0.7276343596172705,1.1198154189369047,True,0.37842667338035896,0.49295823945880757,0.7937313300194774,1053.6159162884223,0.6031296252022342,0.6062816916541094,-0.3677732151493353,0.846056190858134,1.0173222879271642,0.5410033160984613,0.6062816916541094,0.7681974489104104,True,0.6343371772429559,0.6769049166218918,0.7908544542506599,0.77980754035049,0.77980754035049,0.77980754035049,0.77980754035049,True,1.0676254535481429,1.0676254535481429,1.0676254535481429,0.0,0.0,0.0,0.0,True,,,,0.0,0.0,0.0,0.0,True,,,,1.7723384924833314,1.8085611675678324,1.7904498300255818,1.7904498300255818,1.7904498300255818,True,1.9855172339817775,1.9855172339817775,1.7476976463332887,Smo,SMO,I160V,I156V,targeting guide,Missense,1317,1.8982536066818527,2.58162490508732,0.1518602885345482,16.476841305998484,16405,59.67083206339531,90.84425480036576,0.0,33.41054556537641,56614,59.70607976825521,91.91189458437842,0.0017663475465432,34.20885293390327,45415,61.89144555763514,94.78806561708689,0.0,33.720136518771334,42829,58.90167876905835,90.68388241611991,0.0023348665623759,34.48831399285531,0.004199580041995798,0.9959004099590041,0.02050704020507039,1.0,0.0041995800419957945,0.9959004099590041,0.02050704020507037,1.0,0.02050704020507039,0.02050704020507037,0.0009677422114631253,0.9976179802737251,0.0039551203425014685,0.9999999999819025,0.0004120906584621909,0.9995924605451001,0.001534119679027562,1.0,0.0039551203425014685,0.001534119679027562,0.0003277563349974161,0.9999428568148767,0.01369293132878094,0.99997757850991,0.00015382810215324165,0.9998516731298998,0.006426596267735429,1.0,0.01369293132878094,0.006426596267735429,0.11151036946926658,0.8482264603432006,0.4028517451375572,0.9999996088429295,0.10616278261837275,0.8940113227665542,0.3662129015092491,1.0,0.4028517451375572,0.3662129015092491
gRNA_11670,Socs1,1.4364676724301728,0.6457226921140525,-0.13685491550649373,0.6484451496792438,0.6457226921140525,1.0410951822721126,True,0.4656766233981901,0.42139173678281305,0.7281960259698562,860.3190433735789,0.9911601042155066,0.585364514458477,0.5349859275563774,0.46901838455312106,1.1607232346162577,0.7482504330799479,0.585364514458477,0.7482504330799479,True,0.9320523586024222,0.647775793313656,0.7661212510264581,0.5215279069156815,0.5215279069156815,0.5215279069156815,0.5215279069156815,True,0.6881986457945617,0.6881986457945617,0.6881986457945617,0.0,0.0,0.0,0.0,True,,,,0.0,0.0,0.0,0.0,True,,,,1.387526894213171,1.0767370545781647,1.232131974395668,1.232131974395668,1.232131974395668,True,1.346476782289996,1.346476782289996,1.1788848684707809,Socs1,SOCS1,F102S,F101S,targeting guide,Missense,405,0.0,1.728395061728395,0.0,6.419753086419753,5817,0.842358604091456,46.381296200790786,0.0,96.26955475330928,15069,0.6171610591280112,59.17446413166103,0.0,96.79474417678678,21966,0.6874260220340527,63.37521624328508,0.0,99.10771191841935,13421,0.0596080768944192,46.73273228522465,0.0074510096118024,96.5576335593473,0.008999100089991,0.9911008899110089,0.027964145734186912,1.0,0.008999100089991007,0.9911008899110089,0.027964145734186933,1.0,0.027964145734186912,0.027964145734186933,0.00016114715914051334,0.999997756776834,0.0008910489976004855,0.9999999999819025,2.091706452405103e-05,0.9999794113952427,0.0001173853173290028,1.0,0.0008910489976004855,0.0001173853173290028,0.0029492252875014152,0.9993377124092743,0.03168310594572949,0.99997757850991,0.0015291864958257948,0.998486766118961,0.016911003600897024,1.0,0.03168310594572949,0.016911003600897024,0.11088409866238037,0.9305359581725491,0.4028517451375572,0.9999996088429295,0.07821159276028787,0.9219106997875015,0.2911639492858241,1.0,0.4028517451375572,0.2911639492858241
gRNA_11798,Sox9,1.6732062391964475,-0.07065996684708709,2.898532709737967,1.5003596606957759,1.6732062391964475,2.2858694744672072,True,1.2509737286317895,1.3191076088095142,1.7644818041685257,269.5410779096918,-0.9836525746088497,-0.37153434864478213,-0.10365814745709966,-0.15743198800516797,-0.13905159918509424,-0.3510657315801987,-0.15743198800516797,-0.3510657315801987,True,-0.6471402309013667,-0.3866377277281672,-0.5969703682555697,0.18477289542781444,0.18477289542781444,0.18477289542781444,0.18477289542781444,True,0.19348724596553513,0.19348724596553513,0.19348724596553513,0.0,0.0,0.0,0.0,True,,,,0.0,0.0,0.0,0.0,True,,,,1.3522439441952752,1.1701021535757707,1.261173048885523,1.261173048885523,1.261173048885523,True,1.3797166673706431,1.3797166673706431,1.2084718395592289,Sox9,SOX9,M109T,M109T,targeting guide,Missense,262,22.137404580152673,23.282442748091604,0.0,21.374045801526716,6379,77.72378115692115,86.78476250195956,0.0470293149396457,20.11287035585515,16837,61.614301835243815,95.91970065926236,1.5145215893567738,34.50139573558235,16621,92.10637145779437,99.92178569279828,0.006016485169364,7.821430720173275,39621,91.95880972211708,98.83647560637036,1.044900431589309,6.895333282855051,0.04679532046795319,0.9533046695330467,0.12658302515072228,1.0,0.0467953204679532,0.9533046695330467,0.1265830251507223,1.0,0.12658302515072228,0.1265830251507223,0.6368910405669317,0.515408758280775,0.8968952481391996,0.9999999999819025,0.5488148929723686,0.451498959091404,0.7728629204404891,1.0,0.8968952481391996,0.7728629204404891,0.0032011684672036095,0.9992939546915848,0.032878771946362885,0.99997757850991,0.0016603948705688982,0.9983559633225448,0.017837384895254448,1.0,0.032878771946362885,0.017837384895254448,0.005746401647643242,0.9726944232113189,0.053509845632843396,0.9999996088429295,0.0056158602274867,0.9944449716744864,0.04692363212299998,1.0,0.053509845632843396,0.04692363212299998
gRNA_12024,Stat3,-0.54002956029161,2.514818816520338,0.08469553258275586,0.686494929603828,0.08469553258275586,1.299757174551547,True,0.5007510136605384,-0.06877960190132215,0.943534457716405,1438.0625695735175,0.12216647311995406,-0.3466745297394287,-0.9800242635694295,-0.48382923540451345,0.296761636182666,-0.27831998388215035,-0.3466745297394287,,False,-0.5426393153543045,-0.6501756459560761,,0.08517335690803841,0.08517335690803841,0.08517335690803841,0.08517335690803841,True,0.04717011498731147,0.04717011498731147,0.04717011498731147,0.0,0.0,0.0,0.0,True,,,,0.0,0.0,0.0,0.0,True,,,,0.1824596057095153,0.877711703090715,0.5300856544001151,0.5300856544001151,0.5300856544001151,True,0.5429273472959383,0.5429273472959383,0.4636419052768488,Stat3,STAT3,H410R,H410R,targeting guide,Missense,2152,0.5576208178438662,0.5576208178438662,0.0,4.739776951672862,8324,83.62566074002883,94.83421432003844,0.2642960115329169,11.376741950985105,33823,88.2565118410549,97.93040238890696,0.5410519469000384,9.733021908168997,78541,87.77963102074075,98.29897760405396,0.0025464407124941,10.586827262194268,49226,88.06118717750782,97.84666639580708,0.0060943403892252,9.856579856173568,0.08349165083491651,0.9166083391660834,0.19743937555929944,1.0,0.08349165083491655,0.9166083391660834,0.19743937555929952,1.0,0.19743937555929944,0.19743937555929952,0.4213365387521015,0.5019975632740135,0.6770193956016672,0.9999999999819025,0.44798398939016787,0.5523932806908525,0.6737679200428125,1.0,0.6770193956016672,0.6737679200428125,0.04205110892993683,0.9670325591326147,0.15381898310848185,0.99997757850991,0.03187761907722079,0.9682099111147425,0.11867311656470313,1.0,0.15381898310848185,0.11867311656470313,0.058180429245978674,0.7932396471116063,0.25736283995868214,0.9999996088429295,0.09627579598546743,0.9041833687687892,0.341506597080526,1.0,0.25736283995868214,0.341506597080526
gRNA_12026,Stat3,1.5258254672352907,0.6054604596782309,1.0096184817050637,1.046968136206195,1.0096184817050637,1.046968136206195,True,0.8330361925117984,0.7393287266325816,0.7330853128679437,628.5831846486126,1.359830158984446,1.0444002994051305,1.2818267746398695,1.0206064611135357,0.8191155082015737,1.105155840468911,1.0444002994051305,1.105155840468911,True,1.444755066541521,1.2870260065496895,1.2086643385637303,0.41181353198058374,0.41181353198058374,0.41181353198058374,0.41181353198058374,True,0.5270222708218482,0.5270222708218482,0.5270222708218482,0.0,0.0,0.0,0.0,True,,,,0.0,0.0,0.0,0.0,True,,,,0.1554532549442122,-1.1629891496821512,-0.5037679473689695,-0.5037679473689695,,False,-0.6404026608627568,-0.6404026608627568,,Stat3,STAT3,H410R,H410R,targeting guide,Missense,1140,0.4385964912280701,0.4385964912280701,0.0,6.403508771929825,8050,86.0,97.85093167701864,0.0869565217391304,11.875776397515528,18952,88.02764879696075,98.38011819333052,0.3482482059940903,10.457999155761923,30982,84.11335614227616,95.3263185075205,3.4600735911174225,11.245239171131626,29114,85.81095005839116,99.20656728721578,0.0,13.450573607199283,0.008999100089991,0.9911008899110089,0.027964145734186912,1.0,0.008999100089991007,0.9911008899110089,0.027964145734186933,1.0,0.027964145734186912,0.027964145734186933,3.959032231550153e-06,0.9999999881106585,5.9543844762514303e-05,0.9999999999819025,3.1614292210173044e-07,0.9999996953039979,4.754789548410026e-06,1.0,5.9543844762514303e-05,4.754789548410026e-06,0.5417470267894235,0.2771861840927841,0.8351266843345865,0.99997757850991,0.6519718271626815,0.34825943463932785,0.8755050250470295,1.0,0.8351266843345865,0.8755050250470295,0.03785312554993906,0.9908595298151676,0.20439451837277567,0.9999996088429295,0.018386117956726983,0.981661429641121,0.1084401269757337,1.0,0.20439451837277567,0.1084401269757337
gRNA_12164,Syk,1.5768054877021926,1.66234930877542,0.9458880199889923,1.3950142721555352,1.5768054877021926,1.3950142721555352,True,1.153866063953503,1.2348819441383556,1.0228368470238025,1200.272306303798,1.2358543833676832,1.4635409441092637,1.0832886584018506,1.8434432984563798,1.890503878998097,1.503326232666655,1.4635409441092637,1.503326232666655,True,2.016735860540747,1.8707185100309676,1.7023737390970808,1.0893433917769615,1.0893433917769615,1.0893433917769615,1.0893433917769615,True,1.522350429072305,1.522350429072305,1.522350429072305,0.0,0.0,0.0,0.0,True,,,,0.0,0.0,0.0,0.0,True,,,,1.5138010278211858,0.9194223265095656,1.2166116771653757,1.2166116771653757,1.2166116771653757,True,1.3287125326740727,1.3287125326740727,1.1630728300561144,Syk,SYK,N451S,N457S,targeting guide,Missense,633,0.0,3.15955766192733,0.315955766192733,82.62243285939968,19167,0.0886941096676579,72.93786195022696,1.1999791307977252,97.79308185944592,113433,0.1789602672943499,71.85915915121703,2.2286283533010676,96.13340033323637,52570,0.0019022256039566,55.84934373216663,14.234354194407455,76.6007228457295,67250,0.0014869888475836,84.75390334572491,4.414869888475836,92.85055762081784,0.004199580041995798,0.9959004099590041,0.02050704020507039,1.0,0.0041995800419957945,0.9959004099590041,0.02050704020507037,1.0,0.02050704020507039,0.02050704020507037,1.1787064785491736e-06,0.9999999977051666,2.769960224590558e-05,0.9999999999819025,8.301129525366884e-08,0.9999999209089614,1.9507654384612177e-06,1.0,2.769960224590558e-05,1.9507654384612177e-06,0.0024857053997788437,0.9992752337412961,0.028321976676268037,0.99997757850991,0.0013293887789916875,0.9986876013963754,0.015146975178814378,1.0,0.028321976676268037,0.015146975178814378,0.009601683470396947,0.9985489509851492,0.08205074965611936,0.9999996088429295,0.003797654976933543,0.9962203357433176,0.035697956783175305,1.0,0.08205074965611936,0.035697956783175305
gRNA_12197,Tbl1xr1,-0.5623585411211721,-0.18512014139657043,1.045755784564811,0.09942570068235619,-0.18512014139657043,-0.37373934125887126,True,-0.040410992716890776,-0.30451847454859315,-0.44966642221272146,1364.8169358860475,0.005822029767823356,0.008219217986157264,0.43331132520588617,-0.44287047814465214,-0.36477113021447555,-0.07205780707985218,0.005822029767823356,,False,-0.24633902288857135,-0.15929125694016089,,-0.4821421657288451,-0.4821421657288451,-0.4821421657288451,-0.4821421657288451,True,-0.7862471966316434,-0.7862471966316434,-0.7862471966316434,0.0,0.0,0.0,0.0,True,,,,0.0,0.0,0.0,0.0,True,,,,0.4663171274405004,0.08723485031676854,0.27677598887863447,0.27677598887863447,0.27677598887863447,True,0.2529937164072971,0.2529937164072971,0.20557067747752733,Tbl1xr1,TBL1XR1,D370G,D370G,targeting guide,Missense,14542,0.0206298996011552,0.0206298996011552,0.0137532664007701,5.129968367487278,16160,22.74133663366337,58.58292079207921,0.5198019801980198,65.0,78468,20.270683590763113,53.77351276953662,0.0140184533822704,65.41392669623286,39356,19.501473727004775,57.775180404512646,0.0,66.46254700680963,59155,20.256952075057058,53.35981742878878,0.0016904741780069,74.2676020623785,0.8014198580141987,0.19868013198680132,0.9131329291313295,1.0,0.8014198580141986,0.19868013198680134,0.9131329291313294,1.0,0.9131329291313295,0.9131329291313294,0.20812486795471716,0.9119957973026331,0.41113454369700203,0.9999999999819025,0.12964504271473615,0.8705343527530855,0.26637451399311907,1.0,0.41113454369700203,0.26637451399311907,0.14366511776188862,0.9224350751260286,0.36746996107802804,0.99997757850991,0.10494470904000447,0.8951599661874209,0.27402229582667836,1.0,0.36746996107802804,0.27402229582667836,0.3637819306543003,0.6933002588144854,0.7677703432934565,0.9999996088429295,0.33076806460377395,0.6694536422400821,0.664268883558094,1.0,0.7677703432934565,0.664268883558094
gRNA_12271,Tcf3,1.4401268769043833,0.37094005307626127,0.6192185253008464,0.8100951517604971,0.6192185253008464,0.8100951517604971,True,0.6146860334432669,0.3982349560337482,0.5358864258410584,2267.75901302791,1.1916350279469565,0.9052732266377835,0.4710536406592755,0.8038919997175454,1.307816218436166,0.9359340226795453,0.9052732266377835,0.9359340226795453,True,1.2016640894176267,1.0932785605988962,0.9988385859335351,0.8257661600953798,0.8257661600953798,0.8257661600953798,0.8257661600953798,True,1.135141161800709,1.135141161800709,1.135141161800709,0.0,0.0,0.0,0.0,True,,,,0.0,0.0,0.0,0.0,True,,,,0.9025059526248183,1.1075255418828291,1.0050157472538237,1.0050157472538237,1.0050157472538237,True,1.0865236840400585,1.0865236840400585,0.9474994475039878,Tcf3,TCF3,Y187C,Y185C,targeting guide,Missense,5414,1.1821204285186553,2.1425932766900626,0.3140007388252678,54.56224602881419,27698,77.10303993068092,92.59152285363564,0.6498664163477507,17.459744385876235,91195,79.04271067492735,93.32638850814187,0.575689456658808,15.808980755523876,90115,80.20529323642013,93.53936636520002,0.2141707817788381,15.013038894745604,85250,79.56715542521994,93.46275659824047,0.0609970674486803,16.069208211143696,0.004199580041995798,0.9959004099590041,0.02050704020507039,1.0,0.0041995800419957945,0.9959004099590041,0.02050704020507037,1.0,0.02050704020507039,0.02050704020507037,2.2111178204276035e-05,0.9999997526714759,0.00018475117788461752,0.9999999999819025,2.334817006942639e-06,0.9999977255345798,1.888487937559178e-05,1.0,0.00018475117788461752,1.888487937559178e-05,0.005224110697223213,0.9987451611383507,0.042701426568607134,0.99997757850991,0.002789929821282944,0.9972309666567378,0.02384121847278152,1.0,0.042701426568607134,0.02384121847278152,0.08264580361568064,0.97227943608909,0.3271033911525886,0.9999996088429295,0.046875234756344135,0.9532080324729418,0.20567762726251415,1.0,0.3271033911525886,0.20567762726251415
gRNA_12272,Tcf3,2.0723834662115044,2.179171061904083,2.0660814197567055,2.1058786492907644,2.0723834662115044,2.1058786492907644,True,1.8091427734814007,1.667870110613629,1.6146378256206808,648.4535860137576,1.027711426488356,0.6165484185965019,0.7455319315571832,0.990439594831947,1.3599070657650636,0.9480276874478104,0.990439594831947,0.9480276874478104,True,1.2190369129928096,1.2118806844724948,1.0138340655070797,0.6372430983365844,0.6372430983365844,0.6372430983365844,0.6372430983365844,True,0.858190546067681,0.858190546067681,0.858190546067681,0.0,0.0,0.0,0.0,True,,,,0.0,0.0,0.0,0.0,True,,,,0.7748164987551728,0.7060359925264303,0.7404262456408015,0.7404262456408015,0.7404262456408015,True,0.7836793581445105,0.7836793581445105,0.6779363520590855,Tcf3,TCF3,Y187C,Y185C,targeting guide,Missense,3435,0.5822416302765648,1.5138282387190682,0.1746724890829694,40.0,18220,67.21734357848518,93.15587266739848,0.1207464324917673,27.497255762897915,76686,68.74266489320084,94.34055759851864,0.0847612341235688,26.332055394726545,77905,62.630126436043895,89.81195045247416,0.0,30.08536037481548,62753,63.65592083247016,93.01387981451086,0.0015935493123834,30.95310184373655,0.004199580041995798,0.9959004099590041,0.02050704020507039,1.0,0.0041995800419957945,0.9959004099590041,0.02050704020507037,1.0,0.02050704020507039,0.02050704020507037,1.9966659737311638e-05,0.9999998636218212,0.00017459218747044596,0.9999999999819025,1.9744761096314736e-06,0.9999980763642918,1.7265186447010095e-05,1.0,0.00017459218747044596,1.7265186447010095e-05,0.02028480033137759,0.9941582926325715,0.09654537879237941,0.99997757850991,0.011735035788055296,0.9883041814794719,0.06214610501843368,1.0,0.09654537879237941,0.06214610501843368,0.00023861002076974958,0.9999887924427917,0.006408383414958989,0.9999996088429295,6.410883125673114e-05,0.9999372062614323,0.0017217800394664935,1.0,0.006408383414958989,0.0017217800394664935
gRNA_12386,Tet2,-0.5650981416210838,-1.5990738939029794,-1.3398074223336367,-1.1679931526192335,-1.3398074223336367,-1.1679931526192335,True,-1.20872112682718,-1.3133726817697182,-1.110889853764625,3729.90642448216,-0.9761785698669624,-0.32124448699610925,-0.10975697982430038,0.08782823268630018,-1.1849635458732093,-0.5008630699748562,-0.32124448699610925,-0.6480358956401453,True,-0.8623275030664828,-0.6147619357849669,-0.9651970484591353,0.13904572489585945,0.13904572489585945,0.13904572489585945,0.13904572489585945,True,0.1263115491759445,0.1263115491759445,0.1263115491759445,0.0,0.0,0.0,0.0,True,,,,0.0,0.0,0.0,0.0,True,,,,-0.09666022791380435,0.04653307558879618,-0.025063576162504087,-0.025063576162504087,,False,-0.09248635383820376,-0.09248635383820376,,Tet2,TET2,S1820P,S1898P,targeting guide,Missense,23774,0.0378564818709514,0.1219819971397324,0.0588878606881467,51.421721208042406,28017,26.89438555162937,57.65428132919299,0.0035692615197915,56.19445336759824,85938,26.37017384626126,66.9354651027485,0.0442179245502571,61.53040564127627,53374,30.449282422153107,77.1405553265635,0.0,59.06621201333982,66691,19.786777826093477,52.2184402693017,0.0,57.92985560270502,0.06359364063593642,0.9365063493650635,0.15628241097458886,1.0,0.0635936406359364,0.9365063493650635,0.15628241097458878,1.0,0.15628241097458886,0.15628241097458878,0.7102086082905372,0.17365825957290154,0.947092222241653,0.9999999999819025,0.7917497255964527,0.20859328549846817,0.9841910646634648,1.0,0.947092222241653,0.9841910646634648,0.3561588690610018,0.8015812945350309,0.6695786738346834,0.99997757850991,0.27332171497017566,0.7268080476300727,0.5576655715450844,1.0,0.6695786738346834,0.5576655715450844,0.9749815107562254,0.07158832116501274,0.9999269884937744,0.8180783335421034,0.9600483575091631,0.040025860777820395,1.0,0.5189559880158782,0.8180783335421034,0.5189559880158782
gRNA_12523,Trp53,0.43897560924255796,0.6022234919674454,-0.09007783764483772,0.31704042118838854,0.43897560924255796,0.5205995506050016,True,0.16018684645560066,0.24075610683430068,0.2948787377729834,2654.4972825402583,0.1423016017075729,1.195184213810403,1.3883080981626728,1.173696734404136,0.2518998010965782,0.8302780898362727,1.173696734404136,0.8302780898362727,True,1.0498869469112324,1.4670833710389932,0.8678310366807568,0.46457948911138536,0.46457948911138536,0.46457948911138536,0.46457948911138536,True,0.6045383273763258,0.6045383273763258,0.6045383273763258,0.0,0.0,0.0,0.0,True,,,,0.0,0.0,0.0,0.0,True,,,,-0.27158489110911865,0.1393764778056599,-0.06610420665172938,-0.06610420665172938,,False,-0.13946071222758435,-0.13946071222758435,,Trp53,TP53,I192T,I195T,targeting guide,Missense,12463,0.1123325042124689,0.3771162641418599,0.0320950012035625,4.108160154056006,32738,17.948561304905613,92.87677927790337,0.0244364347241737,77.42989797788503,135049,13.481032810313293,94.10436212041556,0.1251397640856281,84.91214299994817,109826,20.389525249030285,92.77311383461112,3.1085535301294773,74.88572833391001,87173,25.806155575694312,97.10001950145114,0.0034414325536576,72.91248437016048,0.008999100089991,0.9911008899110089,0.027964145734186912,1.0,0.008999100089991007,0.9911008899110089,0.027964145734186933,1.0,0.027964145734186912,0.027964145734186933,0.00014955606693643102,0.9999674264393954,0.0008392997189268368,0.9999999999819025,3.2088083569347496e-05,0.9999685763868624,0.00017554810899587543,1.0,0.0008392997189268368,0.00017554810899587543,0.37883556661583645,0.7559874335598524,0.6978781198088797,0.99997757850991,0.3071902497291181,0.6929494403234148,0.5920417797146587,1.0,0.6978781198088797,0.5920417797146587,0.30375273266603176,0.883769902076613,0.6979161007605451,0.9999996088429295,0.19620375876546353,0.8039385974510849,0.5075397539170097,1.0,0.6979161007605451,0.5075397539170097
gRNA_12536,Trp53,-0.2267517532674818,-0.04729132899998984,-0.6450383276235463,-0.30636046996367267,-0.2267517532674818,-0.30636046996367267,True,-0.41446578463716816,-0.34089215552937036,-0.39357290669581413,2098.992885669345,0.8439409883652088,1.226009262054435,1.0780345911367755,0.9334772133891784,0.8313141876038553,0.9825552485098905,0.9334772133891784,0.9825552485098905,True,1.2686365371188981,1.1325552469405302,1.0566463433857733,0.009569833885819707,0.009569833885819707,0.009569833885819707,0.009569833885819707,True,-0.06389556608771362,-0.06389556608771362,-0.06389556608771362,0.0,0.0,0.0,0.0,True,,,,0.0,0.0,0.0,0.0,True,,,,0.09943296714907905,-0.02873164468578051,0.035350661231649275,0.035350661231649275,,False,-0.02333731774044839,-0.02333731774044839,,Trp53,TP53,N236S,N239S,targeting guide,Missense,8626,0.0,0.1854857407836772,0.0115928587989798,68.1544168792024,18603,0.0268773853679514,95.40396710208032,0.0,96.30704725044347,110782,0.0162481269520319,93.89521763463378,0.0,98.62974129371196,52783,0.0094727469071481,96.42119621847944,0.0,99.15503097588238,67472,0.0029641925539483,93.4580270334361,0.0,98.4008181171449,0.11728827117288271,0.8828117188281172,0.2609490530236917,1.0,0.11728827117288271,0.882811718828117,0.2609490530236917,1.0,0.2609490530236917,0.2609490530236917,1.0834225619481024e-05,0.9999999656457365,0.00011639053808356759,0.9999999999819025,9.290403098526798e-07,0.9999990965590168,9.980547328703076e-06,1.0,0.00011639053808356759,9.980547328703076e-06,0.31051646565434654,0.8353582591759188,0.6277107047636252,0.99997757850991,0.23318823051107462,0.7669360476726095,0.5010215695552231,1.0,0.6277107047636252,0.5010215695552231,0.728415945802565,0.5403900731880542,0.9712212610700867,0.9999996088429295,0.599670547689224,0.40050480387159565,0.8705641927843562,1.0,0.9712212610700867,0.8705641927843562
gRNA_12548,Trp53,1.531181812771873,-1.3228206365427067,2.0305369009276792,0.7462993590522818,1.531181812771873,1.7808593568497761,True,0.5558788988165015,1.1950203840759732,1.34405634550123,534.0171381034575,0.8654213830102552,1.3533129161315416,1.6149828536819917,0.9885417478617375,1.7578481607495617,1.3160214122870175,1.3533129161315416,1.3160214122870175,True,1.747668240295842,1.7172156836717214,1.470126057203365,1.2541420243309422,1.2541420243309422,1.2541420243309422,1.2541420243309422,True,1.764448569915048,1.764448569915048,1.764448569915048,0.0,0.0,0.0,0.0,True,,,,0.0,0.0,0.0,0.0,True,,,,1.7677050983887586,1.2054733577209436,1.486589228054851,1.486589228054851,1.486589228054851,True,1.6377239216657444,1.6377239216657444,1.4381252560773095,Trp53,TP53,H176R,H179R,targeting guide,Missense,1892,0.2642706131078224,0.7928118393234672,0.0,12.73784355179704,10442,32.445891591649115,98.4868799080636,0.0670369660984485,66.25167592415247,68510,20.693329440957527,97.3609692015764,0.5605021164793461,78.57539045394833,51874,41.96321856806878,99.16721286193469,0.0019277480047808,57.98473223580214,29121,39.634627931733114,99.32007829401462,0.0,60.25891967995605,0.004199580041995798,0.9959004099590041,0.02050704020507039,1.0,0.0041995800419957945,0.9959004099590041,0.02050704020507037,1.0,0.02050704020507039,0.02050704020507037,2.4304125887434696e-06,0.9999999931865016,3.973196232032803e-05,0.9999999999819025,1.8640439915728075e-07,0.9999998211932636,3.047306699266851e-06,1.0,3.973196232032803e-05,3.047306699266851e-06,0.0012813674556689915,0.9996597866965696,0.02007475680548087,0.99997757850991,0.0006602255114940755,0.9993520233295966,0.010343533013407184,1.0,0.02007475680548087,0.010343533013407184,0.02580502953073459,0.6530861506232433,0.16152936381902597,0.9999996088429295,0.06369737024795045,0.9365713315809001,0.2547894809918018,1.0,0.16152936381902597,0.2547894809918018
gRNA_12556,Trp53,0.7254747144992368,0.39897925508678134,1.488197760547069,0.8708839100443623,0.7254747144992368,0.8708839100443623,True,0.6707212755875787,0.49107135016903836,0.5864936130868992,1718.062752181443,1.759233788256285,0.8652368329127993,1.0693366568437384,1.533573248846637,1.6563322062067276,1.3767425466132373,1.533573248846637,1.3767425466132373,True,1.8348955261639388,1.9682450367307964,1.5454169261764017,1.1845535437815138,1.1845535437815138,1.1845535437815138,1.1845535437815138,True,1.6622193128878722,1.6622193128878722,1.6622193128878722,0.0,0.0,0.0,0.0,True,,,,0.0,0.0,0.0,0.0,True,,,,1.4109486091842054,1.3292073421947264,1.3700779756894659,1.3700779756894659,1.3700779756894659,True,1.5043672636474412,1.5043672636474412,1.3194238954779376,Trp53,TP53,L249P,L252P,targeting guide,Missense,5437,0.0,0.3678499172337686,0.0,29.336030899393045,30646,0.0032630685897017,64.63159955622267,0.0065261371794035,98.50225151732688,106722,0.0,69.38494406026874,0.2014579936657858,98.79218905192933,101333,0.0,64.46468573909783,0.0009868453514649,99.16808936871504,120897,0.002481451152634,56.72514619883041,0.002481451152634,99.69064575630496,0.004199580041995798,0.9959004099590041,0.02050704020507039,1.0,0.0041995800419957945,0.9959004099590041,0.02050704020507037,1.0,0.02050704020507039,0.02050704020507037,2.2741730245941912e-06,0.9999999938315509,3.886768442033709e-05,0.9999999999819025,1.7297780431736758e-07,0.9999998341623694,2.956347928333191e-06,1.0,3.886768442033709e-05,2.956347928333191e-06,0.002170489365115759,0.9995310517991227,0.027203466709450844,0.99997757850991,0.0011080282089390102,0.9989057339755346,0.013887286885368928,1.0,0.027203466709450844,0.013887286885368928,0.0685847872185923,0.9778990145990478,0.28975146060888435,0.9999996088429295,0.03778677808394595,0.9622871960515835,0.1798459311337174,1.0,0.28975146060888435,0.1798459311337174
gRNA_12558,Trp53,2.1420070021754616,0.4991501743969227,1.5307267616145763,1.3906279793956535,1.5307267616145763,1.3906279793956535,True,1.1498227673990964,1.1946228043311204,1.0191852189056916,1514.44029706192,1.939969192383386,1.6772357922696872,1.8154802641140066,1.9343663378121287,2.4569359545745626,1.9647975082307543,1.9343663378121287,1.9647975082307543,True,2.679649808381203,2.526386854834355,2.274572755615022,1.0961318122095018,1.0961318122095018,1.0961318122095018,1.0961318122095018,True,1.5323229873424022,1.5323229873424022,1.5323229873424022,0.0,0.0,0.0,0.0,True,,,,0.0,0.0,0.0,0.0,True,,,,0.988767326774337,0.1184176098263225,0.5535924683003297,0.5535924683003297,0.5535924683003297,True,0.5698328184736058,0.5698328184736058,0.48759058608375666,Trp53,TP53,K117R,K120R,targeting guide,Missense,9162,0.0545732372844357,0.7749399694389871,0.9823182711198428,32.50382012660991,44154,0.0860624179009829,76.94433120442089,1.3430266793495491,94.77510531322191,318495,0.4216706698692287,80.16891944928491,0.3783418891976326,96.80528736714862,136404,1.7279551919298557,87.02970587372805,0.5366411542183513,94.9642239230521,194771,0.4179266933989146,90.74862274157856,0.6104604894979232,97.36459739899676,0.004199580041995798,0.9959004099590041,0.02050704020507039,1.0,0.0041995800419957945,0.9959004099590041,0.02050704020507037,1.0,0.02050704020507039,0.02050704020507037,4.266434789383143e-07,0.9999999993979559,2.769960224590558e-05,0.9999999999819025,2.73687556346303e-08,0.9999999742540413,1.9361201859582867e-06,1.0,2.769960224590558e-05,1.9361201859582867e-06,0.04176292610972611,0.9564591859672956,0.15381898310848185,0.99997757850991,0.034568214928988705,0.9655354868372588,0.12497739243557454,1.0,0.15381898310848185,0.12497739243557454,0.007639163799888735,0.9947184907364431,0.06838870449424202,0.9999996088429295,0.004215308032801029,0.9958151215708902,0.03764774812975191,1.0,0.06838870449424202,0.03764774812975191
gRNA_12567,Trp53,0.10643819307378721,1.2731164791985234,-0.87151498452483,0.16934656258249356,0.10643819307378721,0.6897773361361553,True,0.024042247292012642,-0.04978296543126733,0.43572076369875795,1128.7357263273852,-0.8020414565683491,0.7105477017879339,1.0647194782322782,0.24777713630664058,-0.4628073630238277,0.1516390993469352,0.24777713630664058,,False,0.07500665388796868,0.17765383213706862,,0.4752355573736469,0.4752355573736469,0.4752355573736469,0.4752355573736469,True,0.6201926703463251,0.6201926703463251,0.6201926703463251,0.0,0.0,0.0,0.0,True,,,,0.0,0.0,0.0,0.0,True,,,,1.007491647718067,0.1441464533435175,0.5758190505307923,0.5758190505307923,0.5758190505307923,True,0.595272959792558,0.595272959792558,0.5102349701983124,Trp53,TP53,Non-coding,,targeting guide,Intron,6386,0.0313185092389602,0.1252740369558409,0.0156592546194801,14.531788286877545,15641,29.761524199219995,58.174029793491464,0.0,44.383351448117125,47680,50.78859060402685,78.92407718120805,0.0,37.571308724832214,40727,34.45871289316669,71.17882485820218,0.8765683698774769,40.64870970118103,35703,48.34047559028653,71.0640562417724,0.0028008850796851,35.520824580567464,0.008999100089991,0.9911008899110089,0.027964145734186912,1.0,0.008999100089991007,0.9911008899110089,0.027964145734186933,1.0,0.027964145734186912,0.027964145734186933,0.022869305125102053,0.8034172166725181,0.061862293000276056,0.9999999999819025,0.044172523487227035,0.9560499518030533,0.10926887388945636,1.0,0.061862293000276056,0.10926887388945636,0.03930356508462643,0.9620954415396774,0.14778140471819537,0.99997757850991,0.031574533145565714,0.9685223131947813,0.11867311656470313,1.0,0.14778140471819537,0.11867311656470313,0.28093641921381624,0.6645296436251087,0.6950676332323262,0.9999996088429295,0.2917376763263964,0.7085108066394107,0.6377521296437503,1.0,0.6950676332323262,0.6377521296437503
gRNA_12579,Trp53,3.7323518595401466,2.889302426593845,1.7462807900723711,2.7893116920687877,2.889302426593845,2.7893116920687877,True,2.4391332046505645,2.3816149866043004,2.1836019719905244,114.03134479368882,1.2025598391054606,1.831535146372444,1.692497157251667,1.511192657236231,1.2685650980266985,1.5012699795985003,1.511192657236231,1.5012699795985003,True,2.0137820063978142,1.9370779721391693,1.6998240983163586,0.15022777381152236,0.15022777381152236,0.15022777381152236,0.15022777381152236,True,0.14273858628990754,0.14273858628990754,0.14273858628990754,0.0,0.0,0.0,0.0,True,,,,0.0,0.0,0.0,0.0,True,,,,0.39859475922813176,1.6572288331833642,1.027911796205748,1.027911796205748,1.027911796205748,True,1.1127300847787327,1.1127300847787327,0.9708258825715649,Trp53,TP53,M243T,M246T,targeting guide,Missense,465,3.010752688172043,3.4408602150537635,1.5053763440860215,21.72043010752688,5771,88.13030670594351,98.73505458326112,0.2079362328885808,10.466123722058567,26823,70.7564403683406,98.24031614659062,4.3731126272229055,24.24411885322298,24195,86.26162430254185,97.61934283942963,1.926017772266997,11.22545980574499,31180,81.96279666452855,98.24246311738294,1.6228351507376524,14.76266837716485,0.054794520547945195,0.9453054694530547,0.13920770085153644,1.0,0.05479452054794521,0.9453054694530547,0.13920770085153647,1.0,0.13920770085153644,0.13920770085153647,9.685411496779252e-07,0.999999998271811,2.769960224590558e-05,0.9999999999819025,6.676591584845418e-08,0.999999936515748,1.9361201859582867e-06,1.0,2.769960224590558e-05,1.9361201859582867e-06,0.0065324432181851,0.9912695773639788,0.04728583616796459,0.99997757850991,0.005022741022680135,0.995038580301067,0.03419308961960608,1.0,0.04728583616796459,0.03419308961960608,7.885289751333952e-05,0.9999895967429682,0.004205138716107613,0.9999996088429295,2.2786833670992152e-05,0.9999781551492983,0.0011830848395673417,1.0,0.004205138716107613,0.0011830848395673417
gRNA_12580,Trp53,2.5699135407556506,-0.5758066761672672,0.3848799967311913,0.7929956204398582,0.3848799967311913,1.4773967687434209,True,0.5989236391263465,0.19349258607393777,1.091421015352004,1063.1061508616895,0.7506821254256868,0.930556773099302,1.5640038012648534,0.9381073469311904,0.6930925825699001,0.9752885258581865,0.930556773099302,0.9752885258581865,True,1.258197725309833,1.1284882610120506,1.0476360067195725,1.2958177534255795,1.2958177534255795,1.2958177534255795,1.2958177534255795,True,1.8256724792140078,1.8256724792140078,1.8256724792140078,0.0,0.0,0.0,0.0,True,,,,0.0,0.0,0.0,0.0,True,,,,0.5489939323595109,1.258051610396837,0.9035227713781739,0.9035227713781739,0.9035227713781739,True,0.97035667183884,0.97035667183884,0.8440986678956995,Trp53,TP53,M243T,M246T,targeting guide,Missense,3125,0.8,0.8,0.256,6.688,16246,86.5443801551151,99.02745291148592,0.0492428905576757,12.526160285608764,59049,86.50612203424275,99.47501227793866,0.1964470185777913,12.806313400734984,42984,92.44602642843849,98.72975991066444,0.1279545877535827,6.227898753024381,69901,89.65536973719975,98.894150298279,0.0929886553840431,9.167250826168438,9.99900009999001e-05,1.0,0.0053708914822803485,1.0,9.999000099989996e-05,1.0,0.005370891482280341,1.0,0.0053708914822803485,0.005370891482280341,1.7532850458616678e-05,0.9999999084851686,0.00016110575066089118,0.9999999999819025,1.6610694743940432e-06,0.9999983821476539,1.5614053059304007e-05,1.0,0.00016110575066089118,1.5614053059304007e-05,0.013484647542609631,0.993580214540248,0.07610841118140581,0.99997757850991,0.008454582104956436,0.9915890346120658,0.04967066986661906,1.0,0.07610841118140581,0.04967066986661906,0.0478129065456812,0.8221124447030074,0.2385465635042246,0.9999996088429295,0.07511999647235111,0.9252639510238334,0.2824511867360402,1.0,0.2385465635042246,0.2824511867360402
gRNA_12583,Trp53,1.9233005820410638,0.8787701149311309,2.2699628421970157,1.6906778463897367,1.9233005820410638,1.6906778463897367,True,1.4264095480316046,1.5376158873247472,1.26897942807758,1161.2068700216466,-0.6749043847955732,-0.3427646070521635,-0.4423077075344944,-0.0994870122863762,0.01668072421006377,-0.3085565974917087,-0.3427646070521635,-0.38986592791715186,True,-0.5860748961989342,-0.6447307133527037,-0.6450804790258852,-0.21371911275134278,-0.21371911275134278,-0.21371911275134278,-0.21371911275134278,True,-0.39191915471721606,-0.39191915471721606,-0.39191915471721606,0.0,0.0,0.0,0.0,True,,,,0.0,0.0,0.0,0.0,True,,,,0.17352449130932848,-0.40836297468487537,-0.11741924168777344,-0.11741924168777344,,False,-0.19819496698469877,-0.19819496698469877,,Trp53,TP53,L254P,L257P,targeting guide,Missense,22772,0.6806604602142983,0.8826629193746707,0.0043913578078341,8.185490953802915,27271,55.714861941256274,67.32059697114151,0.7333797807194455,18.429833889479667,113051,60.815914941044305,72.89984166438155,0.0769564178998859,15.247985422508425,133541,52.40413056664246,63.404497495151304,0.3264914895050958,15.369811518559844,90645,48.044569474322905,57.93038777649071,0.268078768823432,16.265651718241493,0.3816618338166183,0.6184381561843815,0.6029615525842373,1.0,0.38166183381661833,0.6184381561843816,0.6029615525842373,1.0,0.6029615525842373,0.6029615525842373,0.6199562172269172,0.6641667729755758,0.8897081590737438,0.9999999999819025,0.47520285977957827,0.5250576415166276,0.6960604655530825,1.0,0.8897081590737438,0.6960604655530825,0.3749523421836691,0.7225950770768677,0.6944930081825594,0.99997757850991,0.3210125944587514,0.6791365969424831,0.6126940889161956,1.0,0.6944930081825594,0.6126940889161956,0.002321273546299579,0.9991347488181914,0.02858603846527327,0.9999996088429295,0.0009904668275365026,0.999020529515746,0.012413850905124165,1.0,0.02858603846527327,0.012413850905124165
gRNA_12592,Trp53,1.909334186512643,0.8459380675718943,0.34572090383861,1.0336643859743824,0.8459380675718943,1.0336643859743824,True,0.820772759490418,0.5963205917339829,0.7220098213122633,769.3351233379726,-0.6518911700493891,0.21879222159269376,0.6314304648482287,0.30179032573655096,-0.3630456059117276,0.027415247243271344,0.21879222159269376,,False,-0.10344372552800905,0.13728963065401423,,0.6267503285310754,0.6267503285310754,0.6267503285310754,0.6267503285310754,True,0.842776097398803,0.842776097398803,0.842776097398803,0.0,0.0,0.0,0.0,True,,,,0.0,0.0,0.0,0.0,True,,,,0.291784360943691,-0.811312149880056,-0.2597638944681825,-0.2597638944681825,,False,-0.3611200647429886,-0.3611200647429886,,Trp53,TP53,D278G,D281G,targeting guide,Missense,1289,0.1551590380139643,0.5430566330488751,2.094647013188518,13.266097750193948,9612,0.1248439450686641,19.870994590095712,0.1456512692467748,93.6849771119434,25202,2.2815649551622887,13.32037139909531,0.0039679390524561,89.6555828902468,45997,0.2500163054112225,17.744635519707806,0.8609257125464705,94.94749657586364,31212,0.1249519415609381,11.719851339228502,0.0,93.23016788414712,0.004199580041995798,0.9959004099590041,0.02050704020507039,1.0,0.0041995800419957945,0.9959004099590041,0.02050704020507037,1.0,0.02050704020507039,0.02050704020507037,0.08350279493739197,0.8846487891423404,0.19501273848732534,0.9999999999819025,0.07349263881246153,0.9266765233194014,0.1664652541776237,1.0,0.19501273848732534,0.1664652541776237,0.3817265814166184,0.4982880500085055,0.6978781198088797,0.99997757850991,0.4352524963708504,0.5649565555360104,0.7209468662354175,1.0,0.6978781198088797,0.7209468662354175,0.03480936672751534,0.9827673231704599,0.1953480879036682,0.9999996088429295,0.020721602689704816,0.9793460864291798,0.11981407921290094,1.0,0.1953480879036682,0.11981407921290094
gRNA_12597,Trp53,0.32710575559680766,0.7035182564896528,-0.43999688650998336,0.19687570852549238,0.32710575559680766,0.5153120060432302,True,0.04941868863563325,0.1430150349657885,0.29047680943520193,1551.3452382885187,0.05400443562941543,0.7606596501850358,-0.07639262098032248,0.7104738290002457,-0.05984171625282001,0.2777807155163109,0.05400443562941543,,False,0.2562119448556428,-0.09219275562217033,,0.747065707916164,0.747065707916164,0.747065707916164,0.747065707916164,True,1.0195259236109724,1.0195259236109724,1.0195259236109724,0.0,0.0,0.0,0.0,True,,,,0.0,0.0,0.0,0.0,True,,,,1.91256237592744,1.19710114665907,1.554831761293255,1.554831761293255,1.554831761293255,True,1.7158330826490682,1.7158330826490682,1.5076505712867185,Trp53,TP53,Non-coding,,targeting guide,Intron,2471,0.0404694455685957,0.3237555645487657,0.4451639012545528,14.1643059490085,13496,5.949911084765856,25.103734439834025,0.0074096028452874,91.04919976289273,41507,3.968005396680078,33.13417013997639,0.4288433276314838,94.63704917242876,53942,0.0667383485966408,38.28371213525639,0.0,98.52248711579104,42812,0.7965056526207606,28.410258805942256,4.026908343455106,93.3686816780342,0.004199580041995798,0.9959004099590041,0.02050704020507039,1.0,0.0041995800419957945,0.9959004099590041,0.02050704020507037,1.0,0.02050704020507039,0.02050704020507037,0.01369899553570263,0.9967435757558015,0.039021381222910524,0.9999999999819025,0.005250315142785765,0.994776545298449,0.015303244137111998,1.0,0.039021381222910524,0.015303244137111998,0.0009013744210229724,0.9997117797807782,0.018828710128035425,0.99997757850991,0.0004704391236662543,0.9995412053274022,0.009826950583250645,1.0,0.018828710128035425,0.009826950583250645,0.33970950840564024,0.805753097802277,0.7257430406847769,0.9999996088429295,0.25480707518426715,0.7453653317922014,0.5914040757363238,1.0,0.7257430406847769,0.5914040757363238
gRNA_12601,Trp53,1.5078950486242173,1.5184773405229695,1.73999550774976,1.588789298965649,1.5184773405229695,1.588789298965649,True,1.3324884088634048,1.1839204434336643,1.1841562972345514,969.6218726546483,0.3256806336198763,0.7485535136291698,0.8981795948748357,0.9368608260349147,1.1442898956189023,0.8107128927555397,0.8981795948748357,0.8107128927555397,True,1.0217810978067332,1.0834000156884829,0.8435712677192104,0.7907586650849469,0.7907586650849469,0.7907586650849469,0.7907586650849469,True,1.0837132504992526,1.0837132504992526,1.0837132504992526,0.0,0.0,0.0,0.0,True,,,,0.0,0.0,0.0,0.0,True,,,,1.8957613795911112,2.4514401758738678,2.1736007777324895,2.1736007777324895,2.1736007777324895,True,2.4240648323073035,2.4240648323073035,2.1380508344109477,Trp53,TP53,I248T,I251T,targeting guide,Missense,3936,0.0,0.4065040650406504,0.4065040650406504,5.614837398373983,18111,3.3570758102810445,86.90850864115731,0.0,88.46005190215891,78244,5.686058994938909,93.08445376003272,0.0038341598077807,90.7788456622872,40582,0.6209649598344094,87.2160070967424,0.0,93.84948992164014,41651,5.987851432138484,88.29800004801805,0.0,87.85623394396292,0.004199580041995798,0.9959004099590041,0.02050704020507039,1.0,0.0041995800419957945,0.9959004099590041,0.02050704020507037,1.0,0.02050704020507039,0.02050704020507037,6.443563459830319e-05,0.9999987747020866,0.0004177206656717586,0.9999999999819025,7.878106698013748e-06,0.9999922750603961,5.196786172724858e-05,1.0,0.0004177206656717586,5.196786172724858e-05,0.00013656865293055974,0.99997757850991,0.01369293132878094,0.99997757850991,6.218540456667462e-05,0.9999414607685009,0.006426596267735429,1.0,0.01369293132878094,0.006426596267735429,0.004006528486700487,0.999663868769306,0.04430749149998185,0.9999996088429295,0.0013563028226985165,0.998652557744693,0.014999113568665946,1.0,0.04430749149998185,0.014999113568665946
gRNA_12602,Trp53,0.14407131941712217,0.699628631789929,1.161175691133546,0.668291880780199,0.699628631789929,0.668291880780199,True,0.48397139391845334,0.46848953974127494,0.41783392914320433,2419.8271711260777,-0.8053755357826075,-0.5326025068796201,-0.07422953297001708,-0.19307339091698428,-1.452540130446864,-0.6115642193992186,-0.5326025068796201,-0.6115642193992186,True,-1.0213522135550708,-0.9090977233431893,-0.9199741746187021,0.1750784028606557,0.1750784028606557,0.1750784028606557,0.1750784028606557,True,0.17924550991135918,0.17924550991135918,0.17924550991135918,0.0,0.0,0.0,0.0,True,,,,0.0,0.0,0.0,0.0,True,,,,0.33486857016563876,0.439990976149095,0.3874297731573669,0.3874297731573669,0.3874297731573669,True,0.37964602310650897,0.37964602310650897,0.3183044648388001,Trp53,TP53,L262P,L265P,targeting guide,Missense,24556,0.8226095455285878,2.186838247271542,0.5375468317315524,33.52337514253136,36278,1.8247973978719887,31.476376867523015,0.0496168476762776,93.4450631236562,92328,2.2138462871501603,18.805779395199725,0.005415475262109,89.87739364006585,132873,0.7142158301536053,41.92800644224184,0.1332099072046239,96.5689041415487,128852,1.7756806258342903,26.181976220780427,3.125291031571105,88.86552013162388,0.054794520547945195,0.9453054694530547,0.13920770085153644,1.0,0.05479452054794521,0.9453054694530547,0.13920770085153647,1.0,0.13920770085153644,0.13920770085153647,0.8571565830805575,0.08980792676045642,0.9998382435532929,0.8633850278223971,0.9023615727333207,0.09795455038264583,1.0,0.8398410000700673,0.8633850278223971,0.8398410000700673,0.0899529948652526,0.9650412219858293,0.25467455238549674,0.99997757850991,0.058835447332683026,0.9412419288475415,0.17477280643144044,1.0,0.25467455238549674,0.17477280643144044,0.1200955434722448,0.9579241171272681,0.4220179845379817,0.9999996088429295,0.0702662958979643,0.9298295990522348,0.26686997229933923,1.0,0.4220179845379817,0.26686997229933923
gRNA_12604,Trp53,-0.1975882321248045,-1.2838861472769656,-0.9267428571067844,-0.8027390788361849,-0.9267428571067844,-0.8027390788361849,True,-0.8720289316509892,-0.9524767653057459,-0.8068125568090281,1886.718841817308,0.6764102655327657,0.9677402246954905,1.283646698146278,1.198371035452106,0.590493052143156,0.9433322551939594,0.9677402246954905,0.9433322551939594,True,1.212291818125501,1.1802696910033477,1.0080119876009392,0.7786959838451568,0.7786959838451568,0.7786959838451568,0.7786959838451568,True,1.0659925166771729,1.0659925166771729,1.0659925166771729,0.0,0.0,0.0,0.0,True,,,,0.0,0.0,0.0,0.0,True,,,,0.8471015512522474,-0.12486566131647234,0.3611179449678875,0.3611179449678875,,False,0.3495299836471029,0.3495299836471029,,Trp53,TP53,R277G,R280G,targeting guide,Missense,3838,0.3387180823345492,0.3908285565398645,0.1302761855132881,4.924439812402293,13408,51.954057279236274,95.44301909307876,6.428997613365155,36.92571599045346,43441,55.00103588775581,88.44870053635965,0.1611380953477129,41.86597914412651,45984,62.36082115518441,92.88883089770354,0.0108733472512178,35.19485038274182,51389,48.29827394967794,89.91029208585495,0.0097297086925217,48.033625873241355,0.004199580041995798,0.9959004099590041,0.02050704020507039,1.0,0.0041995800419957945,0.9959004099590041,0.02050704020507037,1.0,0.02050704020507039,0.02050704020507037,2.2825183947372328e-05,0.9999998005561054,0.00018657106878721728,0.9999999999819025,2.3606099219489723e-06,0.9999976997690186,1.888487937559178e-05,1.0,0.00018657106878721728,1.888487937559178e-05,0.07038338086619188,0.9038236679107103,0.2192250609608563,0.99997757850991,0.0674483894939162,0.9326968919749861,0.1935923240436068,1.0,0.2192250609608563,0.1935923240436068,0.9154150928735321,0.19368746026235847,0.9999269884937744,0.9999996088429295,0.8742642350458528,0.12586279857250582,1.0,0.9279296522208274,0.9999269884937744,0.9279296522208274
gRNA_12652,Trp53bp1,-0.6095629865400234,1.2058748993327624,-0.7124691986241339,-0.03871909527713165,-0.6095629865400234,-0.6610160925820787,True,-0.1677532400518077,-0.6753556329005739,-0.6888268978668064,4391.757458532924,-0.9226236358009368,-0.38303819890909013,-0.2477728577711212,-0.6689907392685586,-0.7294920342617811,-0.5903834932022975,-0.6689907392685586,-0.5903834932022975,True,-0.9909256202548375,-1.0990310782071175,-0.893711238352086,-0.08972538058498333,-0.08972538058498333,-0.08972538058498333,-0.08972538058498333,True,-0.2097656285112515,-0.2097656285112515,-0.2097656285112515,0.0,0.0,0.0,0.0,True,,,,0.0,0.0,0.0,0.0,True,,,,-0.28769420028773757,-0.07608851043139128,-0.1818913553595644,-0.1818913553595644,-0.1818913553595644,True,-0.27198857438394913,-0.27198857438394913,-0.2617184187964889,Trp53bp1,TP53BP1,S890G,S900G,targeting guide,Missense,23111,0.4153866124356367,0.4846177145082428,1.9644325213101983,7.433689585046081,30979,79.20849607798831,90.13848090642048,3.269957067691017,10.49097775912715,87838,87.2799927138596,97.35991256631526,0.4212299915754001,9.879550991598167,140152,91.82530395570524,96.12920258005596,0.4923226211541754,4.429476568297278,83613,82.5948118115604,92.97597263583414,2.313037446330116,10.699293172114384,0.20777922207779218,0.7923207679232077,0.40903134817408304,1.0,0.20777922207779215,0.7923207679232077,0.409031348174083,1.0,0.40903134817408304,0.409031348174083,0.9453578892615525,0.18377826799188257,0.9998382435532929,0.9999999999819025,0.902193387746802,0.09794664366211203,1.0,0.8398410000700673,0.9998382435532929,0.8398410000700673,0.47944648223127717,0.6936033209410324,0.7803977373115161,0.99997757850991,0.39074460581198867,0.6093963071257044,0.6739448247032466,1.0,0.7803977373115161,0.6739448247032466,0.3903804953336524,0.5542125267519831,0.7934219797051529,0.9999996088429295,0.423514132422048,0.5767550446922102,0.7646165358329399,1.0,0.7934219797051529,0.7646165358329399
gRNA_12831,Tsc1,1.2270109617262186,2.038378848246892,1.4328654891225412,1.5660850996985507,1.4328654891225412,1.5660850996985507,True,1.3115596164428787,1.1091210774934595,1.1652548474268178,418.2061924906595,0.2704239647284459,-0.24031114981331284,-0.015449008881854355,0.3407356663210761,0.6390941741734407,0.1988987293055591,0.2704239647284459,,False,0.1428961835906658,0.20919165636016557,,0.37281010050070573,0.37281010050070573,0.37281010050070573,0.37281010050070573,True,0.469724111841841,0.469724111841841,0.469724111841841,0.0,0.0,0.0,0.0,True,,,,0.0,0.0,0.0,0.0,True,,,,-0.07790194513606088,-0.20155098343136016,-0.13972646428371052,-0.13972646428371052,-0.13972646428371052,True,-0.22372740779767175,-0.22372740779767175,-0.21876093753508985,Tsc1,TSC1,S1035G,S1038G,targeting guide,Missense,580,0.1724137931034483,0.3448275862068966,0.0,7.931034482758621,6135,10.464547677261614,96.21841890790546,2.070089649551752,84.25427872860635,35502,7.01368936961298,96.94946763562616,2.380147597318461,86.95566446960734,13494,11.093819475322366,79.55387579665036,0.4001778568252557,83.02949459018824,11930,9.689857502095558,96.46269907795474,0.5532271584241408,86.54652137468567,0.008999100089991,0.9911008899110089,0.027964145734186912,1.0,0.008999100089991007,0.9911008899110089,0.027964145734186933,1.0,0.027964145734186912,0.027964145734186933,0.02892081540327603,0.9949511363005118,0.07551546244188741,0.9999999999819025,0.010468121262155995,0.9895670925376516,0.028316644565256503,1.0,0.07551546244188741,0.028316644565256503,0.44502871214985806,0.7313206852458592,0.750362312862541,0.99997757850991,0.3541172614750388,0.6460199368036322,0.6401350495894932,1.0,0.750362312862541,0.6401350495894932,0.0050056287126534526,0.9992690267529954,0.0494552329059589,0.9999996088429295,0.0019085861842954943,0.9981045194527031,0.019934122369308496,1.0,0.0494552329059589,0.019934122369308496
gRNA_13011,Vhl,0.036494482301148906,1.822486127000353,0.49847188018449823,0.7858174964953334,0.49847188018449823,0.7858174964953334,True,0.5923068250191221,0.2927382012460739,0.5156750597829329,1258.2417859175646,0.12356525326829766,0.3899977994284775,-0.0007813610758353433,-0.1004944109498313,-0.005307915961029696,0.08139587294201575,-0.0007813610758353433,,False,-0.02589933309511085,-0.1684870955726114,,0.5952340680119244,0.5952340680119244,0.5952340680119244,0.5952340680119244,True,0.7964769991614269,0.7964769991614269,0.7964769991614269,0.0,0.0,0.0,0.0,True,,,,0.0,0.0,0.0,0.0,True,,,,-0.1814653816102675,1.5034943778156522,0.6610144981026923,0.6610144981026923,,False,0.6927861178430121,0.6927861178430121,,Vhl,VHL,L135P,L169P,targeting guide,Missense,2513,0.2785515320334262,0.3979307600477517,5.610823716673298,8.23716673298846,13762,52.441505595116986,95.3204476093591,3.916581892166836,38.99142566487429,45725,66.46036085292509,96.62110442864956,2.020776380535812,29.98359759431383,31133,68.08531140590371,98.4421674750265,0.0,31.35579610060065,41122,37.59544769223287,66.94956470988765,0.0,60.14298915422401,0.004199580041995798,0.9959004099590041,0.02050704020507039,1.0,0.0041995800419957945,0.9959004099590041,0.02050704020507037,1.0,0.02050704020507039,0.02050704020507037,0.08121056927673685,0.9925979893208116,0.19204511979907582,0.9999999999819025,0.027756571683776834,0.9723008810392577,0.07051669562905466,1.0,0.19204511979907582,0.07051669562905466,0.02552528268752108,0.893472271463295,0.1133686900412507,0.99997757850991,0.03528217458546745,0.9649521691016074,0.1251518645673185,1.0,0.1133686900412507,0.1251518645673185,0.06700276281478848,0.9496741069547552,0.2862845320268235,0.9999996088429295,0.04983797010174356,0.9502881875592758,0.21539168687650093,1.0,0.2862845320268235,0.21539168687650093
gRNA_13599,controlsgRNA,-0.7899696507295395,-0.8047391090986242,-2.862957969210192,-1.4858889096794519,-0.8047391090986242,-1.4858889096794519,True,-1.5017582972910937,-0.8458816754430675,-1.3755409266995178,1931.0037811041711,-0.9384273107342762,-0.34397770858273197,-0.8078165600457989,-0.26968066839077276,-0.11564457037758269,-0.4951093636262325,-0.34397770858273197,-0.4951093636262325,True,-0.854062173473393,-0.6464200705608416,-0.7755765545055396,-0.2858338765448869,-0.2858338765448869,-0.2858338765448869,-0.2858338765448869,True,-0.4978596590233537,-0.4978596590233537,-0.4978596590233537,0.0,0.0,0.0,0.0,True,,,,0.0,0.0,0.0,0.0,True,,,,-0.39082611208895657,-0.29578701670093516,-0.3433065643949459,-0.3433065643949459,-0.3433065643949459,True,-0.45674148359462646,-0.45674148359462646,-0.4261678135540393,NT,,Non-coding,,non-targeting control,,0,0.0,0.0,0.0,0.0,0,0.0,0.0,0.0,0.0,0,0.0,0.0,0.0,0.0,0,0.0,0.0,0.0,0.0,0,0.0,0.0,0.0,0.0,0.5440455954404559,0.46135386461353867,0.7548381693195995,1.0,0.5440455954404559,0.46135386461353867,0.7548381693195995,1.0,0.7548381693195995,0.7548381693195995,0.8339263817640022,0.28850753146331987,0.9985870049148562,0.9999999999819025,0.7889570930835563,0.21347725162301534,0.9841910646634648,1.0,0.9985870049148562,0.9841910646634648,0.6179448993142103,0.5778410191856571,0.8801033414475116,0.99997757850991,0.5223562143163993,0.4813920093420869,0.7856237463318646,1.0,0.8801033414475116,0.7856237463318646,0.9764421565086983,0.03008033889783532,0.9999269884937744,0.7009261147519651,0.9794546111778674,0.02171934496030189,1.0,0.4444142313867777,0.7009261147519651,0.4444142313867777
gRNA_13600,controlsgRNA,-2.3070545423114917,-0.056235368865939925,-1.3582438132455679,-1.2405112414743333,-1.3582438132455679,-1.2405112414743333,True,-1.2755684976825379,-1.3294806192559445,-1.1712618140580573,4186.1686960276165,0.35543896636004835,0.4340525856468056,0.2512473596713375,0.0027192261351509242,0.6988160631075127,0.348454840184171,0.35543896636004835,0.348454840184171,True,0.3577369269609093,0.32758298815487386,0.2703966909581574,0.03871509241325388,0.03871509241325388,0.03871509241325388,0.03871509241325388,True,-0.021079598536759094,-0.021079598536759094,-0.021079598536759094,0.0,0.0,0.0,0.0,True,,,,0.0,0.0,0.0,0.0,True,,,,-1.0765609242629923,-0.8506211262112624,-0.9635910252371274,-0.9635910252371274,-0.9635910252371274,True,-1.166707783323234,-1.166707783323234,-1.0581120074908765,NT,,Non-coding,,non-targeting control,,0,0.0,0.0,0.0,0.0,0,0.0,0.0,0.0,0.0,0,0.0,0.0,0.0,0.0,0,0.0,0.0,0.0,0.0,0,0.0,0.0,0.0,0.0,0.10818918108189182,0.8954104589541045,0.24505501257103207,1.0,0.10818918108189196,0.8954104589541045,0.2450550125710324,1.0,0.24505501257103207,0.2450550125710324,0.007730648000491884,0.9996057313985954,0.024022509489131805,0.9999999999819025,0.0017991222036180768,0.9983062539692997,0.005684621416473924,1.0,0.024022509489131805,0.005684621416473924,0.9486898526725481,0.1191216870592963,0.9999687187655443,0.99997757850991,0.9204401759076907,0.08141711860484063,0.9776426727155132,1.0,0.9999687187655443,0.9776426727155132,0.9283864381325329,0.04313530865312147,0.9999269884937744,0.7687839397372741,0.9619273159915815,0.03959189549319547,1.0,0.5189559880158782,0.7687839397372741,0.5189559880158782
gRNA_13601,controlsgRNA,0.020658788913202955,-0.4788665128534218,-0.3610914090581166,-0.27309971099944513,-0.3610914090581166,-0.4199789609557692,True,-0.383805926875955,-0.4582651700056651,-0.48816132091175424,2778.221361602291,-0.3524347841430878,0.029199701151256127,-0.5948285518599972,0.0194708476292175,-0.37964943496477527,-0.2556484444374773,-0.3524347841430878,,False,-0.5100711350303676,-0.6581973383308021,,-0.45843900013682093,-0.45843900013682093,-0.45843900013682093,-0.45843900013682093,True,-0.7514259591432981,-0.7514259591432981,-0.7514259591432981,0.0,0.0,0.0,0.0,True,,,,0.0,0.0,0.0,0.0,True,,,,-0.009908900366658407,-1.543477018358499,-0.7766929593625786,-0.7766929593625786,-0.7766929593625786,True,-0.9527876601667917,-0.9527876601667917,-0.8677007445243905,NT,,Non-coding,,non-targeting control,,0,0.0,0.0,0.0,0.0,0,0.0,0.0,0.0,0.0,0,0.0,0.0,0.0,0.0,0,0.0,0.0,0.0,0.0,0,0.0,0.0,0.0,0.0,0.7917208279172083,0.2133786621337866,0.9103578938742213,1.0,0.7917208279172083,0.2133786621337866,0.9103578938742213,1.0,0.9103578938742213,0.9103578938742213,0.5339101228880135,0.7440625474297307,0.8090723852614626,0.9999999999819025,0.3854181306572892,0.6173752783307566,0.6082334465303344,1.0,0.8090723852614626,0.6082334465303344,0.6788756213436042,0.1252618919982859,0.9051674951248057,0.99997757850991,0.8264451728815863,0.1802580745683896,0.9608382333338628,1.0,0.9051674951248057,0.9608382333338628,0.707862535941939,0.5671180683170223,0.9518438013530711,0.9999996088429295,0.5763802946797509,0.42620805882825835,0.8669857217347431,1.0,0.9518438013530711,0.8669857217347431
gRNA_13602,controlsgRNA,1.0751734052083817,-0.1488843858092261,0.044235711172533665,0.3235082435238964,0.044235711172533665,0.5597045581904576,True,0.16614890261447382,-0.10412948556851975,0.32743400780968795,646.7503815525031,0.8844776497188727,0.007018766255617772,-0.5282288819302254,-0.38833547217190145,0.7315163248899541,0.14128967735246353,0.007018766255617772,,False,0.060139474595312825,-0.15762468958289302,,-0.3921871901828882,-0.3921871901828882,-0.3921871901828882,-0.3921871901828882,True,-0.6540984524234833,-0.6540984524234833,-0.6540984524234833,0.0,0.0,0.0,0.0,True,,,,0.0,0.0,0.0,0.0,True,,,,0.7903249993223178,0.07434511904454034,0.43233505918342907,0.43233505918342907,0.43233505918342907,True,0.43104379585563096,0.43104379585563096,0.3640538533414779,NT,,Non-coding,,non-targeting control,,0,0.0,0.0,0.0,0.0,0,0.0,0.0,0.0,0.0,0,0.0,0.0,0.0,0.0,0,0.0,0.0,0.0,0.0,0,0.0,0.0,0.0,0.0,0.6959304069593041,0.31006899310068986,0.8551301732571841,1.0,0.6959304069593041,0.3100689931006899,0.8551301732571841,1.0,0.8551301732571841,0.8551301732571841,0.03231357774129535,0.9133031317608179,0.08321852897758254,0.9999999999819025,0.036685910006534796,0.9650955293804138,0.09257652458024888,1.0,0.08321852897758254,0.09257652458024888,0.07007377499145694,0.9431987604929485,0.2192250609608563,0.99997757850991,0.05605462506894119,0.945966033795437,0.1692063658119293,1.0,0.2192250609608563,0.1692063658119293,0.25428647906565055,0.8582443903469663,0.6639702508936431,0.9999996088429295,0.18858296404048974,0.8145363783877069,0.5046008242002729,1.0,0.6639702508936431,0.5046008242002729
gRNA_13603,controlsgRNA,0.3898931659822899,-0.06603898364714715,1.8228309359912451,0.715561706108796,0.3898931659822899,1.1063620509867675,True,0.5275448470236849,0.197872609110459,0.7825312803694996,1314.152449743365,-0.319238449741794,0.21302979705190864,-0.7026709494905747,-0.2919186441508874,-0.4979911438280866,-0.3197578780318868,-0.319238449741794,-0.4529547968028357,True,-0.6021657896021716,-0.6119683415061908,-0.723307208708009,-0.36784821426138675,-0.36784821426138675,-0.36784821426138675,-0.36784821426138675,True,-0.6183431750325639,-0.6183431750325639,-0.6183431750325639,0.0,0.0,0.0,0.0,True,,,,0.0,0.0,0.0,0.0,True,,,,0.1183539978702829,0.14184633481656325,0.13010016634342308,0.13010016634342308,0.13010016634342308,True,0.08511124060968256,0.08511124060968256,0.05613773131571783,NT,,Non-coding,,non-targeting control,,0,0.0,0.0,0.0,0.0,0,0.0,0.0,0.0,0.0,0,0.0,0.0,0.0,0.0,0,0.0,0.0,0.0,0.0,0,0.0,0.0,0.0,0.0,0.647035296470353,0.3582641735826416,0.8246958355011957,1.0,0.647035296470353,0.35826417358264173,0.8246958355011957,1.0,0.8246958355011957,0.8246958355011957,0.6178948923682646,0.594708009890849,0.8897081590737438,0.9999999999819025,0.519770211187723,0.4830537668784211,0.7430935338653378,1.0,0.8897081590737438,0.7430935338653378,0.24749155550391755,0.8806614407370295,0.5348093383303046,0.99997757850991,0.1796361322941532,0.8228308148055739,0.3996638209621397,1.0,0.5348093383303046,0.3996638209621397,0.08205674799176334,0.9264982702874346,0.3271033911525886,0.9999996088429295,0.06760785257810532,0.9348081872713974,0.260467698567138,1.0,0.3271033911525886,0.260467698567138
gRNA_13604,controlsgRNA,-1.0276995332826964,-0.14224700013758285,0.35459158645385475,-0.2717849823221415,-0.14224700013758285,-0.5849732667101396,True,-0.38259400641785385,-0.2670600651160287,-0.6255205623494132,3898.635477582846,-0.6476601878008623,-0.18807135266402222,-0.4978340909230824,-0.1527397411146896,-0.559844349836027,-0.40922994446773675,-0.4978340909230824,-0.40922994446773675,True,-0.730694441163268,-0.8606794560904983,-0.6690907951881158,-0.15810244690197542,-0.15810244690197542,-0.15810244690197542,-0.15810244690197542,True,-0.31021525224342894,-0.31021525224342894,-0.31021525224342894,0.0,0.0,0.0,0.0,True,,,,0.0,0.0,0.0,0.0,True,,,,-0.4755097338493668,-0.09558115089597184,-0.2855454423726693,-0.2855454423726693,-0.2855454423726693,True,-0.39062915504354573,-0.39062915504354573,-0.36732093280565636,NT,,Non-coding,,non-targeting control,,0,0.0,0.0,0.0,0.0,0,0.0,0.0,0.0,0.0,0,0.0,0.0,0.0,0.0,0,0.0,0.0,0.0,0.0,0,0.0,0.0,0.0,0.0,0.31666833316668336,0.6882311768823117,0.5363391588769051,1.0,0.31666833316668336,0.6882311768823117,0.5363391588769051,1.0,0.5363391588769051,0.5363391588769051,0.816477072929229,0.4827751426655519,0.9924918833377505,0.9999999999819025,0.6875043989873477,0.31519863226328726,0.9085231581942822,1.0,0.9924918833377505,0.9085231581942822,0.5535407147895506,0.6056880069768809,0.8421724559948477,0.99997757850991,0.47493624684236563,0.5285337250317853,0.7566780881895318,1.0,0.8421724559948477,0.7566780881895318,0.6472662328566325,0.4808251243449533,0.9311161606372774,0.9999996088429295,0.5879823378786156,0.41613489033780093,0.8669857217347431,1.0,0.9311161606372774,0.8669857217347431
gRNA_13605,controlsgRNA,-1.106938690081187,-0.619526543305772,-0.8807474191581725,-0.8690708841817104,-0.8807474191581725,-0.8690708841817104,True,-0.9331737696002854,-0.912290394629022,-0.8620343805186046,3542.5198079896845,-1.3202491866490773,-0.4018254226340721,-0.8081740453962859,-0.8932905241082576,-1.2440737314557713,-0.933522582048693,-0.8932905241082576,-0.933522582048693,True,-1.4838526995567531,-1.4113894824745263,-1.3191848475745898,-0.23489827329696086,-0.23489827329696086,-0.23489827329696086,-0.23489827329696086,True,-0.42303249172275575,-0.42303249172275575,-0.42303249172275575,0.0,0.0,0.0,0.0,True,,,,0.0,0.0,0.0,0.0,True,,,,-1.2351535163863008,-0.2869922759584836,-0.7610728961723922,-0.7610728961723922,-0.7610728961723922,True,-0.9349092202497142,-0.9349092202497142,-0.8517870648095017,NT,,Non-coding,,non-targeting control,,0,0.0,0.0,0.0,0.0,0,0.0,0.0,0.0,0.0,0,0.0,0.0,0.0,0.0,0,0.0,0.0,0.0,0.0,0,0.0,0.0,0.0,0.0,0.40805919408059166,0.5972402759724029,0.63140023446215,1.0,0.40805919408059194,0.5972402759724028,0.6314002344621504,1.0,0.63140023446215,0.6314002344621504,0.9978579116893257,0.007195612941853991,0.9998382435532929,0.30534012777055125,0.9976099341277564,0.002528409969814221,1.0,0.1358117355214496,0.30534012777055125,0.1358117355214496,0.8090457212651672,0.18436744826422574,0.9644497224512195,0.99997757850991,0.830511770833791,0.1741676115417125,0.9608382333338628,1.0,0.9644497224512195,0.9608382333338628,0.9496743918563667,0.18319628547465738,0.9999269884937744,0.9999996088429295,0.8979097776160485,0.10357176517830974,1.0,0.8465866023270535,0.9999269884937744,0.8465866023270535
gRNA_13606,controlsgRNA,-0.6835191398840812,-0.7227818998690344,-0.8836100434605542,-0.7633036944045566,-0.7227818998690344,-0.7633036944045566,True,-0.8356772873985873,-0.774275382805745,-0.7739822450806038,7338.5262085234945,-0.030914571108435557,-0.23256058637552568,-0.11563387008169534,-0.12683114365253478,0.2384991080657512,-0.05348821263048803,-0.11563387008169534,-0.12648504280454784,True,-0.21966337953205584,-0.32842994377827334,-0.31850265845225456,-0.43741362307190157,-0.43741362307190157,-0.43741362307190157,-0.43741362307190157,True,-0.7205385384223325,-0.7205385384223325,-0.7205385384223325,0.0,0.0,0.0,0.0,True,,,,0.0,0.0,0.0,0.0,True,,,,-0.3794422735307848,-0.23127198821716916,-0.305357130873977,-0.305357130873977,-0.305357130873977,True,-0.4133052529705385,-0.4133052529705385,-0.3875050294755744,NT,,Non-coding,,non-targeting control,,0,0.0,0.0,0.0,0.0,0,0.0,0.0,0.0,0.0,0,0.0,0.0,0.0,0.0,0,0.0,0.0,0.0,0.0,0,0.0,0.0,0.0,0.0,0.7533246675332467,0.2510748925107489,0.8907235062657256,1.0,0.7533246675332468,0.2510748925107489,0.8907235062657258,1.0,0.8907235062657256,0.8907235062657258,0.22405290710854267,0.9666698711476795,0.43649685529954424,0.9999999999819025,0.09885823063710247,0.9027296475701712,0.2173724837400616,1.0,0.43649685529954424,0.2173724837400616,0.5795646104946192,0.6131668712271625,0.8559129832153058,0.99997757850991,0.48486956065896175,0.519250973236117,0.7628073422919232,1.0,0.8559129832153058,0.7628073422919232,0.9305771102082975,0.24406916860293515,0.9999269884937744,0.9999996088429295,0.8596004921718556,0.14223532261461458,1.0,0.9382540579490365,0.9999269884937744,0.9382540579490365
gRNA_13607,controlsgRNA,-0.005606922824153066,-1.6831286204207303,1.4957901824951219,-0.06431512024992052,-0.005606922824153066,-0.8443677716224417,True,-0.19134772524567234,-0.147677164526006,-0.84146881744189,2258.6830624941085,-1.3691365251944727,-0.5721440622548296,-1.19687639802603,-0.9673847668720927,-0.8710042199346955,-0.9953091944564241,-0.9673847668720927,-0.9953091944564241,True,-1.572610568840879,-1.5145726373386912,-1.3957968508037446,-0.4280318282105554,-0.4280318282105554,-0.4280318282105554,-0.4280318282105554,True,-0.7067561722794828,-0.7067561722794828,-0.7067561722794828,0.0,0.0,0.0,0.0,True,,,,0.0,0.0,0.0,0.0,True,,,,-0.556341013863833,-1.7013338315931756,-1.1288374227285043,-1.1288374227285043,-1.1288374227285043,True,-1.355845801082291,-1.355845801082291,-1.2264646070737693,NT,,Non-coding,,non-targeting control,,0,0.0,0.0,0.0,0.0,0,0.0,0.0,0.0,0.0,0,0.0,0.0,0.0,0.0,0,0.0,0.0,0.0,0.0,0,0.0,0.0,0.0,0.0,0.7344265573442654,0.2698730126987302,0.8794407183485471,1.0,0.7344265573442655,0.26987301269873015,0.8794407183485473,1.0,0.8794407183485471,0.8794407183485473,0.9996212833247426,0.004244790708615314,0.9998382435532929,0.2919263908572534,0.999007522428074,0.001047211772698054,1.0,0.09843790663361707,0.2919263908572534,0.09843790663361707,0.9188272143750923,0.059041954464336514,0.9870829503000992,0.99997757850991,0.9469222205433683,0.05618051712970578,1.0,1.0,0.9870829503000992,1.0,0.2705741642942391,0.3679585354097242,0.6827911796955295,0.9999996088429295,0.43612398016313303,0.5735834550918538,0.7702155990256987,1.0,0.6827911796955295,0.7702155990256987
gRNA_13608,controlsgRNA,1.6383905734999833,4.273270504695515,1.202524525012216,2.3713952010692383,1.6383905734999833,2.3713952010692383,True,2.053896650551111,1.2886890431987645,1.8356827397144388,172.75817182429205,-0.3452872588812957,0.2035511134146587,0.2683984897204005,-0.3091436029033828,-0.8665694095184984,-0.2098101336336235,-0.3091436029033828,,False,-0.4442233625115345,-0.5979103242324626,,-0.08638080998078186,-0.08638080998078186,-0.08638080998078186,-0.08638080998078186,True,-0.20485227266208061,-0.20485227266208061,-0.20485227266208061,0.0,0.0,0.0,0.0,True,,,,0.0,0.0,0.0,0.0,True,,,,0.16047099984788893,1.3555465809681773,0.758008790408033,0.758008790408033,0.758008790408033,True,0.8038040187417715,0.8038040187417715,0.6958494028957943,NT,,Non-coding,,non-targeting control,,0,0.0,0.0,0.0,0.0,0,0.0,0.0,0.0,0.0,0,0.0,0.0,0.0,0.0,0,0.0,0.0,0.0,0.0,0,0.0,0.0,0.0,0.0,0.20777922207779218,0.7969203079692031,0.40903134817408304,1.0,0.20777922207779215,0.7969203079692031,0.409031348174083,1.0,0.40903134817408304,0.409031348174083,0.35221245716110755,0.6659166514706274,0.5890270572773114,0.9999999999819025,0.32437973734051967,0.6792015784797772,0.5349420229826114,1.0,0.5890270572773114,0.5349420229826114,0.027413721593600213,0.9675005558424548,0.11890995691311622,0.99997757850991,0.023103785453830062,0.9798084184279688,0.09530485417693924,1.0,0.11890995691311622,0.09530485417693924,0.0008953828419961286,0.9996382545285346,0.015151149473992192,0.9999996088429295,0.00039602711352872583,0.9997879888501612,0.0064741823776869965,1.0,0.015151149473992192,0.0064741823776869965
gRNA_14579,controlsgRNA,-1.1443482177344402,-0.7596694442758208,-1.5401747730732098,-1.1480641450278235,-1.1443482177344402,-1.1480641450278235,True,-1.1903505136150183,-1.1425993094849138,-1.0942987759522993,3503.2312334093917,-0.6987466346373064,0.044401957482750117,0.1179606860825666,-0.26955644329580714,-0.7170730781730642,-0.30460270250817223,-0.26955644329580714,,False,-0.580395036429377,-0.542781506283133,,0.12099104815655143,0.12099104815655143,0.12099104815655143,0.12099104815655143,True,0.09978824856135084,0.09978824856135084,0.09978824856135084,0.0,0.0,0.0,0.0,True,,,,0.0,0.0,0.0,0.0,True,,,,-0.7133004616490788,-0.5681885047155896,-0.6407444831823341,-0.6407444831823341,-0.6407444831823341,True,-0.7971835096833441,-0.7971835096833441,-0.7291967909028207,,,,,safe-targeting control,,23701,0.0,0.029534618792456,0.0,6.510273828108519,29057,3.4208624427848706,29.087655298206972,0.013766046047424,79.76391231028668,92644,4.055308492724839,29.91451146323561,0.0032382021501662,87.12382885022235,60481,0.0016534118152808,38.795654833749445,0.0,88.92710107306426,69006,0.601396979972756,34.994058487667736,0.0,86.39103846042373,0.06889311068893109,0.9365063493650635,0.16820655596777978,1.0,0.06889311068893109,0.9365063493650635,0.16820655596777978,1.0,0.16820655596777978,0.16820655596777978,0.5279735281690122,0.5853722581204103,0.8069839292339374,0.9999999999819025,0.4688925082727652,0.5346998152556893,0.6941085949234634,1.0,0.8069839292339374,0.6941085949234634,0.825002791134527,0.32617133568565787,0.9644497224512195,0.99997757850991,0.7553049308644626,0.24733834918946956,0.929682409138475,1.0,0.9644497224512195,0.929682409138475,0.9810558777993623,0.07438837666740662,0.9999269884937744,0.8180783335421034,0.9623228411010836,0.03868932285176301,1.0,0.5189559880158782,0.8180783335421034,0.5189559880158782
gRNA_14580,controlsgRNA,0.27002383562266896,-2.665943503919194,0.2207344388198783,-0.7250617431588822,0.2207344388198783,0.24537913722127364,True,-0.8004257530916082,0.05007805347330327,0.06575527173757195,2397.6104487460398,-0.3120861143087756,0.8918289940546954,0.7550123339748376,0.06789248976774767,-1.853294637529003,-0.09012938680809954,0.06789248976774767,,False,-0.2722992568093541,-0.0728523428253898,,-0.41180827619102933,-0.41180827619102933,-0.41180827619102933,-0.41180827619102933,True,-0.6829228933200457,-0.6829228933200457,-0.6829228933200457,0.0,0.0,0.0,0.0,True,,,,0.0,0.0,0.0,0.0,True,,,,0.3447193223253882,-1.0397221040549296,-0.3475013908647707,-0.3475013908647707,,False,-0.4615428055925072,-0.4615428055925072,,,,,,safe-targeting control,,14449,0.0069208941795279,0.1591805661291438,0.0968925185133919,2.2631323967056542,12842,10.060738202772152,33.34371593209781,0.0,54.73446503659866,18560,3.90625,28.19504310344827,0.0,52.94181034482759,77075,3.9987025624391825,70.40674667531624,0.0012974375608173,79.22283490107039,49714,4.1638170334312266,45.558595164340026,0.0,71.8429416261013,0.7111288871112889,0.2946705329467053,0.865321882051277,1.0,0.7111288871112889,0.2946705329467053,0.865321882051277,1.0,0.865321882051277,0.865321882051277,0.032207682576197515,0.20811855042293775,0.08321852897758254,0.9999999999819025,0.18664911602404877,0.8343479336599015,0.3509003381252117,1.0,0.08321852897758254,0.3509003381252117,0.3957775850103094,0.3689461395967354,0.7086303426851255,0.99997757850991,0.5189847480546,0.4868902846751711,0.7856237463318646,1.0,0.7086303426851255,0.7856237463318646,0.6220161359937051,0.1520492885238685,0.9213348530185991,0.9999996088429295,0.7620436827826078,0.2461633352853702,0.9779127123763158,1.0,0.9213348530185991,0.9779127123763158
gRNA_14581,controlsgRNA,0.4044087365040314,0.20805043977271792,0.49350511374896083,0.36865476334190334,0.4044087365040314,0.36865476334190334,True,0.2077650869451621,0.21055491247764402,0.16838333768362124,1252.5651919114678,-0.5460649574819493,0.5771720936090797,0.27690346095534313,0.1235710931447788,-1.044811060580462,-0.1226458740706419,0.1235710931447788,,False,-0.3190099278359882,0.004685313820677681,,0.18324262512777187,0.18324262512777187,0.18324262512777187,0.18324262512777187,True,0.19123919579129703,0.19123919579129703,0.19123919579129703,0.0,0.0,0.0,0.0,True,,,,0.0,0.0,0.0,0.0,True,,,,-0.13186825766596638,-0.7441498736011883,-0.43800906563357733,-0.43800906563357733,-0.43800906563357733,True,-0.5651362421674061,-0.5651362421674061,-0.522650475279586,,,,,safe-targeting control,,15313,0.0718343890811728,0.1110167831254489,0.4636583295239339,13.295892379024355,26790,59.45128779395296,80.38447181784247,0.0298618887644643,24.184397163120565,65908,44.76543060023063,58.02482247982036,1.0666383443588032,21.760636038113734,58549,67.13351210097525,89.27223351380896,1.1665442620710855,23.821072947445728,54658,54.01222144974203,71.27776354787954,0.0146364667569248,22.99937795016283,0.051294870512948704,0.9533046695330467,0.13776336652049082,1.0,0.05129487051294871,0.9533046695330467,0.13776336652049084,1.0,0.13776336652049082,0.13776336652049084,0.14526522246917914,0.5570638690929289,0.30344290915784083,0.9999999999819025,0.22557262269329825,0.7784494013536537,0.4000721987390573,1.0,0.30344290915784083,0.4000721987390573,0.6568161157621444,0.43783327590007093,0.8954560738124527,0.99997757850991,0.6158452589169695,0.3889242346761783,0.8515697150271105,1.0,0.8954560738124527,0.8515697150271105,0.28640910337545145,0.9112821852541543,0.6950676332323262,0.9999996088429295,0.17334060181502325,0.8292113039471544,0.48260304652533675,1.0,0.6950676332323262,0.48260304652533675
gRNA_14582,controlsgRNA,1.3048499332759116,-0.35030193761767936,-0.3321914568407049,0.20745217960584247,-0.3321914568407049,-0.3412466972291921,True,0.05916810834333985,-0.433015183395122,-0.422616004225176,1047.3635282311084,-0.3107141103338697,-0.1251677811388289,1.0429087650793163,0.08317381987537723,-1.052619983791226,-0.07248385806184623,-0.1251677811388289,,False,-0.24695105478180182,-0.34170680557447136,,-0.1367640348391654,-0.1367640348391654,-0.1367640348391654,-0.1367640348391654,True,-0.2788679661107572,-0.2788679661107572,-0.2788679661107572,0.0,0.0,0.0,0.0,True,,,,0.0,0.0,0.0,0.0,True,,,,-0.2361424463634167,-1.2358506550556891,-0.7359965507095529,-0.7359965507095529,-0.7359965507095529,True,-0.9062072918235273,-0.9062072918235273,-0.8262393493325096,,,,,safe-targeting control,,15141,0.0,0.0,0.0594412522290469,2.6880655174691235,20449,0.0293412880825468,0.0342315027629712,0.0,4.009976037948066,21538,0.0,0.0,0.004642956634785,2.9018478967406445,48676,0.0164352042074122,0.0205440052592653,0.0,2.4529542279562824,37675,0.0,0.0,0.0026542800265428,1.9986728599867287,0.26677332266773324,0.7392260773922608,0.4822440832839793,1.0,0.26677332266773324,0.7392260773922608,0.4822440832839793,1.0,0.4822440832839793,0.4822440832839793,0.1227207469299049,0.599559052653034,0.2664267754486241,0.9999999999819025,0.2012296896117201,0.805199872137336,0.36729302569906197,1.0,0.2664267754486241,0.36729302569906197,0.7841059358143436,0.18835360255516315,0.9634765747261216,0.99997757850991,0.8172058532775301,0.1864982158320705,0.9546356696656506,1.0,0.9634765747261216,0.9546356696656506,0.2884882029592521,0.7290900392015311,0.6953305404658897,0.9999996088429295,0.2750445240247052,0.7298211180178754,0.6155758394838641,1.0,0.6953305404658897,0.6155758394838641
gRNA_14583,controlsgRNA,-0.4362460572119741,-0.912438038792235,0.6752055625368095,-0.22449284448913318,-0.4362460572119741,-0.6743420480021045,True,-0.33899998558558153,-0.5239280418792619,-0.6999208754411101,651.8460935639043,0.5873169861391424,-0.8217596945042458,0.44315949564569507,-0.9317545152100487,-2.067548318876652,-0.5581172093612219,-0.8217596945042458,,False,-0.9445743721146765,-1.3117761199070983,,-1.2598987523510061,-1.2598987523510061,-1.2598987523510061,-1.2598987523510061,True,-1.9288138595421895,-1.9288138595421895,-1.9288138595421895,0.0,0.0,0.0,0.0,True,,,,0.0,0.0,0.0,0.0,True,,,,1.0360653173271157,0.5572750457749797,0.7966701815510477,0.7966701815510477,0.7966701815510477,True,0.8480551430967151,0.8480551430967151,0.7352375275461801,,,,,safe-targeting control,,3411,0.0,0.0,0.0,1.8469656992084431,1079,2.5949953660797034,2.5949953660797034,0.0,4.911955514365153,995,0.2010050251256281,0.3015075376884422,0.0,3.1155778894472363,14385,0.0278067431352102,4.588112617309697,0.0,6.694473409801876,26605,0.0488629956775042,4.517947754181545,0.0,6.555158804735951,0.99000099990001,0.0142985701429857,0.9952951228941277,1.0,0.99000099990001,0.014298570142985705,0.9952951228941277,1.0,0.9952951228941277,0.9952951228941277,0.2834454269364963,0.015291981425915507,0.5148573938556649,0.477495637214246,0.8522205560596623,0.16298974911208491,1.0,0.9662396566169507,0.477495637214246,0.9662396566169507,0.01578448181126722,0.9940244503605887,0.08226141994536093,0.99997757850991,0.00971888827464744,0.9915792263859733,0.055368211988900566,1.0,0.08226141994536093,0.055368211988900566,0.5743669769588875,0.48990588585262607,0.91898716313422,0.9999996088429295,0.5508409424094913,0.4530655066307766,0.8578142691518191,1.0,0.91898716313422,0.8578142691518191
gRNA_14584,controlsgRNA,-0.17237130014178478,-0.605781031962806,-0.7503967607405929,-0.5095163642817279,-0.605781031962806,-0.5095163642817279,True,-0.6017354386412375,-0.6720513263149427,-0.5627020133612307,2981.90207070936,-0.21949453156776244,-0.27546114322930826,0.30481169927627927,-0.04822333973512438,-0.6223481323465472,-0.1721430895204926,-0.21949453156776244,-0.29138178671968556,True,-0.3901137998177502,-0.4730656174644102,-0.5229655572099621,-0.09952109889454276,-0.09952109889454276,-0.09952109889454276,-0.09952109889454276,True,-0.22415607067822005,-0.22415607067822005,-0.22415607067822005,0.0,0.0,0.0,0.0,True,,,,0.0,0.0,0.0,0.0,True,,,,-0.4336247556511104,-0.7255489658050959,-0.5795868607281032,-0.5795868607281032,-0.5795868607281032,True,-0.7271836085813933,-0.7271836085813933,-0.6668895643563771,,,,,safe-targeting control,,11374,0.017583963425356,0.0351679268507121,0.0263759451380341,37.98136099876912,18523,25.63839550828699,35.47481509474707,0.0,35.92830535010527,74419,15.975758878780958,30.219433209261076,0.0040312285840981,46.367191174296885,49709,18.4493753646221,24.6776237703434,0.0060351244241485,36.47025689512965,62650,12.531524341580209,25.95051875498803,0.0063846767757382,46.6049481245012,0.22717728227177286,0.7771222877712228,0.4358094802764622,1.0,0.2271772822717728,0.7771222877712229,0.4358094802764621,1.0,0.4358094802764622,0.4358094802764621,0.3488573295980177,0.8276298646068354,0.5882078741204244,0.9999999999819025,0.24311750883222494,0.7596538380397444,0.42517294567868175,1.0,0.5882078741204244,0.42517294567868175,0.7753872830729458,0.37339179284048296,0.9590316395902225,0.99997757850991,0.7066066210988586,0.296069575035454,0.9193880084007945,1.0,0.9590316395902225,0.9193880084007945,0.8413343513022422,0.39006621067900366,0.9999269884937744,0.9999996088429295,0.739893434969258,0.2631290230237677,0.9626295209288617,1.0,0.9999269884937744,0.9626295209288617
gRNA_14585,controlsgRNA,-0.45791652566302565,-0.5131503952739572,-0.01923532348394547,-0.3301007481403095,-0.45791652566302565,-0.3301007481403095,True,-0.43634963740463384,-0.5428616039182877,-0.41333690150128616,2373.936564063043,-0.5161370611166342,-0.5904955405284168,0.17160167677667532,-0.8771207065597983,-1.155838309760589,-0.5935979882377527,-0.5904955405284168,-0.7848979044913595,True,-0.9955433152384793,-0.989719181012715,-1.1348984166918734,-0.8147046880597026,-0.8147046880597026,-0.8147046880597026,-0.8147046880597026,True,-1.2747996022100174,-1.2747996022100174,-1.2747996022100174,0.0,0.0,0.0,0.0,True,,,,0.0,0.0,0.0,0.0,True,,,,-1.0885059134530037,-0.36870732075450174,-0.7286066171037527,-0.7286066171037527,-0.7286066171037527,True,-0.8977489083743811,-0.8977489083743811,-0.8187105042129276,,,,,safe-targeting control,,17247,0.0521829883457992,0.0579810981619991,0.0057981098161999,2.1221081927291703,11046,45.67264168024624,50.099583559659614,0.2987506789788158,5.965960528698171,33171,37.954840071146485,42.40450996352235,0.0060293629977992,6.198185161737663,64972,69.5499599827618,75.34784214738657,0.0,6.465862217570646,37281,39.46246077090207,55.58327298087497,0.0107293259300984,18.12987849038384,0.9731026897310269,0.03149685031496849,0.9932095739213141,1.0,0.9731026897310269,0.031496850314968544,0.9932095739213141,1.0,0.9932095739213141,0.9932095739213141,0.8632101035009214,0.10313400473989529,0.9998382435532929,0.9043036340563311,0.912813860499612,0.08928736773288637,1.0,0.8243302603903552,0.9043036340563311,0.8243302603903552,0.8176097611015108,0.21820127822382582,0.9644497224512195,0.99997757850991,0.8123935081130358,0.19102332900228508,0.9546356696656506,1.0,0.9644497224512195,0.9546356696656506,0.7454872913834791,0.5253650900117739,0.9806333870413306,0.9999996088429295,0.6189838480852742,0.3845343046698865,0.8801936260378493,1.0,0.9806333870413306,0.8801936260378493
gRNA_14586,controlsgRNA,-1.3523821398125577,-0.5967559966542824,-2.283728222856353,-1.410955453107731,-1.3523821398125577,-1.410955453107731,True,-1.4326844339280853,-1.3243592552278853,-1.313158151088362,5978.082947294245,-0.41008875181974475,-0.09269844821456667,-0.1303872987861259,-0.36707636448894654,-0.8453529651627791,-0.3691207656944326,-0.36707636448894654,-0.3691207656944326,True,-0.6730766966725681,-0.6785871067652836,-0.6193576181461157,-0.6541674083455256,-0.6541674083455256,-0.6541674083455256,-0.6541674083455256,True,-1.0389616201076906,-1.0389616201076906,-1.0389616201076906,0.0,0.0,0.0,0.0,True,,,,0.0,0.0,0.0,0.0,True,,,,-1.093519566346443,-1.3269186794632974,-1.2102191229048702,-1.2102191229048702,-1.2102191229048702,True,-1.4489938133046025,-1.4489938133046025,-1.3093760713547484,,,,,safe-targeting control,,27228,0.0183634493903334,0.0220361392684001,0.168943734391068,5.766123108564713,22776,17.650158061116965,19.14295749912188,0.0,9.110467158412364,101982,30.43086034790453,31.53693789100037,0.01372791276892,7.078700162773822,87566,30.854441221478655,32.148322408240645,0.0022839915035516,6.0274535778726905,81513,19.861862524996013,23.038043011544172,0.0,7.85028155018218,0.9152084791520848,0.0896910308969103,0.9666246858460221,1.0,0.9152084791520847,0.08969103089691027,0.966624685846022,1.0,0.9666246858460221,0.966624685846022,0.7103191666812397,0.538520246814622,0.947092222241653,0.9999999999819025,0.5898103231363552,0.4132867474729232,0.8093747499973342,1.0,0.947092222241653,0.8093747499973342,0.9851040781717069,0.04437954780820557,0.9999687187655443,0.99997757850991,0.9740341622325304,0.027638711649710202,1.0,0.7241491704174918,0.9999687187655443,0.7241491704174918,0.9813461257075492,0.031105826004560383,0.9999269884937744,0.7009261147519651,0.9815913297339384,0.019475972091856048,1.0,0.4444142313867777,0.7009261147519651,0.4444142313867777
gRNA_14587,controlsgRNA,0.07510885515908736,-1.3290068226007603,-0.3613597604916844,-0.5384192426444524,-0.3613597604916844,-0.8451832915462223,True,-0.6283781902526441,-0.4584996295664813,-0.8421477451030335,2282.5433890635863,-0.8734474824614196,-0.4099800731965147,-0.6357607803768301,-1.040837220568639,-1.1993511007353257,-0.8318753314677458,-0.8734474824614196,-0.8318753314677458,True,-1.3378341199877979,-1.3837561932627345,-1.1931478439862877,-0.4285693327638127,-0.4285693327638127,-0.4285693327638127,-0.4285693327638127,True,-0.7075457956581567,-0.7075457956581567,-0.7075457956581567,0.0,0.0,0.0,0.0,True,,,,0.0,0.0,0.0,0.0,True,,,,-0.4110450877768454,-0.9527553365411295,-0.6819002121589874,-0.6819002121589874,-0.6819002121589874,True,-0.8442896077057194,-0.8442896077057194,-0.7711261404446776,,,,,safe-targeting control,,16796,0.0535841867111216,0.0714455822814956,0.0,2.7625625148844963,14723,27.20233648033689,31.62398967601712,0.0067920940025809,12.782720912857434,25702,24.60119835032293,28.67481129873162,0.0,10.882421601431796,41402,18.320370996570215,23.50128013139462,0.0,14.356794357760494,73080,19.035303776683087,41.4176245210728,0.0,25.06704980842912,0.7388261173882613,0.26567343265673443,0.8819003813904326,1.0,0.7388261173882612,0.26567343265673427,0.8819003813904325,1.0,0.8819003813904326,0.8819003813904325,0.9955775322695773,0.022717431104470203,0.9998382435532929,0.4934302925225737,0.9920777101359857,0.008261850043277744,1.0,0.3017873562187934,0.4934302925225737,0.3017873562187934,0.8115395546671438,0.2834331382312651,0.9644497224512195,0.99997757850991,0.7724262801962509,0.23066398347555056,0.9399102956433345,1.0,0.9644497224512195,0.9399102956433345,0.7826285702292157,0.3375141253936221,0.994149805426301,0.9999996088429295,0.7341180890384208,0.26960217409269643,0.9588182740977781,1.0,0.994149805426301,0.9588182740977781
gRNA_14588,controlsgRNA,-0.9637992262881934,-1.3644615541929677,-0.8219232749441816,-1.0500613518084474,-0.9637992262881934,-1.0500613518084474,True,-1.1000112732044396,-0.9848530411773091,-1.012710570384613,4571.246934808704,-1.3048349324201574,0.00023736774678206673,0.08353250467834969,-0.38160295430425123,-1.1285431904956658,-0.5462422409589885,-0.38160295430425123,,False,-0.9275157108266421,-0.6988167401436597,,-0.4866146956348448,-0.4866146956348448,-0.4866146956348448,-0.4866146956348448,True,-0.7928175859505682,-0.7928175859505682,-0.7928175859505682,0.0,0.0,0.0,0.0,True,,,,0.0,0.0,0.0,0.0,True,,,,-0.40192695807265855,-0.3070196185065827,-0.35447328828962066,-0.35447328828962066,-0.35447328828962066,True,-0.4695227124405485,-0.4695227124405485,-0.43754444278791416,,,,,safe-targeting control,,21896,0.0,0.0,0.479539641943734,3.617099013518451,24924,0.3089391750922805,0.3209757663296421,0.15246348900658,3.731343283582089,51729,0.0019331516170813,0.0019331516170813,0.1759167971544008,2.7470084478725667,69479,0.0028785676247499,0.0057571352494998,0.0129535543113746,4.848947163891248,74588,0.0013406982356411,0.0013406982356411,0.1662465812194991,2.874457017214566,0.8193180681931806,0.18478152184781518,0.9195928168377192,1.0,0.8193180681931806,0.18478152184781527,0.9195928168377192,1.0,0.9195928168377192,0.9195928168377192,0.6861804385317748,0.1082278285439758,0.9347965394490845,0.9043036340563311,0.8331835688865545,0.1703889644399949,1.0,0.9662396566169507,0.9043036340563311,0.9662396566169507,0.6262261539559706,0.5687378733614392,0.8851918567197178,0.99997757850991,0.5309822943443185,0.47226908980928106,0.789127836654007,1.0,0.8851918567197178,0.789127836654007,0.9748964763725209,0.11030211010286815,0.9999269884937744,0.9216354088595206,0.9440280023516708,0.057250181341695586,1.0,0.559969492616788,0.9216354088595206,0.559969492616788
gRNA_14589,controlsgRNA,1.182893950585925,2.055968222613206,2.98731844936179,2.0753935408536406,2.055968222613206,2.0753935408536406,True,1.7810415178990302,1.653528056414103,1.589258699044628,124.41381950425878,0.3067878723424286,0.8044418217547594,1.154589735160873,1.2669120361152126,-0.6291457613374215,0.5807171408071704,0.8044418217547594,0.8831828663433183,True,0.6913869866580975,0.9528614097228425,0.9334300515911185,-0.15418952012819162,-0.15418952012819162,-0.15418952012819162,-0.15418952012819162,True,-0.30446695031576243,-0.30446695031576243,-0.30446695031576243,0.0,0.0,0.0,0.0,True,,,,0.0,0.0,0.0,0.0,True,,,,2.2292596016365294,1.014814086074622,1.6220368438555757,1.6220368438555757,1.6220368438555757,True,1.792754796478469,1.792754796478469,1.5761189344481001,,,,,safe-targeting control,,6468,0.0,0.030921459492888,0.0,9.415584415584416,8434,69.94308750296419,98.51790372302584,0.1185677021579321,29.630068769267258,16026,48.68338949207538,97.16710345688256,0.0748783227255709,48.96418320229627,10803,7.016569471443118,99.88891974451542,0.0,92.87235027307229,24953,25.39975153288182,96.77794253196008,0.28854245982447,71.42628140904901,0.3118688131186882,0.6926307369263075,0.5354459987791176,1.0,0.3118688131186881,0.6926307369263074,0.5354459987791174,1.0,0.5354459987791176,0.5354459987791174,0.000752247002155003,0.9781381273439638,0.003214146281935013,0.9999999999819025,0.0007816372743837254,0.9993534385970653,0.00269629004741542,1.0,0.003214146281935013,0.00269629004741542,0.0011883310416188088,0.999641987932212,0.02007475680548087,0.99997757850991,0.0006497337259450337,0.9996488501123398,0.010343533013407184,1.0,0.02007475680548087,0.010343533013407184,0.0009267990369729266,0.9997380769101573,0.015151149473992192,0.9999996088429295,0.0003573228943091938,0.9997345917996263,0.006232204833040938,1.0,0.015151149473992192,0.006232204833040938
gRNA_14590,controlsgRNA,-0.3360417625022781,0.023135605879202138,1.0919613642119241,0.2596850691962827,0.023135605879202138,0.5575484850455631,True,0.10731652753673344,-0.12256471937546982,0.325639057551782,599.5045485044978,-0.3297494111464972,-0.03293880880912277,1.2232517888965564,0.30276150882482145,-0.9482728690985711,0.043010441733437335,-0.03293880880912277,,False,-0.0810408751356889,-0.2132693456601935,,-0.7400744486427373,-0.7400744486427373,-0.7400744486427373,-0.7400744486427373,True,-1.1651637276066413,-1.1651637276066413,-1.1651637276066413,0.0,0.0,0.0,0.0,True,,,,0.0,0.0,0.0,0.0,True,,,,0.6931862618548846,0.15649717984295855,0.4248417208489216,0.4248417208489216,0.4248417208489216,True,0.4224670572368017,0.4224670572368017,0.3564196597534796,,,,,safe-targeting control,,5961,0.1845327965106525,0.2180842140580439,0.0,3.187384667002181,6338,67.49763332281476,92.85263490059955,0.0,25.81255916692963,3652,71.46768893756845,95.72836801752464,0.0,24.45235487404162,26851,87.17738631708316,99.70950802577184,0.0,12.54701873300808,30469,60.51724703797302,75.4209196232236,0.0,15.727460697758378,0.9479052094790521,0.056794320567943195,0.9818522280003404,1.0,0.9479052094790521,0.056794320567943174,0.9818522280003404,1.0,0.9818522280003404,0.9818522280003404,0.065051350577154,0.7119688302915009,0.1578019859161929,0.9999999999819025,0.11105107071623982,0.8951465169626651,0.23860115765317813,1.0,0.1578019859161929,0.23860115765317813,0.07793863279675384,0.9561999868995742,0.23074744828015312,0.99997757850991,0.05625211629385947,0.9458701818716866,0.1692063658119293,1.0,0.23074744828015312,0.1692063658119293,0.27595903958426554,0.8137368497778746,0.6917373258912256,0.9999996088429295,0.22211485170413575,0.7812155144722479,0.5468015076417748,1.0,0.6917373258912256,0.5468015076417748
gRNA_14591,controlsgRNA,0.8449598375575081,1.0453297612194095,0.9551842333603577,0.9484912773790918,0.9551842333603577,0.9484912773790918,True,0.7422599571391375,0.6917693385921159,0.651102443424002,2198.217688711951,-0.9282608490159581,0.0809584578277279,-0.27283205640119734,-0.0004826625030989536,0.1604466001524886,-0.19203410198800758,-0.0004826625030989536,,False,-0.41868769011084717,-0.16807112990593204,,0.009070347757181713,0.009070347757181713,0.009070347757181713,0.009070347757181713,True,-0.06462933833597781,-0.06462933833597781,-0.06462933833597781,0.0,0.0,0.0,0.0,True,,,,0.0,0.0,0.0,0.0,True,,,,-0.07256970298627667,-0.17477040661502558,-0.12367005480065113,-0.12367005480065113,-0.12367005480065113,True,-0.2053495338587736,-0.2053495338587736,-0.2024027093529504,,,,,safe-targeting control,,19228,0.0936134803411691,0.2548366964842937,0.1040149781568545,21.671520698980657,26682,33.61816955250731,97.97991155085826,0.0187392249456562,65.1113109961772,81043,24.164949471268336,91.42183778981529,0.0222104314993275,69.44214799550855,95098,19.949946371111903,93.70438915644914,0.0,76.17194893688615,78766,14.325978213950185,93.14678922377676,0.9458395754513368,82.43531472970571,0.12148785121487851,0.8828117188281172,0.26557809335345534,1.0,0.1214878512148786,0.882811718828117,0.26557809335345556,1.0,0.26557809335345534,0.26557809335345556,0.3167596513396613,0.7025166409376198,0.5565496677743581,0.9999999999819025,0.2718283918138621,0.7305304912737257,0.4661724827167885,1.0,0.5565496677743581,0.4661724827167885,0.42599741951893844,0.7519993271838316,0.7375597487860743,0.99997757850991,0.3357403223551182,0.6683789279893686,0.618815496105512,1.0,0.7375597487860743,0.618815496105512,0.05309956283882288,0.9921573031738331,0.24378980583828752,0.9999996088429295,0.023726291145138988,0.9773498466604161,0.12929109377640954,1.0,0.24378980583828752,0.12929109377640954
gRNA_14592,controlsgRNA,-1.4899388259776398,-0.9902147150726401,-1.3946728960004933,-1.2916088123502576,-1.3946728960004933,-1.2916088123502576,True,-1.32267037700779,-1.3613088328417804,-1.213801000745341,0.24232196786762242,5.815931140861711,2.292405169483048,-3.1007700355043366,3.169815094763553,-0.5848885415475447,1.5184985656112864,2.292405169483048,,False,2.038531260737608,3.0249893755921082,,-2.761708812219254,-2.761708812219254,-2.761708812219254,-2.761708812219254,True,-4.135054395390913,-4.135054395390913,-4.135054395390913,0.0,0.0,0.0,0.0,True,,,,0.0,0.0,0.0,0.0,True,,,,1.7928717499254576,-0.046426910180517554,0.8732224198724701,0.8732224198724701,,False,0.9356754412147924,0.9356754412147924,,,,,,safe-targeting control,,197,0.0,0.0,0.0,1.015228426395939,33,48.48484848484848,48.48484848484848,0.0,0.0,226,28.31858407079646,47.34513274336283,0.0,20.35398230088496,0,0.0,0.0,0.0,0.0,1,0.0,0.0,0.0,0.0,0.9943005699430058,0.010098990100989903,0.9969520381295204,1.0,0.9943005699430058,0.010098990100989903,0.9969520381295204,1.0,0.9969520381295204,0.9969520381295204,0.00043800160899400945,0.09184947104493586,0.002077107167352794,0.8633850278223971,1.0,0.970169916091859,1.0,1.0,0.002077107167352794,1.0,0.015851959325375038,0.9335279859795108,0.08226141994536093,0.99997757850991,0.020591638470626724,0.9842947732644303,0.09016278839990195,1.0,0.08226141994536093,0.09016278839990195,0.9920146791084341,0.049071315302379195,0.9999269884937744,0.7687839397372741,0.9792734479581224,0.022457102117948873,1.0,0.4444142313867777,0.7687839397372741,0.4444142313867777
gRNA_14593,controlsgRNA,-0.8925349508191041,0.6216964036703931,-0.5242202847434739,-0.26501961063072826,-0.5242202847434739,-0.708377617781289,True,-0.37635766845624696,-0.6007914238853025,-0.7282557929729139,2107.71647651258,-1.5035095662197144,-0.31145480924843505,-0.8118403987243874,-0.5673041776395837,-1.7026953874593194,-0.9793608678582879,-0.8118403987243874,-0.9793608678582879,True,-1.549700436170767,-1.297962573882222,-1.3760218024360962,-0.2806197618743507,-0.2806197618743507,-0.2806197618743507,-0.2806197618743507,True,-0.49019984141252376,-0.49019984141252376,-0.49019984141252376,0.0,0.0,0.0,0.0,True,,,,0.0,0.0,0.0,0.0,True,,,,-0.9192113633933505,-0.03088060595855733,-0.47504598467595394,-0.47504598467595394,-0.47504598467595394,True,-0.6075280253343784,-0.6075280253343784,-0.5603835919827843,,,,,safe-targeting control,,15970,0.0125234815278647,0.0876643706950532,0.7138384470882906,18.196618659987475,14148,0.0070681368391292,55.49901046084253,0.0565450947130336,98.55810008481764,35579,0.005621293459625,63.118693611399976,0.0140532336490626,96.51198740830264,71826,0.0111380280121404,61.14359702614652,0.0,97.79327820009468,65311,0.0061245425732265,49.23979115309825,0.0,91.47923014499855,0.5106489351064893,0.4951504849515048,0.7272878772728788,1.0,0.5106489351064893,0.4951504849515049,0.7272878772728788,1.0,0.7272878772728788,0.7272878772728788,0.9921520893183091,0.0025839018655899183,0.9998382435532929,0.2919263908572534,0.9981968564506747,0.0020323026360405316,1.0,0.12735763185854,0.2919263908572534,0.12735763185854,0.6262050703888659,0.3871204495954409,0.8851918567197178,0.99997757850991,0.6279499444160089,0.3755068127792331,0.8554680402189108,1.0,0.8851918567197178,0.8554680402189108,0.6132524740630996,0.469201960782069,0.9213348530185991,0.9999996088429295,0.5836161318005336,0.4211283396685316,0.8669857217347431,1.0,0.9213348530185991,0.8669857217347431
gRNA_14594,controlsgRNA,-0.11315904165683645,-0.18629614646396672,-0.9596104652185895,-0.4196885511131309,-0.18629614646396672,-0.4196885511131309,True,-0.518931916998448,-0.30554595417839675,-0.4879195521094405,1833.4080088864312,-1.4044839398954376,-0.0775808105181754,-0.05453411650540095,-1.0331153664167048,-1.8369568235747842,-0.8813342113821007,-1.0331153664167048,-0.8813342113821007,True,-1.4088829221038417,-1.6061086376962856,-1.254474136528502,-0.4504648477821917,-0.4504648477821917,-0.4504648477821917,-0.4504648477821917,True,-0.7397114962868168,-0.7397114962868168,-0.7397114962868168,0.0,0.0,0.0,0.0,True,,,,0.0,0.0,0.0,0.0,True,,,,-0.07764938187600555,1.601729067630276,0.7620398428771352,0.7620398428771352,,False,0.8084178880004254,0.8084178880004254,,,,,,safe-targeting control,,10017,0.0,0.0099830288509533,0.1098133173604871,7.4074074074074066,8618,0.3713158505453702,0.4525411928521698,0.2784868879090276,7.101415641680204,18456,0.1192024273948851,0.135457303857824,0.0,6.285218899003034,49171,0.0061011571861463,0.0101685953102438,0.0,6.7153403428850345,72743,0.0027494054410733,0.00412410816161,0.0,6.819900196582489,0.7819218078192179,0.2226777322267774,0.9073841082149454,1.0,0.781921807819218,0.22267773222677734,0.9073841082149454,1.0,0.9073841082149454,0.9073841082149454,0.8757784752394533,0.0046583998541051075,0.9998382435532929,0.2919263908572534,0.9890526218664422,0.012514255107253614,1.0,0.3017873562187934,0.2919263908572534,0.3017873562187934,0.02240454872166328,0.9258070071731013,0.10530137899181742,0.99997757850991,0.027526285858866566,0.9784260800714549,0.10894614192561924,1.0,0.10530137899181742,0.10894614192561924,0.7774928320789521,0.42236506421038006,0.994149805426301,0.9999996088429295,0.6871762144462972,0.31571442092404056,0.9260869413326442,1.0,0.994149805426301,0.9260869413326442
gRNA_14595,controlsgRNA,-0.11004390300420644,-0.7111522702685734,1.2687418346310915,0.14918188711943722,-0.11004390300420644,-0.4105980866363899,True,0.005454394797026989,-0.23892410955047327,-0.4803516587865035,1554.4954238707978,-0.7580651236521885,-0.619856975830127,-0.1350151058618923,-0.05758154296282301,-0.8657963940540628,-0.4872630284722187,-0.619856975830127,-0.4872630284722187,True,-0.8427907351662774,-1.0306077225884345,-0.7658475301953944,-0.13897668808622096,-0.13897668808622096,-0.13897668808622096,-0.13897668808622096,True,-0.28211847389192063,-0.28211847389192063,-0.28211847389192063,0.0,0.0,0.0,0.0,True,,,,0.0,0.0,0.0,0.0,True,,,,0.40216993239358617,0.47780345692400994,0.439986694658798,0.439986694658798,0.439986694658798,True,0.43980171849961286,0.43980171849961286,0.37184931964449525,,,,,safe-targeting control,,24736,0.052554980595084,0.0565976714100905,0.0,3.998221216041397,24534,91.84804760740197,99.76766935681096,0.0,7.968533463764571,63561,88.10434071207187,99.33292427746574,0.0,11.658092226365223,63911,89.44782588286836,99.90611944735647,0.0,10.467681619752469,78934,94.68543340005574,99.1144500468746,0.0,4.44928674588897,0.28037196280371957,0.7254274572542747,0.49962018016207843,1.0,0.2803719628037196,0.7254274572542746,0.49962018016207854,1.0,0.49962018016207843,0.49962018016207854,0.8255747802683185,0.28391741966381606,0.9981225639256841,0.9999999999819025,0.7923440719835604,0.20972709528356992,0.9841910646634648,1.0,0.9981225639256841,0.9841910646634648,0.07270387936352514,0.9748269460929246,0.22224925724134514,0.99997757850991,0.04640309334985085,0.9556766155849418,0.1504100267202062,1.0,0.22224925724134514,0.1504100267202062,0.30927061144769225,0.6910991076397051,0.6979161007605451,0.9999996088429295,0.30201582857406606,0.7016987987399389,0.6523667625168094,1.0,0.6979161007605451,0.6523667625168094
gRNA_14596,controlsgRNA,0.1950236360482012,-0.15773964097395082,-1.1367929784020194,-0.3665029944425897,-0.15773964097395082,-0.6472663096879852,True,-0.469905326708565,-0.28059603814246714,-0.6773800801137327,2235.922853357914,0.3872641334990947,0.5080616381594542,0.9104953951463357,0.681357094827382,0.624151291049697,0.6222659105363928,0.624151291049697,0.6222659105363928,True,0.7510727361891906,0.7017900031416703,0.6099073679244504,0.24791191895118836,0.24791191895118836,0.24791191895118836,0.24791191895118836,True,0.2862419003746248,0.2862419003746248,0.2862419003746248,0.0,0.0,0.0,0.0,True,,,,0.0,0.0,0.0,0.0,True,,,,0.8418115917653651,0.3442770382529183,0.5930443150091417,0.5930443150091417,0.5930443150091417,True,0.6149886838765308,0.6149886838765308,0.5277840248068059,,,,,safe-targeting control,,11151,0.1434848892476011,0.2869697784952022,0.4932293067886288,13.263384449825129,20758,40.273629444069755,90.57712689083726,0.0,56.272280566528565,85027,46.01126700930293,87.75565408634904,0.0082326790313665,48.25996448187047,29387,46.74856228944771,86.84792595365298,0.0,47.94296797903835,52120,53.13891020721412,95.65425940138142,0.0,43.51304681504221,0.01869813018698131,0.9855014498550145,0.05326134053261342,1.0,0.018698130186981285,0.9855014498550145,0.053261340532613353,1.0,0.05326134053261342,0.053261340532613353,0.00044193769518144555,0.9999949953322921,0.002077107167352794,0.9999999999819025,6.088903668115419e-05,0.9999469722810846,0.0003067156989953455,1.0,0.002077107167352794,0.0003067156989953455,0.034727405300556013,0.9827858895114382,0.13744741466325328,0.99997757850991,0.023319272830527683,0.9782461331999863,0.09530485417693924,1.0,0.13744741466325328,0.09530485417693924,0.7045054567382067,0.4332864948232725,0.9518438013530711,0.9999996088429295,0.6424359239913859,0.3611587521107402,0.8848201737024216,1.0,0.9518438013530711,0.8848201737024216
gRNA_14657,controlsgRNA,-1.4706802418377762,0.6376004960192672,-0.716852259316845,-0.5166440017117847,-0.716852259316845,-1.0937662505773107,True,-0.6083057141425895,-0.7690946356743394,-1.049095291145449,5104.492497393354,-0.7057134518201483,-0.4831590891406503,0.031869374416634746,-0.6490833396070046,-0.5011208514539256,-0.4614414715210188,-0.5011208514539256,-0.5847691830054322,True,-0.8056974832905615,-0.8652565771758217,-0.8867498023035562,0.057210302061472096,0.057210302061472096,0.057210302061472096,0.057210302061472096,True,0.006090868844781292,0.006090868844781292,0.006090868844781292,0.0,0.0,0.0,0.0,True,,,,0.0,0.0,0.0,0.0,True,,,,-0.4752163714361417,0.28444479043908294,-0.09538579049852938,-0.09538579049852938,,False,-0.17297587993899166,-0.17297587993899166,,,,,,non-targeting control,,0,0.0,0.0,0.0,0.0,0,0.0,0.0,0.0,0.0,0,0.0,0.0,0.0,0.0,0,0.0,0.0,0.0,0.0,0,0.0,0.0,0.0,0.0,0.10468953104689532,0.9012098790120988,0.2400199004489795,1.0,0.10468953104689538,0.9012098790120988,0.24001990044897964,1.0,0.2400199004489795,0.24001990044897964,0.8482008408041531,0.35537013998499084,0.9997602386907886,0.9999999999819025,0.7738260000166463,0.22822959741071147,0.9796585050715791,1.0,0.9997602386907886,0.9796585050715791,0.3275875844020921,0.7071253011112137,0.6448844593465269,0.99997757850991,0.30311589161329966,0.7005007774743496,0.5894255642592118,1.0,0.6448844593465269,0.5894255642592118,0.6657883744029773,0.2600069476597156,0.9482440483921192,0.9999996088429295,0.7310211589833163,0.27348241066894297,0.9588182740977781,1.0,0.9482440483921192,0.9588182740977781
gRNA_14658,controlsgRNA,0.41217679933766477,-1.943289369400823,-0.9126711124319393,-0.8145945608316992,-0.9126711124319393,-1.4279802409163813,True,-0.8829573470868495,-0.9401822340915126,-1.3273314398472764,2461.0766076834348,-0.058293796874112236,-0.012470066807197618,-0.7311887588955811,0.17956539227329682,0.3149442942890821,-0.0614885872029024,-0.012470066807197618,,False,-0.23115609895542313,-0.1847647102515954,,-0.17784474708319697,-0.17784474708319697,-0.17784474708319697,-0.17784474708319697,True,-0.3392177633429522,-0.3392177633429522,-0.3392177633429522,0.0,0.0,0.0,0.0,True,,,,0.0,0.0,0.0,0.0,True,,,,-1.3451747242551628,-2.818419297696018,-2.0817970109755906,-2.0817970109755906,-2.0817970109755906,True,-2.4465859942834554,-2.4465859942834554,-2.1973373547668746,,,,,non-targeting control,,0,0.0,0.0,0.0,0.0,0,0.0,0.0,0.0,0.0,0,0.0,0.0,0.0,0.0,0,0.0,0.0,0.0,0.0,0,0.0,0.0,0.0,0.0,0.343065693430657,0.6626337366263374,0.5682497829512204,1.0,0.34306569343065696,0.6626337366263374,0.5682497829512204,1.0,0.5682497829512204,0.5682497829512204,0.16828079937012547,0.8827816553126743,0.3457572708369791,0.9999999999819025,0.11595047163454675,0.8858523330668451,0.24771237121925896,1.0,0.3457572708369791,0.24771237121925896,0.9977426977254232,0.004323999691207369,0.9999687187655443,0.46546520363915356,0.9979778424400726,0.0026688414402156343,1.0,0.3344947938403595,0.46546520363915356,0.3344947938403595,0.7986922812772939,0.1221090348583265,0.9943983369545115,0.9981086327550166,0.8725502193571828,0.13115994562579936,1.0,0.9329272963017998,0.9943983369545115,0.9329272963017998
gRNA_14659,controlsgRNA,1.927512813816265,-0.6343481910805427,1.0749380705864855,0.7893675644407359,1.0749380705864855,1.5012254422013753,True,0.5955792872730877,0.7963986737471789,1.1112586000230955,4331.959070823869,-0.7240135840560665,-0.557327729968265,0.27533151780659754,-0.688571116447188,-1.1514308389219343,-0.5692023503173713,-0.688571116447188,-0.7803358173483634,True,-0.9604984283728395,-1.1262985826090577,-1.1292416793937599,-0.4741695876936595,-0.4741695876936595,-0.4741695876936595,-0.4741695876936595,True,-0.7745350465359204,-0.7745350465359204,-0.7745350465359204,0.0,0.0,0.0,0.0,True,,,,0.0,0.0,0.0,0.0,True,,,,0.6915137710653947,0.6478596308257659,0.6696867009455802,0.6696867009455802,0.6696867009455802,True,0.7027121633133462,0.7027121633133462,0.605867088077871,,,,,non-targeting control,,0,0.0,0.0,0.0,0.0,0,0.0,0.0,0.0,0.0,0,0.0,0.0,0.0,0.0,0,0.0,0.0,0.0,0.0,0,0.0,0.0,0.0,0.0,0.8014198580141987,0.20337966203379668,0.9131329291313295,1.0,0.8014198580141986,0.2033796620337967,0.9131329291313294,1.0,0.9131329291313295,0.9131329291313294,0.81797656807815,0.12174560200817891,0.9924918833377505,0.9342111501035769,0.8897807617393387,0.1115697183006828,1.0,0.8690100948559968,0.9342111501035769,0.8690100948559968,0.029584188428891284,0.9915728168074025,0.12498488594677666,0.99997757850991,0.017568165815841176,0.9835993377392105,0.08468756854815747,1.0,0.12498488594677666,0.08468756854815747,0.05013519620471183,0.8620212494291566,0.23861814902495757,0.9999996088429295,0.05791896071932272,0.9451081932273393,0.2365336540179387,1.0,0.23861814902495757,0.2365336540179387
gRNA_14660,controlsgRNA,0.37287868286005726,-2.4286544196166866,0.2280503840477452,-0.6092417842362946,0.2280503840477452,0.30046453345390123,True,-0.6936626010452202,0.05647001971800211,0.1116143588509839,2035.9540827377086,0.28500264753354076,-0.08396631529360554,-0.1976549484531945,0.12969311884212203,0.04162772324151151,0.03494044517407485,0.04162772324151151,,False,-0.09263360812147751,-0.10942848384333312,,-0.027269949595534845,-0.027269949595534845,-0.027269949595534845,-0.027269949595534845,True,-0.11801520865794986,-0.11801520865794986,-0.11801520865794986,0.0,0.0,0.0,0.0,True,,,,0.0,0.0,0.0,0.0,True,,,,-0.44832939234976893,-1.1667921529146679,-0.8075607726322184,-0.8075607726322184,-0.8075607726322184,True,-0.9881183971934856,-0.9881183971934856,-0.8991487923261849,,,,,non-targeting control,,0,0.0,0.0,0.0,0.0,0,0.0,0.0,0.0,0.0,0,0.0,0.0,0.0,0.0,0,0.0,0.0,0.0,0.0,0,0.0,0.0,0.0,0.0,0.15548445155484453,0.8485151484851515,0.32660421108727117,1.0,0.15548445155484453,0.8485151484851516,0.32660421108727117,1.0,0.32660421108727117,0.32660421108727117,0.12329324182994839,0.986250724199725,0.2664267754486241,0.9999999999819025,0.046506320387631986,0.9543228237601761,0.11327021717805187,1.0,0.2664267754486241,0.11327021717805187,0.8550430604252024,0.17906894291825054,0.9686332769618934,0.99997757850991,0.8504439532632573,0.15277755205091637,0.9688754963933863,1.0,0.9686332769618934,0.9688754963933863,0.5877402909240084,0.16412111307339816,0.9213348530185991,0.9999996088429295,0.7344139971812769,0.272206398428707,0.9588182740977781,1.0,0.9213348530185991,0.9588182740977781
gRNA_14661,controlsgRNA,-0.6893521192886083,-0.1694602811570987,-0.002774085506031851,-0.28719549531724625,-0.1694602811570987,-0.28719549531724625,True,-0.3967994590644818,-0.290836401360548,-0.3776178931723528,2470.6469014914546,-1.1710761349507202,-0.47687282562918093,-0.41577729168514255,-0.8179310651653715,-1.1524143835154474,-0.8068143401891724,-0.8179310651653715,-0.8068143401891724,True,-1.3018334379410845,-1.3064443958857095,-1.1620735923006644,-0.17555948139062846,-0.17555948139062846,-0.17555948139062846,-0.17555948139062846,True,-0.33586058393600954,-0.33586058393600954,-0.33586058393600954,0.0,0.0,0.0,0.0,True,,,,0.0,0.0,0.0,0.0,True,,,,-0.7171443874830031,-0.3730648484664214,-0.5451046179747123,-0.5451046179747123,-0.5451046179747123,True,-0.6877158613791993,-0.6877158613791993,-0.6317591452058802,,,,,non-targeting control,,0,0.0,0.0,0.0,0.0,0,0.0,0.0,0.0,0.0,0,0.0,0.0,0.0,0.0,0,0.0,0.0,0.0,0.0,0,0.0,0.0,0.0,0.0,0.32216778322167783,0.6834316568343167,0.5432066658804972,1.0,0.32216778322167783,0.6834316568343166,0.5432066658804972,1.0,0.5432066658804972,0.5432066658804972,0.9918151370406573,0.028870921371001654,0.9998382435532929,0.4934302925225737,0.9881325618975466,0.012319651438286606,1.0,0.3017873562187934,0.4934302925225737,0.3017873562187934,0.7462068955877987,0.4020667544782022,0.9514855150691028,0.99997757850991,0.6779132823739011,0.32562940428680825,0.8975189935654465,1.0,0.9514855150691028,0.8975189935654465,0.7088198520714359,0.5534716317901225,0.9518438013530711,0.9999996088429295,0.5840823968430005,0.4198655818820479,0.8669857217347431,1.0,0.9518438013530711,0.8669857217347431
gRNA_14662,controlsgRNA,-0.2942848742116381,0.28655440878862015,0.6076626409785317,0.19997739185183794,0.28655440878862015,0.44710852488357594,True,0.0522778287324771,0.10758518524689076,0.23369679879989785,4307.866013580544,-0.5983517658041957,-0.5494523976822907,-0.021451130420936507,-0.2190130838238073,-0.2997454947077433,-0.33760277448779474,-0.2997454947077433,-0.33760277448779474,True,-0.6278003878638503,-0.5848225806074726,-0.5802770414644708,-0.09662025454596174,-0.09662025454596174,-0.09662025454596174,-0.09662025454596174,True,-0.2198945727957324,-0.2198945727957324,-0.2198945727957324,0.0,0.0,0.0,0.0,True,,,,0.0,0.0,0.0,0.0,True,,,,-0.5305867243560716,-0.940406231757147,-0.7354964780566093,-0.7354964780566093,-0.7354964780566093,True,-0.9056349177703005,-0.9056349177703005,-0.8257298766155159,,,,,non-targeting control,,0,0.0,0.0,0.0,0.0,0,0.0,0.0,0.0,0.0,0,0.0,0.0,0.0,0.0,0,0.0,0.0,0.0,0.0,0,0.0,0.0,0.0,0.0,0.21247875212478748,0.7923207679232077,0.41610422291104215,1.0,0.21247875212478745,0.7923207679232077,0.4161042229110421,1.0,0.41610422291104215,0.4161042229110421,0.691966311440194,0.6205193742470402,0.9392755707635847,0.9999999999819025,0.5416012534053821,0.4616109936032603,0.7666799741618063,1.0,0.9392755707635847,0.7666799741618063,0.8560150382454067,0.2506298650944875,0.9686332769618934,0.99997757850991,0.8102255312373452,0.19268768863954322,0.9546356696656506,1.0,0.9686332769618934,0.9546356696656506,0.3717507796350668,0.8188421386556924,0.7680125996856325,0.9999996088429295,0.2659848430673655,0.7372902619702167,0.6027273834815492,1.0,0.7680125996856325,0.6027273834815492
gRNA_14663,controlsgRNA,-0.0808094614247933,-0.6194611445293003,0.22454931201289427,-0.15857376464706643,-0.0808094614247933,-0.3501353029770468,True,-0.27823559912400037,-0.21338187844594741,-0.43001584834332,5968.337438485677,-0.2768299870510904,-0.46170172334765736,-0.8576166914610399,-0.346761048487101,-0.20278197019541191,-0.42913828410846006,-0.346761048487101,-0.42913828410846006,True,-0.759293222333446,-0.650296131394711,-0.6937760420629121,-0.24892221173270923,-0.24892221173270923,-0.24892221173270923,-0.24892221173270923,True,-0.4436344188745218,-0.4436344188745218,-0.4436344188745218,0.0,0.0,0.0,0.0,True,,,,0.0,0.0,0.0,0.0,True,,,,-0.6570479360513716,-0.5490565691902567,-0.6030522526208142,-0.6030522526208142,-0.6030522526208142,True,-0.754041668883485,-0.754041668883485,-0.6907960445298732,,,,,non-targeting control,,0,0.0,0.0,0.0,0.0,0,0.0,0.0,0.0,0.0,0,0.0,0.0,0.0,0.0,0,0.0,0.0,0.0,0.0,0,0.0,0.0,0.0,0.0,0.44845515448455153,0.5570442955704429,0.6717893947657028,1.0,0.44845515448455153,0.557044295570443,0.6717893947657028,1.0,0.6717893947657028,0.6717893947657028,0.8171060982390062,0.45645718616257946,0.9924918833377505,0.9999999999819025,0.6955009359188632,0.3074631742037245,0.911178926499974,1.0,0.9924918833377505,0.911178926499974,0.8001049267089618,0.3629215974931201,0.9644497224512195,0.99997757850991,0.7243693105857864,0.27882132751750643,0.9246683398952322,1.0,0.9644497224512195,0.9246683398952322,0.6069994471551916,0.6385219877252042,0.9213348530185991,0.9999996088429295,0.4841921558874077,0.5184661541598822,0.8161666233581895,1.0,0.9213348530185991,0.8161666233581895
gRNA_14664,controlsgRNA,-2.0575055639649533,-0.49045302642150734,-1.3893038644544489,-1.3124208182803032,-1.3893038644544489,-1.3124208182803032,True,-1.3418549404817326,-1.3566178917070222,-1.2311271826052348,6705.250061703209,0.3764762882241694,-0.22776134636223017,-0.7324123570708597,-0.5395817167167171,-0.3062283772866291,-0.28590150184245333,-0.3062283772866291,-0.451495949359109,True,-0.5535303377598576,-0.5938506002234564,-0.7214983180646428,0.18892659280979457,0.18892659280979457,0.18892659280979457,0.18892659280979457,True,0.19958925299202768,0.19958925299202768,0.19958925299202768,0.0,0.0,0.0,0.0,True,,,,0.0,0.0,0.0,0.0,True,,,,-0.10419720722851275,-0.29289448679837,-0.19854584701344136,-0.19854584701344136,-0.19854584701344136,True,-0.29105100228567343,-0.29105100228567343,-0.2786859715372867,,,,,non-targeting control,,0,0.0,0.0,0.0,0.0,0,0.0,0.0,0.0,0.0,0,0.0,0.0,0.0,0.0,0,0.0,0.0,0.0,0.0,0,0.0,0.0,0.0,0.0,0.04679532046795319,0.9588041195880412,0.12658302515072228,1.0,0.0467953204679532,0.9588041195880412,0.1265830251507223,1.0,0.12658302515072228,0.1265830251507223,0.4970752656091306,0.594189337299267,0.7628583668123801,0.9999999999819025,0.4596659087873446,0.5437802092796247,0.6831398486325754,1.0,0.7628583668123801,0.6831398486325754,0.5000865997685101,0.6812236448950859,0.8035579551835889,0.99997757850991,0.40926104193603774,0.5943300567763881,0.6931628458015774,1.0,0.8035579551835889,0.6931628458015774,0.9770370788415834,0.04227014505105539,0.9999269884937744,0.7687839397372741,0.9751910567818929,0.025928431024686695,1.0,0.47429022901670514,0.7687839397372741,0.47429022901670514
gRNA_14665,controlsgRNA,-0.5450737310329102,-1.448628421827515,0.6230718231055035,-0.4568767765849739,-0.5450737310329102,-0.9968510764302125,True,-0.5532121240311534,-0.6190111508810693,-0.96841253822389,5409.230800227672,0.09167725998332617,-0.055962617045298674,-0.25038983366831846,0.15955035489591657,0.28177037265276733,0.04532910736367859,0.09167725998332617,,False,-0.07771005939902946,-0.03972982834899536,,-0.15331076993016707,-0.15331076993016707,-0.15331076993016707,-0.15331076993016707,True,-0.303176018553102,-0.303176018553102,-0.303176018553102,0.0,0.0,0.0,0.0,True,,,,0.0,0.0,0.0,0.0,True,,,,-0.16602304193857814,-0.46032704589464046,-0.31317504391660933,-0.31317504391660933,-0.31317504391660933,True,-0.42225349389042494,-0.42225349389042494,-0.395469898931254,,,,,non-targeting control,,0,0.0,0.0,0.0,0.0,0,0.0,0.0,0.0,0.0,0,0.0,0.0,0.0,0.0,0,0.0,0.0,0.0,0.0,0,0.0,0.0,0.0,0.0,0.30746925307469264,0.6972302769723028,0.5303139410829562,1.0,0.30746925307469253,0.6972302769723028,0.5303139410829559,1.0,0.5303139410829562,0.5303139410829559,0.11448171685591586,0.986449628681377,0.25320662081073153,0.9999999999819025,0.04342258521928665,0.9575267823048421,0.10812511286391907,1.0,0.25320662081073153,0.10812511286391907,0.5733600176481666,0.6013316592035649,0.8521081685205955,0.99997757850991,0.48774364555247846,0.5162390715166614,0.7641317113655496,1.0,0.8521081685205955,0.7641317113655496,0.6507229185365091,0.30037496806777636,0.9311161606372774,0.9999996088429295,0.6963659275835328,0.30802683314515145,0.9351199598978869,1.0,0.9311161606372774,0.9351199598978869
gRNA_14666,controlsgRNA,-0.09074277829605341,-1.1130436739877525,0.48093858120519245,-0.24094929035953783,-0.09074277829605341,-0.601893226141903,True,-0.35416958199149534,-0.22206065120344998,-0.6396065805430527,5311.697535658283,-0.07980934093175779,-0.6876153680796407,-1.0219647447268572,-0.8320314724379645,-0.14622970948211989,-0.5535301271316679,-0.6876153680796407,-0.5535301271316679,True,-0.9379849245133165,-1.1249676137221207,-0.8480150901027442,-0.37482124747899237,-0.37482124747899237,-0.37482124747899237,-0.37482124747899237,True,-0.6285869395095782,-0.6285869395095782,-0.6285869395095782,0.0,0.0,0.0,0.0,True,,,,0.0,0.0,0.0,0.0,True,,,,-0.04806486454353236,-0.7406499449817375,-0.3943574047626349,-0.3943574047626349,-0.3943574047626349,True,-0.5151733459448034,-0.5151733459448034,-0.4781782768214169,,,,,non-targeting control,,0,0.0,0.0,0.0,0.0,0,0.0,0.0,0.0,0.0,0,0.0,0.0,0.0,0.0,0,0.0,0.0,0.0,0.0,0,0.0,0.0,0.0,0.0,0.666033396660334,0.33906609339066085,0.8375537028236976,1.0,0.666033396660334,0.33906609339066096,0.8375537028236976,1.0,0.8375537028236976,0.8375537028236976,0.8593643920940154,0.1744545557096589,0.9998382435532929,0.9999999999819025,0.8650221908204627,0.13698527466502397,1.0,0.9087541774647758,0.9998382435532929,0.9087541774647758,0.609982724581382,0.46640561960121085,0.8753950551244262,0.99997757850991,0.5763644875265317,0.42680983052968097,0.8240039821672087,1.0,0.8753950551244262,0.8240039821672087,0.5883541432488315,0.49265401184635405,0.9213348530185991,0.9999996088429295,0.5491225500526047,0.45425888227809297,0.8578142691518191,1.0,0.9213348530185991,0.8578142691518191
gRNA_14667,controlsgRNA,-0.4645975253530952,0.9732731212589059,-0.6526379370791179,-0.04798744705776906,-0.4645975253530952,-0.5586177312161065,True,-0.17629683184359016,-0.5486988160856373,-0.6035793423382626,3528.9199167888137,-0.3641870927979776,-0.798118738397504,-0.6884247042501745,-0.14189212096316908,-0.10575857027631214,-0.4196762453370275,-0.3641870927979776,-0.4196762453370275,True,-0.7457007891556229,-0.6745635260225242,-0.6820436340757626,-0.2555142672659034,-0.2555142672659034,-0.2555142672659034,-0.2555142672659034,True,-0.45331850644360816,-0.45331850644360816,-0.45331850644360816,0.0,0.0,0.0,0.0,True,,,,0.0,0.0,0.0,0.0,True,,,,0.0997738454454395,0.7086712968106981,0.4042225711280688,0.4042225711280688,0.4042225711280688,True,0.398866753900187,0.398866753900187,0.3354129236951302,,,,,non-targeting control,,0,0.0,0.0,0.0,0.0,0,0.0,0.0,0.0,0.0,0,0.0,0.0,0.0,0.0,0,0.0,0.0,0.0,0.0,0,0.0,0.0,0.0,0.0,0.4596540345965404,0.5465453454654534,0.6831222016138309,1.0,0.45965403459654036,0.5465453454654534,0.6831222016138307,1.0,0.6831222016138309,0.6831222016138307,0.7712148155580979,0.44706845857394195,0.9924918833377505,0.9999999999819025,0.6762104779902881,0.3267675124209535,0.9066955095366028,1.0,0.9924918833377505,0.9066955095366028,0.08242734072325493,0.9440270089680969,0.2384052316303373,0.99997757850991,0.06306790332728295,0.9392417325184927,0.1838258267523906,1.0,0.2384052316303373,0.1838258267523906,0.4353411796713884,0.599844291114175,0.8160198047161652,0.9999996088429295,0.42222209376461206,0.5816666749272023,0.7646165358329399,1.0,0.8160198047161652,0.7646165358329399
gRNA_14668,controlsgRNA,-0.023609620125419745,0.8787805350347094,0.40908795592044944,0.42141962360991303,0.40908795592044944,0.6439342454775794,True,0.256403878150961,0.21464316240703887,0.39755597898555567,2577.934932076099,-0.49574504746090825,0.11702196527424148,0.6510413225434302,-0.17260708670502037,-1.3764583324493702,-0.25534943575952546,-0.17260708670502037,,False,-0.5096416022866506,-0.40777047031137525,,-0.08410910376024035,-0.08410910376024035,-0.08410910376024035,-0.08410910376024035,True,-0.20151501285591175,-0.20151501285591175,-0.20151501285591175,0.0,0.0,0.0,0.0,True,,,,0.0,0.0,0.0,0.0,True,,,,0.26633891946776983,0.15169340671062476,0.2090161630891973,0.2090161630891973,0.2090161630891973,True,0.17543705358091422,0.17543705358091422,0.13653714336050685,,,,,non-targeting control,,0,0.0,0.0,0.0,0.0,0,0.0,0.0,0.0,0.0,0,0.0,0.0,0.0,0.0,0,0.0,0.0,0.0,0.0,0,0.0,0.0,0.0,0.0,0.20317968203179687,0.8005199480051993,0.40420931451828374,1.0,0.20317968203179682,0.8005199480051994,0.4042093145182836,1.0,0.40420931451828374,0.4042093145182836,0.23829690285103855,0.35526754792664444,0.4537567076588537,0.9999999999819025,0.39706028510157687,0.6088262015539231,0.616920112389227,1.0,0.4537567076588537,0.616920112389227,0.17358817387377748,0.9224434888850092,0.4111169781909964,0.99997757850991,0.12178548811297835,0.880906868019917,0.2997899850703134,1.0,0.4111169781909964,0.2997899850703134,0.2263934879474735,0.9103876998106295,0.6213427114470805,0.9999996088429295,0.1459144305776216,0.8563842788787468,0.4354271896602041,1.0,0.6213427114470805,0.4354271896602041
gRNA_14669,controlsgRNA,0.5571625949885464,-0.2280251403669708,1.3505017564183928,0.5598797370133227,0.5571625949885464,0.9538321757034696,True,0.3840367859603027,0.3440164785185386,0.6555487892483504,1821.7765544287854,-1.0559674532233465,-0.49518700708941593,0.1403684834826863,-0.751676112694029,-1.51988357215876,-0.7364691323365731,-0.751676112694029,-0.9556785362913879,True,-1.2007809522967279,-1.214178185093078,-1.3466570130136832,0.08472624332542858,0.08472624332542858,0.08472624332542858,0.08472624332542858,True,0.04651328085332724,0.04651328085332724,0.04651328085332724,0.0,0.0,0.0,0.0,True,,,,0.0,0.0,0.0,0.0,True,,,,-0.11227810138866018,-0.3790171312927295,-0.24564761634069485,-0.24564761634069485,-0.24564761634069485,True,-0.3449628298277289,-0.3449628298277289,-0.32667313150917465,,,,,non-targeting control,,0,0.0,0.0,0.0,0.0,0,0.0,0.0,0.0,0.0,0,0.0,0.0,0.0,0.0,0,0.0,0.0,0.0,0.0,0,0.0,0.0,0.0,0.0,0.08859114088591143,0.9166083391660834,0.20818918108189186,1.0,0.08859114088591141,0.9166083391660834,0.20818918108189183,1.0,0.20818918108189186,0.20818918108189183,0.8985551990649117,0.019787310135543194,0.9998382435532929,0.4934302925225737,0.9758297783059926,0.02607384342670285,1.0,0.44562568765637595,0.4934302925225737,0.44562568765637595,0.5222392287509481,0.6574468736744101,0.8285314346428543,0.99997757850991,0.43268886780584265,0.5710336511234867,0.7198717446681275,1.0,0.8285314346428543,0.7198717446681275,0.14806945723214224,0.900699634133901,0.4883694378884691,0.9999996088429295,0.110874965432745,0.8915763611509673,0.3722230982385011,1.0,0.4883694378884691,0.3722230982385011
gRNA_14670,controlsgRNA,-1.7418215987718273,-0.11030289729895798,-0.12673523209273357,-0.6596199093878395,-0.12673523209273357,-0.6596199093878395,True,-0.7401012933517965,-0.2535073805824426,-0.6876645628177763,4901.842010050911,0.03395152189285877,-0.34679972934283804,-0.2739425070880421,-0.26659995992208485,-0.41989776648394767,-0.2546576881888108,-0.2739425070880421,-0.32680999070922817,True,-0.5086478912209923,-0.5488895098558368,-0.5668945828140649,-0.5104103635352121,-0.5104103635352121,-0.5104103635352121,-0.5104103635352121,True,-0.8277747143533374,-0.8277747143533374,-0.8277747143533374,0.0,0.0,0.0,0.0,True,,,,0.0,0.0,0.0,0.0,True,,,,-1.120326274311632,-0.54495722013924,-0.8326417472254359,-0.8326417472254359,-0.8326417472254359,True,-1.0168256240380162,-1.0168256240380162,-0.9247012239491559,,,,,non-targeting control,,0,0.0,0.0,0.0,0.0,0,0.0,0.0,0.0,0.0,0,0.0,0.0,0.0,0.0,0,0.0,0.0,0.0,0.0,0,0.0,0.0,0.0,0.0,0.8413158684131586,0.16458354164583544,0.930396372127493,1.0,0.8413158684131586,0.16458354164583544,0.930396372127493,1.0,0.930396372127493,0.930396372127493,0.5626773610203114,0.8127175552885195,0.8329397155261303,0.9999999999819025,0.3594429054506127,0.6426908669282302,0.580045203645624,1.0,0.8329397155261303,0.580045203645624,0.8878333497873755,0.16995231940958763,0.9799770692138859,0.99997757850991,0.8680311555613085,0.13420252445077147,0.9688754963933863,1.0,0.9799770692138859,0.9688754963933863,0.7942788327493846,0.23681265127169873,0.9943983369545115,0.9999996088429295,0.7899736874646031,0.2139181826572295,0.9788126948284221,1.0,0.9943983369545115,0.9788126948284221
gRNA_14671,controlsgRNA,-1.8592354218791847,-0.13163990465956635,-1.1600629246268508,-1.050312750388534,-1.1600629246268508,-1.050312750388534,True,-1.1002430130969394,-1.156329302380297,-1.012919861960473,4183.729493127018,-0.8140325463595675,-0.47263362027686573,-0.5210434474653493,0.028220933608774455,-0.4582959062447357,-0.44755691734754877,-0.47263362027686573,-0.5665013800866295,True,-0.7857520064894573,-0.8255854465110175,-0.8640987307903725,-0.5250492994531882,-0.5250492994531882,-0.5250492994531882,-0.5250492994531882,True,-0.8492801062047971,-0.8492801062047971,-0.8492801062047971,0.0,0.0,0.0,0.0,True,,,,0.0,0.0,0.0,0.0,True,,,,-0.5391055791710792,-1.1446037837813445,-0.8418546814762118,-0.8418546814762118,-0.8418546814762118,True,-1.027370580832171,-1.027370580832171,-0.9340873373800724,,,,,non-targeting control,,0,0.0,0.0,0.0,0.0,0,0.0,0.0,0.0,0.0,0,0.0,0.0,0.0,0.0,0,0.0,0.0,0.0,0.0,0,0.0,0.0,0.0,0.0,0.8559144085591441,0.14908509149085097,0.9382618589453008,1.0,0.8559144085591441,0.14908509149085097,0.9382618589453008,1.0,0.9382618589453008,0.9382618589453008,0.832231835366644,0.37442577061380444,0.9985870049148562,0.9999999999819025,0.7527383224014752,0.24926697013205196,0.9626857456563084,1.0,0.9985870049148562,0.9626857456563084,0.8889681545782262,0.16458268720062114,0.9799770692138859,0.99997757850991,0.8720037474827076,0.13077973533108755,0.9688754963933863,1.0,0.9799770692138859,0.9688754963933863,0.928421403106595,0.09258280525912614,0.9999269884937744,0.8368186950970642,0.9329094293744391,0.06901731982461438,1.0,0.6178693393822622,0.8368186950970642,0.6178693393822622
gRNA_14672,controlsgRNA,1.4969861763806012,-0.7632477065900055,-0.13176433319022882,0.2006580455334556,-0.13176433319022882,-0.4475060198901172,True,0.052905257140995615,-0.257901323327383,-0.5110778447090104,389.8694717556132,-1.1029277048112043,-0.47801345526789907,-0.028792747214293753,-0.1228398584688262,-0.723027591666322,-0.491120271485709,-0.47801345526789907,-0.491120271485709,True,-0.8483317521899855,-0.8330773693152328,-0.7706302995153091,-0.39074737792708114,-0.39074737792708114,-0.39074737792708114,-0.39074737792708114,True,-0.6519832900286782,-0.6519832900286782,-0.6519832900286782,0.0,0.0,0.0,0.0,True,,,,0.0,0.0,0.0,0.0,True,,,,0.35955405288819753,-0.7357273902812871,-0.18808666869654478,-0.18808666869654478,,False,-0.27907961722507285,-0.27907961722507285,,,,,,non-targeting control,,0,0.0,0.0,0.0,0.0,0,0.0,0.0,0.0,0.0,0,0.0,0.0,0.0,0.0,0,0.0,0.0,0.0,0.0,0,0.0,0.0,0.0,0.0,0.6800319968003199,0.32546745325467435,0.8438680884386808,1.0,0.68003199680032,0.3254674532546745,0.843868088438681,1.0,0.8438680884386808,0.843868088438681,0.7867476679531875,0.2448587457213997,0.9924918833377505,0.9999999999819025,0.787538589227498,0.21502437817434888,0.9841910646634648,1.0,0.9924918833377505,0.9841910646634648,0.34662362003603187,0.5570121621451126,0.6656457966549912,0.99997757850991,0.38701669954436,0.6179908813318638,0.6730659966597063,1.0,0.6656457966549912,0.6730659966597063,0.24726107329841354,0.6646127498474548,0.6593628621291028,0.9999996088429295,0.2804358449888579,0.7233867218327752,0.6202581042106503,1.0,0.6593628621291028,0.6202581042106503
gRNA_14673,controlsgRNA,1.1120244408947446,-1.257917512436809,-0.7516461531613708,-0.29917974156781174,-0.7516461531613708,-1.0047818327990898,True,-0.4078465697396432,-0.7994941791439519,-0.9750149641311066,2868.5696440354404,-0.8306210505137358,-0.061660397452260915,0.005024313004214802,0.09180292139740968,-0.48356915253523947,-0.25580467321992234,-0.061660397452260915,,False,-0.510295561217697,-0.2532668409899692,,-0.48487296884613135,-0.48487296884613135,-0.48487296884613135,-0.48487296884613135,True,-0.7902588947110314,-0.7902588947110314,-0.7902588947110314,0.0,0.0,0.0,0.0,True,,,,0.0,0.0,0.0,0.0,True,,,,-0.34157969075609523,-1.6205663592589603,-0.9810730250075278,-0.9810730250075278,-0.9810730250075278,True,-1.1867173619478473,-1.1867173619478473,-1.0759226233465595,,,,,non-targeting control,,0,0.0,0.0,0.0,0.0,0,0.0,0.0,0.0,0.0,0,0.0,0.0,0.0,0.0,0,0.0,0.0,0.0,0.0,0,0.0,0.0,0.0,0.0,0.8102189781021898,0.19408059194080593,0.9175973968868174,1.0,0.8102189781021898,0.19408059194080596,0.9175973968868174,1.0,0.9175973968868174,0.9175973968868174,0.46002887995932185,0.6514863406412886,0.7237274429485566,0.9999999999819025,0.3882341148065964,0.6142662067645152,0.6082334465303344,1.0,0.7237274429485566,0.6082334465303344,0.8470115426849938,0.08058652776030462,0.9686332769618934,0.99997757850991,0.9136033903592269,0.09136424634454449,0.9776426727155132,1.0,0.9686332769618934,0.9776426727155132,0.47320660046878815,0.3461549545677794,0.8353730278607937,0.9999996088429295,0.5933906658056239,0.4120530178918682,0.8681513242914966,1.0,0.8353730278607937,0.8681513242914966
gRNA_14674,controlsgRNA,0.17914325479753881,-0.02201241890758325,-1.8802596465038997,-0.574376270204648,-0.02201241890758325,-0.9511360327057414,True,-0.6615234757134271,-0.16201070228861714,-0.9303543537333842,1311.68881206744,0.3347221700222645,-0.009767749214332225,-0.3593323730820543,-0.42310519887226206,0.23600023163520756,-0.0442965839022353,-0.009767749214332225,,False,-0.20645939651083442,-0.181001480555524,,-0.5354965279515248,-0.5354965279515248,-0.5354965279515248,-0.5354965279515248,True,-0.8646276522202541,-0.8646276522202541,-0.8646276522202541,0.0,0.0,0.0,0.0,True,,,,0.0,0.0,0.0,0.0,True,,,,0.7054802450823222,-0.08881702285108266,0.3083316111156198,0.3083316111156198,,False,0.28911170705437594,0.28911170705437594,,,,,,non-targeting control,,0,0.0,0.0,0.0,0.0,0,0.0,0.0,0.0,0.0,0,0.0,0.0,0.0,0.0,0,0.0,0.0,0.0,0.0,0,0.0,0.0,0.0,0.0,0.8661133886611339,0.13938606139386064,0.9439380699611198,1.0,0.8661133886611339,0.13938606139386067,0.9439380699611198,1.0,0.9439380699611198,0.9439380699611198,0.17729306338485296,0.9309779060688383,0.3583988808209931,0.9999999999819025,0.10430210827317532,0.8976900257601579,0.22800925994601118,1.0,0.3583988808209931,0.22800925994601118,0.10637835790032961,0.9082814939935578,0.29195812095272944,0.99997757850991,0.08965338425310354,0.914212289087178,0.24786523881740388,1.0,0.29195812095272944,0.24786523881740388,0.7042840053742028,0.23402910831165996,0.9518438013530711,0.9999996088429295,0.7485682023368373,0.2576792992582912,0.9672221446001746,1.0,0.9518438013530711,0.9672221446001746
gRNA_14675,controlsgRNA,-0.4075079722452855,1.7390763786142451,-0.9317731488766492,0.13326508583077015,-0.4075079722452855,-0.6696405605609673,True,-0.009217755770820436,-0.49881947923657516,-0.6960068449199316,3559.6455969092985,0.32193264064444393,0.8648126135221217,0.6276523984186683,0.5932927583163885,-0.5051136397540306,0.38051535422951843,0.5932927583163885,0.6019226027254057,True,0.40379258212517866,0.6588166135349949,0.5846827844269414,0.02461656857830158,0.02461656857830158,0.02461656857830158,0.02461656857830158,True,-0.041791095690420436,-0.041791095690420436,-0.041791095690420436,0.0,0.0,0.0,0.0,True,,,,0.0,0.0,0.0,0.0,True,,,,-0.09908903323797864,0.8786794107108076,0.38979518873641444,0.38979518873641444,,False,0.3823534347087546,0.3823534347087546,,,,,,non-targeting control,,0,0.0,0.0,0.0,0.0,0,0.0,0.0,0.0,0.0,0,0.0,0.0,0.0,0.0,0,0.0,0.0,0.0,0.0,0,0.0,0.0,0.0,0.0,0.11728827117288271,0.887011298870113,0.2609490530236917,1.0,0.11728827117288271,0.8870112988701131,0.2609490530236917,1.0,0.2609490530236917,0.2609490530236917,0.0042095114351325,0.9879790061337932,0.013644623272498449,0.9999999999819025,0.0024718000482096196,0.9977033574338178,0.007556071692087943,1.0,0.013644623272498449,0.007556071692087943,0.06449684808554035,0.9129467721154775,0.20934951252947645,0.99997757850991,0.06146712654582738,0.9427571831118001,0.18055968422836793,1.0,0.20934951252947645,0.18055968422836793,0.20970921268042894,0.5303360427952646,0.5990640460281687,0.9999996088429295,0.3300436125005395,0.6768353187298225,0.664268883558094,1.0,0.5990640460281687,0.664268883558094
gRNA_14676,controlsgRNA,0.836210534149963,-1.3904836483484881,0.15757946055677563,-0.13223121788058315,0.15757946055677563,0.49689499735336934,True,-0.2539529681173798,-0.005100665977025925,0.27514448428844124,2133.741382111918,-0.137411032921461,-0.024213681000726794,-0.06229529816520968,-0.17091514992738852,-0.4781044010680592,-0.17458791261656903,-0.137411032921461,-0.17458791261656903,True,-0.3936258436137815,-0.35875667743502704,-0.3781475730018838,-0.03040100732136262,-0.03040100732136262,-0.03040100732136262,-0.03040100732136262,True,-0.12261490249367336,-0.12261490249367336,-0.12261490249367336,0.0,0.0,0.0,0.0,True,,,,0.0,0.0,0.0,0.0,True,,,,0.10076841554800457,0.3477293044843075,0.22424886001615604,0.22424886001615604,0.22424886001615604,True,0.19287212112627355,0.19287212112627355,0.1520561753348388,,,,,non-targeting control,,0,0.0,0.0,0.0,0.0,0,0.0,0.0,0.0,0.0,0,0.0,0.0,0.0,0.0,0,0.0,0.0,0.0,0.0,0,0.0,0.0,0.0,0.0,0.16418358164183583,0.8414158584141586,0.3410664458416037,1.0,0.16418358164183583,0.8414158584141584,0.3410664458416037,1.0,0.3410664458416037,0.3410664458416037,0.41784590592107784,0.8850168876821212,0.6756779674632352,0.9999999999819025,0.23839632141164357,0.7635557017276666,0.42083106502712664,1.0,0.6756779674632352,0.42083106502712664,0.17032240510965063,0.9181673465498541,0.40790588739636074,0.99997757850991,0.12198900988233496,0.8809357840840464,0.2997899850703134,1.0,0.40790588739636074,0.2997899850703134,0.4182124811803535,0.4608125649964614,0.8147559218850409,0.9999996088429295,0.4680042175902641,0.5361934872021281,0.7998617536997241,1.0,0.8147559218850409,0.7998617536997241
gRNA_14677,controlsgRNA,0.6967942448384089,-0.1207506153276886,-0.3422054761063577,0.07794605113478753,-0.1207506153276886,-0.23147804571702316,True,-0.06021099188700765,-0.2482786005467588,-0.3312326159536273,1373.9655578094191,-0.3188085068826144,-0.1153387162246713,0.317403377400619,-0.5359237588683599,-0.5523735309146546,-0.24100822709793626,-0.3188085068826144,-0.38061112822257503,True,-0.48904013096205606,-0.6113696059099196,-0.6336050361029555,0.0272094864679498,0.0272094864679498,0.0272094864679498,0.0272094864679498,True,-0.03798195849848346,-0.03798195849848346,-0.03798195849848346,0.0,0.0,0.0,0.0,True,,,,0.0,0.0,0.0,0.0,True,,,,0.24022254359011727,-0.2500643341529074,-0.0049208952813950685,-0.0049208952813950685,,False,-0.06943140806000599,-0.06943140806000599,,,,,,non-targeting control,,0,0.0,0.0,0.0,0.0,0,0.0,0.0,0.0,0.0,0,0.0,0.0,0.0,0.0,0,0.0,0.0,0.0,0.0,0,0.0,0.0,0.0,0.0,0.11308869113088692,0.8919108089191081,0.2546188494922963,1.0,0.11308869113088688,0.8919108089191081,0.2546188494922962,1.0,0.2546188494922963,0.2546188494922962,0.47086506932913486,0.6949187800298217,0.7346276600321772,0.9999999999819025,0.38750789736961133,0.616686363633023,0.6082334465303344,1.0,0.7346276600321772,0.6082334465303344,0.3076058741932773,0.7955863430228388,0.6251881551171473,0.99997757850991,0.25121139223157585,0.7518362465110386,0.5276301664233944,1.0,0.6251881551171473,0.5276301664233944,0.42424248205952153,0.7554689076584058,0.8160198047161652,0.9999996088429295,0.3288802463908474,0.6748253313953549,0.664268883558094,1.0,0.8160198047161652,0.664268883558094
gRNA_14678,controlsgRNA,-0.02866547193597026,-0.5858628355480331,-0.1996505732789673,-0.2713929602543235,-0.1996505732789673,-0.2713929602543235,True,-0.3822326394132259,-0.317213762337162,-0.36446214080192546,2600.0977177367768,-0.5792667759436795,-0.5723208462826561,-0.7696939186120796,-0.7412308891787875,-0.6963880598587757,-0.6717800979751957,-0.6963880598587757,-0.6717800979751957,True,-1.1078536880849579,-1.137184406561306,-0.9946385542332724,-0.24379647627193898,-0.24379647627193898,-0.24379647627193898,-0.24379647627193898,True,-0.43610443512239494,-0.43610443512239494,-0.43610443512239494,0.0,0.0,0.0,0.0,True,,,,0.0,0.0,0.0,0.0,True,,,,-0.2680938551643622,0.035319965379646864,-0.11638694489235765,-0.11638694489235765,,False,-0.1970134188687457,-0.1970134188687457,,,,,,non-targeting control,,0,0.0,0.0,0.0,0.0,0,0.0,0.0,0.0,0.0,0,0.0,0.0,0.0,0.0,0,0.0,0.0,0.0,0.0,0,0.0,0.0,0.0,0.0,0.43345665433456637,0.5716428357164283,0.6571762178620846,1.0,0.43345665433456654,0.5716428357164284,0.6571762178620848,1.0,0.6571762178620846,0.6571762178620848,0.990909671225822,0.12089072258723177,0.9998382435532929,0.9342111501035769,0.9598230007465616,0.04081043416593436,1.0,0.5683230831996785,0.9342111501035769,0.5683230831996785,0.4322282917721233,0.7305479144264009,0.7397796305413381,0.99997757850991,0.34936163753726035,0.6543175831808636,0.6376697850194655,1.0,0.7397796305413381,0.6376697850194655,0.7136879486426355,0.5643839507713286,0.954970351208651,0.9999996088429295,0.5806865053768853,0.4220869643249386,0.8669857217347431,1.0,0.954970351208651,0.8669857217347431
gRNA_14679,controlsgRNA,0.23296676506070718,0.010923184632659606,-0.3296525268765267,-0.02858752572771997,0.010923184632659606,0.12194497484668339,True,-0.15841393178115484,-0.13323475338236782,-0.037004777063793605,2941.4063692460886,-0.3312173802275183,-0.3162961044582809,-0.07881932460992862,-0.28094619787985553,-0.38701808076341737,-0.27885941758780014,-0.3162961044582809,-0.27885941758780014,True,-0.5434142241001921,-0.607870850827728,-0.5074385077896474,-0.09954600425394709,-0.09954600425394709,-0.09954600425394709,-0.09954600425394709,True,-0.22419265800370547,-0.22419265800370547,-0.22419265800370547,0.0,0.0,0.0,0.0,True,,,,0.0,0.0,0.0,0.0,True,,,,0.1496090179022359,0.14260687662766677,0.14610794726495135,0.14610794726495135,0.14610794726495135,True,0.10343345518248194,0.10343345518248194,0.07244641684596276,,,,,non-targeting control,,0,0.0,0.0,0.0,0.0,0,0.0,0.0,0.0,0.0,0,0.0,0.0,0.0,0.0,0,0.0,0.0,0.0,0.0,0,0.0,0.0,0.0,0.0,0.23057694230576947,0.7729227077292271,0.44008594064451434,1.0,0.23057694230576942,0.7729227077292271,0.44008594064451423,1.0,0.44008594064451434,0.44008594064451423,0.6353717458125951,0.785873304161699,0.8968952481391996,0.9999999999819025,0.4139174242766316,0.5880691067754993,0.6375925341627557,1.0,0.8968952481391996,0.6375925341627557,0.2288872756067697,0.8929710545827378,0.5122715215961037,0.99997757850991,0.16449023623748316,0.8388968727416837,0.3725802941282751,1.0,0.5122715215961037,0.3725802941282751,0.5355268308187029,0.7345734946491264,0.887040036950803,0.9999996088429295,0.395605178665116,0.6073640452493835,0.736373995931107,1.0,0.887040036950803,0.736373995931107
gRNA_14680,controlsgRNA,0.8442714074772625,-2.0587326001787356,0.5302485207254466,-0.22807089065867547,0.5302485207254466,0.6872599641013546,True,-0.34229823824238975,0.3205015602354213,0.4336250288699974,1400.1363303391224,-0.8110883879133006,0.0768216094659801,0.36859551257305745,-0.04794822834257399,-0.5882346294753388,-0.20037082473843518,-0.04794822834257399,,False,-0.43066358131617016,-0.23417136452659373,,-0.6182141373443736,-0.6182141373443736,-0.6182141373443736,-0.6182141373443736,True,-0.9861443125141758,-0.9861443125141758,-0.9861443125141758,0.0,0.0,0.0,0.0,True,,,,0.0,0.0,0.0,0.0,True,,,,-0.7454166753754617,0.22683154851674547,-0.25929256342935814,-0.25929256342935814,,False,-0.3605805878179548,-0.3605805878179548,,,,,,non-targeting control,,0,0.0,0.0,0.0,0.0,0,0.0,0.0,0.0,0.0,0,0.0,0.0,0.0,0.0,0,0.0,0.0,0.0,0.0,0,0.0,0.0,0.0,0.0,0.9104089591040896,0.09509049095090491,0.964264136966585,1.0,0.9104089591040897,0.09509049095090494,0.9642641369665851,1.0,0.964264136966585,0.9642641369665851,0.3068767264245528,0.6547609235451719,0.544271929885056,0.9999999999819025,0.30562816207402277,0.6975974850736896,0.5084787121231529,1.0,0.544271929885056,0.5084787121231529,0.43481728284477583,0.5179731655105455,0.7397796305413381,0.99997757850991,0.4568863593375183,0.5474566973462718,0.7381540738498861,1.0,0.7397796305413381,0.7381540738498861,0.33825515468609796,0.27162480061361877,0.7257430406847769,0.9999996088429295,0.5137337422119878,0.4940999219871283,0.8318258738099584,1.0,0.7257430406847769,0.8318258738099584
gRNA_14681,controlsgRNA,1.4992214348642312,0.8803218613911709,1.434729524545134,1.2714242736001786,1.434729524545134,1.2714242736001786,True,1.0399404683141737,1.110749691586243,0.9199470632023055,1087.9912960696315,0.4731846585753738,0.8695030821484816,0.3882353289851736,0.6913382235336989,0.2743808564141005,0.5393284299313656,0.4731846585753738,0.5393284299313656,True,0.6319311652981051,0.4915548642582118,0.5070694507070427,-0.26778982627125403,-0.26778982627125403,-0.26778982627125403,-0.26778982627125403,True,-0.471351969263922,-0.471351969263922,-0.471351969263922,0.0,0.0,0.0,0.0,True,,,,0.0,0.0,0.0,0.0,True,,,,0.19564905076620043,0.047593303698828165,0.1216211772325143,0.1216211772325143,0.1216211772325143,True,0.07540634405893264,0.07540634405893264,0.047499359282639014,,,,,non-targeting control,,0,0.0,0.0,0.0,0.0,0,0.0,0.0,0.0,0.0,0,0.0,0.0,0.0,0.0,0,0.0,0.0,0.0,0.0,0,0.0,0.0,0.0,0.0,0.4943505649435056,0.5103489651034898,0.7121678636734027,1.0,0.49435056494350565,0.5103489651034897,0.7121678636734028,1.0,0.7121678636734027,0.7121678636734028,0.0010225299758325963,0.9999797466480453,0.004090119903330385,0.9999999999819025,0.00016573017173749453,0.9998516639228155,0.0007162591330264131,1.0,0.004090119903330385,0.0007162591330264131,0.24057143232740563,0.8815828974578823,0.5262395246248626,0.99997757850991,0.17590989538575064,0.8276635699423586,0.39370309919668,1.0,0.5262395246248626,0.39370309919668,0.016944129110388024,0.9976857438055933,0.12492142246089995,0.9999996088429295,0.0069010456940299175,0.9934973280004192,0.05295496287663773,1.0,0.12492142246089995,0.05295496287663773
gRNA_14682,controlsgRNA,-0.3364194811202099,-1.5191815447380692,1.3311361244498454,-0.17482163380281124,-0.3364194811202099,-0.9278005129291396,True,-0.29321292894902673,-0.436709222597797,-0.9109273239312807,2146.4723725870836,0.021154909973093224,-0.5115788116589981,-1.2726466947568162,-0.8742216961662272,-0.15458814472666846,-0.5583760874671233,-0.5115788116589981,-0.7032588368271775,True,-0.9449462563819753,-0.8798202637343402,-1.0336704601526847,-0.5577153733378796,-0.5577153733378796,-0.5577153733378796,-0.5577153733378796,True,-0.8972683427183799,-0.8972683427183799,-0.8972683427183799,0.0,0.0,0.0,0.0,True,,,,0.0,0.0,0.0,0.0,True,,,,-0.7496510850241046,-1.9133094111821576,-1.3314802481031311,-1.3314802481031311,-1.3314802481031311,True,-1.58778708928164,-1.58778708928164,-1.4329165900310432,,,,,non-targeting control,,0,0.0,0.0,0.0,0.0,0,0.0,0.0,0.0,0.0,0,0.0,0.0,0.0,0.0,0,0.0,0.0,0.0,0.0,0,0.0,0.0,0.0,0.0,0.8905109489051095,0.1134886511348865,0.9566631908237748,1.0,0.8905109489051095,0.11348865113488654,0.9566631908237748,1.0,0.9566631908237748,0.9566631908237748,0.8110991462313091,0.13419479224271333,0.9924918833377505,0.970331574678081,0.8645328704067057,0.1386675674512391,1.0,0.9087541774647758,0.970331574678081,0.9087541774647758,0.9633397951774103,0.03795821578468625,0.9999687187655443,0.99997757850991,0.9725748547984102,0.03081485831563795,1.0,0.7241491704174918,0.9999687187655443,0.7241491704174918,0.3687375323058032,0.33406028416765715,0.7677703432934565,0.9999996088429295,0.5338518015981509,0.47382302158176826,0.8469547569658428,1.0,0.7677703432934565,0.8469547569658428
gRNA_14683,controlsgRNA,-1.3365079421737553,-1.580106133212163,-2.1290070278615185,-1.681873701082479,-1.580106133212163,-1.681873701082479,True,-1.6824176091919578,-1.523322483297693,-1.5387000257808783,2097.909142652785,-0.1832020432625576,0.3584038466235684,0.6527200219087349,0.49357087764333474,-0.3823878645021623,0.1878209676821836,0.3584038466235684,,False,0.12698272791130508,0.3317118608981933,,-0.14481425486598304,-0.14481425486598304,-0.14481425486598304,-0.14481425486598304,True,-0.29069417650864493,-0.29069417650864493,-0.29069417650864493,0.0,0.0,0.0,0.0,True,,,,0.0,0.0,0.0,0.0,True,,,,-0.51114754751105,0.2646042039123634,-0.12327167179934329,-0.12327167179934329,,False,-0.20489355192924197,-0.20489355192924197,,,,,,non-targeting control,,0,0.0,0.0,0.0,0.0,0,0.0,0.0,0.0,0.0,0,0.0,0.0,0.0,0.0,0,0.0,0.0,0.0,0.0,0,0.0,0.0,0.0,0.0,0.28977102289771023,0.714928507149285,0.5115206789180237,1.0,0.28977102289771023,0.714928507149285,0.5115206789180237,1.0,0.5115206789180237,0.5115206789180237,0.027477611838155495,0.9831892115837061,0.07224882553249277,0.9999999999819025,0.014682548711595708,0.9859812029145534,0.03860586234657333,1.0,0.07224882553249277,0.03860586234657333,0.3473193779422494,0.6901769972857774,0.6656457966549912,0.99997757850991,0.32267604510631054,0.6820468565445261,0.6127585503028928,1.0,0.6656457966549912,0.6127585503028928,0.9979706909448894,0.013276378498829962,0.9999269884937744,0.45186386436710835,0.9949338420842628,0.005472955743941127,1.0,0.21658199187700827,0.45186386436710835,0.21658199187700827
gRNA_14684,controlsgRNA,-1.1947244646202146,-0.20834169614440468,-0.7385188252156997,-0.7138616619934397,-0.7385188252156997,-0.7138616619934397,True,-0.7901014879172678,-0.7880247880402289,-0.7328213090344986,8256.663338813134,-0.24696015531628962,0.19392587147624954,0.15763501645240777,-0.3733922021330275,-0.08819188301634276,-0.0713966705074005,-0.08819188301634276,,False,-0.24538928521579875,-0.2902144131847581,,-0.2863611157908311,-0.2863611157908311,-0.2863611157908311,-0.2863611157908311,True,-0.4986342021081127,-0.4986342021081127,-0.4986342021081127,0.0,0.0,0.0,0.0,True,,,,0.0,0.0,0.0,0.0,True,,,,-0.9040972720699469,0.2916530716299197,-0.3062221002200136,-0.3062221002200136,,False,-0.4142952811346336,-0.4142952811346336,,,,,,non-targeting control,,0,0.0,0.0,0.0,0.0,0,0.0,0.0,0.0,0.0,0,0.0,0.0,0.0,0.0,0,0.0,0.0,0.0,0.0,0,0.0,0.0,0.0,0.0,0.5465453454654534,0.456054394560544,0.7555185657904797,1.0,0.5465453454654534,0.4560543945605439,0.7555185657904797,1.0,0.7555185657904797,0.7555185657904797,0.23497395132839874,0.9460462563147878,0.4507663556095812,0.9999999999819025,0.1186003177824948,0.8829582805053222,0.2519419180012319,1.0,0.4507663556095812,0.2519419180012319,0.3936747084963963,0.47065281869839815,0.7086303426851255,0.99997757850991,0.4593831204278547,0.5465924633252291,0.7381540738498861,1.0,0.7086303426851255,0.7381540738498861,0.8971159193205239,0.24975615653428093,0.9999269884937744,0.9999996088429295,0.8387768961213677,0.1639737760792771,1.0,0.963345934465753,0.9999269884937744,0.963345934465753
gRNA_14685,controlsgRNA,0.17254447276437593,0.6666046829364457,1.592897962559527,0.8106823727534495,0.6666046829364457,0.8106823727534495,True,0.6152273353461393,0.4396364032341728,0.5363752925918195,5020.878351491707,-0.20594926439700065,0.3530840060010749,0.357468548613569,0.15140775024315822,-0.4667919623525256,0.037843815621655175,0.15140775024315822,,False,-0.08846285066079687,0.04345045930489167,,-0.12332062457220692,-0.12332062457220692,-0.12332062457220692,-0.12332062457220692,True,-0.2591188663653402,-0.2591188663653402,-0.2591188663653402,0.0,0.0,0.0,0.0,True,,,,0.0,0.0,0.0,0.0,True,,,,0.3120633544091752,-0.13499930530225682,0.0885320245534592,0.0885320245534592,,False,0.03753310239041244,0.03753310239041244,,,,,,non-targeting control,,0,0.0,0.0,0.0,0.0,0,0.0,0.0,0.0,0.0,0,0.0,0.0,0.0,0.0,0,0.0,0.0,0.0,0.0,0,0.0,0.0,0.0,0.0,0.2508749125087491,0.7546245375462454,0.46014130294287636,1.0,0.25087491250874905,0.7546245375462455,0.4601413029428763,1.0,0.46014130294287636,0.4601413029428763,0.09681277336191334,0.9579582924294598,0.22332271646674487,0.9999999999819025,0.05372703696929333,0.9472927474592189,0.12625853687783933,1.0,0.22332271646674487,0.12625853687783933,0.23585281872768712,0.8555014365203942,0.5216509402447668,0.99997757850991,0.1849530431344769,0.8186788888141738,0.40431595475908905,1.0,0.5216509402447668,0.40431595475908905,0.07458329235569403,0.9645813016420232,0.30481867310587996,0.9999996088429295,0.04704328708663887,0.9546163900479966,0.20567762726251415,1.0,0.30481867310587996,0.20567762726251415
gRNA_14686,controlsgRNA,0.18542894943544477,0.8429582236817008,-0.7966274903394751,0.07725322759255686,0.18542894943544477,0.5141935865585728,True,-0.06084963850602372,0.01923152723930743,0.28954571516913474,3861.3617016989792,-0.5916298509383343,-0.5322065425498309,-0.5338159905435584,-0.7226590496252843,-0.30662758496429027,-0.5373878037242596,-0.5338159905435584,-0.5373878037242596,True,-0.9147961110292234,-0.9107876127077433,-0.8279994963548066,-0.017857371289585578,-0.017857371289585578,-0.017857371289585578,-0.017857371289585578,True,-0.10418761996324008,-0.10418761996324008,-0.10418761996324008,0.0,0.0,0.0,0.0,True,,,,0.0,0.0,0.0,0.0,True,,,,0.0008277142430175942,0.1432270558832546,0.07202738506313609,0.07202738506313609,0.07202738506313609,True,0.018642192546580835,0.018642192546580835,-0.003026667073392297,,,,,non-targeting control,,0,0.0,0.0,0.0,0.0,0,0.0,0.0,0.0,0.0,0,0.0,0.0,0.0,0.0,0,0.0,0.0,0.0,0.0,0,0.0,0.0,0.0,0.0,0.14108589141085895,0.8634136586341365,0.30141076801410777,1.0,0.14108589141085898,0.8634136586341365,0.3014107680141078,1.0,0.30141076801410777,0.3014107680141078,0.9514271051930409,0.2792583020904245,0.9998382435532929,0.9999999999819025,0.8701973448757568,0.13148649251286948,1.0,0.9087541774647758,0.9998382435532929,0.9087541774647758,0.2809877348511355,0.8559139779225363,0.5805021335386096,0.99997757850991,0.2091643250816339,0.7942205779594389,0.4519872771878986,1.0,0.5805021335386096,0.4519872771878986,0.36959157483009475,0.6910712101303589,0.7677703432934565,0.9999996088429295,0.3289743512959903,0.6747152866411172,0.664268883558094,1.0,0.7677703432934565,0.664268883558094
gRNA_14687,controlsgRNA,-0.45005281287655985,-0.44506727024594667,0.08009230684589244,-0.27167592542553803,-0.44506727024594667,-0.4475600415612533,True,-0.38249347747498347,-0.5316351657291886,-0.511122818235427,5917.0178113916045,-0.4761155313454782,-0.4488287032175967,0.33525337647992837,-0.27247361131979286,-0.5425586336442496,-0.2809446206094378,-0.4488287032175967,-0.4349941198817794,True,-0.546409665507532,-0.7924348756726846,-0.7010369565505756,-0.11726325160098038,-0.11726325160098038,-0.11726325160098038,-0.11726325160098038,True,-0.250220256516471,-0.250220256516471,-0.250220256516471,0.0,0.0,0.0,0.0,True,,,,0.0,0.0,0.0,0.0,True,,,,-0.5196041732584941,-0.24843896705986054,-0.3840215701591773,-0.3840215701591773,-0.3840215701591773,True,-0.5033431378527603,-0.5033431378527603,-0.46764815543440325,,,,,non-targeting control,,0,0.0,0.0,0.0,0.0,0,0.0,0.0,0.0,0.0,0,0.0,0.0,0.0,0.0,0,0.0,0.0,0.0,0.0,0,0.0,0.0,0.0,0.0,0.24547545245475447,0.7608239176082392,0.45244495158327297,1.0,0.2454754524547545,0.7608239176082392,0.452444951583273,1.0,0.45244495158327297,0.452444951583273,0.5403724764818494,0.6469383732023682,0.8127202046287015,0.9999999999819025,0.4569427236328059,0.5462497884031067,0.6817875558965675,1.0,0.8127202046287015,0.6817875558965675,0.6433622378777828,0.536435549181991,0.8954560738124527,0.99997757850991,0.556927018209182,0.4475822115857163,0.8116455769250094,1.0,0.8954560738124527,0.8116455769250094,0.7013372545751753,0.5676203640899302,0.9518438013530711,0.9999996088429295,0.573169721709224,0.43015570257193386,0.8669857217347431,1.0,0.9518438013530711,0.8669857217347431
gRNA_14688,controlsgRNA,0.27352968941061423,0.09354078513231238,-0.9558167772035332,-0.1962487675535355,0.09354078513231238,0.18353523727146331,True,-0.31296451891527677,-0.061051474644813614,0.014269669578071947,2649.3060746967158,-0.3902672876026957,-0.2641320138838633,-0.2638814201243472,-0.4234470941563442,-0.31177426841444644,-0.33070041683633933,-0.31177426841444644,-0.33070041683633933,True,-0.6178849946369591,-0.6015737717109539,-0.57171849737093,-0.2827617164726082,-0.2827617164726082,-0.2827617164726082,-0.2827617164726082,True,-0.4933464890392135,-0.4933464890392135,-0.4933464890392135,0.0,0.0,0.0,0.0,True,,,,0.0,0.0,0.0,0.0,True,,,,-0.40501675392096076,0.21957393228459637,-0.09272141081818219,-0.09272141081818219,,False,-0.16992627946994257,-0.16992627946994257,,,,,,non-targeting control,,0,0.0,0.0,0.0,0.0,0,0.0,0.0,0.0,0.0,0,0.0,0.0,0.0,0.0,0,0.0,0.0,0.0,0.0,0,0.0,0.0,0.0,0.0,0.5202479752024796,0.4843515648435157,0.7353881153238057,1.0,0.5202479752024798,0.48435156484351566,0.735388115323806,1.0,0.7353881153238057,0.735388115323806,0.7239627459100206,0.7234722445800774,0.9618727648839851,0.9999999999819025,0.5013535224894808,0.5008686217865967,0.7222564155404015,1.0,0.9618727648839851,0.7222564155404015,0.35197448914048524,0.7349379109312633,0.6656457966549912,0.99997757850991,0.30411850921884864,0.6999653568238655,0.5894255642592118,1.0,0.6656457966549912,0.5894255642592118,0.5990742613945856,0.5416541254782374,0.9213348530185991,0.9999996088429295,0.5282720910666702,0.47540445761671185,0.8428663725060127,1.0,0.9213348530185991,0.8428663725060127
gRNA_14689,controlsgRNA,0.2834734487561708,-1.390256911016488,0.027662882700756303,-0.35970685985318696,0.027662882700756303,0.15556816572846355,True,-0.46364063142421347,-0.11860922220832941,-0.009013168667862058,1522.9935680480069,-1.2101560166640901,-0.5881380137085435,-0.29967220002860767,-0.8229777879106246,-1.8033538337194133,-0.9448595704062559,-0.8229777879106246,-0.9448595704062559,True,-1.500138540315848,-1.3134724287686383,-1.3332420899902595,-0.4286726080964535,-0.4286726080964535,-0.4286726080964535,-0.4286726080964535,True,-0.7076975127303178,-0.7076975127303178,-0.7076975127303178,0.0,0.0,0.0,0.0,True,,,,0.0,0.0,0.0,0.0,True,,,,0.3620319210469364,1.319506931299166,0.8407694261730512,0.8407694261730512,0.8407694261730512,True,0.8985303355311689,0.8985303355311689,0.7801657231647479,,,,,non-targeting control,,0,0.0,0.0,0.0,0.0,0,0.0,0.0,0.0,0.0,0,0.0,0.0,0.0,0.0,0,0.0,0.0,0.0,0.0,0,0.0,0.0,0.0,0.0,0.7430256974302569,0.26127387261273866,0.8841065260562551,1.0,0.7430256974302569,0.2612738726127387,0.8841065260562551,1.0,0.8841065260562551,0.8841065260562551,0.9910779840446252,0.00565138025517133,0.9998382435532929,0.30355985370634575,0.9967710680238908,0.003838864687530844,1.0,0.18042664031394967,0.30355985370634575,0.18042664031394967,0.01939338666533062,0.9871689119897434,0.09348606905338863,0.99997757850991,0.013520701049046475,0.9876305780632474,0.06869977830326317,1.0,0.09348606905338863,0.06869977830326317,0.633814449504277,0.40083999509657237,0.9213348530185991,0.9999996088429295,0.6191218340502294,0.38525533471542805,0.8801936260378493,1.0,0.9213348530185991,0.8801936260378493
gRNA_14690,controlsgRNA,-0.5246323730004846,0.28850454615464327,-0.015022406091008945,-0.08371674431228343,-0.015022406091008945,-0.26982738954574675,True,-0.20923219489136954,-0.15590350430094405,-0.3631587891258545,3357.422283805537,-0.6823408250203443,-0.5070362481776945,-0.4850517568440697,-0.8863390725120246,-0.2905987087035639,-0.5702733222515394,-0.5070362481776945,-0.5702733222515394,True,-0.9620369038327429,-0.8734943197245525,-0.8687757317466849,-0.22256208086062484,-0.22256208086062484,-0.22256208086062484,-0.22256208086062484,True,-0.40490995509954086,-0.40490995509954086,-0.40490995509954086,0.0,0.0,0.0,0.0,True,,,,0.0,0.0,0.0,0.0,True,,,,-0.4459265237564076,-1.5645098898583891,-1.0052182068073985,-1.0052182068073985,-1.0052182068073985,True,-1.2143534974000463,-1.2143534974000463,-1.100521671707792,,,,,non-targeting control,,0,0.0,0.0,0.0,0.0,0,0.0,0.0,0.0,0.0,0,0.0,0.0,0.0,0.0,0,0.0,0.0,0.0,0.0,0,0.0,0.0,0.0,0.0,0.4028597140285971,0.6022397760223976,0.625930795350217,1.0,0.40285971402859716,0.6022397760223978,0.6259307953502171,1.0,0.625930795350217,0.6259307953502171,0.9530843767189913,0.21076363507502155,0.9998382435532929,0.9999999999819025,0.896944635619296,0.10456305911245684,1.0,0.8690100948559968,0.9998382435532929,0.8690100948559968,0.8760927137149387,0.08455773923913255,0.977480297794709,0.99997757850991,0.9184968103479325,0.08585952668460278,0.9776426727155132,1.0,0.977480297794709,0.9776426727155132,0.5652213671927249,0.6795176169948167,0.9145980858945977,0.9999996088429295,0.4404213380189408,0.5623812133176916,0.7738244069865502,1.0,0.9145980858945977,0.7738244069865502
gRNA_14691,controlsgRNA,-1.3493837320024906,-0.8356230376761246,-1.8952549361387718,-1.3600872352724622,-1.3493837320024906,-1.3600872352724622,True,-1.385793972857334,-1.321739536119439,-1.2708099028673592,3350.1669881583994,0.040433037737441106,-0.12099337689039313,-0.40407541321159524,0.2730884470326633,-0.14806283557779115,-0.07192202818193502,-0.12099337689039313,,False,-0.24614397342391797,-0.3358935576895465,,-0.7823182248015592,-0.7823182248015592,-0.7823182248015592,-0.7823182248015592,True,-1.2272221288914809,-1.2272221288914809,-1.2272221288914809,0.0,0.0,0.0,0.0,True,,,,0.0,0.0,0.0,0.0,True,,,,-0.230600838252647,-0.997241360305214,-0.6139210992789306,-0.6139210992789306,-0.6139210992789306,True,-0.7664819528681966,-0.7664819528681966,-0.7018691972105978,,,,,non-targeting control,,0,0.0,0.0,0.0,0.0,0,0.0,0.0,0.0,0.0,0,0.0,0.0,0.0,0.0,0,0.0,0.0,0.0,0.0,0,0.0,0.0,0.0,0.0,0.9686031396860314,0.036996300369963,0.9923563501960431,1.0,0.9686031396860314,0.03699630036996301,0.9923563501960431,1.0,0.9923563501960431,0.9923563501960431,0.23894635137354525,0.9428323163578806,0.4537567076588537,0.9999999999819025,0.12269879520342547,0.8788992998917052,0.2563041499804887,1.0,0.4537567076588537,0.2563041499804887,0.7465112418760248,0.2974682416823533,0.9514855150691028,0.99997757850991,0.735729745467504,0.26826385452517093,0.926023489889234,1.0,0.9514855150691028,0.926023489889234,0.9891371186313619,0.03979497652576983,0.9999269884937744,0.7687839397372741,0.9805369229831101,0.020204282738819364,1.0,0.4444142313867777,0.7687839397372741,0.4444142313867777
gRNA_14692,controlsgRNA,-0.8862922779474742,-2.7486237826088207,-1.1937714293169444,-1.609562496624413,-1.1937714293169444,-1.609562496624413,True,-1.6157609449345132,-1.1857805376516652,-1.4785002986061102,4982.139659358317,0.6662942280818928,0.23905820520314058,0.4344791534994228,0.267031939420164,-0.2964674864826322,0.26207920794439754,0.267031939420164,0.401715881551155,True,0.23365637331151945,0.20446794423852083,0.33643745471242587,-0.33705771343091284,-0.33705771343091284,-0.33705771343091284,-0.33705771343091284,True,-0.5731102571912525,-0.5731102571912525,-0.5731102571912525,0.0,0.0,0.0,0.0,True,,,,0.0,0.0,0.0,0.0,True,,,,0.10166140184506547,-1.0159468838660737,-0.4571427410105041,-0.4571427410105041,,False,-0.5870362986175085,-0.5870362986175085,,,,,,non-targeting control,,0,0.0,0.0,0.0,0.0,0,0.0,0.0,0.0,0.0,0,0.0,0.0,0.0,0.0,0,0.0,0.0,0.0,0.0,0,0.0,0.0,0.0,0.0,0.5951404859514051,0.4090590940905908,0.79071668804851,1.0,0.5951404859514049,0.40905909409059094,0.7907166880485097,1.0,0.79071668804851,0.7907166880485097,0.016854197906219483,0.9962477025976636,0.04764795799051522,0.9999999999819025,0.0059487021512768384,0.9942685685678141,0.016817383525414217,1.0,0.04764795799051522,0.016817383525414217,0.5689679182167071,0.35138586710850445,0.8521081685205955,0.99997757850991,0.6227456657329266,0.38467968463831415,0.8529731902283183,1.0,0.8521081685205955,0.8529731902283183,0.9906503371494961,0.020263709699636416,0.9999269884937744,0.5442253462188066,0.9896341663285381,0.011685791790744774,1.0,0.3379890548707719,0.5442253462188066,0.3379890548707719
gRNA_14693,controlsgRNA,-0.8532221342759579,-3.36058624706396,-0.10584995383454343,-1.4398861117248203,-0.8532221342759579,-1.4398861117248203,True,-1.4593527934532593,-0.8882414595477879,-1.3372431842279373,2766.589907144645,-0.36226889167166504,-0.49414011666480157,-0.8132754165442235,-0.6370645796831504,-1.4426184834014193,-0.749873497593052,-0.6370645796831504,-0.749873497593052,True,-1.2200366268337959,-1.054570918472182,-1.0914700772858337,-0.7077183745215244,-0.7077183745215244,-0.7077183745215244,-0.7077183745215244,True,-1.1176308975805804,-1.1176308975805804,-1.1176308975805804,0.0,0.0,0.0,0.0,True,,,,0.0,0.0,0.0,0.0,True,,,,-0.9061080163854829,-2.10046207094207,-1.5032850436637764,-1.5032850436637764,-1.5032850436637764,True,-1.7844317300553434,-1.7844317300553434,-1.6079508684936124,,,,,non-targeting control,,0,0.0,0.0,0.0,0.0,0,0.0,0.0,0.0,0.0,0,0.0,0.0,0.0,0.0,0,0.0,0.0,0.0,0.0,0,0.0,0.0,0.0,0.0,0.9388061193880612,0.06629337066293371,0.9778146839055707,1.0,0.9388061193880612,0.06629337066293371,0.9778146839055707,1.0,0.9778146839055707,0.9778146839055707,0.9828760617997945,0.04666490877047477,0.9998382435532929,0.6498520628777227,0.9764402752318526,0.024714316723690337,1.0,0.44250395657655084,0.6498520628777227,0.44250395657655084,0.9756647490029001,0.028294862985589565,0.9999687187655443,0.9881219306548372,0.9804518842728172,0.021702138223938246,1.0,0.7241491704174918,0.9881219306548372,0.7241491704174918,0.9108715867946551,0.04131050366699721,0.9999269884937744,0.7687839397372741,0.959060512862242,0.04669196499828071,1.0,0.5320054193743499,0.7687839397372741,0.5320054193743499
gRNA_14694,controlsgRNA,-0.7294946300549466,-0.8185703452743932,-0.8651867015705541,-0.8044172256332981,-0.8185703452743932,-0.8044172256332981,True,-0.8735758519169177,-0.8579660735631105,-0.8082096290899082,10447.234940638993,-0.4254055655751074,-0.18418868876231306,0.1389320439220816,-0.19107657320224533,-0.7483510040463782,-0.28201795753279246,-0.19107657320224533,-0.387255457896511,True,-0.5479515383280108,-0.4334909556610811,-0.6418436396871108,-0.28297596808296005,-0.28297596808296005,-0.28297596808296005,-0.28297596808296005,True,-0.49366123629005465,-0.49366123629005465,-0.49366123629005465,0.0,0.0,0.0,0.0,True,,,,0.0,0.0,0.0,0.0,True,,,,-0.6849181450752783,0.03486048439423083,-0.3250288303405237,-0.3250288303405237,,False,-0.4358211219972668,-0.4358211219972668,,,,,,non-targeting control,,0,0.0,0.0,0.0,0.0,0,0.0,0.0,0.0,0.0,0,0.0,0.0,0.0,0.0,0,0.0,0.0,0.0,0.0,0,0.0,0.0,0.0,0.0,0.5255474452554746,0.47985201479852024,0.7400967768391702,1.0,0.5255474452554745,0.47985201479852013,0.7400967768391701,1.0,0.7400967768391702,0.7400967768391701,0.5448904401054119,0.6775864338303113,0.8162502210344019,0.9999999999819025,0.42696549556667585,0.5765662598079071,0.6499555721986644,1.0,0.8162502210344019,0.6499555721986644,0.5580877367115958,0.5244408295819382,0.8427348955966266,0.99997757850991,0.5199754932225518,0.4851132918161878,0.7856237463318646,1.0,0.8427348955966266,0.7856237463318646,0.9417537970860658,0.2204632086826548,0.9999269884937744,0.9999996088429295,0.8771732081864079,0.12504330677789777,1.0,0.9279296522208274,0.9999269884937744,0.9279296522208274
gRNA_14695,controlsgRNA,0.5231569141703888,-0.48673672032294596,0.22005000460355567,0.08549006615033283,0.22005000460355567,0.37160345938697226,True,-0.05325689839882716,0.049480060969096566,0.17083815362486873,2073.7825237450083,-0.35378053386553787,-0.10580182170669702,-0.27155738761716525,-0.31989003318066156,-0.3996974064934293,-0.2901454365726982,-0.31989003318066156,-0.2901454365726982,True,-0.5596268462000954,-0.6128757323151351,-0.5214325509847899,-0.5550139732908066,-0.5550139732908066,-0.5550139732908066,-0.5550139732908066,True,-0.8932998393459102,-0.8932998393459102,-0.8932998393459102,0.0,0.0,0.0,0.0,True,,,,0.0,0.0,0.0,0.0,True,,,,-0.16789253583769342,-0.7711274302527129,-0.4695099830452032,-0.4695099830452032,-0.4695099830452032,True,-0.601191618667445,-0.601191618667445,-0.5547435279330937,,,,,non-targeting control,,0,0.0,0.0,0.0,0.0,0,0.0,0.0,0.0,0.0,0,0.0,0.0,0.0,0.0,0,0.0,0.0,0.0,0.0,0,0.0,0.0,0.0,0.0,0.8814118588141187,0.12348765123487651,0.9523300543508869,1.0,0.8814118588141184,0.12348765123487654,0.9523300543508867,1.0,0.9523300543508869,0.9523300543508867,0.6536279521254538,0.7731546385871174,0.9068786346832864,0.9999999999819025,0.4319012408403751,0.5705855689655492,0.6548180103063752,1.0,0.9068786346832864,0.6548180103063752,0.6734946040984042,0.42017004464388585,0.9044070397892857,0.99997757850991,0.6336428301286761,0.3714790949834353,0.8570133242028136,1.0,0.9044070397892857,0.8570133242028136,0.43878647241228863,0.7552606914415729,0.8160198047161652,0.9999996088429295,0.3339011143417015,0.6698002811352931,0.664268883558094,1.0,0.8160198047161652,0.664268883558094
gRNA_14696,controlsgRNA,-0.3850729213421398,-0.8601774690201629,-0.9182904749333194,-0.721180288431874,-0.8601774690201629,-0.721180288431874,True,-0.7968478176041874,-0.8943183591856085,-0.7389141312767735,4672.95796623933,-0.3383119667267618,-0.020960857507099345,-0.032175880278694696,-0.13236558714200314,0.1129460618431179,-0.08217364596228821,-0.032175880278694696,-0.13095357291363974,True,-0.26087065474599597,-0.2122068964094958,-0.3240433901707731,-0.31899224677224153,-0.31899224677224153,-0.31899224677224153,-0.31899224677224153,True,-0.5465711055991525,-0.5465711055991525,-0.5465711055991525,0.0,0.0,0.0,0.0,True,,,,0.0,0.0,0.0,0.0,True,,,,0.7780192317467646,0.3649524292005078,0.5714858304736362,0.5714858304736362,0.5714858304736362,True,0.590313235014491,0.590313235014491,0.5058202968846324,,,,,non-targeting control,,0,0.0,0.0,0.0,0.0,0,0.0,0.0,0.0,0.0,0,0.0,0.0,0.0,0.0,0,0.0,0.0,0.0,0.0,0,0.0,0.0,0.0,0.0,0.581141885811419,0.4241575842415757,0.783187631057683,1.0,0.5811418858114189,0.42415758424157585,0.7831876310576829,1.0,0.783187631057683,0.7831876310576829,0.2641951136596064,0.9533481711347183,0.4884667616611494,0.9999999999819025,0.12400655866670379,0.8773239174908829,0.2576047848545891,1.0,0.4884667616611494,0.2576047848545891,0.04223857900663698,0.9830665753394617,0.15381898310848185,0.99997757850991,0.02722009626580662,0.9744213394837355,0.10888038506322648,1.0,0.15381898310848185,0.10888038506322648,0.9189105755291723,0.24573239620160214,0.9999269884937744,0.9999996088429295,0.8521668241147105,0.149688763984765,1.0,0.9425764836025436,0.9999269884937744,0.9425764836025436
gRNA_14697,controlsgRNA,0.3005017331489929,-1.7751733022487524,1.0233486242130052,-0.15044098162891806,0.3005017331489929,0.6619251786809991,True,-0.2707387776952585,0.11977101000891709,0.41253359246305515,1769.49695513547,0.4515656482782315,-0.26910398335019114,-0.7950674579721276,-0.5914483695097443,0.3049018272804804,-0.17983046705467026,-0.26910398335019114,,False,-0.4011568919007674,-0.5421514135404738,,0.328981289037849,0.328981289037849,0.328981289037849,0.328981289037849,True,0.4053372076178083,0.4053372076178083,0.4053372076178083,0.0,0.0,0.0,0.0,True,,,,0.0,0.0,0.0,0.0,True,,,,0.06655750865463526,0.8310135578798289,0.4487855332672321,0.4487855332672321,0.4487855332672321,True,0.44987270896140447,0.44987270896140447,0.3808135535129976,,,,,non-targeting control,,0,0.0,0.0,0.0,0.0,0,0.0,0.0,0.0,0.0,0,0.0,0.0,0.0,0.0,0,0.0,0.0,0.0,0.0,0,0.0,0.0,0.0,0.0,0.014598540145985401,0.9911008899110089,0.04222346996069623,1.0,0.014598540145985406,0.9911008899110089,0.04222346996069625,1.0,0.04222346996069623,0.04222346996069625,0.24669500678347608,0.6468406433726074,0.46611719874666835,0.9999999999819025,0.2803668513334928,0.7231931822457234,0.4770042357529109,1.0,0.46611719874666835,0.4770042357529109,0.06514333235624667,0.9435347863471653,0.20934951252947645,0.99997757850991,0.05303836466044895,0.94933256282306,0.1655808772215996,1.0,0.20934951252947645,0.1655808772215996,0.34673797011259705,0.36009322734906996,0.7365733150414491,0.9999996088429295,0.47482625622174546,0.5325840192613588,0.8042102357629562,1.0,0.7365733150414491,0.8042102357629562
gRNA_14698,controlsgRNA,-1.231575048810678,0.90739005699583,1.2827946620375612,0.31953655674090437,0.90739005699583,1.0950923595166957,True,0.1624877909732875,0.6500114040395742,0.773149161001877,3346.5806347623293,-0.5692665350635365,-0.2801320258640567,-0.19894106350630653,-0.45155600188274037,-0.3261723210505568,-0.36521358947343946,-0.3261723210505568,-0.36521358947343946,True,-0.6674639494644115,-0.6216244050594778,-0.614512934393521,-0.31576033659317204,-0.31576033659317204,-0.31576033659317204,-0.31576033659317204,True,-0.5418232540326828,-0.5418232540326828,-0.5418232540326828,0.0,0.0,0.0,0.0,True,,,,0.0,0.0,0.0,0.0,True,,,,0.7957828799024261,1.4033526107420526,1.0995677453222394,1.0995677453222394,1.0995677453222394,True,1.1947461794245737,1.1947461794245737,1.0438287769915195,,,,,non-targeting control,,0,0.0,0.0,0.0,0.0,0,0.0,0.0,0.0,0.0,0,0.0,0.0,0.0,0.0,0,0.0,0.0,0.0,0.0,0,0.0,0.0,0.0,0.0,0.5706429357064293,0.4346565343465655,0.7745911329444672,1.0,0.5706429357064293,0.43465653434656537,0.7745911329444672,1.0,0.7745911329444672,0.7745911329444672,0.7752008817252181,0.6217245644937501,0.9924918833377505,0.9999999999819025,0.5889389807508382,0.4133474014744717,0.8093747499973342,1.0,0.9924918833377505,0.8093747499973342,0.005545656347119088,0.9985551154732657,0.044365250776952705,0.99997757850991,0.0030911818312975804,0.9975200443300422,0.02483347178349851,1.0,0.044365250776952705,0.02483347178349851,0.14450544830498913,0.6463368613416853,0.4848446377771419,0.9999996088429295,0.19060349594090797,0.8140869113080784,0.5046965808012774,1.0,0.4848446377771419,0.5046965808012774
gRNA_14699,controlsgRNA,-0.47264985971686385,-0.7694211205083731,-0.9151229935300899,-0.7190646579184423,-0.7694211205083731,-0.7190646579184423,True,-0.7948976236628267,-0.8150242286104089,-0.7371528498727961,2844.1329368622846,-0.3939503274922884,-0.40703158893336516,0.2085938018164043,-0.12910599770970455,-0.8742618840734745,-0.3191511992784856,-0.3939503274922884,-0.45108744955220814,True,-0.6012942818208986,-0.716011610788167,-0.7209918007576431,-0.8206289127731708,-0.8206289127731708,-0.8206289127731708,-0.8206289127731708,True,-1.2835026100374367,-1.2835026100374367,-1.2835026100374367,0.0,0.0,0.0,0.0,True,,,,0.0,0.0,0.0,0.0,True,,,,-0.9127604313905793,-0.5204526916158828,-0.7166065615032311,-0.7166065615032311,-0.7166065615032311,True,-0.8840138632312665,-0.8840138632312665,-0.8064848788065252,,,,,non-targeting control,,0,0.0,0.0,0.0,0.0,0,0.0,0.0,0.0,0.0,0,0.0,0.0,0.0,0.0,0,0.0,0.0,0.0,0.0,0,0.0,0.0,0.0,0.0,0.9769023097690231,0.026997300269973,0.9932095739213141,1.0,0.9769023097690231,0.026997300269972997,0.9932095739213141,1.0,0.9932095739213141,0.9932095739213141,0.5745674305713895,0.547434895184806,0.8472053093915389,0.9999999999819025,0.5137984467005481,0.48934116168253183,0.7373596028984966,1.0,0.8472053093915389,0.7373596028984966,0.8448649948705909,0.27131787990703127,0.9686332769618934,0.99997757850991,0.794233947019089,0.20904784000928023,0.9494205949260285,1.0,0.9686332769618934,0.9494205949260285,0.9215945417745376,0.25111410532604983,0.9999269884937744,0.9999996088429295,0.8508140800369937,0.1506068782922596,1.0,0.9425764836025436,0.9999269884937744,0.9425764836025436
gRNA_14700,controlsgRNA,-0.4829082270769638,-1.3067243199262615,0.8591574285301897,-0.31015837282434516,-0.4829082270769638,-0.8948162735016126,True,-0.41796670178774675,-0.5646969385004825,-0.8834676483597604,1835.346584629372,-0.5500512459968875,-0.8760229227133396,-0.5956554784334454,-0.5389729274008824,-0.8989884690632619,-0.6919382087215634,-0.5956554784334454,-0.6919382087215634,True,-1.1368112711101306,-0.9969048765820867,-1.0196335035501756,-0.09819107822167955,-0.09819107822167955,-0.09819107822167955,-0.09819107822167955,True,-0.22220219808114536,-0.22220219808114536,-0.22220219808114536,0.0,0.0,0.0,0.0,True,,,,0.0,0.0,0.0,0.0,True,,,,-0.8455516981748528,-1.4194722123926977,-1.1325119552837752,-1.1325119552837752,-1.1325119552837752,True,-1.3600516041390949,-1.3600516041390949,-1.2302082112752717,,,,,non-targeting control,,0,0.0,0.0,0.0,0.0,0,0.0,0.0,0.0,0.0,0,0.0,0.0,0.0,0.0,0,0.0,0.0,0.0,0.0,0,0.0,0.0,0.0,0.0,0.2174782521747825,0.7876212378762124,0.42150424132844444,1.0,0.2174782521747825,0.7876212378762124,0.42150424132844444,1.0,0.42150424132844444,0.42150424132844444,0.9920994726093065,0.08342940513219112,0.9998382435532929,0.8593314519173276,0.9717449170445845,0.02893982516717201,1.0,0.4607242799480304,0.8593314519173276,0.4607242799480304,0.9649473301927372,0.0627570803821672,0.9999687187655443,0.99997757850991,0.9572443849245877,0.04470556562749713,1.0,0.8846996145231012,0.9999687187655443,0.8846996145231012,0.5256966109239185,0.38761468842223107,0.8824193111937204,0.9999996088429295,0.5860326415343732,0.4185464596636086,0.8669857217347431,1.0,0.8824193111937204,0.8669857217347431
gRNA_14701,controlsgRNA,-0.7225658259999094,0.6098915204840945,-0.7382910476498502,-0.2836551177218884,-0.7225658259999094,-0.7304284368248798,True,-0.3935359294014515,-0.774086598330904,-0.7466132978762399,2045.582695380663,-0.9646504475288751,-1.181282938285941,-1.4451567832149539,-0.4266333554078171,-0.10393070401028053,-0.8243308456895735,-0.9646504475288751,-0.8243308456895735,True,-1.32699629515131,-1.5107648422156803,-1.1837930963107648,-0.5843818662409973,-0.5843818662409973,-0.5843818662409973,-0.5843818662409973,True,-0.9364428689543688,-0.9364428689543688,-0.9364428689543688,0.0,0.0,0.0,0.0,True,,,,0.0,0.0,0.0,0.0,True,,,,-2.113285194536509,-0.781222571779572,-1.4472538831580404,-1.4472538831580404,-1.4472538831580404,True,-1.7202994839569226,-1.7202994839569226,-1.5508664680347206,,,,,non-targeting control,,0,0.0,0.0,0.0,0.0,0,0.0,0.0,0.0,0.0,0,0.0,0.0,0.0,0.0,0,0.0,0.0,0.0,0.0,0,0.0,0.0,0.0,0.0,0.905009499050095,0.09989001099890012,0.9612530272396489,1.0,0.905009499050095,0.09989001099890016,0.9612530272396489,1.0,0.9612530272396489,0.9612530272396489,0.9610511878192172,0.014590459700013804,0.9998382435532929,0.477495637214246,0.9880441396763922,0.012842015158246525,1.0,0.3017873562187934,0.477495637214246,0.3017873562187934,0.9680869805405721,0.028907822439370238,0.9999687187655443,0.9881219306548372,0.978096292221627,0.023881312890481052,1.0,0.7241491704174918,0.9881219306548372,0.7241491704174918,0.62137594858653,0.4776673423108678,0.9213348530185991,0.9999996088429295,0.5836693831158912,0.4203777277328725,0.8669857217347431,1.0,0.9213348530185991,0.8669857217347431
gRNA_14702,controlsgRNA,0.7307741639747556,-0.3590101161730061,1.2787382630198298,0.5501674369405264,0.7307741639747556,1.0047562134972927,True,0.375083961429557,0.4957014972119625,0.697943508086197,2528.2651944713552,-1.1556023382736218,0.054722850439581215,0.06144146964125384,-0.1579328301103445,-1.6387358851414728,-0.5672213466889209,-0.1579328301103445,,False,-0.9576526717557736,-0.38733519714783105,,-0.5583746913129354,-0.5583746913129354,-0.5583746913129354,-0.5583746913129354,True,-0.8982369166289245,-0.8982369166289245,-0.8982369166289245,0.0,0.0,0.0,0.0,True,,,,0.0,0.0,0.0,0.0,True,,,,-0.600526184345781,-0.514259384401103,-0.557392784373442,-0.557392784373442,-0.557392784373442,True,-0.7017806728960159,-0.7017806728960159,-0.6442782971434661,,,,,non-targeting control,,0,0.0,0.0,0.0,0.0,0,0.0,0.0,0.0,0.0,0,0.0,0.0,0.0,0.0,0,0.0,0.0,0.0,0.0,0,0.0,0.0,0.0,0.0,0.8949105089491051,0.10958904109589042,0.9586505736890699,1.0,0.8949105089491051,0.10958904109589035,0.9586505736890699,1.0,0.9586505736890699,0.9586505736890699,0.5938001346660868,0.05608509052274257,0.8687503915737302,0.712713661473324,0.8434899873641728,0.16551867223557604,1.0,0.9662396566169507,0.712713661473324,0.9662396566169507,0.7712431555715542,0.40111247040369946,0.9590316395902225,0.99997757850991,0.6903506945294864,0.3129136287944233,0.9075939200807234,1.0,0.9590316395902225,0.9075939200807234,0.14141175678012285,0.8898144345108012,0.479016401345281,0.9999996088429295,0.10978625252570967,0.8927410560809985,0.3722230982385011,1.0,0.479016401345281,0.3722230982385011
gRNA_14703,controlsgRNA,-0.8284975484556355,-4.0930233868201675,-1.2826711357515321,-2.0680640236757784,-1.2826711357515321,-2.0680640236757784,True,-2.038408895265805,-1.2634525137251116,-1.860206937910028,2510.6060786509643,-1.509227670327466,-0.1938860923497306,-0.38239252265106033,-0.7666901192019026,-0.7689290635630385,-0.7242250936186396,-0.7666901192019026,-0.7242250936186396,True,-1.183192113134215,-1.2350865917498721,-1.0596674661450345,0.10405034531324389,0.10405034531324389,0.10405034531324389,0.10405034531324389,True,0.07490143609589717,0.07490143609589717,0.07490143609589717,0.0,0.0,0.0,0.0,True,,,,0.0,0.0,0.0,0.0,True,,,,-0.5237771403934586,-0.7278099926613494,-0.6257935665274039,-0.6257935665274039,-0.6257935665274039,True,-0.7800709627066881,-0.7800709627066881,-0.7139648359360807,,,,,non-targeting control,,0,0.0,0.0,0.0,0.0,0,0.0,0.0,0.0,0.0,0,0.0,0.0,0.0,0.0,0,0.0,0.0,0.0,0.0,0,0.0,0.0,0.0,0.0,0.07289271072892711,0.9312068793120688,0.17682360796178448,1.0,0.07289271072892713,0.9312068793120688,0.1768236079617845,1.0,0.17682360796178448,0.1768236079617845,0.9535662960468908,0.04277678038729577,0.9998382435532929,0.6433617008011042,0.9677133447967823,0.034753894531258926,1.0,0.5025947824520521,0.6433617008011042,0.5025947824520521,0.8140969071832067,0.33686582069092535,0.9644497224512195,0.99997757850991,0.7455687230667497,0.2588786607739735,0.929682409138475,1.0,0.9644497224512195,0.929682409138475,0.990432195167791,0.0076275840875488134,0.9999269884937744,0.35849645211479425,0.9953136752233593,0.005760159358431071,1.0,0.21658199187700827,0.35849645211479425,0.21658199187700827
gRNA_14704,controlsgRNA,-0.27234611553867344,-1.9646796229655026,1.209818734081353,-0.3424023348076077,-0.27234611553867344,-1.118512869252088,True,-0.44768927333604014,-0.3807281050217099,-1.069697073454075,2741.1461005185447,-0.21512524500972618,-0.3174113289749717,-0.9981990981464485,-0.8025076709768572,-0.2985634324873433,-0.5263613551190693,-0.3174113289749717,-0.5263613551190693,True,-0.8989563676636338,-0.6094239051504613,-0.8143273061629837,-0.1407701938524682,-0.1407701938524682,-0.1407701938524682,-0.1407701938524682,True,-0.28475323126138463,-0.28475323126138463,-0.28475323126138463,0.0,0.0,0.0,0.0,True,,,,0.0,0.0,0.0,0.0,True,,,,-0.1926635614056223,-0.5619378547869879,-0.3773007080963051,-0.3773007080963051,-0.3773007080963051,True,-0.4956505615091821,-0.4956505615091821,-0.46080095866098114,,,,,non-targeting control,,0,0.0,0.0,0.0,0.0,0,0.0,0.0,0.0,0.0,0,0.0,0.0,0.0,0.0,0,0.0,0.0,0.0,0.0,0,0.0,0.0,0.0,0.0,0.28517148285171484,0.7197280271972802,0.5057758375105886,1.0,0.28517148285171484,0.7197280271972802,0.5057758375105886,1.0,0.5057758375105886,0.5057758375105886,0.8767804810971936,0.24597536977852175,0.9998382435532929,0.9999999999819025,0.8319793208980326,0.17040294139039303,1.0,0.9662396566169507,0.9998382435532929,0.9662396566169507,0.633689215875634,0.526542030535411,0.8923863114952748,0.99997757850991,0.5559495055312162,0.4462368187611466,0.8116455769250094,1.0,0.8923863114952748,0.8116455769250094,0.4099099973291042,0.2210837837507069,0.8137291861627297,0.9999996088429295,0.6271500198976148,0.38159252240664276,0.8823598104956555,1.0,0.8137291861627297,0.8823598104956555
gRNA_14705,controlsgRNA,-0.6318124592638371,0.4163926206064691,-0.10884228043817863,-0.10808737303184889,-0.10884228043817863,-0.3703273698510079,True,-0.2316971064977715,-0.23787424782492866,-0.44682592537103777,3494.1646392754787,-0.44303865970927675,0.028385678629281128,0.7775749114672935,0.20007852789596592,-0.5272708327747169,0.0071459251017093935,0.028385678629281128,,False,-0.13256106624328484,-0.12786926802540532,,-0.21963926204119072,-0.21963926204119072,-0.21963926204119072,-0.21963926204119072,True,-0.4006161755260156,-0.4006161755260156,-0.4006161755260156,0.0,0.0,0.0,0.0,True,,,,0.0,0.0,0.0,0.0,True,,,,-1.2884687219456246,-0.14315449101856334,-0.715811606482094,-0.715811606482094,-0.715811606482094,True,-0.8831039721886292,-0.8831039721886292,-0.8056749807004747,,,,,non-targeting control,,0,0.0,0.0,0.0,0.0,0,0.0,0.0,0.0,0.0,0,0.0,0.0,0.0,0.0,0,0.0,0.0,0.0,0.0,0,0.0,0.0,0.0,0.0,0.385961403859614,0.6184381561843815,0.607202878038556,1.0,0.385961403859614,0.6184381561843816,0.607202878038556,1.0,0.607202878038556,0.607202878038556,0.10841966511767377,0.8809123771277425,0.24557707279665866,0.9999999999819025,0.09622040151050537,0.906460877665261,0.21281688804676482,1.0,0.24557707279665866,0.21281688804676482,0.7355335976972392,0.18987367548423972,0.9509537365141191,0.99997757850991,0.7987327434748265,0.20663925693833057,0.950390859324477,1.0,0.9509537365141191,0.950390859324477,0.5641433832559422,0.6541196409905372,0.9145980858945977,0.9999996088429295,0.4540682263265351,0.5498004069861386,0.7867725949252405,1.0,0.9145980858945977,0.7867725949252405
gRNA_14706,controlsgRNA,-1.7430609284678404,-0.7091841354811232,0.29286182522285364,-0.7197944129087034,-0.7091841354811232,-1.226122531974482,True,-0.795570313790734,-0.7623949697813519,-1.1592830841671677,1187.8151005700336,-0.01179266442885067,-0.4905020477773477,-0.7775844541502249,-0.7662699147487406,-0.660781403107976,-0.5413860968426281,-0.660781403107976,-0.5413860968426281,True,-0.9205397497258702,-1.0875988106949266,-0.832957160051825,-0.36165725871057186,-0.36165725871057186,-0.36165725871057186,-0.36165725871057186,True,-0.60924832511989,-0.60924832511989,-0.60924832511989,0.0,0.0,0.0,0.0,True,,,,0.0,0.0,0.0,0.0,True,,,,-0.2314952488359333,-1.138484016603064,-0.6849896327194986,-0.6849896327194986,-0.6849896327194986,True,-0.8478257022270517,-0.8478257022270517,-0.7742736340691244,,,,,non-targeting control,,0,0.0,0.0,0.0,0.0,0,0.0,0.0,0.0,0.0,0,0.0,0.0,0.0,0.0,0,0.0,0.0,0.0,0.0,0,0.0,0.0,0.0,0.0,0.6178382161783822,0.3863613638636136,0.803831035581563,1.0,0.6178382161783822,0.38636136386361364,0.803831035581563,1.0,0.803831035581563,0.803831035581563,0.8978666921386398,0.23355486208564852,0.9998382435532929,0.9999999999819025,0.8591217026309531,0.14248081758859887,1.0,0.9087541774647758,0.9998382435532929,0.9087541774647758,0.7713483171054156,0.2270190648418555,0.9590316395902225,0.99997757850991,0.7892691067899532,0.21578800384175456,0.9481315787636498,1.0,0.9590316395902225,0.9481315787636498,0.7936766825966401,0.1901980560017275,0.9943983369545115,0.9999996088429295,0.8237523301727807,0.18025992997523865,0.9959192159002107,1.0,0.9943983369545115,0.9959192159002107
gRNA_14707,controlsgRNA,-0.42073973336223114,-0.9646913789071824,-1.801596496995466,-1.0623425364216266,-0.9646913789071824,-1.0623425364216266,True,-1.1113321024670624,-0.9856325179568748,-1.022934766878603,3652.0343777329376,-0.4133439378461633,-0.28756532285619973,-0.878078326315565,-0.22621744919089928,-0.3017709719165169,-0.4213952016250689,-0.3017709719165169,-0.4213952016250689,True,-0.7481701088281805,-0.5876432468388945,-0.6841750453889636,-0.13752174214274523,-0.13752174214274523,-0.13752174214274523,-0.13752174214274523,True,-0.2799810792880741,-0.2799810792880741,-0.2799810792880741,0.0,0.0,0.0,0.0,True,,,,0.0,0.0,0.0,0.0,True,,,,-0.7416030235913619,-0.7103870956605396,-0.7259950596259508,-0.7259950596259508,-0.7259950596259508,True,-0.8947597672365777,-0.8947597672365777,-0.8160498562531376,,,,,non-targeting control,,0,0.0,0.0,0.0,0.0,0,0.0,0.0,0.0,0.0,0,0.0,0.0,0.0,0.0,0,0.0,0.0,0.0,0.0,0,0.0,0.0,0.0,0.0,0.27467253274672543,0.7293270672932707,0.49179463006080365,1.0,0.2746725327467253,0.7293270672932707,0.4917946300608035,1.0,0.49179463006080365,0.4917946300608035,0.8030326892902173,0.4659438579811763,0.9924918833377505,0.9999999999819025,0.6800216321524521,0.3227538676651379,0.9066955095366028,1.0,0.9924918833377505,0.9066955095366028,0.8726404266020777,0.2606811610303213,0.9765261916737538,0.99997757850991,0.8128517177666947,0.1907054188682929,0.9546356696656506,1.0,0.9765261916737538,0.9546356696656506,0.9571526098225859,0.0934287944806437,0.9999269884937744,0.8368186950970642,0.9431368716467361,0.05910528628695884,1.0,0.559969492616788,0.8368186950970642,0.559969492616788
gRNA_14708,controlsgRNA,-0.1501776293137355,1.350824025182216,0.05662302285787345,0.41908980624211795,0.05662302285787345,0.7037235240200447,True,0.2542562461867287,-0.0933066491900219,0.44733109036984897,2377.462461781787,-0.8783497413094287,0.009507067877239428,-0.2757928767345443,-0.2962955037746832,-0.8336099796629445,-0.45490820672087223,-0.2962955037746832,-0.5710120253704002,True,-0.7963123003110617,-0.5800181459382292,-0.8696916830105944,0.1440469985949411,0.1440469985949411,0.1440469985949411,0.1440469985949411,True,0.1336586918410802,0.1336586918410802,0.1336586918410802,0.0,0.0,0.0,0.0,True,,,,0.0,0.0,0.0,0.0,True,,,,0.2508289095127954,0.7553976958483086,0.503113302680552,0.503113302680552,0.503113302680552,True,0.5120552846308235,0.5120552846308235,0.4361625435613262,,,,,non-targeting control,,0,0.0,0.0,0.0,0.0,0,0.0,0.0,0.0,0.0,0,0.0,0.0,0.0,0.0,0,0.0,0.0,0.0,0.0,0,0.0,0.0,0.0,0.0,0.059594040595940416,0.9453054694530547,0.15038496150384964,1.0,0.05959404059594044,0.9453054694530547,0.1503849615038497,1.0,0.15038496150384964,0.1503849615038497,0.7671918092134912,0.32396138102351624,0.9924918833377505,0.9999999999819025,0.7363137036266021,0.26633405355324435,0.9546688019434565,1.0,0.9924918833377505,0.9546688019434565,0.054797651875100994,0.9736451182149012,0.18407000107915764,0.99997757850991,0.03732960842822618,0.9645143935124291,0.12888479895452926,1.0,0.18407000107915764,0.12888479895452926,0.19784859385688303,0.8661435696572715,0.5772733068940528,0.9999996088429295,0.15641498131456738,0.8466947289440839,0.4524002536482872,1.0,0.5772733068940528,0.4524002536482872
gRNA_14709,controlsgRNA,-0.6788508743851696,-1.523280239493057,-0.5730371676368403,-0.9250560938383555,-0.6788508743851696,-0.9250560938383555,True,-0.9847810876007723,-0.7358926963254987,-0.9086425703891897,3387.884008039047,-0.706719779820793,-0.44195945700707834,-0.356015933982873,-1.0294984262124438,-0.8286842396865746,-0.6725755673419526,-0.706719779820793,-0.6725755673419526,True,-1.1089963978617654,-1.1515722917881235,-0.9956248925243655,-0.3044870739759866,-0.3044870739759866,-0.3044870739759866,-0.3044870739759866,True,-0.5252622190376952,-0.5252622190376952,-0.5252622190376952,0.0,0.0,0.0,0.0,True,,,,0.0,0.0,0.0,0.0,True,,,,-0.7220136463063538,-0.5559127998674177,-0.6389632230868858,-0.6389632230868858,-0.6389632230868858,True,-0.795144711811312,-0.795144711811312,-0.7273820477546825,,,,,non-targeting control,,0,0.0,0.0,0.0,0.0,0,0.0,0.0,0.0,0.0,0,0.0,0.0,0.0,0.0,0,0.0,0.0,0.0,0.0,0,0.0,0.0,0.0,0.0,0.560943905609439,0.4436556344365562,0.7669633036696328,1.0,0.5609439056094391,0.44365563443655637,0.7669633036696331,1.0,0.7669633036696328,0.7669633036696331,0.9784617334879974,0.10081739507655967,0.9998382435532929,0.9043036340563311,0.9556843006573404,0.04535625240072821,1.0,0.5684650300891269,0.9043036340563311,0.5684650300891269,0.8226320319897641,0.3268735393059572,0.9644497224512195,0.99997757850991,0.7537230754909212,0.24875946641942587,0.929682409138475,1.0,0.9644497224512195,0.929682409138475,0.9453992339064092,0.14232759679573012,0.9999269884937744,0.9999996088429295,0.9136225578725788,0.0883831632821645,1.0,0.7728388231184616,0.9999269884937744,0.7728388231184616
gRNA_14710,controlsgRNA,1.979874525527113,1.5517407442962705,4.574507987058125,2.7020410856271693,1.979874525527113,2.7020410856271693,True,2.3586869230996053,1.5870447342924499,2.110948408306508,100.23623514715587,-0.5481969321489222,-1.0217623392440238,-0.15035822119744957,0.7030692170973103,-0.6757217682610802,-0.3385940087508331,-0.5481969321489222,-0.599009815212869,True,-0.6292243183517062,-0.9308144173474558,-0.9044074034916872,-1.131079377093612,-1.131079377093612,-1.131079377093612,-1.131079377093612,True,-1.739571201572177,-1.739571201572177,-1.739571201572177,0.0,0.0,0.0,0.0,True,,,,0.0,0.0,0.0,0.0,True,,,,0.5654468683565453,-0.6593225893474595,-0.04693786049545706,-0.04693786049545706,,False,-0.11752326139831329,-0.11752326139831329,,,,,,non-targeting control,,0,0.0,0.0,0.0,0.0,0,0.0,0.0,0.0,0.0,0,0.0,0.0,0.0,0.0,0,0.0,0.0,0.0,0.0,0,0.0,0.0,0.0,0.0,0.9858014198580142,0.0200979902009799,0.9952951228941277,1.0,0.9858014198580142,0.02009799020097992,0.9952951228941277,1.0,0.9952951228941277,0.9952951228941277,0.41870469792269627,0.3041960496922861,0.6756779674632352,0.9999999999819025,0.6036496654751539,0.4029638736512169,0.825353724431483,1.0,0.6756779674632352,0.825353724431483,0.23104182917907415,0.6414403842773333,0.5140338921380585,0.99997757850991,0.2731784958557606,0.7319888866926758,0.5576655715450844,1.0,0.5140338921380585,0.5576655715450844,0.00015627938893787285,0.999951861231348,0.004939570387711591,0.9999996088429295,5.909858727604523e-05,1.0,0.0017217800394664935,1.0,0.004939570387711591,0.0017217800394664935
gRNA_14711,controlsgRNA,0.6278366366931969,-0.3037608759151677,-0.8337499389268797,-0.1698913927162835,-0.3037608759151677,-0.5687554074210237,True,-0.2886682193528325,-0.4081752880797495,-0.6120190488304436,3725.7996533611386,-0.5409028265632443,-0.6430911966236472,-1.0542368544193599,-0.7570526500215078,-0.5011128422240776,-0.6992792739703673,-0.6430911966236472,-0.6992792739703673,True,-1.147356877745105,-1.0629635455627957,-1.028736020950473,-0.3625271336559211,-0.3625271336559211,-0.3625271336559211,-0.3625271336559211,True,-0.6105262186543873,-0.6105262186543873,-0.6105262186543873,0.0,0.0,0.0,0.0,True,,,,0.0,0.0,0.0,0.0,True,,,,-0.5379300965134562,-0.17910409455304502,-0.3585170955332506,-0.3585170955332506,-0.3585170955332506,True,-0.47415118058188754,-0.47415118058188754,-0.44166426308059414,,,,,non-targeting control,,0,0.0,0.0,0.0,0.0,0,0.0,0.0,0.0,0.0,0,0.0,0.0,0.0,0.0,0,0.0,0.0,0.0,0.0,0,0.0,0.0,0.0,0.0,0.6276372362763724,0.37726227377262256,0.810967700480811,1.0,0.6276372362763724,0.3772622737726227,0.810967700480811,1.0,0.810967700480811,0.810967700480811,0.9907292137862815,0.07977062533771045,0.9998382435532929,0.8569644321994038,0.9711324421770414,0.029500631691398143,1.0,0.4607242799480304,0.8569644321994038,0.4607242799480304,0.6132697069061479,0.5502576472979761,0.8767658167175346,0.99997757850991,0.5340239766302624,0.46962626024075543,0.7905236819408609,1.0,0.8767658167175346,0.7905236819408609,0.5610024375452922,0.5481897293346181,0.9145980858945977,0.9999996088429295,0.5113285876396916,0.49256549227132906,0.8318258738099584,1.0,0.9145980858945977,0.8318258738099584
gRNA_14712,controlsgRNA,0.46407373336892627,1.279179656688482,1.1931347571531965,0.9787960490702016,1.1931347571531965,0.9787960490702016,True,0.7701949778202581,0.8996675210714979,0.6763314380393027,859.273698058589,-0.26584557651328566,-0.9845633079446905,0.05355604848802078,-0.5159211137899661,-0.7306817517936957,-0.4886911403107234,-0.5159211137899661,-0.6242529375104096,True,-0.8448422501943009,-0.8858673251055559,-0.9357074876298354,-0.512664495175594,-0.512664495175594,-0.512664495175594,-0.512664495175594,True,-0.8310861561468396,-0.8310861561468396,-0.8310861561468396,0.0,0.0,0.0,0.0,True,,,,0.0,0.0,0.0,0.0,True,,,,-1.1844275323944875,-1.5864828988401865,-1.385455215617337,-1.385455215617337,-1.385455215617337,True,-1.6495658543211567,-1.6495658543211567,-1.4879061464229937,,,,,non-targeting control,,0,0.0,0.0,0.0,0.0,0,0.0,0.0,0.0,0.0,0,0.0,0.0,0.0,0.0,0,0.0,0.0,0.0,0.0,0,0.0,0.0,0.0,0.0,0.851014898510149,0.15388461153884606,0.9356187188298715,1.0,0.851014898510149,0.1538846115388462,0.9356187188298715,1.0,0.9356187188298715,0.9356187188298715,0.8067597596472186,0.25909828082522834,0.9924918833377505,0.9999999999819025,0.7950423009001211,0.20762943581103604,0.9841910646634648,1.0,0.9924918833377505,0.9841910646634648,0.9923467715328961,0.022511192271657324,0.9999687187655443,0.9881219306548372,0.9877358233479356,0.013749443156773214,1.0,0.7241491704174918,0.9881219306548372,0.7241491704174918,0.05115420069767777,0.9872890434758328,0.2404247432790855,0.9999996088429295,0.025566296574970414,0.9752435220585266,0.13539334524209684,1.0,0.2404247432790855,0.13539334524209684
gRNA_14713,controlsgRNA,-0.12559657676975286,0.0665385692263751,-1.9466243554303115,-0.6685607876578965,-0.12559657676975286,-1.0361104661000322,True,-0.7483430191739612,-0.25251253355145115,-1.0010963327324107,2412.217739295123,-0.24424354344786808,-0.06183911910779254,-0.021778527556815534,-0.4254364683123242,-0.18984955262526515,-0.1886294422100131,-0.18984955262526515,-0.1886294422100131,True,-0.41379681916395017,-0.4317822148805105,-0.39555829789251734,-0.2836938770788401,-0.2836938770788401,-0.2836938770788401,-0.2836938770788401,True,-0.49471588359205765,-0.49471588359205765,-0.49471588359205765,0.0,0.0,0.0,0.0,True,,,,0.0,0.0,0.0,0.0,True,,,,0.043206701605878015,0.1856341629416819,0.11442043227377996,0.11442043227377996,0.11442043227377996,True,0.06716450249046756,0.06716450249046756,0.0401632590641783,,,,,non-targeting control,,0,0.0,0.0,0.0,0.0,0,0.0,0.0,0.0,0.0,0,0.0,0.0,0.0,0.0,0,0.0,0.0,0.0,0.0,0,0.0,0.0,0.0,0.0,0.5344465553444656,0.4707529247075293,0.7470331033811117,1.0,0.5344465553444655,0.4707529247075293,0.7470331033811116,1.0,0.7470331033811117,0.7470331033811116,0.4396777199846247,0.8863727981123484,0.7005034860771987,0.9999999999819025,0.2486761873026963,0.7536907069475387,0.4328807704898787,1.0,0.7005034860771987,0.4328807704898787,0.24977154513689045,0.8752103020384363,0.5366520055512618,0.99997757850991,0.18345315818083552,0.8192899530557116,0.4033823829005506,1.0,0.5366520055512618,0.4033823829005506,0.754204780257559,0.19510601266666167,0.9856622429830494,0.9999996088429295,0.7949924399475702,0.21040623170868422,0.9788126948284221,1.0,0.9856622429830494,0.9788126948284221
gRNA_14714,controlsgRNA,1.1712308979547914,-0.24837832459858455,0.5418357095519818,0.48822942763606286,0.5418357095519818,0.8565333037533867,True,0.317989336579596,0.33062532654904087,0.574546604459623,1146.47360461842,-0.7899541425919949,-0.11224432000112915,-0.10061721015741351,-0.1710885439467564,-0.6026873585323458,-0.3553183150459279,-0.1710885439467564,-0.3553183150459279,True,-0.6532491634461747,-0.40565575765963485,-0.6022433380060189,-0.19738060803956092,-0.19738060803956092,-0.19738060803956092,-0.19738060803956092,True,-0.367917004010188,-0.367917004010188,-0.367917004010188,0.0,0.0,0.0,0.0,True,,,,0.0,0.0,0.0,0.0,True,,,,-0.2759006469485378,0.16954464673518788,-0.05317800010667495,-0.05317800010667495,,False,-0.12466561157673163,-0.12466561157673163,,,,,,non-targeting control,,0,0.0,0.0,0.0,0.0,0,0.0,0.0,0.0,0.0,0,0.0,0.0,0.0,0.0,0,0.0,0.0,0.0,0.0,0,0.0,0.0,0.0,0.0,0.3658634136586341,0.638936106389361,0.5929510497226139,1.0,0.36586341365863406,0.638936106389361,0.5929510497226138,1.0,0.5929510497226139,0.5929510497226138,0.6649782028230364,0.5564341098989641,0.9192345744906679,0.9999999999819025,0.5564848594962246,0.4469540927418524,0.7778375731248344,1.0,0.9192345744906679,0.7778375731248344,0.35229657854878527,0.7693253505095384,0.6656457966549912,0.99997757850991,0.28833569759085553,0.7162800601724422,0.5676137292888046,1.0,0.6656457966549912,0.5676137292888046,0.18629037685665967,0.8890362108838135,0.5648804975653552,0.9999996088429295,0.13567542394906257,0.8668014330256061,0.4081116752387802,1.0,0.5648804975653552,0.4081116752387802
gRNA_14715,controlsgRNA,0.00601551310278581,1.6165101986592822,1.946551532090995,1.1896924146176877,1.6165101986592822,1.1896924146176877,True,0.964599819182931,1.269572085232706,0.8519045565242999,1038.8762012476643,-0.1646358508459249,0.12421264707325225,-0.05003076133150213,0.061144133202045634,-0.50536696326436,-0.10693535903329784,-0.05003076133150213,,False,-0.29644141686359515,-0.23707148626197888,,0.09804152912434,0.09804152912434,0.09804152912434,0.09804152912434,True,0.06607415879720413,0.06607415879720413,0.06607415879720413,0.0,0.0,0.0,0.0,True,,,,0.0,0.0,0.0,0.0,True,,,,0.500493664301839,0.3763228741961056,0.43840826924897225,0.43840826924897225,0.43840826924897225,True,0.43799508151552635,0.43799508151552635,0.3702412239460355,,,,,non-targeting control,,0,0.0,0.0,0.0,0.0,0,0.0,0.0,0.0,0.0,0,0.0,0.0,0.0,0.0,0,0.0,0.0,0.0,0.0,0,0.0,0.0,0.0,0.0,0.07719228077192282,0.9272072792720728,0.18486813739008268,1.0,0.07719228077192282,0.9272072792720728,0.18486813739008268,1.0,0.18486813739008268,0.18486813739008268,0.2879803216911884,0.9121253632614914,0.5205798122879175,0.9999999999819025,0.16150689767047294,0.8403427993243324,0.3133396188549608,1.0,0.5205798122879175,0.3133396188549608,0.07430099825874831,0.9736969608004118,0.22349740276231492,0.99997757850991,0.04765150476216862,0.9543113046346334,0.15313645974850768,1.0,0.22349740276231492,0.15313645974850768,0.015220758382600771,0.9772784758130083,0.11679602350730388,0.9999996088429295,0.011184110970820879,0.9898267030778181,0.07526880519396234,1.0,0.11679602350730388,0.07526880519396234
gRNA_14716,controlsgRNA,-0.004723028113454989,-0.29246780442263054,0.485278341693922,0.06269583638594549,-0.004723028113454989,-0.14859541626804276,True,-0.07426868117576775,-0.146904902709019,-0.26223208252661867,3668.5122715479356,-0.11785302840996476,-0.26482695763291,-0.2646664036008185,0.7336573633821474,-0.014609858270444195,0.014340223093601978,-0.11785302840996476,-0.16548906197853436,True,-0.12222629409973954,-0.3315203290621039,-0.36686549833718685,-0.20217371384547378,-0.20217371384547378,-0.20217371384547378,-0.20217371384547378,True,-0.3749583367354093,-0.3749583367354093,-0.3749583367354093,0.0,0.0,0.0,0.0,True,,,,0.0,0.0,0.0,0.0,True,,,,-0.849348188549695,-1.3175544025035029,-1.083451295526599,-1.083451295526599,-1.083451295526599,True,-1.303897666278464,-1.303897666278464,-1.180225338832903,,,,,non-targeting control,,0,0.0,0.0,0.0,0.0,0,0.0,0.0,0.0,0.0,0,0.0,0.0,0.0,0.0,0,0.0,0.0,0.0,0.0,0,0.0,0.0,0.0,0.0,0.37136286371362864,0.6342365763423659,0.5992808444477441,1.0,0.37136286371362864,0.6342365763423657,0.5992808444477441,1.0,0.5992808444477441,0.5992808444477441,0.1130093406691819,0.962728889540297,0.25320662081073153,0.9999999999819025,0.06375392174970788,0.9376251626631379,0.14706426121405008,1.0,0.25320662081073153,0.14706426121405008,0.962140684256543,0.0757208947598982,0.9999687187655443,0.99997757850991,0.9490560804097862,0.05284130264713065,1.0,0.9934164897660561,0.9999687187655443,0.9934164897660561,0.46817158336775966,0.7657998490050031,0.8353730278607937,0.9999996088429295,0.3444811702357625,0.6587692982139333,0.6786642878241603,1.0,0.8353730278607937,0.6786642878241603
gRNA_14717,controlsgRNA,-1.4899388259776398,-0.9902147150726401,-1.3946728960004933,-1.2916088123502576,-1.3946728960004933,-1.2916088123502576,True,-1.32267037700779,-1.3613088328417804,-1.213801000745341,0.24232196786762242,6.920759043284785,8.270443880408948,2.3447557658259397,5.849987495346186,1.236146394874938,4.92441851594816,5.849987495346186,4.92441851594816,True,6.931212473769619,7.979255110401971,5.944340126967929,-7.303398418322422,-7.303398418322422,-7.303398418322422,-7.303398418322422,True,-10.807043069582297,-10.807043069582297,-10.807043069582297,0.0,0.0,0.0,0.0,True,,,,0.0,0.0,0.0,0.0,True,,,,3.3778342506466137,-0.046426910180517554,1.665703670233048,1.665703670233048,,False,1.8427350508637121,1.8427350508637121,,,,,,non-targeting control,,0,0.0,0.0,0.0,0.0,0,0.0,0.0,0.0,0.0,0,0.0,0.0,0.0,0.0,0,0.0,0.0,0.0,0.0,0,0.0,0.0,0.0,0.0,1.0,0.005799420057994197,1.0,1.0,1.0,0.005799420057994195,1.0,1.0,1.0,1.0,1.4378897142398171e-08,0.9999999999819025,5.4064653255417124e-06,0.9999999999819025,8.550258543422391e-10,1.0,3.214897212326819e-07,1.0,5.4064653255417124e-06,3.214897212326819e-07,0.006916811141590565,0.9347103669564439,0.04728583616796459,0.99997757850991,0.011595901126957455,1.0,0.06214610501843368,1.0,0.04728583616796459,0.06214610501843368,0.9920146791084341,0.049071315302379195,0.9999269884937744,0.7687839397372741,0.9792734479581224,0.022457102117948873,1.0,0.4444142313867777,0.7687839397372741,0.4444142313867777
gRNA_14718,controlsgRNA,-0.4016482713283719,-0.6735386619453549,0.4461162245170495,-0.20969023625222571,-0.4016482713283719,-0.5375934666368634,True,-0.3253549011926889,-0.49369983860254274,-0.5860764532465099,3786.03229646945,-0.19963720783773492,-0.85571349586192,-0.11130145636503455,-0.32140207737731175,-0.6345368289116217,-0.4245182132707246,-0.32140207737731175,-0.4245182132707246,True,-0.7526563858486572,-0.6149813951127389,-0.6880474081704474,-0.2969234499573591,-0.2969234499573591,-0.2969234499573591,-0.2969234499573591,True,-0.5141508446011177,-0.5141508446011177,-0.5141508446011177,0.0,0.0,0.0,0.0,True,,,,0.0,0.0,0.0,0.0,True,,,,-0.10864908137091013,-0.4451881687929121,-0.2769186250819111,-0.2769186250819111,-0.2769186250819111,True,-0.3807550570497985,-0.3807550570497985,-0.3585319538077839,,,,,non-targeting control,,0,0.0,0.0,0.0,0.0,0,0.0,0.0,0.0,0.0,0,0.0,0.0,0.0,0.0,0,0.0,0.0,0.0,0.0,0,0.0,0.0,0.0,0.0,0.5520447955204479,0.4535546445355466,0.7603254326581994,1.0,0.5520447955204479,0.45355464453554645,0.7603254326581994,1.0,0.7603254326581994,0.7603254326581994,0.7822259566605712,0.42561813559055534,0.9924918833377505,0.9999999999819025,0.6912600787503035,0.3112299462047843,0.9087894741612382,1.0,0.9924918833377505,0.9087894741612382,0.5428530454456382,0.6291961253453137,0.8351266843345865,0.99997757850991,0.4576919160465064,0.5462332013596667,0.7381540738498861,1.0,0.8351266843345865,0.7381540738498861,0.6321843679221488,0.5633043947134435,0.9213348530185991,0.9999996088429295,0.5396863879031554,0.46329212500526645,0.8490463675798595,1.0,0.9213348530185991,0.8490463675798595
gRNA_14719,controlsgRNA,2.173958416259409,1.683434739747884,2.1468986998632222,2.001430618623505,2.1468986998632222,2.001430618623505,True,1.7128622957225739,1.732974323860521,1.5276839019897006,789.2426493448462,-1.3823507171624485,-0.735097542410609,-0.631616194409279,-1.0335567798851841,-1.2533794794760371,-1.0072001426687116,-1.0335567798851841,-1.0072001426687116,True,-1.5896921854882817,-1.6067233471875806,-1.4105409729903737,-0.3528410848997298,-0.3528410848997298,-0.3528410848997298,-0.3528410848997298,True,-0.5962968870170755,-0.5962968870170755,-0.5962968870170755,0.0,0.0,0.0,0.0,True,,,,0.0,0.0,0.0,0.0,True,,,,0.04343488477088499,0.37570662428628704,0.209570754528586,0.209570754528586,0.209570754528586,True,0.176071828844427,0.176071828844427,0.1371021596752037,,,,,non-targeting control,,0,0.0,0.0,0.0,0.0,0,0.0,0.0,0.0,0.0,0,0.0,0.0,0.0,0.0,0,0.0,0.0,0.0,0.0,0,0.0,0.0,0.0,0.0,0.6137386261373861,0.3908609139086091,0.8012698730126985,1.0,0.6137386261373863,0.39086091390860916,0.8012698730126988,1.0,0.8012698730126985,0.8012698730126988,0.999613943544475,0.0037534384607319647,0.9998382435532929,0.2919263908572534,0.9991141507421726,0.0009639420206072208,1.0,0.09843790663361707,0.2919263908572534,0.09843790663361707,0.173849998756299,0.9087972112664502,0.4111169781909964,0.99997757850991,0.12782194431009292,0.8750672941161711,0.30808366064483933,1.0,0.4111169781909964,0.30808366064483933,0.00045149742684904095,0.9999724043466607,0.009986060735014082,0.9999996088429295,0.00013262726327852,0.9998964414785508,0.002933402999571971,1.0,0.009986060735014082,0.002933402999571971
gRNA_14720,controlsgRNA,-0.30286620995580943,-0.7470687472840355,-1.4500070584896056,-0.8333140052431501,-0.7470687472840355,-0.8333140052431501,True,-0.9002129816813967,-0.7954948840501662,-0.8322664576516743,5950.711354359727,-0.4742118564989222,-0.4799056574339868,0.01679171180692186,-0.5830453271660575,-0.729105019051759,-0.4498952296687607,-0.4799056574339868,-0.5665669650376813,True,-0.7891110451430414,-0.8357124375992836,-0.8641800525247412,-0.06460490887390864,-0.06460490887390864,-0.06460490887390864,-0.06460490887390864,True,-0.1728622913652237,-0.1728622913652237,-0.1728622913652237,0.0,0.0,0.0,0.0,True,,,,0.0,0.0,0.0,0.0,True,,,,-0.18223117191943936,0.8386380448835596,0.32820343648206013,0.32820343648206013,,False,0.3118566365422264,0.3118566365422264,,,,,,non-targeting control,,0,0.0,0.0,0.0,0.0,0,0.0,0.0,0.0,0.0,0,0.0,0.0,0.0,0.0,0,0.0,0.0,0.0,0.0,0,0.0,0.0,0.0,0.0,0.19958004199580048,0.8061193880611939,0.39916008399160097,1.0,0.19958004199580037,0.8061193880611939,0.39916008399160074,1.0,0.39916008399160097,0.39916008399160074,0.8388700664081581,0.38835620764388373,0.9991097238900444,0.9999999999819025,0.7515040224477696,0.2508647956057563,0.9626857456563084,1.0,0.9991097238900444,0.9626857456563084,0.08471696669122934,0.8844577108510674,0.2431570952358949,0.99997757850991,0.08361582839065973,0.920900601681731,0.23638760507434628,1.0,0.2431570952358949,0.23638760507434628,0.9242760192779775,0.17676093112546934,0.9999269884937744,0.9999996088429295,0.8873882090967142,0.1152397269398806,1.0,0.8898555927074938,0.9999269884937744,0.8898555927074938
gRNA_14721,controlsgRNA,-0.02025110085257145,-0.2559486313675919,0.7522497360866998,0.15868333462217882,-0.02025110085257145,-0.13809986611008165,True,0.014212854857213932,-0.1604718327094778,-0.2534944427542821,4902.663364275116,0.21510777961390823,-0.45653036962222865,-0.9176418939891353,-0.04890084259910671,0.32079800841919237,-0.17743346363547402,-0.04890084259910671,,False,-0.3977135421545366,-0.23549796887115698,,-0.2843863729054229,-0.2843863729054229,-0.2843863729054229,-0.2843863729054229,True,-0.49573319756826517,-0.49573319756826517,-0.49573319756826517,0.0,0.0,0.0,0.0,True,,,,0.0,0.0,0.0,0.0,True,,,,-0.7347241283038966,-0.6723895441022648,-0.7035568362030806,-0.7035568362030806,-0.7035568362030806,True,-0.8690773852623627,-0.8690773852623627,-0.7931898526427166,,,,,non-targeting control,,0,0.0,0.0,0.0,0.0,0,0.0,0.0,0.0,0.0,0,0.0,0.0,0.0,0.0,0,0.0,0.0,0.0,0.0,0,0.0,0.0,0.0,0.0,0.5387461253874614,0.4656534346565345,0.7502538635025388,1.0,0.5387461253874612,0.46565343465653436,0.7502538635025386,1.0,0.7502538635025388,0.7502538635025386,0.26127888794033705,0.6470405132858223,0.48634090032458777,0.9999999999819025,0.2727604952066316,0.7306985127482198,0.4661724827167885,1.0,0.48634090032458777,0.4661724827167885,0.8586875674952377,0.28033844312492046,0.9686332769618934,0.99997757850991,0.7953922537279228,0.20724611510874846,0.9494205949260285,1.0,0.9686332769618934,0.9494205949260285,0.3744805924819471,0.7978786855656604,0.7694246053180989,0.9999996088429295,0.2803385673405836,0.7225124855477955,0.6202581042106503,1.0,0.7694246053180989,0.6202581042106503
gRNA_14722,controlsgRNA,0.18146245305861036,-0.8611091553812988,-0.38502278546103447,-0.35488982926124096,-0.38502278546103447,-0.6230659704211666,True,-0.4592002795687636,-0.47917409501701796,-0.6572330803186436,2658.723623749129,-0.40819742980135976,0.3720620024299642,0.43923660298294437,-0.20765604381618177,-0.12787719224062694,0.013513587910948015,-0.12787719224062694,,False,-0.1234137742775406,-0.3454799136444005,,-0.5567969108445167,-0.5567969108445167,-0.5567969108445167,-0.5567969108445167,True,-0.8959190714372355,-0.8959190714372355,-0.8959190714372355,0.0,0.0,0.0,0.0,True,,,,0.0,0.0,0.0,0.0,True,,,,-0.5743048065208547,-0.6235801696901635,-0.5989424881055091,-0.5989424881055091,-0.5989424881055091,True,-0.7493377072499379,-0.7493377072499379,-0.6866090271405152,,,,,non-targeting control,,0,0.0,0.0,0.0,0.0,0,0.0,0.0,0.0,0.0,0,0.0,0.0,0.0,0.0,0,0.0,0.0,0.0,0.0,0,0.0,0.0,0.0,0.0,0.8866113388661134,0.1186881311868813,0.9552030470305405,1.0,0.8866113388661133,0.11868813118688137,0.9552030470305404,1.0,0.9552030470305405,0.9552030470305404,0.11383732025341747,0.9549849201397126,0.25320662081073153,0.9999999999819025,0.0648030757425257,0.9365301266586559,0.14857290536091255,1.0,0.25320662081073153,0.14857290536091255,0.801908921179775,0.3624469870728388,0.9644497224512195,0.99997757850991,0.7254711709284402,0.277701202087889,0.9246683398952322,1.0,0.9644497224512195,0.9246683398952322,0.7312401931373667,0.4662839951977529,0.9715417407054766,0.9999996088429295,0.6420690181889417,0.36163400476034535,0.8848201737024216,1.0,0.9715417407054766,0.8848201737024216
gRNA_14723,controlsgRNA,0.4422016604497117,0.2217752693665557,0.013813567460772499,0.22593016575901329,0.2217752693665557,0.22593016575901329,True,0.07620116606097037,0.050987430664301336,0.049563828314210086,3482.6788029966833,0.2984321955819633,-0.42068134974283616,-0.4278894828033006,-0.2932281490117337,0.014979503594800487,-0.1656774564762213,-0.2932281490117337,,False,-0.3808257713886216,-0.5757465678813813,,-0.4188966533446083,-0.4188966533446083,-0.4188966533446083,-0.4188966533446083,True,-0.6933361043029191,-0.6933361043029191,-0.6933361043029191,0.0,0.0,0.0,0.0,True,,,,0.0,0.0,0.0,0.0,True,,,,-0.2668169548488554,-0.5379299047930998,-0.40237342982097757,-0.40237342982097757,-0.40237342982097757,True,-0.5243483422706444,-0.5243483422706444,-0.4863449822829627,,,,,non-targeting control,,0,0.0,0.0,0.0,0.0,0,0.0,0.0,0.0,0.0,0,0.0,0.0,0.0,0.0,0,0.0,0.0,0.0,0.0,0,0.0,0.0,0.0,0.0,0.7302269773022696,0.27557244275572434,0.8772055701778062,1.0,0.7302269773022698,0.2755724427557244,0.8772055701778065,1.0,0.8772055701778062,0.8772055701778065,0.35915862330058534,0.8478669206408332,0.5975382405354871,0.9999999999819025,0.2402033669725822,0.7618892056997099,0.42203956066210707,1.0,0.5975382405354871,0.42203956066210707,0.659792418513425,0.5169855027837001,0.8954560738124527,0.99997757850991,0.5747110061435801,0.42864991682890463,0.8240039821672087,1.0,0.8954560738124527,0.8240039821672087,0.368311287090914,0.8662997913980699,0.7677703432934565,0.9999996088429295,0.23832179773576267,0.7642204053409754,0.564155141398152,1.0,0.7677703432934565,0.564155141398152
gRNA_14724,controlsgRNA,0.7111323616119888,-1.1253414181072505,1.0650934683105937,0.21696147060511065,0.7111323616119888,0.8881129149612912,True,0.06793379855988353,0.47854038763863976,0.6008369144226325,3512.4569242411867,-0.23982736243513716,-0.4326165346946623,-0.660156124057615,-0.45566292378202217,-0.30846242056657414,-0.4193450731072022,-0.4326165346946623,-0.4193450731072022,True,-0.7452250527405659,-0.7698579164787325,-0.6816329987139571,-0.23976341669330029,-0.23976341669330029,-0.23976341669330029,-0.23976341669330029,True,-0.43017965158041604,-0.43017965158041604,-0.43017965158041604,0.0,0.0,0.0,0.0,True,,,,0.0,0.0,0.0,0.0,True,,,,0.1613639674582446,-0.4188011797935269,-0.12871860616764114,-0.12871860616764114,,False,-0.21112801382931032,-0.21112801382931032,,,,,,non-targeting control,,0,0.0,0.0,0.0,0.0,0,0.0,0.0,0.0,0.0,0,0.0,0.0,0.0,0.0,0,0.0,0.0,0.0,0.0,0,0.0,0.0,0.0,0.0,0.41855814418558157,0.5861413858614138,0.6423586212807293,1.0,0.41855814418558146,0.5861413858614138,0.6423586212807292,1.0,0.6423586212807293,0.6423586212807292,0.8426759322995792,0.5169976804409937,0.9995146704878289,0.9999999999819025,0.6862239551359979,0.3165164875451463,0.9085231581942822,1.0,0.9995146704878289,0.9085231581942822,0.39166527451270305,0.7145352969348163,0.7086303426851255,0.99997757850991,0.3355666083611693,0.6683446643168283,0.618815496105512,1.0,0.7086303426851255,0.618815496105512,0.2200181746665836,0.6454131514795829,0.6082855417252605,0.9999996088429295,0.24916767950475432,0.754917714106064,0.5819071272906063,1.0,0.6082855417252605,0.5819071272906063
gRNA_14725,controlsgRNA,-0.13902791771985032,-1.1116453709609944,-1.3796681747742103,-0.8767804878183517,-1.1116453709609944,-0.8767804878183517,True,-0.9402805031281938,-1.1140267209579802,-0.8684526947899505,4241.603725554863,-0.6930874802129018,-0.5727286212168888,-0.46410537044177125,-0.47020120473240257,-0.5502470402283246,-0.5500739433664578,-0.5502470402283246,-0.5500739433664578,True,-0.9330200381908539,-0.9336693843672215,-0.8437296122061165,-0.008949005876993484,-0.008949005876993484,-0.008949005876993484,-0.008949005876993484,True,-0.09110074739086055,-0.09110074739086055,-0.09110074739086055,0.0,0.0,0.0,0.0,True,,,,0.0,0.0,0.0,0.0,True,,,,-0.8789204642139876,0.37660442188163057,-0.2511580211661785,-0.2511580211661785,,False,-0.3512699388574208,-0.3512699388574208,,,,,,non-targeting control,,0,0.0,0.0,0.0,0.0,0,0.0,0.0,0.0,0.0,0,0.0,0.0,0.0,0.0,0,0.0,0.0,0.0,0.0,0,0.0,0.0,0.0,0.0,0.13668633136686337,0.8677132286771323,0.2936803462510893,1.0,0.13668633136686342,0.8677132286771322,0.2936803462510894,1.0,0.2936803462510893,0.2936803462510894,0.9652772528153184,0.26485834675614095,0.9998382435532929,0.9999999999819025,0.8872326062608495,0.11435519271696665,1.0,0.8690100948559968,0.9998382435532929,0.8690100948559968,0.34107526699371604,0.4885847059633275,0.6644782403608146,0.99997757850991,0.41836699402302857,0.5876681332471176,0.7022588828243694,1.0,0.6644782403608146,0.7022588828243694,0.916093995220885,0.15950938774621587,0.9999269884937744,0.9999996088429295,0.8937824629160084,0.10880626634943413,1.0,0.8704501307954731,0.9999269884937744,0.8704501307954731
gRNA_14726,controlsgRNA,0.45703547444673415,-0.7142513883605398,0.7875937779503059,0.17679262134550008,0.45703547444673415,0.6223146261985201,True,0.03090604444110807,0.25653507252819274,0.37955745175902494,1934.289198000988,-0.8059019231549419,-0.010115921799207292,0.17006222715019123,-0.8627239124093175,-1.101435522852573,-0.5220230106131696,-0.8059019231549419,-0.69504432005401,True,-0.8927242374406152,-1.2896926918848823,-1.023484910872221,-0.005496201361062667,-0.005496201361062667,-0.005496201361062667,-0.005496201361062667,True,-0.08602839004756482,-0.08602839004756482,-0.08602839004756482,0.0,0.0,0.0,0.0,True,,,,0.0,0.0,0.0,0.0,True,,,,0.4729674830995749,0.8653102194458223,0.6691388512726986,0.6691388512726986,0.6691388512726986,True,0.7020851045530231,0.7020851045530231,0.6053089402573409,,,,,non-targeting control,,0,0.0,0.0,0.0,0.0,0,0.0,0.0,0.0,0.0,0,0.0,0.0,0.0,0.0,0,0.0,0.0,0.0,0.0,0,0.0,0.0,0.0,0.0,0.1272872712728727,0.8786121387861214,0.2766474797606944,1.0,0.1272872712728726,0.8786121387861214,0.2766474797606942,1.0,0.2766474797606944,0.2766474797606942,0.7033027607744154,0.14386896057305207,0.947092222241653,0.9999999999819025,0.8272570014327543,0.1755512890000639,1.0,0.9706953627062356,0.947092222241653,0.9706953627062356,0.02551435656945132,0.9897916152806912,0.1133686900412507,0.99997757850991,0.016103765057735184,0.9851441624703052,0.0786365670351744,1.0,0.1133686900412507,0.0786365670351744,0.3205953384339903,0.751760448485873,0.7049347792466688,0.9999996088429295,0.2701222764413557,0.7331780283828074,0.6081794966583818,1.0,0.7049347792466688,0.6081794966583818
gRNA_14727,controlsgRNA,0.17711945644256025,0.13841347586164418,-0.04119658891161298,0.09144544779753049,0.13841347586164418,0.1577664661521022,True,-0.04776721145532719,-0.0218460520347363,-0.007183063821137109,10817.508917511257,-0.02495774760243391,-0.3533698850628617,-0.34712042161880763,-0.06727975413290543,0.12412565927753205,-0.13372042982789534,-0.06727975413290543,-0.19818195210425218,True,-0.33491877821599497,-0.26109232012286254,-0.40740288509912076,-0.4499229886429245,-0.4499229886429245,-0.4499229886429245,-0.4499229886429245,True,-0.7389154757848124,-0.7389154757848124,-0.7389154757848124,0.0,0.0,0.0,0.0,True,,,,0.0,0.0,0.0,0.0,True,,,,-0.45750969312739376,-0.01324429007735035,-0.23537699160237205,-0.23537699160237205,-0.23537699160237205,True,-0.3332072597599768,-0.3332072597599768,-0.3162094457630014,,,,,non-targeting control,,0,0.0,0.0,0.0,0.0,0,0.0,0.0,0.0,0.0,0,0.0,0.0,0.0,0.0,0,0.0,0.0,0.0,0.0,0,0.0,0.0,0.0,0.0,0.7714228577142286,0.23297670232976703,0.900791908386801,1.0,0.7714228577142286,0.23297670232976697,0.900791908386801,1.0,0.900791908386801,0.900791908386801,0.33643493319713075,0.9155239565624861,0.5776234469503249,0.9999999999819025,0.18252439741694887,0.8191599133333678,0.3466119870140039,1.0,0.5776234469503249,0.3466119870140039,0.5053205879915379,0.6463774224518255,0.8085129407864606,0.99997757850991,0.4298444085328319,0.574567809882253,0.7183177671481991,1.0,0.8085129407864606,0.7183177671481991,0.4694677910596986,0.8077512782777452,0.8353730278607937,0.9999996088429295,0.3214018254939911,0.6813170432095075,0.664268883558094,1.0,0.8353730278607937,0.664268883558094
gRNA_14728,controlsgRNA,0.7969908611564664,0.3729314678029267,-0.2133650361107395,0.31885243094955124,0.3729314678029267,0.5849611644796966,True,0.1618571619646042,0.18305311568365115,0.3484603593878095,1324.433686529339,0.4484532338689564,-0.056644845591801884,-0.7109611590819861,-0.12819981907101224,-0.17524552969546794,-0.12451962391426234,-0.12819981907101224,-0.2677628383600671,True,-0.32170161195994906,-0.3459292016452117,-0.4936793594806638,0.22845471826003783,0.22845471826003783,0.22845471826003783,0.22845471826003783,True,0.25765821590874366,0.25765821590874366,0.25765821590874366,0.0,0.0,0.0,0.0,True,,,,0.0,0.0,0.0,0.0,True,,,,-0.5037713370886217,-1.4088255716779736,-0.9562984543832976,-0.9562984543832976,-0.9562984543832976,True,-1.1583608395072102,-1.1583608395072102,-1.0506823552895403,,,,,non-targeting control,,0,0.0,0.0,0.0,0.0,0,0.0,0.0,0.0,0.0,0,0.0,0.0,0.0,0.0,0,0.0,0.0,0.0,0.0,0,0.0,0.0,0.0,0.0,0.023797620237976196,0.9814018598140186,0.06727748277803797,1.0,0.023797620237976182,0.9814018598140186,0.06727748277803793,1.0,0.06727748277803797,0.06727748277803793,0.24932410367955782,0.8332536767999867,0.4687293149175687,0.9999999999819025,0.1881084732226878,0.814145199257468,0.3518845071230379,1.0,0.4687293149175687,0.3518845071230379,0.8914433098657603,0.10687261638971433,0.9799770692138859,0.99997757850991,0.9078474122452711,0.09563148076585459,0.9776426727155132,1.0,0.9799770692138859,0.9776426727155132,0.28149743109700776,0.8646810048501358,0.6950676332323262,0.9999996088429295,0.19638422551432005,0.8060706483629136,0.5075397539170097,1.0,0.6950676332323262,0.5075397539170097
gRNA_14729,controlsgRNA,-0.00018342948579459485,0.2564911945194621,0.6139114434601232,0.29007306949793027,0.2564911945194621,0.43520131898979264,True,0.13532826857662575,0.08131885262268713,0.22378394294869658,4354.768084549042,-0.27355772302401166,-0.8756453218823593,-0.8217278764911905,-0.5423674463859527,0.09286285181820672,-0.4840871031930615,-0.5423674463859527,-0.6283245919458785,True,-0.8382284465118454,-0.9226963138373607,-0.9407561153276879,-0.3981848351089209,-0.3981848351089209,-0.3981848351089209,-0.3981848351089209,True,-0.6629093185303474,-0.6629093185303474,-0.6629093185303474,0.0,0.0,0.0,0.0,True,,,,0.0,0.0,0.0,0.0,True,,,,0.16460161114132396,0.4238573342797347,0.29422947271052935,0.29422947271052935,0.29422947271052935,True,0.27297065620791583,0.27297065620791583,0.22335224136929582,,,,,non-targeting control,,0,0.0,0.0,0.0,0.0,0,0.0,0.0,0.0,0.0,0,0.0,0.0,0.0,0.0,0,0.0,0.0,0.0,0.0,0,0.0,0.0,0.0,0.0,0.7006299370062994,0.3041695830416959,0.8581005091673243,1.0,0.7006299370062994,0.30416958304169583,0.8581005091673243,1.0,0.8581005091673243,0.8581005091673243,0.8053348782725904,0.26284805290447893,0.9924918833377505,0.9999999999819025,0.7957289458981205,0.20685663614907546,0.9841910646634648,1.0,0.9924918833377505,0.9841910646634648,0.12463498898850366,0.9438156299084915,0.33714212848688757,0.99997757850991,0.08659098501117574,0.915833681305174,0.24122919663380665,1.0,0.33714212848688757,0.24122919663380665,0.31491874470591424,0.8847952399133295,0.6979161007605451,0.9999996088429295,0.20203330355169202,0.7999948155657366,0.5132737982124067,1.0,0.6979161007605451,0.5132737982124067
gRNA_14730,controlsgRNA,0.4484032851398541,-0.7065818345399064,-1.3625901422224718,-0.5402562305408414,-0.7065818345399064,-1.0345859883811892,True,-0.6300715306743985,-0.7601213305923313,-0.99982719133937,3611.7683085674503,-0.5196722575452258,-0.3487503602406813,-0.5765493462614724,-0.43663846940478923,-0.5712897088121145,-0.49058002845285664,-0.5196722575452258,-0.49058002845285664,True,-0.8475556808272258,-0.89109114321313,-0.7699604278495139,-0.06272889491074417,-0.06272889491074417,-0.06272889491074417,-0.06272889491074417,True,-0.17010632497376488,-0.17010632497376488,-0.17010632497376488,0.0,0.0,0.0,0.0,True,,,,0.0,0.0,0.0,0.0,True,,,,-0.30764362779182497,-0.04890612804766537,-0.17827487791974517,-0.17827487791974517,-0.17827487791974517,True,-0.26784922015522256,-0.26784922015522256,-0.25803396099547554,,,,,non-targeting control,,0,0.0,0.0,0.0,0.0,0,0.0,0.0,0.0,0.0,0,0.0,0.0,0.0,0.0,0,0.0,0.0,0.0,0.0,0,0.0,0.0,0.0,0.0,0.193980601939806,0.8109189081091891,0.390035862723888,1.0,0.19398060193980604,0.810918908109189,0.39003586272388807,1.0,0.390035862723888,0.39003586272388807,0.932698908494351,0.3679395579581626,0.9998382435532929,0.9999999999819025,0.819277728927762,0.1824028381757024,1.0,0.9939632920878856,0.9998382435532929,0.9939632920878856,0.48446120940561477,0.6881721419705935,0.7817914795558419,0.99997757850991,0.397455284069259,0.6058237224588675,0.6823889808677688,1.0,0.7817914795558419,0.6823889808677688,0.737746090670439,0.2910200764394989,0.9767342608876234,0.9999996088429295,0.7425239870661985,0.26100478603610516,0.9627207556444504,1.0,0.9767342608876234,0.9627207556444504
gRNA_14731,controlsgRNA,-0.1570644016513602,1.5018967615966474,0.10015282545441953,0.4816617284665689,0.10015282545441953,0.8010247935255335,True,0.3119352136844542,-0.05527451251194927,0.5283352711449854,1669.6762454365216,-0.5841281896435754,-0.8888589923367922,-0.02762814738981148,0.1247041747500718,-0.6402800236784016,-0.4032382356597017,-0.5841281896435754,-0.5352238382621451,True,-0.7220872156422655,-0.9808520500735519,-0.8253162981260824,-0.3917935201820928,-0.3917935201820928,-0.3917935201820928,-0.3917935201820928,True,-0.6535201298135132,-0.6535201298135132,-0.6535201298135132,0.0,0.0,0.0,0.0,True,,,,0.0,0.0,0.0,0.0,True,,,,0.38079305656058227,0.6329219321260209,0.5068574943433015,0.5068574943433015,0.5068574943433015,True,0.516340818233693,0.516340818233693,0.4399771162801861,,,,,non-targeting control,,0,0.0,0.0,0.0,0.0,0,0.0,0.0,0.0,0.0,0,0.0,0.0,0.0,0.0,0,0.0,0.0,0.0,0.0,0,0.0,0.0,0.0,0.0,0.69003099690031,0.31596840315968405,0.8506611633918576,1.0,0.69003099690031,0.315968403159684,0.8506611633918576,1.0,0.8506611633918576,0.8506611633918576,0.6709033687196899,0.3528531103110284,0.9240280829252872,0.9999999999819025,0.6779739540691404,0.32501718366700527,0.9066955095366028,1.0,0.9240280829252872,0.9066955095366028,0.055257359041633744,0.9807456801678037,0.18407000107915764,0.99997757850991,0.035004252647650724,0.9670365545637352,0.1251518645673185,1.0,0.18407000107915764,0.1251518645673185,0.161903290300259,0.8723365175975589,0.5158952301092998,0.9999996088429295,0.13452384360052927,0.8691623713020042,0.40791100962741134,1.0,0.5158952301092998,0.40791100962741134
gRNA_14732,controlsgRNA,1.9118906040361123,1.4663256398054076,0.372157169781565,1.2501244712076949,1.4663256398054076,1.2501244712076949,True,1.0203062527390614,1.1383553250234646,0.9022147864062858,1834.0839826480706,0.4059977381798762,0.6748920108436315,0.5586461170010553,0.45603208845412296,0.4552949184382928,0.5101725745833957,0.45603208845412296,0.5101725745833957,True,0.5900481181945517,0.46766830798715797,0.4709177926532351,-0.24401183207059618,-0.24401183207059618,-0.24401183207059618,-0.24401183207059618,True,-0.43642080448582116,-0.43642080448582116,-0.43642080448582116,0.0,0.0,0.0,0.0,True,,,,0.0,0.0,0.0,0.0,True,,,,-0.04269865517645504,0.24024403823295715,0.09877269152825105,0.09877269152825105,,False,0.04925438334749861,0.04925438334749861,,,,,,non-targeting control,,0,0.0,0.0,0.0,0.0,0,0.0,0.0,0.0,0.0,0,0.0,0.0,0.0,0.0,0,0.0,0.0,0.0,0.0,0,0.0,0.0,0.0,0.0,0.4387561243875614,0.5666433356664335,0.6625393685531047,1.0,0.43875612438756123,0.5666433356664333,0.6625393685531045,1.0,0.6625393685531047,0.6625393685531045,0.0013825388869905262,0.999985208806298,0.005198346215084379,0.9999999999819025,0.00020392029167916616,0.9998094862076067,0.0008542453169914399,1.0,0.005198346215084379,0.0008542453169914399,0.24259594699984818,0.8716129622895571,0.5272605553291498,0.99997757850991,0.18139798370077964,0.8218169321347892,0.4012096580676067,1.0,0.5272605553291498,0.4012096580676067,0.0176086869964538,0.9903643627506615,0.1249220058616345,0.9999996088429295,0.009836198805980604,0.9907057489500972,0.06848908798238346,1.0,0.1249220058616345,0.06848908798238346
gRNA_14733,controlsgRNA,-0.4266442569595682,-1.4256893160995148,-0.5074523805392779,-0.7865953178661202,-0.5074523805392779,-0.7865953178661202,True,-0.8571475690336914,-0.5861412489141573,-0.793372730806183,4560.021760411246,-0.29945163235968386,-0.14542327958046428,-0.4951824790612555,-0.09849085611408588,-0.17317766774167298,-0.24234518297143248,-0.17317766774167298,-0.24234518297143248,True,-0.4909606983800486,-0.408565057708066,-0.46216286390292666,-0.2638228372980395,-0.2638228372980395,-0.2638228372980395,-0.2638228372980395,True,-0.4655242470293682,-0.4655242470293682,-0.4655242470293682,0.0,0.0,0.0,0.0,True,,,,0.0,0.0,0.0,0.0,True,,,,0.20960255007933062,-0.2516567517882771,-0.02102710085447325,-0.02102710085447325,,False,-0.08786627769685144,-0.08786627769685144,,,,,,non-targeting control,,0,0.0,0.0,0.0,0.0,0,0.0,0.0,0.0,0.0,0,0.0,0.0,0.0,0.0,0,0.0,0.0,0.0,0.0,0,0.0,0.0,0.0,0.0,0.47875212478752127,0.5263473652634737,0.7004311242027549,1.0,0.47875212478752127,0.5263473652634737,0.7004311242027549,1.0,0.7004311242027549,0.7004311242027549,0.5526542809675773,0.8179765996745241,0.821336006497269,0.9999999999819025,0.3485740124057304,0.653649055561946,0.5649302959679079,1.0,0.821336006497269,0.5649302959679079,0.3244373170005304,0.7874971137553367,0.6420443746957865,0.99997757850991,0.26397347182395325,0.7386823704590488,0.5453517879439913,1.0,0.6420443746957865,0.5453517879439913,0.9106331860288395,0.20755733831127107,0.9999269884937744,0.9999996088429295,0.8644316449214062,0.13764234290530764,1.0,0.9382540579490365,0.9999269884937744,0.9382540579490365
gRNA_14734,controlsgRNA,0.8536638425564497,0.21888790808926784,0.518489546787583,0.5303470991444335,0.518489546787583,0.5303470991444335,True,0.3568135203292506,0.3102277046853801,0.3029936594797142,2313.7548495833475,-0.6769388774019746,-0.10986229999973077,-0.04289993211860237,-0.5852372449337497,-0.8856309238853808,-0.4601138556678876,-0.5852372449337497,-0.4601138556678876,True,-0.8037903330235401,-0.9823965131720376,-0.7321840481965975,-0.1764234173009575,-0.1764234173009575,-0.1764234173009575,-0.1764234173009575,True,-0.3371297527055346,-0.3371297527055346,-0.3371297527055346,0.0,0.0,0.0,0.0,True,,,,0.0,0.0,0.0,0.0,True,,,,0.1939497274463157,-0.2059167115568377,-0.005983492055260997,-0.005983492055260997,,False,-0.07064763697959049,-0.07064763697959049,,,,,,non-targeting control,,0,0.0,0.0,0.0,0.0,0,0.0,0.0,0.0,0.0,0,0.0,0.0,0.0,0.0,0,0.0,0.0,0.0,0.0,0,0.0,0.0,0.0,0.0,0.33746625337466263,0.6667333266673333,0.5614482799507662,1.0,0.3374662533746625,0.6667333266673333,0.561448279950766,1.0,0.5614482799507662,0.561448279950766,0.7908075965350838,0.3152750186946212,0.9924918833377505,0.9999999999819025,0.7573559714215787,0.24508044855775069,0.9653079500153005,1.0,0.9924918833377505,0.9653079500153005,0.3184283725796123,0.8050792611833495,0.6368567451592246,0.99997757850991,0.252588909458008,0.7501842351075327,0.5276301664233944,1.0,0.6368567451592246,0.5276301664233944,0.18077010662430287,0.9453020433746243,0.5525980495181941,0.9999996088429295,0.10522621671540983,0.8966795098095055,0.3662129015092491,1.0,0.5525980495181941,0.3662129015092491
gRNA_14735,controlsgRNA,-0.8282281913548045,-3.9403917991840354,-2.1290302126989267,-2.299216734412589,-2.1290302126989267,-2.299216734412589,True,-2.2514860905255936,-2.002919319755258,-2.0526436456975987,3090.0714838270565,-0.05612871341909662,-0.6292123207252688,-0.13030390261825214,-0.0271377495386713,-0.07910068522985672,-0.18437667430622912,-0.07910068522985672,-0.18437667430622912,True,-0.40768762166969574,-0.27755407097580037,-0.3902850994490179,-0.030985961295944425,-0.030985961295944425,-0.030985961295944425,-0.030985961295944425,True,-0.1234742316490803,-0.1234742316490803,-0.1234742316490803,0.0,0.0,0.0,0.0,True,,,,0.0,0.0,0.0,0.0,True,,,,-1.0529688123197212,-0.46908396636232935,-0.7610263893410253,-0.7610263893410253,-0.7610263893410253,True,-0.9348559893773289,-0.9348559893773289,-0.8517396837707751,,,,,non-targeting control,,0,0.0,0.0,0.0,0.0,0,0.0,0.0,0.0,0.0,0,0.0,0.0,0.0,0.0,0,0.0,0.0,0.0,0.0,0,0.0,0.0,0.0,0.0,0.16908309169083094,0.835916408359164,0.34931451909754085,1.0,0.16908309169083097,0.8359164083591639,0.3493145190975409,1.0,0.34931451909754085,0.3493145190975409,0.4031374920751448,0.8477365603184271,0.6638520641190873,0.9999999999819025,0.25230929264367247,0.7501210936654388,0.4371810784977919,1.0,0.6638520641190873,0.4371810784977919,0.8564628648368074,0.2088188715487404,0.9686332769618934,0.99997757850991,0.8339700469517448,0.16952542931514408,0.9618795633553866,1.0,0.9686332769618934,0.9618795633553866,0.9957933035071614,0.002994388377629501,0.9999269884937744,0.2713029512891915,0.9985987018175375,0.001845283651104077,1.0,0.16269291783024675,0.2713029512891915,0.16269291783024675
gRNA_14736,controlsgRNA,-0.6953040494924816,-0.03565670888439057,-0.5125239240115858,-0.4144948941294859,-0.5125239240115858,-0.4144948941294859,True,-0.5141443899143442,-0.5905722737064201,-0.48359578602370107,7387.123000122245,-0.34171198340993764,-0.9990648132679858,-0.915769564421335,-0.1372193133344977,-0.31579149275477,-0.5419114334377052,-0.34171198340993764,-0.5419114334377052,True,-0.9212944076528711,-0.6432648365957786,-0.8336085485541246,-0.370114273103815,-0.370114273103815,-0.370114273103815,-0.370114273103815,True,-0.6216721385335956,-0.6216721385335956,-0.6216721385335956,0.0,0.0,0.0,0.0,True,,,,0.0,0.0,0.0,0.0,True,,,,-0.593272662056824,0.4658447787086504,-0.06371394167408684,-0.06371394167408684,,False,-0.13672485845616525,-0.13672485845616525,,,,,,non-targeting control,,0,0.0,0.0,0.0,0.0,0,0.0,0.0,0.0,0.0,0,0.0,0.0,0.0,0.0,0,0.0,0.0,0.0,0.0,0,0.0,0.0,0.0,0.0,0.6520347965203479,0.35306469353064707,0.828260417201523,1.0,0.652034796520348,0.35306469353064696,0.8282604172015231,1.0,0.828260417201523,0.8282604172015231,0.8783535908073983,0.19299341682976837,0.9998382435532929,0.9999999999819025,0.8591863292433729,0.14259706508090897,1.0,0.9087541774647758,0.9998382435532929,0.9087541774647758,0.2716928657559402,0.6679453214854877,0.5675362084679639,0.99997757850991,0.28770507095753217,0.7165905162613722,0.5676137292888046,1.0,0.5675362084679639,0.5676137292888046,0.7815309069801808,0.4650107153519666,0.994149805426301,0.9999996088429295,0.669088758518383,0.33349739350780594,0.9148268116469527,1.0,0.994149805426301,0.9148268116469527
gRNA_14737,controlsgRNA,0.36390086683328343,0.47022951990811973,0.10617119929354533,0.3134338620116495,0.36390086683328343,0.3134338620116495,True,0.15686231043147855,0.17516304888169743,0.12241144135939577,1851.0975125407676,-0.5427948666688301,0.5447758219737246,0.06921076086587659,0.5388472736715669,-0.6179153802344876,-0.001575278078429898,0.06921076086587659,,False,-0.14508927230117594,-0.07101652716958043,,-0.3306258859470464,-0.3306258859470464,-0.3306258859470464,-0.3306258859470464,True,-0.5636615533280376,-0.5636615533280376,-0.5636615533280376,0.0,0.0,0.0,0.0,True,,,,0.0,0.0,0.0,0.0,True,,,,-0.033710719260483045,-0.04774891664872377,-0.04072981795460341,-0.04072981795460341,-0.04072981795460341,True,-0.11041764894220979,-0.11041764894220979,-0.11790341197019436,,,,,non-targeting control,,0,0.0,0.0,0.0,0.0,0,0.0,0.0,0.0,0.0,0,0.0,0.0,0.0,0.0,0,0.0,0.0,0.0,0.0,0,0.0,0.0,0.0,0.0,0.5861413858614138,0.4189581041895809,0.7871041467281843,1.0,0.5861413858614138,0.418958104189581,0.7871041467281843,1.0,0.7871041467281843,0.7871041467281843,0.0997329222869193,0.8194924850481189,0.22865596817001008,0.9999999999819025,0.1075402413009483,0.8947834886315886,0.23238580878825613,1.0,0.22865596817001008,0.23238580878825613,0.36741373952445333,0.7988240798832844,0.6866286471847612,0.99997757850991,0.28199039460332365,0.7216434742880619,0.5676137292888046,1.0,0.6866286471847612,0.5676137292888046,0.3143566035072544,0.8955123186768219,0.6979161007605451,0.9999996088429295,0.1954343627007531,0.8066470837119493,0.5075397539170097,1.0,0.6979161007605451,0.5075397539170097
gRNA_14738,controlsgRNA,0.2832975073871708,1.1887528358001818,0.7282621189717372,0.7334374873863633,0.7282621189717372,0.7334374873863633,True,0.5440227906548036,0.4935067149433233,0.47206823174841317,1019.8481617202661,-0.7657751279573017,-0.7300587851352244,0.10341942642193397,-0.27291935469568385,-1.3032834823349377,-0.5937234647402427,-0.7300587851352244,-0.768009187530787,True,-0.99572356507857,-1.1840740369967264,-1.1139573359642014,-0.2547903161870243,-0.2547903161870243,-0.2547903161870243,-0.2547903161870243,True,-0.4522549829935557,-0.4522549829935557,-0.4522549829935557,0.0,0.0,0.0,0.0,True,,,,0.0,0.0,0.0,0.0,True,,,,-0.17948924879721834,0.5298634185301879,0.1751870848664848,0.1751870848664848,,False,0.13671690660770225,0.13671690660770225,,,,,,non-targeting control,,0,0.0,0.0,0.0,0.0,0,0.0,0.0,0.0,0.0,0,0.0,0.0,0.0,0.0,0,0.0,0.0,0.0,0.0,0,0.0,0.0,0.0,0.0,0.4535546445355466,0.5516448355164485,0.6767323267673235,1.0,0.45355464453554645,0.5516448355164484,0.6767323267673232,1.0,0.6767323267673235,0.6767323267673232,0.829094353224523,0.11748023546088858,0.9985870049148562,0.9342111501035769,0.8862354296062824,0.1168858317824305,1.0,0.8690100948559968,0.9342111501035769,0.8690100948559968,0.17582482748073552,0.8646384599113458,0.4131883445797285,0.99997757850991,0.14742908604310295,0.856896450096801,0.3451999433161534,1.0,0.4131883445797285,0.3451999433161534,0.10546599124367653,0.9688815342450497,0.39262586839230074,0.9999996088429295,0.05850433463741569,0.9427770469377652,0.2365336540179387,1.0,0.39262586839230074,0.2365336540179387
gRNA_14739,controlsgRNA,0.006621057414387825,-0.38145430475494707,-0.3743381569474941,-0.2497238014293511,-0.3743381569474941,-0.3778962308512206,True,-0.36225795007756356,-0.46983889872063866,-0.4531270701334761,4225.125831739864,-0.046848166393489966,-0.09800600967596639,-0.41250812998660935,-0.09374805084547572,0.10650546064014048,-0.10892097925228021,-0.09374805084547572,-0.16277758922538538,True,-0.2992938053176076,-0.2979518959388776,-0.36350342116180795,-0.4850545667217121,-0.4850545667217121,-0.4850545667217121,-0.4850545667217121,True,-0.790525671852187,-0.790525671852187,-0.790525671852187,0.0,0.0,0.0,0.0,True,,,,0.0,0.0,0.0,0.0,True,,,,-0.6609651490279173,0.20675492180673127,-0.227105113610593,-0.227105113610593,,False,-0.32373941882509943,-0.32373941882509943,,,,,,non-targeting control,,0,0.0,0.0,0.0,0.0,0,0.0,0.0,0.0,0.0,0,0.0,0.0,0.0,0.0,0,0.0,0.0,0.0,0.0,0,0.0,0.0,0.0,0.0,0.8153184681531848,0.18988101189881013,0.9195928168377192,1.0,0.8153184681531847,0.18988101189881013,0.9195928168377192,1.0,0.9195928168377192,0.9195928168377192,0.29539014011824866,0.9376196229166069,0.52888901278315,0.9999999999819025,0.14822241704729272,0.8533661212605583,0.2948763429088998,1.0,0.52888901278315,0.2948763429088998,0.4276277266897984,0.5884273846664582,0.7375597487860743,0.99997757850991,0.41744692269118955,0.5873810510970875,0.7022588828243694,1.0,0.7375597487860743,0.7022588828243694,0.698468632449873,0.586798195868389,0.9518438013530711,0.9999996088429295,0.5606761708501549,0.44143434338579984,0.8602651282762629,1.0,0.9518438013530711,0.8602651282762629
gRNA_14740,controlsgRNA,-1.5014745116183161,-9.32367849560068,-9.728136676528532,-6.851096561249176,-9.32367849560068,-6.851096561249176,True,-6.447421252048652,-8.288908010815653,-5.842124484269473,156.33108734020726,0.5922181870209162,2.6216379784803605,1.2096847726140514,1.8027327494723338,0.5562627146496154,1.3565072804474554,1.2096847726140514,1.3565072804474554,True,1.8058271076298418,1.5172000762154938,1.5203263083803416,0.07808215506594471,0.07808215506594471,0.07808215506594471,0.07808215506594471,True,0.03675275438361117,0.03675275438361117,0.03675275438361117,0.0,0.0,0.0,0.0,True,,,,0.0,0.0,0.0,0.0,True,,,,-0.4694671880302137,-0.640841898399634,-0.5551545432149239,-0.5551545432149239,-0.5551545432149239,True,-0.699218822819914,-0.699218822819914,-0.6419979828779185,,,,,non-targeting control,,0,0.0,0.0,0.0,0.0,0,0.0,0.0,0.0,0.0,0,0.0,0.0,0.0,0.0,0,0.0,0.0,0.0,0.0,0,0.0,0.0,0.0,0.0,0.09479052094790523,0.9115088491150884,0.22000762886674302,1.0,0.09479052094790524,0.9115088491150884,0.22000762886674305,1.0,0.22000762886674302,0.22000762886674305,1.3927154163735535e-05,0.9999997885958448,0.00013427205039909132,0.9999999999819025,1.551599024077279e-06,0.9999988471139105,1.4959005975719408e-05,1.0,0.00013427205039909132,1.4959005975719408e-05,0.7689103518355878,0.3986197320203108,0.9590316395902225,0.99997757850991,0.690148405610821,0.3124658808109851,0.9075939200807234,1.0,0.9590316395902225,0.9075939200807234,0.9998928704065404,6.70329801584331e-05,0.9999269884937744,0.025204400539570845,1.0,2.8962912699287202e-05,1.0,0.010890055174931988,0.025204400539570845,0.010890055174931988
gRNA_14741,controlsgRNA,1.6383974062988926,-0.29146450643420824,-0.02472250398984123,0.4407367986249477,-0.02472250398984123,-0.15809350521202473,True,0.27421050243594536,-0.16437851284849825,-0.2701393268796149,1669.128675953719,-0.31377485946611405,-0.2250339369984621,-0.5029117094504769,-0.3970747556931451,-0.4318024163095884,-0.3741195355835573,-0.3970747556931451,-0.3741195355835573,True,-0.6802575429289142,-0.7203626689390483,-0.625555818046771,-0.7710385705459661,-0.7710385705459661,-0.7710385705459661,-0.7710385705459661,True,-1.2106517042325655,-1.2106517042325655,-1.2106517042325655,0.0,0.0,0.0,0.0,True,,,,0.0,0.0,0.0,0.0,True,,,,-1.2516363010469684,0.2734243388078336,-0.4891059811195674,-0.4891059811195674,,False,-0.6236208412590536,-0.6236208412590536,,,,,,non-targeting control,,0,0.0,0.0,0.0,0.0,0,0.0,0.0,0.0,0.0,0,0.0,0.0,0.0,0.0,0,0.0,0.0,0.0,0.0,0,0.0,0.0,0.0,0.0,0.9631036896310369,0.04189581041895812,0.9894179980909013,1.0,0.9631036896310369,0.04189581041895811,0.9894179980909013,1.0,0.9894179980909013,0.9894179980909013,0.806814708488456,0.6086964071454937,0.9924918833377505,0.9999999999819025,0.616299639699416,0.38564895524892623,0.8395966106050016,1.0,0.9924918833377505,0.8395966106050016,0.4440106307629045,0.2540601536346091,0.750362312862541,0.99997757850991,0.6218921819846441,0.38457152870591255,0.8529731902283183,1.0,0.750362312862541,0.8529731902283183,0.15696595738078867,0.8245109548958239,0.5087862066825564,0.9999996088429295,0.15449832951208936,0.8505408372503696,0.4503207123763225,1.0,0.5087862066825564,0.4503207123763225
gRNA_14742,controlsgRNA,-0.10112868504974694,-2.99143115278458,-0.6485259470616704,-1.2470285949653324,-0.6485259470616704,-1.2470285949653324,True,-1.281576211794789,-0.7093977041150022,-1.1766875693749554,2300.1201189994717,-0.4883664609091637,0.06360992883942865,0.11522291888153295,-0.0332098414645261,-0.3349022474370672,-0.1355291404179591,-0.0332098414645261,,False,-0.33751703197793137,-0.21364678395246228,,-0.2603521028441504,-0.2603521028441504,-0.2603521028441504,-0.2603521028441504,True,-0.46042554963350124,-0.46042554963350124,-0.46042554963350124,0.0,0.0,0.0,0.0,True,,,,0.0,0.0,0.0,0.0,True,,,,-0.360463129429478,-0.4301763440565329,-0.39531973674300547,-0.39531973674300547,-0.39531973674300547,True,-0.5162748136073763,-0.5162748136073763,-0.4791586981378065,,,,,non-targeting control,,0,0.0,0.0,0.0,0.0,0,0.0,0.0,0.0,0.0,0,0.0,0.0,0.0,0.0,0,0.0,0.0,0.0,0.0,0,0.0,0.0,0.0,0.0,0.4691530846915306,0.5351464853514647,0.6917708229177079,1.0,0.46915308469153083,0.5351464853514648,0.6917708229177082,1.0,0.6917708229177079,0.6917708229177082,0.3299705803609352,0.8864282969442437,0.5743932324801464,0.9999999999819025,0.1977679022447092,0.8039043870867013,0.3627352743610276,1.0,0.5743932324801464,0.3627352743610276,0.647850393917013,0.546128433127197,0.8954560738124527,0.99997757850991,0.5537930167462761,0.44987585096414834,0.8116455769250094,1.0,0.8954560738124527,0.8116455769250094,0.8888128672296789,0.05694510916344973,0.9999269884937744,0.8180783335421034,0.9394580155947885,0.06566839451538124,1.0,0.6022272277508133,0.8180783335421034,0.6022272277508133
gRNA_14743,controlsgRNA,-0.9509054178631611,-0.5978574332275641,-1.0919550913768128,-0.8802393141558461,-0.9509054178631611,-0.8802393141558461,True,-0.9434688586206939,-0.9735876768735293,-0.8713321987813798,3015.6020341658714,-0.6256660237086995,-0.41629173948563014,0.2609015833217071,-0.40481632258195244,-0.8570983944767053,-0.4085941793862561,-0.41629173948563014,-0.5759681200632468,True,-0.7297811502123887,-0.7471241141029087,-0.8758369680135452,-0.12677529468260643,-0.12677529468260643,-0.12677529468260643,-0.12677529468260643,True,-0.2641939643682241,-0.2641939643682241,-0.2641939643682241,0.0,0.0,0.0,0.0,True,,,,0.0,0.0,0.0,0.0,True,,,,-0.9236727915920825,-0.9602205983936716,-0.941946694992877,-0.941946694992877,-0.941946694992877,True,-1.141934077026045,-1.141934077026045,-1.0360608201841133,,,,,non-targeting control,,0,0.0,0.0,0.0,0.0,0,0.0,0.0,0.0,0.0,0,0.0,0.0,0.0,0.0,0,0.0,0.0,0.0,0.0,0,0.0,0.0,0.0,0.0,0.25587441255874405,0.7492250774922509,0.46703290835964933,1.0,0.25587441255874405,0.7492250774922508,0.46703290835964933,1.0,0.46703290835964933,0.46703290835964933,0.7084498323630559,0.38063838511717174,0.947092222241653,0.9999999999819025,0.6886412236313043,0.31397067704825576,0.9085231581942822,1.0,0.947092222241653,0.9085231581942822,0.9413746886582551,0.14264489935268612,0.9998782003827794,0.99997757850991,0.9053301609956642,0.09711560658315627,0.9776426727155132,1.0,0.9998782003827794,0.9776426727155132,0.9523104301716111,0.173730897476144,0.9999269884937744,0.9999996088429295,0.9038685309280967,0.09781373761974083,1.0,0.8172881187782789,0.9999269884937744,0.8172881187782789
gRNA_14744,controlsgRNA,-0.431544295285179,-0.6951954355282847,0.8958315521202587,-0.07696939289773501,-0.431544295285179,-0.5633698654067318,True,-0.20301246806981774,-0.5198200964818294,-0.6075355367332742,2749.696520946351,-0.00031429572497579833,-0.4537981384723781,-0.385724485483703,-0.03445389102057634,-0.1444303899106453,-0.2037442401224557,-0.1444303899106453,-0.2037442401224557,True,-0.435509568982885,-0.3685317877842939,-0.4142998165055556,-0.039163148059232586,-0.039163148059232586,-0.039163148059232586,-0.039163148059232586,True,-0.13548696307795,-0.13548696307795,-0.13548696307795,0.0,0.0,0.0,0.0,True,,,,0.0,0.0,0.0,0.0,True,,,,-1.04571066661194,-1.293915555909224,-1.169813111260582,-1.169813111260582,-1.169813111260582,True,-1.402745828089985,-1.402745828089985,-1.268210531879387,,,,,non-targeting control,,0,0.0,0.0,0.0,0.0,0,0.0,0.0,0.0,0.0,0,0.0,0.0,0.0,0.0,0,0.0,0.0,0.0,0.0,0,0.0,0.0,0.0,0.0,0.1735826417358264,0.831016898310169,0.3566506737304411,1.0,0.17358264173582638,0.8310168983101691,0.35665067373044107,1.0,0.3566506737304411,0.35665067373044107,0.4644570809607502,0.8482742481755807,0.7276494268385086,0.9999999999819025,0.28602028498846266,0.7155967965928112,0.48405777386618365,1.0,0.7276494268385086,0.48405777386618365,0.9803647260298572,0.054513345408173104,0.9999687187655443,0.99997757850991,0.9668948402025197,0.03467448606666192,1.0,0.7669180447685225,0.9999687187655443,0.7669180447685225,0.4484523413629621,0.6005894035487767,0.826559217414087,0.9999996088429295,0.42747448147559214,0.5765004084145178,0.7653828811182032,1.0,0.826559217414087,0.7653828811182032
gRNA_14745,controlsgRNA,0.8286999094382835,-0.9302064170556452,-0.9091457902954379,-0.33688409930426655,-0.9091457902954379,-0.9196761036755415,True,-0.4426025488927621,-0.9371021481427586,-0.9041636802582398,1976.517521193164,-0.10585391013438086,-0.7714406438714169,-0.5384387172492678,-0.4931732712683978,-0.1280932000550798,-0.4073999485157086,-0.4931732712683978,-0.4073999485157086,True,-0.7280656104963796,-0.8541888293118953,-0.6668217007949656,-0.26063908924794704,-0.26063908924794704,-0.26063908924794704,-0.26063908924794704,True,-0.46084714824587786,-0.46084714824587786,-0.46084714824587786,0.0,0.0,0.0,0.0,True,,,,0.0,0.0,0.0,0.0,True,,,,-0.9697394636884545,-0.533232309197563,-0.7514858864430087,-0.7514858864430087,-0.7514858864430087,True,-0.9239361034739189,-0.9239361034739189,-0.8420198442548001,,,,,non-targeting control,,0,0.0,0.0,0.0,0.0,0,0.0,0.0,0.0,0.0,0,0.0,0.0,0.0,0.0,0,0.0,0.0,0.0,0.0,0,0.0,0.0,0.0,0.0,0.47375262473752633,0.530946905309469,0.6958241675832418,1.0,0.4737526247375263,0.5309469053094691,0.6958241675832417,1.0,0.6958241675832418,0.6958241675832417,0.7809866455544077,0.46349329442108256,0.9924918833377505,0.9999999999819025,0.6753904933822649,0.3277812528855078,0.9066955095366028,1.0,0.9924918833377505,0.9066955095366028,0.860434879003384,0.24063900136487046,0.9686332769618934,0.99997757850991,0.8175337383838817,0.1850917465551355,0.9546356696656506,1.0,0.9686332769618934,0.9546356696656506,0.5776031857286597,0.3587282060301815,0.9202491433643053,0.9999996088429295,0.634327135184032,0.3682337510632211,0.8848201737024216,1.0,0.9202491433643053,0.8848201737024216
gRNA_14746,controlsgRNA,-0.14508902569381196,-1.2465673573035747,-0.9804651181274616,-0.790707167041616,-0.9804651181274616,-0.790707167041616,True,-0.8609378827481755,-0.9994140875980276,-0.7967958821753762,9656.387829227862,-0.02193871960197227,-0.5355447630969121,-0.3170369023688002,-0.4183174961755709,-0.15456851654620382,-0.2894812795578919,-0.3170369023688002,-0.2894812795578919,True,-0.5586727695934139,-0.6089024811227808,-0.5206090327924144,-0.4633547538155825,-0.4633547538155825,-0.4633547538155825,-0.4633547538155825,True,-0.7586474682542989,-0.7586474682542989,-0.7586474682542989,0.0,0.0,0.0,0.0,True,,,,0.0,0.0,0.0,0.0,True,,,,0.11657401465814198,-1.3120631326357521,-0.5977445589888051,-0.5977445589888051,,False,-0.7479665793948748,-0.7479665793948748,,,,,,non-targeting control,,0,0.0,0.0,0.0,0.0,0,0.0,0.0,0.0,0.0,0,0.0,0.0,0.0,0.0,0,0.0,0.0,0.0,0.0,0,0.0,0.0,0.0,0.0,0.7967203279672033,0.2083791620837916,0.9131329291313295,1.0,0.7967203279672033,0.20837916208379154,0.9131329291313294,1.0,0.9131329291313295,0.9131329291313294,0.6325915772848222,0.7229470880456813,0.8968952481391996,0.9999999999819025,0.45051625463407535,0.5519633535168069,0.6748769392127982,1.0,0.8968952481391996,0.6748769392127982,0.5905455469323242,0.2059185795200169,0.8559129832153058,0.99997757850991,0.7282792987167612,0.2778477434516234,0.9251115416131831,1.0,0.8559129832153058,0.9251115416131831,0.9054646326061089,0.20316236423252157,0.9999269884937744,0.9999996088429295,0.8661985489560767,0.13564410133351168,1.0,0.9382540579490365,0.9999269884937744,0.9382540579490365
gRNA_14747,controlsgRNA,0.18781352101283022,0.4535173023664027,-0.24917162221855294,0.1307197337202267,0.18781352101283022,0.3206654116896165,True,-0.011564068245090786,0.02131493554212768,0.12843177141650125,1791.1560411220414,-0.4183607097621302,-0.013875145330961304,0.42265935047910286,0.6400680003145777,0.1717135706066843,0.16044101326145466,0.1717135706066843,,False,0.08765080274532362,0.07172821111203052,,-0.2109588690938232,-0.2109588690938232,-0.2109588690938232,-0.2109588690938232,True,-0.38786420688541545,-0.38786420688541545,-0.38786420688541545,0.0,0.0,0.0,0.0,True,,,,0.0,0.0,0.0,0.0,True,,,,-0.8041418760248245,-0.992978422156623,-0.8985601490907238,-0.8985601490907238,-0.8985601490907238,True,-1.0922746265695,-1.0922746265695,-0.9918587201659804,,,,,non-targeting control,,0,0.0,0.0,0.0,0.0,0,0.0,0.0,0.0,0.0,0,0.0,0.0,0.0,0.0,0,0.0,0.0,0.0,0.0,0,0.0,0.0,0.0,0.0,0.3816618338166183,0.6234376562343764,0.6029615525842373,1.0,0.38166183381661833,0.6234376562343765,0.6029615525842373,1.0,0.6029615525842373,0.6029615525842373,0.03721846549221344,0.9840261659476037,0.09392042298706212,0.9999999999819025,0.018118496779978725,0.9825482195245404,0.04730940825883334,1.0,0.09392042298706212,0.04730940825883334,0.9330271775357503,0.15425547025834888,0.993819316581989,0.99997757850991,0.8958652339311763,0.1069686994424962,0.9776426727155132,1.0,0.993819316581989,0.9776426727155132,0.43663273999715313,0.7981049898709379,0.8160198047161652,0.9999996088429295,0.3103180141600124,0.6928583450859838,0.6555032209222734,1.0,0.8160198047161652,0.6555032209222734
gRNA_14748,controlsgRNA,1.0352541405820173,0.7398981251210008,-0.23575314446461648,0.5131330404128005,0.7398981251210008,0.887576132851509,True,0.34094555433446766,0.5036731331179557,0.6003900384951278,2730.555933330311,-0.43129162973895707,-0.6633717680892186,-0.5083536900016083,-0.6841956162946676,0.08981480651662917,-0.43947957952156447,-0.5083536900016083,-0.5718031760311129,True,-0.7741487276077568,-0.8753289805385472,-0.8706726663435742,-0.6710560403506145,-0.6710560403506145,-0.6710560403506145,-0.6710560403506145,True,-1.0637719376840211,-1.0637719376840211,-1.0637719376840211,0.0,0.0,0.0,0.0,True,,,,0.0,0.0,0.0,0.0,True,,,,0.09579526461218359,0.24098159511954664,0.1683884298658651,0.1683884298658651,0.1683884298658651,True,0.12893528988403352,0.12893528988403352,0.09514571451761689,,,,,non-targeting control,,0,0.0,0.0,0.0,0.0,0,0.0,0.0,0.0,0.0,0,0.0,0.0,0.0,0.0,0,0.0,0.0,0.0,0.0,0,0.0,0.0,0.0,0.0,0.9292070792920708,0.07569243075692432,0.9732085287292999,1.0,0.9292070792920708,0.07569243075692435,0.9732085287292999,1.0,0.9732085287292999,0.9732085287292999,0.817232003828271,0.38459524208666,0.9924918833377505,0.9999999999819025,0.7422529123419255,0.2597061802403071,0.9590621822699793,1.0,0.9924918833377505,0.9590621822699793,0.2101932131007774,0.8984335503155623,0.4761002899150139,0.99997757850991,0.15178467997748502,0.85066619882693,0.3520228044769337,1.0,0.4761002899150139,0.3520228044769337,0.16800549213423327,0.9036344854686224,0.5308408827098463,0.9999996088429295,0.1184025484372963,0.8836919922675055,0.38356806066328913,1.0,0.5308408827098463,0.38356806066328913
gRNA_14749,controlsgRNA,0.2784922333997102,0.16097723002564904,1.045733664138063,0.49506770918780746,0.2784922333997102,0.49506770918780746,True,0.32429288304806686,0.10054123517076644,0.2736232504788136,2205.4729843590885,-0.6880685228111896,-0.18779887725240785,-0.28609121469096843,-0.7105607443321922,-1.2317762346345458,-0.6208591187442607,-0.6880685228111896,-0.6208591187442607,True,-1.0347045471582175,-1.1255986740190977,-0.9314993389040956,-0.2831072121098053,-0.2831072121098053,-0.2831072121098053,-0.2831072121098053,True,-0.49385404089288126,-0.49385404089288126,-0.49385404089288126,0.0,0.0,0.0,0.0,True,,,,0.0,0.0,0.0,0.0,True,,,,-1.4740790356438496,-0.5020139056912152,-0.9880464706675324,-0.9880464706675324,-0.9880464706675324,True,-1.1946990408776563,-1.1946990408776563,-1.0830271516311962,,,,,non-targeting control,,0,0.0,0.0,0.0,0.0,0,0.0,0.0,0.0,0.0,0,0.0,0.0,0.0,0.0,0,0.0,0.0,0.0,0.0,0,0.0,0.0,0.0,0.0,0.5293470652934706,0.47455254474552544,0.7426660319042723,1.0,0.5293470652934706,0.47455254474552544,0.7426660319042723,1.0,0.7426660319042723,0.7426660319042723,0.9213884157676118,0.12445868263582714,0.9998382435532929,0.9359292934214202,0.913954595356504,0.08756737267601339,1.0,0.8243302603903552,0.9359292934214202,0.8243302603903552,0.893968443458412,0.08830488617128854,0.9799770692138859,0.99997757850991,0.920050431369093,0.08288708010987123,0.9776426727155132,1.0,0.9799770692138859,0.9776426727155132,0.1947159042244036,0.9260355843946375,0.5764817321919351,0.9999996088429295,0.12271216334474211,0.8789696013678856,0.3877291883833868,1.0,0.5764817321919351,0.3877291883833868
gRNA_14750,controlsgRNA,0.7837307488181376,0.9381596528308832,0.29423793417091326,0.6720427786066447,0.7837307488181376,0.6720427786066447,True,0.48742898170108206,0.5419698456222368,0.4209565852724272,2128.798487717063,-0.533643873231088,-0.1304854670960736,-0.5193200965902637,-0.5224087921670361,-0.5156688576446218,-0.44430541734581663,-0.5193200965902637,-0.44430541734581663,True,-0.7810811530329411,-0.890600726184795,-0.7125824536021859,-0.09896497757327154,-0.09896497757327154,-0.09896497757327154,-0.09896497757327154,True,-0.22333909825632403,-0.22333909825632403,-0.22333909825632403,0.0,0.0,0.0,0.0,True,,,,0.0,0.0,0.0,0.0,True,,,,-1.3505531041868246,-1.0430666169989673,-1.196809860592896,-1.196809860592896,-1.196809860592896,True,-1.433645815818422,-1.433645815818422,-1.2957147498192665,,,,,non-targeting control,,0,0.0,0.0,0.0,0.0,0,0.0,0.0,0.0,0.0,0,0.0,0.0,0.0,0.0,0,0.0,0.0,0.0,0.0,0,0.0,0.0,0.0,0.0,0.222977702229777,0.7826217378262174,0.42994674891485213,1.0,0.22297770222977709,0.7826217378262175,0.42994674891485224,1.0,0.42994674891485213,0.42994674891485224,0.8847743776480502,0.4206351202805224,0.9998382435532929,0.9999999999819025,0.7625373261860698,0.23937525774908114,0.9686284954255482,1.0,0.9998382435532929,0.9686284954255482,0.9820410154952108,0.047925389486061884,0.9999687187655443,0.99997757850991,0.9710552845985331,0.03063063346789678,1.0,0.7241491704174918,0.9999687187655443,0.7241491704174918,0.11878831410881534,0.9685392919093071,0.4213623217444771,0.9999996088429295,0.064439089916724,0.9371175341146881,0.25504313482829705,1.0,0.4213623217444771,0.25504313482829705
gRNA_14751,controlsgRNA,0.18348464824220456,0.06089511267557651,0.7157627102833812,0.32004749040038744,0.18348464824220456,0.32004749040038744,True,0.16295877100540326,0.01753278466953252,0.12791734639335506,2217.488327956613,-0.12449513079872579,-0.3037373728086239,-0.3930024185447057,-0.5123220988696644,-0.3816009279675121,-0.34303158979784637,-0.3816009279675121,-0.34303158979784637,True,-0.6355990041154985,-0.6988139182804518,-0.5870084740492441,-0.5124905183625479,-0.5124905183625479,-0.5124905183625479,-0.5124905183625479,True,-0.8308305747604199,-0.8308305747604199,-0.8308305747604199,0.0,0.0,0.0,0.0,True,,,,0.0,0.0,0.0,0.0,True,,,,0.21287248054349667,0.2595232243495686,0.23619785244653263,0.23619785244653263,0.23619785244653263,True,0.20654872029459936,0.20654872029459936,0.1642297777164289,,,,,non-targeting control,,0,0.0,0.0,0.0,0.0,0,0.0,0.0,0.0,0.0,0,0.0,0.0,0.0,0.0,0,0.0,0.0,0.0,0.0,0,0.0,0.0,0.0,0.0,0.8462153784621538,0.15878412158784116,0.9330703293307033,1.0,0.8462153784621538,0.15878412158784133,0.9330703293307033,1.0,0.9330703293307033,0.9330703293307033,0.7471626340838524,0.6611868889096559,0.9788611512736185,0.9999999999819025,0.5513572204209289,0.4512407370559805,0.7735459510383182,1.0,0.9788611512736185,0.7735459510383182,0.1570306603469378,0.9334070549969189,0.382308130065014,0.99997757850991,0.10814292121742536,0.8942563438092415,0.2804257819155306,1.0,0.382308130065014,0.2804257819155306,0.2865305402952409,0.8932474005224144,0.6950676332323262,0.9999996088429295,0.18393886651942304,0.8177455409169087,0.501166766748573,1.0,0.6950676332323262,0.501166766748573
gRNA_14752,controlsgRNA,-0.23500130453183807,0.15496334731905326,-0.3061492560448366,-0.1287290710858738,-0.23500130453183807,-0.2705752802883373,True,-0.2507246797100058,-0.34809981654558775,-0.36378141488624544,4370.098372546353,-0.3494927244238146,0.26912210285518967,-0.026293581134623475,-0.04508822927140883,-0.8423951324154939,-0.19882951287803025,-0.04508822927140883,-0.31581741681133524,True,-0.42844945189070305,-0.23018854864153226,-0.5532643953973371,0.22834217467905946,0.22834217467905946,0.22834217467905946,0.22834217467905946,True,0.25749288327644937,0.25749288327644937,0.25749288327644937,0.0,0.0,0.0,0.0,True,,,,0.0,0.0,0.0,0.0,True,,,,0.4076412425864889,0.0635672110056467,0.23560422679606782,0.23560422679606782,0.23560422679606782,True,0.2058692671838246,0.2058692671838246,0.1636249934491044,,,,,non-targeting control,,0,0.0,0.0,0.0,0.0,0,0.0,0.0,0.0,0.0,0,0.0,0.0,0.0,0.0,0,0.0,0.0,0.0,0.0,0,0.0,0.0,0.0,0.0,0.02889711028897111,0.9763023697630236,0.0810844288705458,1.0,0.028897110288971104,0.9763023697630236,0.08108442887054579,1.0,0.0810844288705458,0.08108442887054579,0.3440286355322398,0.7217249753992576,0.5853156876023627,0.9999999999819025,0.2870874563089334,0.7157467175250105,0.48405777386618365,1.0,0.5853156876023627,0.48405777386618365,0.1538899352733052,0.9188781202264757,0.382308130065014,0.99997757850991,0.11274304608572383,0.8903152183505953,0.2845059418002159,1.0,0.382308130065014,0.2845059418002159,0.6318714746498653,0.6552084348263438,0.9213348530185991,0.9999996088429295,0.4894171772817402,0.5138355413689051,0.8178704829241525,1.0,0.9213348530185991,0.8178704829241525
gRNA_14753,controlsgRNA,1.3992201576082,0.07801293651540268,1.610141947823895,1.0291250139824992,1.3992201576082,1.0291250139824992,True,0.8165883540850554,1.0797250368407498,0.7182307533586294,670.5048850897113,-0.25046610755380866,-0.11419937824723639,-0.21324570640706955,-0.002519117080935354,-0.21079229586819528,-0.15824452103144904,-0.21079229586819528,-0.15824452103144904,True,-0.3701481911346523,-0.4609469412979649,-0.357882665765476,-0.6629371086454607,-0.6629371086454607,-0.6629371086454607,-0.6629371086454607,True,-1.0518447860991735,-1.0518447860991735,-1.0518447860991735,0.0,0.0,0.0,0.0,True,,,,0.0,0.0,0.0,0.0,True,,,,-0.6213472409445931,-0.7437497363760607,-0.6825484886603269,-0.6825484886603269,-0.6825484886603269,True,-0.8450316131853216,-0.8450316131853216,-0.7717866028566022,,,,,non-targeting control,,0,0.0,0.0,0.0,0.0,0,0.0,0.0,0.0,0.0,0,0.0,0.0,0.0,0.0,0,0.0,0.0,0.0,0.0,0,0.0,0.0,0.0,0.0,0.9196080391960804,0.08489151084891511,0.9685507639712219,1.0,0.9196080391960804,0.08489151084891505,0.9685507639712219,1.0,0.9685507639712219,0.9685507639712219,0.3886229883389366,0.9281048797547177,0.6437103242970933,0.9999999999819025,0.19509463045512931,0.8067226830324965,0.35966406083681124,1.0,0.6437103242970933,0.35966406083681124,0.8502074618259733,0.28947048830456396,0.9686332769618934,0.99997757850991,0.7869648956604358,0.21629857005023434,0.9481315787636498,1.0,0.9686332769618934,0.9481315787636498,0.0335448128986829,0.9774450193807027,0.1911037825743147,0.9999996088429295,0.021031194755456017,0.9801084207923292,0.11981407921290094,1.0,0.1911037825743147,0.11981407921290094
gRNA_14754,controlsgRNA,-0.5349986317554174,-2.6724866087145633,-1.825877183669872,-1.6777874747132842,-1.825877183669872,-1.6777874747132842,True,-1.6786509146497686,-1.738053486540578,-1.535298205628062,2667.4802222867875,-0.605468574665074,0.5376755094131925,-0.03864695537767901,0.3138383019588046,-0.21873297521409535,-0.0022669387769702455,-0.03864695537767901,,False,-0.14608285857298664,-0.22121847300667297,,-0.3798599099390154,-0.3798599099390154,-0.3798599099390154,-0.3798599099390154,True,-0.635989008294986,-0.635989008294986,-0.635989008294986,0.0,0.0,0.0,0.0,True,,,,0.0,0.0,0.0,0.0,True,,,,0.10059666808505519,-0.049746379933886434,0.025425144075584376,0.025425144075584376,,False,-0.03469788395327363,-0.03469788395327363,,,,,,non-targeting control,,0,0.0,0.0,0.0,0.0,0,0.0,0.0,0.0,0.0,0,0.0,0.0,0.0,0.0,0,0.0,0.0,0.0,0.0,0,0.0,0.0,0.0,0.0,0.6708329167083291,0.33406659334066585,0.8379839756888099,1.0,0.6708329167083291,0.3340665933406659,0.8379839756888099,1.0,0.8379839756888099,0.8379839756888099,0.1194704389071497,0.9099910209785719,0.26116793621562956,0.9999999999819025,0.08540820501213864,0.9165696197538398,0.19115169693192935,1.0,0.26116793621562956,0.19115169693192935,0.323517283641795,0.8266791215152567,0.6420443746957865,0.99997757850991,0.2453052166428767,0.7577926598161189,0.5181728171782114,1.0,0.6420443746957865,0.5181728171782114,0.986100247350305,0.014421187160652393,0.9999269884937744,0.45186386436710835,0.9914427452026204,0.009333349245110286,1.0,0.29244494301345564,0.45186386436710835,0.29244494301345564
gRNA_14755,controlsgRNA,-0.8411937178391576,-1.592399571122493,-1.3283063564759128,-1.2539665484791878,-1.3283063564759128,-1.2539665484791878,True,-1.2879716361480786,-1.30332416138706,-1.1824634779885026,3103.9020864163754,-1.4337198617942108,-0.2679889186011913,-0.27597832131198186,-0.17479932210825078,-1.238794978432005,-0.678256280449528,-0.27597832131198186,-0.678256280449528,True,-1.1171568710095006,-0.551724571346552,-1.0026686645322804,-0.702087809457673,-0.702087809457673,-0.702087809457673,-0.702087809457673,True,-1.1093592917260475,-1.1093592917260475,-1.1093592917260475,0.0,0.0,0.0,0.0,True,,,,0.0,0.0,0.0,0.0,True,,,,-0.2578420811003439,-0.4039288137408374,-0.3308854474205907,-0.3308854474205907,-0.3308854474205907,True,-0.4425244992697155,-0.4425244992697155,-0.4135132119161124,,,,,non-targeting control,,0,0.0,0.0,0.0,0.0,0,0.0,0.0,0.0,0.0,0,0.0,0.0,0.0,0.0,0,0.0,0.0,0.0,0.0,0,0.0,0.0,0.0,0.0,0.9338066193380662,0.07089291070892911,0.9753091357530913,1.0,0.9338066193380662,0.07089291070892911,0.9753091357530913,1.0,0.9753091357530913,0.9753091357530913,0.863899820277908,0.056865451713297134,0.9998382435532929,0.712713661473324,0.9299684730697193,0.07338365844989736,1.0,0.7457366372205786,0.712713661473324,0.7457366372205786,0.6036774020232363,0.5897923756738921,0.8696655293514821,0.99997757850991,0.5090861763733391,0.49488899241185486,0.7781154565706321,1.0,0.8696655293514821,0.7781154565706321,0.9868740212372593,0.058474870716697554,0.9999269884937744,0.8180783335421034,0.9720234963995749,0.02893473479830615,1.0,0.47429022901670514,0.8180783335421034,0.47429022901670514
gRNA_14756,controlsgRNA,-0.11783461277963259,-1.0178985731035515,-0.20042980734946628,-0.44538766441088345,-0.20042980734946628,-0.44538766441088345,True,-0.5426214292896686,-0.3178945817966047,-0.5093142947465283,3500.4748111877752,-0.12157552920686235,-0.08734017060449767,0.357754750294416,-0.018142660280379332,-0.610678044525201,-0.09599633086450488,-0.08734017060449767,-0.2094341011542351,True,-0.28072725493651063,-0.2890283240850793,-0.4213549314366597,-0.3485584035367408,-0.3485584035367408,-0.3485584035367408,-0.3485584035367408,True,-0.5900053955178248,-0.5900053955178248,-0.5900053955178248,0.0,0.0,0.0,0.0,True,,,,0.0,0.0,0.0,0.0,True,,,,-1.0261329272950193,-0.8967155988695195,-0.9614242630822694,-0.9614242630822694,-0.9614242630822694,True,-1.1642277468132305,-1.1642277468132305,-1.0559045158481783,,,,,non-targeting control,,0,0.0,0.0,0.0,0.0,0,0.0,0.0,0.0,0.0,0,0.0,0.0,0.0,0.0,0,0.0,0.0,0.0,0.0,0,0.0,0.0,0.0,0.0,0.6055394460553944,0.4000599940006,0.7960938171917075,1.0,0.6055394460553944,0.40005999400059994,0.7960938171917075,1.0,0.7960938171917075,0.7960938171917075,0.22809478999944266,0.8911777723112475,0.43981354379379717,0.9999999999819025,0.1467119164234177,0.8551753917169076,0.2934238328468354,1.0,0.43981354379379717,0.2934238328468354,0.9447559679709958,0.13216741976513977,0.9999687187655443,0.99997757850991,0.91224297579594,0.0901251630864559,0.9776426727155132,1.0,0.9999687187655443,0.9776426727155132,0.787698326062225,0.40193770020828734,0.9943983369545115,0.9999996088429295,0.7030509983256924,0.3000586270406688,0.9407372788984353,1.0,0.9943983369545115,0.9407372788984353
gRNA_14757,controlsgRNA,0.43152468920040515,-0.11593010106227915,0.017561119046416284,0.11105190239484743,0.017561119046416284,0.2245429041234107,True,-0.02969392846734883,-0.12743516749350126,0.048408920542873934,970.2931235266103,-1.1174169221798478,-0.21399082829303806,-0.06657659988762955,-0.46057825587489704,-0.8070476453563189,-0.5331220503183463,-0.46057825587489704,-0.5331220503183463,True,-0.9086682595668085,-0.8087972253803007,-0.8227101966024266,-0.5805762221491998,-0.5805762221491998,-0.5805762221491998,-0.5805762221491998,True,-0.9308521711126767,-0.9308521711126767,-0.9308521711126767,0.0,0.0,0.0,0.0,True,,,,0.0,0.0,0.0,0.0,True,,,,-0.1757108799513655,-0.19171514625240424,-0.18371301310188487,-0.18371301310188487,-0.18371301310188487,True,-0.27407361066703,-0.27407361066703,-0.2635743189620944,,,,,non-targeting control,,0,0.0,0.0,0.0,0.0,0,0.0,0.0,0.0,0.0,0,0.0,0.0,0.0,0.0,0,0.0,0.0,0.0,0.0,0,0.0,0.0,0.0,0.0,0.9002099790020998,0.10518948105189481,0.9612530272396489,1.0,0.9002099790020999,0.1051894810518948,0.9612530272396489,1.0,0.9612530272396489,0.9612530272396489,0.8396773211416331,0.2011193610802978,0.9991097238900444,0.9999999999819025,0.83597632408489,0.1657364545046911,1.0,0.9662396566169507,0.9991097238900444,0.9662396566169507,0.4832413892285241,0.7056086699885932,0.7817914795558419,0.99997757850991,0.3884450033913731,0.6154294334024573,0.6730659966597063,1.0,0.7817914795558419,0.6730659966597063,0.4405638839292062,0.8130281360804759,0.8160198047161652,0.9999996088429295,0.3040608374997066,0.6983191652220992,0.6523667625168094,1.0,0.8160198047161652,0.6523667625168094
gRNA_14758,controlsgRNA,-0.2821097107451101,0.46355083303451966,0.865682340474824,0.3490411542547445,0.46355083303451966,0.6646165867546718,True,0.1896852089290564,0.26222756350073334,0.4147742138572822,2025.7333016290604,-0.703798606686079,-0.6029098828459445,-0.4571727009328052,-0.7399478216134039,-0.08052676530237991,-0.5168711554761225,-0.6029098828459445,-0.5168711554761225,True,-0.8853234807555382,-1.0070073124262322,-0.8025599802430439,-0.36739813417684686,-0.36739813417684686,-0.36739813417684686,-0.36739813417684686,True,-0.6176819829461443,-0.6176819829461443,-0.6176819829461443,0.0,0.0,0.0,0.0,True,,,,0.0,0.0,0.0,0.0,True,,,,-0.991257400484374,0.14207850121403348,-0.4245894496351703,-0.4245894496351703,,False,-0.5497763940402548,-0.5497763940402548,,,,,,non-targeting control,,0,0.0,0.0,0.0,0.0,0,0.0,0.0,0.0,0.0,0,0.0,0.0,0.0,0.0,0,0.0,0.0,0.0,0.0,0,0.0,0.0,0.0,0.0,0.6418358164183582,0.3632636736326366,0.8208512482085125,1.0,0.6418358164183582,0.36326367363263673,0.8208512482085125,1.0,0.8208512482085125,0.8208512482085125,0.9037227554735847,0.2850076942318867,0.9998382435532929,0.9999999999819025,0.8372468853914031,0.16473682870597367,1.0,0.9662396566169507,0.9998382435532929,0.9662396566169507,0.5389215333763575,0.3770681011470906,0.8351266843345865,0.99997757850991,0.5921344360040519,0.4137702352287472,0.8370020599155019,1.0,0.8351266843345865,0.8370020599155019,0.25238879352220644,0.8647254381126426,0.6636236808695778,0.9999996088429295,0.1812719599170617,0.8213758641774923,0.49750552502784817,1.0,0.6636236808695778,0.49750552502784817
gRNA_14759,controlsgRNA,-0.1489427759538834,0.5505962950794019,1.5887318769019882,0.6634617986758355,0.5505962950794019,1.069664085990695,True,0.4795190111434831,0.33827947994015284,0.7519798949073212,1125.585540745106,0.2096603843103265,-0.11844715739508051,0.7185373008943611,-0.29413993291025203,-1.1422443304589152,-0.12532674711191202,-0.11844715739508051,,False,-0.32286106272899967,-0.332347709176857,,-0.8508269405130744,-0.8508269405130744,-0.8508269405130744,-0.8508269405130744,True,-1.3278651527336178,-1.3278651527336178,-1.3278651527336178,0.0,0.0,0.0,0.0,True,,,,0.0,0.0,0.0,0.0,True,,,,-0.028784378288911658,0.5718629208998942,0.27153927130549127,0.27153927130549127,,False,0.2469998648233314,0.2469998648233314,,,,,,non-targeting control,,0,0.0,0.0,0.0,0.0,0,0.0,0.0,0.0,0.0,0,0.0,0.0,0.0,0.0,0,0.0,0.0,0.0,0.0,0,0.0,0.0,0.0,0.0,0.98000199980002,0.023197680231976797,0.9932095739213141,1.0,0.98000199980002,0.023197680231976794,0.9932095739213141,1.0,0.9932095739213141,0.9932095739213141,0.14113471483240758,0.5857526538441159,0.298127262792052,0.9999999999819025,0.20717705198624015,0.7967311442271694,0.37272043802309235,1.0,0.298127262792052,0.37272043802309235,0.12959449417518518,0.9136597697746242,0.34315161837936353,0.99997757850991,0.10124008641834986,0.9015042240062499,0.26807234150210946,1.0,0.34315161837936353,0.26807234150210946,0.10831459454176764,0.9205588229122582,0.3992773288990651,0.9999996088429295,0.0822550379334927,0.9199326203268683,0.302970594394652,1.0,0.3992773288990651,0.302970594394652
gRNA_14760,controlsgRNA,-0.5952753159984979,-1.4299135823396922,-1.529235524553922,-1.1848081409640374,-1.4299135823396922,-1.1848081409640374,True,-1.2242212286577674,-1.392098740434604,-1.1248884825855725,1442.8455871854503,-0.2800452710414998,-1.1143312560210228,-0.2916441811464872,-0.32496558902993244,-1.1207771213686282,-0.6263526837215141,-0.32496558902993244,-0.6263526837215141,True,-1.0425961777745272,-0.6199439179889707,-0.9383110575171758,0.2246126956042922,0.2246126956042922,0.2246126956042922,0.2246126956042922,True,0.2520140759810228,0.2520140759810228,0.2520140759810228,0.0,0.0,0.0,0.0,True,,,,0.0,0.0,0.0,0.0,True,,,,-0.45022256461744803,1.1205341154033908,0.33515577539297137,0.33515577539297137,,False,0.31981415707133515,0.31981415707133515,,,,,,non-targeting control,,0,0.0,0.0,0.0,0.0,0,0.0,0.0,0.0,0.0,0,0.0,0.0,0.0,0.0,0,0.0,0.0,0.0,0.0,0,0.0,0.0,0.0,0.0,0.0350964903509649,0.9712028797120288,0.09775022497750223,1.0,0.0350964903509649,0.9712028797120288,0.09775022497750223,1.0,0.09775022497750223,0.09775022497750223,0.9095115786333892,0.10752112456236744,0.9998382435532929,0.9043036340563311,0.9161761708645986,0.08609383208547877,1.0,0.8243302603903552,0.9043036340563311,0.8243302603903552,0.06618853207499313,0.7878323365779527,0.2109058310186222,0.99997757850991,0.09570899264711796,0.9093140867680438,0.2582746597203398,1.0,0.2109058310186222,0.2582746597203398,0.9778982443770529,0.06564563808795185,0.9999269884937744,0.8180783335421034,0.9648845049436906,0.03611335242003758,1.0,0.5189559880158782,0.8180783335421034,0.5189559880158782
gRNA_14761,controlsgRNA,-0.8352884576137666,1.0286527857353023,-1.441084077952988,-0.41590658327715085,-0.8352884576137666,-1.1381862677833774,True,-0.5154456887968203,-0.8725727452124984,-1.0860753544280963,3750.6594186550597,-0.33996831735412986,0.42017511698514937,-0.3165172201589127,0.24204464194307967,0.3580620198169376,0.07275924824642481,0.24204464194307967,,False,-0.03830604024274848,0.1696707982114967,,-0.18307708128901276,-0.18307708128901276,-0.18307708128901276,-0.18307708128901276,True,-0.34690434644054535,-0.34690434644054535,-0.34690434644054535,0.0,0.0,0.0,0.0,True,,,,0.0,0.0,0.0,0.0,True,,,,-0.982285601414235,-0.6456783828056109,-0.813981992109923,-0.813981992109923,-0.813981992109923,True,-0.9954680080899789,-0.9954680080899789,-0.9056907140138896,,,,,non-targeting control,,0,0.0,0.0,0.0,0.0,0,0.0,0.0,0.0,0.0,0,0.0,0.0,0.0,0.0,0,0.0,0.0,0.0,0.0,0,0.0,0.0,0.0,0.0,0.3515648435156485,0.6530346965303468,0.5772418391348639,1.0,0.35156484351564843,0.653034696530347,0.5772418391348638,1.0,0.5772418391348639,0.5772418391348638,0.07696459527120891,0.9689274324579734,0.18432285236926466,0.9999999999819025,0.040988445532644406,0.9599720055579398,0.10274437013516198,1.0,0.18432285236926466,0.10274437013516198,0.8932740165456614,0.20680423072474313,0.9799770692138859,0.99997757850991,0.8507022126457341,0.15248798951587367,0.9688754963933863,1.0,0.9799770692138859,0.9688754963933863,0.5353094700438485,0.26339824451775484,0.887040036950803,0.9999996088429295,0.6772859903535399,0.3274991863435295,0.9193484923210505,1.0,0.887040036950803,0.9193484923210505
gRNA_14762,controlsgRNA,0.0006206440796686748,-0.9018344279778793,0.31030601201347285,-0.19696925729491258,0.0006206440796686748,0.15546332804657076,True,-0.31362866831165076,-0.1422361181272157,-0.009100446979637945,2751.7113196427763,-0.19739747901866936,0.1318370795470127,0.5822626065479922,0.27421521489109246,-0.48599822109201424,0.06098384017508277,0.1318370795470127,,False,-0.05522168085865382,0.01619647208658119,,-0.17622887473868198,-0.17622887473868198,-0.17622887473868198,-0.17622887473868198,True,-0.33684395911664505,-0.33684395911664505,-0.33684395911664505,0.0,0.0,0.0,0.0,True,,,,0.0,0.0,0.0,0.0,True,,,,0.19463395439954953,0.6910287010390052,0.44283132771927736,0.44283132771927736,0.44283132771927736,True,0.44305763370550416,0.44305763370550416,0.374747424401158,,,,,non-targeting control,,0,0.0,0.0,0.0,0.0,0,0.0,0.0,0.0,0.0,0,0.0,0.0,0.0,0.0,0,0.0,0.0,0.0,0.0,0,0.0,0.0,0.0,0.0,0.33336666333366655,0.6730326967303268,0.5570927351709272,1.0,0.33336666333366666,0.6730326967303271,0.5570927351709274,1.0,0.5570927351709272,0.5570927351709274,0.08191527208580175,0.9554311919683219,0.19250088940163412,0.9999999999819025,0.048904444468367704,0.9520914343092968,0.11564824603840414,1.0,0.19250088940163412,0.11564824603840414,0.07696686588572485,0.961145029877605,0.22967890137327415,0.99997757850991,0.05393220025699419,0.9483467474543827,0.1655808772215996,1.0,0.22967890137327415,0.1655808772215996,0.5979127608401911,0.559490404540411,0.9213348530185991,0.9999996088429295,0.5189312527827529,0.4840787180867696,0.8338382523346798,1.0,0.9213348530185991,0.8338382523346798
gRNA_14763,controlsgRNA,-0.2478629889465655,-0.16477665255268095,-0.5445815593298297,-0.31907373360969205,-0.2478629889465655,-0.31907373360969205,True,-0.4261849055233446,-0.3593371139922333,-0.40415681286536354,4189.180328183032,-0.11991453746658846,0.5611924741902005,0.3007921994417789,0.5508458532351237,-0.05174616305968788,0.24823396526816538,0.3007921994417789,,False,0.21376736836729873,0.25148226017083813,,0.1434834959172392,0.1434834959172392,0.1434834959172392,0.1434834959172392,True,0.1328308758057326,0.1328308758057326,0.1328308758057326,0.0,0.0,0.0,0.0,True,,,,0.0,0.0,0.0,0.0,True,,,,0.17204601974221684,-0.2768838289204983,-0.052418904589140725,-0.052418904589140725,,False,-0.12379676466898769,-0.12379676466898769,,,,,,non-targeting control,,0,0.0,0.0,0.0,0.0,0,0.0,0.0,0.0,0.0,0,0.0,0.0,0.0,0.0,0,0.0,0.0,0.0,0.0,0,0.0,0.0,0.0,0.0,0.06359364063593642,0.9405059494050595,0.15628241097458886,1.0,0.0635936406359364,0.9405059494050595,0.15628241097458878,1.0,0.15628241097458886,0.15628241097458878,0.01982030601765762,0.9973194259637886,0.05520322268621678,0.9999999999819025,0.006462458466381319,0.9937710853428618,0.018133465547458028,1.0,0.05520322268621678,0.018133465547458028,0.3497899730379333,0.7684968574579752,0.6656457966549912,0.99997757850991,0.2869938857015868,0.7166296521299651,0.5676137292888046,1.0,0.6656457966549912,0.5676137292888046,0.7575967771864395,0.5270928879974293,0.9856622429830494,0.9999996088429295,0.6237947654593015,0.3785825861957398,0.8817550068146516,1.0,0.9856622429830494,0.8817550068146516
gRNA_14764,controlsgRNA,-0.25980545853630316,-0.633055444645898,1.0723420452855348,0.05982704736777785,-0.25980545853630316,-0.4464304515911006,True,-0.07691313866811027,-0.3697712903178265,-0.5101824244398573,2922.4655091648156,-0.6288726884056034,0.028265885934764482,0.20919498328938035,-0.4936943816430163,-0.3581986912909817,-0.24866097842309126,-0.3581986912909817,,False,-0.5000334817109157,-0.6662241174931108,,-0.2103989548808955,-0.2103989548808955,-0.2103989548808955,-0.2103989548808955,True,-0.38704166249969785,-0.38704166249969785,-0.38704166249969785,0.0,0.0,0.0,0.0,True,,,,0.0,0.0,0.0,0.0,True,,,,0.14196051098836268,0.3517750177082823,0.24686776434832247,0.24686776434832247,0.24686776434832247,True,0.21876130717942757,0.21876130717942757,0.17510025618528935,,,,,non-targeting control,,0,0.0,0.0,0.0,0.0,0,0.0,0.0,0.0,0.0,0,0.0,0.0,0.0,0.0,0,0.0,0.0,0.0,0.0,0,0.0,0.0,0.0,0.0,0.37666233376662317,0.6287371262873712,0.6029615525842373,1.0,0.37666233376662334,0.6287371262873712,0.6029615525842373,1.0,0.6029615525842373,0.6029615525842373,0.4846579646584367,0.6937268906767589,0.7468499783261155,0.9999999999819025,0.39101435247183625,0.6114321540460029,0.6100472885037778,1.0,0.7468499783261155,0.6100472885037778,0.15825036459443903,0.9264515879247288,0.382308130065014,0.99997757850991,0.11167672212759122,0.8902589591889847,0.28371923999982634,1.0,0.382308130065014,0.28371923999982634,0.3770160125060846,0.6622961349591268,0.7704240255559119,0.9999996088429295,0.35659502405323307,0.6480052988528092,0.6911326239382249,1.0,0.7704240255559119,0.6911326239382249
gRNA_14765,controlsgRNA,-0.23511234691472369,0.5052783567956153,1.2736694905774872,0.5146118334861263,0.5052783567956153,0.8894739236865512,True,0.34230870979749234,0.2986850430263914,0.6019699664103179,2673.1341704821916,0.38739869682540023,-0.09096823686884511,-0.550695557161761,-0.37682206032663873,-0.4338861052472832,-0.2129946525558256,-0.37682206032663873,-0.36309298990113203,True,-0.4487979961289986,-0.6921588986531475,-0.6118835074845126,-0.006857218919823742,-0.006857218919823742,-0.006857218919823742,-0.006857218919823742,True,-0.08802779875335282,-0.08802779875335282,-0.08802779875335282,0.0,0.0,0.0,0.0,True,,,,0.0,0.0,0.0,0.0,True,,,,-0.13177437821661697,0.02993216491362586,-0.05092110665149556,-0.05092110665149556,,False,-0.12208241242149259,-0.12208241242149259,,,,,,non-targeting control,,0,0.0,0.0,0.0,0.0,0,0.0,0.0,0.0,0.0,0,0.0,0.0,0.0,0.0,0,0.0,0.0,0.0,0.0,0,0.0,0.0,0.0,0.0,0.13238676132386765,0.8728127187281272,0.28607713941249563,1.0,0.13238676132386762,0.8728127187281272,0.2860771394124956,1.0,0.28607713941249563,0.2860771394124956,0.4086119449063797,0.7404285099542441,0.6679917012382556,0.9999999999819025,0.3322050910562024,0.6722309024683311,0.545454647323721,1.0,0.6679917012382556,0.545454647323721,0.3823481188314607,0.7846796299798893,0.6978781198088797,0.99997757850991,0.2968416720665306,0.7071933256973189,0.5813149411302891,1.0,0.6978781198088797,0.5813149411302891,0.17160543424706906,0.8924036384541006,0.537697027307483,0.9999996088429295,0.12700963747229171,0.8754504509909535,0.3926754923430755,1.0,0.537697027307483,0.3926754923430755
gRNA_14766,controlsgRNA,-1.2726459515133635,-1.8937470550529207,0.32482193668288656,-0.9471903566277993,-1.2726459515133635,-1.583196503283142,True,-1.0051845110314745,-1.2546934761364794,-1.456550372343207,3201.6387659481325,0.042009837389131874,-0.21857554529301165,-0.609357725161119,-0.30907864025193277,0.42846559197895595,-0.1333072962675951,-0.21857554529301165,,False,-0.3343253024918359,-0.4717858432259733,,0.08621020470024517,0.08621020470024517,0.08621020470024517,0.08621020470024517,True,0.04869330070153719,0.04869330070153719,0.04869330070153719,0.0,0.0,0.0,0.0,True,,,,0.0,0.0,0.0,0.0,True,,,,-0.6745588341467835,-0.18264009756830155,-0.42859946585754255,-0.42859946585754255,-0.42859946585754255,True,-0.5543661855939297,-0.5543661855939297,-0.5130639995235095,,,,,non-targeting control,,0,0.0,0.0,0.0,0.0,0,0.0,0.0,0.0,0.0,0,0.0,0.0,0.0,0.0,0,0.0,0.0,0.0,0.0,0,0.0,0.0,0.0,0.0,0.08349165083491651,0.9229077092290771,0.19743937555929944,1.0,0.08349165083491655,0.922907709229077,0.19743937555929952,1.0,0.19743937555929944,0.19743937555929952,0.2759143290769897,0.8362784802585295,0.5036106200628551,0.9999999999819025,0.20445800212606524,0.7984962937858995,0.36959715768942564,1.0,0.5036106200628551,0.36959715768942564,0.6592847591462399,0.4759318739116617,0.8954560738124527,0.99997757850991,0.5956196912294802,0.4071426032570409,0.8387752955141744,1.0,0.8954560738124527,0.8387752955141744,0.8388430332582567,0.09508931494229869,0.9999269884937744,0.8368186950970642,0.9064695415693701,0.09728514606470656,1.0,0.8172881187782789,0.8368186950970642,0.8172881187782789
gRNA_14767,controlsgRNA,-0.15455680614324233,-0.005994675631911652,-0.4717183110940386,-0.2107565976230642,-0.15455680614324233,-0.2107565976230642,True,-0.3263378759945304,-0.2778151845184068,-0.3139818243056214,1308.1080536540892,-1.4428512839026937,-0.12994705360449116,0.09617949984514794,-0.3565841484989446,-1.0455837845983655,-0.5757573541518693,-0.3565841484989446,-0.7437415676511238,True,-0.9699148399679591,-0.6639757158261071,-1.083866821204858,-0.2971328356051449,-0.2971328356051449,-0.2971328356051449,-0.2971328356051449,True,-0.5144584434886964,-0.5144584434886964,-0.5144584434886964,0.0,0.0,0.0,0.0,True,,,,0.0,0.0,0.0,0.0,True,,,,-0.2082550923954917,0.5998545021226439,0.19579970486357612,0.19579970486357612,,False,0.16030973614139293,0.16030973614139293,,,,,,non-targeting control,,0,0.0,0.0,0.0,0.0,0,0.0,0.0,0.0,0.0,0,0.0,0.0,0.0,0.0,0,0.0,0.0,0.0,0.0,0,0.0,0.0,0.0,0.0,0.5564443555644436,0.44805519448055187,0.7635878747891636,1.0,0.5564443555644436,0.4480551944805519,0.7635878747891636,1.0,0.7635878747891636,0.7635878747891636,0.736857616234027,0.08603571845874021,0.9687358870769027,0.8593314519173276,0.8676504241170908,0.1365151563899989,1.0,0.9087541774647758,0.8593314519173276,0.9087541774647758,0.15379437464946746,0.8593013487276885,0.382308130065014,0.99997757850991,0.1359887837385873,0.8673082450337939,0.3236188777576508,1.0,0.382308130065014,0.3236188777576508,0.6795419913867279,0.6087333906048111,0.9497073819158118,0.9999996088429295,0.5390879123358497,0.46390653064275694,0.8490463675798595,1.0,0.9497073819158118,0.8490463675798595
gRNA_14768,controlsgRNA,0.15170435493203574,0.5733942419366242,0.8132982894970454,0.5127989621219018,0.5733942419366242,0.5127989621219018,True,0.34063760006045124,0.3581981236999137,0.28838467779978005,2551.742549022571,-0.8865350462573987,-1.0495892452760653,-0.8335369901734738,-0.4574005975744335,-0.7174712046800733,-0.7889066167922889,-0.8335369901734738,-0.7889066167922889,True,-1.2761085873545521,-1.3281771043505501,-1.1398689996025675,-0.4470154983295584,-0.4470154983295584,-0.4470154983295584,-0.4470154983295584,True,-0.7346442146191371,-0.7346442146191371,-0.7346442146191371,0.0,0.0,0.0,0.0,True,,,,0.0,0.0,0.0,0.0,True,,,,-0.7977121225772015,-0.329370721014179,-0.5635414217956902,-0.5635414217956902,-0.5635414217956902,True,-0.7088182913350132,-0.7088182913350132,-0.650542512942677,,,,,non-targeting control,,0,0.0,0.0,0.0,0.0,0,0.0,0.0,0.0,0.0,0,0.0,0.0,0.0,0.0,0,0.0,0.0,0.0,0.0,0,0.0,0.0,0.0,0.0,0.7671232876712328,0.23757624237576241,0.8985618572099177,1.0,0.7671232876712328,0.23757624237576247,0.8985618572099177,1.0,0.8985618572099177,0.8985618572099177,0.9965501160391528,0.03473847076576353,0.9998382435532929,0.5632403155006238,0.989384064013657,0.01098914843645652,1.0,0.3017873562187934,0.5632403155006238,0.3017873562187934,0.7645708190033509,0.35620603960864705,0.9590316395902225,0.99997757850991,0.7115156781410162,0.2923329407075932,0.9193880084007945,1.0,0.9590316395902225,0.9193880084007945,0.1902581858384295,0.9404968317456472,0.5677545863115039,0.9999996088429295,0.11207088368740975,0.8898971615396105,0.37290842713686784,1.0,0.5677545863115039,0.37290842713686784
gRNA_14769,controlsgRNA,-0.3726584900409739,0.7705828511338807,0.5961837442295668,0.33136936844082454,0.5961837442295668,0.6833832976817238,True,0.17339530886922488,0.3781093894151231,0.4303976692573568,1198.2189207432873,0.1269683217697751,-0.1175070493700305,-0.2492468020973268,0.0691637408737085,-0.39905241600534624,-0.11393484096584398,-0.1175070493700305,,False,-0.30649633132185716,-0.331038520927954,,-0.3161455846457748,-0.3161455846457748,-0.3161455846457748,-0.3161455846457748,True,-0.5423892043433923,-0.5423892043433923,-0.5423892043433923,0.0,0.0,0.0,0.0,True,,,,0.0,0.0,0.0,0.0,True,,,,-0.9303452001273169,0.6140626955065928,-0.15814125231036208,-0.15814125231036208,,False,-0.24480463887616372,-0.24480463887616372,,,,,,non-targeting control,,0,0.0,0.0,0.0,0.0,0,0.0,0.0,0.0,0.0,0,0.0,0.0,0.0,0.0,0,0.0,0.0,0.0,0.0,0,0.0,0.0,0.0,0.0,0.575942405759424,0.4294570542945706,0.7789724624659835,1.0,0.575942405759424,0.42945705429457054,0.7789724624659835,1.0,0.7789724624659835,0.7789724624659835,0.3006695787887014,0.9282548164436035,0.5357903394528517,0.9999999999819025,0.15799580976334637,0.8436444918034822,0.3110284003718232,1.0,0.5357903394528517,0.3110284003718232,0.2407265910517988,0.46857503143064394,0.5262395246248626,0.99997757850991,0.36179571548149514,0.6449071571198269,0.6447165356447496,1.0,0.5262395246248626,0.6447165356447496,0.25919708564805716,0.853419624893266,0.6674005368703899,0.9999996088429295,0.18922530907510232,0.8133662225341662,0.5046008242002729,1.0,0.6674005368703899,0.5046008242002729
gRNA_14770,controlsgRNA,0.13651267403220382,0.40968311211469555,0.4677507644468557,0.3379821835312517,0.40968311211469555,0.3379821835312517,True,0.17949101974256243,0.2151631523995082,0.14284813950533162,3837.6407202236164,-0.38879172352745495,-0.2021116450791619,-0.2833400153844392,-0.45655180682662444,-0.45134485184418954,-0.356428008532374,-0.38879172352745495,-0.356428008532374,True,-0.654843263293654,-0.7088277728551325,-0.6036192969339167,-0.36727296314929636,-0.36727296314929636,-0.36727296314929636,-0.36727296314929636,True,-0.6174980999090843,-0.6174980999090843,-0.6174980999090843,0.0,0.0,0.0,0.0,True,,,,0.0,0.0,0.0,0.0,True,,,,-0.26664888690048766,-1.0313092225910587,-0.6489790547457732,-0.6489790547457732,-0.6489790547457732,True,-0.8066086503596196,-0.8066086503596196,-0.7375861509748228,,,,,non-targeting control,,0,0.0,0.0,0.0,0.0,0,0.0,0.0,0.0,0.0,0,0.0,0.0,0.0,0.0,0,0.0,0.0,0.0,0.0,0,0.0,0.0,0.0,0.0,0.6368363163683631,0.3674632536746325,0.8172370476262953,1.0,0.6368363163683631,0.36746325367463256,0.8172370476262953,1.0,0.8172370476262953,0.8172370476262953,0.7696768222421418,0.6555665663488458,0.9924918833377505,0.9999999999819025,0.5678099570001132,0.4343710198987816,0.7878101248414855,1.0,0.9924918833377505,0.7878101248414855,0.7738074654663267,0.2673859638049253,0.9590316395902225,0.99997757850991,0.7653223178647496,0.23861889576634893,0.9373328713913545,1.0,0.9590316395902225,0.9373328713913545,0.3058900456430869,0.9002462972008958,0.6979161007605451,0.9999996088429295,0.1887998481253894,0.8134625642192963,0.5046008242002729,1.0,0.6979161007605451,0.5046008242002729
gRNA_14771,controlsgRNA,-0.9250951600991419,0.6935863719104528,-1.683990017233026,-0.6384996018072383,-0.9250951600991419,-1.304542588666084,True,-0.7206325365807694,-0.9510371668223914,-1.2245684856930403,1560.0254565052555,-0.8229621590781524,0.07908023009978582,0.4731779517881631,-0.12385349037781035,-1.988022196413131,-0.476515932796229,-0.12385349037781035,,False,-0.8273522886157731,-0.3398765329099276,,-0.02780546158814003,-0.02780546158814003,-0.02780546158814003,-0.02780546158814003,True,-0.11880190485681692,-0.11880190485681692,-0.11880190485681692,0.0,0.0,0.0,0.0,True,,,,0.0,0.0,0.0,0.0,True,,,,0.36217260935493817,-0.09217765362260491,0.13499747786616662,0.13499747786616662,,False,0.09071661420827272,0.09071661420827272,,,,,,non-targeting control,,0,0.0,0.0,0.0,0.0,0,0.0,0.0,0.0,0.0,0,0.0,0.0,0.0,0.0,0,0.0,0.0,0.0,0.0,0,0.0,0.0,0.0,0.0,0.15868413158684128,0.8446155384461553,0.33147351931473507,1.0,0.1586841315868413,0.8446155384461553,0.3314735193147352,1.0,0.33147351931473507,0.3314735193147352,0.33862221069702597,0.06576719238797661,0.5787361419185535,0.7738338223173576,0.7164783943681265,0.31241990981978973,0.9354023482028319,1.0,0.5787361419185535,0.9354023482028319,0.2033731772394525,0.8788728584326941,0.46908367746635243,0.99997757850991,0.1568690981169043,0.8461707034406261,0.3596511029997318,1.0,0.46908367746635243,0.3596511029997318,0.6780244898771366,0.17756345469295032,0.9497073819158118,0.9999996088429295,0.7953224059587436,0.20962596448958687,0.9788126948284221,1.0,0.9497073819158118,0.9788126948284221
gRNA_14772,controlsgRNA,0.622025935763036,1.3703620510671242,-0.4334040958934159,0.5196612969789148,0.622025935763036,0.9961939934150801,True,0.3469633189309112,0.40068780010931304,0.6908153829661343,2741.680400393757,-1.0360524946960512,-0.45630208725869675,-0.8827352184616005,-0.6184797320821143,-0.9166640273805677,-0.782046711975806,-0.8827352184616005,-0.782046711975806,True,-1.2662541785874073,-1.3966902332946804,-1.1313630946909345,-0.14885510341699965,-0.14885510341699965,-0.14885510341699965,-0.14885510341699965,True,-0.296630402474038,-0.296630402474038,-0.296630402474038,0.0,0.0,0.0,0.0,True,,,,0.0,0.0,0.0,0.0,True,,,,0.28848179757319653,0.2504457160317799,0.26946375680248824,0.26946375680248824,0.26946375680248824,True,0.24462426871420198,0.24462426871420198,0.19812099447407866,,,,,non-targeting control,,0,0.0,0.0,0.0,0.0,0,0.0,0.0,0.0,0.0,0,0.0,0.0,0.0,0.0,0,0.0,0.0,0.0,0.0,0,0.0,0.0,0.0,0.0,0.2981701829817018,0.7062293770622937,0.5190369851903697,1.0,0.29817018298170184,0.7062293770622937,0.5190369851903698,1.0,0.5190369851903697,0.5190369851903698,0.9958775658208915,0.035951509500039815,0.9998382435532929,0.5632403155006238,0.9885327588571421,0.011864077184124666,1.0,0.3017873562187934,0.5632403155006238,0.3017873562187934,0.13549825656408157,0.9448540662360293,0.35380100325065744,0.99997757850991,0.09181543959822241,0.9104962774335283,0.25198981962723815,1.0,0.35380100325065744,0.25198981962723815,0.14571128741706657,0.8706848754855933,0.4848446377771419,0.9999996088429295,0.12059503249972603,0.8821899189910418,0.3842689171177711,1.0,0.4848446377771419,0.3842689171177711
gRNA_14773,controlsgRNA,-0.425242331087769,-3.8883100800441746,1.2689110478676793,-1.0148804544214214,-0.425242331087769,-2.1567762055659716,True,-1.0675814266408614,-0.5143140489144269,-1.9340606261024993,2106.226015601076,-0.8419136948153457,-0.4189136371243928,-0.3279625832507098,-0.9485641444865176,-1.0032575284962,-0.7081223176346333,-0.8419136948153457,-0.7081223176346333,True,-1.160060110420288,-1.339842448108345,-1.039700909028356,-0.3477514744071869,-0.3477514744071869,-0.3477514744071869,-0.3477514744071869,True,-0.5888199728050917,-0.5888199728050917,-0.5888199728050917,0.0,0.0,0.0,0.0,True,,,,0.0,0.0,0.0,0.0,True,,,,0.09600891782747982,-0.6662872288323954,-0.28513915550245783,-0.28513915550245783,,False,-0.39016412648958076,-0.39016412648958076,,,,,,non-targeting control,,0,0.0,0.0,0.0,0.0,0,0.0,0.0,0.0,0.0,0,0.0,0.0,0.0,0.0,0,0.0,0.0,0.0,0.0,0,0.0,0.0,0.0,0.0,0.6000399960003999,0.404959504049595,0.7944191496343322,1.0,0.6000399960003999,0.404959504049595,0.7944191496343322,1.0,0.7944191496343322,0.7944191496343322,0.9810601209500291,0.06585819764403043,0.9998382435532929,0.7738338223173576,0.9701140642572745,0.030633263294416915,1.0,0.4607242799480304,0.7738338223173576,0.4607242799480304,0.5167100800974649,0.5512397323753941,0.8232330089688424,0.99997757850991,0.4839665168885045,0.5201504750306926,0.7628073422919232,1.0,0.8232330089688424,0.7628073422919232,0.42792166221997074,0.0735126497105324,0.8160198047161652,0.8180783335421034,0.7888320289163127,0.23426179830917682,0.9788126948284221,1.0,0.8160198047161652,0.9788126948284221
gRNA_14774,controlsgRNA,-0.08409569056563725,0.5605095061552684,0.3086895649462198,0.2617011268452836,0.3086895649462198,0.4345995355507441,True,0.10917493494178557,0.1269247465166473,0.22328295283076788,1803.244833300593,0.7833645358065149,0.20180608011205153,-0.49021793890023585,-0.24779129041587256,0.14045533546949232,0.07752334441439009,0.14045533546949232,,False,-0.03146230810636166,0.028198198568119115,,-0.2206646071846278,-0.2206646071846278,-0.2206646071846278,-0.2206646071846278,True,-0.4021224632245311,-0.4021224632245311,-0.4021224632245311,0.0,0.0,0.0,0.0,True,,,,0.0,0.0,0.0,0.0,True,,,,-0.6381693771123016,-0.6923802696872804,-0.6652748233997909,-0.6652748233997909,-0.6652748233997909,True,-0.8252604904473403,-0.8252604904473403,-0.7541882376572175,,,,,non-targeting control,,0,0.0,0.0,0.0,0.0,0,0.0,0.0,0.0,0.0,0,0.0,0.0,0.0,0.0,0,0.0,0.0,0.0,0.0,0,0.0,0.0,0.0,0.0,0.39786021397860205,0.6087391260873913,0.6207279686969062,1.0,0.3978602139786021,0.6087391260873912,0.6207279686969062,1.0,0.6207279686969062,0.6207279686969062,0.06838584777053142,0.9491066143866953,0.1648274279597424,0.9999999999819025,0.046851724463169715,0.9550610785636306,0.11327021717805187,1.0,0.1648274279597424,0.11327021717805187,0.8372949724751196,0.31167503353821085,0.9686332769618934,0.99997757850991,0.768632941660924,0.23373478833918843,0.9383311235860631,1.0,0.9686332769618934,0.9383311235860631,0.3334359048479382,0.8728909786009156,0.7246930648718195,0.9999996088429295,0.2178649881996626,0.785412122066714,0.5424982487620738,1.0,0.7246930648718195,0.5424982487620738
gRNA_14775,controlsgRNA,-1.0520891050709218,-2.1611008614335305,-2.7250411315132332,-1.9794103660058953,-2.1611008614335305,-1.9794103660058953,True,-1.9566877133440916,-2.0309395547040308,-1.7864019716566,2637.9169422069376,-0.9781818537894641,0.21010217444230425,0.802842384673032,0.057399895641563545,-0.8999390403085668,-0.1615552878682262,0.057399895641563545,,False,-0.37490418274315357,-0.08746426035452502,,-0.1463171794410751,-0.1463171794410751,-0.1463171794410751,-0.1463171794410751,True,-0.29290205432788274,-0.29290205432788274,-0.29290205432788274,0.0,0.0,0.0,0.0,True,,,,0.0,0.0,0.0,0.0,True,,,,-0.8609217810339134,-0.8242433545503609,-0.8425825677921371,-0.8425825677921371,-0.8425825677921371,True,-1.028203706256011,-1.028203706256011,-0.9348289060638509,,,,,non-targeting control,,0,0.0,0.0,0.0,0.0,0,0.0,0.0,0.0,0.0,0,0.0,0.0,0.0,0.0,0,0.0,0.0,0.0,0.0,0,0.0,0.0,0.0,0.0,0.2938706129387061,0.7103289671032895,0.5139318626276906,1.0,0.2938706129387062,0.7103289671032896,0.5139318626276909,1.0,0.5139318626276906,0.5139318626276909,0.13804652612912963,0.3967312936382631,0.294418320324811,0.9999999999819025,0.3046841070819034,0.7021827309788476,0.5084787121231529,1.0,0.294418320324811,0.5084787121231529,0.9167207816679448,0.1876637413355429,0.9870829503000992,0.99997757850991,0.8708148380989982,0.13170601733153037,0.9688754963933863,1.0,0.9870829503000992,0.9688754963933863,0.9982654435528004,0.004790311038067985,0.9999269884937744,0.2713029512891915,0.9980901338871789,0.002163469651997962,1.0,0.16269291783024675,0.2713029512891915,0.16269291783024675
gRNA_14776,controlsgRNA,-0.6720057226376818,0.2821024695389693,-0.5577382957918273,-0.3158805162968466,-0.5577382957918273,-0.6148720092147546,True,-0.4232413891496568,-0.6300762242135556,-0.6504115340202039,4157.558190551168,-0.91523723555159,-0.8825302515849902,-0.03166711312975399,-0.43515020384845593,-0.5044880278385763,-0.5538145663906733,-0.5044880278385763,-0.5538145663906733,True,-0.9383935279564616,-0.8699456848499466,-0.8483677791494525,-0.41413992541661654,-0.41413992541661654,-0.41413992541661654,-0.41413992541661654,True,-0.6863482126559157,-0.6863482126559157,-0.6863482126559157,0.0,0.0,0.0,0.0,True,,,,0.0,0.0,0.0,0.0,True,,,,-0.735032749703028,-0.27387351962397666,-0.5044531346635024,-0.5044531346635024,-0.5044531346635024,True,-0.6411869137641757,-0.6411869137641757,-0.5903435198352882,,,,,non-targeting control,,0,0.0,0.0,0.0,0.0,0,0.0,0.0,0.0,0.0,0,0.0,0.0,0.0,0.0,0,0.0,0.0,0.0,0.0,0,0.0,0.0,0.0,0.0,0.7156284371562844,0.288971102889711,0.8679880399056868,1.0,0.7156284371562843,0.288971102889711,0.8679880399056867,1.0,0.8679880399056868,0.8679880399056867,0.8992298489281606,0.18014749370302335,0.9998382435532929,0.9999999999819025,0.8817124068872195,0.12018224716093573,1.0,0.8690100948559968,0.9998382435532929,0.8690100948559968,0.7240008899078649,0.4079179424266388,0.947283452064393,0.99997757850991,0.6637214673095192,0.3395783300203825,0.8881112872184314,1.0,0.947283452064393,0.8881112872184314,0.7044919017596367,0.5040230518851283,0.9518438013530711,0.9999996088429295,0.6093066485347175,0.39422276828933445,0.8801936260378493,1.0,0.9518438013530711,0.8801936260378493
gRNA_14777,controlsgRNA,-0.24700276878920385,-0.04058607483179881,-0.08078833718063977,-0.12279239360054749,-0.08078833718063977,-0.12279239360054749,True,-0.24525223431361343,-0.21336342212193612,-0.24075083440595743,2754.2298180133075,-0.5275873963683038,-1.2238526226683553,-0.6782015765242884,-0.7837813193470606,-0.6767434501042153,-0.7780332730024446,-0.6782015765242884,-0.7780332730024446,True,-1.2604887825267412,-1.1118580295536056,-1.1263866509662306,-0.6685617027839251,-0.6685617027839251,-0.6685617027839251,-0.6685617027839251,True,-1.0601076203400535,-1.0601076203400535,-1.0601076203400535,0.0,0.0,0.0,0.0,True,,,,0.0,0.0,0.0,0.0,True,,,,-0.46016189157629267,-0.3955476558736451,-0.4278547737249689,-0.4278547737249689,-0.4278547737249689,True,-0.5535138245383545,-0.5535138245383545,-0.5123053091174796,,,,,non-targeting control,,0,0.0,0.0,0.0,0.0,0,0.0,0.0,0.0,0.0,0,0.0,0.0,0.0,0.0,0,0.0,0.0,0.0,0.0,0,0.0,0.0,0.0,0.0,0.9244075592440756,0.08049195080491947,0.9708861516083028,1.0,0.9244075592440756,0.0804919508049195,0.9708861516083028,1.0,0.9708861516083028,0.9708861516083028,0.9952284490398522,0.044487777183055084,0.9998382435532929,0.6433617008011042,0.9851692224533427,0.01532144890988486,1.0,0.33887439941862985,0.6433617008011042,0.33887439941862985,0.671631554144821,0.519699784342188,0.9044070397892857,0.99997757850991,0.5791840923502376,0.42404423601193936,0.8248985557715505,1.0,0.9044070397892857,0.8248985557715505,0.6197703900464331,0.6853098961219201,0.9213348530185991,0.9999996088429295,0.46635683335583233,0.5364251664346851,0.7998617536997241,1.0,0.9213348530185991,0.7998617536997241
gRNA_14778,controlsgRNA,0.9729259727486662,1.9326202035445537,0.8084674671518985,1.2380045478150394,0.9729259727486662,1.2380045478150394,True,1.00913407450659,0.707270356677974,0.8921248413267503,631.4845060423607,-0.48356178781365083,-0.29703752875251305,0.0462314683191745,0.34449116502930416,-0.46247643851253517,-0.1704706243460441,-0.29703752875251305,,False,-0.38771126568371533,-0.5810514850391433,,0.5838833674312551,0.5838833674312551,0.5838833674312551,0.5838833674312551,True,0.7798022035927042,0.7798022035927042,0.7798022035927042,0.0,0.0,0.0,0.0,True,,,,0.0,0.0,0.0,0.0,True,,,,0.5428785716561342,0.9839419721504764,0.7634102719033053,0.7634102719033053,0.7634102719033053,True,0.8099864561109816,0.8099864561109816,0.7013524181816521,,,,,non-targeting control,,0,0.0,0.0,0.0,0.0,0,0.0,0.0,0.0,0.0,0,0.0,0.0,0.0,0.0,0,0.0,0.0,0.0,0.0,0,0.0,0.0,0.0,0.0,0.008999100089991,0.9959004099590041,0.027964145734186912,1.0,0.008999100089991007,0.9959004099590041,0.027964145734186933,1.0,0.027964145734186912,0.027964145734186933,0.3486500700470051,0.809439055412285,0.5882078741204244,0.9999999999819025,0.2583937376459089,0.7443523505071472,0.44566993282046674,1.0,0.5882078741204244,0.44566993282046674,0.019007742606988332,0.9927983920936796,0.09281702883412483,0.99997757850991,0.011700221273578256,0.9892391284807452,0.06214610501843368,1.0,0.09281702883412483,0.06214610501843368,0.01736496743808196,0.995843031412685,0.1249220058616345,0.9999996088429295,0.008159177062310492,0.9925347875910079,0.058997126450552786,1.0,0.1249220058616345,0.058997126450552786
gRNA_14779,controlsgRNA,-0.20356302911438096,0.23159697238666296,0.689631919297059,0.23922195418978034,0.23159697238666296,0.460614445841861,True,0.0884535726617264,0.05956868602018474,0.2449405993011638,2238.1902609565573,0.21597554522957496,-0.36354963526074313,-0.8078774974035388,-0.15309096373112577,-0.05803705355229112,-0.23331592094362477,-0.15309096373112577,-0.34563878748692467,True,-0.47798995880449613,-0.3805924458920969,-0.5902412558767475,-0.24174767520301596,-0.24174767520301596,-0.24174767520301596,-0.24174767520301596,True,-0.4330946350891306,-0.4330946350891306,-0.4330946350891306,0.0,0.0,0.0,0.0,True,,,,0.0,0.0,0.0,0.0,True,,,,-0.6012694557108412,-1.0775450381304406,-0.8394072469206408,-0.8394072469206408,-0.8394072469206408,True,-1.0245692918027995,-1.0245692918027995,-0.9315938974261946,,,,,non-targeting control,,0,0.0,0.0,0.0,0.0,0,0.0,0.0,0.0,0.0,0,0.0,0.0,0.0,0.0,0,0.0,0.0,0.0,0.0,0,0.0,0.0,0.0,0.0,0.42845715428457154,0.5769423057694231,0.6522262753481737,1.0,0.42845715428457154,0.5769423057694231,0.6522262753481737,1.0,0.6522262753481737,0.6522262753481737,0.4279681736506491,0.7100737553274549,0.6847490778410386,0.9999999999819025,0.34254073151555287,0.6603442616519088,0.5575554764062678,1.0,0.6847490778410386,0.5575554764062678,0.8996959179963187,0.16973684578889928,0.98338856153086,0.99997757850991,0.8735340246738243,0.1294666193086072,0.9688754963933863,1.0,0.98338856153086,0.9688754963933863,0.33818025775439176,0.8423610500640698,0.7257430406847769,0.9999996088429295,0.23707647855888397,0.7660061470416268,0.564155141398152,1.0,0.7257430406847769,0.564155141398152
gRNA_14780,controlsgRNA,-0.14010609403829277,-0.19785405004379086,-0.6468639409712245,-0.32827469501776935,-0.19785405004379086,-0.32827469501776935,True,-0.43466637668705027,-0.31564413387229534,-0.4118166958760667,4003.00670403007,-0.2715988642876729,-0.3128276549822538,-0.48632271172051805,-0.030130740910197844,-0.4615522746879572,-0.31248644931771996,-0.3128276549822538,-0.31248644931771996,True,-0.5917202174277032,-0.603040710913023,-0.5491341787948627,-0.4823108546852098,-0.4823108546852098,-0.4823108546852098,-0.4823108546852098,True,-0.7864950098694335,-0.7864950098694335,-0.7864950098694335,0.0,0.0,0.0,0.0,True,,,,0.0,0.0,0.0,0.0,True,,,,0.2709110510217067,0.041531076813006156,0.15622106391735643,0.15622106391735643,0.15622106391735643,True,0.11500874436300293,0.11500874436300293,0.08274963376423951,,,,,non-targeting control,,0,0.0,0.0,0.0,0.0,0,0.0,0.0,0.0,0.0,0,0.0,0.0,0.0,0.0,0,0.0,0.0,0.0,0.0,0,0.0,0.0,0.0,0.0,0.806019398060194,0.19868013198680132,0.9155990745336342,1.0,0.806019398060194,0.19868013198680134,0.9155990745336342,1.0,0.9155990745336342,0.9155990745336342,0.6782455658899862,0.7006655976161182,0.9307311415132657,0.9999999999819025,0.4899036116624795,0.513267893720422,0.7084759922503548,1.0,0.9307311415132657,0.7084759922503548,0.20798992796360338,0.894224163224858,0.4739649267534235,0.99997757850991,0.15260563066420263,0.8501284016433973,0.3520228044769337,1.0,0.4739649267534235,0.3520228044769337,0.7459073103559057,0.5292636285886025,0.9806333870413306,0.9999996088429295,0.6161532199955745,0.3864131149843356,0.8801936260378493,1.0,0.9806333870413306,0.8801936260378493
gRNA_14781,controlsgRNA,0.6799861754646727,-1.9902147150726401,0.19028960472066295,-0.3733129782957682,0.19028960472066295,0.4351378900926678,True,-0.47618278828180116,0.0234782983047724,0.2237311378221532,0.48464393573524484,-1.5897349112984451,-0.6303409111174408,-1.3113920358551936,0.1615699685273256,-0.17421088842284152,-0.7088217556333192,-0.6303409111174408,-0.9264196866734803,True,-1.1610648689600511,-1.0452075818755422,-1.3103776477263251,1.2599898954102913,1.2599898954102913,1.2599898954102913,1.2599898954102913,True,1.7730394101074551,1.7730394101074551,1.7730394101074551,0.0,0.0,0.0,0.0,True,,,,0.0,0.0,0.0,0.0,True,,,,-2.384275587355452,-6.924013965602519,-4.654144776478986,-4.654144776478986,-4.654144776478986,True,-5.390848409321217,-5.390848409321217,-4.818038561740786,,,,,non-targeting control,,0,0.0,0.0,0.0,0.0,0,0.0,0.0,0.0,0.0,0,0.0,0.0,0.0,0.0,0,0.0,0.0,0.0,0.0,0,0.0,0.0,0.0,0.0,0.004199580041995798,1.0,0.02050704020507039,1.0,0.0041995800419957945,1.0,0.02050704020507037,1.0,0.02050704020507039,0.02050704020507037,0.7915406321601973,0.021288619260434707,0.9924918833377505,0.4934302925225737,0.9547286116929583,0.04906469362172427,1.0,0.5821224966875529,0.4934302925225737,0.5821224966875529,0.9999687187655443,0.00037345900301925534,0.9999687187655443,0.14042058513524,1.0,0.00018137575117507888,1.0,0.06819728244182965,0.14042058513524,0.06819728244182965,0.4817729490234163,0.25233231911248355,0.8464485958384975,0.9999996088429295,0.6187781465282699,0.38631019037628245,0.8801936260378493,1.0,0.8464485958384975,0.8801936260378493
gRNA_14782,controlsgRNA,0.8883353591605775,2.0673060953715052,-0.45216715441830074,0.8344914333712606,0.8883353591605775,1.4778207272660413,True,0.6371745919543034,0.6333632496900942,1.091773964629871,1423.2699781752494,-0.22043881768660922,-0.11363225790817247,-0.4746386684582068,-0.3514201330802278,-0.2524070515607979,-0.28250738573880285,-0.2524070515607979,-0.28250738573880285,True,-0.5486546130401566,-0.5188993762118426,-0.5119617877830575,-0.2826345917469614,-0.2826345917469614,-0.2826345917469614,-0.2826345917469614,True,-0.4931597359135518,-0.4931597359135518,-0.4931597359135518,0.0,0.0,0.0,0.0,True,,,,0.0,0.0,0.0,0.0,True,,,,-0.5681668152492376,-0.5990341561418867,-0.5836004856955621,-0.5836004856955621,-0.5836004856955621,True,-0.7317775306389865,-0.7317775306389865,-0.6709786350246668,,,,,non-targeting control,,0,0.0,0.0,0.0,0.0,0,0.0,0.0,0.0,0.0,0,0.0,0.0,0.0,0.0,0,0.0,0.0,0.0,0.0,0,0.0,0.0,0.0,0.0,0.5157484251574842,0.4894510548945107,0.7317788975819399,1.0,0.5157484251574842,0.4894510548945106,0.7317788975819399,1.0,0.7317788975819399,0.7317788975819399,0.6279763247170268,0.7771990058439591,0.8968952481391996,0.9999999999819025,0.41440909881505955,0.5873286424522985,0.6375925341627557,1.0,0.8968952481391996,0.6375925341627557,0.791208283317461,0.37679928294740583,0.9641550045398871,0.99997757850991,0.7126666288701596,0.2903435731085321,0.9193880084007945,1.0,0.9641550045398871,0.9193880084007945,0.03913937585861662,0.8948863635191523,0.20439451837277567,0.9999996088429295,0.044546463271310746,0.9584959691999495,0.2031059669510386,1.0,0.20439451837277567,0.2031059669510386
gRNA_14783,controlsgRNA,0.23312301954997555,-0.9510651467685385,-0.14427451004829644,-0.2874055457556198,-0.14427451004829644,-0.5476698284084175,True,-0.39699308412788276,-0.268831507425453,-0.5944651149222202,2968.686428346242,0.06449929915584618,-0.07054921223193442,-0.8149510235830414,-0.5175264153007936,0.09688190566301032,-0.24832908925938257,-0.07054921223193442,,False,-0.499556715404084,-0.26564534595550743,,-0.417052283106968,-0.417052283106968,-0.417052283106968,-0.417052283106968,True,-0.6906266242627123,-0.6906266242627123,-0.6906266242627123,0.0,0.0,0.0,0.0,True,,,,0.0,0.0,0.0,0.0,True,,,,-0.9835081369182941,-1.4516544345905644,-1.2175812857544293,-1.2175812857544293,-1.2175812857544293,True,-1.4574204108518054,-1.4574204108518054,-1.3168766237001668,,,,,non-targeting control,,0,0.0,0.0,0.0,0.0,0,0.0,0.0,0.0,0.0,0,0.0,0.0,0.0,0.0,0,0.0,0.0,0.0,0.0,0,0.0,0.0,0.0,0.0,0.7245275472452755,0.27987201279872026,0.8731485825776397,1.0,0.7245275472452755,0.2798720127987201,0.8731485825776397,1.0,0.8731485825776397,0.8731485825776397,0.44501553170424935,0.6495818095626605,0.7060162021974589,0.9999999999819025,0.38285727788365786,0.6208233059643007,0.6082334465303344,1.0,0.7060162021974589,0.6082334465303344,0.9790527121520977,0.04460025138797626,0.9999687187655443,0.99997757850991,0.9719494030938043,0.029911219015735756,1.0,0.7241491704174918,0.9999687187655443,0.7241491704174918,0.6701471328154986,0.4924987106648654,0.9497073819158118,0.9999996088429295,0.5930484623577342,0.4095245148525397,0.8681513242914966,1.0,0.9497073819158118,0.8681513242914966
gRNA_14784,controlsgRNA,0.7138387957489881,-2.194692633624552,-0.5150041900538616,-0.6652860093098084,-0.5150041900538616,-1.3548484118392068,True,-0.7453243196169286,-0.5927392905889018,-1.2664485353066564,3691.2905365274923,-0.30991904826477773,-0.14420503324430115,0.11474362974529198,-0.15323386061564825,-0.31008695654174345,-0.16054025378423573,-0.15323386061564825,-0.22936122466661765,True,-0.3734460632730127,-0.38079144315308905,-0.4460634692798413,-0.040834829660555724,-0.040834829660555724,-0.040834829660555724,-0.040834829660555724,True,-0.13794275413330834,-0.13794275413330834,-0.13794275413330834,0.0,0.0,0.0,0.0,True,,,,0.0,0.0,0.0,0.0,True,,,,-0.3993200352797184,-1.4500716555086617,-0.92469584539419,-0.92469584539419,-0.92469584539419,True,-1.122189068679188,-1.122189068679188,-1.0184856995216252,,,,,non-targeting control,,0,0.0,0.0,0.0,0.0,0,0.0,0.0,0.0,0.0,0,0.0,0.0,0.0,0.0,0,0.0,0.0,0.0,0.0,0,0.0,0.0,0.0,0.0,0.17978202179782024,0.8265173482651735,0.36738065323902397,1.0,0.17978202179782016,0.8265173482651735,0.3673806532390238,1.0,0.36738065323902397,0.3673806532390238,0.4043141560725292,0.902739918716132,0.6638520641190873,0.9999999999819025,0.22223840440574988,0.7798711754579253,0.396026730125886,1.0,0.6638520641190873,0.396026730125886,0.8548353965040316,0.10992263035843167,0.9686332769618934,0.99997757850991,0.8951340149230458,0.1097809010629538,0.9776426727155132,1.0,0.9686332769618934,0.9776426727155132,0.6242759128621604,0.1411237486013648,0.9213348530185991,0.9999996088429295,0.7899873791182537,0.2174930898818167,0.9788126948284221,1.0,0.9213348530185991,0.9788126948284221
gRNA_14785,controlsgRNA,0.23463147866293302,-1.1747185613669853,-0.12247806634245054,-0.354188383015501,-0.12247806634245054,-0.6485983138547179,True,-0.45855368451828216,-0.2497878803775687,-0.6784889855459396,5211.860884896823,-0.4226131251797657,-0.16119702917284737,0.029790637709287294,-0.38077386353784964,-0.5736742531195317,-0.3016935266601414,-0.38077386353784964,-0.3845645677524986,True,-0.5762159393793541,-0.697662153798554,-0.6385070838157197,-0.13713862862643564,-0.13713862862643564,-0.13713862862643564,-0.13713862862643564,True,-0.2794182647270983,-0.2794182647270983,-0.2794182647270983,0.0,0.0,0.0,0.0,True,,,,0.0,0.0,0.0,0.0,True,,,,-0.4680693095317872,0.3911186099254281,-0.03847534980317957,-0.03847534980317957,,False,-0.10783722574548937,-0.10783722574548937,,,,,,non-targeting control,,0,0.0,0.0,0.0,0.0,0,0.0,0.0,0.0,0.0,0,0.0,0.0,0.0,0.0,0,0.0,0.0,0.0,0.0,0,0.0,0.0,0.0,0.0,0.27077292270772924,0.7333266673332666,0.4871321480292162,1.0,0.27077292270772924,0.7333266673332667,0.4871321480292162,1.0,0.4871321480292162,0.4871321480292162,0.6397142560425935,0.6889476488632936,0.8975095532537879,0.9999999999819025,0.47491632473088197,0.5278617292306772,0.6960604655530825,1.0,0.8975095532537879,0.6960604655530825,0.2665666169240973,0.733033911881593,0.5599388154383272,0.99997757850991,0.25590145689993066,0.748405377423601,0.5315963966539996,1.0,0.5599388154383272,0.5315963966539996,0.6748710548973129,0.4434180768053283,0.9497073819158118,0.9999996088429295,0.6203492311171013,0.38293266628537914,0.8801936260378493,1.0,0.9497073819158118,0.8801936260378493
gRNA_14786,controlsgRNA,0.6435611244780023,0.7283321857217014,-1.2963071162909414,0.025195397969587436,0.6435611244780023,0.6859466550998519,True,-0.10883668694693058,0.41950316778250973,0.4325316873307553,943.4294896011203,-0.8010840566433692,-1.4716787231772395,-0.8162352229444455,-1.0851682065629793,-0.8905623992747684,-1.0129457217205604,-0.8905623992747684,-1.0129457217205604,True,-1.5979458400353272,-1.4075903137849977,-1.417665175203773,0.1892823285649325,0.1892823285649325,0.1892823285649325,0.1892823285649325,True,0.20011184813505456,0.20011184813505456,0.20011184813505456,0.0,0.0,0.0,0.0,True,,,,0.0,0.0,0.0,0.0,True,,,,-0.1498392038903383,-0.6859627879438195,-0.4179009959170789,-0.4179009959170789,-0.4179009959170789,True,-0.5421209116980208,-0.5421209116980208,-0.5021644261991924,,,,,non-targeting control,,0,0.0,0.0,0.0,0.0,0,0.0,0.0,0.0,0.0,0,0.0,0.0,0.0,0.0,0,0.0,0.0,0.0,0.0,0,0.0,0.0,0.0,0.0,0.0412958704129587,0.965003499650035,0.11417093584759169,1.0,0.041295870412958714,0.965003499650035,0.11417093584759173,1.0,0.11417093584759169,0.11417093584759173,0.9998382435532929,0.003089818010881454,0.9998382435532929,0.2919263908572534,0.9993638210828835,0.0006926542484285802,1.0,0.09843790663361707,0.2919263908572534,0.09843790663361707,0.6433599819200303,0.47952169975955583,0.8954560738124527,0.99997757850991,0.5868907095498976,0.41790884960429375,0.8327204029840057,1.0,0.8954560738124527,0.8327204029840057,0.3155471732162039,0.569559654621334,0.6979161007605451,0.9999996088429295,0.34474701854897505,0.6598509089740491,0.6786642878241603,1.0,0.6979161007605451,0.6786642878241603
gRNA_14787,controlsgRNA,-1.0229393797516941,-0.15073056240689056,-1.9903173533120302,-1.0546624318235382,-1.0229393797516941,-1.0546624318235382,True,-1.1042525612328447,-1.0365239945361584,-1.0165410108217983,4344.4096891669315,-0.11679613107911915,0.35835036373030926,-0.7150689839587219,-0.20303908778015825,0.015293314827891017,-0.1322521048519598,-0.11679613107911915,,False,-0.3328094961045129,-0.33004850079453174,,-0.1899027555356874,-0.1899027555356874,-0.1899027555356874,-0.1899027555356874,True,-0.35693163258672644,-0.35693163258672644,-0.35693163258672644,0.0,0.0,0.0,0.0,True,,,,0.0,0.0,0.0,0.0,True,,,,-2.186348221747122,-1.1007015057488123,-1.6435248637479671,-1.6435248637479671,-1.6435248637479671,True,-1.944947674634376,-1.944947674634376,-1.7508268321129872,,,,,non-targeting control,,0,0.0,0.0,0.0,0.0,0,0.0,0.0,0.0,0.0,0,0.0,0.0,0.0,0.0,0,0.0,0.0,0.0,0.0,0,0.0,0.0,0.0,0.0,0.3611638836116387,0.6438356164383562,0.5878684858786846,1.0,0.3611638836116388,0.6438356164383562,0.5878684858786848,1.0,0.5878684858786846,0.5878684858786848,0.2559081053797555,0.8386852237650014,0.4787136697651148,0.9999999999819025,0.18623754482799937,0.81523739896737,0.3509003381252117,1.0,0.4787136697651148,0.3509003381252117,0.9920887352012119,0.014306279841626714,0.9999687187655443,0.9881219306548372,0.9917942727794845,0.009441481382584613,1.0,0.7099993999703629,0.9881219306548372,0.7099993999703629,0.9330813214949285,0.07678282579522161,0.9999269884937744,0.8180783335421034,0.9418891036296881,0.05957122261880723,1.0,0.559969492616788,0.8180783335421034,0.559969492616788
gRNA_14788,controlsgRNA,-1.4599167614657669,-1.8214794463786648,-0.17284450140501215,-1.1514135697498145,-1.4599167614657669,-1.1514135697498145,True,-1.1934380224018315,-1.4183126201499718,-1.097087202116231,3292.261515352,-0.18089335535443898,0.0445621804473565,0.09326621649824418,-0.3858401844578718,0.26667399214786575,-0.03244623014376887,0.0445621804473565,,False,-0.1894360947165285,-0.10534197804992002,,-0.04658831015203992,-0.04658831015203992,-0.04658831015203992,-0.04658831015203992,True,-0.14639492942612856,-0.14639492942612856,-0.14639492942612856,0.0,0.0,0.0,0.0,True,,,,0.0,0.0,0.0,0.0,True,,,,0.11644770219447453,1.4263069192581386,0.7713773107263066,0.7713773107263066,0.7713773107263066,True,0.8191053836837933,0.8191053836837933,0.7094692165941566,,,,,non-targeting control,,0,0.0,0.0,0.0,0.0,0,0.0,0.0,0.0,0.0,0,0.0,0.0,0.0,0.0,0,0.0,0.0,0.0,0.0,0,0.0,0.0,0.0,0.0,0.18438156184381566,0.8203179682031797,0.37474306623391723,1.0,0.1843815618438156,0.8203179682031797,0.3747430662339171,1.0,0.37474306623391723,0.3747430662339171,0.1889194769369164,0.9583021060069076,0.3798594830389335,0.9999999999819025,0.09121423297907655,0.9099677413815612,0.20293817514871468,1.0,0.3798594830389335,0.20293817514871468,0.022719848297561088,0.9596604327747269,0.10546497481336999,0.99997757850991,0.02162539958490028,0.9827584046260196,0.09346149705658054,1.0,0.10546497481336999,0.09346149705658054,0.9502571497613903,0.06409806162714614,0.9999269884937744,0.8180783335421034,0.9562780389928652,0.0451768685183287,1.0,0.5308282050903622,0.8180783335421034,0.5308282050903622
gRNA_14789,controlsgRNA,0.4356975607905384,0.6072101032479895,1.6964815082336593,0.9131297240907291,0.6072101032479895,0.9131297240907291,True,0.7096635814760682,0.3877431568166648,0.6216636327114803,1368.6344745163315,-0.4360997119565646,-0.349648975460741,0.5498785755126557,0.04184251141295181,-0.9599968355847873,-0.23080488721529707,-0.349648975460741,,False,-0.47438280193439314,-0.6543178394929675,,-0.1762020072297108,-0.1762020072297108,-0.1762020072297108,-0.1762020072297108,True,-0.3368044892868886,-0.3368044892868886,-0.3368044892868886,0.0,0.0,0.0,0.0,True,,,,0.0,0.0,0.0,0.0,True,,,,0.5565773052449993,0.047434849653412416,0.3020060774492058,0.3020060774492058,0.3020060774492058,True,0.2818716163952368,0.2818716163952368,0.23127502603244193,,,,,non-targeting control,,0,0.0,0.0,0.0,0.0,0,0.0,0.0,0.0,0.0,0,0.0,0.0,0.0,0.0,0,0.0,0.0,0.0,0.0,0,0.0,0.0,0.0,0.0,0.3270672932706729,0.6779322067793221,0.5490058137043439,1.0,0.32706729327067285,0.6779322067793221,0.5490058137043438,1.0,0.5490058137043439,0.5490058137043438,0.3329293771500858,0.5401525259022399,0.576873022158674,0.9999999999819025,0.3853652094999112,0.6200184131451192,0.6082334465303344,1.0,0.576873022158674,0.6082334465303344,0.1289339090591494,0.9241317931275133,0.34315161837936353,0.99997757850991,0.09685299739512743,0.9058576188784246,0.2582746597203398,1.0,0.34315161837936353,0.2582746597203398,0.05316692574132866,0.9771182176277788,0.24378980583828752,0.9999996088429295,0.03202064535669753,0.9689929828940339,0.16151019224928895,1.0,0.24378980583828752,0.16151019224928895
gRNA_14790,controlsgRNA,1.4651878941801508,-1.3509895521121744,-0.19902809418496756,-0.02827658403899705,-0.19902809418496756,-0.775008823148571,True,-0.15812730488973215,-0.31666990023418706,-0.7837268698896656,1366.033516176315,-0.8453994067270741,-0.3089814449329862,-0.3313775091989914,-0.7603799691137462,-1.0264378812564194,-0.6545152422458436,-0.7603799691137462,-0.6545152422458436,True,-1.083052331475166,-1.2262991182637384,-0.9732310821071178,-0.4340494777650907,-0.4340494777650907,-0.4340494777650907,-0.4340494777650907,True,-0.7155964262719966,-0.7155964262719966,-0.7155964262719966,0.0,0.0,0.0,0.0,True,,,,0.0,0.0,0.0,0.0,True,,,,0.007444351925956694,-0.20622954743374336,-0.09939259775389334,-0.09939259775389334,,False,-0.17756199856745794,-0.17756199856745794,,,,,,non-targeting control,,0,0.0,0.0,0.0,0.0,0,0.0,0.0,0.0,0.0,0,0.0,0.0,0.0,0.0,0,0.0,0.0,0.0,0.0,0,0.0,0.0,0.0,0.0,0.749025097490251,0.25707429257074293,0.8884335541209286,1.0,0.7490250974902509,0.2570742925707429,0.8884335541209285,1.0,0.8884335541209286,0.8884335541209285,0.96485257915455,0.1079484612495776,0.9998382435532929,0.9043036340563311,0.9449540718652981,0.056013998436848594,1.0,0.6382201034016688,0.9043036340563311,0.6382201034016688,0.4169859283865308,0.7524283230179323,0.7326481732398858,0.99997757850991,0.3306613140703405,0.673156188142924,0.6154883865863764,1.0,0.7326481732398858,0.6154883865863764,0.3058265268190802,0.4497496588335844,0.6979161007605451,0.9999996088429295,0.42501291486458626,0.5814855240621609,0.7646165358329399,1.0,0.6979161007605451,0.7646165358329399
gRNA_14791,controlsgRNA,0.006957666478505582,1.6711743189533552,0.9792210654501393,0.885784350294,0.9792210654501393,0.885784350294,True,0.6844565417949642,0.7127704005959897,0.598898363423098,1784.392052083714,-0.19003795815408744,-0.054803972977295654,0.19202595054112553,-0.37118416800299814,-0.28662440742897477,-0.1421249112044461,-0.19003795815408744,-0.225662626640839,True,-0.34699200622367615,-0.4320445871800655,-0.4414774110246254,-0.24106463515132442,-0.24106463515132442,-0.24106463515132442,-0.24106463515132442,True,-0.4320912121597475,-0.4320912121597475,-0.4320912121597475,0.0,0.0,0.0,0.0,True,,,,0.0,0.0,0.0,0.0,True,,,,-1.0167047060042715,0.2324438699175646,-0.39213041804335347,-0.39213041804335347,,False,-0.5126243774949306,-0.5126243774949306,,,,,,non-targeting control,,0,0.0,0.0,0.0,0.0,0,0.0,0.0,0.0,0.0,0,0.0,0.0,0.0,0.0,0,0.0,0.0,0.0,0.0,0,0.0,0.0,0.0,0.0,0.42315768423157707,0.5815418458154185,0.6467775986628983,1.0,0.42315768423157685,0.5815418458154185,0.646777598662898,1.0,0.6467775986628983,0.646777598662898,0.35247629757285925,0.9103730946442562,0.5890270572773114,0.9999999999819025,0.1940634872670407,0.8076396673712672,0.35966406083681124,1.0,0.5890270572773114,0.35966406083681124,0.46755397121013687,0.36921095899724904,0.7710539174342608,0.99997757850991,0.5595535302538084,0.44648752129083147,0.8123248161213589,1.0,0.7710539174342608,0.8123248161213589,0.048952432855417526,0.9671324677910605,0.2385465635042246,0.9999996088429295,0.03264567715677117,0.9690210971579111,0.16151019224928895,1.0,0.2385465635042246,0.16151019224928895
gRNA_14792,controlsgRNA,0.3599828853269978,-0.8315565778362455,0.5771434158103199,0.035189907767024076,0.3599828853269978,0.4685631505686588,True,-0.09962372072712694,0.17173989510518478,0.2515579673775524,3716.2961955563615,-0.37159629657364784,-0.42301917961179475,-0.2731181742982646,0.0868595224808627,-0.39343586701718875,-0.27486199900400665,-0.37159629657364784,-0.36529237937522396,True,-0.5376718416922858,-0.6848815344410986,-0.6146106295409763,-0.23791276642606488,-0.23791276642606488,-0.23791276642606488,-0.23791276642606488,True,-0.4274609458356881,-0.4274609458356881,-0.4274609458356881,0.0,0.0,0.0,0.0,True,,,,0.0,0.0,0.0,0.0,True,,,,-0.550231895840303,-0.5831056249225467,-0.5666687603814249,-0.5666687603814249,-0.5666687603814249,True,-0.7123977861376042,-0.7123977861376042,-0.6537286373525104,,,,,non-targeting control,,0,0.0,0.0,0.0,0.0,0,0.0,0.0,0.0,0.0,0,0.0,0.0,0.0,0.0,0,0.0,0.0,0.0,0.0,0,0.0,0.0,0.0,0.0,0.41395860413958596,0.5920407959204079,0.6379034227724767,1.0,0.41395860413958596,0.5920407959204079,0.6379034227724767,1.0,0.6379034227724767,0.6379034227724767,0.6041667665813975,0.7605886401236213,0.8804911016845172,0.9999999999819025,0.41545258210073177,0.5872124262731016,0.6375925341627557,1.0,0.8804911016845172,0.6375925341627557,0.7829483103339379,0.3875121516949394,0.9634765747261216,0.99997757850991,0.703050183023967,0.29998234676527324,0.9193880084007945,1.0,0.9634765747261216,0.9193880084007945,0.4273488302977555,0.6732473419963965,0.8160198047161652,0.9999996088429295,0.3670037689669462,0.6369858609098209,0.7004741986374201,1.0,0.8160198047161652,0.7004741986374201
gRNA_14793,controlsgRNA,-0.8747490496366397,-1.1052603967079782,0.032398181284623975,-0.6492037550199979,-0.8747490496366397,-0.9900047231723089,True,-0.7304996540241931,-0.9070495987631887,-0.9627128876461306,5796.707437321433,-0.9826475295657349,-0.9992845464085386,-0.21505358111897854,-0.6126306733237561,-1.3917162778559167,-0.8402665216545848,-0.9826475295657349,-0.8402665216545848,True,-1.3498882549001774,-1.5358274602227406,-1.2035524585886919,-0.7408191983331023,-0.7408191983331023,-0.7408191983331023,-0.7408191983331023,True,-1.1662578053464643,-1.1662578053464643,-1.1662578053464643,0.0,0.0,0.0,0.0,True,,,,0.0,0.0,0.0,0.0,True,,,,0.2125378105713328,-0.19581686127842657,0.00836047464645312,0.00836047464645312,,False,-0.05422979386802919,-0.05422979386802919,,,,,,non-targeting control,,0,0.0,0.0,0.0,0.0,0,0.0,0.0,0.0,0.0,0,0.0,0.0,0.0,0.0,0,0.0,0.0,0.0,0.0,0,0.0,0.0,0.0,0.0,0.9528047195280472,0.05219478052194781,0.984215864127873,1.0,0.9528047195280472,0.052194780521947794,0.984215864127873,1.0,0.984215864127873,0.984215864127873,0.9862480827051344,0.016509157669641485,0.9998382435532929,0.477495637214246,0.9914507216944427,0.008961860945090114,1.0,0.3017873562187934,0.477495637214246,0.3017873562187934,0.3050060879535289,0.8125984791095641,0.6232733101659069,0.99997757850991,0.2422478313334313,0.7614443027620721,0.5146055626066111,1.0,0.6232733101659069,0.5146055626066111,0.8451090012040408,0.2729392244520623,0.9999269884937744,0.9999996088429295,0.8019948868563307,0.20035797825988028,0.9788126948284221,1.0,0.9999269884937744,0.9788126948284221
gRNA_14794,controlsgRNA,0.4587369356784438,0.17602962690013657,0.6260086418212997,0.42025840146662663,0.4587369356784438,0.42025840146662663,True,0.25533346043197197,0.2580216449970961,0.21134382990077574,1426.549424836693,-0.9414700265058359,-0.5426049981218244,-1.227820038283822,-0.6984992523383511,-0.6612740632219508,-0.8143336756943569,-0.6984992523383511,-0.8143336756943569,True,-1.3126351338403266,-1.1401244393147605,-1.1713971550200897,-0.26028164425146355,-0.26028164425146355,-0.26028164425146355,-0.26028164425146355,True,-0.46032204213449157,-0.46032204213449157,-0.46032204213449157,0.0,0.0,0.0,0.0,True,,,,0.0,0.0,0.0,0.0,True,,,,-1.4788559335412834,-0.9725997332253197,-1.2257278333833015,-1.2257278333833015,-1.2257278333833015,True,-1.4667448009353172,-1.4667448009353172,-1.3251763052167822,,,,,non-targeting control,,0,0.0,0.0,0.0,0.0,0,0.0,0.0,0.0,0.0,0,0.0,0.0,0.0,0.0,0,0.0,0.0,0.0,0.0,0,0.0,0.0,0.0,0.0,0.464953504649535,0.5404459554044594,0.6882776289300203,1.0,0.46495350464953505,0.5404459554044595,0.6882776289300204,1.0,0.6882776289300203,0.6882776289300204,0.9970450469934047,0.028361902462410434,0.9998382435532929,0.4934302925225737,0.9912216234362452,0.009183431514823794,1.0,0.3017873562187934,0.4934302925225737,0.3017873562187934,0.9786245840117578,0.04208636164023228,0.9999687187655443,0.99997757850991,0.9727174790362833,0.02866662638129558,1.0,0.7241491704174918,0.9999687187655443,0.7241491704174918,0.25091887681155034,0.9223505276930313,0.6636236808695778,0.9999996088429295,0.15048258474571086,0.8521549770982111,0.44204259269052565,1.0,0.6636236808695778,0.44204259269052565
gRNA_14795,controlsgRNA,-0.39106041352974824,0.46501180734816244,0.36489913256211726,0.14628350879351049,0.36489913256211726,0.4149554699551399,True,0.0027826618005950235,0.17603523704648033,0.20692909178915833,4568.50908739469,-0.778401757965499,-0.5408205190918463,-0.4456180878104131,-0.36827484468592986,-0.9795927150954806,-0.6225415849298338,-0.5408205190918463,-0.6225415849298338,True,-1.0371214479714328,-0.9205420730678027,-0.9335855044959471,-0.4895006994901796,-0.4895006994901796,-0.4895006994901796,-0.4895006994901796,True,-0.7970572823425435,-0.7970572823425435,-0.7970572823425435,0.0,0.0,0.0,0.0,True,,,,0.0,0.0,0.0,0.0,True,,,,-1.0550520447705483,-1.2250045482366294,-1.1400282965035888,-1.1400282965035888,-1.1400282965035888,True,-1.3686546714416084,-1.3686546714416084,-1.237865840142937,,,,,non-targeting control,,0,0.0,0.0,0.0,0.0,0,0.0,0.0,0.0,0.0,0,0.0,0.0,0.0,0.0,0,0.0,0.0,0.0,0.0,0,0.0,0.0,0.0,0.0,0.83001699830017,0.17508249175082494,0.9233325188191239,1.0,0.83001699830017,0.1750824917508249,0.9233325188191239,1.0,0.9233325188191239,0.9233325188191239,0.9703677281702502,0.146603017900064,0.9998382435532929,0.9999999999819025,0.9331644293584065,0.06817085024515418,1.0,0.7120066581160548,0.9998382435532929,0.7120066581160548,0.9780024596911704,0.06315914763067661,0.9999687187655443,0.99997757850991,0.9614075113665618,0.04002894933785393,1.0,0.8361602750573931,0.9999687187655443,0.8361602750573931,0.40687157652503536,0.79389351587064,0.8137291861627297,0.9999996088429295,0.2969799792725874,0.7068129811339688,0.6454593769161437,1.0,0.8137291861627297,0.6454593769161437
gRNA_14796,controlsgRNA,-1.0516823549136622,-1.375559522375836,-0.8183469674684212,-1.0818629482526398,-1.0516823549136622,-1.0818629482526398,True,-1.129326070999857,-1.0616368297591043,-1.0391856850505938,3066.389103695834,-0.21040541653481282,0.10181707926473489,-0.015181094465716085,-0.34950056189568013,0.18584299561421455,-0.05748539960345191,-0.015181094465716085,,False,-0.2254054292257553,-0.18854006952777497,,-0.4070039181983622,-0.4070039181983622,-0.4070039181983622,-0.4070039181983622,True,-0.6758650305214166,-0.6758650305214166,-0.6758650305214166,0.0,0.0,0.0,0.0,True,,,,0.0,0.0,0.0,0.0,True,,,,0.33965220431975723,-0.561923891623909,-0.11113584365207588,-0.11113584365207588,,False,-0.19100310400127124,-0.19100310400127124,,,,,,non-targeting control,,0,0.0,0.0,0.0,0.0,0,0.0,0.0,0.0,0.0,0,0.0,0.0,0.0,0.0,0,0.0,0.0,0.0,0.0,0,0.0,0.0,0.0,0.0,0.7054294570542946,0.2994700529947004,0.8611736228974506,1.0,0.7054294570542946,0.29947005299470053,0.8611736228974506,1.0,0.8611736228974506,0.8611736228974506,0.22166149905797813,0.9565138435398196,0.43408710232187386,0.9999999999819025,0.10537581016414138,0.896069423656273,0.22902488220645756,1.0,0.43408710232187386,0.22902488220645756,0.3304461890201142,0.6643208639177722,0.647123786831057,0.99997757850991,0.3248998484275383,0.679116762866793,0.613881120647007,1.0,0.647123786831057,0.613881120647007,0.977019014424145,0.10282336074955004,0.9999269884937744,0.8786723554961549,0.9485896200223142,0.052884122407074116,1.0,0.5509040677428166,0.8786723554961549,0.5509040677428166
gRNA_14797,controlsgRNA,-0.601302025621566,0.11576421456885932,-0.9919836103745457,-0.49250714047575084,-0.601302025621566,-0.7966428179980558,True,-0.5860562900360965,-0.6681380032307367,-0.8017373649076898,3772.206859382162,-0.6771380259155236,-0.41711666831001515,-0.43086116362487376,-0.24296329596445695,-0.4611982954461626,-0.4458554898522064,-0.43086116362487376,-0.4458554898522064,True,-0.7833078673249493,-0.7674133982789126,-0.7145044583089869,-0.372266317258321,-0.372266317258321,-0.372266317258321,-0.372266317258321,True,-0.6248336082663418,-0.6248336082663418,-0.6248336082663418,0.0,0.0,0.0,0.0,True,,,,0.0,0.0,0.0,0.0,True,,,,-0.24793797505977835,-0.37916270211006486,-0.3135503385849216,-0.3135503385849216,-0.3135503385849216,True,-0.42268304933440254,-0.42268304933440254,-0.39585224816233644,,,,,non-targeting control,,0,0.0,0.0,0.0,0.0,0,0.0,0.0,0.0,0.0,0,0.0,0.0,0.0,0.0,0,0.0,0.0,0.0,0.0,0,0.0,0.0,0.0,0.0,0.6610338966103391,0.34396560343965604,0.8340561916962668,1.0,0.6610338966103391,0.34396560343965604,0.8340561916962668,1.0,0.8340561916962668,0.8340561916962668,0.8740337963915181,0.4662332748653564,0.9998382435532929,0.9999999999819025,0.7320452040531968,0.27029881003544926,0.9524186737854742,1.0,0.9998382435532929,0.9524186737854742,0.5859741995081813,0.6078523109423506,0.8559129832153058,0.99997757850991,0.4907073940079525,0.5131244683007918,0.7655849798630296,1.0,0.8559129832153058,0.7655849798630296,0.7919240160977973,0.362547121995536,0.9943983369545115,0.9999996088429295,0.7280704981777779,0.2752215241772871,0.9588182740977781,1.0,0.9943983369545115,0.9588182740977781
gRNA_14798,controlsgRNA,0.43579398182383977,-0.5524295091936497,-0.3583835480789301,-0.15833969181624669,-0.3583835480789301,-0.45540652863628994,True,-0.27801983015413356,-0.4558993026522071,-0.5176550891986562,1644.0757362829986,-0.4839479975262757,-0.38929494255893704,-0.09340619240052961,-0.2960626295771485,0.15597866240777797,-0.22134661993102261,-0.2960626295771485,-0.31567794051572273,True,-0.4607957865833636,-0.5796938468632703,-0.553091452457217,-0.22005505944117312,-0.22005505944117312,-0.22005505944117312,-0.22005505944117312,True,-0.40122700448705084,-0.40122700448705084,-0.40122700448705084,0.0,0.0,0.0,0.0,True,,,,0.0,0.0,0.0,0.0,True,,,,0.24401674075749227,-0.6763258013320788,-0.21615453028729326,-0.21615453028729326,,False,-0.3112055805416817,-0.3112055805416817,,,,,,non-targeting control,,0,0.0,0.0,0.0,0.0,0,0.0,0.0,0.0,0.0,0,0.0,0.0,0.0,0.0,0,0.0,0.0,0.0,0.0,0,0.0,0.0,0.0,0.0,0.39136086391360864,0.6141385861413858,0.6131320201313202,1.0,0.39136086391360864,0.6141385861413858,0.6131320201313202,1.0,0.6131320201313202,0.6131320201313202,0.48141830785766926,0.8078215714270045,0.7449106327345005,0.9999999999819025,0.3224257021590411,0.6803425533475252,0.5340619559991165,1.0,0.7449106327345005,0.5340619559991165,0.3991743788317889,0.5838340150685425,0.7113249594348465,0.99997757850991,0.4037007465863184,0.6014355937824902,0.6868392792599807,1.0,0.7113249594348465,0.6868392792599807,0.6136973343878034,0.6013900416858771,0.9213348530185991,0.9999996088429295,0.5097300460908002,0.493485491052548,0.8318258738099584,1.0,0.9213348530185991,0.8318258738099584
gRNA_14799,controlsgRNA,1.2077834815692154,2.106581343864908,0.819697151879565,1.378020659104563,1.2077834815692154,1.378020659104563,True,1.1382013053846358,0.9124661614492895,1.0086895115306511,970.7418032776955,-0.39559028568579707,0.374706786719826,-0.32945981507989835,-0.8026614912896005,-0.76188609276066,-0.38297817961922603,-0.39559028568579707,-0.572399421203989,True,-0.6929831858912414,-0.7182954057760033,-0.8714119775847913,0.07131814149685309,0.07131814149685309,0.07131814149685309,0.07131814149685309,True,0.026816051121369124,0.026816051121369124,0.026816051121369124,0.0,0.0,0.0,0.0,True,,,,0.0,0.0,0.0,0.0,True,,,,-0.3049648101410333,-0.4836932376476699,-0.39432902389435165,-0.39432902389435165,-0.39432902389435165,True,-0.5151408617197257,-0.5151408617197257,-0.47814936246669304,,,,,non-targeting control,,0,0.0,0.0,0.0,0.0,0,0.0,0.0,0.0,0.0,0,0.0,0.0,0.0,0.0,0,0.0,0.0,0.0,0.0,0,0.0,0.0,0.0,0.0,0.0988901109889011,0.9053094690530947,0.22811461185169826,1.0,0.09889011098890121,0.9053094690530947,0.2281146118516985,1.0,0.22811461185169826,0.2281146118516985,0.6102727712649239,0.39507479058867534,0.8859558378208934,0.9999999999819025,0.6362208205336896,0.3672797970514897,0.8636066011576436,1.0,0.8859558378208934,0.8636066011576436,0.6620659269145263,0.5250213378930979,0.8954560738124527,0.99997757850991,0.5717457758486115,0.43184137770777764,0.8236644127167737,1.0,0.8954560738124527,0.8236644127167737,0.008980017522889475,0.9974151526633891,0.07852294392108006,0.9999996088429295,0.004221407797828281,0.9961744927639168,0.03764774812975191,1.0,0.07852294392108006,0.03764774812975191
gRNA_14800,controlsgRNA,0.06507560123962514,-0.14833077751403081,0.34226391665524714,0.0863362467936138,0.06507560123962514,0.20366975894743614,True,-0.05247688678841293,-0.08592160269035298,0.031031839711621965,3854.813605935597,0.8075682002641389,-0.29478703332238737,-0.42548162607909684,-0.4645863024764911,0.1422901021813724,-0.046999331886492815,-0.29478703332238737,,False,-0.21034195525530194,-0.5779174599134949,,-0.13104915572772,-0.13104915572772,-0.13104915572772,-0.13104915572772,True,-0.27047249834151604,-0.27047249834151604,-0.27047249834151604,0.0,0.0,0.0,0.0,True,,,,0.0,0.0,0.0,0.0,True,,,,-0.6161298816365393,-0.8434978398561426,-0.7298138607463409,-0.7298138607463409,-0.7298138607463409,True,-0.8991306974661722,-0.8991306974661722,-0.8199404408932129,,,,,non-targeting control,,0,0.0,0.0,0.0,0.0,0,0.0,0.0,0.0,0.0,0,0.0,0.0,0.0,0.0,0,0.0,0.0,0.0,0.0,0,0.0,0.0,0.0,0.0,0.26087391260873904,0.7442255774422557,0.47385792821684003,1.0,0.26087391260873904,0.7442255774422558,0.47385792821684003,1.0,0.47385792821684003,0.47385792821684003,0.14505197009561926,0.8551272558590424,0.30344290915784083,0.9999999999819025,0.13540067076785423,0.867182767067219,0.27308409910100795,1.0,0.30344290915784083,0.27308409910100795,0.863664878386549,0.26275910398905306,0.9693671470846043,0.99997757850991,0.8073837921163534,0.19578414451516446,0.9546356696656506,1.0,0.9693671470846043,0.9546356696656506,0.46218158870577075,0.8003976733219216,0.8353730278607937,0.9999996088429295,0.32212290620838785,0.6810244637022946,0.664268883558094,1.0,0.8353730278607937,0.664268883558094
gRNA_14801,controlsgRNA,-0.026806746491498404,-0.7281009927303971,-0.4455599034751539,-0.40015588089901644,-0.4455599034751539,-0.40015588089901644,True,-0.5009266486548865,-0.5320655810581765,-0.4716584287234194,3007.114707182428,-0.4302368914705998,0.13142047057868858,-0.25297792120360835,-0.49381002699511517,-0.24303360193411813,-0.25772759420495056,-0.25297792120360835,-0.35501461040086035,True,-0.513057880800887,-0.5196943655195693,-0.6018667609395327,-0.37187838030758125,-0.37187838030758125,-0.37187838030758125,-0.37187838030758125,True,-0.6242637078182448,-0.6242637078182448,-0.6242637078182448,0.0,0.0,0.0,0.0,True,,,,0.0,0.0,0.0,0.0,True,,,,-0.4610663689010657,-0.4724940127391984,-0.46678019082013206,-0.46678019082013206,-0.46678019082013206,True,-0.5980671481907377,-0.5980671481907377,-0.5519624227205829,,,,,non-targeting control,,0,0.0,0.0,0.0,0.0,0,0.0,0.0,0.0,0.0,0,0.0,0.0,0.0,0.0,0,0.0,0.0,0.0,0.0,0,0.0,0.0,0.0,0.0,0.6561343865613437,0.3480651934806519,0.8306617149732837,1.0,0.6561343865613438,0.34806519348065196,0.8306617149732838,1.0,0.8306617149732837,0.8306617149732838,0.5492194870968181,0.7655767627553696,0.8194703458269984,0.9999999999819025,0.3829833042252858,0.6193058146610849,0.6082334465303344,1.0,0.8194703458269984,0.6082334465303344,0.713282350523313,0.47447733149752835,0.9377418314572228,0.99997757850991,0.6238500726403924,0.3800849591234454,0.8529731902283183,1.0,0.9377418314572228,0.8529731902283183,0.7758069018011629,0.46934212368741957,0.994149805426301,0.9999996088429295,0.6640040179063442,0.3392752224735833,0.9111879953751293,1.0,0.994149805426301,0.9111879953751293
gRNA_14802,controlsgRNA,0.8206464576754182,1.3892605004570335,0.46130204699918925,0.890403001710547,0.8206464576754182,0.890403001710547,True,0.688714027188856,0.5742232260898852,0.6027434322098131,1701.8271803343123,-0.44618222054825485,-0.4913952091830489,-0.6051327496258194,-0.8224984411501156,-0.44426428468891266,-0.5618945810392303,-0.4913952091830489,-0.5618945810392303,True,-0.9500006521544652,-0.851712711753134,-0.8583865531884288,-0.3317666897017329,-0.3317666897017329,-0.3317666897017329,-0.3317666897017329,True,-0.5653374559966204,-0.5653374559966204,-0.5653374559966204,0.0,0.0,0.0,0.0,True,,,,0.0,0.0,0.0,0.0,True,,,,-0.7745923348974174,0.09796056194754746,-0.338315886474935,-0.338315886474935,,False,-0.4510292445177412,-0.4510292445177412,,,,,,non-targeting control,,0,0.0,0.0,0.0,0.0,0,0.0,0.0,0.0,0.0,0,0.0,0.0,0.0,0.0,0,0.0,0.0,0.0,0.0,0,0.0,0.0,0.0,0.0,0.591040895910409,0.41395860413958596,0.79071668804851,1.0,0.591040895910409,0.41395860413958596,0.7907166880485097,1.0,0.79071668804851,0.7907166880485097,0.9621906750990594,0.24194318770852036,0.9998382435532929,0.9999999999819025,0.8920404588091919,0.10915597359770396,1.0,0.8690100948559968,0.9998382435532929,0.8690100948559968,0.5441649937818449,0.4716472666233047,0.8351266843345865,0.99997757850991,0.5408726479747354,0.46339641188258696,0.7975220221117667,1.0,0.8351266843345865,0.7975220221117667,0.06376265203688856,0.9831586356965246,0.2755719214467828,0.9999996088429295,0.03318195948593177,0.967951489984111,0.16203138658065383,1.0,0.2755719214467828,0.16203138658065383
gRNA_14803,controlsgRNA,-0.4713808628867599,-0.6480738035406465,-0.6482630791841714,-0.5892392485371926,-0.6480738035406465,-0.5892392485371926,True,-0.6752242094241016,-0.7090026647818569,-0.629072030535371,3939.435151185457,0.34748651217676724,0.2338850730130627,0.15018282394693042,0.09404974637899696,-0.04947752361952322,0.15522532637924683,0.15018282394693042,0.20640103887893932,True,0.08015835031140434,0.04174463500591452,0.09425778545395502,-0.04884899649990019,-0.04884899649990019,-0.04884899649990019,-0.04884899649990019,True,-0.14971600044087904,-0.14971600044087904,-0.14971600044087904,0.0,0.0,0.0,0.0,True,,,,0.0,0.0,0.0,0.0,True,,,,-0.6749273481362157,-0.9168181814321295,-0.7958727647841726,-0.7958727647841726,-0.7958727647841726,True,-0.9747405162260833,-0.9747405162260833,-0.8872410803576597,,,,,non-targeting control,,0,0.0,0.0,0.0,0.0,0,0.0,0.0,0.0,0.0,0,0.0,0.0,0.0,0.0,0,0.0,0.0,0.0,0.0,0,0.0,0.0,0.0,0.0,0.18918108189181082,0.8157184281571843,0.38243057414688636,1.0,0.18918108189181088,0.8157184281571843,0.38243057414688647,1.0,0.38243057414688636,0.38243057414688647,0.05028407930545619,0.997063312862099,0.12438693301876005,0.9999999999819025,0.014524894715407825,0.9858746837059372,0.03846028459854466,1.0,0.12438693301876005,0.03846028459854466,0.8915306021088404,0.22054411028533946,0.9799770692138859,0.99997757850991,0.842620296921655,0.16065063059189788,0.9659305842760435,1.0,0.9799770692138859,0.9659305842760435,0.8777078710174242,0.3570634686774187,0.9999269884937744,0.9999996088429295,0.7761534336399973,0.22618774597801167,0.9788126948284221,1.0,0.9999269884937744,0.9788126948284221
gRNA_14804,controlsgRNA,0.20500561784766208,0.050668991372218745,-0.7449034619672643,-0.16307628424912782,0.050668991372218745,0.12783730460994042,True,-0.2823860338965426,-0.09850870676300835,-0.03209935961389421,3423.2675141125765,-0.5163508300392748,0.24861892842863134,0.1921690668355883,0.11005808707494187,-0.2995574980084959,-0.05301244914172185,0.11005808707494187,,False,-0.21897993449597897,-0.014132809504080012,,-0.5063392364519499,-0.5063392364519499,-0.5063392364519499,-0.5063392364519499,True,-0.8217940075797574,-0.8217940075797574,-0.8217940075797574,0.0,0.0,0.0,0.0,True,,,,0.0,0.0,0.0,0.0,True,,,,0.13058883835715657,-1.166448864570113,-0.5179300131064782,-0.5179300131064782,,False,-0.6566123034427449,-0.6566123034427449,,,,,,non-targeting control,,0,0.0,0.0,0.0,0.0,0,0.0,0.0,0.0,0.0,0,0.0,0.0,0.0,0.0,0,0.0,0.0,0.0,0.0,0,0.0,0.0,0.0,0.0,0.8355164483551645,0.1700829917008299,0.926708509090094,1.0,0.8355164483551645,0.17008299170082997,0.926708509090094,1.0,0.926708509090094,0.926708509090094,0.19773120027523533,0.9162446033452958,0.39546240055047066,0.9999999999819025,0.11929156607288999,0.8825910750528964,0.2519866788955429,1.0,0.39546240055047066,0.2519866788955429,0.5732808022837677,0.2716792572822822,0.8521081685205955,0.99997757850991,0.6745014919508174,0.3310381777950307,0.8964979361065435,1.0,0.8521081685205955,0.8964979361065435,0.6005366201660258,0.6137508793700346,0.9213348530185991,0.9999996088429295,0.4929503911968641,0.5103670559832888,0.8201298543806235,1.0,0.9213348530185991,0.8201298543806235
gRNA_14805,controlsgRNA,-0.3349387498726911,1.730680752197813,0.9376569980082674,0.7777996667777964,0.9376569980082674,1.3341688751030403,True,0.5849159678544464,0.6764557334127453,0.9721825074943761,3378.8174139051334,-0.703808449297623,-0.1502784037333267,-0.1921934841759245,-0.16278703663996255,-0.5395349531305986,-0.34972046539548707,-0.1921934841759245,-0.34972046539548707,True,-0.6452077255329376,-0.43504635853271784,-0.5953023121302867,-0.45354566691384507,-0.45354566691384507,-0.45354566691384507,-0.45354566691384507,True,-0.7442373868994206,-0.7442373868994206,-0.7442373868994206,0.0,0.0,0.0,0.0,True,,,,0.0,0.0,0.0,0.0,True,,,,-0.21323276676568995,-1.0073372164306567,-0.6102849915981733,-0.6102849915981733,-0.6102849915981733,True,-0.7623201302231203,-0.7623201302231203,-0.6981647401712195,,,,,non-targeting control,,0,0.0,0.0,0.0,0.0,0,0.0,0.0,0.0,0.0,0,0.0,0.0,0.0,0.0,0,0.0,0.0,0.0,0.0,0,0.0,0.0,0.0,0.0,0.7867213278672133,0.21817818218178184,0.9073841082149454,1.0,0.7867213278672133,0.2181781821817818,0.9073841082149454,1.0,0.9073841082149454,0.9073841082149454,0.7078495934512966,0.5930668128141946,0.947092222241653,0.9999999999819025,0.5621623643788634,0.4402778167571031,0.782863144468343,1.0,0.947092222241653,0.782863144468343,0.7434858139213614,0.2929476465359016,0.9514855150691028,0.99997757850991,0.7363857007363855,0.26655725826781657,0.926023489889234,1.0,0.9514855150691028,0.926023489889234,0.06007537493475656,0.9154361177980902,0.2626551276217263,0.9999996088429295,0.05351637230254391,0.9486855879086219,0.22866086347450582,1.0,0.2626551276217263,0.22866086347450582
gRNA_14806,controlsgRNA,-1.1607828144927763,-0.11343477608345179,-0.9348488359040227,-0.7363554754934168,-0.9348488359040227,-0.7363554754934168,True,-0.8108363461674446,-0.9595589865688072,-0.751547610801523,4303.348565347421,-1.186860429642974,-0.14197370428857786,-0.4716092290396754,-0.7397309782674293,-1.408472768516884,-0.7897294219511081,-0.7397309782674293,-0.7897294219511081,True,-1.2772905656162967,-1.1975434695006446,-1.1408892327732816,-0.11118707742695079,-0.11118707742695079,-0.11118707742695079,-0.11118707742695079,True,-0.24129402667965844,-0.24129402667965844,-0.24129402667965844,0.0,0.0,0.0,0.0,True,,,,0.0,0.0,0.0,0.0,True,,,,-1.0506687389175424,-0.2802579817773181,-0.6654633603474303,-0.6654633603474303,-0.6654633603474303,True,-0.8254762864047239,-0.8254762864047239,-0.7543803186086595,,,,,non-targeting control,,0,0.0,0.0,0.0,0.0,0,0.0,0.0,0.0,0.0,0,0.0,0.0,0.0,0.0,0,0.0,0.0,0.0,0.0,0,0.0,0.0,0.0,0.0,0.2392760723927607,0.7658234176582341,0.44538516445385157,1.0,0.23927607239276072,0.7658234176582341,0.4453851644538516,1.0,0.44538516445385157,0.4453851644538516,0.9664350706817961,0.025365858551894428,0.9998382435532929,0.4934302925225737,0.9820564450261918,0.018768435305641356,1.0,0.3714174565747974,0.4934302925225737,0.3714174565747974,0.7901683676938972,0.2480676839373975,0.9641550045398871,0.99997757850991,0.783686469679069,0.22040887352292465,0.9481315787636498,1.0,0.9641550045398871,0.9481315787636498,0.8916940703173333,0.22410017762490092,0.9999269884937744,0.9999996088429295,0.849376464292225,0.15291799335041267,1.0,0.9425764836025436,0.9999269884937744,0.9425764836025436
gRNA_14807,controlsgRNA,0.2585301168401342,-0.2670227470584526,0.40990381239301293,0.13380372739156485,0.2585301168401342,0.3342169646165736,True,-0.00872123452017775,0.08310026599353314,0.1397135609415304,3238.8754225186412,-0.4417083045145646,-0.39113198071448235,-0.18649748488518378,0.013490785041635235,-0.03754787205411915,-0.20867897142534292,-0.18649748488518378,-0.2642214105420875,True,-0.44259842235849334,-0.42711414740538395,-0.4892881836441177,-0.026512638496275574,-0.026512638496275574,-0.026512638496275574,-0.026512638496275574,True,-0.11690267752629627,-0.11690267752629627,-0.11690267752629627,0.0,0.0,0.0,0.0,True,,,,0.0,0.0,0.0,0.0,True,,,,0.1333720975047468,-1.3943635001101913,-0.6304957013027223,-0.6304957013027223,,False,-0.7854529405539573,-0.7854529405539573,,,,,,non-targeting control,,0,0.0,0.0,0.0,0.0,0,0.0,0.0,0.0,0.0,0,0.0,0.0,0.0,0.0,0,0.0,0.0,0.0,0.0,0,0.0,0.0,0.0,0.0,0.1515848415158484,0.8534146585341466,0.32020168769639884,1.0,0.15158484151584845,0.8534146585341466,0.32020168769639895,1.0,0.32020168769639884,0.32020168769639895,0.4735971200927567,0.845033352937002,0.7358368477474236,0.9999999999819025,0.2932467551101213,0.7092924803849411,0.49223562464913223,1.0,0.7358368477474236,0.49223562464913223,0.587361067681714,0.17985175321060354,0.8559129832153058,0.99997757850991,0.7472701941872496,0.2599367923373499,0.929682409138475,1.0,0.8559129832153058,0.929682409138475,0.43275776470467264,0.7999611994977961,0.8160198047161652,0.9999996088429295,0.30709818341881717,0.6959699819069438,0.6523667625168094,1.0,0.8160198047161652,0.6523667625168094
gRNA_14808,controlsgRNA,0.2908064497885144,-0.1933660415846405,0.14129833871401812,0.079579582305964,0.14129833871401812,0.21605239425126627,True,-0.05870519842599119,-0.01932553754226567,0.041340494816758694,4586.5788803271835,-0.29111877706037614,-0.22268865699287294,-0.3063982185376821,-0.6040438033769415,-0.2827873393332298,-0.3414073590602205,-0.29111877706037614,-0.3414073590602205,True,-0.6332657598433232,-0.5728090703835422,-0.5849945172118837,-0.3662074068930717,-0.3662074068930717,-0.3662074068930717,-0.3662074068930717,True,-0.6159327399021629,-0.6159327399021629,-0.6159327399021629,0.0,0.0,0.0,0.0,True,,,,0.0,0.0,0.0,0.0,True,,,,-0.42813674471712854,-1.281100626961866,-0.8546186858394973,-0.8546186858394973,-0.8546186858394973,True,-1.0419800278191513,-1.0419800278191513,-0.9470912717972124,,,,,non-targeting control,,0,0.0,0.0,0.0,0.0,0,0.0,0.0,0.0,0.0,0,0.0,0.0,0.0,0.0,0,0.0,0.0,0.0,0.0,0,0.0,0.0,0.0,0.0,0.6326367363263675,0.37246275372462767,0.8146281262284732,1.0,0.6326367363263674,0.37246275372462756,0.8146281262284731,1.0,0.8146281262284732,0.8146281262284731,0.7266054269222973,0.6770536021440964,0.9619846497281119,0.9999999999819025,0.5281127167432599,0.474523516183434,0.7521605359676732,1.0,0.9619846497281119,0.7521605359676732,0.8550424588307928,0.1533757993570843,0.9686332769618934,0.99997757850991,0.8655920536834967,0.1375338201215306,0.9688754963933863,1.0,0.9686332769618934,0.9688754963933863,0.4732299333360348,0.7889368846098468,0.8353730278607937,0.9999996088429295,0.33374419395576416,0.6689187110760447,0.664268883558094,1.0,0.8353730278607937,0.664268883558094
gRNA_14809,controlsgRNA,-1.2495995389043628,1.0785011385562868,0.2509362252495182,0.026612608300480733,0.2509362252495182,0.6647186819029025,True,-0.10753029862279032,0.07646545706573682,0.4148592089851523,904.4478932195703,-0.9503903007966027,-0.730316217553081,-0.39035800809162313,-0.41014597684766424,0.09727649128993486,-0.4767868023998072,-0.41014597684766424,-0.6203026258222427,True,-0.8277413989413042,-0.7385655654980885,-0.9308093182689248,-0.24431662340244747,-0.24431662340244747,-0.24431662340244747,-0.24431662340244747,True,-0.4368685595044316,-0.4368685595044316,-0.4368685595044316,0.0,0.0,0.0,0.0,True,,,,0.0,0.0,0.0,0.0,True,,,,-0.10193679365797587,-0.7752725788804562,-0.438604686269216,-0.438604686269216,-0.438604686269216,True,-0.5658179787018862,-0.5658179787018862,-0.5232572920326121,,,,,non-targeting control,,0,0.0,0.0,0.0,0.0,0,0.0,0.0,0.0,0.0,0,0.0,0.0,0.0,0.0,0,0.0,0.0,0.0,0.0,0,0.0,0.0,0.0,0.0,0.4430556944305569,0.5613438656134385,0.6663557644235576,1.0,0.4430556944305569,0.5613438656134386,0.6663557644235576,1.0,0.6663557644235576,0.6663557644235576,0.8038049194167555,0.28071877199523854,0.9924918833377505,0.9999999999819025,0.7836004632862592,0.2191455553384145,0.9841910646634648,1.0,0.9924918833377505,0.9841910646634648,0.6461687674358536,0.42742526409178294,0.8954560738124527,0.99997757850991,0.6156715432395412,0.38833818488173455,0.8515697150271105,1.0,0.8954560738124527,0.8515697150271105,0.31162106648176663,0.5598509176065396,0.6979161007605451,0.9999996088429295,0.3551535340525161,0.6491872835176145,0.6911326239382249,1.0,0.6979161007605451,0.6911326239382249
gRNA_14810,controlsgRNA,-0.7424498956966553,-0.6374375006780936,-0.5316899617474673,-0.6371924527074054,-0.6374375006780936,-0.6371924527074054,True,-0.7194276029977241,-0.699709690771217,-0.6689935036990056,4771.043313134976,-1.4491970932688023,-0.429261551152747,-0.38404363479671483,-0.42127394409585806,-1.34225216191239,-0.8052056770453024,-0.429261551152747,-0.8052056770453024,True,-1.2995225568702211,-0.7651857884771607,-1.1600789384238748,-0.5362533315408281,-0.5362533315408281,-0.5362533315408281,-0.5362533315408281,True,-0.8657394377922213,-0.8657394377922213,-0.8657394377922213,0.0,0.0,0.0,0.0,True,,,,0.0,0.0,0.0,0.0,True,,,,-0.38477540576601105,-0.5305509080725399,-0.4576631569192755,-0.4576631569192755,-0.4576631569192755,True,-0.5876319571909453,-0.5876319571909453,-0.5426740123165095,,,,,non-targeting control,,0,0.0,0.0,0.0,0.0,0,0.0,0.0,0.0,0.0,0,0.0,0.0,0.0,0.0,0,0.0,0.0,0.0,0.0,0,0.0,0.0,0.0,0.0,0.8708129187081292,0.133986601339866,0.9463169290007415,1.0,0.8708129187081292,0.133986601339866,0.9463169290007415,1.0,0.9463169290007415,0.9463169290007415,0.9728487200675808,0.020943578118311164,0.9998382435532929,0.4934302925225737,0.9840184644843399,0.01680212848843958,1.0,0.350977795091849,0.4934302925225737,0.350977795091849,0.695819865146159,0.4868049685191743,0.917993927350722,0.99997757850991,0.6079734352249276,0.39454708051069465,0.8498067347381888,1.0,0.917993927350722,0.8498067347381888,0.895734545854327,0.3213993192653914,0.9999269884937744,0.9999996088429295,0.8034885848900608,0.19871711156764288,0.9788126948284221,1.0,0.9999269884937744,0.9788126948284221
gRNA_14811,controlsgRNA,2.843921617346436,3.249644888010623,1.8053308234387917,2.632965776265283,2.843921617346436,2.632965776265283,True,2.295013115712197,2.341965619115647,2.0534425928625173,492.81253452254475,-0.735356921779903,-0.43346788977585765,-1.0446351287307294,-0.8854394872952791,-0.28652292830324677,-0.6770844711770032,-0.735356921779903,-0.6770844711770032,True,-1.115473540427297,-1.191452187221459,-1.001215685443895,-0.4416090101341357,-0.4416090101341357,-0.4416090101341357,-0.4416090101341357,True,-0.7267017898531348,-0.7267017898531348,-0.7267017898531348,0.0,0.0,0.0,0.0,True,,,,0.0,0.0,0.0,0.0,True,,,,0.12671955570420926,0.04821181028207005,0.08746568299313966,0.08746568299313966,0.08746568299313966,True,0.03631258725643826,0.03631258725643826,0.012701830667606395,,,,,non-targeting control,,0,0.0,0.0,0.0,0.0,0,0.0,0.0,0.0,0.0,0,0.0,0.0,0.0,0.0,0,0.0,0.0,0.0,0.0,0,0.0,0.0,0.0,0.0,0.7577242275772422,0.2467753224677532,0.8931169578966868,1.0,0.7577242275772422,0.24677532246775324,0.8931169578966868,1.0,0.8931169578966868,0.8931169578966868,0.9726034621861753,0.08684732758738949,0.9998382435532929,0.8593314519173276,0.9574166228491757,0.04329068958065919,1.0,0.5684650300891269,0.8593314519173276,0.5684650300891269,0.2743276144136835,0.8623140518767844,0.5698739393345027,0.99997757850991,0.20215964934299369,0.7998431214317863,0.43937588527725796,1.0,0.5698739393345027,0.43937588527725796,0.00015764586343760395,0.9999905953828603,0.004939570387711591,0.9999996088429295,4.4863561969722405e-05,0.9999792061019217,0.001533518118237784,1.0,0.004939570387711591,0.001533518118237784
gRNA_14812,controlsgRNA,-0.16941009854899416,-1.8763851561439397,-1.3373399587159938,-1.127711737802976,-1.3373399587159938,-1.127711737802976,True,-1.1715896094731963,-1.3112168504092099,-1.077355214142371,2081.7222812456494,0.22668292698052203,0.5215596280463954,0.16254750965911852,0.2549964685360106,0.6121748787369368,0.3555922823917967,0.2549964685360106,0.3555922823917967,True,0.3679900244815653,0.18770742668979584,0.27924672697971636,-0.4500471712680712,-0.4500471712680712,-0.4500471712680712,-0.4500471712680712,True,-0.7390979068050646,-0.7390979068050646,-0.7390979068050646,0.0,0.0,0.0,0.0,True,,,,0.0,0.0,0.0,0.0,True,,,,-0.11310113714632357,-4.2109735142267715,-2.1620373256865477,-2.1620373256865477,-2.1620373256865477,True,-2.5384275974844286,-2.5384275974844286,-2.279085978507032,,,,,non-targeting control,,0,0.0,0.0,0.0,0.0,0,0.0,0.0,0.0,0.0,0,0.0,0.0,0.0,0.0,0,0.0,0.0,0.0,0.0,0,0.0,0.0,0.0,0.0,0.7774222577742227,0.22867713228677133,0.9049869006907361,1.0,0.7774222577742227,0.22867713228677133,0.9049869006907361,1.0,0.9049869006907361,0.9049869006907361,0.008327497988600715,0.9997312969279194,0.025456416615559908,0.9999999999819025,0.001779190890982927,0.998320789922816,0.00566928622889475,1.0,0.025456416615559908,0.00566928622889475,0.7505079780423769,0.024461857212673844,0.952275048827272,0.9881219306548372,0.9572560097258339,0.05890735742837855,1.0,1.0,0.952275048827272,1.0,0.9436303990219338,0.07570172046343848,0.9999269884937744,0.8180783335421034,0.9472034240647114,0.05421130453852185,1.0,0.5509040677428166,0.8180783335421034,0.5509040677428166
gRNA_14813,controlsgRNA,0.5855651673373918,-0.6586309918021541,0.07626015547333992,0.0010647770028592112,0.07626015547333992,0.3309126614053659,True,-0.13108035875626445,-0.07614961959080847,0.13696269884058493,1394.7443976003747,-0.6707800994794157,0.3112259870043172,0.9545668499381579,0.3373774117273824,-0.6814437003993782,0.05018928975821273,0.3112259870043172,,False,-0.07072829722012267,0.2660122840664419,,-0.3623844697560252,-0.3623844697560252,-0.3623844697560252,-0.3623844697560252,True,-0.6103166376378769,-0.6103166376378769,-0.6103166376378769,0.0,0.0,0.0,0.0,True,,,,0.0,0.0,0.0,0.0,True,,,,-0.13095542730577897,-0.45102307128721586,-0.2909892492964974,-0.2909892492964974,-0.2909892492964974,True,-0.3968600373276185,-0.3968600373276185,-0.3728670691279422,,,,,non-targeting control,,0,0.0,0.0,0.0,0.0,0,0.0,0.0,0.0,0.0,0,0.0,0.0,0.0,0.0,0,0.0,0.0,0.0,0.0,0,0.0,0.0,0.0,0.0,0.6228377162283771,0.3822617738226177,0.8075413148340338,1.0,0.6228377162283771,0.3822617738226177,0.8075413148340338,1.0,0.8075413148340338,0.8075413148340338,0.04655253314036095,0.7707583659825361,0.11591889046871336,0.9999999999819025,0.07785045886669795,0.924816570058192,0.17528007505316423,1.0,0.11591889046871336,0.17528007505316423,0.555305341487974,0.6168606144047041,0.8421724559948477,0.99997757850991,0.4703637996954442,0.5334892924171734,0.7525820795127107,1.0,0.8421724559948477,0.7525820795127107,0.4657607563220818,0.6996668892495835,0.8353730278607937,0.9999996088429295,0.3772457428372944,0.6264523718882475,0.7127859261649381,1.0,0.8353730278607937,0.7127859261649381
gRNA_14814,controlsgRNA,-0.8046226251821905,-0.7008774688013841,0.01836097573936647,-0.49571303941473605,-0.7008774688013841,-0.7527500469917874,True,-0.5890114963671313,-0.7551374068323278,-0.7651962388218387,910.3342651597006,-0.5000744784357143,-0.773291247882223,-0.9491200145150824,0.19117329645938216,-0.2168955311399717,-0.44964159510272184,-0.5000744784357143,-0.6098453179932478,True,-0.7887466933396142,-0.8637994049967644,-0.9178428313562521,-0.026475202836782334,-0.026475202836782334,-0.026475202836782334,-0.026475202836782334,True,-0.11684768250950468,-0.11684768250950468,-0.11684768250950468,0.0,0.0,0.0,0.0,True,,,,0.0,0.0,0.0,0.0,True,,,,-2.3052966247991185,-1.7811139042325081,-2.043205264515813,-2.043205264515813,-2.043205264515813,True,-2.4024145839648536,-2.4024145839648536,-2.1580201839384667,,,,,non-targeting control,,0,0.0,0.0,0.0,0.0,0,0.0,0.0,0.0,0.0,0,0.0,0.0,0.0,0.0,0,0.0,0.0,0.0,0.0,0,0.0,0.0,0.0,0.0,0.1466853314668533,0.8590140985901409,0.3116027380312816,1.0,0.1466853314668533,0.859014098590141,0.3116027380312816,1.0,0.3116027380312816,0.3116027380312816,0.7334311827137525,0.2790532094427663,0.9676144726328805,0.9999999999819025,0.7518484876851654,0.25104785503392735,0.9626857456563084,1.0,0.9676144726328805,0.9626857456563084,0.9993750831909746,0.0032044998838777973,0.9999687187655443,0.46546520363915356,0.998767489598434,0.0016950144429518875,1.0,0.3186627152749549,0.46546520363915356,0.3186627152749549,0.7982554783890085,0.4027310390415793,0.9943983369545115,0.9999996088429295,0.7111896621794696,0.29245367932660205,0.9449021660052317,1.0,0.9943983369545115,0.9449021660052317
gRNA_14815,controlsgRNA,-0.7396800304704606,-1.247602557765292,-0.2861961112907984,-0.7578262331755169,-0.7396800304704606,-0.7578262331755169,True,-0.8306281487918725,-0.7890393370233632,-0.769422209411584,3188.472453202176,-0.6703611217571573,0.2944655167937959,-0.10523484235044285,0.251139968279633,-0.8609153388588904,-0.21818116357861234,-0.10523484235044285,,False,-0.45624853677950994,-0.3139483261949663,,-0.4454347457879711,-0.4454347457879711,-0.4454347457879711,-0.4454347457879711,True,-0.732322003290561,-0.732322003290561,-0.732322003290561,0.0,0.0,0.0,0.0,True,,,,0.0,0.0,0.0,0.0,True,,,,-0.6421847927064642,-1.2266276642918534,-0.9344062284991588,-0.9344062284991588,-0.9344062284991588,True,-1.1333033963742936,-1.1333033963742936,-1.0283786125501986,,,,,non-targeting control,,0,0.0,0.0,0.0,0.0,0,0.0,0.0,0.0,0.0,0,0.0,0.0,0.0,0.0,0,0.0,0.0,0.0,0.0,0,0.0,0.0,0.0,0.0,0.7625237476252376,0.24237576242375758,0.8959654034596541,1.0,0.7625237476252374,0.24237576242375763,0.895965403459654,1.0,0.8959654034596541,0.895965403459654,0.3108632082041009,0.5860351849562523,0.5487538323227321,0.9999999999819025,0.33923455007606795,0.664118382991352,0.5545747427330503,1.0,0.5487538323227321,0.5545747427330503,0.9185833611865405,0.1301921027331182,0.9870829503000992,0.99997757850991,0.9027906026933588,0.09969916713136884,0.9776426727155132,1.0,0.9870829503000992,0.9776426727155132,0.9097795939366043,0.23389811108622696,0.9999269884937744,0.9999996088429295,0.8528299560646568,0.14959800365278408,1.0,0.9425764836025436,0.9999269884937744,0.9425764836025436
gRNA_14816,controlsgRNA,-0.9117860919702067,-1.4919322255866039,-0.9040938169741178,-1.1026040448436427,-0.9117860919702067,-1.1026040448436427,True,-1.1484452700528813,-0.9394089887020152,-1.0564528342488617,5283.103543449904,-0.06916589173319586,-0.5219443448310785,-0.6972871365420865,-0.25181424575172834,-0.030165124199433895,-0.3140753486115046,-0.25181424575172834,-0.3140753486115046,True,-0.5940027072799181,-0.5180738387433437,-0.5511043265838843,-0.18670889839783975,-0.18670889839783975,-0.18670889839783975,-0.18670889839783975,True,-0.35223968300433556,-0.35223968300433556,-0.35223968300433556,0.0,0.0,0.0,0.0,True,,,,0.0,0.0,0.0,0.0,True,,,,-0.17536672819570162,-0.3183326520126833,-0.24684969010419244,-0.24684969010419244,-0.24684969010419244,True,-0.34633870157004615,-0.34633870157004615,-0.32789780113010103,,,,,non-targeting control,,0,0.0,0.0,0.0,0.0,0,0.0,0.0,0.0,0.0,0,0.0,0.0,0.0,0.0,0,0.0,0.0,0.0,0.0,0,0.0,0.0,0.0,0.0,0.35626437356264373,0.6485351464853515,0.5824148019980611,1.0,0.3562643735626437,0.6485351464853515,0.582414801998061,1.0,0.5824148019980611,0.582414801998061,0.6194163936949212,0.6412445050869567,0.8897081590737438,0.9999999999819025,0.4871679703221135,0.5158419460262208,0.7072399878035316,1.0,0.8897081590737438,0.7072399878035316,0.5381833324545445,0.6487824493009287,0.8351266843345865,0.99997757850991,0.444924209585758,0.5579125873743532,0.7242056398452165,1.0,0.8351266843345865,0.7242056398452165,0.9804341417161604,0.08553230856154488,0.9999269884937744,0.8368186950970642,0.9573435069403206,0.04380533122841562,1.0,0.5308282050903622,0.8368186950970642,0.5308282050903622
gRNA_14817,controlsgRNA,-0.8786659983011602,-1.877319436147809,-0.6034075009775226,-1.1197976451421638,-0.8786659983011602,-1.1197976451421638,True,-1.1642943774085726,-0.910471850142336,-1.0707666609217839,1625.9425480151715,-0.9854852537150999,-0.27820744500880634,0.27144172160183866,-0.9296745642811102,-1.494056786669686,-0.6831964656145727,-0.9296745642811102,-0.9218560124186757,True,-1.1242535589817246,-1.4620576573785533,-1.304718942496806,-0.7544845689695652,-0.7544845689695652,-0.7544845689695652,-0.7544845689695652,True,-1.1863329769285524,-1.1863329769285524,-1.1863329769285524,0.0,0.0,0.0,0.0,True,,,,0.0,0.0,0.0,0.0,True,,,,-0.7048895111503047,0.09082576931401729,-0.3070318709181437,-0.3070318709181437,,False,-0.41522212993139285,-0.41522212993139285,,,,,,non-targeting control,,0,0.0,0.0,0.0,0.0,0,0.0,0.0,0.0,0.0,0,0.0,0.0,0.0,0.0,0,0.0,0.0,0.0,0.0,0,0.0,0.0,0.0,0.0,0.9582041795820418,0.047295270472952705,0.9870815658160212,1.0,0.9582041795820418,0.04729527047295272,0.9870815658160212,1.0,0.9870815658160212,0.9870815658160212,0.795145816570349,0.027688788783728744,0.9924918833377505,0.4934302925225737,0.9534317327205211,0.04954234014362152,1.0,0.5821224966875529,0.4934302925225737,0.5821224966875529,0.5306774871446264,0.528063598957708,0.8329519600543906,0.99997757850991,0.5033268095978018,0.5009155674376384,0.7780010716441007,1.0,0.8329519600543906,0.7780010716441007,0.9660342346866467,0.08330386428645545,0.9999269884937744,0.8368186950970642,0.9509265126105442,0.050671855531893385,1.0,0.5509040677428166,0.8368186950970642,0.5509040677428166
gRNA_14818,controlsgRNA,0.7668846752986543,2.007960735408376,-0.18370150564276128,0.8637146350214232,0.7668846752986543,1.3874227053535153,True,0.6641126184402556,0.5272513738542833,1.0165167994774273,1461.928432145366,-0.27061136453072965,0.43918118498858727,0.5522586957296137,0.3291875989864385,-0.380567418345807,0.13388973936562057,0.3291875989864385,,False,0.04950929593763549,0.29102550670869914,,-0.2673074517569367,-0.2673074517569367,-0.2673074517569367,-0.2673074517569367,True,-0.4706433349063651,-0.4706433349063651,-0.4706433349063651,0.0,0.0,0.0,0.0,True,,,,0.0,0.0,0.0,0.0,True,,,,-1.0029261076796503,0.5721858815850772,-0.21537011304728654,-0.21537011304728654,,False,-0.3103077508514541,-0.3103077508514541,,,,,,non-targeting control,,0,0.0,0.0,0.0,0.0,0,0.0,0.0,0.0,0.0,0,0.0,0.0,0.0,0.0,0,0.0,0.0,0.0,0.0,0,0.0,0.0,0.0,0.0,0.4897510248975102,0.5156484351564844,0.7082553283133224,1.0,0.48975102489751027,0.5156484351564844,0.7082553283133225,1.0,0.7082553283133224,0.7082553283133225,0.042850452372375405,0.9768545991909833,0.10741180061342102,0.9999999999819025,0.02332678527099131,0.9774642765386268,0.060074460697895425,1.0,0.10741180061342102,0.060074460697895425,0.2579776396779021,0.41654279483470125,0.5477614484946594,0.99997757850991,0.40261939501131583,0.6052082199559885,0.6868392792599807,1.0,0.5477614484946594,0.6868392792599807,0.04486666572620611,0.9331725758449327,0.23109405908292463,0.9999996088429295,0.04095670100894898,0.9607429531526228,0.19011999480697303,1.0,0.23109405908292463,0.19011999480697303
gRNA_14819,controlsgRNA,0.6400125420625394,0.3030922368402045,-0.8903889160829241,0.017571954273273255,0.3030922368402045,0.47155238945137196,True,-0.11586399800832259,0.12203434190045721,0.25404653559527446,2829.7847691292545,-0.7991830717121245,-0.30133673865363636,-0.6342187235029625,-0.25420798422902596,-0.7571987456834521,-0.5492290527562403,-0.6342187235029625,-0.5492290527562403,True,-0.9318063336775493,-1.050607797884022,-0.8426819942896152,-0.10266739611542859,-0.10266739611542859,-0.10266739611542859,-0.10266739611542859,True,-0.228778152159786,-0.228778152159786,-0.228778152159786,0.0,0.0,0.0,0.0,True,,,,0.0,0.0,0.0,0.0,True,,,,-0.5105177796198546,-0.7498917258371474,-0.630204752728501,-0.630204752728501,-0.630204752728501,True,-0.7851199261135008,-0.7851199261135008,-0.7184589409542407,,,,,non-targeting control,,0,0.0,0.0,0.0,0.0,0,0.0,0.0,0.0,0.0,0,0.0,0.0,0.0,0.0,0,0.0,0.0,0.0,0.0,0,0.0,0.0,0.0,0.0,0.2342765723427657,0.7695230476952306,0.44488884444888843,1.0,0.23427657234276572,0.7695230476952306,0.4448888444488885,1.0,0.44488884444888843,0.4448888444488885,0.9243023239202338,0.25765805590153723,0.9998382435532929,0.9999999999819025,0.8598260480686162,0.14251954868493472,1.0,0.9087541774647758,0.9998382435532929,0.9087541774647758,0.8190578053425326,0.32030635387051054,0.9644497224512195,0.99997757850991,0.7566032372243972,0.24762259257406039,0.929682409138475,1.0,0.9644497224512195,0.929682409138475,0.41614882806795517,0.6473251865509115,0.8147559218850409,0.9999996088429295,0.37304714859181654,0.6302160961514485,0.7084127670228436,1.0,0.8147559218850409,0.7084127670228436
gRNA_14820,controlsgRNA,-1.2661044304672855,-0.22482141633376676,-2.201567030736315,-1.2308309591791224,-1.2661044304672855,-1.2308309591791224,True,-1.2666451872259494,-1.2489781269350873,-1.1632028921037925,4361.795421617204,0.4608547806309693,0.1246571633788391,0.0402634961957856,0.29578104144964984,0.29048867372861364,0.24240903107677153,0.29048867372861364,0.24240903107677153,True,0.20539971836349824,0.23713363806942775,0.1389057165677593,-0.3501386203840973,-0.3501386203840973,-0.3501386203840973,-0.3501386203840973,True,-0.5923268198824845,-0.5923268198824845,-0.5923268198824845,0.0,0.0,0.0,0.0,True,,,,0.0,0.0,0.0,0.0,True,,,,0.022559054859763304,-0.2900299712034218,-0.13373545817182925,-0.13373545817182925,,False,-0.21687021128636655,-0.21687021128636655,,,,,,non-targeting control,,0,0.0,0.0,0.0,0.0,0,0.0,0.0,0.0,0.0,0,0.0,0.0,0.0,0.0,0,0.0,0.0,0.0,0.0,0,0.0,0.0,0.0,0.0,0.6092390760923908,0.39456054394560547,0.7981668732081496,1.0,0.6092390760923908,0.3945605439456054,0.7981668732081496,1.0,0.7981668732081496,0.7981668732081496,0.02232271741524145,0.9990064531162598,0.060821317015440475,0.9999999999819025,0.005574509211873002,0.9945971455291671,0.015883693940339224,1.0,0.060821317015440475,0.015883693940339224,0.44920100970241394,0.7147063857325175,0.7540159805719091,0.99997757850991,0.3659996325177348,0.6375096640049288,0.6471118786914475,1.0,0.7540159805719091,0.6471118786914475,0.9528700505408547,0.04696399281884126,0.9999269884937744,0.7687839397372741,0.9656772319257849,0.0363235406510558,1.0,0.5189559880158782,0.7687839397372741,0.5189559880158782
gRNA_14821,controlsgRNA,-0.045624536769894176,-1.3481104891597833,-0.8562433308975576,-0.7499927856090783,-0.8562433308975576,-0.7499927856090783,True,-0.8234072555938178,-0.8908810893184298,-0.7629007939563772,3526.9051180923884,-1.1065828182604034,-0.6443583921741922,-0.1006071218067054,-0.3791461691789677,-1.264765109342329,-0.6990919221525196,-0.6443583921741922,-0.6990919221525196,True,-1.1470877426119321,-1.0647282337471642,-1.0285037149943022,-0.2714729361377249,-0.2714729361377249,-0.2714729361377249,-0.2714729361377249,True,-0.4767626576742162,-0.4767626576742162,-0.4767626576742162,0.0,0.0,0.0,0.0,True,,,,0.0,0.0,0.0,0.0,True,,,,-0.4109390127317605,-1.2751374320434816,-0.843038222387621,-0.843038222387621,-0.843038222387621,True,-1.0287252402094342,-1.0287252402094342,-0.9352931257795372,,,,,non-targeting control,,0,0.0,0.0,0.0,0.0,0,0.0,0.0,0.0,0.0,0,0.0,0.0,0.0,0.0,0,0.0,0.0,0.0,0.0,0,0.0,0.0,0.0,0.0,0.4994500549945007,0.5057494250574943,0.7167680178547033,1.0,0.49945005499450057,0.5057494250574942,0.7167680178547031,1.0,0.7167680178547033,0.7167680178547031,0.9347465110659716,0.054601483156924764,0.9998382435532929,0.712713661473324,0.9572417917251874,0.04385940679342235,1.0,0.5684650300891269,0.712713661473324,0.5684650300891269,0.849328258818168,0.15876422041484162,0.9686332769618934,0.99997757850991,0.8606789896119289,0.14287565111754774,0.9688754963933863,1.0,0.9686332769618934,0.9688754963933863,0.8784074415306159,0.22347678232278745,0.9999269884937744,0.9999996088429295,0.8428660448880669,0.1592539852547199,1.0,0.9568268812779288,0.9999269884937744,0.9568268812779288
gRNA_14822,controlsgRNA,-1.0465594808038243,0.6461958022121366,-0.2728829610537319,-0.2244155465484732,-0.2728829610537319,-0.6597212209287782,True,-0.3389287321343774,-0.38119714877531813,-0.6877489055855378,2371.921765366618,-0.8649215406146517,-0.6990216040968381,-0.22442714477494374,-0.38411371404294703,-0.7864579088260752,-0.5917883824710912,-0.6990216040968381,-0.5917883824710912,True,-0.9929437755350687,-1.140851862936071,-0.8954532238243945,-0.4165324267415417,-0.4165324267415417,-0.4165324267415417,-0.4165324267415417,True,-0.6898629270303718,-0.6898629270303718,-0.6898629270303718,0.0,0.0,0.0,0.0,True,,,,0.0,0.0,0.0,0.0,True,,,,-0.6041316433057923,-0.09231578855922652,-0.3482237159325094,-0.3482237159325094,-0.3482237159325094,True,-0.46236956571293214,-0.46236956571293214,-0.431177394739826,,,,,non-targeting control,,0,0.0,0.0,0.0,0.0,0,0.0,0.0,0.0,0.0,0,0.0,0.0,0.0,0.0,0,0.0,0.0,0.0,0.0,0,0.0,0.0,0.0,0.0,0.7202279772022799,0.28447155284471554,0.8707579402831422,1.0,0.7202279772022798,0.2844715528447155,0.8707579402831421,1.0,0.8707579402831422,0.8707579402831421,0.9461853106109511,0.1866442200418744,0.9998382435532929,0.9999999999819025,0.9032104018548198,0.09827926596564618,1.0,0.8398410000700673,0.9998382435532929,0.8398410000700673,0.5888689510458973,0.5429558703290299,0.8559129832153058,0.99997757850991,0.525670016822576,0.4781485340778322,0.7874578738059306,1.0,0.8559129832153058,0.7874578738059306,0.5667589202485139,0.4764038250736812,0.9145980858945977,0.9999996088429295,0.5521038647200538,0.45208885530399556,0.8578142691518191,1.0,0.9145980858945977,0.8578142691518191
gRNA_14823,controlsgRNA,-0.5439655255603668,-0.5184042761613227,1.0510445390799774,-0.0037750875472373213,-0.5184042761613227,-0.5311849008608447,True,-0.13554175901622523,-0.5957099573928546,-0.5807412646794103,3655.669207250952,0.6362928020522464,0.05157830673741245,0.20389544388127426,0.2644696743303062,0.7292877323059518,0.3771047918614382,0.2644696743303062,0.3771047918614382,True,0.39889323197382537,0.20089975073646263,0.30592105626774146,-0.17900117640348465,-0.17900117640348465,-0.17900117640348465,-0.17900117640348465,True,-0.34091662081597146,-0.34091662081597146,-0.34091662081597146,0.0,0.0,0.0,0.0,True,,,,0.0,0.0,0.0,0.0,True,,,,0.6380203910355339,0.5029938608811698,0.5705071259583518,0.5705071259583518,0.5705071259583518,True,0.5891930276465671,0.5891930276465671,0.5048231952722947,,,,,non-targeting control,,0,0.0,0.0,0.0,0.0,0,0.0,0.0,0.0,0.0,0,0.0,0.0,0.0,0.0,0,0.0,0.0,0.0,0.0,0,0.0,0.0,0.0,0.0,0.34706529347065296,0.6570342965703431,0.5723532909866909,1.0,0.34706529347065296,0.657034296570343,0.5723532909866909,1.0,0.5723532909866909,0.5723532909866909,0.006396796449353818,0.9996122631231239,0.02004329554130863,0.9999999999819025,0.0015405690257953245,0.9985445532399987,0.004993568566371052,1.0,0.02004329554130863,0.004993568566371052,0.0440030583964899,0.9856868130280839,0.15757285673409718,0.99997757850991,0.02709551024495347,0.9739728411589367,0.10888038506322648,1.0,0.15757285673409718,0.10888038506322648,0.40838535253177205,0.6172815163313199,0.8137291861627297,0.9999996088429295,0.3987200450302023,0.6051793619859942,0.7385159454746605,1.0,0.8137291861627297,0.7385159454746605
gRNA_14824,controlsgRNA,-0.15232854745442068,2.427007051655337,0.6858149278432368,0.9868311440147176,0.6858149278432368,1.556410989749287,True,0.7776017501179577,0.45642045958944555,1.157201064005991,1144.146434316508,-0.6438151171404892,0.11105259490042503,-0.605742041716132,-0.2058382920317848,-0.1593208503453624,-0.30073274126666866,-0.2058382920317848,-0.4036790753084421,True,-0.5748357493828351,-0.4540480281573139,-0.6622080225390801,-0.15267608553079345,-0.15267608553079345,-0.15267608553079345,-0.15267608553079345,True,-0.3022436327029954,-0.3022436327029954,-0.3022436327029954,0.0,0.0,0.0,0.0,True,,,,0.0,0.0,0.0,0.0,True,,,,0.47877707684000176,0.7859904443998478,0.6323837606199247,0.6323837606199247,0.6323837606199247,True,0.6600158970292533,0.6600158970292533,0.5678629495837938,,,,,non-targeting control,,0,0.0,0.0,0.0,0.0,0,0.0,0.0,0.0,0.0,0,0.0,0.0,0.0,0.0,0,0.0,0.0,0.0,0.0,0,0.0,0.0,0.0,0.0,0.3028697130286971,0.7019298070192981,0.5247880741879728,1.0,0.30286971302869714,0.7019298070192981,0.5247880741879729,1.0,0.5247880741879728,0.5247880741879729,0.5879348498190236,0.6341874532599358,0.8635293106716909,0.9999999999819025,0.4757647331041016,0.5268089859132341,0.6960604655530825,1.0,0.8635293106716909,0.6960604655530825,0.03267879853815386,0.9887665855076565,0.13212073387468656,0.99997757850991,0.020227411352524982,0.981255201930719,0.09016278839990195,1.0,0.13212073387468656,0.09016278839990195,0.03133772786925576,0.9359252071445451,0.18127670275138716,0.9999996088429295,0.03257411338328169,0.9703303481253038,0.16151019224928895,1.0,0.18127670275138716,0.16151019224928895
gRNA_14825,controlsgRNA,0.6420884511765443,0.7521820769370438,0.6058382751633357,0.6667029344256412,0.6420884511765443,0.6667029344256412,True,0.48250669886223607,0.41821648810692486,0.41651111703190574,2279.7447250051628,-0.6337565260703405,0.2511696319162559,-0.2164671570574271,0.09884499996840436,-0.6737612873895694,-0.23479406772653535,-0.2164671570574271,,False,-0.48011335016433565,-0.4688497156442458,,0.18202207421031003,0.18202207421031003,0.18202207421031003,0.18202207421031003,True,0.18944614020981565,0.18944614020981565,0.18944614020981565,0.0,0.0,0.0,0.0,True,,,,0.0,0.0,0.0,0.0,True,,,,-0.3080091138674458,-0.8054208958571396,-0.5567150048622926,-0.5567150048622926,-0.5567150048622926,True,-0.7010048988085766,-0.7010048988085766,-0.6435877771419517,,,,,non-targeting control,,0,0.0,0.0,0.0,0.0,0,0.0,0.0,0.0,0.0,0,0.0,0.0,0.0,0.0,0,0.0,0.0,0.0,0.0,0,0.0,0.0,0.0,0.0,0.054794520547945195,0.9488051194880512,0.13920770085153644,1.0,0.05479452054794521,0.9488051194880512,0.13920770085153647,1.0,0.13920770085153644,0.13920770085153647,0.41311402319865514,0.6698023568865228,0.6724280204445642,0.9999999999819025,0.36225340607156725,0.6413504576428989,0.5820823960808089,1.0,0.6724280204445642,0.5820823960808089,0.7639452092356737,0.35257482878485963,0.9590316395902225,0.99997757850991,0.7128769951390592,0.29082889992597466,0.9193880084007945,1.0,0.9590316395902225,0.9193880084007945,0.13066674842957215,0.972414327674609,0.45213415916732547,0.9999996088429295,0.06723985290865447,0.9342125663319918,0.260467698567138,1.0,0.45213415916732547,0.260467698567138
gRNA_14826,controlsgRNA,-0.7874693034712327,-0.4459426029522487,0.48695677101711704,-0.24881837846878815,-0.4459426029522487,-0.6167059532117407,True,-0.3614233287385119,-0.5323999468937948,-0.6519383088692715,3514.312626239731,-1.2220491412235681,-0.22213859192684596,-0.3052904112402541,-0.6462369522251302,-1.484182396344402,-0.7759794985920401,-0.6462369522251302,-0.7759794985920401,True,-1.2575384890318522,-1.0673443041114352,-1.1238400835848767,-0.26388194302682916,-0.26388194302682916,-0.26388194302682916,-0.26388194302682916,True,-0.4656110765547797,-0.4656110765547797,-0.4656110765547797,0.0,0.0,0.0,0.0,True,,,,0.0,0.0,0.0,0.0,True,,,,-0.9587247599157644,-0.22583533545276513,-0.5922800476842648,-0.5922800476842648,-0.5922800476842648,True,-0.7417119992536245,-0.7417119992536245,-0.6798213501834962,,,,,non-targeting control,,0,0.0,0.0,0.0,0.0,0,0.0,0.0,0.0,0.0,0,0.0,0.0,0.0,0.0,0,0.0,0.0,0.0,0.0,0,0.0,0.0,0.0,0.0,0.48445155484451563,0.5213478652134786,0.7032964657202235,1.0,0.4844515548445156,0.5213478652134786,0.7032964657202234,1.0,0.7032964657202235,0.7032964657202234,0.9521546296417437,0.025125898233532572,0.9998382435532929,0.4934302925225737,0.9778043463318714,0.023622620852716193,1.0,0.44250395657655084,0.4934302925225737,0.44250395657655084,0.7347707342348153,0.3258785683456843,0.9509537365141191,0.99997757850991,0.7139928150346595,0.289530098185928,0.9193880084007945,1.0,0.9509537365141191,0.9193880084007945,0.6314704244227911,0.5216798517648107,0.9213348530185991,0.9999996088429295,0.562585672418468,0.44130948775629464,0.8602651282762629,1.0,0.9213348530185991,0.8602651282762629
gRNA_14827,controlsgRNA,-1.5387071888085795,-1.7508444411588968,-1.4520852872636498,-1.580545639077042,-1.5387071888085795,-1.580545639077042,True,-1.589013127001777,-1.4871520846749813,-1.4543435040828792,6587.671555230117,-0.719994837565919,-0.8316570333895708,-0.6245358902647185,-0.4518341654528949,-0.3314043458458234,-0.5918852545037854,-0.6245358902647185,-0.5918852545037854,True,-0.9930829344059,-1.0371235480384555,-0.8955733398202773,-0.5259225064730383,-0.5259225064730383,-0.5259225064730383,-0.5259225064730383,True,-0.8505628947376891,-0.8505628947376891,-0.8505628947376891,0.0,0.0,0.0,0.0,True,,,,0.0,0.0,0.0,0.0,True,,,,-0.6356627721999575,0.04773600378865273,-0.2939633842056524,-0.2939633842056524,,False,-0.40026417799153186,-0.40026417799153186,,,,,,non-targeting control,,0,0.0,0.0,0.0,0.0,0,0.0,0.0,0.0,0.0,0,0.0,0.0,0.0,0.0,0,0.0,0.0,0.0,0.0,0,0.0,0.0,0.0,0.0,0.8607139286071392,0.1441855814418558,0.9407803405705941,1.0,0.8607139286071392,0.14418558144185578,0.9407803405705941,1.0,0.9407803405705941,0.9407803405705941,0.9652144049591568,0.19770643833210738,0.9998382435532929,0.9999999999819025,0.911373669763909,0.08988707626596959,1.0,0.8243302603903552,0.9998382435532929,0.8243302603903552,0.5250358762373355,0.5649663041861035,0.8294684431312527,0.99997757850991,0.48111358756751965,0.5224819851659015,0.7628073422919232,1.0,0.8294684431312527,0.7628073422919232,0.998057666883077,0.01758216670741028,0.9999269884937744,0.5085303601527896,0.9934445079398688,0.00688630043723435,1.0,0.2353862694909196,0.5085303601527896,0.2353862694909196
gRNA_14828,controlsgRNA,-0.062490049861538596,0.10630906794616911,-0.22362601981626676,-0.05993566724387875,-0.062490049861538596,-0.14305803483890267,True,-0.18731073359489336,-0.19737614621478744,-0.2576221627528418,1626.7073702953494,-0.8010678159742204,-1.0484997779470406,0.09226874956953988,-0.2695590957699467,-0.8843290031238777,-0.5822373886491091,-0.8010678159742204,-0.7508639232037714,True,-0.9792235564107247,-1.2829607460379127,-1.0926981506034958,-0.27620284753870233,-0.27620284753870233,-0.27620284753870233,-0.27620284753870233,True,-0.4837111543867265,-0.4837111543867265,-0.4837111543867265,0.0,0.0,0.0,0.0,True,,,,0.0,0.0,0.0,0.0,True,,,,0.5333615687343385,0.7274592298509566,0.6304103992926475,0.6304103992926475,0.6304103992926475,True,0.6577572235850527,0.6577572235850527,0.5658524942007601,,,,,non-targeting control,,0,0.0,0.0,0.0,0.0,0,0.0,0.0,0.0,0.0,0,0.0,0.0,0.0,0.0,0,0.0,0.0,0.0,0.0,0,0.0,0.0,0.0,0.0,0.504949505049495,0.5006499350064992,0.7219049958122057,1.0,0.5049495050494951,0.5006499350064993,0.7219049958122059,1.0,0.7219049958122057,0.7219049958122059,0.8472355009137296,0.11962364029853922,0.9997602386907886,0.9342111501035769,0.8951886478110495,0.10715676822189313,1.0,0.8690100948559968,0.9342111501035769,0.8690100948559968,0.03383005101860445,0.989173577926228,0.1353202040744178,0.99997757850991,0.020622339899977575,0.9805799587961153,0.09016278839990195,1.0,0.1353202040744178,0.09016278839990195,0.5717904073128504,0.7224330691518788,0.9187743296992809,0.9999996088429295,0.4212163665899013,0.5819094971727101,0.7646165358329399,1.0,0.9187743296992809,0.7646165358329399
gRNA_14829,controlsgRNA,-1.087815226652797,-0.45453631153548507,-0.1836942079794298,-0.5753485820559039,-0.45453631153548507,-0.5753485820559039,True,-0.6624197554132112,-0.539908299330824,-0.6175079259306108,4507.1886023377765,0.051761160301712024,0.13351973483396978,-0.3936876835419517,0.10474640141101091,0.20422563386572215,0.02011304937409263,0.10474640141101091,0.1235632326031037,True,-0.113933498291118,-0.021529828003858314,-0.008456541073943813,-0.7177923392540311,-0.7177923392540311,-0.7177923392540311,-0.7177923392540311,True,-1.1324300988534208,-1.1324300988534208,-1.1324300988534208,0.0,0.0,0.0,0.0,True,,,,0.0,0.0,0.0,0.0,True,,,,-0.9230583803398248,-0.71867838738284,-0.8208683838613324,-0.8208683838613324,-0.8208683838613324,True,-1.0033500467010892,-1.0033500467010892,-0.9127065520030746,,,,,non-targeting control,,0,0.0,0.0,0.0,0.0,0,0.0,0.0,0.0,0.0,0,0.0,0.0,0.0,0.0,0,0.0,0.0,0.0,0.0,0,0.0,0.0,0.0,0.0,0.9433056694330567,0.061293870612938735,0.979787104162512,1.0,0.9433056694330567,0.0612938706129387,0.979787104162512,1.0,0.979787104162512,0.979787104162512,0.13278862695102275,0.9751833456150594,0.28530584990619745,0.9999999999819025,0.05746071768704653,0.9437107078985464,0.13419397422564905,1.0,0.28530584990619745,0.13419397422564905,0.9029366750168135,0.20416806624947056,0.9840701153806432,0.99997757850991,0.8559786777649566,0.14665602607236555,0.9688754963933863,1.0,0.9840701153806432,0.9688754963933863,0.8541952041144465,0.3262481011001283,0.9999269884937744,0.9999996088429295,0.7771924008646891,0.22528543326091266,0.9788126948284221,1.0,0.9999269884937744,0.9788126948284221
gRNA_14830,controlsgRNA,-0.34343540789982663,-0.2935778961677708,0.4808995254735358,-0.05203792619802052,-0.2935778961677708,-0.3185066520337987,True,-0.18003057449325238,-0.3992783840176628,-0.4036847123601864,2237.937652054339,-0.37630443758437043,-0.39924542272053914,-0.1538369146336702,-0.7713721615034986,-0.3731834927216841,-0.4147884858327525,-0.37630443758437043,-0.4147884858327525,True,-0.7386794118334636,-0.6914380606287017,-0.6759830809505359,-0.30690655650043913,-0.30690655650043913,-0.30690655650043913,-0.30690655650043913,True,-0.5288165702595089,-0.5288165702595089,-0.5288165702595089,0.0,0.0,0.0,0.0,True,,,,0.0,0.0,0.0,0.0,True,,,,-0.913978609299805,-2.2413012080620613,-1.5776399086809332,-1.5776399086809332,-1.5776399086809332,True,-1.8695369546991736,-1.8695369546991736,-1.6837034114071525,,,,,non-targeting control,,0,0.0,0.0,0.0,0.0,0,0.0,0.0,0.0,0.0,0,0.0,0.0,0.0,0.0,0,0.0,0.0,0.0,0.0,0,0.0,0.0,0.0,0.0,0.5654434556544347,0.43915608439156073,0.7703142729205341,1.0,0.5654434556544345,0.43915608439156084,0.770314272920534,1.0,0.7703142729205341,0.770314272920534,0.8182778825391028,0.5050127511879883,0.9924918833377505,0.9999999999819025,0.6745867936817616,0.32787513078244734,0.9066955095366028,1.0,0.9924918833377505,0.9066955095366028,0.9779972827462134,0.020265779587751907,0.9999687187655443,0.9881219306548372,0.985817342466605,0.016232086208327293,1.0,0.7241491704174918,0.9881219306548372,0.7241491704174918,0.5512688259514444,0.6770585391578705,0.9091099936743118,0.9999996088429295,0.43631894306509,0.5668356649010201,0.7702155990256987,1.0,0.9091099936743118,0.7702155990256987
gRNA_14831,controlsgRNA,-1.1394429137882358,-1.741294130455544,-1.4634543283801915,-1.448063790874657,-1.4634543283801915,-1.448063790874657,True,-1.4668910002578752,-1.4214034044028714,-1.3440511755680409,4900.609978714605,-0.9652882008710961,-0.3616239895600836,0.16436457703585267,-0.8447851090683979,-0.4830671175897813,-0.49807996801070126,-0.4830671175897813,-0.6636911042723397,True,-0.8583295140084527,-0.8401150662069068,-0.9846086466605071,-0.3911394726647839,-0.3911394726647839,-0.3911394726647839,-0.3911394726647839,True,-0.6525592984916183,-0.6525592984916183,-0.6525592984916183,0.0,0.0,0.0,0.0,True,,,,0.0,0.0,0.0,0.0,True,,,,-0.23362036540941208,-1.434954890313015,-0.8342876278612135,-0.8342876278612135,-0.8342876278612135,True,-1.018709469045501,-1.018709469045501,-0.9263780428562111,,,,,non-targeting control,,0,0.0,0.0,0.0,0.0,0,0.0,0.0,0.0,0.0,0,0.0,0.0,0.0,0.0,0,0.0,0.0,0.0,0.0,0,0.0,0.0,0.0,0.0,0.6841315868413158,0.3200679932006799,0.846162752145838,1.0,0.6841315868413159,0.3200679932006799,0.8461627521458381,1.0,0.846162752145838,0.8461627521458381,0.794429151788252,0.2184002345943792,0.9924918833377505,0.9999999999819025,0.8162436122101164,0.1861339609156062,1.0,0.9998052757752561,0.9924918833377505,0.9998052757752561,0.7949150303387368,0.12820978375329387,0.9641550045398871,0.99997757850991,0.8614959553052779,0.14215709567274454,0.9688754963933863,1.0,0.9641550045398871,0.9688754963933863,0.9950647242276082,0.031690808379743106,0.9999269884937744,0.7009261147519651,0.9867613428614599,0.013809635248324244,1.0,0.3708873466692797,0.7009261147519651,0.3708873466692797
gRNA_14832,controlsgRNA,-0.0014596518695116376,0.3407993103814351,-0.08714637083611915,0.08406442922526812,-0.0014596518695116376,-0.04430301135281539,True,-0.05457105438031357,-0.14405367977810046,-0.1754077187319588,5350.301416466427,-0.4145485729764304,-0.11602490610386197,-0.4538115337918866,-0.1054828368696051,-0.3771082897790713,-0.29339522790417105,-0.3771082897790713,-0.29339522790417105,True,-0.5642952451130525,-0.6925574999049501,-0.525462113608128,-0.5524522535372095,-0.5524522535372095,-0.5524522535372095,-0.5524522535372095,True,-0.8895365339100909,-0.8895365339100909,-0.8895365339100909,0.0,0.0,0.0,0.0,True,,,,0.0,0.0,0.0,0.0,True,,,,-1.1749778092631222,-1.2900644444625213,-1.2325211268628218,-1.2325211268628218,-1.2325211268628218,True,-1.4745202809595583,-1.4745202809595583,-1.3320972949289267,,,,,non-targeting control,,0,0.0,0.0,0.0,0.0,0,0.0,0.0,0.0,0.0,0,0.0,0.0,0.0,0.0,0,0.0,0.0,0.0,0.0,0,0.0,0.0,0.0,0.0,0.8766123387661234,0.1292870712928707,0.9498738886918225,1.0,0.8766123387661235,0.1292870712928707,0.9498738886918227,1.0,0.9498738886918225,0.9498738886918227,0.6438884152784721,0.7456810441126765,0.9000075990509497,0.9999999999819025,0.44355209071456786,0.5589909203487842,0.6697814703159739,1.0,0.9000075990509497,0.6697814703159739,0.9863529135163388,0.04287155535154535,0.9999687187655443,0.99997757850991,0.9748412659806028,0.026276311259242353,1.0,0.7241491704174918,0.9999687187655443,0.7241491704174918,0.46142085170406133,0.8052430520744369,0.8353730278607937,0.9999996088429295,0.3190495608027841,0.6838743551677114,0.664268883558094,1.0,0.8353730278607937,0.664268883558094
gRNA_14833,controlsgRNA,-0.08239791015447195,-0.43712846787923143,0.5273912004284531,0.0026216074649165755,-0.08239791015447195,-0.2597631890168517,True,-0.129645268216799,-0.21476971150719915,-0.3547802517938842,2372.4816766139506,-0.4949725802308259,-0.22728785376780888,-0.14049489823709402,-0.1824165683667337,-0.3609051238136808,-0.2812154048832287,-0.22728785376780888,-0.2812154048832287,True,-0.5467986532548894,-0.48391854667291573,-0.5103598025370293,-0.4881687952067914,-0.4881687952067914,-0.4881687952067914,-0.4881687952067914,True,-0.7951006426193153,-0.7951006426193153,-0.7951006426193153,0.0,0.0,0.0,0.0,True,,,,0.0,0.0,0.0,0.0,True,,,,-0.7287872768983796,-1.063607696759999,-0.8961974868291893,-0.8961974868291893,-0.8961974868291893,True,-1.0895703663643472,-1.0895703663643472,-0.9894516460045816,,,,,non-targeting control,,0,0.0,0.0,0.0,0.0,0,0.0,0.0,0.0,0.0,0,0.0,0.0,0.0,0.0,0,0.0,0.0,0.0,0.0,0,0.0,0.0,0.0,0.0,0.825017498250175,0.18078192180781918,0.9232338670894816,1.0,0.825017498250175,0.1807819218078192,0.9232338670894816,1.0,0.9232338670894816,0.9232338670894816,0.6347487554225317,0.7674746351982171,0.8968952481391996,0.9999999999819025,0.42391070618158627,0.5783860146101539,0.6479285590417742,1.0,0.8968952481391996,0.6479285590417742,0.9289027929837124,0.14505282694675356,0.9922370743235109,0.99997757850991,0.8987492623414639,0.10369505021550224,0.9776426727155132,1.0,0.9922370743235109,0.9776426727155132,0.4930112832144441,0.7243240284478314,0.8464485958384975,0.9999996088429295,0.380104217626748,0.6238194697731093,0.7145959291382863,1.0,0.8464485958384975,0.7145959291382863
gRNA_14834,controlsgRNA,-0.8380460421078798,0.757093997302388,0.5547367045759667,0.15792821992349163,0.5547367045759667,0.6559153509391773,True,0.013516788081345987,0.3418969698087845,0.4075303568906919,1957.8806332512304,-0.8900009119611719,-0.3682310129448586,-0.164581397535312,-0.22764402699578415,-0.8350846785841279,-0.49710840560425096,-0.3682310129448586,-0.49710840560425096,True,-0.8569338425885011,-0.6801950626063302,-0.7780552566791518,-0.38721070648169137,-0.38721070648169137,-0.38721070648169137,-0.38721070648169137,True,-0.6467877276114959,-0.6467877276114959,-0.6467877276114959,0.0,0.0,0.0,0.0,True,,,,0.0,0.0,0.0,0.0,True,,,,-0.6267251544266906,-0.6658357976306472,-0.6462804760286689,-0.6462804760286689,-0.6462804760286689,True,-0.8035199062957951,-0.8035199062957951,-0.7348368460029714,,,,,non-targeting control,,0,0.0,0.0,0.0,0.0,0,0.0,0.0,0.0,0.0,0,0.0,0.0,0.0,0.0,0,0.0,0.0,0.0,0.0,0,0.0,0.0,0.0,0.0,0.6746325367463254,0.3292670732926707,0.8399398470748952,1.0,0.6746325367463254,0.32926707329267074,0.8399398470748952,1.0,0.8399398470748952,0.8399398470748952,0.8534223796458361,0.2761467883239843,0.9998382435532929,0.9999999999819025,0.8058599499921536,0.19633249230655409,0.9934535776952451,1.0,0.9998382435532929,0.9934535776952451,0.8259383261417359,0.32877653935485807,0.9644497224512195,0.99997757850991,0.7543499387359367,0.2482309185031948,0.929682409138475,1.0,0.9644497224512195,0.929682409138475,0.31425289889419994,0.711291148139185,0.6979161007605451,0.9999996088429295,0.2833197703081649,0.7203604202824695,0.6229721265255557,1.0,0.6979161007605451,0.6229721265255557
