gRNA_id,Gene,bm1,bm2,bm3,bm4,bm5,LFC_avg_bm,LFC_median_bm,LFC_concordant_mean_bm,LFC_directional_bm,z_score_avg_bm,z_score_median_bm,z_score_concordant_mean_bm,Input_median,d15-rep1,d15-rep2,d15-rep3,d15-rep4,d15-rep5,LFC_avg_d15,LFC_median_d15,LFC_concordant_mean_d15,LFC_directional_d15,z_score_avg_d15,z_score_median_d15,z_score_concordant_mean_d15,d5,LFC_avg_d5,LFC_median_d5,LFC_concordant_mean_d5,LFC_directional_d5,z_score_avg_d5,z_score_median_d5,z_score_concordant_mean_d5,input,LFC_avg_input,LFC_median_input,LFC_concordant_mean_input,LFC_directional_input,z_score_avg_input,z_score_median_input,z_score_concordant_mean_input,lib,LFC_avg_lib,LFC_median_lib,LFC_concordant_mean_lib,LFC_directional_lib,z_score_avg_lib,z_score_median_lib,z_score_concordant_mean_lib,spleen1,spleen2,spleen3,spleen4,spleen5,LFC_avg_spleen,LFC_median_spleen,LFC_concordant_mean_spleen,LFC_directional_spleen,z_score_avg_spleen,z_score_median_spleen,z_score_concordant_mean_spleen,gene_name_m_corrected,gene_name_h,HGVSp_m,HGVSp_h,classification,classification_m,sensor_reads_input,corr_perc_input,target_base_edit_perc_input,byproduct_INDEL_perc_input,byproduct_sub_perc_input,sensor_reads_d5,corr_perc_d5,target_base_edit_perc_d5,byproduct_INDEL_perc_d5,byproduct_sub_perc_d5,sensor_reads_d15,corr_perc_d15,target_base_edit_perc_d15,byproduct_INDEL_perc_d15,byproduct_sub_perc_d15,sensor_reads_bm,corr_perc_bm,target_base_edit_perc_bm,byproduct_INDEL_perc_bm,byproduct_sub_perc_bm,sensor_reads_spleen,corr_perc_spleen,target_base_edit_perc_spleen,byproduct_INDEL_perc_spleen,byproduct_sub_perc_spleen,p_high_unadjusted_d5_fishers,p_low_unadjusted_d5_fishers,FDR_high_d5_fishers,FDR_low_d5_fishers,p_high_unadjusted_d5_stouffers,p_low_unadjusted_d5_stouffers,FDR_high_d5_stouffers,FDR_low_d5_stouffers,FDR_d5_fishers,FDR_d5_stouffers,p_high_unadjusted_d15_fishers,p_low_unadjusted_d15_fishers,FDR_high_d15_fishers,FDR_low_d15_fishers,p_high_unadjusted_d15_stouffers,p_low_unadjusted_d15_stouffers,FDR_high_d15_stouffers,FDR_low_d15_stouffers,FDR_d15_fishers,FDR_d15_stouffers,p_high_unadjusted_spleen_fishers,p_low_unadjusted_spleen_fishers,FDR_high_spleen_fishers,FDR_low_spleen_fishers,p_high_unadjusted_spleen_stouffers,p_low_unadjusted_spleen_stouffers,FDR_high_spleen_stouffers,FDR_low_spleen_stouffers,FDR_spleen_fishers,FDR_spleen_stouffers,p_high_unadjusted_bm_fishers,p_low_unadjusted_bm_fishers,FDR_high_bm_fishers,FDR_low_bm_fishers,p_high_unadjusted_bm_stouffers,p_low_unadjusted_bm_stouffers,FDR_high_bm_stouffers,FDR_low_bm_stouffers,FDR_bm_fishers,FDR_bm_stouffers
gRNA_2,Abl1,-0.5302048563429328,-3.724955905844837,1.6494422041231402,0.45599572562317114,1.2842938657433793,-0.17308579333961585,0.45599572562317114,,False,0.5294899938269141,0.9585589675077959,,914.7160716975449,-3.8748997758468993,-3.8958918401078653,-1.7139500962562002,-3.2867860018953166,-1.8762717798218054,-2.9295598987856173,-3.2867860018953166,-2.9295598987856173,True,-4.032313410639297,-4.354184358626622,-2.937198690076781,0.10407661737575083,0.10407661737575083,0.10407661737575083,0.10407661737575083,True,0.33683730374352716,0.33683730374352716,0.33683730374352716,0.0,0.0,0.0,0.0,True,,,,-1.3174814735455687,-1.3174814735455687,-1.3174814735455687,-1.3174814735455687,True,-2.9555414229978263,-2.9555414229978263,-2.9555414229978263,-1.38737374128547,-0.07964103399569795,0.29794863618790085,0.04626211939863965,0.8175957084902861,-0.061041662240868266,0.04626211939863965,,False,0.1696631938066813,0.2654101805632048,,Abl1,ABL1,Non-coding,,targeting guide,Intron,5426,0.0,0.0737191301142646,0.0737191301142646,3.077773682270549,1932,13.354037267080743,29.96894409937888,0.0,46.325051759834366,2234,32.54252461951656,45.88182632050135,0.0,22.426141450313335,31331,32.27474386390476,46.45558711818965,0.0095751811305097,33.388656602087394,18517,33.12631635794135,37.570880812226605,0.0054004428363125,15.007830642112657,0.29157084291570845,0.7085291470852915,0.9114056336301855,0.9879119614920229,0.29157084291570845,0.7085291470852915,0.9114056336301855,0.9879119614920229,0.9114056336301855,0.9114056336301855,0.9999997620845299,2.123498861768612e-05,0.9999999956433565,0.001596871144049996,0.9999977903463361,2.271360810816822e-06,1.0,0.00021350791621678128,0.001596871144049996,0.00021350791621678128,0.15218656851234386,0.726207776390212,0.3872325788263485,0.9999999999973488,0.16683349305103196,0.833476743892628,0.40211149607171803,1.0,0.3872325788263485,0.40211149607171803,0.07773844025156107,0.6668655260614225,0.7124107290566989,0.9840937019657632,0.12452772173238774,0.875792605607324,0.7483434114870964,1.0,0.7124107290566989,0.7483434114870964
gRNA_85,Akt1,-2.0429678593646265,-0.4974805980474474,2.2915196758967395,0.5049144295477763,0.13175518739476463,0.0775481670854413,0.13175518739476463,,False,0.7986720132274343,0.6101173884006336,,1443.590902244314,-0.8159824047275835,0.02722205192288276,1.045126786900089,0.8097759451513844,1.0277045929034232,0.4187693944300392,0.8097759451513844,0.7274573442194449,True,0.93720413689544,1.442907409665293,1.18880846335704,-0.19521126521249496,-0.19521126521249496,-0.19521126521249496,-0.19521126521249496,True,-0.7855319422388034,-0.7855319422388034,-0.7855319422388034,0.0,0.0,0.0,0.0,True,,,,0.4173129215650172,0.4173129215650172,0.4173129215650172,0.4173129215650172,True,0.7771866781775026,0.7771866781775026,0.7771866781775026,-0.1620379630436478,-0.5747565870728677,0.3693949351044025,0.9516335236983734,-0.4454048926539389,0.027765803206464313,-0.1620379630436478,,False,0.28675364103061,0.003748059136937094,,Akt1,AKT1,D323G,D323G,targeting guide,Missense,1536,8.268229166666668,10.3515625,0.5208333333333333,8.268229166666668,8027,13.442132801793946,74.63560483368632,3.4134795066650057,70.33761056434533,50164,4.020811737500997,89.54030779044734,0.0,90.97759349334184,21844,7.201062076542758,61.618751144479035,0.0,63.0653726423732,29470,14.540210383440789,76.9324737020699,0.0,71.46250424160164,0.8781121887811218,0.121987801219878,0.9985561443855614,0.85727690967167,0.878112188781122,0.12198780121987807,0.9985561443855614,0.8572769096716699,0.85727690967167,0.8572769096716699,0.020484690814442097,0.9050468387182098,0.23340132564334026,0.999999193896047,0.023308718876726586,0.9767913471725019,0.20057419454421388,1.0,0.23340132564334026,0.20057419454421388,0.14132150723365455,0.8459888919293528,0.38201905841457484,0.9999999999973488,0.13566651640374383,0.8646333900230472,0.3669828069626452,1.0,0.38201905841457484,0.3669828069626452,0.09105614012590643,0.7888852869580456,0.7124107290566989,0.9859690125412363,0.12160942137254771,0.8788210838821564,0.7483434114870964,1.0,0.7124107290566989,0.7483434114870964
gRNA_871,Arid2,0.2616810506238489,-3.7265398978467026,0.5536019298678921,-0.5710856477913212,-1.1982120471105475,-0.936110922451366,-0.5710856477913212,,False,-0.2900024834068673,-0.14518289518303457,,2999.728874830547,0.18910093028091404,-0.17261650438315365,-0.23007653529930983,-0.20201924542571598,1.157366061406187,0.1483509413157843,-0.17261650438315365,,False,0.5358549474201456,0.052712593611195964,,-0.1524479623779701,-0.1524479623779701,-0.1524479623779701,-0.1524479623779701,True,-0.6251638860949068,-0.6251638860949068,-0.6251638860949068,0.0,0.0,0.0,0.0,True,,,,0.5850901648699693,0.5850901648699693,0.5850901648699693,0.5850901648699693,True,1.13819016803614,1.13819016803614,1.13819016803614,0.2649078937403076,-0.20642019238796627,-0.3771141160214334,-0.03128608241800286,0.5985210282658826,0.049721706235757536,-0.03128608241800286,,False,0.31570195626464614,0.1679957832080954,,Arid2,ARID2,N1540S,N1546S,targeting guide,Missense,13625,0.0,0.0513761467889908,0.2055045871559633,10.818348623853211,31597,0.3639586036649049,31.756179384118745,0.003164857423173,97.76244580181664,153083,2.033537362084621,41.248211754407734,0.0,97.23679311223324,58015,0.0,38.093596483668016,0.0,96.10100835990691,47673,0.0,16.533467581230465,0.0041952467853921,97.9653053090848,0.8147185281471853,0.18538146185381457,0.9985561443855614,0.85727690967167,0.8147185281471853,0.18538146185381466,0.9985561443855614,0.8572769096716699,0.85727690967167,0.8572769096716699,0.193335966854043,0.8546884131577588,0.7901556906208714,0.999999193896047,0.16658783890307682,0.833736006879928,0.6081264798791931,1.0,0.7901556906208714,0.6081264798791931,0.21440340663267202,0.9294684437722995,0.47985524341598024,0.9999999999973488,0.12282850847658694,0.8773380630576382,0.339584699905858,1.0,0.47985524341598024,0.339584699905858,0.6406948298530686,0.3699907449358103,0.9780765380247597,0.9840937019657632,0.6423293786599908,0.3580048412353386,0.9434212749068616,1.0,0.9780765380247597,0.9434212749068616
gRNA_895,Arid5b,-2.409700176151651,-1.7283592971133561,-4.61494463721151,-3.8712570287863173,-1.0526056775883017,-2.7353733633702273,-2.409700176151651,-2.7353733633702273,True,-2.222418571221388,-2.1210300644840787,-1.0835931108330088,777.5869859918662,-0.36368054400746974,0.18182575791135727,0.4007335219468811,-0.4082243620878522,-1.2269143545068744,-0.2832519961487916,-0.36368054400746974,,False,-0.10472074973235171,-0.2176643189413475,,0.11125694644935231,0.11125694644935231,0.11125694644935231,0.11125694644935231,True,0.3637644898980381,0.3637644898980381,0.3637644898980381,0.0,0.0,0.0,0.0,True,,,,-0.7029577936091579,-0.7029577936091579,-0.7029577936091579,-0.7029577936091579,True,-1.6332810932426733,-1.6332810932426733,-1.6332810932426733,-1.2158374755985835,-0.6488660937161316,-0.4079086234521347,0.7462175429590979,2.081199688890383,0.11096100781652626,-0.4079086234521347,,False,0.3964444611166257,-0.3051094211129187,,Arid5b,ARID5B,K1026E,K1026E,targeting guide,Missense,179,0.0,8.938547486033519,0.0,18.435754189944134,13089,3.338681335472534,91.48903659561464,1.0161204064481626,90.35831614332646,40241,0.5765264282696753,99.8608384483487,0.0298203324967073,98.16604955145247,41827,0.7746192650680183,99.85177038754873,0.1243216104430152,98.90740430822196,37787,0.8045094873898431,98.71384338529124,1.2782173763463625,97.38005134040807,0.2804719528047195,0.7196280371962804,0.9114056336301855,0.9879119614920229,0.28047195280471954,0.7196280371962803,0.9114056336301855,0.9879119614920229,0.9114056336301855,0.9114056336301855,0.6840645009788782,0.4059502024103044,0.9999999956433565,0.999999193896047,0.6473758448423638,0.35292723074591126,1.0,0.9409427510670617,0.999999193896047,0.9409427510670617,0.0031321650479055794,0.5612032573238331,0.04061013993146544,0.9999999999973488,0.06387994748534835,1.0,0.22875105004277127,1.0,0.04061013993146544,0.22875105004277127,0.9986504047623019,0.011652323862059274,0.9999999997953558,0.48680819690380966,0.9965168021357752,0.0035005214498444156,1.0,0.21936601085691673,0.48680819690380966,0.21936601085691673
gRNA_896,Arid5b,-1.1741454409340273,0.6594613917403188,1.1512657754096591,1.3066378840777004,-0.74605668259958,0.23943258553881425,0.6594613917403188,,False,0.9725366187854976,1.1772111396985787,,1572.043982527489,0.29851520741902166,-0.9283057414521063,0.9754683039568022,-0.8984637360003037,-0.2594863828516483,-0.16245446978564693,-0.2594863828516483,,False,0.0745643128738767,-0.0702179671594718,,-0.044093656480858646,-0.044093656480858646,-0.044093656480858646,-0.044093656480858646,True,-0.21882087094519817,-0.21882087094519817,-0.21882087094519817,0.0,0.0,0.0,0.0,True,,,,0.00993069766244699,0.00993069766244699,0.00993069766244699,0.00993069766244699,True,-0.09937084320155898,-0.09937084320155898,-0.09937084320155898,-0.3582650492142173,0.11496273029434109,0.5460385165904359,0.3934617924438781,-0.27370448571083245,0.08449870088072106,0.11496273029434109,,False,0.3615545637630314,0.3517104228841862,,Arid5b,ARID5B,K1026E,K1026E,targeting guide,Missense,3024,0.0,0.3968253968253968,0.0,6.283068783068783,16805,0.1309134186254091,51.270455221660214,0.0059506099375185,95.19190717048498,74415,0.0,62.42693005442451,0.0,95.5613787542834,102503,0.0,36.53063812766455,0.0009755812025013,92.26656780777148,61571,0.3914180377125595,56.063731302074025,0.0032482824706436,91.19877864579104,0.5813418658134184,0.4187581241875812,0.9981029294330835,0.9727487021412807,0.5813418658134186,0.41875812418758124,0.998102929433084,0.9727487021412802,0.9727487021412807,0.9727487021412802,0.3557854344609841,0.4423086510840579,0.9999999956433565,0.999999193896047,0.4705019717533469,0.5299646421724874,0.9460360501564623,1.0,0.999999193896047,0.9460360501564623,0.17527374444867466,0.9415663788699646,0.42794109034221867,0.9999999999973488,0.09743920534624773,0.9027055953059278,0.30530951008490953,1.0,0.42794109034221867,0.30530951008490953,0.09326769884586865,0.8643342479022372,0.7124107290566989,0.9859690125412363,0.08659075093095697,0.9135931470211995,0.7483434114870964,1.0,0.7124107290566989,0.7483434114870964
gRNA_1000,Atm,-1.0226592037616573,0.24443080101478645,0.8835986906370158,0.6023378898159298,0.9687368472109945,0.33528900498341385,0.6023378898159298,0.6747760571696817,True,1.075486851526667,1.1158239876681193,1.3642679498803905,2349.2694682934175,-0.05184763980024117,-0.464925070520663,-0.5219065840690095,-0.9543481981837498,-0.47332242585492074,-0.4932699836857169,-0.47332242585492074,-0.4932699836857169,True,-0.4164248812457575,-0.3728198027186924,-0.18846961674029217,0.204427764617306,0.204427764617306,0.204427764617306,0.204427764617306,True,0.7131674126972586,0.7131674126972586,0.7131674126972586,0.0,0.0,0.0,0.0,True,,,,0.4212845888667368,0.4212845888667368,0.4212845888667368,0.4212845888667368,True,0.7857324483203114,0.7857324483203114,0.7857324483203114,-0.02418972045044507,1.1220777439933989,-0.37279322002176063,1.2567747373466476,1.0466640504647993,0.605706718266528,1.0466640504647993,,False,1.0487544466219154,1.522093752132278,,Atm,ATM,K2450E,K2440E,targeting guide,Missense,11103,0.0090065747996037,0.1170854723948482,0.0,24.128613888138343,28154,0.046174611067699,47.2721460538467,0.110108687930667,97.90083114299922,157592,0.164348444083456,33.81897558251688,0.5146200314736789,98.33874815980506,75145,0.0053230421185707,38.123627653203805,0.0133076052964269,99.0272140528312,82971,0.0,38.84730809559967,0.0891877885044172,98.61397355702594,0.13428657134286573,0.8658134186581342,0.8143830778212503,0.9879119614920229,0.13428657134286576,0.8658134186581342,0.8143830778212504,0.9879119614920229,0.8143830778212503,0.8143830778212504,0.9527501253486409,0.24071940340381556,0.9999999956433565,0.8838936455039501,0.8849766132462522,0.11516128878026527,1.0,0.4706591802323885,0.8838936455039501,0.4706591802323885,0.0012890561236499156,0.9898837236589951,0.025680818902223713,0.9999999999973488,0.0011041376687437026,0.9989106322211443,0.016573983824585397,1.0,0.025680818902223713,0.016573983824585397,0.10027553263456727,0.9520225688648526,0.7124107290566989,0.9997934568416044,0.05575524289938635,0.9443507520422575,0.7329365054482682,1.0,0.7124107290566989,0.7329365054482682
gRNA_1036,Atm,-3.6810309920349154,-2.113099440173286,-3.3768856907661586,-3.2677812936935724,-3.1830889945940966,-3.124377282252406,-3.2677812936935724,-3.124377282252406,True,-2.6402105586353666,-3.043157634441805,-1.3628264898049594,790.1189938243712,0.42495559639810115,0.722326415291573,1.6034938373735843,0.4925976879840343,2.118526237621006,1.0723799549336597,0.722326415291573,1.0723799549336597,True,1.9072787219304534,1.3191565775664924,1.5779652719310349,0.11379307818325685,0.11379307818325685,0.11379307818325685,0.11379307818325685,True,0.37327532019720666,0.37327532019720666,0.37327532019720666,0.0,0.0,0.0,0.0,True,,,,0.08991510528933061,0.08991510528933061,0.08991510528933061,0.08991510528933061,True,0.07273026967164628,0.07273026967164628,0.07273026967164628,-0.9663313521255614,-0.08327497881704451,-0.6043742593688444,-0.36497459436787205,0.3871915192469457,-0.3263527330864754,-0.36497459436787205,-0.5047387961698306,True,-0.18014289267818698,-0.25117660937398034,-0.16644716325592315,Atm,ATM,D2730G,D2720G,targeting guide,Missense,447,1.5659955257270697,1.5659955257270697,0.0,14.988814317673375,6275,57.73705179282869,99.6812749003984,0.3187250996015936,41.60956175298805,34214,47.354883965628105,95.93149003331968,16.61892792424154,31.78815689483837,14276,76.00868590641636,98.09470439899133,0.0,22.61137573550014,23009,56.882089617106345,97.753053153114,0.4563431700638881,41.179538441479416,0.2804719528047195,0.7196280371962804,0.9114056336301855,0.9879119614920229,0.28047195280471954,0.7196280371962803,0.9114056336301855,0.9879119614920229,0.9114056336301855,0.9114056336301855,0.0002631156694917939,0.9998708968789981,0.024732872932228627,0.999999193896047,8.522446347937394e-05,0.9999171750634144,0.007024994391058338,1.0,0.024732872932228627,0.007024994391058338,0.6132958999294995,0.564337877505111,0.8604449939309397,0.9999999999973488,0.5305564668090397,0.46973310343817276,0.779918880747768,1.0,0.8604449939309397,0.779918880747768,0.9997078611621824,0.011364330744427184,0.9999999997953558,0.48680819690380966,0.9976702147684295,0.002339166801543981,1.0,0.17590534347610737,0.48680819690380966,0.17590534347610737
gRNA_1149,Atrx,0.2965447169384207,0.7564182314204053,-5.742338113526424,-0.45988951421932134,-1.95152197010579,-1.4201573298985417,-0.45988951421932134,,False,-0.8098705380760117,-0.025687175788610822,,1051.6041572525983,-0.8366063244452369,-0.6458765739166945,-1.8686502347593867,-0.40657996325206663,-1.1078412745064827,-0.9731108741759735,-0.8366063244452369,-0.9731108741759735,True,-1.1285942996323022,-0.8869070117719253,-0.7298471424984099,-0.024904422076560916,-0.024904422076560916,-0.024904422076560916,-0.024904422076560916,True,-0.14685869739151453,-0.14685869739151453,-0.14685869739151453,0.0,0.0,0.0,0.0,True,,,,0.18320852481889993,0.18320852481889993,0.18320852481889993,0.18320852481889993,True,0.27346816098271653,0.27346816098271653,0.27346816098271653,0.12536280855913493,-0.988154617221961,-1.5690440863093815,0.13538682329613622,-0.19747298207120065,-0.4987844107494544,-0.19747298207120065,,False,-0.40748979590789686,-0.04076465609013722,,Atrx,ATRX,N246S,N247S,targeting guide,Missense,1547,0.0,17.453135100193922,3.361344537815126,26.373626373626376,14877,0.2755931975532701,95.36196813873764,0.0,99.24043826040196,44287,1.309639397565877,91.56637387946802,0.0970939553367805,95.38465012306094,41020,0.0,90.20721599219893,0.0,99.43442223305703,17245,0.0,94.32879095389968,0.040591475790084,97.8834444766599,0.5499450054994497,0.4501549845015501,0.9981029294330835,0.9727487021412807,0.54994500549945,0.45015498450154984,0.998102929433084,0.9727487021412802,0.9727487021412807,0.9727487021412802,0.9962286116030532,0.03423833429910416,0.9999999956433565,0.4291204565487721,0.9887283091120537,0.011307262968364686,1.0,0.16352041831173544,0.4291204565487721,0.16352041831173544,0.6935291099258059,0.32463862229519064,0.9054407824031354,0.9999999999973488,0.6911772871040635,0.3091418926810926,0.8869715356693784,1.0,0.9054407824031354,0.8869715356693784,0.5844376749349843,0.15236110522984536,0.9483359320886435,0.9840937019657632,0.7416467488207293,0.2589779034816928,0.9641177804211494,1.0,0.9483359320886435,0.9641177804211494
gRNA_1322,Bap1,0.26108000646431145,2.0567430155297557,1.468923804330815,0.38033603292309576,0.4358075122873971,0.9205780743070751,0.4358075122873971,0.9205780743070751,True,1.704089987934845,0.9368639229198977,1.5407086602995166,1908.2391926494954,-0.4076366845153509,-1.2497075683332253,0.05464414532164459,-0.1755666188168326,-0.06264877775545698,-0.36818310081984423,-0.1755666188168326,-0.47388991235521644,True,-0.2307736489646619,0.048537852860277085,-0.16660417076881087,-0.14508370995114317,-0.14508370995114317,-0.14508370995114317,-0.14508370995114317,True,-0.5975469629771316,-0.5975469629771316,-0.5975469629771316,0.0,0.0,0.0,0.0,True,,,,0.28630042401796274,0.28630042401796274,0.28630042401796274,0.28630042401796274,True,0.49528927720746996,0.49528927720746996,0.49528927720746996,-1.07577347766772,0.17468536993186495,0.5451900314292206,1.1240662996579758,0.4671012861042088,0.24705390189111004,0.4671012861042088,0.5777607467808176,True,0.5758795767448514,0.7940593671037414,0.8473378019694722,Bap1,BAP1,H141R,H141R,targeting guide,Missense,7931,0.0,0.7439162778968604,0.4917412684402976,2.9756651115874417,26891,2.978691755605965,95.45944739875794,0.0185935814956676,92.96790747833847,100785,0.5605992955300888,96.3823981743315,0.9098576177010468,96.82690876618544,96066,1.0065996294214394,98.02219307559386,0.006245706077072,97.26646264026814,82053,0.0024374489659122,95.63331017756816,0.7543904549498495,96.61438338634784,0.7961203879612039,0.20397960203979598,0.9985561443855614,0.85727690967167,0.796120387961204,0.20397960203979604,0.9985561443855614,0.8572769096716699,0.85727690967167,0.8572769096716699,0.8413398299246182,0.36123399743315415,0.9999999956433565,0.999999193896047,0.7528365445252341,0.24740376089921584,1.0,0.7852654649618649,0.999999193896047,0.7852654649618649,0.02247010379482539,0.8987756258453762,0.13850424634187455,0.9999999999973488,0.02537801974038644,0.9747462753736695,0.13829181771572902,1.0,0.13850424634187455,0.13829181771572902,0.010083841614386248,0.9980020927175697,0.4212804941121366,0.9997934568416044,0.0035849123129593446,0.9964367565132752,0.16849087870908921,1.0,0.4212804941121366,0.16849087870908921
gRNA_1337,Bap1,0.5418861591973979,-3.5852888969450247,-0.5681411723653021,0.048801156510760536,-0.09166391924202484,-0.7308813345688387,-0.09166391924202484,,False,-0.06958496770681939,0.3700224676834863,,2560.747100466938,-0.37587074572872237,-0.329916525212654,-1.2829063887540806,0.02953565726175054,-0.1294195318410038,-0.417715506854942,-0.329916525212654,-0.5295282978841152,True,-0.30428856921512365,-0.16988446892321513,-0.2293778361478415,0.006357694921284573,0.006357694921284573,0.006357694921284573,0.006357694921284573,True,-0.02962161321942961,-0.02962161321942961,-0.02962161321942961,0.0,0.0,0.0,0.0,True,,,,-0.12251642317327982,-0.12251642317327982,-0.12251642317327982,-0.12251642317327982,True,-0.3843550991206972,-0.3843550991206972,-0.3843550991206972,-0.1380581966918814,-0.1947354093055876,0.13300940516828855,0.7362555501784767,0.41566803686351844,0.19042787724256294,0.13300940516828855,,False,0.5012195634541472,0.3743802710035,,Bap1,BAP1,Y173C,Y173C,targeting guide,Missense,15977,1.370720410590223,1.7650372410339863,0.0,9.438567941415783,22649,51.026535387875846,85.26645768025078,0.0044152059693584,35.99275906221025,69879,64.2796834528256,89.02960832295825,0.0014310450922308,26.575938407819233,44945,63.57993102681054,86.49237957503615,0.0,24.676827233285124,32287,51.91872890017654,84.02452999659306,0.0,34.153064700963235,0.4877512248775121,0.5123487651234877,0.9981029294330835,0.9778839374945756,0.48775122487751227,0.5123487651234877,0.998102929433084,0.9778839374945756,0.9778839374945756,0.9778839374945756,0.8835098109803066,0.308092047692542,0.9999999956433565,0.999999193896047,0.8048716894310884,0.19534200014011616,1.0,0.6760006398752195,0.999999193896047,0.6760006398752195,0.09909948310188418,0.9734301580812336,0.31312105585133154,0.9999999999973488,0.04858744033284629,0.9515138883459745,0.20075689632033192,1.0,0.31312105585133154,0.20075689632033192,0.5509718762688829,0.5431114048529367,0.9483359320886435,0.9840937019657632,0.49017584137013526,0.5101500508597234,0.9127546941314479,1.0,0.9483359320886435,0.9127546941314479
gRNA_1343,Bap1,0.41061584957527175,-2.7753789265547795,1.593099131846236,0.940050532496092,0.1904152269062359,0.07176036285381127,0.41061584957527175,0.7835451852059588,True,0.7924558850206948,0.909791975705313,1.4423442099774035,1047.145654466034,-0.14093878055837464,-0.6417111406775089,0.9046532953959948,-0.5848490322309493,0.9249000758605369,0.09241088355793978,-0.14093878055837464,,False,0.452829929778964,0.09754010370297918,,0.4288907760516439,0.4288907760516439,0.4288907760516439,0.4288907760516439,True,1.5549334698987183,1.5549334698987183,1.5549334698987183,0.0,0.0,0.0,0.0,True,,,,0.7905287405228001,0.7905287405228001,0.7905287405228001,0.7905287405228001,True,1.5802289171617225,1.5802289171617225,1.5802289171617225,-1.2193909248777908,0.3780821596907122,0.3400860313516792,1.3889883671034937,-1.4802523424184328,-0.1184973418300677,0.3400860313516792,,False,0.09390930099184946,0.6345055127683596,,Bap1,BAP1,N489S,N490S,targeting guide,Missense,4669,0.085671449989291,0.6639537374170058,0.0214178624973227,7.731848361533519,13680,2.931286549707602,77.69736842105263,0.0219298245614035,90.57748538011695,54316,4.3007585241917665,71.25708815082112,0.3921496428308417,93.91891891891892,104889,1.4100620656122185,83.28328042025379,0.0,89.83020145105779,70912,0.3271660649819494,67.38774819494586,0.0,91.28779332129965,0.026797320267973195,0.9733026697330267,0.7553426475534262,0.9879119614920229,0.026797320267973195,0.9733026697330267,0.7553426475534257,0.9879119614920229,0.7553426475534262,0.7553426475534257,0.13537897064040147,0.6924776471931218,0.6793224856949936,0.999999193896047,0.19075865863393554,0.8096111559921988,0.6461734742915294,1.0,0.6793224856949936,0.6461734742915294,0.06669935214160178,0.41343789856399965,0.24401405903860277,0.9999999999973488,0.21943896872604546,0.7814274046552109,0.4821626391340823,1.0,0.24401405903860277,0.4821626391340823,0.07357140394520811,0.8428486234418983,0.7124107290566989,0.9859690125412363,0.07328027884505976,0.926904662919129,0.7483434114870964,1.0,0.7124107290566989,0.7483434114870964
gRNA_1376,Bcl2,0.1537599229871329,0.010431730265795452,0.339365809922584,-0.8076873480095388,-0.07966391680260448,-0.07675876032732618,0.010431730265795452,,False,0.632945667691438,0.4797384505425341,,1649.4050308781443,-0.28260880656443865,-0.8179585223140976,-1.5023612196748373,-1.4795379578360472,-1.9719340859674461,-1.2108801184713733,-1.4795379578360472,-1.2108801184713733,True,-1.4814862431410256,-1.796726935816114,-0.9981088261713121,-0.32866138396351724,-0.32866138396351724,-0.32866138396351724,-0.32866138396351724,True,-1.2859875833544248,-1.2859875833544248,-1.2859875833544248,0.0,0.0,0.0,0.0,True,,,,-0.1465811256437756,-0.1465811256437756,-0.1465811256437756,-0.1465811256437756,True,-0.43613471716143737,-0.43613471716143737,-0.43613471716143737,0.15272481520347383,-0.7755832041451165,-0.9078158570761748,-0.1426945484329942,-0.5713679425135664,-0.4489473473928756,-0.5713679425135664,-0.5993653880419629,True,-0.34178086020800574,-0.5104435318392443,-0.2550670770242016,Bcl2,BCL2,N140S,N143S,targeting guide,Missense,2871,0.0,0.3483106931382793,0.487634970393591,5.294322535701846,6017,0.0166195778627222,88.13362140601629,0.9805550939006148,91.90626558085424,15092,0.0397561622051418,84.44208852372118,0.1060164325470447,92.16141001855289,24630,0.0,84.83962647178238,0.0121802679658952,95.83434835566382,21498,0.0,89.42227183924086,0.0,93.12494185505628,0.9765023497650235,0.0235976402359764,0.9985561443855614,0.570779285707793,0.9765023497650235,0.023597640235976408,0.9985561443855614,0.5707792857077933,0.570779285707793,0.5707792857077933,0.9979463643502904,0.010278581648460388,0.9999999956433565,0.24154666873881914,0.9966843515632213,0.003331701341508624,1.0,0.08351464696048284,0.24154666873881914,0.08351464696048284,0.7998563314068127,0.42338800313240127,0.973287963135798,0.9999999999973488,0.7069946486863139,0.2932427631825094,0.8959179369557362,1.0,0.973287963135798,0.8959179369557362,0.4250827232153713,0.8806573163066262,0.8881553689271336,0.9861350648860734,0.24416865627084,0.7560293234747157,0.8053281996301389,1.0,0.8881553689271336,0.8053281996301389
gRNA_1381,Bcl2,0.07552037253681022,-1.0402581364184469,-0.5452009172213153,0.6742531900422978,-0.9260665715331776,-0.3523504125187663,-0.5452009172213153,,False,0.3369589732267038,-0.11736615010897233,,1327.4288296430184,0.7995539948907292,0.27734802586253665,-0.5691537284898442,0.45840859055903727,1.2753227107166434,0.4482959187078205,0.45840859055903727,0.7026583305072366,True,0.9810267623503057,0.9456834386175088,1.16082912905929,0.013842724882926228,0.013842724882926228,0.013842724882926228,0.013842724882926228,True,-0.0015517583307143891,-0.0015517583307143891,-0.0015517583307143891,0.0,0.0,0.0,0.0,True,,,,0.595038170872992,0.595038170872992,0.595038170872992,0.595038170872992,True,1.159595126262199,1.159595126262199,1.159595126262199,-1.2365377721464073,-0.20009467282732324,-1.395023621363218,0.15872979049983132,-0.7193878937118957,-0.6784628339098024,-0.7193878937118957,-0.887760990012211,True,-0.6443913538834757,-0.6963830379107242,-0.5251559904269986,Bcl2,BCL2,Y28C,Y28C,targeting guide,Missense,1669,0.659077291791492,0.7189934092270821,1.5578190533253444,28.699820251647697,17022,80.6603219363177,97.64422512043238,4.840794266243685,12.64246269533545,38967,81.76405676598148,94.37985988143816,1.5679934303384917,13.662842918366824,48129,76.17029233933803,90.23665565459494,5.481102869371896,16.815225747470343,25090,77.06257473096852,90.63770426464728,6.69988043045038,12.626544440015945,0.4735526447355263,0.5265473452654734,0.9981029294330835,0.9801079298010792,0.47355264473552644,0.5265473452654734,0.998102929433084,0.9801079298010792,0.9801079298010792,0.9801079298010792,0.023921974601576943,0.9515135314891369,0.263416501225099,0.999999193896047,0.02007173418556146,0.9800271826156991,0.1886743013442777,1.0,0.263416501225099,0.1886743013442777,0.8711518636839637,0.18045172554160788,0.9999999989234004,0.9999999999973488,0.8666094326724638,0.133586876544109,0.9814612851953205,1.0,0.9999999989234004,0.9814612851953205,0.5713017932102622,0.6653602377790355,0.9483359320886435,0.9840937019657632,0.45372439172936013,0.546548285153117,0.9060547637436381,1.0,0.9483359320886435,0.9060547637436381
gRNA_1382,Bcl2,-0.29186350352723517,-3.529407033236187,-1.2564116179784894,2.0171743368542168,1.5393741024467207,-0.3042267430881949,-0.29186350352723517,,False,0.3886440142176182,0.15488015492370347,,786.9859918662448,1.7826310963180863,2.2097649821358707,0.7789031050274786,0.47800488696271654,-0.23302098184876618,1.0032566177190771,0.7789031050274786,1.312326017611038,True,1.804687367511387,1.3992188997246309,1.84868293752006,0.2926445680847262,0.2926445680847262,0.2926445680847262,0.2926445680847262,True,1.0439921234554899,1.0439921234554899,1.0439921234554899,0.0,0.0,0.0,0.0,True,,,,0.990987274128253,0.990987274128253,0.990987274128253,0.990987274128253,True,2.011552193060233,2.011552193060233,2.011552193060233,0.17240673747678764,0.4971336026858715,0.117826531616076,1.2017060176676013,1.2283102929973226,0.6434766364887319,0.4971336026858715,0.6434766364887319,True,1.0985531498499885,0.8317853227345097,0.9088821983584977,Bcl2,BCL2,Y28C,Y28C,targeting guide,Missense,1309,0.3819709702062643,0.9167303284950344,0.0,31.47440794499618,10191,45.716808949072714,89.81454224315573,8.115003434402905,43.51879109017761,51044,38.66859963952668,91.12726275370268,0.5661781992006896,59.09215578716401,27483,56.09649601571881,88.1781464905578,2.3687370374413272,32.68566022632173,20916,58.46242111302352,90.23713903231976,1.07095046854083,34.32778733983553,0.07169283071692831,0.9284071592840716,0.7553426475534262,0.9879119614920229,0.07169283071692836,0.9284071592840716,0.7553426475534257,0.9879119614920229,0.7553426475534262,0.7553426475534257,0.00040912976643079496,0.9945815318528554,0.02563879869632982,0.999999193896047,0.00037167881100840286,0.9996392575445252,0.01635741405979673,1.0,0.02563879869632982,0.01635741405979673,0.0020191697279905376,0.9989897608771195,0.033009035553236615,0.9999999999973488,0.0007810205018876822,0.9992281712597626,0.013983986129036598,1.0,0.033009035553236615,0.013983986129036598,0.07607622211059153,0.5182351897317196,0.7124107290566989,0.9840937019657632,0.19731678803528008,0.8032756616196993,0.7810433852521655,1.0,0.7124107290566989,0.7810433852521655
gRNA_1383,Bcl2,-0.35280650683248693,-2.9627845191403126,-0.7310534043001665,-0.4247402147233826,0.5943295548118841,-0.775411018036893,-0.4247402147233826,-1.1178461612490873,True,-0.11741005134220714,0.012085637838561028,0.07749438547093589,1883.6571772857358,0.15822259202963204,0.9302022736339387,-0.6937751371234563,-0.19890925806547308,-0.8595186065563183,-0.1327556272163354,-0.19890925806547308,,False,0.11864268939099766,0.015505416493470502,,-0.30164991554661463,-0.30164991554661463,-0.30164991554661463,-0.30164991554661463,True,-1.1846909950068643,-1.1846909950068643,-1.1846909950068643,0.0,0.0,0.0,0.0,True,,,,0.10637963732190328,0.10637963732190328,0.10637963732190328,0.10637963732190328,True,0.10815672802538549,0.10815672802538549,0.10815672802538549,0.38344993614365264,-0.41709293405192077,-1.307336792199821,0.8450451278907221,-1.0420086809319045,-0.3075886686298543,-0.41709293405192077,,False,-0.15540293767668567,-0.3166465562268408,,Bcl2,BCL2,Y28C,Y28C,targeting guide,Missense,342,0.8771929824561403,1.1695906432748535,0.2923976608187134,34.21052631578947,6384,44.78383458646616,95.86466165413536,2.7725563909774436,47.44674185463659,24795,40.83081266384352,93.88989715668482,5.230893325267191,33.89796329905223,21491,63.45912242334,97.58038248569169,0.004653110604439,34.172444279000516,20405,55.128644939965696,98.65719186473903,0.4753736829208527,43.08257779955893,0.9667033296670333,0.03339666033396661,0.9985561443855614,0.570779285707793,0.9667033296670333,0.033396660333966634,0.9985561443855614,0.5707792857077933,0.570779285707793,0.5707792857077933,0.3899048957023392,0.518566337012312,0.9999999956433565,0.999999193896047,0.44959530443261964,0.5508270006044663,0.928834255311346,1.0,0.999999193896047,0.928834255311346,0.26765263898720754,0.38752884593377473,0.5439859041037299,0.9999999999973488,0.44116679179992124,0.5593782468496159,0.7088833919520101,1.0,0.5439859041037299,0.7088833919520101,0.6737282535862041,0.48873247992580393,0.9780765380247597,0.9840937019657632,0.5995276284006372,0.4007636205978762,0.9242205503511836,1.0,0.9780765380247597,0.9242205503511836
gRNA_1551,Braf,-1.2824256637464009,-3.5575951450403602,0.370768383780541,0.22137665408474685,-0.16988229540230823,-0.8835516132647564,-0.16988229540230823,,False,-0.23355354503812487,0.2859659377585078,,5419.370387106492,-0.06439022372136152,-1.1479030848324572,-0.08719821902099949,-0.7230852417098851,-0.648585260250232,-0.5342324059069871,-0.648585260250232,-0.5342324059069871,True,-0.4772204178229355,-0.6208362486296434,-0.23468521701677772,-0.19449926551455887,-0.19449926551455887,-0.19449926551455887,-0.19449926551455887,True,-0.7828618489587102,-0.7828618489587102,-0.7828618489587102,0.0,0.0,0.0,0.0,True,,,,-0.6228031144789085,-0.6228031144789085,-0.6228031144789085,-0.6228031144789085,True,-1.4608136100219304,-1.4608136100219304,-1.4608136100219304,-1.1931405682954972,-0.26092210431240714,0.2865924147484528,0.5130303519539309,-0.09666286090503115,-0.15022055336211038,-0.09666286090503115,,False,0.05208303101605502,0.08587086827595353,,Braf,BRAF,K638E,K601E,targeting guide,Missense,33738,0.0355682020273875,0.0622443535479281,1.2508151046297944,21.249036694528424,36705,15.371202833401442,54.47486718430732,0.035417518049312,65.79757526222586,117039,18.218713420312888,59.9535197669153,0.1555037209818949,68.50280675672212,59731,17.305921548274767,50.11468081900521,0.0,55.930756223736424,67075,19.25158404770779,52.61572866194558,0.0014908684308609,63.393216548639586,0.8781121887811218,0.121987801219878,0.9985561443855614,0.85727690967167,0.878112188781122,0.12198780121987807,0.9985561443855614,0.8572769096716699,0.85727690967167,0.8572769096716699,0.9367126856031773,0.21057748431454879,0.9999999956433565,0.8669330336007393,0.8852384872486787,0.11491375852502683,1.0,0.4706591802323885,0.8669330336007393,0.4706591802323885,0.3180454930568886,0.6993573712795652,0.594950773081543,0.9999999999973488,0.2839328012454644,0.7163661959651056,0.5531540583849461,1.0,0.594950773081543,0.5531540583849461,0.6329515194309996,0.43125206398236077,0.9780765380247597,0.9840937019657632,0.5997601443768319,0.40056100090284597,0.9242205503511836,1.0,0.9780765380247597,0.9242205503511836
gRNA_1726,Card11,-1.5962648243113067,-0.8808535837022927,-0.18334191379275164,-0.4157637984553712,-0.9449233937773089,-0.8042295028078061,-0.8808535837022927,-0.8042295028078061,True,-0.14836123574491739,-0.47807164911654565,0.30261355519574,1399.0058743786715,-0.9816286883615101,-1.0514193562136411,-0.1129205179112253,-0.10998619910124494,0.38519122252171095,-0.3741527078131821,-0.1129205179112253,-0.5639886903969054,True,-0.23963360989066393,0.1371890683355598,-0.26825756150048263,0.2356581663779306,0.2356581663779306,0.2356581663779306,0.2356581663779306,True,0.8302855605242503,0.8302855605242503,0.8302855605242503,0.0,0.0,0.0,0.0,True,,,,-0.2045694874661421,-0.2045694874661421,-0.2045694874661421,-0.2045694874661421,True,-0.5609073059624704,-0.5609073059624704,-0.5609073059624704,-0.9915149306597771,1.0610074174324569,-0.16482248862697868,0.6540191815778043,0.27258452670725264,0.16625474128615159,0.27258452670725264,,False,0.46934788143187806,0.5497115621484918,,Card11,CARD11,S116P,S116P,targeting guide,Missense,3046,4.760341431385424,7.813525935653316,1.3460275771503611,18.056467498358504,4840,58.30578512396695,90.02066115702479,1.0330578512396695,33.099173553719005,28181,19.59121393846918,97.83896951846988,0.0,78.6345410028033,56725,18.917584839136182,95.9806081974438,0.001762891141472,77.75936535918908,33876,31.086905183610813,98.5860196008974,0.0088558271342543,67.62014405478804,0.1245875412458754,0.8755124487551245,0.8143830778212503,0.9879119614920229,0.1245875412458754,0.8755124487551245,0.8143830778212504,0.9879119614920229,0.8143830778212503,0.8143830778212504,0.7583796381718638,0.3359556217827126,0.9999999956433565,0.999999193896047,0.7272259341966901,0.2730423065915435,1.0,0.8050993502613227,0.999999193896047,0.8050993502613227,0.04164307686654734,0.8670558336437495,0.20334801171197142,0.9999999999973488,0.05020070774563503,0.9499940228384594,0.20208699481868841,1.0,0.20334801171197142,0.20208699481868841,0.8848228294033911,0.41635704449259175,0.9999999997953558,0.9840937019657632,0.761464599082645,0.23873269202927044,0.9668242831730418,1.0,0.9840937019657632,0.9668242831730418
gRNA_1977,Cd79a,0.8318436303744795,-3.1964119015802614,-0.9993153361951168,-1.7129985703190382,0.5757386525079725,-0.9002287050423929,-0.9993153361951168,,False,-0.25146481785533886,-0.6053752871129903,,1130.7727067329417,-0.23754779244839458,0.39296400459336356,0.3690046079372513,-0.7231309807214972,0.18121988919351184,-0.003498054289153019,0.18121988919351184,,False,0.3104839691943017,0.5534305300271595,,-0.1635454913262774,-0.1635454913262774,-0.1635454913262774,-0.1635454913262774,True,-0.6667810912094714,-0.6667810912094714,-0.6667810912094714,0.0,0.0,0.0,0.0,True,,,,0.4910972555900949,0.4910972555900949,0.4910972555900949,0.4910972555900949,True,0.935947196321993,0.935947196321993,0.935947196321993,-1.5103072672521582,-0.10172328340063298,-1.4725881700203398,0.7625665559201442,-0.5210750438796237,-0.5686254417265221,-0.5210750438796237,-0.9014234411381886,True,-0.499573468271398,-0.44726666510478297,-0.5379511806234661,Cd79a,CD79A,Non-coding,,targeting guide,Intron,5001,0.4199160167966407,0.4399120175964807,0.2799440111977604,9.378124375124974,23394,92.04069419509275,99.10660853210224,0.0,7.1727793451312305,43310,93.25329023320248,97.16462710690372,0.062341260678827,3.7427845763103207,56322,66.19970881715848,96.61056070452044,0.0,30.533361741415433,34685,85.31930229205709,95.139109124982,0.0,9.848637739656912,0.832016798320168,0.16808319168083188,0.9985561443855614,0.85727690967167,0.8320167983201678,0.1680831916808319,0.9985561443855614,0.8572769096716699,0.85727690967167,0.8572769096716699,0.4188723994358861,0.7713921740720744,0.9999999956433565,0.999999193896047,0.3048317934214441,0.6954173202697406,0.8071602417356548,1.0,0.999999193896047,0.8071602417356548,0.5055620618838683,0.19094849110411216,0.7794739101279691,0.9999999999973488,0.7197827692327544,0.2806743714555626,0.9021277374383856,1.0,0.7794739101279691,0.9021277374383856,0.5178469497386006,0.366999487232342,0.9483359320886435,0.9840937019657632,0.5933835631435197,0.40698263091359066,0.9242205503511836,1.0,0.9483359320886435,0.9242205503511836
gRNA_2134,Chek2,-0.46615008277670694,-3.2327694718095246,-0.2485824954639527,0.5754685737965816,0.42642230564602895,-0.5891222341215148,-0.2485824954639527,,False,0.08266495429934828,0.20139162100169417,,1888.5976803735502,-0.49409277619078523,-1.5960365019960323,-1.461463413824617,-0.9301729157244546,-1.7127379129227533,-1.2389007041317286,-1.461463413824617,-1.2389007041317286,True,-1.5230737872375637,-1.7711494414052624,-1.0297228791537445,0.060894470638220836,0.060894470638220836,0.060894470638220836,0.060894470638220836,True,0.17489852742367576,0.17489852742367576,0.17489852742367576,0.0,0.0,0.0,0.0,True,,,,-0.418152780936766,-0.418152780936766,-0.418152780936766,-0.418152780936766,True,-1.0204709082696786,-1.0204709082696786,-1.0204709082696786,-0.7030258076890326,0.0025290552197333024,0.0915603730410842,0.864486833624202,0.7803212182492455,0.2071743344890465,0.0915603730410842,0.43472437003356623,True,0.5232993532390505,0.3223128807734709,0.7133810449703704,Chek2,CHEK2,K201E,K197E,targeting guide,Missense,11296,1.6820113314447591,1.9210339943342776,0.0,1.41643059490085,12851,30.238891915026063,87.54960703447202,0.0,64.41522060540036,50857,50.242837760780226,90.63255795662349,0.0019662976581394,41.06809288790137,58459,31.237277408097984,84.53274944833132,0.0,54.220906960433815,49407,41.12372740704758,92.84716740542838,0.0,52.08168882951808,0.3252674732526747,0.6748325167483251,0.919553157466208,0.9879119614920229,0.3252674732526747,0.6748325167483251,0.919553157466208,0.9879119614920229,0.919553157466208,0.919553157466208,0.9994192207701965,0.008055561261842354,0.9999999956433565,0.201926068963515,0.9980227941251295,0.00198690336854686,1.0,0.05746735896720149,0.201926068963515,0.05746735896720149,0.04598049910180687,0.9339061536104953,0.21610834577849228,0.9999999999973488,0.03830261359849176,0.9618236413498905,0.17043902756099163,1.0,0.21610834577849228,0.17043902756099163,0.45953116855921317,0.6231265011755317,0.9184817340004682,0.9840937019657632,0.39918386053099963,0.6011277538066444,0.8829007738803286,1.0,0.9184817340004682,0.8829007738803286
gRNA_2265,Crebbp,-0.07783404479684351,-3.1674370017081053,-0.23180564845435214,1.196450518565404,1.3067057042429837,-0.19478409443018257,-0.07783404479684351,,False,0.506185919250533,0.38488459231744604,,1573.9719837324897,0.6930847485241887,0.7050041688915779,-0.467005773843936,0.3977874380717158,0.0365225328585822,0.2730786229004257,0.3977874380717158,0.45809972208651617,True,0.7209730609683279,0.859897750860005,0.8849073871785896,0.26688827613542887,0.26688827613542887,0.26688827613542887,0.26688827613542887,True,0.9474026133007978,0.9474026133007978,0.9474026133007978,0.0,0.0,0.0,0.0,True,,,,0.38721640238756483,0.38721640238756483,0.38721640238756483,0.38721640238756483,True,0.7124285009561165,0.7124285009561165,0.7124285009561165,-1.0947981710697352,0.6739605446228465,0.17071268533483638,1.6245285759787633,0.0770502822578011,0.29029078342490244,0.17071268533483638,0.6365630220485619,True,0.6328863359160403,0.4217423275012031,0.9024074442392443,Crebbp,CREBBP,C1475R,C1474R,targeting guide,Missense,7091,0.1410238330277816,0.1833309829361162,0.338457199266676,4.47045550698068,12635,70.1226751088247,91.7214087851207,0.0,22.136921250494655,63527,59.82338218395328,95.70733703779494,1.166433170148126,36.453791301336445,16183,78.65661496632268,96.15028115924116,0.0,17.648149292467405,29592,72.44863476615302,93.3022438496891,3.926736955934037,20.982022168153556,0.08839116088391158,0.9117088291170883,0.7553426475534262,0.9879119614920229,0.08839116088391152,0.9117088291170883,0.7553426475534257,0.9879119614920229,0.7553426475534262,0.7553426475534257,0.13424126058810193,0.9304810981741424,0.6793224856949936,0.999999193896047,0.08207273684896577,0.9180653938824097,0.43463871908748064,1.0,0.6793224856949936,0.43463871908748064,0.005352857042320311,0.8685528822033886,0.0529651117871694,0.9999999999973488,0.01614437687466933,0.9844427569481371,0.1046600983599253,1.0,0.0529651117871694,0.1046600983599253,0.12991198480334695,0.7392245450656071,0.7223428403754732,0.9859690125412363,0.14907058441091298,0.8512134305480089,0.7678156128562094,1.0,0.7223428403754732,0.7678156128562094
gRNA_2385,Csf3r,1.3583236039092903,-3.573078987282947,0.4727536385372977,-0.6880098547690517,0.5310613377280589,-0.37979005237547037,0.4727536385372977,,False,0.3074886745659635,0.9765676769376616,,3685.494803434252,-0.027792117080605826,-0.9164529641004944,0.5924491391948071,-0.6515940003343316,-0.284344626787276,-0.2575469138215801,-0.284344626787276,-0.47004592707567694,True,-0.06656982534605212,-0.10539515309152109,-0.16226721808109495,0.03443352605573621,0.03443352605573621,0.03443352605573621,0.03443352605573621,True,0.07566647645593672,0.07566647645593672,0.07566647645593672,0.0,0.0,0.0,0.0,True,,,,0.07872787935920378,0.07872787935920378,0.07872787935920378,0.07872787935920378,True,0.048658902643209594,0.048658902643209594,0.048658902643209594,0.7353065315654462,0.235380894778954,0.3817669265324954,0.3335906392167186,-0.34906971031522804,0.26739505635567723,0.3335906392167186,0.42151124802340356,True,0.6026988859246599,0.6263461396869775,0.7010066615123605,Csf3r,CSF3R,T774A,T773A,targeting guide,Missense,11311,0.450888515604279,0.6100256387587304,0.0,10.370435858898418,27020,68.84529977794227,96.09918578830496,4.071058475203553,22.95336787564767,100540,74.4549433061468,94.25004973145018,1.3885020887209072,19.749353491147804,164531,70.19285119521548,98.09154505837806,1.174246798475667,27.837915043365687,92285,80.70542341658992,97.57598743024327,1.374004442758845,15.58108034891911,0.41975802419758035,0.5803419658034197,0.9926353276622026,0.9879119614920229,0.41975802419758024,0.5803419658034197,0.9926353276622023,0.9879119614920229,0.9879119614920229,0.9879119614920229,0.6573266690239722,0.43888073912710274,0.9999999956433565,0.999999193896047,0.6267485907360013,0.37355078022674826,1.0,0.9447970845319791,0.999999193896047,0.9447970845319791,0.06332899673075107,0.9841454653818317,0.24052225020972126,0.9999999999973488,0.02770632380029095,0.9723611668605433,0.14468857984596384,1.0,0.24052225020972126,0.14468857984596384,0.18617305539336254,0.6411046507560604,0.7300576506065981,0.9840937019657632,0.22432559356711157,0.7760234838949875,0.7891586160513889,1.0,0.7300576506065981,0.7891586160513889
gRNA_2401,Ctcf,-0.18861405984438123,-3.446492577652566,-1.708536871273124,0.08397427957267893,-0.5018282250265714,-1.1522994908447928,-0.5018282250265714,-1.4613679334491607,True,-0.5221899942803225,-0.07075615667311327,-0.16909116430320995,1440.4579002861876,0.3518373429917299,0.09077029196466593,0.6479831396067081,0.667865794207303,-0.3219500054381571,0.28730131266645,0.3518373429917299,0.43961414219260175,True,0.7420820679314755,0.7948732446072793,0.8640511456545577,0.14013846246378578,0.14013846246378578,0.14013846246378578,0.14013846246378578,True,0.47207400470904437,0.47207400470904437,0.47207400470904437,0.0,0.0,0.0,0.0,True,,,,0.31333290334209624,0.31333290334209624,0.31333290334209624,0.31333290334209624,True,0.5534546110948911,0.5534546110948911,0.5534546110948911,0.381564464785608,-0.8678955890533273,-1.0165928042789585,-0.5327536206920181,-1.8065035610107487,-0.7684362220498889,-0.8678955890533273,-1.0559363937587631,True,-0.7630190413476863,-0.8829352377733011,-0.6826560068928144,Ctcf,CTCF,T374A,T374A,targeting guide,Missense,6827,0.0878863336751135,0.175772667350227,0.0146477222791855,16.273619452175186,9250,38.0,73.80540540540541,0.0,53.63243243243243,37476,36.25787170455758,74.14878855801047,0.2401536983669548,54.14932223289573,21454,48.96988906497623,76.1303253472546,0.0,27.01127994779528,13601,48.65083449746342,63.789427247996464,0.0220572016763473,35.51209469891919,0.22987701229877006,0.7702229777022298,0.9114056336301855,0.9879119614920229,0.2298770122987701,0.7702229777022298,0.9114056336301855,0.9879119614920229,0.9114056336301855,0.9114056336301855,0.13398900396015873,0.9557760040803721,0.6793224856949936,0.999999193896047,0.07028620027510989,0.9298314570404369,0.40433307889538533,1.0,0.6793224856949936,0.40433307889538533,0.8496669101125884,0.11927958532047114,0.9921576341687368,0.9999999999973488,0.8977478006737843,0.10245045125712199,0.9874349826518847,1.0,0.9921576341687368,0.9874349826518847,0.828836970842507,0.3169962524297695,0.9917363304007057,0.9840937019657632,0.7700981889812766,0.2301422441436663,0.9668242831730418,1.0,0.9840937019657632,0.9668242831730418
gRNA_2474,Ctnnb1,-0.4955031573796009,-3.4046579945879807,2.16192929347948,0.6321377211778414,-1.5763144267003297,-0.536481712802118,-0.4955031573796009,,False,0.13920111487000786,-0.06395899130041849,,918.4515740322338,0.17003921761363555,-0.5845742588117738,-1.054457465270234,0.4841886463453632,-0.10956193255674194,-0.21887315853595024,-0.10956193255674194,,False,-0.009171078481335186,0.14194184096862533,,0.2928400778404512,0.2928400778404512,0.2928400778404512,0.2928400778404512,True,1.0447253109645114,1.0447253109645114,1.0447253109645114,0.0,0.0,0.0,0.0,True,,,,0.3852746072391845,0.3852746072391845,0.3852746072391845,0.3852746072391845,True,0.7082503727943507,0.7082503727943507,0.7082503727943507,-0.16402518459001467,-0.8008196839116414,-1.3187243063136764,0.4870270479348928,-0.7814305235147472,-0.5155945300790373,-0.7814305235147472,-0.7662499245825198,True,-0.42965352257517564,-0.7743196663687404,-0.4113581675610758,Ctnnb1,CTNNB1,S45P,S45P,targeting guide,Missense,1269,0.0,1.4184397163120568,4.334121355397951,12.76595744680851,4271,2.6925778506204634,97.84593771950362,0.0,92.69491922266448,10799,5.44494860635244,99.2591906658024,0.0185202333549402,93.24937494212428,34511,0.0260786415925357,99.6725681666715,0.0115905073744603,98.39761235548086,35699,3.879660494691728,98.8739180369198,0.0028011989131348,92.04179388778395,0.07169283071692831,0.9284071592840716,0.7553426475534262,0.9879119614920229,0.07169283071692836,0.9284071592840716,0.7553426475534257,0.9879119614920229,0.7553426475534262,0.7553426475534257,0.6020628801287324,0.49214963491488484,0.9999999956433565,0.999999193896047,0.5586184282522924,0.4416916406702938,1.0,0.9880092647090372,0.999999193896047,0.9880092647090372,0.6860609447388787,0.2823899681123671,0.902715496508009,0.9999999999973488,0.7345072609667319,0.26579653379945334,0.905490918437676,1.0,0.902715496508009,0.905490918437676,0.16058014147856028,0.45664975455529544,0.7288304637399825,0.9840937019657632,0.32855675870091755,0.6721919426986602,0.8639456274350743,1.0,0.7288304637399825,0.8639456274350743
gRNA_2569,Daxx,-0.778761817016682,0.8433401041869404,-1.6796638964664357,-0.6036340307282148,-2.733397946606986,-0.9904235173262755,-0.778761817016682,-1.4488644227045797,True,-0.34833445862090484,-0.36835983889028917,-0.1601159396724295,1221.5092634432897,0.45654593354745476,0.7043105206539062,-0.046625460242685685,0.8741980016824824,-0.12361567808414686,0.37296266351140217,0.45654593354745476,,False,0.8692187826602384,0.9430475713296285,,0.34309254385923293,0.34309254385923293,0.34309254385923293,0.34309254385923293,True,1.2331787221300055,1.2331787221300055,1.2331787221300055,0.0,0.0,0.0,0.0,True,,,,0.4815118095524014,0.4815118095524014,0.4815118095524014,0.4815118095524014,True,0.9153223523127885,0.9153223523127885,0.9153223523127885,0.16058536861085917,0.6419031876990187,-0.40301039396822286,0.7894793170435872,0.07405670554065126,0.2526028369851787,0.16058536861085917,0.4165061447235291,True,0.5831957104562269,0.40902060820430464,0.6963192706419848,Daxx,DAXX,N274S,N268S,targeting guide,Missense,1897,0.0527148128624143,2.2667369530838166,0.0,45.12387981022667,28882,0.0,93.57385222630012,0.0415483692265078,99.68146250259676,152610,0.0098289758207194,92.49983618373632,0.0314527226263023,98.38411637507372,76952,0.0064975569185986,98.154693835118,0.0,99.81416987212808,100439,0.0019912583757305,92.57260625852508,0.0,99.55993189896355,0.04679532046795319,0.9533046695330467,0.7553426475534262,0.9879119614920229,0.0467953204679532,0.9533046695330467,0.7553426475534257,0.9879119614920229,0.7553426475534262,0.7553426475534257,0.07000792154259151,0.9746277318788837,0.4999091099301736,0.999999193896047,0.035864562014908334,0.9642222337973263,0.2640027924515385,1.0,0.4999091099301736,0.2640027924515385,0.05215167272670589,0.9751210731256866,0.22846771871176585,0.9999999999973488,0.028407634651667856,0.9716739975328715,0.14631877574009747,1.0,0.22846771871176585,0.14631877574009747,0.7299570245180377,0.31775719427710386,0.9866557117120665,0.9840937019657632,0.7366305223302124,0.2636452465504152,0.9641177804211494,1.0,0.9840937019657632,0.9641177804211494
gRNA_2658,Dis3,1.2181938326151833,-3.541068501704659,-0.06835233665296817,0.24453919657869722,-0.5993196528512272,-0.5492014924029947,-0.06835233665296817,,False,0.12554001342355273,0.3950740071769718,,2000.060250037656,0.5580382580278589,-0.37382953508195177,-0.06357563622067539,0.06566915327553347,0.08254350563865981,0.053769149127884996,0.06566915327553347,,False,0.39547870757198905,0.3899133591241049,,-0.03871001365947234,-0.03871001365947234,-0.03871001365947234,-0.03871001365947234,True,-0.19863149648131254,-0.19863149648131254,-0.19863149648131254,0.0,0.0,0.0,0.0,True,,,,0.11949518631937878,0.11949518631937878,0.11949518631937878,0.11949518631937878,True,0.13637723556403125,0.13637723556403125,0.13637723556403125,-0.004104761172214317,-0.5483720798686426,0.1540550458906358,0.6233054524417884,-0.23529264295219404,-0.0020817971321253625,-0.004104761172214317,,False,0.24740031803459242,0.2021403792973096,,Dis3,DIS3,M749T,M749T,targeting guide,Missense,6190,0.0969305331179321,0.1292407108239095,0.0969305331179321,12.132471728594506,16404,31.88856376493538,38.557668861253354,4.352596927578639,24.04291636186296,72400,39.57872928176795,53.267955801104975,1.43232044198895,25.719613259668503,56621,39.31050317020187,46.81478603345048,0.0,21.124671058441212,63188,36.96113186047984,43.60479837943914,0.0,30.877698297145027,0.5764423557644234,0.4236576342365763,0.9981029294330835,0.9727487021412807,0.5764423557644236,0.4236576342365763,0.998102929433084,0.9727487021412802,0.9727487021412807,0.9727487021412802,0.40566498143422,0.8528261247776566,0.9999999956433565,0.999999193896047,0.2568603700207708,0.7433596399539791,0.7429192240600754,1.0,0.999999193896047,0.7429192240600754,0.25269555096731633,0.8906695053031288,0.5308018277302287,0.9999999999973488,0.16353717742589635,0.8366666866063563,0.4018508335893339,1.0,0.5308018277302287,0.4018508335893339,0.3366351353805843,0.5860041123209023,0.8749945536019875,0.9840937019657632,0.35395476081439164,0.6464207066031518,0.8639456274350743,1.0,0.8749945536019875,0.8639456274350743
gRNA_2703,Dnmt3a,-1.3897789609687223,-2.0923929501275538,-2.861055361148501,-1.1832707871499533,0.8386482212433686,-1.3375699676302724,-1.3897789609687223,-1.8816245148486825,True,-0.721171333408644,-1.0249827882089222,-0.47075821587584976,1720.0180750112968,-0.12613422760565401,-0.19133381047056583,-0.43177919870725734,0.48252807826360977,0.8661426378161307,0.11988469585925265,-0.12613422760565401,,False,0.49360596474233775,0.11849019628423024,,-0.12625281926134546,-0.12625281926134546,-0.12625281926134546,-0.12625281926134546,True,-0.5269286258700415,-0.5269286258700415,-0.5269286258700415,0.0,0.0,0.0,0.0,True,,,,-0.19488773769198173,-0.19488773769198173,-0.19488773769198173,-0.19488773769198173,True,-0.5400752468133212,-0.5400752468133212,-0.5400752468133212,-0.7002065154873307,-1.4323015500333176,-0.6943550896206737,0.13523429843265306,0.542722102829756,-0.42978135077578267,-0.6943550896206737,,False,-0.3165109675916174,-0.6649373632525198,,Dnmt3a,DNMT3A,Non-coding,,targeting guide,Intron,1771,0.0,1.2422360248447204,14.963297571993223,12.027103331451157,14896,0.4900644468313641,82.78732545649838,0.0,98.67749731471535,68532,0.428996673087025,93.66865114107276,0.0525302048677989,99.3842292651608,41866,1.2229494100224525,90.57230210672144,0.0023885730664501,95.07237376391345,66177,0.4231077262493011,92.97490064523927,0.0302219804463786,98.55387823564078,0.7781221877812219,0.221977802219778,0.9985561443855614,0.878564775101437,0.7781221877812219,0.2219778022197781,0.9985561443855614,0.8785647751014374,0.878564775101437,0.8785647751014374,0.215101025951741,0.8405648356730049,0.8410492477365105,0.999999193896047,0.1749706298567686,0.8252827158386815,0.6206217999293492,1.0,0.8410492477365105,0.6206217999293492,0.5369378255524172,0.3577596635016832,0.7968152565682234,0.9999999999973488,0.6107584464163096,0.38961640296888,0.8464844150889458,1.0,0.7968152565682234,0.8464844150889458,0.8144975780959764,0.17861048730860882,0.990347575626862,0.9840937019657632,0.857792234777297,0.1424160542019895,0.9867522365958622,1.0,0.9840937019657632,0.9867522365958622
gRNA_2747,Dnmt3a,1.1075662354778306,-0.9354193478972891,0.1129658809564019,0.6479293722122718,0.5843146258339457,0.30347135331663216,0.5843146258339457,0.6131940286201124,True,1.0413145481655361,1.0964554824316646,1.3200633620056559,1320.4398252748908,-0.4515116880976854,-0.09438427658938293,0.42133392843930717,-0.3447605930895521,-1.222672607891711,-0.33839904744580485,-0.3447605930895521,-0.5283322914170828,True,-0.18656880442356472,-0.19089047952661128,-0.22802844922658283,0.04484405353039632,0.04484405353039632,0.04484405353039632,0.04484405353039632,True,0.11470733494631481,0.11470733494631481,0.11470733494631481,0.0,0.0,0.0,0.0,True,,,,0.21736546575197438,0.21736546575197438,0.21736546575197438,0.21736546575197438,True,0.34696307982175584,0.34696307982175584,0.34696307982175584,-0.3289832272463962,0.05894573486794267,-0.35871087590272216,1.1598441803868602,-1.1083986318513805,-0.1154605639491392,-0.3289832272463962,,False,0.09791321753655177,-0.20596502153581292,,Dnmt3a,DNMT3A,Non-coding,,targeting guide,Intron,2873,0.1392272885485555,0.2436477549599721,1.0093978419770275,11.242603550295858,14829,13.129678332996155,64.17155573538336,0.0067435430575224,75.97275608604761,39158,18.8697073394964,60.62873486899228,0.0051075131518463,70.21553705500791,75509,22.413222264895573,41.53677045120449,0.0013243454422651,73.31179064747249,64233,19.547584574906978,60.647953544128406,0.0,71.61272243239456,0.3878612138786122,0.6122387761223876,0.9743077979783722,0.9879119614920229,0.38786121387861217,0.6122387761223878,0.9743077979783722,0.9879119614920229,0.9743077979783722,0.9743077979783722,0.752873779681883,0.3563397374972631,0.9999999956433565,0.999999193896047,0.7141375739701752,0.2861389785910867,1.0,0.8189851642573208,0.999999193896047,0.8189851642573208,0.18389383611722374,0.647000265808495,0.44040816802596255,0.9999999999973488,0.26003022330376135,0.7405706796078603,0.5145861261169171,1.0,0.44040816802596255,0.5145861261169171,0.11977810865748875,0.9477272912561366,0.7124107290566989,0.9997934568416044,0.06714572840536936,0.9329732876959035,0.7425527611887905,1.0,0.7124107290566989,0.7425527611887905
gRNA_2775,Dnmt3a,0.6852193905372446,-1.9544174509457957,0.8705672119136073,0.5240656359800091,-0.3635486821711691,-0.04762277893722076,0.5240656359800091,,False,0.6642378449147623,1.03170955868314,,1643.0185268865794,-0.4987994720611003,0.5803318117440374,0.5576245942096332,-0.16927432686539187,0.16548809022676136,0.12707413945078794,0.16548809022676136,,False,0.5042763806293108,0.5311682809828555,,0.23605807650916705,0.23605807650916705,0.23605807650916705,0.23605807650916705,True,0.8317852765454099,0.8317852765454099,0.8317852765454099,0.0,0.0,0.0,0.0,True,,,,0.44016185806888125,0.44016185806888125,0.44016185806888125,0.44016185806888125,True,0.8263503529105577,0.8263503529105577,0.8263503529105577,0.18378835657265322,-0.32368284591754326,-0.6500822409916254,1.0102916035799678,-1.4170310627533051,-0.2393432379019705,-0.32368284591754326,,False,-0.06542302478685584,-0.1993067955446633,,Dnmt3a,DNMT3A,M797V,M801V,targeting guide,Missense,4734,0.042247570764681,1.6265314744402195,0.4647232784114913,4.393747359526827,32900,4.310030395136779,99.07598784194528,0.0729483282674772,94.4741641337386,204146,2.5976507009689143,98.80232774582896,0.1234410666875667,96.14589558453264,132846,7.449979675714738,89.11220510967587,0.0037637565301175,80.2432892221068,115404,2.028525874319781,98.35014384250113,0.0,97.06769262763856,0.1245875412458754,0.8755124487551245,0.8143830778212503,0.9879119614920229,0.1245875412458754,0.8755124487551245,0.8143830778212504,0.9879119614920229,0.8143830778212503,0.8143830778212504,0.25773788650586754,0.8640863400501236,0.9096829967810744,0.999999193896047,0.17661311859691586,0.8235939169652932,0.6206217999293492,1.0,0.9096829967810744,0.6206217999293492,0.22944166571392283,0.4903705462085314,0.4958049787841091,0.9999999999973488,0.36206956928293255,0.6385429533989411,0.6421611228791634,1.0,0.4958049787841091,0.6421611228791634,0.19831121673798635,0.8345227332113271,0.7374561910804621,0.9859690125412363,0.15358081240722887,0.846628958895765,0.7803565603394331,1.0,0.7374561910804621,0.7803565603394331
gRNA_2810,Dnmt3a,-0.641475606215309,0.6068810298723372,0.5130517546305845,0.18679327865468182,0.5603427989007835,0.24511865116861564,0.5130517546305845,0.46676721551459677,True,0.978643479268722,1.0198736104995445,1.2149557993028457,1768.3386052116282,0.12060640779565818,1.1741555716198715,0.01662596954352174,0.63365071670317,-0.5667428763030591,0.2756591578718325,0.12060640779565818,0.48625966641555535,True,0.7248030348745435,0.46765569771629173,0.9166786707196098,-0.08057728654374753,-0.08057728654374753,-0.08057728654374753,-0.08057728654374753,True,-0.35563932149609623,-0.35563932149609623,-0.35563932149609623,0.0,0.0,0.0,0.0,True,,,,0.47797875984284643,0.47797875984284643,0.47797875984284643,0.47797875984284643,True,0.9077203483111186,0.9077203483111186,0.9077203483111186,0.11167109971064759,0.6568461471257934,0.046479689164717154,0.9058713725468587,0.12315624130584003,0.36880490997077137,0.12315624130584003,0.36880490997077137,True,0.7364052703248147,0.36200293668476186,0.6516460004037196,Dnmt3a,DNMT3A,K822R,K826R,targeting guide,Missense,4297,0.0,0.4421689550849429,0.0,15.289737025831975,28194,0.2660140455416046,98.15208909697098,0.1737958430871816,98.95367808753636,156360,7.073420312100281,98.54118700434894,0.0121514453824507,91.95894090560246,77513,0.0064505308786913,99.01693909408743,0.8734018809748043,99.02338962496611,88613,0.4152889530881473,99.20666267929084,0.0045140103596537,98.68755148793068,0.6764323567643237,0.32366763323667636,0.9985561443855614,0.9546052913505642,0.6764323567643236,0.32366763323667636,0.9985561443855614,0.9546052913505642,0.9546052913505642,0.9546052913505642,0.07726098885535278,0.895608578300442,0.5065222704941583,0.999999193896047,0.07220211153079427,0.9280180623402563,0.40433307889538533,1.0,0.5065222704941583,0.40433307889538533,0.02578083045617541,0.9945608429967923,0.14913218848495313,0.9999999999973488,0.01026226568667511,0.9897789278724358,0.07097917497642349,1.0,0.14913218848495313,0.07097917497642349,0.18013175565007192,0.9590214088942945,0.7300576506065981,0.9997934568416044,0.08584403395405976,0.9142755638430011,0.7483434114870964,1.0,0.7300576506065981,0.7483434114870964
gRNA_3011,Egfr,-0.6469172689607551,-0.9929688054170052,0.37926324667969796,-0.12693255507034049,0.5997122537601474,-0.15756862580165104,-0.12693255507034049,,False,0.5461555027075214,0.33212141056052746,,2840.5482753426722,-0.20528938514989511,-0.35895240781849985,-0.019724913992078166,0.11678514654936459,0.004654541328696348,-0.09250540381648245,-0.019724913992078166,,False,0.1783811959599451,0.26907123570035923,,-0.08238903475378158,-0.08238903475378158,-0.08238903475378158,-0.08238903475378158,True,-0.3624336175257933,-0.3624336175257933,-0.3624336175257933,0.0,0.0,0.0,0.0,True,,,,-0.09042899314274915,-0.09042899314274915,-0.09042899314274915,-0.09042899314274915,True,-0.31531311229676356,-0.31531311229676356,-0.31531311229676356,-0.07357712703232663,0.10100191183147159,0.10572354419768284,1.179941799522805,1.0098974911221434,0.4645975239283553,0.10572354419768284,0.5991411866685257,True,0.8627054631356833,0.3401043543413497,0.8673610607774918,Egfr,EGFR,E245G,E245G,targeting guide,Missense,14754,0.0745560525959062,0.4744476074284939,1.7825674393384845,42.747729429307306,32195,1.1057617642491069,75.87824196303774,0.0528032303152663,97.09892840503184,146476,0.5837133728392364,85.39078074223764,0.0177503481799066,98.63458860154564,149370,4.587935997857668,91.51569927026846,0.0140590480016067,92.8024369016536,109704,1.9370305549478597,79.41004885874717,0.1750164077882301,94.43411361481806,0.6911308869113089,0.30896910308969106,0.9985561443855614,0.9522326455879003,0.6911308869113089,0.30896910308969106,0.9985561443855614,0.9522326455879003,0.9522326455879003,0.9522326455879003,0.6689367248780312,0.7492258979653517,0.9999999956433565,0.999999193896047,0.4531824634771766,0.5470480906883376,0.9311289959968219,1.0,0.999999193896047,0.9311289959968219,0.008384646992262525,0.993391227781287,0.0734333395582466,0.9999999999973488,0.004749951235187283,0.9952874636798238,0.04934284215727818,1.0,0.0734333395582466,0.04934284215727818,0.4289776482071454,0.8039022283546038,0.8881553689271336,0.9859690125412363,0.2959939886315157,0.704243672317187,0.8499502739874883,1.0,0.8881553689271336,0.8499502739874883
gRNA_3012,Egfr,-0.08381075083204916,-2.093566990822221,0.06533786477272027,-0.0737016865306945,-0.7813944502074686,-0.5934272027239427,-0.08381075083204916,-0.7581184695981082,True,0.07804139833792907,0.37846178997402236,0.3357128094346969,1921.7352010845007,-1.1400486386125013,-2.5302930890521655,-0.06053019029426294,-1.0647556340589441,-0.770696701915509,-1.1132648507866765,-1.0647556340589441,-1.1132648507866765,True,-1.3366077849053597,-1.2097637149780365,-0.8879750023503291,-0.06958628150629144,-0.06958628150629144,-0.06958628150629144,-0.06958628150629144,True,-0.31442159517254453,-0.31442159517254453,-0.31442159517254453,0.0,0.0,0.0,0.0,True,,,,-0.22235468417344018,-0.22235468417344018,-0.22235468417344018,-0.22235468417344018,True,-0.5991754164206152,-0.5991754164206152,-0.5991754164206152,-1.4760095587019368,-0.43521269389586026,-0.5160491600239632,0.6539817256975122,0.4484923401327298,-0.2649594693583036,-0.43521269389586026,,False,-0.09919739254192393,-0.33940821212687317,,Egfr,EGFR,E245G,E245G,targeting guide,Missense,7143,0.0,0.503989920201596,0.0,42.97914041719166,24937,0.3488791755223162,72.59092914143642,0.0080202109315474,93.96880137947628,42048,0.4138127853881278,77.53757610350075,2.951388888888889,92.0400494672755,96710,0.5304518664047151,83.21683383310929,0.011374211560335,97.05511322510598,80939,0.3928884715650057,74.77730142452958,0.018532475073821,97.29302314088388,0.6624337566243376,0.33766623337666235,0.9985561443855614,0.9546052913505642,0.6624337566243376,0.33766623337666235,0.9985561443855614,0.9546052913505642,0.9546052913505642,0.9546052913505642,0.9910656609532515,0.02385659078038423,0.9999999956433565,0.34685061427176916,0.989577211656218,0.010463703617114678,1.0,0.15737410240140476,0.34685061427176916,0.15737410240140476,0.30093445838163196,0.4878253792554471,0.5773028385280287,0.9999999999973488,0.3896259945762098,0.6108073771651218,0.6681187197999008,1.0,0.5773028385280287,0.6681187197999008,0.6890353805580085,0.5910344129160952,0.9813534207947394,0.9840937019657632,0.5493152022796822,0.4509469354665382,0.9197840034090436,1.0,0.9813534207947394,0.9197840034090436
gRNA_3031,Eif1ad19,-0.8158318199670439,1.7393454108215445,0.20965784577447805,-1.406438749345266,0.5493803463077946,0.05522260671830148,0.20965784577447805,,False,0.7746942593201706,0.6938346356356219,,2170.447356529598,-0.5744266337359035,-1.5600327211588243,-0.050116392956204,-1.4634140284642705,0.04705669545896621,-0.7201866161712471,-0.5744266337359035,-0.9119974440788006,True,-0.7532096142316071,-0.5158935262026152,-0.6608962918470709,-0.35662990367117325,-0.35662990367117325,-0.35662990367117325,-0.35662990367117325,True,-1.39087324094956,-1.39087324094956,-1.39087324094956,0.0,0.0,0.0,0.0,True,,,,0.2770101817786868,0.2770101817786868,0.2770101817786868,0.2770101817786868,True,0.4752996182767004,0.4752996182767004,0.4752996182767004,-0.6381529728568468,0.32081119288584997,0.8140358575897053,0.10785051508527357,-0.25797111668849537,0.06931469520309734,0.10785051508527357,,False,0.34153482773646926,0.342776209811273,,Eif1ad19,EIF1AX,K7R,K7R,targeting guide,Missense,11097,0.0,0.1712174461566189,0.2703433360367667,3.7757952599801743,14956,0.0066862797539449,91.30115004011768,1.4442364268520995,92.41775875902648,69283,0.0014433555128963,92.00669716957984,0.359395522711199,94.84144739690834,72988,0.0,93.43316709596098,0.0,97.12007453279992,82941,0.001205676324134,90.09416332091487,0.0060283816206701,97.33424964733967,0.9819018098190181,0.018198180181981806,0.9985561443855614,0.570779285707793,0.9819018098190181,0.018198180181981792,0.9985561443855614,0.5707792857077933,0.570779285707793,0.5707792857077933,0.9347945665635283,0.09345070707717755,0.9999999956433565,0.6249624472354908,0.9357520247509755,0.06438866466476446,1.0,0.365628012910076,0.6249624472354908,0.365628012910076,0.14224113877138425,0.8997444420796156,0.38201905841457484,0.9999999999973488,0.10566451809545663,0.8945355443851177,0.31729804532185096,1.0,0.38201905841457484,0.31729804532185096,0.16161469703637418,0.7960726728684797,0.7288304637399825,0.9859690125412363,0.16193024606976764,0.8383663463241577,0.7810433852521655,1.0,0.7288304637399825,0.7810433852521655
gRNA_3084,Ep300,0.3439203349819718,-2.538990079244928,-0.848771442009089,0.11730858775255153,-2.318673353901201,-1.049041190484139,-0.848771442009089,,False,-0.411290107593748,-0.4435949233690547,,563.3378520861575,-0.04592442518554606,-0.8575666453436183,-0.7186238194132082,-0.9041786008776984,0.5868174602060588,-0.38789520612280237,-0.7186238194132082,-0.6315733727050177,True,-0.26002992713311673,-0.719948616521315,-0.3445095625538552,0.2752860880994963,0.2752860880994963,0.2752860880994963,0.2752860880994963,True,0.9788955217356478,0.9788955217356478,0.9788955217356478,0.0,0.0,0.0,0.0,True,,,,0.09841449413303702,0.09841449413303702,0.09841449413303702,0.09841449413303702,True,0.09101826257105648,0.09101826257105648,0.09101826257105648,-1.211814220849511,0.3144539056938416,0.6519900729621371,1.5219036185046086,-0.5738627292886208,0.1405341294044911,0.3144539056938416,,False,0.4354358906670614,0.6023069831391036,,Ep300,EP300,H350R,H349R,targeting guide,Missense,66,0.0,39.39393939393939,3.0303030303030303,53.03030303030303,6124,0.0,98.0078380143697,0.0979751796211626,99.78772044415416,13604,0.0,98.26521611290798,0.0367538959129667,98.27991767127315,40607,0.0147757775752949,99.65276922698058,0.0,99.7463491516241,19078,1.1164692315756368,99.92661704581192,0.0,98.83111437257574,0.0830916908309169,0.917008299170083,0.7553426475534262,0.9879119614920229,0.08309169083091683,0.917008299170083,0.7553426475534257,0.9879119614920229,0.7553426475534262,0.7553426475534257,0.7320012595097855,0.2910010874675504,0.9999999956433565,0.9946946262527177,0.7515876532121395,0.24868277924061272,1.0,0.7852654649618649,0.9946946262527177,0.7852654649618649,0.021248533738131972,0.7114676591861891,0.13480769582172442,0.9999999999973488,0.06299392910927987,0.9375856299459466,0.2277472821643195,1.0,0.13480769582172442,0.2277472821643195,0.7627236890186339,0.3381455983785509,0.9866557117120665,0.9840937019657632,0.7295659263801675,0.27069478176572853,0.9641177804211494,1.0,0.9840937019657632,0.9641177804211494
gRNA_3086,Ep300,1.9534641776150383,-3.2822591439919218,1.13507794364983,1.1384946989106,0.5291088002526003,0.29477729528722935,1.13507794364983,1.189036405107017,True,1.031977090092532,1.688327310743519,1.7334124434332339,1106.793191745745,0.7516791895180586,-0.04331711020760551,0.6146067599436621,-0.2698795440955484,0.5766589049229859,0.3259496400163105,0.5766589049229859,,False,0.7994430752067024,1.1130208139234956,,0.07146142680231976,0.07146142680231976,0.07146142680231976,0.07146142680231976,True,0.21452601424226117,0.21452601424226117,0.21452601424226117,0.0,0.0,0.0,0.0,True,,,,0.008146920904074947,0.008146920904074947,0.008146920904074947,0.008146920904074947,True,-0.1032089658349759,-0.1032089658349759,-0.1032089658349759,0.44833842227222126,0.009774945342735113,0.5120978167362283,0.38737722526994495,-1.0193336712357162,0.06765094767708271,0.38737722526994495,0.3393971024052824,True,0.3393412177633946,0.6939117020523361,0.624104932729113,Ep300,EP300,H350R,H349R,targeting guide,Missense,577,0.0,2.079722703639515,0.0,24.090121317157713,14062,0.2702318304650832,96.89233394965154,0.1066704593941118,99.39553406343336,47734,0.1822600243013365,88.23899107554364,0.0104747140403067,99.49930866887334,82484,4.155957519033994,89.40764269434072,0.362494544396489,94.80626545754328,61999,0.6145260407425925,85.69493056339618,0.062904240390974,98.53062146163649,0.30996900309969,0.6901309869013099,0.9177035052400272,0.9879119614920229,0.30996900309969005,0.6901309869013099,0.9177035052400273,0.9879119614920229,0.9177035052400272,0.9177035052400273,0.09780085023123666,0.9612247696916217,0.5657403028760767,0.999999193896047,0.05265846491269285,0.9474448669427477,0.3299930467862085,1.0,0.5657403028760767,0.3299930467862085,0.11853289912690168,0.877684728041327,0.34771135657724217,0.9999999999973488,0.08955001730733303,0.9106098532651772,0.2902655733410105,1.0,0.34771135657724217,0.2902655733410105,0.017562250248946816,0.8633018835100417,0.4402270729069335,0.9859690125412363,0.02226481298150056,0.9778368697339958,0.4894592331654323,1.0,0.4402270729069335,0.4894592331654323
gRNA_3107,Ep300,1.1467435566383735,-3.640808342418306,0.21929711741566438,-0.29645845649199076,-0.12416488356599355,-0.5390782016844505,-0.12416488356599355,,False,0.1364124739391781,0.33509565873656894,,1153.065220665763,-0.25180602637752936,-1.296982021280303,0.8234844648451682,-0.17625971266010376,-0.34410138219399294,-0.24913293553335217,-0.25180602637752936,-0.5172872856279823,True,-0.054081981682453394,-0.05934940667651348,-0.21556698955402762,0.3147631680152887,0.3147631680152887,0.3147631680152887,0.3147631680152887,True,1.1269398061734177,1.1269398061734177,1.1269398061734177,0.0,0.0,0.0,0.0,True,,,,0.4239658232525431,0.4239658232525431,0.4239658232525431,0.4239658232525431,True,0.7915016155287969,0.7915016155287969,0.7915016155287969,-0.6561271103351017,0.08889329372997426,-0.5595350145096963,1.37351967505305,-0.4305956990161605,-0.03676897101558686,-0.4305956990161605,,False,0.2016661369892231,-0.3336084416194794,,Ep300,EP300,Q2287R,Q2290R,targeting guide,Missense,4700,0.4042553191489361,0.7446808510638299,2.8085106382978724,7.085106382978723,15956,30.377287540737026,93.58861870142891,0.1190774630233141,65.14790674354475,66844,28.1266830231584,93.11381724612532,3.1551074142780204,63.16946921189635,66594,28.986094843379284,88.98999909901792,1.741898669549809,64.42322131122924,47944,42.79993325546471,92.64350075087602,0.093859502753212,50.8781077924245,0.051694830516948294,0.9484051594840516,0.7553426475534262,0.9879119614920229,0.05169483051694828,0.9484051594840516,0.7553426475534257,0.9879119614920229,0.7553426475534262,0.7553426475534257,0.5412064799529926,0.3942947093295592,0.9999999956433565,0.999999193896047,0.5953060740060879,0.4050860275696353,1.0,0.947072046781696,0.999999193896047,0.947072046781696,0.14648074351284007,0.7060848952541425,0.3872325788263485,0.9999999999973488,0.22051491353673974,0.7802280462844371,0.4821626391340823,1.0,0.3872325788263485,0.4821626391340823,0.331914299841313,0.6160155931256731,0.8749945536019875,0.9840937019657632,0.32929362994358913,0.6710630118265083,0.8639456274350743,1.0,0.8749945536019875,0.8639456274350743
gRNA_3522,Erbb3,-0.0639612141625355,-0.8935539789512843,2.382318863523842,2.810649931321339,0.9446475370281118,1.0360202277518946,0.9446475370281118,,False,1.8280753885386596,1.4836833388458766,,1042.3256514535321,1.2506030064571965,0.8217295715404159,0.09135023551712475,0.31356392508868364,0.19584558917026837,0.5346184655547378,0.31356392508868364,0.5346184655547378,True,1.1091448098114207,0.7407120922218989,0.9712391876439923,0.2952827307655315,0.2952827307655315,0.2952827307655315,0.2952827307655315,True,1.0538855833350795,1.0538855833350795,1.0538855833350795,0.0,0.0,0.0,0.0,True,,,,1.0312648034201695,1.0312648034201695,1.0312648034201695,1.0312648034201695,True,2.0982166795593753,2.0982166795593753,2.0982166795593753,0.8254111792839661,0.3588949507019926,0.929499463146856,0.8708200707957938,1.4617130872735524,0.8892677502404321,0.8708200707957938,0.8892677502404321,True,1.4226226555822743,1.301202294861839,1.139071058326302,Erbb3,ERBB3,Q807R,Q809R,targeting guide,Missense,2433,0.0411015207562679,0.6576243321002877,1.8906699547883272,44.512946979038226,19185,0.4951785248892363,92.3690383111806,0.0156372165754495,98.75423507948918,105702,0.1428544398403057,90.8005524966415,3.384041929197177,94.7720951353806,60702,1.1844749761128135,89.59507100260288,0.0939013541563704,98.21587427102897,68857,0.2962661748260888,90.66180635229534,2.2249008815370988,96.710574088328,0.07169283071692831,0.9284071592840716,0.7553426475534262,0.9879119614920229,0.07169283071692836,0.9284071592840716,0.7553426475534257,0.9879119614920229,0.7553426475534262,0.7553426475534257,0.020437697678666825,0.9931585915020579,0.23340132564334026,0.999999193896047,0.009379781496055879,0.9906676650637362,0.13564607086603886,1.0,0.23340132564334026,0.13564607086603886,9.499625124938975e-05,0.9999907031634427,0.004462016807559965,0.9999999999973488,1.6679513486406868e-05,0.9999837503899351,0.0010452495118148306,1.0,0.004462016807559965,0.0010452495118148306,0.0018800980084182901,0.9696410308343899,0.22330577663626702,0.9997934568416044,0.0028941027125078266,0.997164439408032,0.1554546599861347,1.0,0.22330577663626702,0.1554546599861347
gRNA_3523,Erbb3,0.10346671070585235,-1.5366596012423384,0.9600880617564885,-0.7598223623030236,-0.968577680311657,-0.4403009742789356,-0.7598223623030236,,False,0.24249966778436893,-0.348006759217053,,1553.4869709293569,-0.5421202365673182,-1.2991067505869114,-0.8916259294304368,-0.9982535259332641,-0.5318615599228775,-0.8525936004881617,-0.8916259294304368,-0.8525936004881617,True,-0.9497251819543794,-0.9647658854511861,-0.5938742716295685,-0.2642333571020247,-0.2642333571020247,-0.2642333571020247,-0.2642333571020247,True,-1.044373939316092,-1.044373939316092,-1.044373939316092,0.0,0.0,0.0,0.0,True,,,,-0.011873524760740174,-0.011873524760740174,-0.011873524760740174,-0.011873524760740174,True,-0.1462866241106388,-0.1462866241106388,-0.1462866241106388,-0.1758086004744861,0.13317137127519674,-0.47244031959917776,0.7040892136062871,-0.059744752898425915,0.025853382381878807,-0.059744752898425915,,False,0.28423216146238756,0.132246608250655,,Erbb3,ERBB3,Q807R,Q809R,targeting guide,Missense,5326,0.0563274502440856,0.244085617724371,0.4130679684566278,34.416072099136315,19286,2.136264647931142,98.1385460956134,0.0155553251062947,96.42746033392098,73878,2.2117545141990846,97.22515498524594,0.0257180757465009,95.174476840196,45544,4.973212717372212,98.92411733708065,0.0,94.04531881257684,97377,6.421434219579572,99.0798648551506,0.64183534099428,92.46742043809112,0.9623037696230377,0.0377962203779622,0.9985561443855614,0.5921407859214078,0.9623037696230377,0.03779622037796215,0.9985561443855614,0.5921407859214071,0.5921407859214078,0.5921407859214071,0.9961389782963769,0.05282809160636183,0.9999999956433565,0.4916270465385613,0.9838628142235777,0.01617649205926355,1.0,0.1820143214654083,0.4916270465385613,0.1820143214654083,0.2196184477842461,0.9064474243788374,0.48574433156986196,0.9999999999973488,0.14120185956330472,0.8589985809907825,0.3717623373161284,1.0,0.48574433156986196,0.3717623373161284,0.5357604922288556,0.5747382164895731,0.9483359320886435,0.9840937019657632,0.489800204764991,0.5105127609288539,0.9127546941314479,1.0,0.9483359320886435,0.9127546941314479
gRNA_3524,Erbb3,-0.34229273555690914,-3.2665779325377886,-0.5736524344186248,-0.15303416719538052,-0.5822090783452065,-0.9835532696107819,-0.5736524344186248,-0.9835532696107819,True,-0.34095578116354025,-0.14794126460388343,0.17389202077454255,2338.9064618165385,-0.5316314027734667,-0.5138476334619636,-0.3087505638319339,-0.5034286664725082,-0.5724985584907326,-0.486031365006121,-0.5138476334619636,-0.486031365006121,True,-0.4056814807621039,-0.4301674885254392,-0.18030268985196,-0.09181972570078507,-0.09181972570078507,-0.09181972570078507,-0.09181972570078507,True,-0.39779995910883337,-0.39779995910883337,-0.39779995910883337,0.0,0.0,0.0,0.0,True,,,,-0.29463999996406753,-0.29463999996406753,-0.29463999996406753,-0.29463999996406753,True,-0.7547105220875939,-0.7547105220875939,-0.7547105220875939,-1.1115792195102063,0.18419456849796514,-0.1438133377843798,0.5112244733479397,0.49743094109759606,-0.012508514870217036,0.18419456849796514,,False,0.23365294852144194,0.4386779816206044,,Erbb3,ERBB3,Q807R,Q809R,targeting guide,Missense,7545,0.145791915175613,0.2385685884691849,0.1192842942345924,36.76607024519549,15946,58.62912329110749,95.9989966135708,0.0689828170073999,40.317320958234035,75730,59.96566750297107,96.667106826885,0.0026409613099168,38.05493199524627,40991,55.4560757239394,91.52252933570784,0.0,42.45078187894904,47035,60.92484320187095,93.28159880939724,0.0361432975443818,36.815137663442115,0.7276272372762724,0.27247275272472754,0.9985561443855614,0.9229707659864644,0.7276272372762724,0.27247275272472754,0.9985561443855614,0.9229707659864644,0.9229707659864644,0.9229707659864644,0.9680345237152429,0.25552018714577746,0.9999999956433565,0.9205705495274386,0.8924056535890583,0.10771679616391788,1.0,0.4706591802323885,0.9205705495274386,0.4706591802323885,0.166741523804041,0.8109943320984182,0.40977001928313345,0.9999999999973488,0.14331807291154192,0.856903216379947,0.3717623373161284,1.0,0.40977001928313345,0.3717623373161284,0.8436487125909987,0.4017915686895423,0.9917363304007057,0.9840937019657632,0.7357297064176702,0.26450334103800877,0.9641177804211494,1.0,0.9840937019657632,0.9641177804211494
gRNA_3525,Erbb3,0.1508340044145592,-3.8088319130159807,0.378308930148922,-2.266625029631826,0.5577268673903947,-0.9977174281387862,0.1508340044145592,,False,-0.3561681521814628,0.6306202322652426,,1701.5815634884773,-0.40360671268088116,-1.1675778268962194,-1.5515412865971916,-1.5882286410288582,-0.49252853811878716,-1.0406966010643874,-1.1675778268962194,-1.0406966010643874,True,-1.2289035662314374,-1.3552685786660887,-0.8061003220930663,0.29273592789976016,0.29273592789976016,0.29273592789976016,0.29273592789976016,True,1.0443347348763932,1.0443347348763932,1.0443347348763932,0.0,0.0,0.0,0.0,True,,,,-0.0270733420165698,-0.0270733420165698,-0.0270733420165698,-0.0270733420165698,True,-0.1789918168202038,-0.1789918168202038,-0.1789918168202038,-0.522686891415568,-0.37141827080904327,-0.13742992341901752,0.7960701209004899,0.16731546740824188,-0.01362989946697939,-0.13742992341901752,,False,0.23217443065941828,0.03466015373059347,,Erbb3,ERBB3,Q807R,Q809R,targeting guide,Missense,4800,0.125,0.2708333333333333,1.3541666666666667,27.979166666666664,12546,47.337796907380834,76.91694564004463,6.137414315319624,35.46150167384027,27490,52.23353946889778,73.77228082939251,6.82066205893052,27.144416151327754,47024,46.38482477033005,70.2705001701259,0.0,37.15762164001361,42054,34.774337756218195,55.57378608455795,0.0,44.41908023018025,0.07169283071692831,0.9284071592840716,0.7553426475534262,0.9879119614920229,0.07169283071692836,0.9284071592840716,0.7553426475534257,0.9879119614920229,0.7553426475534262,0.7553426475534257,0.9969924854897905,0.02230594900890249,0.9999999956433565,0.34685061427176916,0.9927475503921562,0.007278515637232848,1.0,0.12439644907270686,0.34685061427176916,0.12439644907270686,0.22322354994903135,0.8589110140846263,0.4879770626792778,0.9999999999973488,0.1725436553689071,0.8277154794824453,0.4080277636396797,1.0,0.4879770626792778,0.4080277636396797,0.5093645103286842,0.36180230271613284,0.9483359320886435,0.9840937019657632,0.5680693041221845,0.432324393038123,0.9197840034090436,1.0,0.9483359320886435,0.9197840034090436
gRNA_3570,Erbb3,-0.7432595063936898,-0.05044623687142989,1.1056447607571178,-1.7699032337684109,-0.5708510394281279,-0.40576305114090816,-0.5708510394281279,-0.7836150041154146,True,0.2795935551427587,-0.14493077584906885,0.3174109797107172,2509.8960686850432,0.10696486687314379,-0.788427905440028,-0.20587494664111433,-0.277028719059552,0.0626735764546938,-0.22033862556257136,-0.20587494664111433,,False,-0.011346092784403662,0.005648190745561017,,-0.08877515946694256,-0.08877515946694256,-0.08877515946694256,-0.08877515946694256,True,-0.38638243201528816,-0.38638243201528816,-0.38638243201528816,0.0,0.0,0.0,0.0,True,,,,0.1262508045160993,0.1262508045160993,0.1262508045160993,0.1262508045160993,True,0.15091318631115286,0.15091318631115286,0.15091318631115286,-0.5203845329234712,0.5716592225280339,0.282011209277025,1.0221150706195872,0.19875248114978464,0.31083069013019193,0.282011209277025,0.5186344958936077,True,0.659967695010636,0.5615531597623673,0.7919647493063627,Erbb3,ERBB3,K329E,K329E,targeting guide,Missense,11680,0.0,0.136986301369863,0.0,20.034246575342465,30176,0.0,58.91105514316013,0.2750530222693531,95.7283934252386,137312,0.0,70.13152528548125,0.0284024702866464,96.72133535306456,98255,0.0,78.2016182382576,0.0,97.31107831662511,92770,0.0021558693543171,67.01304300959362,0.0,98.96626064460494,0.7168283171682832,0.2832716728327167,0.9985561443855614,0.9342995525008901,0.7168283171682832,0.2832716728327167,0.9985561443855614,0.9342995525008901,0.9342995525008901,0.9342995525008901,0.7586155524738003,0.5690538032690404,0.9999999956433565,0.999999193896047,0.6036300106660213,0.3966142362905438,1.0,0.947072046781696,0.999999193896047,0.947072046781696,0.02820194642780307,0.9748144144666254,0.15734784221591522,0.9999999999973488,0.017752922818227705,0.9823239120295119,0.11027704025780626,1.0,0.15734784221591522,0.11027704025780626,0.4921175515296894,0.6076610278452883,0.9483359320886435,0.9840937019657632,0.4488076269979131,0.5515155395219254,0.9060547637436381,1.0,0.9483359320886435,0.9060547637436381
gRNA_3579,Erbb3,-0.5727326652071961,-5.586654626066381,-0.49277292406778284,-0.7553558332610552,-2.1193379634279883,-1.9053708024060807,-0.7553558332610552,-1.9053708024060807,True,-1.3309920259558337,-0.3432068522066126,-0.48780368968944443,1014.972134357584,-0.5169202358560968,0.045310410653943235,-2.612573681335893,0.3802460217195178,0.7418683303705953,-0.3924138308895867,0.045310410653943235,,False,-0.26673637178142495,0.36110346907728685,,-0.056969240900364274,-0.056969240900364274,-0.056969240900364274,-0.056969240900364274,True,-0.26710601985108956,-0.26710601985108956,-0.26710601985108956,0.0,0.0,0.0,0.0,True,,,,0.015326174475961903,0.015326174475961903,0.015326174475961903,0.015326174475961903,True,-0.08776148593258808,-0.08776148593258808,-0.08776148593258808,0.16049075408698155,-0.8569074616962811,-0.4403314719590958,-0.2172253420998956,-1.7214543646871834,-0.6150855772710948,-0.4403314719590958,-0.808979660110614,True,-0.5608300081534487,-0.34583831196856446,-0.4513755178948802,Erbb3,ERBB3,H228R,H228R,targeting guide,Missense,1336,1.946107784431138,2.9940119760479043,0.0,48.12874251497006,14117,44.00368350216052,95.45229156336332,0.2408443720337182,52.149890203300984,54635,31.31143040175712,97.24535554131968,0.2745492815960465,65.84606936945183,59002,46.41029117657028,99.7050947425511,0.0016948578014304,53.39818989186808,23286,35.61796787769475,98.99080992871254,0.0128832775057974,63.83664004122649,0.6169383061693829,0.3831616838316169,0.9985561443855614,0.9727487021412807,0.616938306169383,0.38316168383161686,0.9985561443855614,0.9727487021412802,0.9727487021412807,0.9727487021412802,0.3934892992495466,0.3014656698303634,0.9999999956433565,0.999999193896047,0.5282866507971669,0.47230806748483695,0.98459079395236,1.0,0.999999193896047,0.98459079395236,0.8296884282964929,0.23534950076659084,0.9821985017533542,0.9999999999973488,0.8116050565042714,0.18865160446086698,0.9614763659125557,1.0,0.9821985017533542,0.9614763659125557,0.963825753253273,0.06684877360412814,0.9999999997953558,0.9840937019657632,0.9562219052154755,0.04393593820996308,1.0,0.7866625127117199,0.9840937019657632,0.7866625127117199
gRNA_3580,Erbb3,-0.03531729158527165,-3.5357884003517035,0.8361221152775845,0.4763064625259392,-0.22778252002863725,-0.4972919268324178,-0.03531729158527165,,False,0.18129112417803384,0.4305747602048238,,1481.5484259677664,-0.34395049875564637,-0.5542508760566722,-0.4771082151042831,-0.49514819252089814,0.0029271779322869516,-0.3735061209010425,-0.4771082151042831,-0.46761444560937493,True,-0.23867395965184343,-0.3781771164802451,-0.1595239141104634,0.12059520291692877,0.12059520291692877,0.12059520291692877,0.12059520291692877,True,0.39878418992619763,0.39878418992619763,0.39878418992619763,0.0,0.0,0.0,0.0,True,,,,0.30553164304584773,0.30553164304584773,0.30553164304584773,0.30553164304584773,True,0.5366687697211451,0.5366687697211451,0.5366687697211451,0.6808175847002221,0.16747199724306477,0.6524857571162553,1.0371476189843685,0.8681047157819205,0.6812055347651663,0.6808175847002221,0.6812055347651663,True,1.1482977692938767,1.0625252237579095,0.9442161530712264,Erbb3,ERBB3,H228R,H228R,targeting guide,Missense,2836,0.0352609308885754,0.4231311706629055,5.994358251057828,37.9407616361072,19274,6.9575594064542905,94.60412991594896,0.0155650098578395,92.64812701048044,95658,8.963181333500597,85.16172196784377,0.1296284680842166,90.40017562566644,66986,6.555101065894366,69.96536589735169,0.0134356432687427,91.70125100767324,83894,10.398836627172384,90.73354471118316,0.0,89.11483538751281,0.2678732126787322,0.7322267773222678,0.9114056336301855,0.9879119614920229,0.26787321267873215,0.7322267773222679,0.9114056336301855,0.9879119614920229,0.9114056336301855,0.9114056336301855,0.9174418105735752,0.36848890155542774,0.9999999956433565,0.999999193896047,0.8069305663557977,0.19324388335889786,1.0,0.6760006398752195,0.999999193896047,0.6760006398752195,0.0012977009551655599,0.9998718951055274,0.025680818902223713,0.9999999999973488,0.00028129045472459154,0.9997213434029525,0.007531430132062561,1.0,0.025680818902223713,0.007531430132062561,0.3230850033194835,0.6632900860503121,0.8707963372539546,0.9840937019657632,0.29513532625921235,0.7051792484692352,0.8499502739874883,1.0,0.8707963372539546,0.8499502739874883
gRNA_3677,Ercc2,1.0387350802472664,-1.4894312875921634,0.5820741595828388,0.3367393073822436,-0.12218657251267709,0.06918613742150166,0.3367393073822436,,False,0.7896911551369786,0.8304013505806338,,4581.41286338304,-0.05675539152648322,-0.16281245531041108,-0.14893699980416644,-0.22323253348265373,-0.45247560558795535,-0.20884259714233394,-0.16281245531041108,-0.20884259714233394,True,0.005716062684320226,0.06658641583338877,0.13243382820659294,0.12088054604967637,0.12088054604967637,0.12088054604967637,0.12088054604967637,True,0.39985426451117095,0.39985426451117095,0.39985426451117095,0.0,0.0,0.0,0.0,True,,,,0.07094503058408518,0.07094503058408518,0.07094503058408518,0.07094503058408518,True,0.031912677031712106,0.031912677031712106,0.031912677031712106,0.5722077920126323,0.0009105539956165307,0.4718557727206984,1.063764473187554,1.2345063200851876,0.6686489824003378,0.5722077920126323,0.6686489824003378,True,1.1317422654904226,0.9260919183597907,0.9324566617297054,Ercc2,ERCC2,I80T,I80T,targeting guide,Missense,27688,0.0072233458537994,0.4984108639121641,0.1444669170759896,7.844553597226235,36970,7.963213416283472,44.00054097917231,0.0270489586150933,80.11090073032189,177651,14.038761391717468,48.88348503526577,0.0591046490028201,73.8515403797333,146892,5.797456634806525,31.738283909266674,0.0013615445361217,68.97788851673339,142302,2.2831724079774003,46.32331239195514,0.0035136540596759,85.20821913957639,0.26337366263373657,0.7367263273672633,0.9114056336301855,0.9879119614920229,0.2633736626337366,0.7367263273672633,0.9114056336301855,0.9879119614920229,0.9114056336301855,0.9114056336301855,0.811849557601789,0.6082048007144192,0.9999999956433565,0.999999193896047,0.6185232940083509,0.38169735932857246,1.0,0.9447970845319791,0.999999193896047,0.9447970845319791,0.0014503143343261506,0.9994706524952479,0.02726590948533163,0.9999999999973488,0.00045644715165957174,0.9995487305022248,0.009032848895999947,1.0,0.02726590948533163,0.009032848895999947,0.1881338887006237,0.8812270792598953,0.7300576506065981,0.9861350648860734,0.1296032545673541,0.8705812806287343,0.7483434114870964,1.0,0.7300576506065981,0.7483434114870964
gRNA_3686,Ercc2,1.27167180220017,2.5168552978044514,-0.31445755498398864,-0.4160911971465248,0.1856609970262298,0.6487278689800677,0.1856609970262298,,False,1.4121216245084898,0.6680466822935717,,2187.919867449917,0.10245141030863597,-0.5651627702462705,-0.13717893157107283,-0.43488964460054313,-0.09368943310983614,-0.2256938738438173,-0.13717893157107283,-0.30773019488193065,True,-0.019294235865485898,0.1028607091023486,0.020864505846988922,-0.027205666682935278,-0.027205666682935278,-0.027205666682935278,-0.027205666682935278,True,-0.15548866981586,-0.15548866981586,-0.15548866981586,0.0,0.0,0.0,0.0,True,,,,-0.14298253147099804,-0.14298253147099804,-0.14298253147099804,-0.14298253147099804,True,-0.4283916822338912,-0.4283916822338912,-0.4283916822338912,0.40255875998056223,0.3595827461711643,0.4277691144921741,0.5116492893507683,1.8028017938679277,0.7008723407725193,0.4277691144921741,0.7008723407725193,True,1.1742279667076616,0.7446511319094106,0.9626345555306977,Ercc2,ERCC2,Y14C,Y14C,targeting guide,Missense,13295,0.1203459947348627,0.3610379842045881,0.4663407295975931,8.07822489657766,23524,34.046080598537664,87.10253358272404,3.4050331576262542,55.37323584424417,77460,43.625096824167315,93.55409243480506,0.2917634908339788,52.01265169119546,50324,48.17383355854066,91.342103171449,0.0,46.47285589380812,65273,53.02345533375209,93.11353852281954,1.512110673632283,40.68604170177562,0.5540445955404458,0.44605539446055387,0.9981029294330835,0.9727487021412807,0.5540445955404459,0.4460553944605539,0.998102929433084,0.9727487021412802,0.9727487021412807,0.9727487021412802,0.798849496391654,0.560430969636023,0.9999999956433565,0.999999193896047,0.6348633872951843,0.3653660682334867,1.0,0.9409427510670617,0.999999193896047,0.9409427510670617,0.000760278684436661,0.9997235241731569,0.02041891323915604,0.9999999999973488,0.00031746853973495476,0.9996993591481843,0.007531430132062561,1.0,0.02041891323915604,0.007531430132062561,0.016104648260912333,0.9667330070705197,0.4402270729069335,0.9997934568416044,0.016366667201385538,0.9838080364326518,0.4395619191229259,1.0,0.4402270729069335,0.4395619191229259
gRNA_3698,Ercc2,-0.9727373395320651,-0.9633429562646845,0.5891454557034003,0.20744990541669092,-0.6943531199580397,-0.3667676109269396,-0.6943531199580397,,False,0.32147483622057577,-0.2776509477251354,,3879.981924988703,-0.2138245430523723,-0.5862873465377136,0.30139908313398484,-0.6490470317571267,-0.7035379639486431,-0.3702595604323742,-0.5862873465377136,-0.538174221323964,True,-0.23385548518134555,-0.5326777568424123,-0.23913254595378813,-0.018619314260792063,-0.018619314260792063,-0.018619314260792063,-0.018619314260792063,True,-0.12328870966231809,-0.12328870966231809,-0.12328870966231809,0.0,0.0,0.0,0.0,True,,,,-0.02794009586072274,-0.02794009586072274,-0.02794009586072274,-0.02794009586072274,True,-0.1808567965780299,-0.1808567965780299,-0.1808567965780299,-0.006533780417223602,0.5113308057905906,0.6595240331047325,0.9457468318944435,-0.0001823549011533471,0.4219771070942778,0.5113308057905906,,False,0.8065114974275641,0.8496195465098636,,Ercc2,ERCC2,T49A,T49A,targeting guide,Missense,20406,0.166617661472116,0.74487895716946,0.3038322062138587,10.962462020974224,48298,6.853285850345769,75.98451281626568,3.105718663298687,84.88550250527972,178766,1.7089379412192476,77.23001018090689,1.30393922781737,88.99231397469318,173205,2.907537311278543,84.84166161484946,0.0011547010767587,92.26061603302446,115683,0.8445493287691364,80.06794429605041,0.0008644312474607,94.93270402738518,0.540945905409459,0.45915408459154095,0.9981029294330835,0.9753781683978496,0.5409459054094591,0.45915408459154083,0.998102929433084,0.9753781683978494,0.9753781683978496,0.9753781683978494,0.8526495782835578,0.35425288751718453,0.9999999956433565,0.999999193896047,0.7743124376297728,0.22589756449260795,1.0,0.7450656513089525,0.999999193896047,0.7450656513089525,0.01511736076834379,0.9962686026854254,0.10612646745212281,0.9999999999973488,0.005725833858744778,0.9943010206300088,0.0525100861192204,1.0,0.10612646745212281,0.0525100861192204,0.5823586178374971,0.6515804402268812,0.9483359320886435,0.9840937019657632,0.4667439843648963,0.5335279841161351,0.9127546941314479,1.0,0.9483359320886435,0.9127546941314479
gRNA_3703,Ercc2,1.766181442691715,-2.690574918692659,0.4434742484328003,-0.05333441427709899,-0.3117092428346706,-0.16919257693598266,-0.05333441427709899,,False,0.5336713260442876,0.41121285463925433,,1268.6247928904957,-1.0045309549433425,-0.31402939372501276,-0.2571414034407009,0.1294774925789433,0.22171429095420486,-0.2449019937151816,-0.2571414034407009,,False,-0.04780250981252731,-0.06689955991560782,,-0.1625767828984678,-0.1625767828984678,-0.1625767828984678,-0.1625767828984678,True,-0.6631483061521719,-0.6631483061521719,-0.6631483061521719,0.0,0.0,0.0,0.0,True,,,,0.7563295194029159,0.7563295194029159,0.7563295194029159,0.7563295194029159,True,1.5066430247514793,1.5066430247514793,1.5066430247514793,0.46655984795746924,-0.6663874091453781,0.9290982242039221,0.5276431038463384,0.26009518204140814,0.303401789780752,0.46655984795746924,0.5458490895122845,True,0.6501728735965085,0.7933792240503356,0.8174518232039923,Ercc2,ERCC2,T484A,T484A,targeting guide,Missense,2285,0.087527352297593,0.175054704595186,11.2472647702407,23.588621444201312,4525,78.20994475138122,88.46408839779005,0.0,13.12707182320442,15433,73.14844813062918,82.39486813970063,0.0,16.639668243374587,15068,71.25033182904168,78.76957791345899,0.0,8.76028670029201,15236,67.41927014964557,84.3462851142032,0.0065634024678393,20.91756366500394,0.832016798320168,0.16808319168083188,0.9985561443855614,0.85727690967167,0.8320167983201678,0.1680831916808319,0.9985561443855614,0.8572769096716699,0.85727690967167,0.8572769096716699,0.733741451700046,0.5066988043547798,0.9999999956433565,0.999999193896047,0.6204036300804426,0.379860157165165,1.0,0.9447970845319791,0.999999193896047,0.9447970845319791,0.02552556619915234,0.9676513873249977,0.14913218848495313,0.9999999999973488,0.01663956651639494,0.983425793018206,0.10604198322312708,1.0,0.14913218848495313,0.10604198322312708,0.16670058479159175,0.7505706128438733,0.7288304637399825,0.9859690125412363,0.1802430169589152,0.8200968738290446,0.7810433852521655,1.0,0.7288304637399825,0.7810433852521655
gRNA_3905,Etv6,0.14803638894259932,-3.337110257055667,-3.131480890597248,0.2589876021886388,0.965557386530704,-1.0192019539981945,0.14803638894259932,,False,-0.3792426311821946,0.6276138051290477,,1712.6675704172314,-0.5149625774931248,-0.603641433154878,0.4932946357897156,-0.5518977371353901,0.04754440244434866,-0.22593254190986573,-0.5149625774931248,,False,-0.019648461820700923,-0.4317452586040317,,-0.11619875804155232,-0.11619875804155232,-0.11619875804155232,-0.11619875804155232,True,-0.4892245631036775,-0.4892245631036775,-0.4892245631036775,0.0,0.0,0.0,0.0,True,,,,-0.12046247472162648,-0.12046247472162648,-0.12046247472162648,-0.12046247472162648,True,-0.3799356525710309,-0.3799356525710309,-0.3799356525710309,0.3551427038832797,0.6497114723962488,-0.17467829317880396,0.22523133246053362,-0.11532292086674839,0.1880168589389019,0.22523133246053362,,False,0.4980406954387306,0.4902274893741106,,Etv6,ETV6,Non-coding,,targeting guide,Intron,4982,0.2007226013649136,0.2408671216378964,0.0,3.412284223203533,9069,93.39508214797662,95.04906825449332,0.0,1.742198698864263,43905,93.588429563831,95.14633868579888,0.0979387313517822,1.4941350643434688,30155,93.25484994196653,96.05040623445532,0.0,3.342729232299784,27557,91.53028268679464,92.69514098051312,0.0,2.0031208041513953,0.7671232876712328,0.23297670232976703,0.9985561443855614,0.8848408088484082,0.7671232876712328,0.23297670232976697,0.9985561443855614,0.884840808848408,0.8848408088484082,0.884840808848408,0.683502552476251,0.48618649049832807,0.9999999956433565,0.999999193896047,0.615568722601127,0.3847083539215088,1.0,0.9447970845319791,0.999999193896047,0.9447970845319791,0.1120233854019327,0.9769532011966513,0.34244547082216825,0.9999999999973488,0.050521748704672104,0.9495733393770309,0.20208699481868841,1.0,0.34244547082216825,0.20208699481868841,0.43410498042960993,0.375533760293964,0.8883515191412802,0.9840937019657632,0.525746045771793,0.4746652286057224,0.9127546941314479,1.0,0.8883515191412802,0.9127546941314479
gRNA_3906,Etv6,-1.6015645033274464,-1.2187951452448527,-2.888866847586888,-0.5487686508627813,-2.4067712227009386,-1.7329532739445814,-1.6015645033274464,-1.7329532739445814,True,-1.145814812091431,-1.2525758252015913,-0.36403956616944716,772.2849826781141,-2.076014617884715,-0.8885678499131874,-2.519331117201444,-1.1657912715376963,-0.9691160854380759,-1.5237641883950235,-1.1657912715376963,-1.5237641883950235,True,-1.94586197792319,-1.3527404036997714,-1.351118348663925,-0.021812193633266936,-0.021812193633266936,-0.021812193633266936,-0.021812193633266936,True,-0.13526243069240532,-0.13526243069240532,-0.13526243069240532,0.0,0.0,0.0,0.0,True,,,,0.037406987953946216,0.037406987953946216,0.037406987953946216,0.037406987953946216,True,-0.040250568674391064,-0.040250568674391064,-0.040250568674391064,-2.9020505987921554,-0.9203456724460837,-1.0874738559481352,0.09641134129449005,0.27015720265349547,-0.9086603166476779,-0.9203456724460837,,False,-0.9479010427123447,-0.948821913998385,,Etv6,ETV6,Y397H,Y401H,targeting guide,Missense,222,0.4504504504504504,1.8018018018018016,0.9009009009009008,72.07207207207207,1215,16.049382716049383,74.48559670781893,0.0,73.25102880658436,1931,9.269808389435523,47.38477472812014,0.0,64.68151216986018,3679,12.612122859472684,70.725740690405,0.0,77.79287849959228,3737,14.503612523414503,76.29114262777628,0.0,76.82633128177683,0.5499450054994497,0.4501549845015501,0.9981029294330835,0.9727487021412807,0.54994500549945,0.45015498450154984,0.998102929433084,0.9727487021412802,0.9727487021412807,0.9727487021412802,0.9998492981576287,0.003259600119122967,0.9999999956433565,0.10213413706585296,0.999317727504132,0.0006870025588848016,1.0,0.023482996558244127,0.10213413706585296,0.023482996558244127,0.771113765349704,0.0960033830928759,0.9512960716983044,0.9999999999973488,0.8765932614065349,0.1237239607977631,0.9849357725921587,1.0,0.9512960716983044,0.9849357725921587,0.9872401098861344,0.10655748138920364,0.9999999997953558,0.9840937019657632,0.9601964909454723,0.039875147110405774,1.0,0.7866625127117199,0.9840937019657632,0.7866625127117199
gRNA_3909,Etv6,0.10656700808479516,0.46558514112926297,-0.3878788250511534,-0.2883111651258518,0.007469864772774944,-0.019313595238034432,0.007469864772774944,,False,0.6946420376379023,0.4765555139019464,,2063.5637897273687,-0.2922474435560019,-0.8751116063671084,1.3405553752845623,-0.09010284849905197,0.15943945436483445,0.04850658624544688,-0.09010284849905197,,False,0.3876681261449261,0.1694786138692913,,-0.09446291237412156,-0.09446291237412156,-0.09446291237412156,-0.09446291237412156,True,-0.4077122596266083,-0.4077122596266083,-0.4077122596266083,0.0,0.0,0.0,0.0,True,,,,0.36740583272099986,0.36740583272099986,0.36740583272099986,0.36740583272099986,True,0.6698024293576058,0.6698024293576058,0.6698024293576058,-0.5071671771679956,-0.26872432948183583,-0.09813953886712407,1.1323960615187205,1.205765371157034,0.2928260774317598,-0.09813953886712407,,False,0.6362290583731194,0.08401589691111164,,Etv6,ETV6,Y350C,Y354C,targeting guide,Missense,7328,0.0955240174672489,0.6413755458515285,0.0,13.98744541484716,23799,26.98012521534518,91.07945712004704,0.1848817177192319,72.01563090886171,59503,16.07313916945364,91.84915046300186,1.514209367594911,81.7639446750584,117159,18.864107751005044,95.30637851125394,0.0520659957835078,78.1587415392757,85221,20.37643303880499,94.04372161791107,0.0,78.67779068539444,0.7276272372762724,0.27247275272472754,0.9985561443855614,0.9229707659864644,0.7276272372762724,0.27247275272472754,0.9985561443855614,0.9229707659864644,0.9229707659864644,0.9229707659864644,0.1808516134181322,0.6686436214708877,0.7640472656766034,0.999999193896047,0.25152216292396257,0.7490895735591011,0.7381937841939381,1.0,0.7640472656766034,0.7381937841939381,0.017228037201388553,0.9249207350808283,0.11740999724691648,0.9999999999973488,0.02461695710301535,0.9755592687717882,0.13611729221667312,1.0,0.11740999724691648,0.13611729221667312,0.38784833424189447,0.9141433456112049,0.8749945536019875,0.9956042235074434,0.20536559051734687,0.7948140191743289,0.7810433852521655,1.0,0.8749945536019875,0.7810433852521655
gRNA_4033,Fat1,0.27601594953894854,-0.2880926186591832,1.6500860466220082,-0.7953801115656431,0.2927289892133323,0.22707165102989255,0.27601594953894854,,False,0.9592609186084498,0.765145652415273,,3088.778430486519,-0.011520745744726463,-0.06281768457497959,-0.8278031905904176,-0.12923053110783994,0.19039300365239187,-0.16819582967311433,-0.06281768457497959,-0.2578430380044909,True,0.06604311134053525,0.20809016209566852,0.07714938296494644,-0.38067659568623796,-0.38067659568623796,-0.38067659568623796,-0.38067659568623796,True,-1.4810515246539118,-1.4810515246539118,-1.4810515246539118,0.0,0.0,0.0,0.0,True,,,,0.12454803833026946,0.12454803833026946,0.12454803833026946,0.12454803833026946,True,0.14724937277250408,0.14724937277250408,0.14724937277250408,0.8772876261220196,-0.15935712792775447,-0.7242925203209317,0.5811086184942483,1.0265863244626645,0.32026658416604925,0.5811086184942483,,False,0.6724086879727803,0.9372729467699549,,Fat1,FAT1,F3794S,F3769S,targeting guide,Missense,8336,0.0,0.5518234165067178,0.0,14.779270633397312,45747,2.179377882702691,56.834327934072185,0.0,96.83476512121013,230503,1.011266664642109,61.2877055830076,0.1106276274061509,97.95664264673346,124416,0.0056262860082304,52.19184027777778,0.0,98.9527070473251,186952,0.7509949077838162,57.65651076212076,0.0,98.63226924558175,0.9913008699130087,0.008799120087991203,0.9985561443855614,0.4726384504406704,0.9913008699130087,0.008799120087991195,0.9985561443855614,0.47263845044066993,0.4726384504406704,0.47263845044066993,0.692031235787137,0.6273296862597955,0.9999999956433565,0.999999193896047,0.5315742850327901,0.46868082229518554,0.98459079395236,1.0,0.999999193896047,0.98459079395236,0.013830536076942079,0.9408772155230996,0.10329736742930049,0.9999999999973488,0.01476354997982662,0.9853188102982829,0.0973876279371019,1.0,0.10329736742930049,0.0973876279371019,0.14897738677015632,0.9188155998858586,0.7274739925399841,0.9956042235074434,0.10158268603523068,0.8986102455234543,0.7483434114870964,1.0,0.7274739925399841,0.7483434114870964
gRNA_4195,Fgf4,-0.04431350792485406,-2.048808354090857,-0.3984058241996693,0.35035107679311306,-0.6532143237495017,-0.5588781866343537,-0.3984058241996693,-0.7861855024912204,True,0.11514719957701308,0.04038560510682238,0.31556583391069365,5107.395692122307,0.5672163503024599,0.3073726584530845,-0.3972051055102639,0.7868330866867463,-0.14638660217218266,0.22356607755196883,0.3073726584530845,,False,0.6474876175172264,0.7319507598381896,,-0.1756617654497725,-0.1756617654497725,-0.1756617654497725,-0.1756617654497725,True,-0.7122187258189939,-0.7122187258189939,-0.7122187258189939,0.0,0.0,0.0,0.0,True,,,,0.28893067484942575,0.28893067484942575,0.28893067484942575,0.28893067484942575,True,0.5009487439543151,0.5009487439543151,0.5009487439543151,0.47486604346312467,0.005571659539096346,-0.2717500286526853,1.2220881486882273,-0.11539720729754498,0.2630757231480436,0.005571659539096346,,False,0.5970039518958206,0.21429569263875362,,Fgf4,FGF4,R108G,R112G,targeting guide,Missense,30509,0.1048870825002458,0.1606083450785014,0.009833163984398,6.9225474450162245,33033,72.61829080010898,89.2289528653165,0.0,20.43411134320225,160520,60.88213306753053,86.61848990779966,0.0012459506603538,27.941066533765262,91976,67.43933199965208,88.50895885883274,0.0032617204488127,22.005740627989912,204440,65.78360399139112,92.2940716102524,0.000489141068284,26.96928194091176,0.837916208379162,0.16218378162183786,0.9985561443855614,0.85727690967167,0.837916208379162,0.16218378162183777,0.9985561443855614,0.8572769096716699,0.85727690967167,0.8572769096716699,0.16360352204265222,0.9146522635131493,0.7473489630795676,0.999999193896047,0.10577261052707809,0.8943919041454109,0.4872882106606286,1.0,0.7473489630795676,0.4872882106606286,0.04395844081521472,0.9683316803679782,0.20921992084203458,0.9999999999973488,0.030719853449876017,0.9694218272461822,0.15198243285728136,1.0,0.20921992084203458,0.15198243285728136,0.6624399533151218,0.5999927978971449,0.9780765380247597,0.9840937019657632,0.5316310585499657,0.46863638709589217,0.9127546941314479,1.0,0.9780765380247597,0.9127546941314479
gRNA_4440,Flt3,1.4724816372619804,0.8110391742125527,-0.36915650046974874,0.41499830795940473,0.5123354489723877,0.5683396135873153,0.5123354489723877,0.8027136421015815,True,1.3257842706797927,1.0191038403898933,1.4561036420263749,2418.1955113721947,0.13545630491508204,0.4794155465105622,-0.07778508229276153,0.18622485610122266,0.704186808288512,0.28549968670452347,0.18622485610122266,0.3763208789538447,True,0.7394081338443984,0.56051311606792,0.7926409117031614,-0.04243897257087708,-0.04243897257087708,-0.04243897257087708,-0.04243897257087708,True,-0.21261558686779317,-0.21261558686779317,-0.21261558686779317,0.0,0.0,0.0,0.0,True,,,,0.5418919641730269,0.5418919641730269,0.5418919641730269,0.5418919641730269,True,1.0452413216966807,1.0452413216966807,1.0452413216966807,1.2117744221463211,0.631098571199414,0.7696677240459694,0.6699476721568614,0.04891582112216183,0.6662808421341456,0.6699476721568614,0.6662808421341456,True,1.1286199311071508,1.0488706714290508,0.9302388455532048,Flt3,FLT3,Q450R,Q449R,targeting guide,Missense,5656,0.1944837340876944,0.4596888260254597,0.1237623762376237,27.210042432814713,23519,73.01756027041965,96.7940813810111,0.110548917896169,22.301118244823336,117752,78.13115700794891,97.1533392214145,0.0025477274271349,19.4527481486514,66669,69.9215527456539,96.55612053578125,0.0,19.0358337458189,85218,77.27827454293694,97.39961041094604,0.0,19.873735595766153,0.5813418658134184,0.4187581241875812,0.9981029294330835,0.9727487021412807,0.5813418658134186,0.41875812418758124,0.998102929433084,0.9727487021412802,0.9727487021412807,0.9727487021412802,0.16112107450146293,0.9697525608308998,0.7473489630795676,0.999999193896047,0.07312406745980374,0.9269870465211081,0.40433307889538533,1.0,0.7473489630795676,0.40433307889538533,0.0015408624257741118,0.9997204543432359,0.027588774861479336,0.9999999999973488,0.00039489446724036344,0.9996090459105385,0.008689124750477142,1.0,0.027588774861479336,0.008689124750477142,0.04965813675395221,0.9897890540992905,0.7124107290566989,0.9997934568416044,0.020075318905846684,0.9799795092709042,0.4717699942873971,1.0,0.7124107290566989,0.4717699942873971
gRNA_4461,Flt3,-1.6259612938357055,-4.280256494793776,-0.7631081394608203,-0.5414434931009837,0.14008175117634303,-1.4141375340029885,-0.7631081394608203,-1.8026923552978213,True,-0.8034052497615477,-0.351537784016458,-0.4140994200357602,1397.6803735502333,-0.13119180019734258,0.8510684639926971,-0.9107357641574669,-1.2457272937539263,-0.2915131401170536,-0.3456199068466185,-0.2915131401170536,-0.6447919995564474,True,-0.19728584697171928,-0.11553939847389678,-0.3594233967863551,0.0840499424239513,0.0840499424239513,0.0840499424239513,0.0840499424239513,True,0.2617346170901276,0.2617346170901276,0.2617346170901276,0.0,0.0,0.0,0.0,True,,,,-0.1215936235811186,-0.1215936235811186,-0.1215936235811186,-0.1215936235811186,True,-0.3823695266637412,-0.3823695266637412,-0.3823695266637412,-0.4622719874037322,-1.5123165308283935,-0.8842544403599044,0.25540759956485043,0.24545103588399694,-0.4715968646286365,-0.4622719874037322,,False,-0.3716436886220666,-0.3733995195740391,,Flt3,FLT3,R848G,R845G,targeting guide,Missense,1957,0.7153806847215125,0.8686765457332651,3.525804803270312,19.621870209504344,15114,72.72727272727273,91.53103083234087,2.970755590842927,23.408760089982795,42543,81.80899325388431,92.6427379357356,0.0822697035940107,11.317960651576051,23007,87.22997348633025,98.68735602208024,0.0,11.70513322032425,39567,85.03298203047994,99.89890565370132,0.0530745318068087,14.87603305785124,0.29577042295770417,0.7043295670432959,0.9114056336301855,0.9879119614920229,0.29577042295770417,0.7043295670432956,0.9114056336301855,0.9879119614920229,0.9114056336301855,0.9114056336301855,0.5542746005319051,0.27457827804132456,0.9999999956433565,0.9648732013414769,0.6857864648008336,0.3146156327791837,1.0,0.876529689251897,0.9648732013414769,0.876529689251897,0.6561466096230266,0.3260148163374469,0.8938538830751864,0.9999999999973488,0.6779073860921012,0.32242039827386193,0.8803927865468987,1.0,0.8938538830751864,0.8803927865468987,0.897796043886929,0.1614445183281381,0.9999999997953558,0.9840937019657632,0.8826953075545476,0.11751532850874302,0.9918167876570679,0.977034914236814,0.9840937019657632,0.977034914236814
gRNA_4577,Foxa1,0.814338572338906,-2.1715129776427595,1.544356192674622,0.4489837359678404,-0.395316387602964,0.048169827147128995,0.4489837359678404,,False,0.7671195418152672,0.9510236088461798,,1097.6351860219913,0.36290305578775367,0.1487941580698571,0.5793002329940667,0.053267562461324705,0.10865300369539661,0.2505836026016798,0.1487941580698571,0.2505836026016798,True,0.6875864408610182,0.5075445062326698,0.6507786050173957,0.339831894179104,0.339831894179104,0.339831894179104,0.339831894179104,True,1.2209508534597133,1.2209508534597133,1.2209508534597133,0.0,0.0,0.0,0.0,True,,,,0.8900012150796434,0.8900012150796434,0.8900012150796434,0.8900012150796434,True,1.794262177886033,1.794262177886033,1.794262177886033,1.209146132806508,0.5459179359992875,0.45598849672659464,0.783259389472256,0.5050412674433347,0.6998706444895962,0.5459179359992875,0.6998706444895962,True,1.172907254927867,0.8930671618844837,0.9616964446206632,Foxa1,FOXA1,Y259C,Y259C,targeting guide,Missense,2916,0.3429355281207133,0.3429355281207133,0.4801097393689986,5.109739368998628,12037,81.90579047935532,84.56426019772368,0.2326161003572318,6.156018941596743,44083,85.79270920763106,88.53526302656353,0.0204160333915568,5.258262822403194,20000,68.34,70.50999999999999,0.015,3.065,32620,83.65419987737585,86.06683016554261,0.545677498467198,3.0441446965052115,0.04679532046795319,0.9533046695330467,0.7553426475534262,0.9879119614920229,0.0467953204679532,0.9533046695330467,0.7553426475534257,0.9879119614920229,0.7553426475534262,0.7553426475534257,0.20463348443874502,0.969055024070557,0.8185339377549801,0.999999193896047,0.08933904519955382,0.9107786239331346,0.4478864132670965,1.0,0.8185339377549801,0.4478864132670965,0.0011633684853884193,0.9999583534573073,0.025680818902223713,0.9999999999973488,0.00021619776763135145,0.9997860339155196,0.006970894753348557,1.0,0.025680818902223713,0.006970894753348557,0.10995049480576295,0.8240212624063539,0.7124107290566989,0.9859690125412363,0.10860455431252891,0.891621183444366,0.7483434114870964,1.0,0.7124107290566989,0.7483434114870964
gRNA_4578,Foxa1,-0.49841844876287944,2.0521826732941717,-0.24871733904973473,-5.24022307090215,-0.4097698516702481,-0.8689892074181682,-0.4097698516702481,-1.5992821775962531,True,-0.21791345457924763,0.028173376190287907,-0.26808826570058475,751.6794697996687,0.5816200770620527,-0.7144079759979026,-0.6109960359575801,-0.0563445656330834,-1.1336337623783561,-0.3867524525809739,-0.6109960359575801,-0.6288455849917305,True,-0.258333877168697,-0.5676433064649324,-0.34143195288723427,0.1232707831779988,0.1232707831779988,0.1232707831779988,0.1232707831779988,True,0.40881797069343917,0.40881797069343917,0.40881797069343917,0.0,0.0,0.0,0.0,True,,,,0.5512209177289257,0.5512209177289257,0.5512209177289257,0.5512209177289257,True,1.0653142751203302,1.0653142751203302,1.0653142751203302,-1.2396782303967555,-0.27420945976431044,-0.6476984397730476,0.8831563135927643,0.6072425003859554,-0.13423746319107885,-0.27420945976431044,,False,0.07315634018797748,-0.13715938291182134,,Foxa1,FOXA1,Y259C,Y259C,targeting guide,Missense,1195,0.6694560669456067,0.6694560669456067,2.3430962343096233,8.95397489539749,4982,81.01164191087916,85.60818948213569,0.0,6.965074267362505,21294,79.09739832816756,82.87780595472903,0.0469615854231238,9.307786230863153,30024,77.8876898481215,81.58140154543032,0.076605382360778,5.209166000532907,27982,80.40883425058966,84.21842613108427,0.0393109856336216,5.335572868272461,0.24767523247675233,0.7524247575242475,0.9114056336301855,0.9879119614920229,0.24767523247675227,0.7524247575242475,0.9114056336301855,0.9879119614920229,0.9114056336301855,0.9114056336301855,0.731904824543035,0.281938177541854,0.9999999956433565,0.9815625440346027,0.7545123348818489,0.24576439171283,1.0,0.7852654649618649,0.9815625440346027,0.7852654649618649,0.15054464730059744,0.5730412941349292,0.3872325788263485,0.9999999999973488,0.24784565292346444,0.7526172166191634,0.49984429522269974,1.0,0.3872325788263485,0.49984429522269974,0.24939312181020803,0.286778194052282,0.810055401989186,0.9840937019657632,0.4758984917579979,0.5250508466873691,0.9127546941314479,1.0,0.810055401989186,0.9127546941314479
gRNA_4621,Foxo1,0.7155030657485106,-5.194908738490348,1.148822224239469,-0.1867924046865805,-2.2622588191889434,-1.1559269344755783,-0.1867924046865805,,False,-0.5260858853245387,0.2677936721495239,,504.5338153336346,-1.6011789928008673,-0.9848213835782001,-0.4138391594143905,-0.49583320908396217,-0.9304359051314641,-0.8852217300017768,-0.9304359051314641,-0.8852217300017768,True,-0.9981511424743572,-1.019686326926807,-0.6306867575520351,-0.6630659738785067,-0.6630659738785067,-0.6630659738785067,-0.6630659738785067,True,-2.540049138369943,-2.540049138369943,-2.540049138369943,0.0,0.0,0.0,0.0,True,,,,0.3379765130572892,0.3379765130572892,0.3379765130572892,0.3379765130572892,True,0.6064798541770458,0.6064798541770458,0.6064798541770458,0.13648652441913167,-0.8580151557682437,-0.25551925920486734,1.3434926999892574,-1.162318829240695,-0.1591748039610834,-0.25551925920486734,,False,0.04027707301570342,-0.1136811515500009,,Foxo1,FOXO1,M1V,M1V,targeting guide,Missense,693,0.0,0.0,0.0,18.181818181818183,2707,53.67565570742519,93.5352789065386,0.0,44.99445881049132,8126,51.37829190253507,99.31085404873248,0.0,48.19099187792272,3193,49.608518634513,77.73253993109928,0.0,44.62887566551832,7156,58.66405813303521,96.99552822806037,0.0,41.21017328116266,0.9959004099590041,0.004199580041995798,0.9985561443855614,0.4726384504406704,0.9959004099590041,0.0041995800419957945,0.9985561443855614,0.47263845044066993,0.4726384504406704,0.47263845044066993,0.9951602404652775,0.046455297213978876,0.9999999956433565,0.4916270465385613,0.9845399000251343,0.01550175169521593,1.0,0.1820143214654083,0.4916270465385613,0.1820143214654083,0.1638675099339885,0.49649129077011256,0.40535647194197155,0.9999999999973488,0.32467851479563714,0.6762120335044133,0.6043520869463345,1.0,0.40535647194197155,0.6043520869463345,0.3383633542405078,0.22018478683240636,0.8749945536019875,0.9840937019657632,0.5596064840411735,0.4410755932870501,0.9197840034090436,1.0,0.8749945536019875,0.9197840034090436
gRNA_4628,Foxo1,-1.2249809368422413,-5.0880886590633665,-2.6256321814786387,-0.6939653951705881,-0.6126738163557083,-2.049068197782108,-1.2249809368422413,-2.049068197782108,True,-1.4853236855773562,-0.8478843782626593,-0.5909520316794633,1013.4056333785209,0.4996586701507769,-1.0950623475971284,-0.9606952616023069,-0.26753579519279014,-1.1171970331754892,-0.5881663534833875,-0.9606952616023069,-0.8601226093919285,True,-0.5572680103437222,-1.0625066891179353,-0.602368829497631,0.08781435818931028,0.08781435818931028,0.08781435818931028,0.08781435818931028,True,0.2758516753805988,0.2758516753805988,0.2758516753805988,0.0,0.0,0.0,0.0,True,,,,0.6676513731836577,0.6676513731836577,0.6676513731836577,0.6676513731836577,True,1.3158357398734006,1.3158357398734006,1.3158357398734006,-0.7791648115694703,0.2384916878423422,-0.4653425046561592,0.4404387321920351,1.0177395951013462,0.09043253978201879,0.2384916878423422,,False,0.3693781836266086,0.5068848650188447,,Foxo1,FOXO1,T24A,T24A,targeting guide,Missense,1318,0.2276176024279211,0.2276176024279211,0.0,14.264036418816389,5647,78.90915530370108,85.56755799539579,0.0,12.449088011333451,16701,83.43212981258607,89.25812825579307,0.0119753308185138,10.933477037303156,9599,76.81008438378998,84.67548702989895,0.8334201479320763,9.042608605063029,10194,81.58720816166372,87.649597802629,1.1869727290563077,11.810869138709045,0.29157084291570845,0.7085291470852915,0.9114056336301855,0.9879119614920229,0.29157084291570845,0.7085291470852915,0.9114056336301855,0.9879119614920229,0.9114056336301855,0.9114056336301855,0.8421704289839727,0.13696868300431486,0.9999999956433565,0.7152809001336443,0.8873196405270611,0.11286939124433226,1.0,0.4706591802323885,0.7152809001336443,0.4706591802323885,0.08286110439786491,0.8430044395398331,0.2797790912495388,0.9999999999973488,0.09213220997216232,0.9081323601484457,0.2953701468803447,1.0,0.2797790912495388,0.2953701468803447,0.9844503452850628,0.04890854636845313,0.9999999997953558,0.9840937019657632,0.9755999760868499,0.024485416806238065,1.0,0.679698988228309,0.9840937019657632,0.679698988228309
gRNA_4735,Gata2,0.45322214374008196,-0.5291562069576043,-0.4771170098773799,0.8182647182105579,-0.00336035203898079,0.052370658615334964,-0.00336035203898079,,False,0.7716312540184147,0.4649169388225318,,2016.4482602801625,0.15245183621071504,-0.12029071631638201,0.04808322589711101,0.4735124303256186,-0.725137817547126,-0.034276208286012674,0.04808322589711101,,False,0.2648037021196053,0.36502731171141334,,-0.20130662275584568,-0.20130662275584568,-0.20130662275584568,-0.20130662275584568,True,-0.8083903412850999,-0.8083903412850999,-0.8083903412850999,0.0,0.0,0.0,0.0,True,,,,0.2974153177388386,0.2974153177388386,0.2974153177388386,0.2974153177388386,True,0.519205008230365,0.519205008230365,0.519205008230365,-0.48858633655634354,-0.07356885156537019,0.10178475744659934,0.7634856970002271,0.7467506615891797,0.20997318558285846,0.10178475744659934,,False,0.5269895691982254,0.33515653442188453,,Gata2,GATA2,W360R,W360R,targeting guide,Missense,6963,0.2585092632485997,0.3590406434008329,0.8186126669538992,22.863708171765044,17566,70.4599795058636,97.11374245701924,0.3415689399977228,27.72401229648184,125807,78.53140127337906,92.5942117688205,0.0,17.02290015658906,48152,69.39483302874233,95.3356039209171,1.7050174447582656,26.61987041036717,71020,70.99127006477049,98.54970430864545,0.0140805406927626,27.86679808504647,0.8818118188181182,0.11828817118288174,0.9985561443855614,0.85727690967167,0.8818118188181181,0.11828817118288171,0.9985561443855614,0.8572769096716699,0.85727690967167,0.8572769096716699,0.4803611976473894,0.7535665388529784,0.9999999956433565,0.999999193896047,0.3484313731893386,0.6518238820009713,0.8600413137039317,1.0,0.999999193896047,0.8600413137039317,0.05973512617579013,0.9576234080197916,0.23522280380056998,0.9999999999973488,0.038983394601716174,0.9611253480758986,0.17043902756099163,1.0,0.23522280380056998,0.17043902756099163,0.2884525227325212,0.9081728506065379,0.8441708762647215,0.9956042235074434,0.16730389009470115,0.8328786103327444,0.7810433852521655,1.0,0.8441708762647215,0.7810433852521655
gRNA_4770,Gata3,-1.6133988168194482,-4.187613043473257,0.40783677039481203,0.6507601744662617,-0.07150545782842367,-0.9627840746520109,-0.07150545782842367,,False,-0.3186495708206016,0.39168553969078107,,1732.791082994427,0.47485821961367286,-0.25153962108312944,-0.2294088242400937,-1.3356261629474175,0.017943336592866677,-0.2647546104128202,-0.2294088242400937,,False,-0.07726733193838446,-0.027654869202888368,,-0.18016354462549083,-0.18016354462549083,-0.18016354462549083,-0.18016354462549083,True,-0.7291009946744333,-0.7291009946744333,-0.7291009946744333,0.0,0.0,0.0,0.0,True,,,,0.3238698763905047,0.3238698763905047,0.3238698763905047,0.3238698763905047,True,0.576126839867347,0.576126839867347,0.576126839867347,-1.4002820281919486,-0.7672803471480092,-0.411433468919931,0.7536208310459099,0.1934923078922436,-0.326376541064347,-0.411433468919931,,False,-0.18017428290830378,-0.3095372568198916,,Gata3,GATA3,F233S,F234S,targeting guide,Missense,2883,0.6590357266736039,2.2545959070412764,0.0346860908775581,16.371834894207424,14991,28.45040357547862,80.14141818424389,0.0867186978853979,66.68667867387099,64802,36.88775037807475,87.66087466436221,0.0787012746520169,60.86231906422641,60639,20.39776381536635,89.34184270848795,3.026105311763057,72.35937268094791,44434,29.704730611693748,84.41733807444749,0.1485349057028401,65.31259846063826,0.8521147885211479,0.147985201479852,0.9985561443855614,0.85727690967167,0.8521147885211477,0.14798520147985195,0.9985561443855614,0.8572769096716699,0.85727690967167,0.8572769096716699,0.6480613974158732,0.4260043516585638,0.9999999956433565,0.999999193896047,0.6121150809157816,0.38821613391271426,1.0,0.9447970845319791,0.999999193896047,0.9447970845319791,0.37230162295980185,0.42595232724627596,0.6613734704098465,0.9999999999973488,0.4825915613937237,0.5178669808309296,0.7529229339586727,1.0,0.6613734704098465,0.7529229339586727,0.503903043798638,0.3333200269756595,0.9483359320886435,0.9840937019657632,0.5788049331705443,0.42163369355220265,0.9202575807232678,1.0,0.9483359320886435,0.9202575807232678
gRNA_4782,Gata3,0.9345466049817983,-3.835294450622433,-0.7621832669245111,0.7193419900647877,0.5250477384099657,-0.48370827681807854,0.5250477384099657,,False,0.19588002639818242,1.0327649644118893,,981.5936134960083,0.0804235910420925,-0.8792469577918447,1.423991908029424,-0.8471160736641411,-0.6682183800581286,-0.17803318248851957,-0.6682183800581286,,False,0.051442726146492174,-0.6486193015153193,,0.12079062744007008,0.12079062744007008,0.12079062744007008,0.12079062744007008,True,0.39951705780172847,0.39951705780172847,0.39951705780172847,0.0,0.0,0.0,0.0,True,,,,0.45983507093169523,0.45983507093169523,0.45983507093169523,0.45983507093169523,True,0.8686808761704905,0.8686808761704905,0.8686808761704905,-0.08339679549455029,0.47525061250407946,0.6567542393208403,0.667024963972948,0.686944135072473,0.4805154310751581,0.6567542393208403,0.6214934877175852,True,0.8836928301019601,1.0322973624591671,0.8882944892387743,Gata3,GATA3,H281R,H281R,targeting guide,Missense,2554,0.0783085356303837,0.9005481597494126,0.0,12.725137039937351,11568,21.84474412171508,88.41632088520055,0.0259336099585062,75.44951590594744,57348,15.646578782172002,85.8652437748483,0.0697495989398061,81.3315198437609,47539,11.142430425545342,70.57784135131155,0.0,86.53316224573508,46757,11.56404388647689,80.80715187030819,1.4799923006180893,80.95472335693051,0.2678732126787322,0.7322267773222678,0.9114056336301855,0.9879119614920229,0.26787321267873215,0.7322267773222679,0.9114056336301855,0.9879119614920229,0.9114056336301855,0.9114056336301855,0.2573557624645895,0.344948651463893,0.9096829967810744,0.999999193896047,0.510285576348908,0.4906431462719919,0.9823790496205694,1.0,0.9096829967810744,0.9823790496205694,0.010030311176715805,0.9987583602028792,0.08024248941372644,0.9999999999973488,0.00281182495171776,0.9972009098570315,0.03588998865304219,1.0,0.08024248941372644,0.03588998865304219,0.23068608762797008,0.5711237866365736,0.803129342112192,0.9840937019657632,0.2761110546007224,0.7242604707502357,0.839491611727357,1.0,0.803129342112192,0.839491611727357
gRNA_4829,Gli1,-1.4011837401754532,1.7272115222566635,-1.1077712130493393,-0.20986151732414385,0.2601632277524786,-0.14628834410795885,-0.20986151732414385,,False,0.5582705768202441,0.24300270036063806,,2275.282422051514,0.30171876174778245,1.9170843426490873,-1.160723588438867,0.10609250450212873,-0.03779174876174732,0.22527605433967685,0.10609250450212873,,False,0.6500255278922932,0.4471169067993469,,-0.13301498320036909,-0.13301498320036909,-0.13301498320036909,-0.13301498320036909,True,-0.5522876373202062,-0.5522876373202062,-0.5522876373202062,0.0,0.0,0.0,0.0,True,,,,0.30368161450742687,0.30368161450742687,0.30368161450742687,0.30368161450742687,True,0.5326880942400604,0.5326880942400604,0.5326880942400604,-0.4336769970610661,0.2060611940821488,-0.018441333401656965,-0.001558774236478963,0.17507625972259425,-0.014507930178891798,-0.001558774236478963,,False,0.23101676887708605,0.2053385937911164,,Gli1,GLI1,F567S,F565S,targeting guide,Missense,673,0.0,1.634472511144131,0.0,31.946508172362552,13367,0.4563477220019451,56.89384304630807,0.0149622203935063,86.26468167876112,40853,0.3255574865982914,53.95686975252736,0.0685384182312192,90.2553056079113,57239,0.0052411817117699,54.39647792588968,0.2201296318943378,88.64410629116512,54778,0.0182555040344663,61.61232611632407,0.0675453649275256,90.12742341816056,0.7926207379262074,0.20747925207479248,0.9985561443855614,0.85727690967167,0.7926207379262074,0.20747925207479245,0.9985561443855614,0.8572769096716699,0.85727690967167,0.8572769096716699,0.05504475700344388,0.6994596037958568,0.42238425782234484,0.999999193896047,0.12296049636817336,0.8780426288390983,0.4909847379262385,1.0,0.42238425782234484,0.4909847379262385,0.3537171715827687,0.9179221528303455,0.6424267186737987,0.9999999999973488,0.18650087811194138,0.8136725282022863,0.4275873790859144,1.0,0.6424267186737987,0.4275873790859144,0.2577902119487158,0.6863246149108927,0.8145304175858584,0.9840937019657632,0.28048122712380297,0.719913607897221,0.8410817034189174,1.0,0.8145304175858584,0.8410817034189174
gRNA_4888,Gnas,3.992908999762245,3.2920653461038296,1.6005337187516135,-0.7678951263243153,0.12494213073274192,1.6485110138052232,1.6005337187516135,2.252612548837608,True,2.485893293081351,2.1885243131515444,2.4968648046877258,585.9918662449164,0.5948310953697684,0.053372722330895336,1.3923480693568884,1.7423024164151946,0.7357979310762821,0.9037304469098058,0.7357979310762821,0.9037304469098058,True,1.6569727883994223,1.3382202739712916,1.3876875044798431,0.44576296303932056,0.44576296303932056,0.44576296303932056,0.44576296303932056,True,1.6182064083941416,1.6182064083941416,1.6182064083941416,0.0,0.0,0.0,0.0,True,,,,0.15888360773926485,0.15888360773926485,0.15888360773926485,0.15888360773926485,True,0.22112864351723294,0.22112864351723294,0.22112864351723294,0.35273581744755617,0.14117959160576934,-0.6602384414389058,-1.4229773097093263,-6.613464964433122,-1.6405530613056059,-0.6602384414389058,,False,-1.9128835288161572,-0.6220807573667858,,Gnas,GNAS,Q966R,Q227R,targeting guide,Missense,11,0.0,0.0,0.0,27.27272727272727,108,87.96296296296296,95.37037037037037,0.0,9.25925925925926,950,91.6842105263158,97.15789473684212,0.0,6.0,665,68.87218045112782,91.8796992481203,0.0,24.06015037593985,795,88.42767295597484,94.71698113207547,0.0,7.79874213836478,0.0226977302269773,0.9774022597740226,0.7553426475534262,0.9879119614920229,0.02269773022697729,0.9774022597740226,0.7553426475534257,0.9879119614920229,0.7553426475534262,0.7553426475534257,0.0008328907226238791,0.999050612929565,0.03479632352295317,0.999999193896047,0.0003512831897506451,0.9996547448296942,0.01635741405979673,1.0,0.03479632352295317,0.01635741405979673,0.707716358131415,0.061263306995844716,0.9099446952200224,0.9999999999973488,0.882349139011468,0.11813792910043769,0.9873907031795001,1.0,0.9099446952200224,0.9873907031795001,6.471702743586804e-06,0.9840420602530368,0.0024333602315886383,0.9997934568416044,4.358935239346698e-05,1.0,0.016389596499943586,1.0,0.0024333602315886383,0.016389596499943586
gRNA_5194,Idh2,-0.5024647771546255,-3.5876065226788887,-0.8642657416129726,1.6479949809717307,0.6209974660574624,-0.5370689188834588,-0.5024647771546255,,False,0.13857045285392866,-0.07144022051625594,,1859.5571622232264,0.1869688241668482,0.6017714830275741,-1.0276763471654085,-0.13099419794537326,-2.376273015633592,-0.5492406507099903,-0.13099419794537326,,False,-0.49949532849475686,0.11161279654886427,,-0.1439416035409836,-0.1439416035409836,-0.1439416035409836,-0.1439416035409836,True,-0.5932639124930399,-0.5932639124930399,-0.5932639124930399,0.0,0.0,0.0,0.0,True,,,,0.7488878398471465,0.7488878398471465,0.7488878398471465,0.7488878398471465,True,1.4906308872462783,1.4906308872462783,1.4906308872462783,-0.39379367859303305,0.5381488679767733,0.1426306576570827,1.0947543865572626,0.5670635872933671,0.38976076417829053,0.5381488679767733,0.5856493748711215,True,0.7640350459158437,0.8833078243151418,0.8547256781180438,Idh2,IDH2,R172G,R172G,targeting guide,Missense,2716,0.8836524300441826,1.2886597938144329,0.0,11.966126656848306,12908,56.06600557793616,86.35729779981406,0.2634025410598078,33.33591571118686,55686,71.51887368458858,94.60546636497504,0.8745465646661639,23.18356498940488,102361,65.34324596281787,96.2163323922197,0.001953869149383,32.10695479723723,223317,65.28746132179816,93.96060308888262,0.0013433818294173,32.11040807462038,0.7961203879612039,0.20397960203979598,0.9985561443855614,0.85727690967167,0.796120387961204,0.20397960203979604,0.9985561443855614,0.8572769096716699,0.85727690967167,0.8572769096716699,0.6042332790056268,0.1866478859344001,0.9999999956433565,0.8256424130745228,0.7355578704820886,0.2648956622798754,1.0,0.7904822937875646,0.8256424130745228,0.7904822937875646,0.014956049055413685,0.9872807587584266,0.10612646745212281,0.9999999999973488,0.008356340837703306,0.9916897060798089,0.0616075324505185,1.0,0.10612646745212281,0.0616075324505185,0.250164523502709,0.5170919452630537,0.810055401989186,0.9840937019657632,0.3477436260165703,0.652732417118384,0.8639456274350743,1.0,0.810055401989186,0.8639456274350743
gRNA_5228,Igf1r,1.928585747841895,-1.660068086560942,0.9006892421265447,-1.8329666189896725,1.8632252881720492,0.23989311451797488,0.9006892421265447,,False,0.9730312290146648,1.436444033810025,,1425.8773911733695,-0.14992849357237673,-0.8767746343772346,-0.7073029380405588,-0.33107518134072744,0.46055411628212395,-0.3209054262097547,-0.33107518134072744,-0.5162703118327244,True,-0.16060515207950649,-0.17152409649119996,-0.21441959514069397,0.22735280678478656,0.22735280678478656,0.22735280678478656,0.22735280678478656,True,0.7991393607397645,0.7991393607397645,0.7991393607397645,0.0,0.0,0.0,0.0,True,,,,-0.22225109244284358,-0.22225109244284358,-0.22225109244284358,-0.22225109244284358,True,-0.5989525198255276,-0.5989525198255276,-0.5989525198255276,0.5001559398332077,0.5718083715427594,-0.24500252608454154,1.3521038220180928,0.7938019533136272,0.5945735121246292,0.5718083715427594,0.8044675216769218,True,1.0340755896178924,0.9255901748834435,1.0596537529563326,Igf1r,IGF1R,N370S,N369S,targeting guide,Missense,7341,0.0,0.3814194251464378,1.157880397765972,10.053126277073968,17646,0.0396690468094752,79.80278816729005,0.7140428425705543,97.5291850844384,61676,0.1232245930345677,78.9610221155717,0.1605162461897658,95.08885141708282,103056,0.0,88.78182735600062,0.0,98.16604564508616,78404,0.6555787970001531,65.63695729809703,0.0,94.64057956226723,0.1292870712928707,0.8708129187081292,0.8143830778212503,0.9879119614920229,0.1292870712928707,0.8708129187081292,0.8143830778212504,0.9879119614920229,0.8143830778212503,0.8143830778212504,0.756802736992475,0.39464207720269606,0.9999999956433565,0.999999193896047,0.7023330743342973,0.29792539880298746,1.0,0.8422552627813781,0.999999193896047,0.8422552627813781,0.0026400772449903663,0.997561631959669,0.03619207372611756,0.9999999999973488,0.0011195707021146644,0.9988917330296345,0.016573983824585397,1.0,0.03619207372611756,0.016573983824585397,0.02530520291283813,0.7236294739129676,0.5596915467780669,0.9859690125412363,0.06042827571514976,0.9398397752901706,0.7329365054482682,1.0,0.5596915467780669,0.7329365054482682
gRNA_5236,Igf1r,1.094259839959943,1.376285015647674,0.3698944315320282,0.579251962303315,-0.2307370736287798,0.6377908351628361,0.579251962303315,0.8549228123607401,True,1.4003752001844223,1.0910149459560605,1.493580238834651,1446.482904051815,-0.1019587740782924,0.19752420511127522,-0.17690853324331912,0.22332381517726807,0.29967711821186654,0.08833156623575966,0.19752420511127522,,False,0.44677549568981634,0.5765029543713431,,0.25165278169078864,0.25165278169078864,0.25165278169078864,0.25165278169078864,True,0.8902674888710378,0.8902674888710378,0.8902674888710378,0.0,0.0,0.0,0.0,True,,,,0.6579515697113735,0.6579515697113735,0.6579515697113735,0.6579515697113735,True,1.2949648348837834,1.2949648348837834,1.2949648348837834,-0.24232748263227807,0.2551730537354875,0.3511560654536116,1.7662170924803378,0.3906270363113932,0.5041691530697104,0.3511560654536116,0.6907933119952075,True,0.9148796776592203,0.6484114535313708,0.953195320285701,Igf1r,IGF1R,D556G,D555G,targeting guide,Missense,4423,0.1356545331223151,0.4069635993669455,0.3617454216595071,27.990052000904363,15936,42.04317269076305,97.18875502008032,0.0,55.92369477911646,45633,34.39616067319703,98.7772007100125,0.2629675892446256,64.3832314333925,38823,42.19921180743374,96.69525796563892,0.0025757927002034,55.451665249980685,28197,30.999751746639713,98.641699471575,0.4362166187892329,66.23754300102847,0.1034896510348965,0.8966103389661034,0.8106689331066893,0.9879119614920229,0.10348965103489649,0.8966103389661034,0.8106689331066892,0.9879119614920229,0.8106689331066893,0.8106689331066892,0.4052129615209452,0.9052419631070895,0.9999999956433565,0.999999193896047,0.21896957707814885,0.781214990208272,0.7036971024049912,1.0,0.999999193896047,0.7036971024049912,0.003890505561445936,0.991241572330437,0.045312934300128276,0.9999999999973488,0.0037618792275120193,0.9963984649745927,0.04180621844428961,1.0,0.045312934300128276,0.04180621844428961,0.03953201618846545,0.9935029788126787,0.7124107290566989,0.9997934568416044,0.014561681123690119,0.9854808282963338,0.4395619191229259,1.0,0.7124107290566989,0.4395619191229259
gRNA_5373,Inha,0.16806972899903624,-3.081620310898119,0.39947075688773587,-0.615987723488763,0.7161301110996605,-0.4827874874800898,0.16806972899903624,,False,0.1968689583570515,0.649142416826387,,2358.065973791234,-0.2873921624592689,-1.1929379933246227,-0.3990439715776852,-0.47879135431377634,-1.0200875362095105,-0.6756506035769727,-0.47879135431377634,-0.6756506035769727,True,-0.6871102325092312,-0.38055894606865814,-0.3942394264830171,-0.17109248855009196,-0.17109248855009196,-0.17109248855009196,-0.17109248855009196,True,-0.6950833315483396,-0.6950833315483396,-0.6950833315483396,0.0,0.0,0.0,0.0,True,,,,0.7541157983417335,0.7541157983417335,0.7541157983417335,0.7541157983417335,True,1.5018797981486445,1.5018797981486445,1.5018797981486445,-0.3453644085202584,0.3419046923066104,0.6361881255788757,0.9429865736702155,-0.5928950180293645,0.19656399300121577,0.3419046923066104,,False,0.5093098803523877,0.6367900758757904,,Inha,INHA,V179A,V178A,targeting guide,Missense,7480,0.1871657754010695,1.8449197860962565,0.0,16.590909090909093,24826,18.00128897123983,98.94465479738984,0.0,81.09643116087972,131848,19.640040046113707,97.67307808992172,0.0,78.32655785449913,90438,31.568588425219485,98.63331785311485,0.0,67.17087949755634,79711,26.28244533376824,99.22219016196009,0.0,73.08903413581564,0.837916208379162,0.16218378162183786,0.9985561443855614,0.85727690967167,0.837916208379162,0.16218378162183777,0.9985561443855614,0.8572769096716699,0.85727690967167,0.8572769096716699,0.9819009802148867,0.11806728618204035,0.9999999956433565,0.6657491645933483,0.9513873774037582,0.04869895742674851,1.0,0.3328538146907662,0.6657491645933483,0.3328538146907662,0.049613403029634726,0.9263780050908346,0.22749560413588604,0.9999999999973488,0.043216820449799374,0.9569240302503562,0.18677614355315592,1.0,0.22749560413588604,0.18677614355315592,0.3881189609356099,0.6542417077557642,0.8749945536019875,0.9840937019657632,0.3437279695523353,0.6565781074620817,0.8639456274350743,1.0,0.8749945536019875,0.8639456274350743
gRNA_5374,Inha,-1.2764551890296005,-3.2045189955159823,0.617052531629016,-1.5496060141905288,-0.7124747230770099,-1.2252004780368213,-1.2764551890296005,-1.6857637304532804,True,-0.6004859878294866,-0.9032006253103654,-0.33016613960067576,885.0730531706582,-0.6173018685115295,0.42509822617951976,-1.4331022461099998,0.20061629424545027,-0.012827383524115348,-0.2875033955441349,-0.012827383524115348,,False,-0.11103058429358952,0.2788320101288275,,0.3247344671308699,0.3247344671308699,0.3247344671308699,0.3247344671308699,True,1.1643335000745374,1.1643335000745374,1.1643335000745374,0.0,0.0,0.0,0.0,True,,,,0.31006431445265514,0.31006431445265514,0.31006431445265514,0.31006431445265514,True,0.5464216430191392,0.5464216430191392,0.5464216430191392,-3.5513220216889074,0.01664765959179665,0.19515710452650945,0.6075483611619557,0.6163506271395113,-0.423123653853827,0.19515710452650945,0.3589259381049432,True,-0.30773295882685336,0.4524488855962932,0.6423941229182453,Inha,INHA,V179A,V178A,targeting guide,Missense,327,1.2232415902140672,2.752293577981652,6.116207951070336,29.051987767584095,5691,29.221577930065013,97.62783342119135,1.563872781584959,68.70497276401335,18872,24.28465451462484,96.5345485375159,0.900805426027978,72.70559559135226,10973,54.36070354506516,93.2926273580607,5.85983778365078,38.977490203226104,15430,32.469215813350615,95.70317563188594,2.644199611147116,63.383020090732344,0.04679532046795319,0.9533046695330467,0.7553426475534262,0.9879119614920229,0.0467953204679532,0.9533046695330467,0.7553426475534257,0.9879119614920229,0.7553426475534262,0.7553426475534257,0.6077711629820733,0.38393978360312936,0.9999999956433565,0.999999193896047,0.6110427858662888,0.3893123475947966,1.0,0.9447970845319791,0.999999193896047,0.9447970845319791,0.10911928387409472,0.47671283756992744,0.3390814110467737,0.9999999999973488,0.18509698411645237,0.8154114424641501,0.4275873790859144,1.0,0.3390814110467737,0.4275873790859144,0.8361660620752853,0.22571460006489907,0.9917363304007057,0.9840937019657632,0.8340543493279249,0.16615801819165782,0.9769608577797501,1.0,0.9840937019657632,0.9769608577797501
gRNA_5501,Inppl1,-1.8344524637486572,-3.583531548449312,0.5196332261228586,0.630940924314627,-0.8587100606297865,-1.025223984478054,-0.8587100606297865,,False,-0.38571031945042017,-0.45427535211883735,,1469.0164181352613,-0.6381214272880317,0.5783613794053933,-0.7979943249757272,0.1950357161965554,0.1314355095575106,-0.10625662942085992,0.1314355095575106,,False,0.1579719258563366,0.4829800837485566,,0.31654080164383785,0.31654080164383785,0.31654080164383785,0.31654080164383785,True,1.1336061679988727,1.1336061679988727,1.1336061679988727,0.0,0.0,0.0,0.0,True,,,,0.6315257554628393,0.6315257554628393,0.6315257554628393,0.6315257554628393,True,1.2381048520985294,1.2381048520985294,1.2381048520985294,-0.4224308175227457,0.14185790184918662,-1.1402978287276475,0.8278533041972426,0.26124379330038366,-0.06635472938071606,0.14185790184918662,,False,0.1626580461605695,0.3854955638339701,,Inppl1,INPPL1,L58P,L58P,targeting guide,Missense,1697,0.0,0.8839127872716559,0.0,9.310548025928108,12899,0.0,88.28591363671603,0.0,98.5037599813939,33658,0.4159486600511022,90.01723215877354,0.0029710618575078,98.96309941172974,51688,0.0058040550998297,87.96625909301966,0.0,99.46796161584896,29963,0.0100123485632279,76.69792744384742,0.0,98.69839468678036,0.051694830516948294,0.9484051594840516,0.7553426475534262,0.9879119614920229,0.05169483051694828,0.9484051594840516,0.7553426475534257,0.9879119614920229,0.7553426475534262,0.7553426475534257,0.4769987929849815,0.6106570101526398,0.9999999956433565,0.999999193896047,0.4264386392268245,0.5738684290473268,0.9181815541016815,1.0,0.999999193896047,0.9181815541016815,0.1767684373487377,0.7226965284069434,0.4288060157620992,0.9999999999973488,0.19525199209285043,0.8050800742768041,0.4393405933834895,1.0,0.4288060157620992,0.4393405933834895,0.5862946465499798,0.329936876167351,0.9483359320886435,0.9840937019657632,0.6460270948969526,0.35432211081891785,0.9451602633511837,1.0,0.9483359320886435,0.9451602633511837
gRNA_5621,Irf8,0.27764209901096687,-2.301757938796386,1.8831151796883796,0.2249723540248642,-2.111256897387567,-0.4054570406919485,0.2249723540248642,,False,0.2799222117640279,0.710292205892476,,1469.9804187377617,-0.2661796867950677,0.05079754763488999,1.072512735315942,0.13691825755995898,-0.25689206426340544,0.14743135789046358,0.05079754763488999,,False,0.5344901216911432,0.36886837951557977,,0.16585348285085344,0.16585348285085344,0.16585348285085344,0.16585348285085344,True,0.5685087410326689,0.5685087410326689,0.5685087410326689,0.0,0.0,0.0,0.0,True,,,,0.7680593930085284,0.7680593930085284,0.7680593930085284,0.7680593930085284,True,1.531881997712372,1.531881997712372,1.531881997712372,-0.7817783105001879,-0.4112070317325679,-0.4088876047464449,0.7534029087438822,0.4522125148809574,-0.0792515046708722,-0.4088876047464449,,False,0.1456539668428633,-0.3063391965374043,,Irf8,IRF8,T80A,T80A,targeting guide,Missense,7179,1.6436829642011423,2.493383479593258,0.0,12.996239030505642,17649,35.27678622018245,76.1119610176214,0.0226641736075698,58.09394299960338,98287,47.055053058898935,87.08170968693723,0.03459257073672,46.871915919704534,40017,40.3903341080041,85.30624484594047,0.0,53.87960116950297,50824,36.15221155359672,71.08255942074611,0.005902723122934,46.645285691799145,0.18818118188181182,0.811918808119188,0.9114056336301855,0.9879119614920229,0.18818118188181182,0.811918808119188,0.9114056336301855,0.9879119614920229,0.9114056336301855,0.9114056336301855,0.21981073389652747,0.8612779654095835,0.8410492477365105,0.999999193896047,0.17324725606950908,0.8270342390434038,0.6203901741155754,1.0,0.8410492477365105,0.6203901741155754,0.21737736896256932,0.7427624417623654,0.4836324895261897,0.9999999999973488,0.22344720440043497,0.7768725535584511,0.4821626391340823,1.0,0.4836324895261897,0.4821626391340823,0.19410018786750055,0.5585744078120413,0.7300576506065981,0.9840937019657632,0.2920933003929759,0.7084200203211252,0.8499502739874883,1.0,0.7300576506065981,0.8499502739874883
gRNA_5624,Irs1,-1.1700604478048668,-0.32280934072808737,-1.574873713991281,-0.1337952360604625,0.3067175731194081,-0.5789642330930579,-0.32280934072808737,-0.8003846846461744,True,0.09357469384651627,0.12162454647951099,0.3053734285921063,1925.2297032685647,0.29881809934925296,0.6417618048769794,-0.3335328437878567,-0.2213479623841973,0.745901807254191,0.22632018106167387,0.29881809934925296,,False,0.6515751980747712,0.7198451051933379,,0.0633866237185887,0.0633866237185887,0.0633866237185887,0.0633866237185887,True,0.18424443194040904,0.18424443194040904,0.18424443194040904,0.0,0.0,0.0,0.0,True,,,,0.5559494570627468,0.5559494570627468,0.5559494570627468,0.5559494570627468,True,1.0754885941627559,1.0754885941627559,1.0754885941627559,1.9263475248801014,-0.040393054745577174,0.061588607106112025,0.6597285800918911,1.0736719561048644,0.7361887226874784,0.6597285800918911,0.9303341670457423,True,1.220791742983948,1.0360336659059668,1.1775306735788147,Irs1,IRS1,V277A,V282A,targeting guide,Missense,3219,0.3106554830692761,3.324013668841255,1.4911463187325256,17.054986020503264,20031,2.1267036094054217,90.8441915031701,2.391293495082622,87.20982477160402,71563,1.426714922515825,90.94224669172615,0.7867193941003032,90.77735701409948,80912,0.2731362467866324,90.1769824006328,4.376359501680838,87.63471425746489,58019,0.5946327927058378,88.10906771919544,0.2257881038969992,91.8595632465227,0.32036796320367955,0.6797320267973201,0.919553157466208,0.9879119614920229,0.3203679632036796,0.6797320267973203,0.919553157466208,0.9879119614920229,0.919553157466208,0.919553157466208,0.16328995587707737,0.9159411377211079,0.7473489630795676,0.999999193896047,0.1053591848006637,0.8948043599385509,0.4872882106606286,1.0,0.7473489630795676,0.4872882106606286,6.614628566534805e-05,0.9979716540366714,0.0035530004871672668,0.9999999999973488,0.00010708465712779542,1.0,0.005032978885006385,1.0,0.0035530004871672668,0.005032978885006385,0.7082388907988076,0.5568885597669817,0.9866557117120665,0.9840937019657632,0.5825034686493025,0.41775612645222765,0.9202575807232678,1.0,0.9840937019657632,0.9202575807232678
gRNA_5625,Irs1,-0.5012069495607405,-3.3502246937555706,1.0558751356529152,-0.012052833529312376,-0.5821699101829009,-0.677955850275122,-0.5012069495607405,-1.111413596757131,True,-0.01274275559888311,-0.07008850972940457,0.08211178553133983,1776.1711101069438,0.4170372506588265,-0.5324122463739486,-1.6077723651489122,-0.3903961374661279,-0.2790575959462959,-0.47852021885529156,-0.3903961374661279,-0.7024095862338211,True,-0.3945336009301304,-0.2554698614733899,-0.42443008365641427,-0.30579466516234427,-0.30579466516234427,-0.30579466516234427,-0.30579466516234427,True,-1.2002343556693875,-1.2002343556693875,-1.2002343556693875,0.0,0.0,0.0,0.0,True,,,,0.13321119749753552,0.13321119749753552,0.13321119749753552,0.13321119749753552,True,0.16588974753953653,0.16588974753953653,0.16588974753953653,0.3730393784251784,0.0570272736928053,0.3763709386090293,1.2853438749658184,-0.6201142158509815,0.29433344996836996,0.3730393784251784,0.5229453664232079,True,0.6382164917893948,0.675900804610056,0.7960019757037333,Irs1,IRS1,V277A,V282A,targeting guide,Missense,2232,0.9408602150537636,1.9265232974910396,0.0,14.516129032258066,19932,11.453943407585792,80.20268914308649,0.0301023479831426,79.82139273530002,68837,17.044612635646526,89.70030652120225,0.0566555776689861,75.8734401557302,50242,14.346562636837708,88.35436487400979,0.1293738306596075,76.48779905258549,63407,20.77530871985743,89.58632327660983,0.1545570678316274,71.19560931758323,0.9667033296670333,0.03339666033396661,0.9985561443855614,0.570779285707793,0.9667033296670333,0.033396660333966634,0.9985561443855614,0.5707792857077933,0.570779285707793,0.5707792857077933,0.8189534679630195,0.23056729617040936,0.9999999956433565,0.8669330336007393,0.8143790667326143,0.18587540612366482,1.0,0.6759088340734449,0.8669330336007393,0.6759088340734449,0.0337892539530933,0.9593149302176687,0.17490436296695397,0.9999999999973488,0.025828217046084945,0.9742971635767046,0.13873442299039915,1.0,0.17490436296695397,0.13873442299039915,0.4881236745576307,0.5231748252036175,0.9483359320886435,0.9840937019657632,0.4816814111148884,0.518676473541812,0.9127546941314479,1.0,0.9483359320886435,0.9127546941314479
gRNA_5740,Jak1,-0.8058865259721423,-3.754889079348892,-1.2519498913068785,-0.03679228819098027,-0.46174368767644325,-1.2622522944990673,-0.8058865259721423,-1.2622522944990673,True,-0.640279808111663,-0.3975091132928775,-0.02616270016340885,3308.570567856605,-0.21761383200116627,-1.502776472737625,-0.59907305622319,-0.5445036856547912,-0.31042187742242894,-0.6348777848078402,-0.5445036856547912,-0.6348777848078402,True,-0.6265961012539194,-0.47354921937989086,-0.34823774513221667,0.04359093790845369,0.04359093790845369,0.04359093790845369,0.04359093790845369,True,0.1100079851979543,0.1100079851979543,0.1100079851979543,0.0,0.0,0.0,0.0,True,,,,-0.6093081715701718,-0.6093081715701718,-0.6093081715701718,-0.6093081715701718,True,-1.4317767669463641,-1.4317767669463641,-1.4317767669463641,0.0371927173298902,-0.02351309964086695,-0.4187150479685308,0.45861711097592867,0.5149883726163917,0.11371401066256256,0.0371927173298902,,False,0.40007422729481157,0.25401739109547006,,Jak1,JAK1,Y651H,Y652H,targeting guide,Missense,20058,16.656695582809853,20.919333931598363,0.2692192641340113,8.575132116861104,20199,7.698400910936185,79.47918213772958,0.0247537006782514,74.78588048913312,89355,7.039337474120083,88.86016451233843,0.0391696043869956,84.13183369705108,75312,6.682865944338219,85.21616741024008,0.0039834289356277,83.46744210749947,64828,7.379527364718949,83.09835256370704,0.001542543345468,81.90133892762387,0.39646035396460355,0.6036396360363965,0.9743077979783722,0.9879119614920229,0.39646035396460355,0.6036396360363964,0.9743077979783722,0.9879119614920229,0.9743077979783722,0.9743077979783722,0.9694744412158481,0.1453107442360546,0.9999999956433565,0.7383356734156288,0.9313643081021223,0.0687522235067986,1.0,0.3692976576936611,0.7383356734156288,0.3692976576936611,0.14933317740539298,0.9556882240694046,0.3872325788263485,0.9999999999973488,0.07754604840691517,0.9225782260648729,0.2603331625089295,1.0,0.3872325788263485,0.2603331625089295,0.8995608028418542,0.2402350804463091,0.9999999997953558,0.9840937019657632,0.8473466425994336,0.15285055473650128,0.9863849461838607,1.0,0.9840937019657632,0.9863849461838607
gRNA_6080,Keap1,0.5202569514205647,-2.781248285284171,-0.025572537187066646,1.0686270011801995,-0.00473704516060234,-0.24453478300621517,-0.00473704516060234,,False,0.4527534522586258,0.4634374904849958,,1299.7138123211328,0.18607636890724158,0.29427760379616624,0.8287827150797336,-0.8856228428974989,-0.7981073614309052,-0.07491870330905255,0.18607636890724158,,False,0.2044829945351314,0.5603029901376761,,0.35208375406538617,0.35208375406538617,0.35208375406538617,0.35208375406538617,True,1.2668969526586782,1.2668969526586782,1.2668969526586782,0.0,0.0,0.0,0.0,True,,,,0.45895589101522116,0.45895589101522116,0.45895589101522116,0.45895589101522116,True,0.8667891594405651,0.8667891594405651,0.8667891594405651,-0.7470001658667014,0.23594574062649415,-0.3120769275725779,0.8737146189966801,0.761602092727491,0.16243707178227723,0.23594574062649415,,False,0.4643143785916591,0.5036867004203133,,Keap1,KEAP1,Y33H,Y33H,targeting guide,Missense,3487,2.5236593059936907,4.4737596788069975,0.0,9.979925437338686,28634,0.663546832436963,61.15107913669065,0.0,70.32548718306909,132858,0.1016122476629183,61.560463050776015,0.0,71.12255189751464,177814,0.016871562419157,57.70917925472685,0.0,68.23534704803896,121135,0.0454038882238824,67.03925372518265,0.3186527428076113,75.00804887109423,0.03639636036396361,0.9637036296370363,0.7553426475534262,0.9879119614920229,0.0363963603639636,0.9637036296370363,0.7553426475534257,0.9879119614920229,0.7553426475534262,0.7553426475534257,0.3210995015438178,0.574983450533866,0.9999999956433565,0.999999193896047,0.3591191277804384,0.6412548303343072,0.8644504027850551,1.0,0.999999193896047,0.8644504027850551,0.05621847824050363,0.8919951064801863,0.23522280380056998,0.9999999999973488,0.0563750452808649,0.943794758510191,0.21629609209801226,1.0,0.23522280380056998,0.21629609209801226,0.24280347145532463,0.7659136448054095,0.8085190611078275,0.9859690125412363,0.20636905757814283,0.7938915182182011,0.7810433852521655,1.0,0.8085190611078275,0.7810433852521655
gRNA_6081,Keap1,-0.6547508290234473,-2.5336020082214104,-0.6046590324241128,-0.7153313455726126,0.49053244446560296,-0.8035621541551959,-0.6547508290234473,-1.1270858038103957,True,-0.14764450024088122,-0.23509277512615548,0.07086201883488505,1178.0087362554602,0.19742899360845373,1.841629499821432,0.6218760152799466,0.48212557929580757,-0.8038208011529326,0.4678478573705414,0.48212557929580757,0.78576502200141,True,1.010045324673189,0.9792456212359659,1.2545937412604096,-0.376305566048993,-0.376305566048993,-0.376305566048993,-0.376305566048993,True,-1.4646595839054435,-1.4646595839054435,-1.4646595839054435,0.0,0.0,0.0,0.0,True,,,,0.45679478767140885,0.45679478767140885,0.45679478767140885,0.45679478767140885,True,0.862139149500639,0.862139149500639,0.862139149500639,-0.357779699815009,-0.009040034803730983,-0.8335843369447578,0.3242518258151503,0.4933754499594087,-0.07655535915778776,-0.009040034803730983,,False,0.14920876803348018,0.19594079380938947,,Keap1,KEAP1,Y33H,Y33H,targeting guide,Missense,3463,6.497256713831938,8.143228414669363,1.1839445567427087,24.718452209067284,18381,7.083401338338502,89.5489908057233,0.0108808008269408,84.50029922202275,62124,7.924473633378404,80.81256841156397,0.0128774708647221,83.39450131994076,69966,5.5798530714918675,85.33430523397078,0.0085755938598747,82.23136952233942,41422,3.0925595094394285,92.8274829800589,0.0072425281251508,87.92187726329004,0.9913008699130087,0.008799120087991203,0.9985561443855614,0.4726384504406704,0.9913008699130087,0.008799120087991195,0.9985561443855614,0.47263845044066993,0.4726384504406704,0.47263845044066993,0.017134066066435825,0.9068855811490558,0.23340132564334026,0.999999193896047,0.02387990307792683,0.9763454361903283,0.20057419454421388,1.0,0.23340132564334026,0.20057419454421388,0.2900256108576518,0.8054353563606983,0.568884536697284,0.9999999999973488,0.2222644862866195,0.7779784344139355,0.4821626391340823,1.0,0.568884536697284,0.4821626391340823,0.7675085388023042,0.430469468232897,0.9866557117120665,0.9840937019657632,0.6865527975339275,0.31370251981444236,0.9641177804211494,1.0,0.9840937019657632,0.9641177804211494
gRNA_6087,Keap1,-0.6201459740257587,-1.5953820527464444,-0.10286127583958231,0.1804894529730751,2.363888915282062,0.04519781312867037,-0.10286127583958231,,False,0.7639275851713287,0.3579893498136581,,1302.003313752071,0.04870862541054879,-0.6364145954688846,1.1167632109528822,0.9792652615129969,-0.5359432684728025,0.19447584678694815,0.04870862541054879,,False,0.6043125294093991,0.36591232173154925,,-0.07827616847348831,-0.07827616847348831,-0.07827616847348831,-0.07827616847348831,True,-0.34700982359896154,-0.34700982359896154,-0.34700982359896154,0.0,0.0,0.0,0.0,True,,,,0.713987287159438,0.713987287159438,0.713987287159438,0.713987287159438,True,1.4155359514249906,1.4155359514249906,1.4155359514249906,-1.5349195309033534,-1.3144039106344878,-0.261502923680402,1.1583318620822654,1.0086001199260592,-0.1887788766419837,-0.261502923680402,,False,0.0012448352145691007,-0.12119770325854473,,Keap1,KEAP1,H311R,H311R,targeting guide,Missense,2123,0.0942063118228921,1.6486104569006126,0.0942063118228921,12.246820536975978,18722,2.4890503151372716,89.17316526012178,0.0427304775130862,96.6723640636684,130537,1.9979009782666983,87.14234278403823,0.0022981989780675,94.40158728942752,98689,2.94460375523108,94.97613715814326,0.0010132841552756,96.45857187731156,73174,5.665946921037527,91.14712876158198,1.8011862136824557,92.16661655779376,0.670932906709329,0.3291670832916709,0.9985561443855614,0.9546052913505642,0.670932906709329,0.32916708329167077,0.9985561443855614,0.9546052913505642,0.9546052913505642,0.9546052913505642,0.08079056038477143,0.7549858797869387,0.5148686560114247,0.999999193896047,0.12179541123342308,0.8785365347147076,0.4909847379262385,1.0,0.5148686560114247,0.4909847379262385,0.05050451502358785,0.32113385024954705,0.22846771871176585,0.9999999999973488,0.2511869855413277,0.7497599027724394,0.5023739710826554,1.0,0.22846771871176585,0.5023739710826554,0.13294663066435108,0.7530167230295226,0.7223428403754732,0.9859690125412363,0.1777320209473328,0.822826968753545,0.7810433852521655,1.0,0.7223428403754732,0.7810433852521655
gRNA_6111,Kit,1.0928345667512898,-3.328112721838815,-1.4338363005015904,0.3083840774035573,0.6346178789673921,-0.5452224998436332,0.3083840774035573,,False,0.12981346962434884,0.7999297101013045,,2219.4908871818043,0.16385736267217924,-0.13332631266421222,0.6593776184508601,0.2508873234149688,0.835472085825608,0.3552536155398808,0.2508873234149688,0.47739859759090403,True,0.8429353986385637,0.6520177147600509,0.9066812244599531,0.11357849895496416,0.11357849895496416,0.11357849895496416,0.11357849895496416,True,0.37247061963739925,0.37247061963739925,0.37247061963739925,0.0,0.0,0.0,0.0,True,,,,0.08481827820341481,0.08481827820341481,0.08481827820341481,0.08481827820341481,True,0.061763512029328275,0.061763512029328275,0.061763512029328275,0.4767615004003696,0.5368834007662292,0.05294336151287221,0.9704429755393926,-0.022800344818931874,0.40284617867998646,0.4767615004003696,0.509257809554716,True,0.7812878413694279,0.8061943222920867,0.7831832734194615,Kit,KIT,I800V,I798V,targeting guide,Missense,9504,0.3156565656565656,0.5155723905723906,0.0,6.839225589225589,18819,71.77320792815772,93.1345980126468,0.0053137786279823,21.85557149689144,70469,57.209553136840306,97.09375753877592,0.0014190637017695,40.36668606053726,129659,69.01564874015688,96.67898101944331,0.0,28.45772372145397,109617,68.83147686946369,93.6050065227109,0.0,25.73779614475857,0.2804719528047195,0.7196280371962804,0.9114056336301855,0.9879119614920229,0.28047195280471954,0.7196280371962803,0.9114056336301855,0.9879119614920229,0.9114056336301855,0.9114056336301855,0.09044232827354393,0.9762711235631559,0.5484889585621374,0.999999193896047,0.043012337745941515,0.9570788012835794,0.2837305086398949,1.0,0.5484889585621374,0.2837305086398949,0.017486595334647134,0.996199650137564,0.11740999724691648,0.9999999999973488,0.00660617105487956,0.9934246771339749,0.05626539443068364,1.0,0.11740999724691648,0.05626539443068364,0.2780012191975331,0.5458629101277419,0.8441708762647215,0.9840937019657632,0.33335208268481886,0.6670237938205217,0.8639456274350743,1.0,0.8441708762647215,0.8639456274350743
gRNA_6125,Kit,-2.054047541360267,-1.4885010750457026,0.4795828735623704,0.501991564719112,-3.2871953315618416,-1.169633901937266,-1.4885010750457026,,False,-0.5408072310469495,-1.131073437791883,,513.3303208314505,0.04137809119684016,-0.5637485516700245,1.2866194832457105,-1.0933700802526598,-0.41834439384690836,-0.14949309026540838,-0.41834439384690836,,False,0.0938013105898998,-0.29501975943598197,,0.385278167514323,0.385278167514323,0.385278167514323,0.385278167514323,True,1.391380404749405,1.391380404749405,1.391380404749405,0.0,0.0,0.0,0.0,True,,,,0.7206306450928608,0.7206306450928608,0.7206306450928608,0.7206306450928608,True,1.4298303536401142,1.4298303536401142,1.4298303536401142,1.217481953354483,0.708149036816819,0.8510784595008355,1.156642227769498,0.9702544886933391,0.9807212332269948,0.9702544886933391,0.9807212332269948,True,1.5432018115028223,1.4261096901196706,1.2247192848526205,Kit,KIT,L579P,L576P,targeting guide,Missense,2634,0.3796507213363705,0.4935459377372816,0.3037205770690964,5.960516324981017,6491,7.533507934062548,80.23417038977045,0.8011092281620705,86.33492528115852,24382,25.280944959396273,90.02542859486506,1.410876876384218,70.7817242227873,35927,8.48387006986389,96.55969048348038,0.2254571770534695,84.46293873688312,23834,13.073760174540572,80.91801627926492,3.159352185952841,73.81471846941345,0.026797320267973195,0.9733026697330267,0.7553426475534262,0.9879119614920229,0.026797320267973195,0.9733026697330267,0.7553426475534257,0.9879119614920229,0.7553426475534262,0.7553426475534257,0.2785385087635286,0.3998772490324291,0.9608300852760253,0.999999193896047,0.4782126068182764,0.5225635999013354,0.9554567007908408,1.0,0.9608300852760253,0.9554567007908408,3.841952168240395e-05,0.9999996805400123,0.0031124720541639357,0.9999999999973488,4.0812156032000945e-06,0.9999960071283216,0.0005115123556010785,1.0,0.0031124720541639357,0.0005115123556010785,0.6630080646401157,0.27510681474792603,0.9780765380247597,0.9840937019657632,0.7209882361852858,0.27932024117896526,0.9641177804211494,1.0,0.9780765380247597,0.9641177804211494
gRNA_6472,Kmt2d,-1.2858439385200802,-3.9026099519434307,-1.7126196285329631,-0.8848615800464076,-1.169884806878158,-1.791163981184208,-1.2858439385200802,-1.791163981184208,True,-1.2083333778074303,-0.913290143160844,-0.4058241644366719,766.0189787618617,0.04270205042404154,0.4414403498197684,0.12276632428141131,-0.38121387848990224,-1.3724004032912416,-0.22934111145118452,0.04270205042404154,,False,-0.02470738663490533,0.3574123486175061,,0.09707493515317785,0.09707493515317785,0.09707493515317785,0.09707493515317785,True,0.3105800669693653,0.3105800669693653,0.3105800669693653,0.0,0.0,0.0,0.0,True,,,,0.4101026570967477,0.4101026570967477,0.4101026570967477,0.4101026570967477,True,0.7616724726477458,0.7616724726477458,0.7616724726477458,-0.5804574816471211,0.19525268613712263,-2.0624357013169448,1.2278625552605484,-0.8825068797395733,-0.42045696426119356,-0.5804574816471211,,False,-0.3042169945389859,-0.521861617058351,,Kmt2d,KMT2D,K4845R,K4794R,targeting guide,Missense,692,0.0,0.1445086705202312,0.0,27.74566473988439,10605,0.2074493163602074,83.36633663366337,0.0848656294200848,98.1046676096181,44283,6.036176410812276,91.59948512973376,0.2461441185104893,91.04622541381568,28548,0.0035028723553313,84.82905982905983,0.038531595908645,99.28891691186772,33648,0.7935092724679029,78.94377080361389,0.0772705658582976,95.87196861626248,0.29157084291570845,0.7085291470852915,0.9114056336301855,0.9879119614920229,0.29157084291570845,0.7085291470852915,0.9114056336301855,0.9879119614920229,0.9114056336301855,0.9114056336301855,0.5833601885034889,0.4562376682250079,0.9999999956433565,0.999999193896047,0.5553978634780653,0.44495120512857717,1.0,0.9880092647090372,0.999999193896047,0.9880092647090372,0.2219729362881377,0.2370196419339686,0.4879770626792778,0.9999999999973488,0.5263520584905251,0.47462950841802365,0.7791668267418798,1.0,0.4879770626792778,0.7791668267418798,0.9916645596907189,0.0735737709037306,0.9999999997953558,0.9840937019657632,0.9733403521962318,0.026720390859334676,1.0,0.679698988228309,0.9840937019657632,0.679698988228309
gRNA_6480,Kmt2d,-1.7261714850102223,-5.152804409271454,-4.155638771029372,0.46779329099121725,-1.4122270787151012,-2.395809690606986,-1.7261714850102223,-3.111710436006537,True,-1.8577256341810473,-1.38648336712264,-1.3537340202783905,1005.4526284078928,-0.32684529177036287,-0.21459598598585553,-0.47114953911560303,0.21263033287100322,0.5056043215295989,-0.058871232494243864,-0.21459598598585553,,False,0.22830030186190123,-0.006693051996489171,,-0.3553748480410774,-0.3553748480410774,-0.3553748480410774,-0.3553748480410774,True,-1.3861666159133752,-1.3861666159133752,-1.3861666159133752,0.0,0.0,0.0,0.0,True,,,,-0.1974141080848772,-0.1974141080848772,-0.1974141080848772,-0.1974141080848772,True,-0.5455111957569637,-0.5455111957569637,-0.5455111957569637,-0.1637100501272461,-1.3209038504129496,-1.2163166840436601,-0.4291087350650222,-4.718585763035178,-1.569725016536811,-1.2163166840436601,-1.569725016536811,True,-1.819498503174445,-1.3206143869886797,-1.1638305112777958,Kmt2d,KMT2D,Non-coding,,targeting guide,Intron,3005,0.0332778702163061,0.1331114808652246,0.0,24.359400998336103,5159,18.588873812754407,98.9145183175034,0.0,80.6939329327389,16148,21.340104037651724,83.00718355214268,0.0,64.69531830567253,13335,10.783652043494564,97.6752905886764,0.0,84.51443569553805,7507,5.994405221792993,91.12828027174636,0.2131344078859731,85.10723324896763,0.9819018098190181,0.018198180181981806,0.9985561443855614,0.570779285707793,0.9819018098190181,0.018198180181981792,0.9985561443855614,0.5707792857077933,0.570779285707793,0.5707792857077933,0.5209702618156644,0.7201996478866587,0.9999999956433565,0.999999193896047,0.3953197471736341,0.6049449884214454,0.9063428349834538,1.0,0.999999193896047,0.9063428349834538,0.977834477511548,0.02537456802112485,0.9999999989234004,0.9999999999973488,0.9839154407743879,0.016160683075262302,1.0,0.6525772433264331,0.9999999989234004,0.6525772433264331,0.9319634773900062,0.022283895631929725,0.9999999997953558,0.6982287298004648,0.9790337065369888,0.021060997758021446,1.0,0.679698988228309,0.6982287298004648,0.679698988228309
gRNA_6629,Kmt2d,-0.6445977713764195,-5.026554960458894,-1.537331272014782,0.9827829075906591,-2.819282661048484,-1.8089967514615843,-1.537331272014782,-2.5069416662246446,True,-1.2274858546171525,-1.1835482795651662,-0.9196211003670222,1077.511673444796,0.35702071653563944,1.024425431287532,0.5066210793175503,0.5954082048780117,-0.07549005544892351,0.481597075313962,0.5066210793175503,0.6208688580046834,True,1.03045161505005,1.013909484097508,1.0685506610628386,-0.05903038665218521,-0.05903038665218521,-0.05903038665218521,-0.05903038665218521,True,-0.27483558973318745,-0.27483558973318745,-0.27483558973318745,0.0,0.0,0.0,0.0,True,,,,0.15643749502564522,0.15643749502564522,0.15643749502564522,0.15643749502564522,True,0.2158653836805027,0.2158653836805027,0.2158653836805027,-0.6180337199244007,-0.14430555824580932,-0.21141803431214728,0.9006703440817289,-0.31752797126879306,-0.07812298793388431,-0.21141803431214728,-0.3228213209377876,True,0.1471418882554158,-0.05828213332770483,0.003922609648836887,Kmt2d,KMT2D,M3726V,M3728V,targeting guide,Missense,1057,0.0,0.5676442762535477,1.3245033112582782,15.89403973509934,15638,0.4796009719913032,39.09067655710449,0.1023148740248113,91.69970584473718,61571,0.2614867388868136,29.258904354322652,0.2598625976514918,95.00251741891476,82135,2.8915809338284535,22.732087417057283,0.0,92.2164728800146,70061,0.2654829362983685,23.735030901642855,0.0071366380725367,95.3240747348739,0.6334366563343665,0.3666633336666335,0.9985561443855614,0.9640938004101692,0.6334366563343665,0.36666333366663334,0.9985561443855614,0.9640938004101688,0.9640938004101692,0.9640938004101688,0.035468532422767866,0.9924436411717596,0.3305887743243909,0.999999193896047,0.0139908740104319,0.9860542619304804,0.15941117054310286,1.0,0.3305887743243909,0.15941117054310286,0.2437613361568661,0.7978577455188691,0.5178206914970714,0.9999999999973488,0.22483611784364216,0.7755312964016479,0.4821626391340823,1.0,0.5178206914970714,0.4821626391340823,0.7710660405966663,0.07249505516471402,0.9866557117120665,0.9840937019657632,0.9067687501446828,0.09350350127108675,0.9918167876570679,0.9206266127436572,0.9840937019657632,0.9206266127436572
gRNA_6712,Kras,1.2139364333378084,1.9679088804751408,-0.23999255159808836,0.9840089606036938,0.28791291096124594,0.84275492675596,0.9840089606036938,1.113441796344472,True,1.6205075716557964,1.5259826659488935,1.6791493961675803,2017.7737611086006,0.17974524305942957,0.45649980257269474,0.6663159776481802,0.6942728573714718,0.17218425964443798,0.43380362805924283,0.45649980257269474,0.43380362805924283,True,0.9595176196181362,0.9429822908584672,0.8574954689141147,0.36558688612371226,0.36558688612371226,0.36558688612371226,0.36558688612371226,True,1.3175354884244377,1.3175354884244377,1.3175354884244377,0.0,0.0,0.0,0.0,True,,,,0.2177204080723432,0.2177204080723432,0.2177204080723432,0.2177204080723432,True,0.34772680327928557,0.34772680327928557,0.34772680327928557,-0.09366863424348483,0.1533223771131784,-0.6189022438889717,0.6752573355663332,0.5930297600076536,0.14180771891094174,0.1533223771131784,,False,0.4371150869388934,0.39989699317304006,,Kras,KRAS,Q61R,Q61R,targeting guide,Missense,10310,0.0484966052376333,0.7274490785645005,0.0,9.50533462657614,32467,9.197030831305634,81.439615609696,0.1694027782055625,81.78458126713278,145233,17.103550845882136,80.17599305942863,1.5616285554935865,71.5037216059711,168416,4.899178225346761,86.0826762302869,0.0011875356260687,87.09148774463233,140682,7.493495969633641,85.69255483999373,1.7891414679916406,84.70877582064514,0.03639636036396361,0.9637036296370363,0.7553426475534262,0.9879119614920229,0.0363963603639636,0.9637036296370363,0.7553426475534257,0.9879119614920229,0.7553426475534262,0.7553426475534257,0.07006296183186128,0.9930526098186057,0.4999091099301736,0.999999193896047,0.023884763026662172,0.9761671421293557,0.20057419454421388,1.0,0.4999091099301736,0.20057419454421388,0.09467618193307951,0.9401381767828954,0.3095499513638078,0.9999999999973488,0.06119388942653439,0.938935836197478,0.22338740217841682,1.0,0.3095499513638078,0.22338740217841682,0.013076602604166414,0.995483741008176,0.4402270729069335,0.9997934568416044,0.005365188595489729,0.9946627584386716,0.22414565687823756,1.0,0.4402270729069335,0.22414565687823756
gRNA_6743,Lats1,0.7889356849127038,-3.2307525456776407,-1.555943856193043,0.5823989004174258,1.482385892196805,-0.3865951848687498,0.5823989004174258,,False,0.3001799311549652,1.0943967688824117,,2467.359542099714,-0.15907604188526414,0.5864940251987657,0.31249924119763983,0.3246722725050968,0.7347275491187534,0.35986340922699833,0.3246722725050968,0.4895982720050639,True,0.8497771542165059,0.7564316419807987,0.9204454318884708,0.060294145466993174,0.060294145466993174,0.060294145466993174,0.060294145466993174,True,0.17264722842704386,0.17264722842704386,0.17264722842704386,0.0,0.0,0.0,0.0,True,,,,-0.0929713739641436,-0.0929713739641436,-0.0929713739641436,-0.0929713739641436,True,-0.32078351061177734,-0.32078351061177734,-0.32078351061177734,-0.1838466715626937,-0.03000099178942493,-0.07013445649747463,0.9431167967736667,1.303771501499714,0.3925812356847575,-0.03000099178942493,,False,0.7677537678544901,0.16961008665030308,,Lats1,LATS1,H748R,H749R,targeting guide,Missense,5021,1.0356502688707427,1.3543118900617408,0.0,31.62716590320653,21191,79.81690340238781,96.28144023406163,0.0,18.045396630645087,109905,76.75265001592284,99.23661343887905,0.00818889040535,22.699604203630408,101451,84.94347024672008,98.73337867541966,0.2848665858394693,13.551369626716344,75238,82.24035726627503,99.0310747228794,0.0,17.0113506472793,0.3252674732526747,0.6748325167483251,0.919553157466208,0.9879119614920229,0.3252674732526747,0.6748325167483251,0.919553157466208,0.9879119614920229,0.919553157466208,0.919553157466208,0.09704538918349544,0.9814283821771436,0.5657403028760767,0.999999193896047,0.041047730276983975,0.9590312285206318,0.27838108784830223,1.0,0.5657403028760767,0.27838108784830223,0.014011079092804054,0.9804759246799375,0.10329736742930049,0.9999999999973488,0.010922047349334836,0.9891561726697055,0.07333374648839104,1.0,0.10329736742930049,0.07333374648839104,0.1442607455960582,0.58580096918926,0.7274739925399841,0.9840937019657632,0.21885279049105627,0.7815278717131312,0.7891586160513889,1.0,0.7274739925399841,0.7891586160513889
gRNA_6745,Lats1,0.6668785413891819,0.850622091193771,1.6759807030997023,1.7669277269205608,0.6214881013714154,1.1163794327949264,0.850622091193771,1.1163794327949264,True,1.9143815421589379,1.3826399128702704,1.6812580796857532,1983.67223979515,0.0382167043275798,-0.843699083290267,0.6170448708894871,0.13783903308091477,-0.09017201228838093,-0.02815409745613324,0.0382167043275798,,False,0.2738900059245157,0.35106508394292113,,0.15014683132814832,0.15014683132814832,0.15014683132814832,0.15014683132814832,True,0.50960671508363,0.50960671508363,0.50960671508363,0.0,0.0,0.0,0.0,True,,,,0.4356915464884245,0.4356915464884245,0.4356915464884245,0.4356915464884245,True,0.8167316582085169,0.8167316582085169,0.8167316582085169,1.0427688902382264,0.2808402892825686,1.0938102033158645,1.3962985238391288,1.0565711882149482,0.9740578189781474,1.0565711882149482,0.9740578189781474,True,1.5344162645839252,1.5345388872977164,1.218478848792817,Lats1,LATS1,H748R,H749R,targeting guide,Missense,7134,0.2803476310625175,0.7008690776562938,0.0,31.06251752172694,24820,78.64625302175665,92.64705882352942,0.0,16.277195809830783,78141,79.7020770146274,95.2777671132952,0.0,16.179726392034908,89954,83.68610623207418,96.19472174667052,0.0,13.697000689241168,58125,77.12344086021506,93.48817204301076,0.0,18.06967741935484,0.21237876212378756,0.7877212278772123,0.9114056336301855,0.9879119614920229,0.21237876212378753,0.7877212278772123,0.9114056336301855,0.9879119614920229,0.9114056336301855,0.9114056336301855,0.4236291806168422,0.7298008278745406,0.9999999956433565,0.999999193896047,0.3321344747929525,0.6681418654707099,0.8418268945107517,1.0,0.999999193896047,0.8418268945107517,4.711161391141467e-05,0.9999895417417259,0.0031124720541639357,0.9999999999973488,8.013436629820964e-06,0.9999921810335916,0.0007532630432031706,1.0,0.0031124720541639357,0.0007532630432031706,0.00406998850185409,0.9997934568416044,0.2550526127828563,0.9997934568416044,0.0008960065450371745,0.9991097891252603,0.11229948697799255,1.0,0.2550526127828563,0.11229948697799255
gRNA_6781,Lck,0.13182544907543822,-3.200193344232385,-1.0546422960652109,0.5770645461423737,-0.630350965437266,-0.8352593221034098,-0.630350965437266,,False,-0.18168740353741564,-0.20887172625786346,,1807.9831299894563,-0.1308266592872898,-0.090974592197599,-0.15912686213060584,-1.291216901692399,0.5041476395605504,-0.23359947514946863,-0.1308266592872898,-0.4180362538269734,True,-0.031027557463170645,0.11184988242433762,-0.10358762495575038,-0.13706388069977932,-0.13706388069977932,-0.13706388069977932,-0.13706388069977932,True,-0.5674715398363159,-0.5674715398363159,-0.5674715398363159,0.0,0.0,0.0,0.0,True,,,,0.24754221989224726,0.24754221989224726,0.24754221989224726,0.24754221989224726,True,0.41189389727143705,0.41189389727143705,0.41189389727143705,-0.13413663559590083,-0.39615181536139044,-0.0832445780165418,0.6161323592437814,0.25581911461302137,0.051683688976593936,-0.0832445780165418,,False,0.3182887819939133,0.10272662908667093,,Lck,LCK,T497A,T486A,targeting guide,Missense,2809,2.491990032039872,3.9515841936632254,0.0,11.783552865788536,19339,65.15331713118569,76.95847768757433,0.0051708981850147,13.837323543099435,73653,67.42020012762549,80.27371593825099,0.0027154358953471,15.034010834589225,66128,64.2995402855069,77.97755867408662,0.0045366561819501,16.147471570287927,55568,68.7482004031097,79.76353296861502,0.0035991937805931,12.428016124388137,0.7926207379262074,0.20747925207479248,0.9985561443855614,0.85727690967167,0.7926207379262074,0.20747925207479245,0.9985561443855614,0.8572769096716699,0.85727690967167,0.8572769096716699,0.612918122666327,0.4763753291448285,0.9999999956433565,0.999999193896047,0.5666674228843117,0.4336627925771776,1.0,0.9880092647090372,0.999999193896047,0.9880092647090372,0.21043896745698878,0.9305823914804198,0.4787035728155444,0.9999999999973488,0.12066492677817148,0.8795019105400603,0.3373799672120785,1.0,0.4787035728155444,0.3373799672120785,0.6503914000669875,0.4392253343700223,0.9780765380247597,0.9840937019657632,0.6133843758126388,0.38692198163017955,0.9267076074036414,1.0,0.9780765380247597,0.9267076074036414
gRNA_6782,Lck,-3.6826459991083937,-5.138561189201132,-4.511469162174117,-1.2156180795675147,-0.06783132084513116,-2.9232251501792574,-3.6826459991083937,-2.9232251501792574,True,-2.4241722491168094,-3.488987492301027,-1.2184361975744855,643.3499020936888,-0.7699406464512787,-0.8947924870314377,0.995981874512133,-0.5829605188116832,0.30387396466548267,-0.18956756262335678,-0.5829605188116832,,False,0.034323649896688645,-0.5279699247933937,,0.07597366481308222,0.07597366481308222,0.07597366481308222,0.07597366481308222,True,0.23144750511598214,0.23144750511598214,0.23144750511598214,0.0,0.0,0.0,0.0,True,,,,0.07792643091398663,0.07792643091398663,0.07792643091398663,0.07792643091398663,True,0.04693443942063005,0.04693443942063005,0.04693443942063005,-2.088635224421219,0.22738834492159923,-0.7715228437998818,-0.09379715265076588,0.7611158137084161,-0.3930902124483703,-0.09379715265076588,,False,-0.2681346089795184,0.08947070987182795,,Lck,LCK,T497A,T486A,targeting guide,Missense,137,6.569343065693431,9.48905109489051,0.0,28.467153284671532,3440,59.47674418604652,90.81395348837208,0.0,33.08139534883721,9559,61.98347107438017,92.133068312585,0.0,31.321267915053873,18288,61.87117235345582,92.19706911636044,0.0,31.561679790026247,11840,60.54898648648649,92.17905405405403,0.0337837837837837,32.77027027027027,0.30056994300569945,0.6995300469953005,0.9114056336301855,0.9879119614920229,0.30056994300569945,0.6995300469953005,0.9114056336301855,0.9879119614920229,0.9114056336301855,0.9114056336301855,0.37230599909990647,0.39874551821677046,0.9999999956433565,0.999999193896047,0.5151386546307558,0.48534305198418654,0.9823790496205694,1.0,0.999999193896047,0.9823790496205694,0.30446695530136547,0.3367528313741611,0.5782619312079014,0.9999999999973488,0.46643211338099944,0.5341577685250155,0.7399935638449611,1.0,0.5782619312079014,0.7399935638449611,0.9858917658281808,0.007492011562154788,0.9999999997953558,0.40242804962431433,0.9952716248677714,0.004759097842684735,1.0,0.22367759860618255,0.40242804962431433,0.22367759860618255
gRNA_6797,Lyn,0.21938264492566836,-1.2582741980415904,-0.2221256606431997,0.032605931128628036,-0.20063614343201583,-0.2858094852125019,-0.20063614343201583,,False,0.40842423338022277,0.2529166483956079,,1888.3566802229252,-0.14323445537793314,0.05178296296100385,0.07462867280349904,0.31428785486529154,0.055272756107331344,0.07054755827183853,0.055272756107331344,0.12399306168428144,True,0.42038085767698,0.37520129832221055,0.5079536078475588,0.09944185683585968,0.09944185683585968,0.09944185683585968,0.09944185683585968,True,0.3194563371387984,0.3194563371387984,0.3194563371387984,0.0,0.0,0.0,0.0,True,,,,0.167374813683476,0.167374813683476,0.167374813683476,0.167374813683476,True,0.23939902940858435,0.23939902940858435,0.23939902940858435,-0.22810508485379957,0.04645480570817911,0.10027199180574589,0.3004686016493414,-0.5682248053292585,-0.06982689820395832,0.04645480570817911,,False,0.1580800774244667,0.26565222899608465,,Lyn,LYN,V303A,V303A,targeting guide,Missense,3148,1.1118170266836087,1.6836086404066073,0.0,16.93138500635324,16372,66.16784754458833,89.17664304910822,1.1605179574883948,24.071585634009285,75205,85.58074596103982,92.3542317665049,0.002659397646433,7.410411541785786,57031,83.68957233785135,87.7663025372166,0.0,5.433886833476531,47237,78.3284289857527,86.87681266803565,0.0,9.890551897876666,0.29157084291570845,0.7085291470852915,0.9114056336301855,0.9879119614920229,0.29157084291570845,0.7085291470852915,0.9114056336301855,0.9879119614920229,0.9114056336301855,0.9114056336301855,0.4440835910765293,0.8984662559655668,0.9999999956433565,0.999999193896047,0.2416288893884324,0.7585609579102484,0.7367036368094579,1.0,0.999999193896047,0.7367036368094579,0.3938029111882676,0.8682301544274211,0.681418624890434,0.9999999999973488,0.23838484812564248,0.7618206741800079,0.4881606798297918,1.0,0.681418624890434,0.4881606798297918,0.5592484414114796,0.767748917507237,0.9483359320886435,0.9859690125412363,0.3799100866847711,0.6203291897148758,0.8753337618485687,1.0,0.9483359320886435,0.8753337618485687
gRNA_6833,Map2k1,-1.7154769037708328,-0.26893830386536394,0.2934257724148217,0.1028140867932312,0.80770324040006,-0.15609442160561676,0.1028140867932312,,False,0.5477388047541564,0.5790161484082615,,1135.5927097454435,0.9159809538167039,0.12999898511797164,-0.46260920468396,0.46902692527267,1.2928053222646543,0.469040596357608,0.46902692527267,0.701953046618,True,1.0118155619487956,0.9607095657839112,1.16003339686039,0.47198604438249714,0.47198604438249714,0.47198604438249714,0.47198604438249714,True,1.7165464406732511,1.7165464406732511,1.7165464406732511,0.0,0.0,0.0,0.0,True,,,,0.3176902242620681,0.3176902242620681,0.3176902242620681,0.3176902242620681,True,0.562830185681516,0.562830185681516,0.562830185681516,-0.3118613841428466,0.793344215834482,0.14824448373393426,1.6308627057583955,-0.31012112112855134,0.3900937800110828,0.14824448373393426,,False,0.7644741190567997,0.39351825179948563,,Map2k1,MAP2K1,N122D,N122D,targeting guide,Missense,3191,0.0626762770291444,0.3133813851457223,0.0,22.845502977123157,11864,0.7670262980445044,98.32265677680375,0.0,98.22151045178693,33597,15.929993749441914,94.66916688990088,0.4286096972944013,79.16778283775338,42320,1.2074669187145557,99.2391304347826,0.0,98.4640831758034,14826,1.2005935518683393,98.93430460002698,0.0,98.12491568865508,0.0226977302269773,0.9774022597740226,0.7553426475534262,0.9879119614920229,0.02269773022697729,0.9774022597740226,0.7553426475534257,0.9879119614920229,0.7553426475534262,0.7553426475534257,0.01868119267691224,0.957566056285841,0.23340132564334026,0.999999193896047,0.016473281960035602,0.983618638818715,0.1701675579536568,1.0,0.23340132564334026,0.1701675579536568,0.004425794035156146,0.9614454921481338,0.048944075212315016,0.9999999999973488,0.008249941394625036,0.992077860787526,0.0616075324505185,1.0,0.048944075212315016,0.0616075324505185,0.3384266714768004,0.8075630745449955,0.8749945536019875,0.9859690125412363,0.24335740722623656,0.7568810552243941,0.8053281996301389,1.0,0.8749945536019875,0.8053281996301389
gRNA_6834,Map2k1,0.4558765442619351,-2.9200373794098464,1.9245485951072399,-0.4839706920631335,1.8163909497319017,0.15856160352561935,0.4558765442619351,,False,0.8856808143594083,0.9584308905500654,,823.9795149871968,-0.0930935882307913,0.35886075442490006,-0.7030657045424875,0.27298020918160887,0.39684038028483076,0.04650441022361218,0.27298020918160887,,False,0.3846965400186985,0.6832816106491231,,0.076567928268661,0.076567928268661,0.076567928268661,0.076567928268661,True,0.233676071875133,0.233676071875133,0.233676071875133,0.0,0.0,0.0,0.0,True,,,,0.7346985169008021,0.7346985169008021,0.7346985169008021,0.7346985169008021,True,1.4600999582510328,1.4600999582510328,1.4600999582510328,1.3095242331099524,0.715888348328503,0.03571218865329814,-0.22895639115792443,0.5000221291197866,0.4664381016107232,0.5000221291197866,0.640286724802885,True,0.8651322192973784,0.8354138280410475,0.9058947749193215,Map2k1,MAP2K1,N122D,N122D,targeting guide,Missense,2113,0.0,0.1893043066729768,0.0473260766682442,19.68764789398959,5955,0.7724601175482787,98.25356842989083,0.0,97.78337531486146,39472,11.962910417511146,98.61420753952169,0.0025334414268342,86.74756789623024,13904,0.143843498273878,99.8921173762946,0.0,99.77704257767547,16141,1.412551886500217,98.79189641286166,0.0061954030109658,97.52183879561366,0.30056994300569945,0.6995300469953005,0.9114056336301855,0.9879119614920229,0.30056994300569945,0.6995300469953005,0.9114056336301855,0.9879119614920229,0.9114056336301855,0.9114056336301855,0.359621947370202,0.8210056279512603,0.9999999956433565,0.999999193896047,0.24553008075707822,0.7546962530819825,0.7381937841939381,1.0,0.999999193896047,0.7381937841939381,0.009497563589631743,0.9923476723974809,0.08024248941372644,0.9999999999973488,0.005114395029633155,0.9949222940465737,0.0494149662997043,1.0,0.08024248941372644,0.0494149662997043,0.0324605196929127,0.7841238549540445,0.6780641891408431,0.9859690125412363,0.05732634622744878,0.9429148166090482,0.7329365054482682,1.0,0.6780641891408431,0.7329365054482682
gRNA_6835,Map2k1,-0.5496380272298658,2.721040111190695,-1.5210216684986093,0.08002466982938745,-1.0140655791318185,-0.05673209876804217,-0.5496380272298658,,False,0.6544543937684485,-0.12213444227410077,,1691.3390570869108,-0.13106002490963833,-0.06400665132559491,-1.0569481535757947,0.08674801275274029,-0.8722708457984265,-0.40750753257134287,-0.13106002490963833,-0.5310714189023636,True,-0.2891381156949412,0.11151964405718821,-0.2311188529210289,-0.3125171023543836,-0.3125171023543836,-0.3125171023543836,-0.3125171023543836,True,-1.2254443865505011,-1.2254443865505011,-1.2254443865505011,0.0,0.0,0.0,0.0,True,,,,0.564986189042743,0.564986189042743,0.564986189042743,0.564986189042743,True,1.094932779306305,1.094932779306305,1.094932779306305,-1.43172647065223,-1.4051681113395547,-0.29082720125791595,0.7294505693565481,-0.3106925340019632,-0.5417927495790231,-0.3106925340019632,-0.8596035793129159,True,-0.4641952271748099,-0.18298864274334908,-0.49878594730548975,Map2k1,MAP2K1,N122D,N122D,targeting guide,Missense,6275,0.095617529880478,0.2868525896414343,0.0,17.306772908366533,17993,31.751236592008,79.11965764463959,0.2667704107152782,62.229756016228535,62216,46.189083194033685,83.24386010029573,0.0,50.872765848013366,44630,55.30584808424827,90.60273358727314,0.002240645305848,41.63118978265741,58590,40.75951527564431,83.76173408431472,0.0017067759003242,57.65318313705411,0.9722027797220278,0.027897210278972105,0.9985561443855614,0.570779285707793,0.9722027797220278,0.027897210278972066,0.9985561443855614,0.5707792857077933,0.570779285707793,0.5707792857077933,0.8540928735151194,0.3270710718107955,0.9999999956433565,0.999999193896047,0.78076074892373,0.21945960069643888,1.0,0.7367572309094734,0.999999193896047,0.7367572309094734,0.5364857437354841,0.2347853025854056,0.7968152565682234,0.9999999999973488,0.7006110095223603,0.29981272204646225,0.892982168069178,1.0,0.7968152565682234,0.892982168069178,0.10104707383915956,0.6239124152382364,0.7124107290566989,0.9840937019657632,0.23169210591591666,0.7698510597787569,0.7891586160513889,1.0,0.7124107290566989,0.7891586160513889
gRNA_6842,Map2k1,-0.5469444488963707,-3.064638819566642,0.12060027938017857,0.8202524936386195,-0.2303157239986652,-0.5802092438885759,-0.2303157239986652,,False,0.09223754655991309,0.22102180891505976,,1702.18406386504,-0.147997643243079,-0.8013062389781481,-0.11536709861268184,-0.7543470238545384,0.09398568630570993,-0.34500646367654747,-0.147997643243079,-0.45475450117211186,True,-0.19637538795436396,0.08755102620532204,-0.1450147610999329,-0.12132279211516613,-0.12132279211516613,-0.12132279211516613,-0.12132279211516613,True,-0.5084403703386864,-0.5084403703386864,-0.5084403703386864,0.0,0.0,0.0,0.0,True,,,,0.10845547635813657,0.10845547635813657,0.10845547635813657,0.10845547635813657,True,0.11262327617996998,0.11262327617996998,0.11262327617996998,-1.073576553765495,-0.2237385302941816,-0.03198663506636602,0.45153490164021914,-0.42819789881205256,-0.26119294325957526,-0.2237385302941816,-0.4393749044845238,True,-0.09423132101675184,-0.07375887763756897,-0.10523242086576738,Map2k1,MAP2K1,K57E,K57E,targeting guide,Missense,3590,0.0557103064066852,0.2228412256267409,0.0,10.64066852367688,18227,0.0,38.03697810939815,0.2578592198387008,95.09518845668514,93616,0.002136386942403,40.332849085626385,0.0672961886856947,98.94996581780892,57172,0.0017491079549429,21.82187084586861,0.0,99.11145315888896,58176,0.0017189218921892,42.87850660066007,0.0017189218921892,91.14927117711773,0.7671232876712328,0.23297670232976703,0.9985561443855614,0.8848408088484082,0.7671232876712328,0.23297670232976697,0.9985561443855614,0.884840808848408,0.8848408088484082,0.884840808848408,0.8474883492467882,0.40230879906012434,0.9999999956433565,0.999999193896047,0.7423280736484312,0.2578912044101651,1.0,0.7904822937875646,0.999999193896047,0.7904822937875646,0.5112065504355222,0.6228114407189785,0.7794739101279691,0.9999999999973488,0.4398624022625919,0.5604414492668979,0.7088833919520101,1.0,0.7794739101279691,0.7088833919520101,0.4706154504863965,0.6135840673259407,0.9313232072783425,0.9840937019657632,0.4167656289730098,0.5835516700522139,0.8834404097328092,1.0,0.9313232072783425,0.8834404097328092
gRNA_6849,Map2k2,0.7245665254956276,0.7907475014706633,-0.689317839327024,-0.48765230780306906,-1.3181728691953305,-0.1959657978718265,-0.48765230780306906,,False,0.5049167643514332,-0.05552216091910289,,5514.203946377466,-0.42191640721693263,-0.3876746368900883,-0.5193351832880075,-0.514773798197753,-1.1734077534977372,-0.6034215558181037,-0.514773798197753,-0.6034215558181037,True,-0.579909450015493,-0.4314781148592599,-0.31274744874929494,-0.14047105832632725,-0.14047105832632725,-0.14047105832632725,-0.14047105832632725,True,-0.5802489077356291,-0.5802489077356291,-0.5802489077356291,0.0,0.0,0.0,0.0,True,,,,-0.20790601628793054,-0.20790601628793054,-0.20790601628793054,-0.20790601628793054,True,-0.5680864592549719,-0.5680864592549719,-0.5680864592549719,-0.44638922963519084,-0.4349495512949025,0.33855437905917496,0.21889027992312673,-0.6818009498610202,-0.2011390143617624,-0.4349495512949025,,False,-0.01505170073618985,-0.3390776580032408,,Map2k2,MAP2K2,Y134C,Y134C,targeting guide,Missense,31511,0.1396337786804607,0.1523277585605026,0.0,7.759195201675604,28267,62.95680475466091,70.15955000530654,0.0,9.802950436905226,157587,63.536966881785936,68.97904014925089,0.0266519446401035,7.307074822161727,79745,56.62173177001692,61.95623550065835,0.3561351808890839,7.96789767383535,75186,65.20096826536856,72.07325831936797,0.0093102439283909,9.543000026600696,0.7926207379262074,0.20747925207479248,0.9985561443855614,0.85727690967167,0.7926207379262074,0.20747925207479245,0.9985561443855614,0.8572769096716699,0.85727690967167,0.8572769096716699,0.9800537671839343,0.15800588562985415,0.9999999956433565,0.75202801261804,0.9363484624246892,0.06374855606573418,1.0,0.365628012910076,0.75202801261804,0.365628012910076,0.5120480207489584,0.7115824208824181,0.7794739101279691,0.9999999999973488,0.3944743505201542,0.6057922072070571,0.6681187197999008,1.0,0.7794739101279691,0.6681187197999008,0.37137971732366315,0.7268367651530238,0.8749945536019875,0.9859690125412363,0.31216181306130975,0.6881200055875325,0.8612283119005054,1.0,0.8749945536019875,0.8612283119005054
gRNA_7393,Mtor,-1.059312290530373,-3.0982214982287686,-0.0007465112885555391,-0.09543095986015511,-0.20008329416149165,-0.8907589108138689,-0.20008329416149165,-0.8907589108138689,True,-0.24129421555779548,0.2535107618703826,0.24050133008652813,2599.4276246422655,-0.24119616244669875,-0.4196963477438109,-0.32800419002631914,0.15271329258237235,0.5980216752978741,-0.04763234646731647,-0.24119616244669875,,False,0.24498081218050252,-0.044335266611951134,,-0.042992869480760386,-0.042992869480760386,-0.042992869480760386,-0.042992869480760386,True,-0.2146927737278872,-0.2146927737278872,-0.2146927737278872,0.0,0.0,0.0,0.0,True,,,,0.24162445886599543,0.24162445886599543,0.24162445886599543,0.24162445886599543,True,0.3991607497924113,0.3991607497924113,0.3991607497924113,-1.0724913372753813,-0.6404223311954201,-0.11414521437148396,1.1051657299322377,0.20266562047726103,-0.10384550648655733,-0.11414521437148396,,False,0.11322738359201588,0.06390990867420526,,Mtor,MTOR,Y1974H,Y1974H,targeting guide,Missense,9344,1.4768835616438356,1.776541095890411,5.415239726027397,6.142979452054795,24031,63.74682701510549,73.50089467770796,1.0860971245474595,14.385585285672672,139464,72.75425916365514,83.66029943211151,1.160156025927838,12.187374519589286,259272,78.1530593353698,88.18615199481626,0.1994044864080965,10.874294177543277,247797,60.69605362453944,90.74807201055702,0.1146099428160954,31.78287065622263,0.5813418658134184,0.4187581241875812,0.9981029294330835,0.9727487021412807,0.5813418658134186,0.41875812418758124,0.998102929433084,0.9727487021412802,0.9727487021412807,0.9727487021412802,0.5094111950962008,0.7227849883909307,0.9999999956433565,0.999999193896047,0.3903162048773834,0.6099536218762345,0.9003613069564181,1.0,0.999999193896047,0.9003613069564181,0.1583546169142733,0.6478057391443871,0.3969422397317784,0.9999999999973488,0.23482200030980432,0.765743540669165,0.4881606798297918,1.0,0.3969422397317784,0.4881606798297918,0.7576121627251595,0.4530026101824183,0.9866557117120665,0.9840937019657632,0.6589394124485539,0.3413260329982284,0.9566070234774374,1.0,0.9840937019657632,0.9566070234774374
gRNA_7429,Mtor,1.5562925827865217,-3.856775562075619,2.004310309794715,0.8566553179492004,0.3615356584858371,0.18440366138813108,0.8566553179492004,1.1946984672540686,True,0.9134353026542059,1.389123454592905,1.737476764301295,1000.7531254707034,0.14883040098388026,-0.30806882527726576,-0.6128344253132266,-1.3941578391411564,0.33981284035049014,-0.36528356967945574,-0.30806882527726576,,False,-0.2264702278791134,-0.13896753831440106,,0.02717115448662409,0.02717115448662409,0.02717115448662409,0.02717115448662409,True,0.04843162006423323,0.04843162006423323,0.04843162006423323,0.0,0.0,0.0,0.0,True,,,,0.30464440004739196,0.30464440004739196,0.30464440004739196,0.30464440004739196,True,0.5347597037925018,0.5347597037925018,0.5347597037925018,-0.08129292011950456,0.15210802375038907,0.2664113522603136,1.3816177027015737,0.5884062504228927,0.46145008180313296,0.2664113522603136,0.5971358322837923,True,0.858555638521307,0.541956952055296,0.8654830016702795,Mtor,MTOR,F1888L,F1888L,targeting guide,Missense,1830,0.0,2.5136612021857925,0.0,19.562841530054644,23468,0.3579342082836202,19.15374126470087,0.0,95.76018408044996,140731,0.8434531126759564,28.273088374274323,0.0014211509901869,96.6226346718207,176376,0.0583979679775026,25.478523155077788,0.0,94.64439606295642,239909,0.0929519109328954,30.122671512948664,0.0,98.59530071818898,0.4368563143685632,0.5632436756324367,0.9955028739550289,0.9879119614920229,0.43685631436856315,0.5632436756324367,0.9955028739550288,0.9879119614920229,0.9879119614920229,0.9879119614920229,0.7406895835530346,0.31691379931107316,0.9999999956433565,0.999999193896047,0.7230993017014985,0.2771975868634678,1.0,0.8050993502613227,0.999999193896047,0.8050993502613227,0.01231951950185183,0.9949777378962023,0.09453345576931199,0.9999999999973488,0.005907399118851326,0.9941382280118064,0.052885287349716634,1.0,0.09453345576931199,0.052885287349716634,0.01469248738310929,0.7726811486881144,0.4402270729069335,0.9859690125412363,0.02770081919856228,0.9724484832489867,0.548184632561022,1.0,0.4402270729069335,0.548184632561022
gRNA_7481,Myc,-0.11171233506729869,-2.661394565801771,-5.090965211439916,0.5998921784322341,0.2504563244611555,-1.4027447218831193,-0.11171233506729869,,False,-0.7911693174566192,0.3484776549746125,,806.8685042928151,-0.17406479315666884,-0.2790823550625577,0.12025762699833681,-0.6586847322977376,-0.7103882485820532,-0.34039250042013613,-0.2790823550625577,-0.45555503227475436,True,-0.18952744399231833,-0.09794845205484515,-0.14591795538001648,-0.009500483477065062,-0.009500483477065062,-0.009500483477065062,-0.009500483477065062,True,-0.08909188504495519,-0.08909188504495519,-0.08909188504495519,0.0,0.0,0.0,0.0,True,,,,1.419502050294131,1.419502050294131,1.419502050294131,1.419502050294131,True,2.933580273892985,2.933580273892985,2.933580273892985,-1.5850566266640334,-0.5429970012730043,0.14264349755390068,0.5374088088968582,-0.25109576709839354,-0.3398194177169345,-0.25109576709839354,,False,-0.1978983833687664,-0.10812445509975838,,Myc,MYC,T73A,T73A,targeting guide,Missense,2662,0.6386175807663411,0.6386175807663411,0.33809166040571,2.779864763335838,5577,93.43733189887035,96.66487358795052,0.4482696790389098,3.765465303926842,31842,93.4112178883236,96.4512279379436,0.2292569562213429,5.508447961811444,28190,92.79886484568996,99.95388435615466,0.2873359347286272,6.864136218517205,36638,95.90861946612806,99.73797696380808,0.2374583765489382,3.5946285277580654,0.5116488351164884,0.48845115488451174,0.9981029294330835,0.9778839374945756,0.5116488351164884,0.4884511548845116,0.998102929433084,0.9778839374945756,0.9778839374945756,0.9778839374945756,0.8620515166805784,0.4173305679389241,0.9999999956433565,0.999999193896047,0.7460916523395914,0.2541176974191284,1.0,0.789654993632994,0.999999193896047,0.789654993632994,0.446186182621633,0.466175899779565,0.7262597604577229,0.9999999999973488,0.4816044027492212,0.5187939654058531,0.7529229339586727,1.0,0.7262597604577229,0.7529229339586727,0.585049202553288,0.18391798881930232,0.9483359320886435,0.9840937019657632,0.7164923324750567,0.2840313969347431,0.9641177804211494,1.0,0.9483359320886435,0.9641177804211494
gRNA_7510,Myd88,0.972065759261192,-3.8692930550624327,1.9155146131028988,-0.9760830118985907,0.16373547235069205,-0.35881204444924814,0.16373547235069205,,False,0.3300191509906423,0.6444846549097049,,2757.041723151077,-0.8535979725624879,-2.0003512087592896,0.8032557237662965,-0.7995788687104358,-0.6692551835543569,-0.7039055019640548,-0.7995788687104358,-1.0806958083966427,True,-0.7290455384610439,-0.8345090347327266,-0.8512291811106827,-0.18099669344501307,-0.18099669344501307,-0.18099669344501307,-0.18099669344501307,True,-0.7322254132251327,-0.7322254132251327,-0.7322254132251327,0.0,0.0,0.0,0.0,True,,,,-0.5024971609127351,-0.5024971609127351,-0.5024971609127351,-0.5024971609127351,True,-1.2019533007652112,-1.2019533007652112,-1.2019533007652112,0.8908926344946848,-0.10253053828226825,1.0441741120907866,0.5891138996958208,0.3938389714461101,0.5630978158890267,0.5891138996958208,0.7295049044318506,True,0.9925756624400706,0.9473290102974268,0.9894495899967332,Myd88,MYD88,L252P,L265P,targeting guide,Missense,14210,0.0633356790992259,0.2251935256861365,0.0211118930330753,13.22308233638283,27446,32.8754645485681,89.92202871092326,0.0036435181811557,62.37338774320483,72242,22.881426317100857,94.6153207275546,0.001384236316824,74.70861825530855,56349,33.44158725088289,92.392056646968,0.0,62.29746756819109,63702,27.424570657122228,92.543405230605,0.0,67.06068883237575,0.8521147885211479,0.147985201479852,0.9985561443855614,0.85727690967167,0.8521147885211477,0.14798520147985195,0.9985561443855614,0.8572769096716699,0.85727690967167,0.8572769096716699,0.7650497824163331,0.0745166283990455,0.9999999956433565,0.5286462693970021,0.912682691171132,0.08754364170872975,1.0,0.43679006134087167,0.5286462693970021,0.43679006134087167,0.0035498885891571425,0.9987892539543062,0.04449193698410285,0.9999999999973488,0.0011901530937867175,0.9988191253177555,0.016573983824585397,1.0,0.04449193698410285,0.016573983824585397,0.11370986938201537,0.5281984047073098,0.7124107290566989,0.9840937019657632,0.2174265634799103,0.7830886176062222,0.7891586160513889,1.0,0.7124107290566989,0.7891586160513889
gRNA_7511,Myd88,-0.02905011440691676,-1.236957330988133,1.2660563388891506,1.3014516702264087,-0.43873105177473765,0.17255390238915438,-0.02905011440691676,,False,0.9007086073119447,0.43730971421304854,,736.3759602349751,-0.11486964544302143,-0.39648340083516265,-1.3276588285374475,0.38560536923740435,0.7764596935560795,-0.13538936240442956,-0.11486964544302143,,False,0.11473375687969624,0.13443083562335284,,0.275465016768404,0.275465016768404,0.275465016768404,0.275465016768404,True,0.9795665279704137,0.9795665279704137,0.9795665279704137,0.0,0.0,0.0,0.0,True,,,,1.0726335126072981,1.0726335126072981,1.0726335126072981,1.0726335126072981,True,2.1872290395989067,2.1872290395989067,2.1872290395989067,0.4299405549564578,0.7346557203425391,1.1017522414221357,1.7062525015091026,0.5369458336278621,0.9019093703716194,0.7346557203425391,0.9019093703716194,True,1.439290319132177,1.1301555416177544,1.1509102175283048,Myd88,MYD88,M219T,M232T,targeting guide,Missense,975,0.2051282051282051,1.0256410256410255,0.0,16.82051282051282,12410,11.03948428686543,73.92425463336019,0.016116035455278,84.14182111200644,59253,13.93178404468972,73.36337400637942,0.0,83.53838624204681,43981,8.10349923830745,79.41156408449103,0.0,89.90927900684386,40256,10.954888712241653,79.30743243243244,0.0,85.23698330683625,0.0830916908309169,0.917008299170083,0.7553426475534262,0.9879119614920229,0.08309169083091683,0.917008299170083,0.7553426475534257,0.9879119614920229,0.7553426475534262,0.7553426475534257,0.38213183041967647,0.48996017954512294,0.9999999956433565,0.999999193896047,0.4326991415287373,0.5677059353179792,0.9181815541016815,1.0,0.999999193896047,0.9181815541016815,4.966710724729684e-05,0.999986025352213,0.0031124720541639357,0.9999999999973488,1.243899729587653e-05,0.9999884198719958,0.0009354125966499151,1.0,0.0031124720541639357,0.0009354125966499151,0.12449092971926895,0.8615251218106699,0.7124107290566989,0.9859690125412363,0.11043843667717745,0.8897751559829765,0.7483434114870964,1.0,0.7124107290566989,0.7483434114870964
gRNA_7512,Myd88,-1.0311098608091778,0.925359316994689,-1.6183351097875203,0.5218363538059326,-1.6823798209904957,-0.5769258241573144,-1.0311098608091778,,False,0.09576395436315549,-0.639542928284622,,2129.477330923332,0.8797341155348516,1.4301990260759267,-0.531693637941419,0.11992511867687358,-0.015001830532755927,0.3766325583626954,0.11992511867687358,,False,0.8746655608185462,0.46669159767499246,,-0.14586379660634588,-0.14586379660634588,-0.14586379660634588,-0.14586379660634588,True,-0.6004723913754652,-0.6004723913754652,-0.6004723913754652,0.0,0.0,0.0,0.0,True,,,,0.590375088787926,0.590375088787926,0.590375088787926,0.590375088787926,True,1.1495616504877377,1.1495616504877377,1.1495616504877377,-0.08373558476132134,-0.3504193155431682,-0.3844351944337818,-0.19251476683075094,0.946051172596268,-0.013010737794550864,-0.19251476683075094,-0.2527762153922556,True,0.2329907800143221,-0.034536251842320474,0.0695214132253514,Myd88,MYD88,M219T,M232T,targeting guide,Missense,2660,0.3383458646616541,0.5263157894736842,0.0,11.654135338345863,13358,50.59889204970804,96.8258721365474,0.014972301242701,47.087887408294655,60475,44.610169491525426,98.84911120297645,0.0,54.42248863166598,51851,43.958650749262304,97.68181905845596,0.0270004435787159,54.20339048427224,49953,43.0144335675535,96.92510960302684,3.9537164935038938,51.00594558885352,0.7961203879612039,0.20397960203979598,0.9985561443855614,0.85727690967167,0.796120387961204,0.20397960203979604,0.9985561443855614,0.8572769096716699,0.85727690967167,0.8572769096716699,0.031635244637178414,0.9083150236513281,0.304996204707156,0.999999193896047,0.0387072901723006,0.961504114375246,0.2746026623544345,1.0,0.304996204707156,0.2746026623544345,0.20320568033725195,0.8567230450898938,0.47309064638564907,0.9999999999973488,0.17145830079799212,0.8288655399611484,0.4080277636396797,1.0,0.47309064638564907,0.4080277636396797,0.487395455282958,0.4779517657482544,0.9483359320886435,0.9840937019657632,0.5166329674069194,0.4837130124313535,0.9127546941314479,1.0,0.9483359320886435,0.9127546941314479
gRNA_7513,Myd88,-1.2065144562358645,-1.4214499865858266,1.1640230183710178,-1.724731080177252,0.41801746752642643,-0.5541310074202996,-1.2065144562358645,,False,0.12024569175711551,-0.8280395750859971,,1790.6311191444495,-0.24979258540626942,0.32132703860547274,0.010928212434258282,0.29736265316504806,-0.042289254443481326,0.06750721287100567,0.010928212434258282,,False,0.41586844312724647,0.31244882626911247,,0.13500435813009598,0.13500435813009598,0.13500435813009598,0.13500435813009598,True,0.4528204326634103,0.4528204326634103,0.4528204326634103,0.0,0.0,0.0,0.0,True,,,,0.6701319515600267,0.6701319515600267,0.6701319515600267,0.6701319515600267,True,1.3211731589005413,1.3211731589005413,1.3211731589005413,-0.3147490123393968,0.6249540808944379,-0.34411213853818307,0.5139436957994551,-0.5232203207272385,-0.008636738982185055,-0.3147490123393968,,False,0.23875778929126829,-0.18808430432373588,,Myd88,MYD88,M219T,M232T,targeting guide,Missense,1900,0.4736842105263158,0.6842105263157895,0.0,9.947368421052632,10514,56.134677572760125,81.36770020924482,0.0856001521780483,29.96005326231691,58280,61.03294440631435,89.04083733699383,0.0806451612903225,28.65133836650652,39365,57.65019687539693,80.54871078369109,0.1473390067318684,25.12638130318811,42092,56.84928252399506,80.9061104247838,0.4418891950964554,26.358928062339636,0.23487651234876505,0.7652234776522349,0.9114056336301855,0.9879119614920229,0.2348765123487651,0.7652234776522348,0.9114056336301855,0.9879119614920229,0.9114056336301855,0.9114056336301855,0.4262333653354599,0.8853044662251884,0.9999999956433565,0.999999193896047,0.2429554546924808,0.7572415570171879,0.7367036368094579,1.0,0.999999193896047,0.7367036368094579,0.2038316082831786,0.8566190249271313,0.47309064638564907,0.9999999999973488,0.1595545062562035,0.8406734498564918,0.39468746284429285,1.0,0.47309064638564907,0.39468746284429285,0.4489189050163531,0.46721830885119353,0.9026390817441111,0.9840937019657632,0.5070473845523548,0.49332732973764837,0.9127546941314479,1.0,0.9026390817441111,0.9127546941314479
gRNA_7514,Myd88,-0.3143363324505566,-3.133962656701823,0.627201918863956,-1.3931295191042319,0.39712918095366767,-0.7634194816877976,-0.3143363324505566,,False,-0.10453108647770928,0.13072997296363292,,1162.5847266154542,0.022612763514467414,0.15782760229228276,-0.1257917882421744,0.550260021163013,1.4240469444484432,0.4057911086352064,0.15782760229228276,0.5386868328545515,True,0.9179420472541904,0.5203278366980862,0.9758292979624316,0.12678270746369902,0.12678270746369902,0.12678270746369902,0.12678270746369902,True,0.42198815245422655,0.42198815245422655,0.42198815245422655,0.0,0.0,0.0,0.0,True,,,,1.0292088226624354,1.0292088226624354,1.0292088226624354,1.0292088226624354,True,2.093792860130687,2.093792860130687,2.093792860130687,0.2592570250960989,0.1180308577837056,-1.1648837741859928,0.8051131679360087,-0.5652821508630786,-0.10955297484665164,0.1180308577837056,,False,0.10570222768948428,0.3555645392064675,,Myd88,MYD88,M219T,M232T,targeting guide,Missense,3314,0.3621001810500905,0.4526252263126131,0.4526252263126131,12.190706095353049,17884,60.89241780362335,99.38492507269068,0.0,38.65466338626705,69375,66.65801801801801,99.12648648648648,0.0043243243243243,32.572252252252255,55128,68.36816136990277,98.0191554201132,0.0,29.863227398055436,40624,50.324931075226466,97.90517920441118,0.0049231981094919,47.72055927530524,0.24357564243575644,0.7565243475652434,0.9114056336301855,0.9879119614920229,0.24357564243575636,0.7565243475652434,0.9114056336301855,0.9879119614920229,0.9114056336301855,0.9114056336301855,0.044093724745972084,0.9658103548546055,0.3684275667663445,0.999999193896047,0.03244055412128982,0.967723394309313,0.24893159897153005,1.0,0.3684275667663445,0.24893159897153005,0.20137068425688182,0.664801136202618,0.47309064638564907,0.9999999999973488,0.23729015125164082,0.7630774122407582,0.4881606798297918,1.0,0.47309064638564907,0.4881606798297918,0.5398833934320522,0.47568684690912,0.9483359320886435,0.9840937019657632,0.5308328849979282,0.46950185316591075,0.9127546941314479,1.0,0.9483359320886435,0.9127546941314479
gRNA_7558,Ncoa3,-0.5389886087664948,-3.246820553426071,-0.03678740674429004,0.7647942923246546,-0.8181788870366338,-0.775196232729767,-0.5389886087664948,-1.1601938639933724,True,-0.1171793709403506,-0.1106901601796268,0.04709651142646384,1589.3959933724957,0.6561750504233581,0.7846873620547336,0.3696316687394556,0.08828590758696458,0.48651684899798137,0.4770593675604987,0.48651684899798137,0.4770593675604987,True,1.0237168478477585,0.985459757326639,0.9062984902700094,0.2715347575745446,0.2715347575745446,0.2715347575745446,0.2715347575745446,True,0.9648275348318375,0.9648275348318375,0.9648275348318375,0.0,0.0,0.0,0.0,True,,,,0.5227299530215375,0.5227299530215375,0.5227299530215375,0.5227299530215375,True,1.0040107426137688,1.0040107426137688,1.0040107426137688,-0.08414852709529272,0.23036554737847578,-1.1811349404945701,0.8387481355680125,0.8712559302848514,0.13501722912829534,0.23036554737847578,,False,0.4281619940709169,0.49667698066348326,,Ncoa3,NCOA3,M1396V,M1417V,targeting guide,Missense,2953,0.3386386725364037,0.3386386725364037,0.0,11.412123264476804,9758,83.0703012912482,98.0221356835417,0.0204960032793605,15.23877843820455,43760,85.46617915904936,98.94881170018282,0.1211151736745886,13.510054844606948,36959,84.71278984821018,98.9772450553316,1.0633404583457344,13.106415216861928,41915,83.0490277943457,96.48813074078492,0.0691876416557318,15.335798640104976,0.08839116088391158,0.9117088291170883,0.7553426475534262,0.9879119614920229,0.08839116088391152,0.9117088291170883,0.7553426475534257,0.9879119614920229,0.7553426475534262,0.7553426475534257,0.04819888661565992,0.9954501058341055,0.3788061175512216,0.999999193896047,0.015494552914740995,0.9845447605568056,0.16645576845550328,1.0,0.3788061175512216,0.16645576845550328,0.04278666483899444,0.8286175925792636,0.20625366640335782,0.9999999999973488,0.05551622131093227,0.9446737770911434,0.21519689910217046,1.0,0.20625366640335782,0.21519689910217046,0.5981793465611018,0.4799773642626981,0.9539213117821183,0.9840937019657632,0.5639557035413716,0.4363671085154286,0.9197840034090436,1.0,0.9539213117821183,0.9197840034090436
gRNA_7812,Nfe2,-0.400510884925617,-3.240200618812159,0.7798679547124578,-0.34987922215282313,0.3888989169583067,-0.564364770843967,-0.34987922215282313,,False,0.10925458305110414,0.0925341918883952,,979.5451122156951,-1.1119795721174022,0.09858057141341811,0.012020441337717932,0.014069149228421207,-0.5487949617228515,-0.3072208743721393,0.012020441337717932,,False,-0.14029483773110274,0.31399445191012126,,-0.03100556175817948,-0.03100556175817948,-0.03100556175817948,-0.03100556175817948,True,-0.16973878022304056,-0.16973878022304056,-0.16973878022304056,0.0,0.0,0.0,0.0,True,,,,0.9413899592740168,0.9413899592740168,0.9413899592740168,0.9413899592740168,True,1.9048344797559735,1.9048344797559735,1.9048344797559735,1.5090474406056091,-0.402694769645014,-1.0686958412498169,0.06245029043585731,-0.14431481873866786,-0.008841539718406465,-0.14431481873866786,,False,0.23848776458472856,0.026011495055018416,,Nfe2,NFE2,Q286R,Q263R,targeting guide,Missense,2719,1.875689591761677,4.81794777491725,0.0,26.737771239426262,9577,57.335282447530545,82.00897984755142,0.1253001983919807,28.98611256134489,41923,68.29186842544665,91.59888366767646,0.0023853254776614,25.019678935190708,49974,57.82807059671029,81.67847280585904,0.0,29.167166926801936,53151,62.79279787774455,86.41229704050724,0.0,27.77746420575342,0.5540445955404458,0.44605539446055387,0.9981029294330835,0.9727487021412807,0.5540445955404459,0.4460553944605539,0.998102929433084,0.9727487021412802,0.9727487021412807,0.9727487021412802,0.7787179026393579,0.42971376577796744,0.9999999956433565,0.999999193896047,0.6836732548015861,0.31658458033860615,1.0,0.876529689251897,0.999999193896047,0.876529689251897,0.08410398273541696,0.6882684165072093,0.279850420429352,0.9999999999973488,0.17148040059442105,0.8296292056866768,0.4080277636396797,1.0,0.279850420429352,0.4080277636396797,0.423012113817241,0.6246032890907631,0.8881553689271336,0.9840937019657632,0.38036582255238643,0.6199548508805366,0.8753337618485687,1.0,0.8881553689271336,0.8753337618485687
gRNA_7813,Nfe2,0.13297337910158438,-3.498143168640445,-0.3482479026287138,-0.6243249629014769,-1.2598908054417537,-1.119526692102161,-0.6243249629014769,-1.4326517099030973,True,-0.4869918585927755,-0.2023959479645428,-0.14847818910459806,1899.9246874529297,0.1824991078605827,0.736562514524893,-0.21727324800556247,-0.060964547494569546,-0.2396562021112065,0.08023352495482743,-0.060964547494569546,,False,0.43475655886427955,0.2107125576198242,,-0.06967288319260607,-0.06967288319260607,-0.06967288319260607,-0.06967288319260607,True,-0.3147463629798115,-0.3147463629798115,-0.3147463629798115,0.0,0.0,0.0,0.0,True,,,,0.5177670487569263,0.5177670487569263,0.5177670487569263,0.5177670487569263,True,0.9933321444674009,0.9933321444674009,0.9933321444674009,-0.37453643627257543,-0.17710195070274223,-1.335451185827743,0.37672605310862856,-0.6397141103724822,-0.43001552601338283,-0.37453643627257543,-0.6317009207938857,True,-0.31681972185187307,-0.26318799126203346,-0.28535002463367437,Nfe2,NFE2,Q286R,Q263R,targeting guide,Missense,2744,3.2434402332361514,4.810495626822157,0.0,13.81195335276968,18316,71.68595763267089,89.74666957851059,0.0,19.73138239790347,92849,72.24956650044696,90.29499509957029,2.672080474749324,16.317892492110847,67319,69.68612130304966,91.3308278494927,0.3238313106255291,22.714241150343888,83405,65.13997961752892,92.3469815958276,0.2002278040884839,28.36041004735927,0.6624337566243376,0.33766623337666235,0.9985561443855614,0.9546052913505642,0.6624337566243376,0.33766623337666235,0.9985561443855614,0.9546052913505642,0.9546052913505642,0.9546052913505642,0.35956832382748044,0.8558773058952739,0.9999999956433565,0.999999193896047,0.23679222735012517,0.7634364765295443,0.7358171692863394,1.0,0.999999193896047,0.7358171692863394,0.683755137982603,0.4147776673365174,0.902715496508009,0.9999999999973488,0.6459093152612616,0.35439268377238997,0.8640107916567412,1.0,0.902715496508009,0.8640107916567412,0.8500634550465653,0.3077329480523548,0.9926206804270452,0.9840937019657632,0.7875833990519125,0.21264491654340772,0.9668242831730418,1.0,0.9840937019657632,0.9668242831730418
gRNA_7816,Nfe2l2,0.6230220239620863,0.8199180821551338,-1.785628279954163,-0.2583937140481344,-1.1382102129536358,-0.34785842016774265,-0.2583937140481344,,False,0.34178339354919157,0.19084810131992755,,4193.884621177888,0.05844201590296407,-0.03814649053685455,1.2033005646688162,-0.07077506762236441,-0.06753849755771246,0.21705650497096976,-0.03814649053685455,,False,0.6378262514043497,0.24300265157369397,,-0.06931029029457979,-0.06931029029457979,-0.06931029029457979,-0.06931029029457979,True,-0.31338659153154275,-0.31338659153154275,-0.31338659153154275,0.0,0.0,0.0,0.0,True,,,,-0.49124783821990997,-0.49124783821990997,-0.49124783821990997,-0.49124783821990997,True,-1.1777483211704847,-1.1777483211704847,-1.1777483211704847,0.008535446440044269,0.05051571545182647,0.10487852808578559,0.24447699075683338,-0.21997897025113633,0.037685542096670674,0.05051571545182647,0.10210167018362243,True,0.29983257146903913,0.2707534572144545,0.4018724679954553,Nfe2l2,NFE2L2,I28T,I28T,targeting guide,Missense,26083,0.2837096959705555,0.4063949699037687,0.0230034888624774,18.778514741402446,31625,77.6600790513834,86.5201581027668,0.1264822134387351,11.39604743083004,106181,84.21280643429616,92.5504562963242,0.3041975494674188,9.24270820579953,101516,86.15489183971,95.87651207691398,0.6038456992001261,9.640844792939046,62401,86.50662649637026,95.0096953574462,0.0144228457877277,9.410105607281936,0.6624337566243376,0.33766623337666235,0.9985561443855614,0.9546052913505642,0.6624337566243376,0.33766623337666235,0.9985561443855614,0.9546052913505642,0.9546052913505642,0.9546052913505642,0.14359588717603256,0.9117542918833214,0.6922058151049775,0.999999193896047,0.11177976736340073,0.888503891243001,0.4872882106606286,1.0,0.6922058151049775,0.4872882106606286,0.3067813141932628,0.9493299606811753,0.5796471062144061,0.9999999999973488,0.14351564562842611,0.8566310078417809,0.3717623373161284,1.0,0.5796471062144061,0.3717623373161284,0.3932821264859997,0.6494406908837058,0.8749945536019875,0.9840937019657632,0.36168248703254136,0.6386260317355312,0.8639456274350743,1.0,0.8749945536019875,0.8639456274350743
gRNA_7839,Nkx2-1,-0.9354524609635503,-1.9735726564009841,-0.2607422859228709,2.2071375844880943,0.6527106003385844,-0.06198384369214527,-0.2607422859228709,,False,0.6488139957088679,0.18832423401711854,,1558.788974243109,-0.5936201681887034,-1.3524707508173839,-1.2161357518649218,-0.7125187087065818,-1.0110954873741576,-0.9771681733903496,-1.0110954873741576,-0.9771681733903496,True,-1.1346160549244995,-1.133828626322543,-0.7344247653177053,-0.32890583023408015,-0.32890583023408015,-0.32890583023408015,-0.32890583023408015,True,-1.2869042892831855,-1.2869042892831855,-1.2869042892831855,0.0,0.0,0.0,0.0,True,,,,0.4903580868850428,0.4903580868850428,0.4903580868850428,0.4903580868850428,True,0.9343567393752599,0.9343567393752599,0.9343567393752599,0.3428914811197897,-0.38733291681941373,0.2331530995823436,1.3276338512808388,1.2195956821796876,0.5471882394686493,0.3428914811197897,0.7808185285406649,True,0.9715992793305893,0.6380296589389788,1.037505943434949,Nkx2-1,NKX2-1,Y174C,Y174C,targeting guide,Missense,3253,18.50599446664617,20.903781125115277,0.0,5.5948355364279125,18280,31.03938730853392,40.37746170678337,0.2625820568927789,11.2472647702407,55528,30.8456994669356,43.69327186284397,0.0414205445901166,14.82315228353263,68025,33.76699742741639,38.92098493201029,0.0,7.100330760749725,42721,32.955689239484094,40.476580604386605,0.0,9.367758245359424,0.9765023497650235,0.0235976402359764,0.9985561443855614,0.570779285707793,0.9765023497650235,0.023597640235976408,0.9985561443855614,0.5707792857077933,0.570779285707793,0.5707792857077933,0.9984574495782237,0.026867873975356348,0.9999999956433565,0.36079716481192814,0.9928111183985623,0.007211475806964264,1.0,0.12439644907270686,0.36079716481192814,0.12439644907270686,0.003730167163616089,0.9892090445705718,0.045243317855472566,0.9999999999973488,0.002863562924444856,0.9971691697244586,0.03588998865304219,1.0,0.045243317855472566,0.03588998865304219,0.12505081946208013,0.6880524864625143,0.7124107290566989,0.9840937019657632,0.19140774934029547,0.8091243215115393,0.7810433852521655,1.0,0.7124107290566989,0.7810433852521655
gRNA_7843,Nkx2-1,-1.456739757348107,-3.586346061439719,1.1503431481807538,-1.427734404740005,-3.876396798715949,-1.8393747748126053,-1.456739757348107,-2.5868042555609447,True,-1.2601119905851434,-1.096941482073013,-0.9769477739334617,740.2319626449766,0.8228587746973957,0.374139397594742,-0.6799310097056367,0.4360560226626617,1.918253750425927,0.5742753871350179,0.4360560226626617,0.8878269863451815,True,1.1680027507175685,0.9140520635700298,1.369744523166451,-0.16403309737034732,-0.16403309737034732,-0.16403309737034732,-0.16403309737034732,True,-0.6686096785324407,-0.6686096785324407,-0.6686096785324407,0.0,0.0,0.0,0.0,True,,,,0.8151485506531453,0.8151485506531453,0.8151485506531453,0.8151485506531453,True,1.6332029510749935,1.6332029510749935,1.6332029510749935,-0.9977697226493136,-0.3000835399952761,0.0538581972078576,0.41531418232024087,-2.578007588201015,-0.6813376942635012,-0.3000835399952761,,False,-0.648181786172308,-0.16966185071599865,,Nkx2-1,NKX2-1,N152S,N152S,targeting guide,Missense,584,0.0,1.8835616438356164,8.21917808219178,21.232876712328768,3856,0.0,87.75933609958506,0.0,99.1701244813278,21380,0.0046772684752104,91.08980355472404,0.0046772684752104,99.88306828811972,29568,0.0,91.45359848484848,0.0,99.59753787878788,32921,0.0,65.97308708726952,0.0,99.98177455119831,0.837916208379162,0.16218378162183786,0.9985561443855614,0.85727690967167,0.837916208379162,0.16218378162183777,0.9985561443855614,0.8572769096716699,0.85727690967167,0.8572769096716699,0.007765142117581292,0.946605273276923,0.13903302077193172,0.999999193896047,0.010052714344975889,0.990084301124189,0.13664494480978975,1.0,0.13903302077193172,0.13664494480978975,0.6093650517020761,0.19701561349943428,0.8581320578276428,0.9999999999973488,0.7268170503815157,0.2736575531313934,0.905490918437676,1.0,0.8581320578276428,0.905490918437676,0.7738296961630328,0.07667428047564004,0.9866557117120665,0.9840937019657632,0.9148042435033125,0.08539836513941002,0.9918167876570679,0.9206266127436572,0.9840937019657632,0.9206266127436572
gRNA_7902,Notch1,-1.2534089793135224,-1.2086429093616249,-1.3060151132603488,-1.3547299923879534,1.0965500067658096,-0.8052493975115279,-1.2534089793135224,-1.2806992485808624,True,-0.14945660731969568,-0.8784342658977484,-0.03940422568531547,1863.1721644826027,0.5700998602387427,0.8345376414197909,0.6942020779592298,0.2989334058553357,-0.09099458576157492,0.46135567994230486,0.5700998602387427,0.5994432463682748,True,1.0004097760678887,1.1037390346074776,1.0443773468550352,-0.30998961861838226,-0.30998961861838226,-0.30998961861838226,-0.30998961861838226,True,-1.2159659873902144,-1.2159659873902144,-1.2159659873902144,0.0,0.0,0.0,0.0,True,,,,0.5584210797433726,0.5584210797433726,0.5584210797433726,0.5584210797433726,True,1.0808067433690693,1.0808067433690693,1.0808067433690693,-0.4070179777371888,-0.05806471711187341,-0.963970644663627,0.3411736512247017,-0.16853124472601194,-0.2512821866027999,-0.16853124472601194,-0.39939614605967527,True,-0.08116423343099514,-0.0044086628389002165,-0.06779142194486776,Notch1,NOTCH1,F357S,F357S,targeting guide,Missense,2329,0.04293688278231,0.4293688278231,0.0,18.84929154143409,18949,0.0,39.838513905747,0.0052773233416011,96.82832867169772,114308,0.0096231234909192,41.43629492249011,0.0,95.74920390523847,64789,0.030869437713192,37.05104261525876,0.0015434718856596,94.6240874222476,52765,0.0113711740737231,40.8869515777504,0.0,94.6290154458448,0.9722027797220278,0.027897210278972105,0.9985561443855614,0.570779285707793,0.9722027797220278,0.027897210278972066,0.9985561443855614,0.5707792857077933,0.570779285707793,0.5707792857077933,0.045074853132264274,0.991305665101503,0.3684379299506819,0.999999193896047,0.017429396368978525,0.982618051871171,0.1724592903877875,1.0,0.3684379299506819,0.1724592903877875,0.5604082632927122,0.659330038960256,0.8148894405540257,0.9999999999973488,0.44440044792383676,0.555876372528011,0.7110407166781388,1.0,0.8148894405540257,0.7110407166781388,0.7134732579875844,0.30617702226501275,0.9866557117120665,0.9840937019657632,0.7465087134053904,0.25377003331806397,0.9641177804211494,1.0,0.9840937019657632,0.9641177804211494
gRNA_7918,Notch1,-0.6715408677162525,0.06787580749522844,-1.254380674397997,-0.28150289392325634,0.45950015040681,-0.3360096956270935,-0.28150289392325634,,False,0.35450897787847935,0.16601407170859406,,4191.354119596324,0.4397792268985049,-0.2893190580386697,0.6918742957983686,-0.11020802802174139,-1.1654016966406966,-0.08665505200084682,-0.11020802802174139,,False,0.18706416094369419,0.14102754387020622,,-0.1547166772334784,-0.1547166772334784,-0.1547166772334784,-0.1547166772334784,True,-0.6336718676399831,-0.6336718676399831,-0.6336718676399831,0.0,0.0,0.0,0.0,True,,,,-0.2505926458096621,-0.2505926458096621,-0.2505926458096621,-0.2505926458096621,True,-0.6599345664481419,-0.6599345664481419,-0.6599345664481419,0.6848123830247863,-0.018582646987177417,0.016967548577413064,0.5031877145633261,0.8112844635747443,0.3995338925506185,0.5031877145633261,0.5040630274350675,True,0.7769206740117318,0.8393903689670077,0.7783182441039141,Notch1,NOTCH1,I471T,I471T,targeting guide,Missense,22152,0.0,0.0361141206211628,0.6365113759479957,4.58197905381004,56259,1.0611635471657868,90.50640786363071,0.0017774933788371,97.00314616328056,217341,0.0220851104945684,93.32569556595396,0.0009202129372736,98.79544126510874,104146,0.3389472471338313,92.94740076431164,1.9415051946306148,96.3282315211338,160245,0.0037442665917813,92.50210614995788,0.2801959499516365,98.17716621423446,0.8147185281471853,0.18538146185381457,0.9985561443855614,0.85727690967167,0.8147185281471853,0.18538146185381466,0.9985561443855614,0.8572769096716699,0.85727690967167,0.8572769096716699,0.37786925441834185,0.5891333682503621,0.9999999956433565,0.999999193896047,0.3773867969431463,0.6229596616627971,0.875910096608784,1.0,0.999999193896047,0.875910096608784,0.018521656888480644,0.9963327820894763,0.12133619492313098,0.9999999999973488,0.006637754253928983,0.9933891030013035,0.05626539443068364,1.0,0.12133619492313098,0.05626539443068364,0.5736801539784864,0.7042941840147806,0.9483359320886435,0.9859690125412363,0.42785874341590535,0.5723997407196671,0.8923564534901759,1.0,0.9483359320886435,0.8923564534901759
gRNA_8228,Nsd1,0.2955232952080629,0.7854951574017004,0.5132441369895735,-0.13250281783820977,-1.641058294783091,-0.035859704604392785,0.2955232952080629,,False,0.6768714405292555,0.7861090099469192,,3085.886428679018,-0.42326864301418815,-0.01935041892841684,-0.3034094108364525,0.6923215541808999,-0.719668315590608,-0.1546750468377531,-0.3034094108364525,-0.36642419709241636,True,0.08611036329597382,-0.132373947530458,-0.045356640210590465,0.2085803484778754,0.2085803484778754,0.2085803484778754,0.2085803484778754,True,0.7287401528167703,0.7287401528167703,0.7287401528167703,0.0,0.0,0.0,0.0,True,,,,0.31169649744278033,0.31169649744278033,0.31169649744278033,0.31169649744278033,True,0.5499335838754573,0.5499335838754573,0.5499335838754573,-0.5315907381278381,0.1875277061899925,0.02753520181990584,1.4465283253713745,0.2268418109913035,0.27136846124894765,0.1875277061899925,0.47210826109314413,True,0.6079377220248827,0.4428649981079521,0.7483918927297324,Nsd1,NSD1,T2030A,T2029A,targeting guide,Missense,15316,0.1175241577435361,0.5680334290937582,0.0,26.025071820318622,39499,7.103977315881414,92.94159345806224,0.0,90.20987873110712,172015,12.290207249367787,95.31087405168154,0.0063947911519344,86.13434874865564,213828,13.564173073685392,94.3763211553211,0.0,84.68769291206016,169900,9.468510888758091,91.44496762801649,0.0,88.36080047086521,0.1292870712928707,0.8708129187081292,0.8143830778212503,0.9879119614920229,0.1292870712928707,0.8708129187081292,0.8143830778212504,0.9879119614920229,0.8143830778212503,0.8143830778212504,0.5849268042215016,0.565408394868773,0.9999999956433565,0.999999193896047,0.5223999618925418,0.4779031558991948,0.9841588738563303,1.0,0.999999193896047,0.9841588738563303,0.0329384937196472,0.9506060289692461,0.17443483998010348,0.9999999999973488,0.03220278497028806,0.9680644752980423,0.1552339378054912,1.0,0.17443483998010348,0.1552339378054912,0.2520651117891882,0.8530179362686531,0.810055401989186,0.9859690125412363,0.17356275699113233,0.8266420396919966,0.7810433852521655,1.0,0.810055401989186,0.7810433852521655
gRNA_8699,Phf6,-0.5801781925198969,-1.8884227699935785,-1.5644714359111545,0.29142055701069103,0.6029873681347983,-0.6277328946558282,-0.5801781925198969,,False,0.04119692835670201,-0.1549540997974792,,3156.860973038108,-0.7237729281713396,-1.068978005897502,-0.42343105239228807,-0.8615645363690146,-1.3414385064702539,-0.8838370058600796,-0.8615645363690146,-0.8838370058600796,True,-0.9960959650058202,-0.9222256635498934,-0.6291244510780628,-0.13333777695852403,-0.13333777695852403,-0.13333777695852403,-0.13333777695852403,True,-0.5534981567164979,-0.5534981567164979,-0.5534981567164979,0.0,0.0,0.0,0.0,True,,,,-0.9033774916759164,-0.9033774916759164,-0.9033774916759164,-0.9033774916759164,True,-2.0645208073617494,-2.0645208073617494,-2.0645208073617494,-0.6465782961305995,0.006576746998726924,0.2596529083671896,0.4301774404175185,0.5921535220482755,0.12839646434022223,0.2596529083671896,0.32214015445792765,True,0.4194326794114452,0.5334671389650626,0.6079434160904839,Phf6,PHF6,H302R,H302R,targeting guide,Missense,20261,0.2072948028231578,0.4836878732540349,0.1579388973890726,13.839395883717486,26505,0.0490473495566874,83.37294850028296,0.0037728730428221,99.12092058102246,66483,0.0917527789058857,74.59801753831806,0.3835566987049321,91.90620158536768,31789,1.119884236685646,80.95567649186826,0.003145742237881,97.6784422284438,37804,0.0634853454660882,72.07967410855994,0.0132261136387683,97.61665432229394,0.7926207379262074,0.20747925207479248,0.9985561443855614,0.85727690967167,0.7926207379262074,0.20747925207479245,0.9985561443855614,0.8572769096716699,0.85727690967167,0.8572769096716699,0.9964646959777865,0.04472799882523462,0.9999999956433565,0.4916270465385613,0.9863270058058333,0.013708912335445536,1.0,0.17948726979781163,0.4916270465385613,0.17948726979781163,0.11839468737949255,0.9417063233363691,0.34771135657724217,0.9999999999973488,0.06943902535061476,0.930685921662678,0.23953278469569864,1.0,0.34771135657724217,0.23953278469569864,0.6056436512530057,0.5035398819555351,0.9568151801307989,0.9840937019657632,0.5584093557471833,0.4418906618849655,0.9197840034090436,1.0,0.9568151801307989,0.9197840034090436
gRNA_8775,Pik3ca,-0.9434004066555197,-3.770839384674939,-1.581971943846115,0.16670997394275436,-1.6884020039676857,-1.5635807530403012,-1.581971943846115,-1.996153434786065,True,-0.9639079502653233,-1.2315208935705038,-0.5529689488577185,4228.347642717276,-0.4937102718338696,-1.3791019423134117,-0.4162010183124338,-0.6753335656418492,-0.3390154935375694,-0.6606724583278267,-0.4937102718338696,-0.6606724583278267,True,-0.6648799949409094,-0.40167087726010725,-0.3773404264683591,0.025579504804177762,0.025579504804177762,0.025579504804177762,0.025579504804177762,True,0.04246272269857202,0.04246272269857202,0.04246272269857202,0.0,0.0,0.0,0.0,True,,,,-0.6650143434845902,-0.6650143434845902,-0.6650143434845902,-0.6650143434845902,True,-1.5516388058715005,-1.5516388058715005,-1.5516388058715005,-0.7312127700470361,-0.29556323907881604,0.2486090329534678,0.8687727996977238,0.32609116262004284,0.08333939722907645,0.2486090329534678,,False,0.36002605056478115,0.5195940581883303,,Pik3ca,PIK3CA,Q546R,Q546R,targeting guide,Missense,30318,0.039580447259054,0.3298370604921168,0.1055478593574774,3.331354310970381,25508,30.065077622706603,92.7512937117767,0.1568135486906068,65.5323819978046,122384,12.714080271930971,79.53408942345405,0.0277814093345535,83.0165707935678,208809,11.14463457034898,88.95689362048572,0.0,87.89515777576638,217166,17.126529935625282,88.3278229557113,0.0566387003490417,79.80392879179982,0.4475552444755525,0.5525447455254475,0.9957442125609925,0.9879119614920229,0.44755524447555245,0.5525447455254474,0.9957442125609924,0.9879119614920229,0.9879119614920229,0.9879119614920229,0.982491188964478,0.12040144466049917,0.9999999956433565,0.6657491645933483,0.9505157995386364,0.04957397240075241,1.0,0.3328538146907662,0.6657491645933483,0.3328538146907662,0.11929458776187299,0.882703518156274,0.34771135657724217,0.9999999999973488,0.09902885174468684,0.9011799897547321,0.3077260186446467,1.0,0.34771135657724217,0.3077260186446467,0.9390639663453394,0.13539948695216644,0.9999999997953558,0.9840937019657632,0.921243984971404,0.07889094326585477,0.9953670642219768,0.9206266127436572,0.9840937019657632,0.9206266127436572
gRNA_8803,Pik3ca,-0.87012872223446,-2.9986110186886115,-1.7230108302579208,-0.4214201401102412,0.7518961283093261,-1.0522549165963815,-0.87012872223446,-1.5032926778228084,True,-0.4147416641315233,-0.46654629301525297,-0.19918543190757995,3739.7198373248984,-0.22380431852605315,-0.03607638468334857,0.6293237434503648,-0.04657653172648212,-0.1025996136310022,0.04405337897669575,-0.04657653172648212,-0.10226421214172152,True,0.38105877272508526,0.2310732036565245,0.25268023386821975,0.1362798106529905,0.1362798106529905,0.1362798106529905,0.1362798106529905,True,0.45760354875226594,0.45760354875226594,0.45760354875226594,0.0,0.0,0.0,0.0,True,,,,-0.6518737052373539,-0.6518737052373539,-0.6518737052373539,-0.6518737052373539,True,-1.5233643142135358,-1.5233643142135358,-1.5233643142135358,-0.15285657118389345,0.2409542067959244,0.14434504517633423,1.1120228190669303,0.912229731173412,0.45133904620574156,0.2409542067959244,0.6023879505531502,True,0.8452244881047045,0.509978228813481,0.8704017275688117,Pik3ca,PIK3CA,C378R,C378R,targeting guide,Missense,23164,0.069072699015714,0.7252633396649973,0.3971680193403557,14.14263512346745,27127,1.0506137796291517,96.3763040513142,0.0,95.5911084896966,160685,0.1530945638983103,93.2302330646918,0.957774527802844,92.8860814637334,387710,0.1648139073018493,99.86072064171675,0.0012896236878078,99.72118335869592,363588,0.0115515363543351,99.6300758000814,0.0,99.68838355501282,0.23487651234876505,0.7652234776522349,0.9114056336301855,0.9879119614920229,0.2348765123487651,0.7652234776522348,0.9114056336301855,0.9879119614920229,0.9114056336301855,0.9114056336301855,0.42079499955658956,0.8497865405660097,0.9999999956433565,0.999999193896047,0.2692844473436684,0.7309427657563048,0.7670526681910554,1.0,0.999999193896047,0.7670526681910554,0.009750495337584387,0.9933223655417055,0.08024248941372644,0.9999999999973488,0.005169675065847283,0.9948662655955255,0.0494149662997043,1.0,0.08024248941372644,0.0494149662997043,0.741331644795315,0.3174035435576392,0.9866557117120665,0.9840937019657632,0.7378493649793864,0.26242268557832715,0.9641177804211494,1.0,0.9840937019657632,0.9641177804211494
gRNA_8867,Pik3ca,-0.6646702055179984,-1.9448357175321018,-2.584348989431192,0.8673718354034657,0.4122794656310813,-0.7828407222893491,-0.6646702055179984,,False,-0.12538958767811703,-0.2457525255336912,,1990.7817442385901,-0.7222463409712905,-2.061420266347278,-0.7155359551121625,-0.9822362504901818,0.4336348494518619,-0.8095607926938101,-0.7222463409712905,-1.1203597032302282,True,-0.8858568241178235,-0.725074888301474,-0.8959797258693785,-0.045676552458405205,-0.045676552458405205,-0.045676552458405205,-0.045676552458405205,True,-0.22475694075672342,-0.22475694075672342,-0.22475694075672342,0.0,0.0,0.0,0.0,True,,,,-0.5300509714524919,-0.5300509714524919,-0.5300509714524919,-0.5300509714524919,True,-1.2612403743147282,-1.2612403743147282,-1.2612403743147282,0.4187981162751861,0.23866887169319315,-0.4446978109049115,0.979042107535952,-0.23173344189521508,0.19201556854084095,0.23866887169319315,,False,0.503312895171616,0.5071074395937203,,Pik3ca,PIK3CA,Q958R,Q958R,targeting guide,Missense,13308,0.0300571085061617,0.0901713255184851,0.0,11.534415389239555,15237,15.160464658397322,56.83533503970598,0.0,52.9238038984052,30892,16.52855108118607,56.16340800207173,0.0,45.35802149423799,29530,23.802912292583812,64.09075516423975,0.0,47.45682356925161,49498,23.746413996525114,69.04117338074266,0.0,53.044567457271,0.5870412958704131,0.4130586941305867,0.9985561443855614,0.9727487021412807,0.587041295870413,0.41305869413058693,0.9985561443855614,0.9727487021412802,0.9727487021412807,0.9727487021412802,0.907081547266201,0.06341615117868626,0.9999999956433565,0.5183581052866529,0.9486927118863233,0.05144534122193591,1.0,0.3393587420955772,0.5183581052866529,0.3393587420955772,0.0668442768111066,0.9483767340449232,0.24401405903860277,0.9999999999973488,0.04776154844848315,0.9523868519979789,0.19953713574032958,1.0,0.24401405903860277,0.19953713574032958,0.519460175259075,0.43013482366279565,0.9483359320886435,0.9840937019657632,0.5561199512473318,0.44423046164108354,0.9197840034090436,1.0,0.9483359320886435,0.9197840034090436
gRNA_8999,Pik3cg,-0.7872734639290633,-4.824050250236709,-1.2270614836286968,-1.2905394976914548,-0.250046094333503,-1.6757941579638853,-1.2270614836286968,-1.6757941579638853,True,-1.0844256601954212,-0.8501202153101792,-0.3230098173170363,1300.5573128483206,-0.26125899104032546,-0.6385963999963484,-0.4463240907701783,-0.28513739842208663,-0.5343401253788029,-0.43313140112154835,-0.4463240907701783,-0.43313140112154835,True,-0.3271685043589178,-0.33461414927063954,-0.12061863180667085,-0.1889658747701203,-0.1889658747701203,-0.1889658747701203,-0.1889658747701203,True,-0.7621108999264522,-0.7621108999264522,-0.7621108999264522,0.0,0.0,0.0,0.0,True,,,,0.20066353046606805,0.20066353046606805,0.20066353046606805,0.20066353046606805,True,0.3110258048562461,0.3110258048562461,0.3110258048562461,-1.3504024043694722,-0.8741290941452078,-1.0579214849567975,0.47400907985504964,-1.136369091268174,-0.7889625989769204,-1.0579214849567975,-1.1047055186849128,True,-0.7900825617642037,-1.1216417157786829,-0.728329380095877,Pik3cg,PIK3CG,L44P,L44P,targeting guide,Missense,4397,0.0454855583352285,0.409370025017057,0.0,5.549238116897885,10564,6.995456266565695,92.12419538053769,3.663385081408557,85.31806134040136,29761,1.1054736063976345,97.10695205134236,0.0336010214710527,96.08884110076946,23381,3.237671613703434,94.41426799538088,0.0,91.28352080749326,15843,0.0126238717414631,91.90809821372214,0.0,92.2363188790002,0.8612138786121388,0.13888611138886112,0.9985561443855614,0.85727690967167,0.8612138786121387,0.1388861113888612,0.9985561443855614,0.8572769096716699,0.85727690967167,0.8572769096716699,0.9481177780292785,0.32015387075519663,0.9999999956433565,0.999999193896047,0.8502384689457445,0.14991056907173655,1.0,0.5810966388760097,0.999999193896047,0.5810966388760097,0.846712139622316,0.09786696795809545,0.9921576341687368,0.9999999999973488,0.9178844753211017,0.08227696450669253,0.9917372491975123,1.0,0.9921576341687368,0.9917372491975123,0.9610562280909151,0.08351581531015567,0.9999999997953558,0.9840937019657632,0.9489387044537589,0.051206795825926375,1.0,0.8129464082387473,0.9840937019657632,0.8129464082387473
gRNA_9105,Pik3r2,-2.0086902460445417,-1.2349814300523345,-0.2326851203384736,0.7923023416362434,-1.0667895224477262,-0.7501687954493665,-1.0667895224477262,-1.135786579720769,True,-0.09029978887520386,-0.6778856898383526,0.06461645949935782,3270.01054375659,0.028769898820445988,-0.2262797138694092,0.10617192630339152,-0.24024627974034232,-0.03234712260517653,-0.07278625821821812,-0.03234712260517653,,False,0.20764792318164416,0.2512094036093281,,-0.286872373370196,-0.286872373370196,-0.286872373370196,-0.286872373370196,True,-1.129273252308482,-1.129273252308482,-1.129273252308482,0.0,0.0,0.0,0.0,True,,,,0.41833250328551197,0.41833250328551197,0.41833250328551197,0.41833250328551197,True,0.7793804951221861,0.7793804951221861,0.7793804951221861,0.34297616915814444,-0.44287185574181703,0.521139608738231,0.8132694057263729,0.2755299794854179,0.3020086614732699,0.34297616915814444,0.4882287907770415,True,0.6483360683713877,0.6381360422467311,0.7634891283188192,Pik3r2,PIK3R2,N555D,N561D,targeting guide,Missense,18428,0.0,0.3961363143043195,0.0,8.042109832863034,36152,0.3623589289665855,68.05709227705245,0.0719185660544368,96.44279707899976,154603,0.1752876722961391,80.69442378220344,0.008408633726383,93.79960285376092,179671,0.2231857116618708,75.87089736240128,0.0,98.32972488604172,129022,0.4022569794298647,75.28638526762877,0.0,98.0251429988684,0.9667033296670333,0.03339666033396661,0.9985561443855614,0.570779285707793,0.9667033296670333,0.033396660333966634,0.9985561443855614,0.5707792857077933,0.570779285707793,0.5707792857077933,0.6495749381921526,0.7793104566544298,0.9999999956433565,0.999999193896047,0.4242682979613729,0.5759572521707429,0.9181815541016815,1.0,0.999999193896047,0.9181815541016815,0.037626428552013355,0.9835483813693393,0.18834647405656507,0.9999999999973488,0.01817686728111959,0.9818800866720708,0.11027704025780626,1.0,0.18834647405656507,0.11027704025780626,0.6808932612952354,0.4184683030520507,0.980903702095818,0.9840937019657632,0.653283536797908,0.3470053716820001,0.9520721311473387,1.0,0.980903702095818,0.9520721311473387
gRNA_9114,Pik3r3,0.06675421687441471,0.33668665270897175,-1.360327450736063,0.13710461149997288,-1.0207997526441124,-0.3681163444593632,0.06675421687441471,,False,0.3200262902403133,0.5402648001482231,,1028.1066425666515,-0.13580908674634917,0.37964163429447567,1.1049424743400016,0.09160035382135247,-0.15409486373683107,0.2572561023945299,0.09160035382135247,,False,0.6974896199998434,0.42660889825404946,,0.20710618956602708,0.20710618956602708,0.20710618956602708,0.20710618956602708,True,0.7232118614204038,0.7232118614204038,0.7232118614204038,0.0,0.0,0.0,0.0,True,,,,0.6024933448873451,0.6024933448873451,0.6024933448873451,0.6024933448873451,True,1.1756362995683611,1.1756362995683611,1.1756362995683611,-1.0851657075783494,-0.09400826930178346,-0.9394633318344009,0.362047772770076,0.032976260931853074,-0.3447226550025209,-0.09400826930178346,,False,-0.20436318048601818,0.08920550963702259,,Pik3r3,PIK3R3,D11G,D11G,targeting guide,Missense,1795,0.4456824512534819,1.2813370473537604,1.448467966573816,37.60445682451253,10510,53.62511893434824,97.56422454804948,0.0856327307326355,44.54804947668887,92814,41.27502316460879,98.31706423599888,0.0215484732906673,57.462236300558104,50414,27.0401079065339,98.228666640219,0.0,71.86892529852818,50591,28.439841078452687,99.3872427902196,0.0,71.17273823407325,0.1292870712928707,0.8708129187081292,0.8143830778212503,0.9879119614920229,0.1292870712928707,0.8708129187081292,0.8143830778212504,0.9879119614920229,0.8143830778212503,0.8143830778212504,0.13010845260132783,0.9324149206406213,0.6793224856949936,0.999999193896047,0.08826529574164521,0.911928683867195,0.4478864132670965,1.0,0.6793224856949936,0.4478864132670965,0.5663212259571961,0.49586609430918405,0.8189876190765605,0.9999999999973488,0.5350119882319305,0.46530519931775544,0.779918880747768,1.0,0.8189876190765605,0.779918880747768,0.5669765517952968,0.6756602229636203,0.9483359320886435,0.9840937019657632,0.4377501988249871,0.5625152678264199,0.89942117354205,1.0,0.9483359320886435,0.89942117354205
gRNA_9115,Pik3r3,-1.3629240970112644,-3.7965839272819935,0.7451006892535351,0.7468901455036911,-4.131058200431567,-1.5597150779935196,-1.3629240970112644,,False,-0.9597561975911281,-0.9961234998078741,,793.9749962343727,1.0075654437607358,1.164838221146098,0.15332305797867105,1.510017993787553,1.6468779899474397,1.0965245413240994,1.164838221146098,1.0965245413240994,True,1.9431135921710758,1.9453601063427686,1.6052062526385236,0.31657719706165,0.31657719706165,0.31657719706165,0.31657719706165,True,1.133742655641786,1.133742655641786,1.133742655641786,0.0,0.0,0.0,0.0,True,,,,0.562066903997004,0.562066903997004,0.562066903997004,0.562066903997004,True,1.0886514024720917,1.0886514024720917,1.0886514024720917,-1.48141904798382,0.1298782559855196,0.06305672392106303,0.968609823685701,-0.08479483726563584,-0.08093381633143444,0.06305672392106303,,False,0.14343588051742837,0.2865072046081667,,Pik3r3,PIK3R3,D11G,D11G,targeting guide,Missense,772,0.0,1.4248704663212437,0.0,29.274611398963728,13117,0.0,69.62720134177022,0.0,97.01913547305024,54404,0.0073524005587824,78.45011396220866,0.0716859054481288,98.34019557385486,21105,0.0,86.1549395877754,0.0,99.68727789623313,27668,0.0036142836489807,81.1840393234061,0.0,98.37718664160762,0.051694830516948294,0.9484051594840516,0.7553426475534262,0.9879119614920229,0.05169483051694828,0.9484051594840516,0.7553426475534257,0.9879119614920229,0.7553426475534262,0.7553426475534257,7.204843923117788e-05,0.9998618341579817,0.012269407500615233,0.999999193896047,2.02557952624748e-05,0.9999802669257173,0.0038080895093452623,1.0,0.012269407500615233,0.0038080895093452623,0.1353322223653882,0.6733451666489414,0.3769253008102664,0.9999999999973488,0.17986917023012472,0.8205516150157379,0.4226925500407931,1.0,0.3769253008102664,0.4226925500407931,0.5572784021616228,0.1238271297890744,0.9483359320886435,0.9840937019657632,0.7848866172517006,0.2155181429729649,0.9668242831730418,1.0,0.9483359320886435,0.9668242831730418
gRNA_9745,Ptpn11,-0.30869479384556797,2.1844800255594974,-0.3180567363940614,0.21991744177650657,0.16643032560298715,0.38881525253987237,0.16643032560298715,,False,1.1329742861254906,0.6473806497406484,,2558.2165988853744,-0.9294479705311689,-1.7347480363470869,-0.23575275515596456,-0.978865249907836,-0.8260357224318899,-0.9409699468747892,-0.9294479705311689,-0.9409699468747892,True,-1.0808914340447071,-1.0182882893496845,-0.6935843394677873,-0.13910788060002593,-0.13910788060002593,-0.13910788060002593,-0.13910788060002593,True,-0.5751368105014298,-0.5751368105014298,-0.5751368105014298,0.0,0.0,0.0,0.0,True,,,,-0.12327714871584447,-0.12327714871584447,-0.12327714871584447,-0.12327714871584447,True,-0.3859919395543625,-0.3859919395543625,-0.3859919395543625,-0.030954962983171238,0.1946012718913785,-0.7311640892961999,0.6555272353396202,0.8443273450296723,0.18646735999625996,0.1946012718913785,,False,0.49599771939777426,0.4517506604935422,,Ptpn11,PTPN11,D61G,D61G,targeting guide,Missense,14547,0.0618684264796865,0.3368392108338489,0.0206228088265621,8.867807795421736,23152,3.796648237733242,94.92052522460264,3.1919488597097443,90.93814789219074,47589,0.7081468406564542,94.84124482548488,0.2143352455399357,97.59608312845404,95939,2.909140182824503,96.60200752561524,0.4763443438017907,92.6234378094414,65567,6.263821739594613,95.6288986837891,0.7137736971342291,89.99344182286822,0.7926207379262074,0.20747925207479248,0.9985561443855614,0.85727690967167,0.7926207379262074,0.20747925207479245,0.9985561443855614,0.8572769096716699,0.85727690967167,0.8572769096716699,0.994445704941636,0.039595210665004175,0.9999999956433565,0.4652437253137991,0.9861962704979981,0.013843433042916322,1.0,0.17948726979781163,0.4652437253137991,0.17948726979781163,0.05628273015434433,0.9307612517127836,0.23522280380056998,0.9999999999973488,0.044260276748017933,0.9558687013323348,0.18875537870480974,1.0,0.23522280380056998,0.18875537870480974,0.08112217929847264,0.9513742436134299,0.7124107290566989,0.9997934568416044,0.05851561687242703,0.9416985246687833,0.7329365054482682,1.0,0.7124107290566989,0.7329365054482682
gRNA_10049,Ptprt,-1.321534890951789,0.49104369559184563,0.525652091267035,0.9752788233970063,0.2539551286471757,0.1848789695902547,0.49104369559184563,0.5614824347257656,True,0.9139457858364062,0.9962228884570719,1.2829439336548139,2716.915198071999,-0.08282058777786278,-0.009671053702255832,-0.0638991048545562,0.08078572158634488,-0.8223545461741265,-0.1795919141844913,-0.0638991048545562,-0.24468632312720034,True,0.049129290448657666,0.20655983186221094,0.09199336539440385,-0.0019983268376987536,-0.0019983268376987536,-0.0019983268376987536,-0.0019983268376987536,True,-0.06095780284373482,-0.06095780284373482,-0.06095780284373482,0.0,0.0,0.0,0.0,True,,,,0.3207383325941571,0.3207383325941571,0.3207383325941571,0.3207383325941571,True,0.5693887494275616,0.5693887494275616,0.5693887494275616,-2.0531780968645026,-0.3483050562010237,0.17595127025527743,0.90445036844632,1.002712222918141,-0.06367385828915761,0.17595127025527743,,False,0.16619270840409947,0.42832292616195516,,Ptprt,PTPRT,Q894R,Q900R,targeting guide,Missense,6552,0.0152625152625152,0.7173382173382173,0.0,25.7020757020757,46418,1.8031798009392908,76.52419320091343,0.0,94.38148993924771,187850,2.8048975246207077,77.317540590897,0.0026616981634282,94.6494543518765,253883,0.1043787886546165,90.0383247401362,0.0,99.38121103027773,157570,0.6238497175858349,74.88354382179348,0.0025385542933299,97.2786697975503,0.501849815018498,0.4982501749825017,0.9981029294330835,0.9778839374945756,0.5018498150184981,0.49825017498250174,0.998102929433084,0.9778839374945756,0.9778839374945756,0.9778839374945756,0.7153918082765557,0.6254489259627116,0.9999999956433565,0.999999193896047,0.5457834405428951,0.45446612643693873,0.9961872506996532,0.9990914561531847,0.999999193896047,0.9961872506996532,0.038070031990156766,0.5373153948248082,0.18834647405656507,0.9999999999973488,0.10987526478628457,0.8905928568008876,0.32275859030971094,1.0,0.18834647405656507,0.32275859030971094,0.1485583233835185,0.9168386259055877,0.7274739925399841,0.9956042235074434,0.09216384411104483,0.9079815190838505,0.7483434114870964,1.0,0.7274739925399841,0.7483434114870964
gRNA_10106,Ptprt,-0.3167508421011097,0.13368714674207915,0.2518468088133066,0.21787532387101313,0.6407932920045071,0.18549034586595925,0.21787532387101313,0.3110506428577265,True,0.9146024067517388,0.7026654593811036,1.1031798951683713,1247.0552794095497,0.270978115097889,0.7369712872843359,-1.4730745362513484,0.29619244025858127,1.6423829913060324,0.29469005953909805,0.29619244025858127,0.7366312084867096,True,0.7530482854156147,0.7161295049173926,1.199158819145973,-0.05060064358315261,-0.05060064358315261,-0.05060064358315261,-0.05060064358315261,True,-0.24322293542057852,-0.24322293542057852,-0.24322293542057852,0.0,0.0,0.0,0.0,True,,,,0.295930554855233,0.295930554855233,0.295930554855233,0.295930554855233,True,0.5160102687529737,0.5160102687529737,0.5160102687529737,-0.7538086445547502,-0.1494169229693746,0.29024155785202493,1.5889195160590368,0.40149851670030323,0.275486804617448,0.29024155785202493,,False,0.6133676559207599,0.5718919481246275,,Ptprt,PTPRT,N470S,N466S,targeting guide,Missense,1190,0.1680672268907563,2.773109243697479,0.0,24.11764705882353,27627,7.195859123321388,96.33329713685887,1.1293300032576827,90.58891663951933,98072,5.018761726078799,89.285422954564,4.7036870870380945,89.73713190309161,94003,3.8743444358158783,98.36175441209323,0.0702105251960043,95.62354392944906,104432,2.1238700781369695,96.95399877432205,0.0995863336908227,97.42990654205607,0.6083391660833917,0.39176082391760836,0.9985561443855614,0.9727487021412807,0.6083391660833917,0.39176082391760825,0.9985561443855614,0.9727487021412802,0.9727487021412807,0.9727487021412802,0.02741426366030068,0.7283423149975469,0.27125692463876466,0.999999193896047,0.05654938082882668,0.9438045888115396,0.34856667527276775,1.0,0.27125692463876466,0.34856667527276775,0.01524156713408147,0.9102150387770066,0.10612646745212281,0.9999999999973488,0.026624409344177282,0.9738553177015353,0.1409968720198684,1.0,0.10612646745212281,0.1409968720198684,0.23752637063568216,0.9627659451233239,0.8085190611078275,0.9997934568416044,0.10610375295505547,0.8940234804739298,0.7483434114870964,1.0,0.8085190611078275,0.7483434114870964
gRNA_10107,Ptprt,-1.269850713668051,-3.6918143093159577,-1.7155120348186776,0.13985783472213978,0.8653400027085809,-1.134395844074393,-1.269850713668051,,False,-0.5029613957930444,-0.896103197466437,,1611.2065070040667,0.2672676253842878,0.01690247257252277,0.9512463208960488,0.47888501617516605,-0.902940359349543,0.1622722151356965,0.2672676253842878,0.42857535875700636,True,0.5565165993885662,0.6751976678367845,0.8515967063139744,-0.013699585334311338,-0.013699585334311338,-0.013699585334311338,-0.013699585334311338,True,-0.1048390738204008,-0.1048390738204008,-0.1048390738204008,0.0,0.0,0.0,0.0,True,,,,0.1281402799073905,0.1281402799073905,0.1281402799073905,0.1281402799073905,True,0.15497873892616593,0.15497873892616593,0.15497873892616593,-0.6862623922792361,-0.04763625972650915,-0.7761379766144272,0.8285226768902985,1.3979566245100497,0.14328853455603513,-0.04763625972650915,,False,0.439067505750384,0.14745703915155037,,Ptprt,PTPRT,N470S,N466S,targeting guide,Missense,3680,0.217391304347826,0.2989130434782608,0.0,4.864130434782608,15022,28.7977632805219,60.19837571561709,0.0998535481294102,56.62361869258421,58448,21.316383794141803,71.4635231316726,1.120654256775253,71.42246099096633,56317,20.041905641280607,54.699291510556314,0.0,71.4224834419447,65640,23.033211456429008,78.28001218769043,0.0,68.56946983546618,0.5272472752724728,0.4728527147285271,0.9981029294330835,0.9778839374945756,0.5272472752724727,0.47285271472852713,0.998102929433084,0.9778839374945756,0.9778839374945756,0.9778839374945756,0.13799626906627788,0.8304575236589479,0.6827183838015853,0.999999193896047,0.12405199495476771,0.8761788061702647,0.4909847379262385,1.0,0.6827183838015853,0.4909847379262385,0.03395749600156287,0.7711980193321177,0.17490436296695397,0.9999999999973488,0.07384798062083586,0.926569023194795,0.2501517181390476,1.0,0.17490436296695397,0.2501517181390476,0.6406987096825796,0.25674097909823296,0.9780765380247597,0.9840937019657632,0.7237604287353828,0.2765752328854513,0.9641177804211494,1.0,0.9780765380247597,0.9641177804211494
gRNA_10342,Raf1,0.9772045912337172,-0.6058849125418081,0.9611496534833172,0.3137182722598651,-3.613028555918007,-0.3933681902965832,0.3137182722598651,,False,0.2929056923591415,0.8056620447722022,,1669.2875433047145,-0.41733726537684174,1.2104812821540454,-1.9796985486947674,-0.24494996127370997,-0.22578305505575152,-0.33145750964940507,-0.24494996127370997,-0.7169422076002676,True,-0.17626632492849836,-0.0496473103601431,-0.44082642409773837,-0.18399049007095153,-0.18399049007095153,-0.18399049007095153,-0.18399049007095153,True,-0.7434525475568685,-0.7434525475568685,-0.7434525475568685,0.0,0.0,0.0,0.0,True,,,,-0.06317611573553475,-0.06317611573553475,-0.06317611573553475,-0.06317611573553475,True,-0.2566735515381466,-0.2566735515381466,-0.2566735515381466,-0.4660621972148696,0.5819606807193275,0.02758868721566888,0.5556213751426957,0.6151515750079716,0.26285202417415887,0.5556213751426957,0.4450805795214159,True,0.596709010330224,0.9052564152041426,0.723079866132815,Raf1,RAF1,R391G,R391G,targeting guide,Missense,1848,0.5411255411255411,0.5952380952380952,0.0541125541125541,7.142857142857142,15394,82.57762764713524,91.0289723268806,0.0,8.717682213849551,87436,85.4396358479345,98.41026579440964,0.0411729722311176,13.717461915000689,53420,88.23099962560839,98.07375514788468,0.1516286035192811,10.117933358292774,60788,86.83128248996512,97.85319470948214,0.2895308284529841,11.260446140685662,0.8612138786121388,0.13888611138886112,0.9985561443855614,0.85727690967167,0.8612138786121387,0.1388861113888612,0.9985561443855614,0.8572769096716699,0.85727690967167,0.8572769096716699,0.3432616858358437,0.2570742226073964,0.9999999956433565,0.9205705495274386,0.5941737100110169,0.4065940504099741,1.0,0.947072046781696,0.9205705495274386,0.947072046781696,0.047138849850834656,0.9771421996166824,0.21881737708535595,0.9999999999973488,0.024153421796759392,0.9759121599957437,0.13554756112808256,1.0,0.21881737708535595,0.13554756112808256,0.20489854615292397,0.6422746927812512,0.7374561910804621,0.9840937019657632,0.23296969782368132,0.7673617954572953,0.7891586160513889,1.0,0.7374561910804621,0.7891586160513889
gRNA_10343,Raf1,-1.152383701641052,-3.2107675951043455,-0.4162820423673938,-0.4039432076172604,1.3837526085310863,-0.759924787639793,-0.4162820423673938,-1.2958441366825129,True,-0.10077776909233387,0.02117512106044361,-0.050275474208795835,2929.3568308480194,-0.0026607148117629665,-0.2708643855441124,-1.4908818349761508,-1.0953072615944464,-0.08243059451957292,-0.5884289582892092,-0.2708643855441124,-0.5884289582892092,True,-0.557657762687747,-0.08631910919044689,-0.2958321430391305,-0.06414170508082893,-0.06414170508082893,-0.06414170508082893,-0.06414170508082893,True,-0.2940037116134341,-0.2940037116134341,-0.2940037116134341,0.0,0.0,0.0,0.0,True,,,,0.48288541751608655,0.48288541751608655,0.48288541751608655,0.48288541751608655,True,0.9182779216070499,0.9182779216070499,0.9182779216070499,-1.409594087704346,0.005595665517133973,-0.9579124213156444,0.47148647648851866,-0.2677313366416371,-0.4316311407311949,-0.2677313366416371,,False,-0.3189498699075269,-0.1290217027954013,,Raf1,RAF1,S259P,S259P,targeting guide,Missense,7271,0.2750653280154037,0.4125979920231055,0.0,15.293632237656444,17004,54.140202305339926,70.60691601976006,0.0999764761232651,31.098565043519173,73497,48.47544797746847,66.77143284759921,0.0027211995047416,39.941766330598526,57850,50.32152117545377,63.44857389801209,0.0,23.66637856525497,61737,54.4908239791373,71.71712263310495,0.0,30.765991220823818,0.6393360663933609,0.36076392360763926,0.9985561443855614,0.9640938004101692,0.6393360663933607,0.36076392360763926,0.9985561443855614,0.9640938004101688,0.9640938004101692,0.9640938004101688,0.912908540139758,0.16765048009923258,0.9999999956433565,0.7765722236565988,0.8879378798905293,0.11224259519028262,1.0,0.4706591802323885,0.7765722236565988,0.4706591802323885,0.5804966054665213,0.37271124200498545,0.836270971859816,0.9999999999973488,0.6155623832358126,0.38479009142265397,0.8464844150889458,1.0,0.836270971859816,0.8464844150889458,0.4841326963804503,0.42355708960187166,0.9483359320886435,0.9840937019657632,0.5547029413379703,0.44570989563221264,0.9197840034090436,1.0,0.9483359320886435,0.9197840034090436
gRNA_10363,Rara,1.345318093872876,-1.2302821369505437,-2.5940154811395773,0.09231137222548484,-0.5852393911195879,-0.5943815086222697,-0.5852393911195879,,False,0.07701646944001819,-0.16039306200093137,,1173.9117336948336,0.2593842732701469,-0.5942114130156648,-0.45414434929173336,0.005472197363755304,-0.10691679453698312,-0.1780832172420958,-0.10691679453698312,,False,0.05136846565294172,0.14568500610039994,,0.10785369349662678,0.10785369349662678,0.10785369349662678,0.10785369349662678,True,0.35100184004597984,0.35100184004597984,0.35100184004597984,0.0,0.0,0.0,0.0,True,,,,0.9272277696238516,0.9272277696238516,0.9272277696238516,0.9272277696238516,True,1.8743619330205568,1.8743619330205568,1.8743619330205568,0.01493226396227757,-0.6598788861042972,-0.46183850399260706,0.48529037329065217,0.6458108644353806,0.004863222318281224,0.01493226396227757,,False,0.2565571544484101,0.22605428429404167,,Rara,RARA,T253A,T253A,targeting guide,Missense,2841,0.7391763463569165,1.0559662090813091,1.1263639563533967,4.998240056318197,16198,75.31794048647981,97.14779602420052,0.0432152117545375,22.2990492653414,85294,63.12870776373485,97.61061739395502,0.0891035711773395,36.16080849766689,41634,62.25440745544507,94.02411490608638,0.0648508430609597,35.83369361579478,46921,68.97551203086039,94.49287099592932,0.2386990899597195,28.69290935828307,0.2804719528047195,0.7196280371962804,0.9114056336301855,0.9879119614920229,0.28047195280471954,0.7196280371962803,0.9114056336301855,0.9879119614920229,0.9114056336301855,0.9114056336301855,0.7170942420624142,0.6020100211090795,0.9999999956433565,0.999999193896047,0.5642389814233567,0.4360106097259574,1.0,0.9880092647090372,0.999999193896047,0.9880092647090372,0.17881178946618986,0.8495717952877768,0.4309822617903038,0.9999999999973488,0.14580572784602436,0.8544169558438633,0.3717623373161284,1.0,0.4309822617903038,0.3717623373161284,0.43472521149466903,0.4872955916584414,0.8883515191412802,0.9840937019657632,0.4887592447651902,0.5116418228053367,0.9127546941314479,1.0,0.8883515191412802,0.9127546941314479
gRNA_10504,Rbm10,-1.6999086565631947,1.9447350773590872,-2.3684269264785627,1.1750374882603078,-1.5522098034827936,-0.5001545641810312,-1.5522098034827936,,False,0.17821663857758177,-1.1995373320995457,,1698.448561530351,0.6381843146929048,1.530259666367141,0.2900424954139081,-0.002027160223402711,1.24957044316575,0.7412059518832603,0.6381843146929048,0.927014229909926,True,1.4157574660071093,1.200086126526693,1.4139572890703456,-0.09489391039721405,-0.09489391039721405,-0.09489391039721405,-0.09489391039721405,True,-0.4093285593645556,-0.4093285593645556,-0.4093285593645556,0.0,0.0,0.0,0.0,True,,,,0.5526987985158386,0.5526987985158386,0.5526987985158386,0.5526987985158386,True,1.0684942065053087,1.0684942065053087,1.0684942065053087,-0.7879710563983705,-0.34167880314209464,-0.2782138183440373,0.42735709856600346,-0.7617383944710714,-0.348448994757914,-0.34167880314209464,-0.5424005180888934,True,-0.2092762673112023,-0.22191293323439343,-0.20171820581172242,Rbm10,RBM10,M655V,M655V,targeting guide,Missense,2435,0.6981519507186857,1.88911704312115,0.0,12.93634496919918,17262,36.60641872320704,91.0786699107867,4.281079828525084,55.045765264743366,114621,27.41295225133265,99.31164446305652,0.0052346428664904,72.14908262883765,126010,46.02095071819697,98.11364177446237,0.0,52.68073962383938,87306,33.83959865301354,96.63253384647103,0.0,62.936109774815016,0.7276272372762724,0.27247275272472754,0.9985561443855614,0.9229707659864644,0.7276272372762724,0.27247275272472754,0.9985561443855614,0.9229707659864644,0.9229707659864644,0.9229707659864644,0.0025591737275574536,0.9967568311917103,0.0641499547707735,0.999999193896047,0.0013805425029990042,0.9986366886815455,0.0324427488204766,1.0,0.0641499547707735,0.0324427488204766,0.6507685655233896,0.5212649120674422,0.8926587353123195,0.9999999999973488,0.5800883286369685,0.42019905150052844,0.8199744795770681,1.0,0.8926587353123195,0.8199744795770681,0.16657024527909187,0.4044305880817118,0.7288304637399825,0.9840937019657632,0.3663026514356579,0.634334181999926,0.8639456274350743,1.0,0.7288304637399825,0.8639456274350743
gRNA_10547,Rbm10,-2.138041277485703,-3.2238765401819247,-0.3588777520483414,0.9594219683594344,-0.18001861860121218,-0.9882784439915495,-0.3588777520483414,-1.4752035470792955,True,-0.3460306400520864,0.08286401929502055,-0.1790225941849306,1434.6738966711855,-0.39610729143554363,-1.1109877184435186,-1.3893527948770137,0.05016621578288748,-2.002036766612601,-0.9696636711171578,-1.1109877184435186,-1.2246211428421692,True,-1.1234780357912844,-1.275187267528001,-1.013612052183674,0.11431986121917168,0.11431986121917168,0.11431986121917168,0.11431986121917168,True,0.3752508264345555,0.3752508264345555,0.3752508264345555,0.0,0.0,0.0,0.0,True,,,,0.161662552377881,0.161662552377881,0.161662552377881,0.161662552377881,True,0.22710805224336714,0.22710805224336714,0.22710805224336714,0.17087251150324373,0.22144258369742642,0.753065127539552,0.595876251853313,0.18475109232188602,0.3852015133830842,0.22144258369742642,0.3852015133830842,True,0.7580237864803029,0.48546814397548144,0.6670017851968075,Rbm10,RBM10,H777R,H777R,targeting guide,Missense,1928,0.0,0.5186721991701244,0.0,17.116182572614107,14767,22.123654093587053,99.35667366425136,0.2844179589625516,77.00954831719375,35921,10.442359622504942,98.89201302859053,0.0,88.41624676373152,41429,9.734726882135703,94.05488908735428,0.0,84.87050133964131,31948,10.720545887066484,96.97946663327907,0.0,86.51871791661449,0.2804719528047195,0.7196280371962804,0.9114056336301855,0.9879119614920229,0.28047195280471954,0.7196280371962803,0.9114056336301855,0.9879119614920229,0.9114056336301855,0.9114056336301855,0.9784097469847941,0.030965338514005084,0.9999999956433565,0.4014816303884797,0.982626077137624,0.017435193526557244,1.0,0.1820143214654083,0.4014816303884797,0.1820143214654083,0.030929505417688814,0.9970146442696064,0.168072193359526,0.9999999999973488,0.00975981616271147,0.9902714915542166,0.069239450512821,1.0,0.168072193359526,0.069239450512821,0.5876656174911009,0.37100166656526384,0.9483359320886435,0.9840937019657632,0.6253816342996894,0.3749672835644568,0.934628309940221,1.0,0.9483359320886435,0.934628309940221
gRNA_10548,Rbm10,-2.435477269335131,-4.639822136949089,-0.3982134535446785,-3.313798043103383,-0.33822426355442636,-2.2251070332973417,-2.435477269335131,-2.2251070332973417,True,-1.6743901997741655,-2.148731138207677,-0.7173155886648479,1467.6909173068234,-1.0451497902058187,-0.8414005886443187,-1.1785700053332944,-0.3412378571250239,-0.7004430613076242,-0.821360260523216,-0.8414005886443187,-0.821360260523216,True,-0.9033693377611546,-0.8936914299945157,-0.5586354484144225,-0.45969621786394255,-0.45969621786394255,-0.45969621786394255,-0.45969621786394255,True,-1.7773855860078616,-1.7773855860078616,-1.7773855860078616,0.0,0.0,0.0,0.0,True,,,,0.1909964514234813,0.1909964514234813,0.1909964514234813,0.1909964514234813,True,0.2902253124749881,0.2902253124749881,0.2902253124749881,-1.5119475271959,-1.0065055274691068,-0.44356698791811894,-0.4735840835409218,1.3336247391196214,-0.42039587740088524,-0.4735840835409218,-0.8589010315310119,True,-0.3041364530241822,-0.38760953350360633,-0.4981279956386418,Rbm10,RBM10,H777R,H777R,targeting guide,Missense,1305,0.1532567049808429,0.3065134099616858,0.0,16.47509578544061,9909,67.08043193056817,98.31466343727924,0.0201836714098294,31.264507013825813,29825,68.85163453478626,99.31936295054484,0.1877619446772841,30.283319362950543,43292,64.23126674674305,99.76901044072808,0.0,35.55160306754135,48054,66.68331460440338,99.03441961127064,0.0,32.38231989012361,0.9913008699130087,0.008799120087991203,0.9985561443855614,0.4726384504406704,0.9913008699130087,0.008799120087991195,0.9985561443855614,0.47263845044066993,0.4726384504406704,0.47263845044066993,0.9945997714425345,0.06156686201816242,0.9999999956433565,0.5144253359739793,0.9801035799790702,0.01994169663167657,1.0,0.1820143214654083,0.5144253359739793,0.1820143214654083,0.2920072222940846,0.24263808154741334,0.568884536697284,0.9999999999973488,0.6124847792046894,0.3885073551476244,0.8464844150889458,1.0,0.568884536697284,0.8464844150889458,0.969170027068536,0.04498550403533921,0.9999999997953558,0.9840937019657632,0.9720312226711264,0.028062563974130345,1.0,0.679698988228309,0.9840937019657632,0.679698988228309
gRNA_10596,Ret,0.14716313499842348,-3.073309255980386,-1.363527332085134,0.3293182844157471,0.8664628194525822,-0.6187784698397534,0.14716313499842348,,False,0.05081402154899458,0.6266753722454462,,1481.4279258924537,-0.048636573115103006,-0.30300276186574343,-1.1117369460710502,-0.41235382496062883,0.08634716937789064,-0.357876587326927,-0.30300276186574343,-0.4689325265031314,True,-0.21547694569215708,-0.13179849391077542,-0.16101103075090198,0.11300800396045488,0.11300800396045488,0.11300800396045488,0.11300800396045488,True,0.3703311877590128,0.3703311877590128,0.3703311877590128,0.0,0.0,0.0,0.0,True,,,,-0.22813156313481767,-0.22813156313481767,-0.22813156313481767,-0.22813156313481767,True,-0.6116054303156323,-0.6116054303156323,-0.6116054303156323,-2.1162208729802643,-0.14280811268974586,0.3086383642331187,0.9263752834586154,0.43774634653873906,-0.11725379828790743,0.3086383642331187,,False,0.09554888240272001,0.5950016239764314,,Ret,RET,K809E,K808E,targeting guide,Missense,3888,0.102880658436214,0.668724279835391,5.709876543209877,21.01337448559671,19817,9.032648735933794,91.40636826966744,0.0,88.89842054801433,75748,5.769129217933147,97.35306542747004,0.0,93.38992448645509,42201,19.568256676382077,94.15416696286816,0.0023696120945001,79.55498684865287,54298,14.293344137905631,94.5559689122988,0.0,83.76551622527532,0.2804719528047195,0.7196280371962804,0.9114056336301855,0.9879119614920229,0.28047195280471954,0.7196280371962803,0.9114056336301855,0.9879119614920229,0.9114056336301855,0.9114056336301855,0.8488848318199954,0.3844608087181244,0.9999999956433565,0.999999193896047,0.749608933713727,0.2506166377537867,1.0,0.7852654649618649,0.999999193896047,0.7852654649618649,0.07792792231358797,0.5576338498815965,0.271304618425084,0.9999999999973488,0.14343717181490823,0.856998100694169,0.3717623373161284,1.0,0.271304618425084,0.3717623373161284,0.41057194174379075,0.5457365545045606,0.8881553689271336,0.9840937019657632,0.41822444928840435,0.5821225577201857,0.8834404097328092,1.0,0.8881553689271336,0.8834404097328092
gRNA_10598,Ret,-2.3200384293845335,-2.672486705610226,0.12163837812344172,-0.2132058914848285,-3.652991065675166,-1.7474167428062621,-2.3200384293845335,-2.2146805230386883,True,-1.1613486437761755,-2.024676040401399,-0.709831268972708,1612.5320078325049,-0.6594920433722538,-1.4591325171607459,-0.721155790273765,-1.639456019338761,-0.6792533310716014,-1.0316979402434254,-0.721155790273765,-1.0316979402434254,True,-1.2155479494631904,-0.7235316375089191,-0.7959476385120328,-0.2036132761031691,-0.2036132761031691,-0.2036132761031691,-0.2036132761031691,True,-0.817040597205216,-0.817040597205216,-0.817040597205216,0.0,0.0,0.0,0.0,True,,,,0.12762103957245768,0.12762103957245768,0.12762103957245768,0.12762103957245768,True,0.1538614981771008,0.1538614981771008,0.1538614981771008,-1.2602302357823958,-1.5429134798546198,-1.6087858980053382,0.9154313697095734,-0.9187810763711551,-0.8830558640607871,-1.2602302357823958,-1.332677672503377,True,-0.9141422051053766,-1.3757776541971953,-0.9418303866655832,Ret,RET,K809E,K808E,targeting guide,Missense,1583,0.0,1.010739102969046,0.0631711939355653,20.65698041692988,29787,2.061301910229295,86.79961056836876,0.1141437539866384,95.08846140933964,107323,1.1218471343514438,83.50027487118325,0.003727066891533,96.89628504607587,47185,8.93080428102151,97.64119953375014,0.0,89.63017908233549,87158,0.0045893664379632,95.2293535877372,0.4990936001285023,98.89625737166983,0.8818118188181182,0.11828817118288174,0.9985561443855614,0.85727690967167,0.8818118188181181,0.11828817118288171,0.9985561443855614,0.8572769096716699,0.85727690967167,0.8572769096716699,0.9981628042337933,0.02360522682552369,0.9999999956433565,0.34685061427176916,0.9932021499959928,0.006821540062518926,1.0,0.12439644907270686,0.34685061427176916,0.12439644907270686,0.6043892516611795,0.041076349191944285,0.8559547628619044,0.9999999999973488,0.9266768530669491,0.07358589965024015,0.9955157050090654,1.0,0.8559547628619044,0.9955157050090654,0.9039278934565069,0.13734873167747214,0.9999999997953558,0.9840937019657632,0.9034085126777116,0.09675520757707723,0.9918167876570679,0.9206266127436572,0.9840937019657632,0.9206266127436572
gRNA_10617,Rheb,0.13480675960567895,-3.526863689505931,-0.2631041198690621,-0.15765263092626888,0.022363659445434583,-0.7580900042500296,-0.15765263092626888,,False,-0.09880720334305776,0.29910841409803357,,4625.39539087212,-0.17444475442542315,-0.6524236874500837,-1.305305453299186,-0.38683870758495825,-0.3523318458009703,-0.5742688897121242,-0.38683870758495825,-0.5742688897121242,True,-0.5366416967318988,-0.25043570167134627,-0.27985613298505785,-0.13502276205038166,-0.13502276205038166,-0.13502276205038166,-0.13502276205038166,True,-0.5598170742439461,-0.5598170742439461,-0.5598170742439461,0.0,0.0,0.0,0.0,True,,,,-0.38207809170283197,-0.38207809170283197,-0.38207809170283197,-0.38207809170283197,True,-0.9428496024687172,-0.9428496024687172,-0.9428496024687172,0.27461387064162396,-0.3160554126394135,-0.8226977668520754,0.25230879406988527,0.015881079779925693,-0.1191898870000108,0.015881079779925693,,False,0.09299619731004807,0.2272461664900432,,Rheb,RHEB,Y35C,Y35C,targeting guide,Missense,27103,0.1291369959045124,0.1549643950854149,1.1769914769582703,9.08017562631443,38626,69.42991767203438,87.20809817221561,0.4789520012426863,22.953451043338685,139361,80.20680104189837,93.45656245291006,1.9732923845265171,14.267262720560272,75384,57.24158972726307,86.66560543351375,0.4404117584633344,35.02732675368779,97410,60.76172877527974,87.68298942613694,1.3540704239811108,30.04927625500462,0.7926207379262074,0.20747925207479248,0.9985561443855614,0.85727690967167,0.7926207379262074,0.20747925207479245,0.9985561443855614,0.8572769096716699,0.85727690967167,0.8572769096716699,0.9614732842070051,0.1787508978555269,0.9999999956433565,0.8001230665914061,0.9132291720440184,0.08690041832380774,1.0,0.43679006134087167,0.8001230665914061,0.43679006134087167,0.40699069783992875,0.7944548657300081,0.6850351685348322,0.9999999999973488,0.28588638902339775,0.7143532527554981,0.5540890838803998,1.0,0.6850351685348322,0.5540890838803998,0.6177081608563586,0.5581235994563631,0.9717919183346897,0.9840937019657632,0.5150864783404562,0.48521929573894945,0.9127546941314479,1.0,0.9717919183346897,0.9127546941314479
gRNA_10634,Rhoa,-1.100671538088316,2.404162646008424,0.1977569463302984,0.03124481118820562,-0.22864212903395081,0.2607701472809322,0.03124481118820562,,False,0.9954532576523363,0.5021050023078197,,1202.4702515439071,-0.57979803228928,-1.558047025244239,-1.483306444806849,-0.0017387990569989805,-0.7578074957625222,-0.8761395594319777,-0.7578074957625222,-0.8761395594319777,True,-0.9846715823523077,-0.7753978860678871,-0.6204398546118388,-0.19636441093025525,-0.19636441093025525,-0.19636441093025525,-0.19636441093025525,True,-0.7898563915902359,-0.7898563915902359,-0.7898563915902359,0.0,0.0,0.0,0.0,True,,,,0.4722177365762813,0.4722177365762813,0.4722177365762813,0.4722177365762813,True,0.8953244508495859,0.8953244508495859,0.8953244508495859,0.0035781559707852425,-0.40534136765281703,0.3792377818650582,1.251737522090976,0.3865756961804043,0.3231575576908814,0.3792377818650582,0.505282289026806,True,0.6762203650793168,0.683687106826159,0.7794601097780669,Rhoa,RHOA,Y34C,Y34C,targeting guide,Missense,6631,0.5429045392851757,0.9953249886894888,0.0,34.082340521791586,10725,86.47086247086247,93.31468531468532,0.0,8.27972027972028,36843,88.39128192601036,94.52541866840376,0.0,7.105827429905273,33596,84.00107155613765,90.63578997499702,0.7262769377306822,7.545541135849505,27104,80.94377213695395,87.27494096812278,0.0,8.002508854781581,0.8781121887811218,0.121987801219878,0.9985561443855614,0.85727690967167,0.878112188781122,0.12198780121987807,0.9985561443855614,0.8572769096716699,0.85727690967167,0.8572769096716699,0.9817794310896811,0.04822287656867602,0.9999999956433565,0.4916270465385613,0.9768858394872928,0.023178253200724572,1.0,0.19806870916982816,0.4916270465385613,0.19806870916982816,0.03129003599778409,0.9758692569697851,0.168072193359526,0.9999999999973488,0.02036418666217922,0.9797379490481775,0.11885036257669475,1.0,0.168072193359526,0.11885036257669475,0.08704578485909774,0.8740434730367876,0.7124107290566989,0.9861350648860734,0.09530044578989288,0.905103604203003,0.7483434114870964,1.0,0.7124107290566989,0.7483434114870964
gRNA_10657,Rictor,0.054263504339929325,-2.8196008505735253,0.8618107039903526,0.5849345229251802,-0.6439016342171717,-0.392498750707047,0.054263504339929325,,False,0.2938394744534004,0.5268417913428781,,612.2608826630517,-0.1900354442170839,-0.5136595681012952,-0.9995530000854727,-0.6328650882044966,-0.4391132973116422,-0.5550452795839982,-0.5136595681012952,-0.5550452795839982,True,-0.5081104324825149,-0.42990135507784966,-0.258167213400338,0.296424644987984,0.296424644987984,0.296424644987984,0.296424644987984,True,1.0581679130897852,1.0581679130897852,1.0581679130897852,0.0,0.0,0.0,0.0,True,,,,0.6076742130135128,0.6076742130135128,0.6076742130135128,0.6076742130135128,True,1.1867838869121612,1.1867838869121612,1.1867838869121612,1.410766086914156,2.0685150210445045,1.5973262570321065,1.485776938878951,1.649698650130166,1.6424165907999768,1.5973262570321065,1.6424165907999768,True,2.415630778526619,2.2138238727845,1.8444117451731457,Rictor,RICTOR,C1554R,C1555R,targeting guide,Missense,860,0.5813953488372093,0.6976744186046512,0.0,48.13953488372093,6235,75.94226142742582,93.66479550922212,0.0160384923817161,17.93103448275862,21775,66.82893226176809,88.68886337543054,1.8645235361653272,23.200918484500573,21067,64.10974509896995,93.45896425689467,0.0,32.49632126073955,19867,77.8929883726783,99.48658579554034,0.0,21.724467710273316,0.07169283071692831,0.9284071592840716,0.7553426475534262,0.9879119614920229,0.07169283071692836,0.9284071592840716,0.7553426475534257,0.9879119614920229,0.7553426475534262,0.7553426475534257,0.969569702735271,0.20054488821653593,0.9999999956433565,0.8632976275441109,0.9131005015040077,0.08701463306987778,1.0,0.43679006134087167,0.8632976275441109,0.43679006134087167,1.6624998365605676e-10,0.9999999999973488,6.250999385467735e-08,0.9999999999973488,9.58460943930097e-12,1.0,3.603813149177165e-09,1.0,6.250999385467735e-08,3.603813149177165e-09,0.3242326787647703,0.6781734461356899,0.8707963372539546,0.9840937019657632,0.29834781430384494,0.701956251323993,0.8499502739874883,1.0,0.8707963372539546,0.8499502739874883
gRNA_10664,Rictor,1.2412352912916784,-3.2826713523405027,0.28338269046459935,-0.0911742451853751,0.3709032937635703,-0.295664864401206,0.28338269046459935,,False,0.397839511072543,0.7730622406834523,,1791.233619521012,1.1491365720848101,1.2929198023361705,-0.6136106783594365,1.5309627267925656,1.3989308479283944,0.9516678541565007,1.2929198023361705,1.342987487285485,True,1.7281204461218747,2.1266098200257426,1.8832765516063876,0.28681088090067247,0.28681088090067247,0.28681088090067247,0.28681088090067247,True,1.0221150229546614,1.0221150229546614,1.0221150229546614,0.0,0.0,0.0,0.0,True,,,,0.20074410064074955,0.20074410064074955,0.20074410064074955,0.20074410064074955,True,0.311199166354299,0.311199166354299,0.311199166354299,-0.13034912119554143,-0.28352676126813453,-0.361331686528406,0.7344322538581805,-0.1089981917036785,-0.029954701367516007,-0.13034912119554143,-0.22105144017394013,True,0.21065058302175005,0.04355490648090948,0.0992323727827262,Rictor,RICTOR,M1365T,M1366T,targeting guide,Missense,5041,0.4165840111089069,0.5554453481452093,4.87998413013291,25.76869668716524,22005,69.0161326971143,88.74346739377414,0.0181776868893433,21.922290388548056,107100,73.39962651727357,90.65546218487395,0.1139122315592903,18.897292250233427,63756,68.46571303093042,85.70958027479767,0.0015684798293493,22.36181692703432,74222,67.15529088410445,85.04217078494247,0.243863005577861,21.468028347390263,0.0776922307769223,0.9224077592240776,0.7553426475534262,0.9879119614920229,0.07769223077692228,0.9224077592240776,0.7553426475534257,0.9879119614920229,0.7553426475534262,0.7553426475534257,9.78942087815045e-05,0.9821842065953361,0.012269407500615233,0.999999193896047,0.00011402423028095207,0.9998886677810251,0.007145518430939663,1.0,0.012269407500615233,0.007145518430939663,0.2739844941044981,0.8795853884152098,0.5508993036539641,0.9999999999973488,0.18630991423063797,0.8139271524664825,0.4275873790859144,1.0,0.5508993036539641,0.4275873790859144,0.20667807997618345,0.7403760033695325,0.7374561910804621,0.9859690125412363,0.19414085754065064,0.8061405169591016,0.7810433852521655,1.0,0.7374561910804621,0.7810433852521655
gRNA_10909,Rtel1,-1.5765260690325351,-3.2337093588686745,0.6262928706100654,0.33231655590685844,-0.45092541436563327,-0.860510283149984,-0.45092541436563327,,False,-0.20880705114938858,-0.016054003066410753,,1978.1292363307725,-0.24733397444770255,0.9388303844799488,0.4262020894284885,0.18523488484167056,-0.0543388071264988,0.24971891543518132,0.18523488484167056,,False,0.6863030909659679,0.5591121963909376,,-0.0551703290784809,-0.0551703290784809,-0.0551703290784809,-0.0551703290784809,True,-0.2603598619790927,-0.2603598619790927,-0.2603598619790927,0.0,0.0,0.0,0.0,True,,,,0.3040796014762753,0.3040796014762753,0.3040796014762753,0.3040796014762753,True,0.5335444361481902,0.5335444361481902,0.5335444361481902,-0.15742632588083516,-0.17405962444867207,1.1036375243581762,0.6259223395419651,0.9496246919265177,0.46953972109943026,0.6259223395419651,,False,0.8692216278985793,0.9935669874677037,,Rtel1,RTEL1,T44A,T44A,targeting guide,Missense,1767,1.0752688172043012,2.490096208262592,0.1131861912846632,19.920769666100735,17652,39.85950600498527,93.7060956265579,0.7817811012916385,52.866530704736,75065,33.61619929394525,88.0370345700393,0.933857323652834,59.82548458003064,107105,29.201251108725085,82.91489659679753,0.6320900051351478,66.79333364455441,54421,33.87479098142261,92.97697579978316,0.845261939324893,60.72472023667335,0.6169383061693829,0.3831616838316169,0.9985561443855614,0.9727487021412807,0.616938306169383,0.38316168383161686,0.9985561443855614,0.9727487021412802,0.9727487021412807,0.9727487021412802,0.14117564169571897,0.9382293451455229,0.6893771594492251,0.999999193896047,0.08716847423350271,0.9129936896080961,0.4478864132670965,1.0,0.6893771594492251,0.4478864132670965,0.005913652462956372,0.9903031370235962,0.05701367502747682,0.9999999999973488,0.003764672658989215,0.9962649885104956,0.04180621844428961,1.0,0.05701367502747682,0.04180621844428961,0.5826902459605396,0.43030674386337703,0.9483359320886435,0.9840937019657632,0.5811618247370449,0.419169481419127,0.9202575807232678,1.0,0.9483359320886435,0.9202575807232678
gRNA_10969,Runx1,0.46696722741683355,-4.19618565142744,0.7426839314144329,0.2792821701573874,1.3744656047757768,-0.2665573435326018,0.46696722741683355,0.7158497334411076,True,0.4291011215656529,0.9703493729612553,1.3937513068733671,2167.675854797409,-0.42364990262823454,-0.6780940130791197,-0.18086494165290437,0.4381213974297396,0.2511146275665937,-0.11867456647278511,-0.18086494165290437,,False,0.139541493637868,0.0410401354826874,,-0.2513790718611863,-0.2513790718611863,-0.2513790718611863,-0.2513790718611863,True,-0.9961686651545238,-0.9961686651545238,-0.9961686651545238,0.0,0.0,0.0,0.0,True,,,,0.40957837431487504,0.40957837431487504,0.40957837431487504,0.40957837431487504,True,0.7605443821498896,0.7605443821498896,0.7605443821498896,-0.8077047795981328,0.12185622913964586,-0.4952237301397589,0.8983282304493442,0.43204542958519637,0.029860275887258935,0.12185622913964586,,False,0.2895151514695943,0.3603698891252124,,Runx1,RUNX1,R149G,R135G,targeting guide,Missense,5812,0.5333792154163799,0.5333792154163799,0.0344115622849277,12.59463179628355,27234,93.87163104942351,96.99640155687744,0.0293750458985092,3.4442241316002056,93626,96.30124110823915,97.96210454360968,0.0683570802982077,1.8135987866618248,63127,93.60178687407924,95.35064235588575,0.0,2.2304243825938186,66835,95.77317273883445,97.5476920775043,0.0448866611805191,2.076756190618688,0.9383061693830617,0.06179382061793821,0.9985561443855614,0.7494992436240248,0.9383061693830617,0.06179382061793818,0.9985561443855614,0.7494992436240244,0.7494992436240248,0.7494992436240244,0.5697354033028457,0.6412015675711331,0.9999999956433565,0.999999193896047,0.46304332682886906,0.5372339036491384,0.9360445746648105,1.0,0.999999193896047,0.9360445746648105,0.11309918498052861,0.8188242007387436,0.34294591574740935,0.9999999999973488,0.12113376482348565,0.8791444554938666,0.3373799672120785,1.0,0.34294591574740935,0.3373799672120785,0.10055200060270664,0.6454956771461094,0.7124107290566989,0.9840937019657632,0.13287482877866175,0.867434215065003,0.7483434114870964,1.0,0.7124107290566989,0.7483434114870964
gRNA_10971,Runx1,0.1417651702989714,-4.069279673833414,1.4474722756540792,1.172209156035116,0.5000389456381484,-0.16155882524141982,0.5000389456381484,0.8153713869065788,True,0.5418700102659296,1.005889536396046,1.4651895783897424,943.7565898478687,0.007406062138864648,-0.27361762906237774,-0.15938688647042276,-0.9145317258583663,1.01331115887686,-0.06536380407508843,-0.15938688647042276,,False,0.21866416826386853,0.0714339775645936,,-0.19386535078207748,-0.19386535078207748,-0.19386535078207748,-0.19386535078207748,True,-0.780484584653322,-0.780484584653322,-0.780484584653322,0.0,0.0,0.0,0.0,True,,,,0.5644798863339844,0.5644798863339844,0.5644798863339844,0.5644798863339844,True,1.0938433762312139,1.0938433762312139,1.0938433762312139,0.41968803874895916,0.4845394261865558,0.3149480822641522,1.5083574330784166,0.8784360829266659,0.7211938126409498,0.4845394261865558,0.7211938126409498,True,1.2010213248711614,0.8159647867952557,0.9816660671702412,Runx1,RUNX1,R149G,R135G,targeting guide,Missense,1536,2.1484375,2.1484375,1.8880208333333333,13.671875,7329,89.67116932732978,98.676490653568,0.0,9.441942966298267,36241,85.50260754394195,98.81625782953007,0.0,13.47369001959107,34481,89.32165540442563,96.35741422812563,1.0266523592703227,7.276471100026101,29893,82.85217274947311,94.3933362325628,0.0,12.835780952062356,0.8781121887811218,0.121987801219878,0.9985561443855614,0.85727690967167,0.878112188781122,0.12198780121987807,0.9985561443855614,0.8572769096716699,0.85727690967167,0.8572769096716699,0.345068456954743,0.6068178628218499,0.9999999956433565,0.999999193896047,0.3766083443018464,0.6238167097540682,0.875910096608784,1.0,0.999999193896047,0.875910096608784,0.0008474092047093443,0.9998563106496783,0.02124172406471423,0.9999999999973488,0.00023430165412302315,0.9997701244459767,0.006970894753348557,1.0,0.02124172406471423,0.006970894753348557,0.06787254427456405,0.6783094478143368,0.7124107290566989,0.9840937019657632,0.09868107095809431,0.9015884638407126,0.7483434114870964,1.0,0.7124107290566989,0.7483434114870964
gRNA_11071,Setbp1,1.9899888634658844,-3.3644761278179462,-0.7056303318984963,0.9562195073950943,0.07533447157939996,-0.2097127234552128,0.07533447157939996,,False,0.4901525034236286,0.5494854778428815,,1392.3783702364813,0.877755574013169,0.05600896896322928,0.527399103744129,0.9919327707262292,-1.353144166051528,0.21999045027904574,0.527399103744129,0.6132741043616892,True,0.6421807492494491,1.043312704632602,1.0599819270981576,0.02450007663855036,0.02450007663855036,0.02450007663855036,0.02450007663855036,True,0.03841472394275838,0.03841472394275838,0.03841472394275838,0.0,0.0,0.0,0.0,True,,,,-0.0876959877403786,-0.0876959877403786,-0.0876959877403786,-0.0876959877403786,True,-0.3094325502573398,-0.3094325502573398,-0.3094325502573398,0.9327397100929045,-0.17438467424438744,0.381005026810666,0.45226774671042275,0.7373178330847023,0.4657891284908617,0.45226774671042275,0.6258325791746739,True,0.8642765642861907,0.7754257912523561,0.892358145164156,Setbp1,SETBP1,I862T,I871T,targeting guide,Missense,941,2.5504782146652496,10.201912858660998,4.038257173219979,9.989373007438896,10096,66.32329635499208,92.8189381933439,0.1683835182250396,31.626386687797147,55657,63.499649639757806,97.08212803420952,3.5107892987405,32.35172574878272,46507,71.48816307222569,94.3728901025652,1.2299223772765389,26.53794052508224,54040,54.71687638786085,91.87453737971872,1.0011102886750556,43.47705403404885,0.4475552444755525,0.5525447455254475,0.9957442125609925,0.9879119614920229,0.44755524447555245,0.5525447455254474,0.9957442125609924,0.9879119614920229,0.9879119614920229,0.9879119614920229,0.04255593089251602,0.7427399396725876,0.3636597730815005,0.999999193896047,0.06553770767091041,0.9346776678763339,0.39745448523003735,1.0,0.3636597730815005,0.39745448523003735,0.010383711655649228,0.9970033526639018,0.08133907463591895,0.9999999999973488,0.003780349540175125,0.996239284105073,0.04180621844428961,1.0,0.08133907463591895,0.04180621844428961,0.10452291481805619,0.6500082721690646,0.7124107290566989,0.9840937019657632,0.16987503363400797,0.8305591752965087,0.7810433852521655,1.0,0.7124107290566989,0.7810433852521655
gRNA_11223,Smad2,0.04085071194802963,-3.7474456275487933,1.019419323418105,0.3295630746316352,-0.5443505211434849,-0.5803926077389016,0.04085071194802963,,False,0.09204061294631971,0.512427879415623,,3561.5002259376415,-0.5490981405569991,-1.5647689575079513,-0.7552122588720123,-1.0835841401820567,-1.515432861974256,-1.093619271818655,-1.0835841401820567,-1.093619271818655,True,-1.3074502436769992,-1.236408149815454,-0.8658099990240669,0.2042074702085216,0.2042074702085216,0.2042074702085216,0.2042074702085216,True,0.7123412794527609,0.7123412794527609,0.7123412794527609,0.0,0.0,0.0,0.0,True,,,,0.028473800094100388,0.028473800094100388,0.028473800094100388,0.028473800094100388,True,-0.05947195966545384,-0.05947195966545384,-0.05947195966545384,-0.05780542625411384,-0.5293927927561944,-0.39539482685394806,0.5134811211981655,-0.5068470618339784,-0.19519179730001388,-0.39539482685394806,-0.3723600269245587,True,-0.007210442098863991,-0.2893898566913082,-0.04247149338165231,Smad2,SMAD2,Y279C,Y279C,targeting guide,Missense,23722,0.0505859539667818,0.1433268695725487,0.0,5.2525082202175195,27435,22.30362675414616,85.05194095133953,0.0,75.1922726444323,85435,24.74161643354597,73.95797975068766,0.0,71.5854158131913,73845,17.926738438621438,74.52366443225675,0.0,70.46380933035412,78745,18.63102419201219,74.61426122293479,0.140961330878151,77.01949330116197,0.13428657134286573,0.8658134186581342,0.8143830778212503,0.9879119614920229,0.13428657134286576,0.8658134186581342,0.8143830778212504,0.9879119614920229,0.8143830778212503,0.8143830778212504,0.9988831045714812,0.017418336035351038,0.9999999956433565,0.3446997025943153,0.9954272904555549,0.004589864818527092,1.0,0.0958771762092326,0.3446997025943153,0.0958771762092326,0.4772028120225913,0.7311664292509376,0.7635244992361461,0.9999999999973488,0.3716620201512456,0.6286161961539067,0.6530136428825624,1.0,0.7635244992361461,0.6530136428825624,0.34646289924486046,0.5697858731540372,0.8749945536019875,0.9840937019657632,0.35840495786129195,0.641968086353154,0.8639456274350743,1.0,0.8749945536019875,0.8639456274350743
gRNA_11284,Smad4,-0.7427101850380708,-3.1911135323199304,1.1597450646920937,1.114842757975282,0.31537550923092006,-0.26877207709194106,0.31537550923092006,,False,0.42672248759711173,0.8074429765159757,,629.0103931314957,-0.344185693020284,-2.0440655447189044,-0.49167497581212705,-1.543097021598472,-1.461562517182607,-1.1769171504664788,-1.461562517182607,-1.1769171504664788,True,-1.431079144350395,-1.7712896837031311,-0.9597903169523375,-0.10569152082523108,-0.10569152082523108,-0.10569152082523108,-0.10569152082523108,True,-0.4498210302581312,-0.4498210302581312,-0.4498210302581312,0.0,0.0,0.0,0.0,True,,,,0.4374698467987721,0.4374698467987721,0.4374698467987721,0.4374698467987721,True,0.8205579972602639,0.8205579972602639,0.8205579972602639,-0.8776333818747734,-0.23054513202891969,0.4196686964405614,0.9633846437907683,1.6360072586297432,0.382176416991476,0.4196686964405614,,False,0.7540352716904176,0.7344755594997747,,Smad4,SMAD4,L532P,L533P,targeting guide,Missense,1136,0.6161971830985915,0.8802816901408451,0.0,22.975352112676056,7447,69.3165032899154,99.39572982409024,0.0,30.159795890962805,26797,58.87972534238908,96.0555286039482,0.0,37.720640370190694,11266,60.87342446298597,98.22474702645128,0.0,37.67086809870406,8284,58.969097054563015,99.48092708836312,0.0,40.58425881216803,0.751924807519248,0.24817518248175185,0.9985561443855614,0.9059598894479486,0.7519248075192481,0.2481751824817518,0.9985561443855614,0.9059598894479484,0.9059598894479486,0.9059598894479484,0.9972318756193009,0.012194207707133668,0.9999999956433565,0.26970718222836815,0.9957272751650764,0.0042930490628374325,1.0,0.09495214397805145,0.26970718222836815,0.09495214397805145,0.0022333033078437295,0.9002216262536127,0.03358888174996969,0.9999999999973488,0.0075603722547680505,0.9927519959819285,0.05801428505699565,1.0,0.03358888174996969,0.05801428505699565,0.16515225454930138,0.6792190220590226,0.7288304637399825,0.9840937019657632,0.19633926119021944,0.8039744507610302,0.7810433852521655,1.0,0.7288304637399825,0.7810433852521655
gRNA_11285,Smad4,-0.6085994851364867,0.5274990218465274,-2.516898347217559,0.9404627978364187,0.9599208731917065,-0.13952302789587862,0.5274990218465274,,False,0.5655365573631935,1.0353992095810518,,689.0194306371442,-0.2194476756688894,-1.51968037101509,-1.0718503752974557,-0.6892829180638472,-1.7670527301315073,-1.053462814035358,-1.0718503752974557,-1.053462814035358,True,-1.24785090199777,-1.219803564628446,-0.820503723154747,0.3908349319286939,0.3908349319286939,0.3908349319286939,0.3908349319286939,True,1.4122190081433128,1.4122190081433128,1.4122190081433128,0.0,0.0,0.0,0.0,True,,,,0.5308380038835898,0.5308380038835898,0.5308380038835898,0.5308380038835898,True,1.0214567001196508,1.0214567001196508,1.0214567001196508,-0.7842661817780845,-0.2558242031676485,0.11115223329295403,-0.8603880066407751,1.583522674849005,-0.04116069668890985,-0.2558242031676485,,False,0.1958757552844422,-0.11406421565291383,,Smad4,SMAD4,L532P,L533P,targeting guide,Missense,1244,0.1607717041800643,0.2411575562700965,0.8038585209003215,18.086816720257236,10061,82.83470827949509,97.6443693469834,0.1490905476592784,15.16747838187059,20488,58.85396329558766,99.46310035142524,0.1708317063647012,40.39437719640765,11033,55.569654672346594,97.43496782380132,0.8338620502129974,41.41212725459983,9232,66.34532062391682,99.9025129982669,0.0108318890814558,33.568024263431546,0.026797320267973195,0.9733026697330267,0.7553426475534262,0.9879119614920229,0.026797320267973195,0.9733026697330267,0.7553426475534257,0.9879119614920229,0.7553426475534262,0.7553426475534257,0.9952533730090055,0.023403066507920706,0.9999999956433565,0.34685061427176916,0.9915356752350006,0.008494778300143675,1.0,0.13308486003558426,0.34685061427176916,0.13308486003558426,0.06651885076193077,0.6151284791927583,0.24401405903860277,0.9999999999973488,0.19630111619262297,0.8058424980975002,0.4393405933834895,1.0,0.24401405903860277,0.4393405933834895,0.176795386420084,0.7616305186008546,0.7300576506065981,0.9859690125412363,0.17096635831839885,0.8292864020903319,0.7810433852521655,1.0,0.7300576506065981,0.7810433852521655
gRNA_11305,Smad4,-0.9455559465896368,-3.2600653759315956,-0.3098119137504777,0.8858546698771367,-3.496536637993418,-1.4252230408775983,-0.9455559465896368,-2.002992468566282,True,-0.8153111348280612,-0.5476033419135435,-0.5578781192250529,812.2910076818798,0.25347165456096277,0.10289161428548943,0.16088059838570273,0.9090331816478717,-0.35916961670083475,0.21342148643583836,0.16088059838570273,0.3565692622200066,True,0.6324312359163118,0.5246481664649904,0.7703562719214981,-0.009207053795361428,-0.009207053795361428,-0.009207053795361428,-0.009207053795361428,True,-0.08799148482910135,-0.08799148482910135,-0.08799148482910135,0.0,0.0,0.0,0.0,True,,,,0.7470383890092037,0.7470383890092037,0.7470383890092037,0.7470383890092037,True,1.4866514547936556,1.4866514547936556,1.4866514547936556,0.7610025232965202,0.6010149555724221,1.470944621977569,1.2894512673597482,-0.43455504108055654,0.7375716654251407,0.7610025232965202,1.030603342051565,True,1.222615118787123,1.1632518336254574,1.2714349922997061,Smad4,SMAD4,D492G,D493G,targeting guide,Missense,1313,0.0,0.5331302361005331,0.0,52.17060167555218,12455,0.8350060216780409,96.86069851465275,0.0,96.0738659173023,74188,0.9826387016768212,97.66269477543538,0.0013479268884455,97.34727988353912,12157,9.821502015299826,94.9823147158016,0.0,87.79304104631078,10160,0.0590551181102362,85.54133858267716,0.0,92.98228346456692,0.5116488351164884,0.48845115488451174,0.9981029294330835,0.9778839374945756,0.5116488351164884,0.4884511548845116,0.998102929433084,0.9778839374945756,0.9778839374945756,0.9778839374945756,0.17672088542700243,0.9216346912333417,0.7550801468244649,0.999999193896047,0.11214515317827817,0.8880392440237352,0.4872882106606286,1.0,0.7550801468244649,0.4872882106606286,0.00035091766270171817,0.9955163878075771,0.010149618551988156,0.9999999999973488,0.00024101497817428523,0.9997645010076375,0.006970894753348557,1.0,0.010149618551988156,0.006970894753348557,0.7184626369191139,0.20327321311330496,0.9866557117120665,0.9840937019657632,0.7951989140949753,0.20509093699953979,0.9668242831730418,1.0,0.9840937019657632,0.9668242831730418
gRNA_11315,Smad4,2.2461980536052524,-0.2933992849637145,3.023397348601262,0.36329614978668495,0.9086739884394509,1.2496332510937873,0.9086739884394509,1.6353913851081625,True,2.057496752251318,1.4450247548674249,2.053813352619003,155.9270974544359,0.8009512509314904,-0.7470722419266631,-2.0769042263502353,-1.1961771482175896,-0.385219990298152,-0.72088447117223,-0.7470722419266631,-1.10134340169816,True,-0.7542453554533699,-0.7602063053114315,-0.8745247009297931,0.15486763114576327,0.15486763114576327,0.15486763114576327,0.15486763114576327,True,0.5273103403888334,0.5273103403888334,0.5273103403888334,0.0,0.0,0.0,0.0,True,,,,0.5165610855042656,0.5165610855042656,0.5165610855042656,0.5165610855042656,True,0.9907372934955057,0.9907372934955057,0.9907372934955057,1.5734991425927707,-0.025174663084071063,-0.9159409871327882,0.4148818787810284,2.814869317503934,0.7724269377321749,0.4148818787810284,,False,1.2685709334473536,0.7284624612379382,,Smad4,SMAD4,K506E,K507E,targeting guide,Missense,269,1.1152416356877324,1.486988847583643,0.0,11.524163568773234,1008,60.9126984126984,71.52777777777779,0.0,13.492063492063492,1238,54.84652665589661,64.05492730210017,0.0,12.520193861066236,15161,80.4102631752523,94.22861288833192,0.0,14.43176571466262,1169,10.008554319931566,11.291702309666382,0.0,8.639863130881094,0.206979302069793,0.7931206879312069,0.9114056336301855,0.9879119614920229,0.20697930206979298,0.7931206879312068,0.9114056336301855,0.9879119614920229,0.9114056336301855,0.9114056336301855,0.7486358215977109,0.06928320910011361,0.9999999956433565,0.5238321470281961,0.9103418774276011,0.08990131090059561,1.0,0.43679006134087167,0.5238321470281961,0.43679006134087167,4.662289938227829e-05,0.9222691328893566,0.0031124720541639357,0.9999999999973488,0.000608114158359846,1.0,0.011432546177165104,1.0,0.0031124720541639357,0.011432546177165104,0.0007169745220987245,0.9964214653718686,0.13479121015456022,0.9997934568416044,0.0005792372354383553,0.9994405786761855,0.10889660026241078,1.0,0.13479121015456022,0.10889660026241078
gRNA_11324,Smad4,-1.145346721551906,-3.4929793864413043,0.07000444908191003,0.032204433559720205,0.13989673283985793,-0.8792440985023443,0.032204433559720205,,False,-0.22892725448924156,0.5031362500854852,,1419.852387407742,0.0964195009719875,-0.14797312735752552,0.8023875845552426,0.8048480991887363,0.8203000529283138,0.4751964220573509,0.8023875845552426,0.63098880941107,True,1.0209519046306288,1.4324520558962757,1.0799684338324422,0.1965310198544582,0.1965310198544582,0.1965310198544582,0.1965310198544582,True,0.6835535727096704,0.6835535727096704,0.6835535727096704,0.0,0.0,0.0,0.0,True,,,,0.5317410727580913,0.5317410727580913,0.5317410727580913,0.5317410727580913,True,1.0233998183212367,1.0233998183212367,1.0233998183212367,-0.6189941638655155,-0.01856017554859352,0.03506633253636158,1.5104482648612094,2.1280793001238574,0.6072079116214638,0.03506633253636158,,False,1.0507337329399478,0.2513462718644088,,Smad4,SMAD4,Y352C,Y353C,targeting guide,Missense,6403,0.3748243011088552,0.6559425269404966,0.0624707168514758,8.371076058097767,11240,60.5693950177936,93.79893238434164,0.0,36.05871886120997,40236,65.18292076747191,93.40888756337608,0.0,28.57142857142857,43510,76.2123649735693,96.3364743737072,0.0,20.491840956102045,33966,62.147441559206264,94.67702997114762,0.0029441205911794,32.95354177707119,0.15318468153184678,0.8469153084691531,0.8596632874026029,0.9879119614920229,0.1531846815318469,0.8469153084691532,0.8596632874026034,0.9879119614920229,0.8596632874026029,0.8596632874026034,0.03604824400877667,0.9863107857020939,0.3305887743243909,0.999999193896047,0.016745211819907718,0.9833061266781076,0.1701675579536568,1.0,0.3305887743243909,0.1701675579536568,0.00013956799067059192,0.9521004919005127,0.005247756449214256,0.9999999999973488,0.0011857930877301071,1.0,0.016573983824585397,1.0,0.005247756449214256,0.016573983824585397,0.6733409779466601,0.4430683889334496,0.9780765380247597,0.9840937019657632,0.6136973251157094,0.3866081832218867,0.9267076074036414,1.0,0.9780765380247597,0.9267076074036414
gRNA_11607,Smo,-0.7584518937152538,-0.7394168991893959,-0.23272077305305172,0.1506805942863469,1.0786084460055056,-0.10026010513316974,-0.23272077305305172,,False,0.607705115921294,0.2184372490234453,,1690.9775568609732,0.303408266869713,0.00958462527681356,1.0320589428716849,0.1704450930458428,0.3903963718356187,0.3811786599799346,0.303408266869713,0.3811786599799346,True,0.8814127860109793,0.7263407038665431,0.7981216731903542,0.04374130254288315,0.04374130254288315,0.04374130254288315,0.04374130254288315,True,0.11057187251576858,0.11057187251576858,0.11057187251576858,0.0,0.0,0.0,0.0,True,,,,0.47112425182463435,0.47112425182463435,0.47112425182463435,0.47112425182463435,True,0.8929716179881336,0.8929716179881336,0.8929716179881336,-0.00918508098922928,0.29004487197052414,-0.42902990349424824,0.85522128266898,1.5806001933816491,0.45753027270753516,0.29004487197052414,,False,0.8533874671550364,0.5716448755147433,,Smo,SMO,I160V,I156V,targeting guide,Missense,2985,1.407035175879397,1.742043551088777,0.033500837520938,10.050251256281408,16325,80.7166921898928,95.5405819295559,2.768759571209801,12.398162327718223,81248,84.29992122883024,96.0011323355652,0.8800216620716818,11.467359196534067,78193,66.88578261481207,95.61086030718864,19.350837031447828,8.80641489647411,54236,78.741057600118,95.7463677262335,6.383214101334906,11.365144922191902,0.39646035396460355,0.6036396360363965,0.9743077979783722,0.9879119614920229,0.39646035396460355,0.6036396360363964,0.9743077979783722,0.9879119614920229,0.9743077979783722,0.9743077979783722,0.0778818985349539,0.9836400849017993,0.5065222704941583,0.999999193896047,0.03500931345518386,0.9650777266044414,0.26327003718298264,1.0,0.5065222704941583,0.26327003718298264,0.003976933063575088,0.9783392411756955,0.045312934300128276,0.9999999999973488,0.004855545637817268,0.9952593144715093,0.04934284215727818,1.0,0.045312934300128276,0.04934284215727818,0.37441707782969647,0.8044966317129352,0.8749945536019875,0.9859690125412363,0.27449361639795095,0.725762802385294,0.839491611727357,1.0,0.8749945536019875,0.839491611727357
gRNA_11608,Smo,-0.9286615657740435,-3.028706269014422,-0.3300432406574564,0.07632269146843175,-0.3582138642966293,-0.9138604496548238,-0.3582138642966293,-1.1614062349356378,True,-0.2661053738937274,0.08357745906976426,0.04622625172381366,1350.5648441030276,0.35451069435400007,0.7448812143118966,-0.48360485094065464,1.0310190411116145,-0.20322232237828805,0.28871675529171364,0.35451069435400007,,False,0.7441828371055317,0.7986563347634382,,0.02771723258368838,0.02771723258368838,0.02771723258368838,0.02771723258368838,True,0.050479485339463,0.050479485339463,0.050479485339463,0.0,0.0,0.0,0.0,True,,,,0.31771614953049393,0.31771614953049393,0.31771614953049393,0.31771614953049393,True,0.5628859686482217,0.5628859686482217,0.5628859686482217,-1.9696199549309459,-0.9772041882643268,-1.083834376724696,-0.05440234095664391,-0.04989100384831592,-0.8269903729449858,-0.9772041882643268,-0.8269903729449858,True,-0.8402212414171201,-1.0202463690236132,-0.46824295216160366,Smo,SMO,I160V,I156V,targeting guide,Missense,1317,1.8982536066818527,2.58162490508732,0.1518602885345482,16.476841305998484,16405,59.67083206339531,90.84425480036576,0.0,33.41054556537641,56614,59.70607976825521,91.91189458437842,0.0017663475465432,34.20885293390327,45415,61.89144555763514,94.78806561708689,0.0,33.720136518771334,42829,58.90167876905835,90.68388241611991,0.0023348665623759,34.48831399285531,0.4368563143685632,0.5632436756324367,0.9955028739550289,0.9879119614920229,0.43685631436856315,0.5632436756324367,0.9955028739550288,0.9879119614920229,0.9879119614920229,0.9879119614920229,0.08402469991538926,0.9031085356856718,0.5192017834897971,0.999999193896047,0.07060412038686323,0.929566804008022,0.40433307889538533,1.0,0.5192017834897971,0.40433307889538533,0.8983764827421957,0.10886308559196967,0.9999999989234004,0.9999999999973488,0.9135760785754039,0.08660540079447848,0.9917372491975123,1.0,0.9999999989234004,0.9917372491975123,0.8003457235962241,0.43348963400103757,0.9866557117120665,0.9840937019657632,0.6953828810711387,0.3048649474944929,0.9641177804211494,1.0,0.9840937019657632,0.9641177804211494
gRNA_11670,Socs1,-1.1389272156131762,-0.46439688630969356,-0.005128980096227188,-1.7712212384112591,1.6515781943530243,-0.34561922521546634,-0.46439688630969356,-0.844918580107589,True,0.3441882991655852,-0.030530974338212575,0.27340626963852044,863.3830396143998,-0.5171891560273305,0.6072912896586179,-1.478033213389428,-0.2706725827398033,-0.020359028894081758,-0.33579253827840516,-0.2706725827398033,-0.5715634952626609,True,-0.18270028018031054,-0.08604768684352081,-0.27680378838025826,0.008840447889123044,0.008840447889123044,0.008840447889123044,0.008840447889123044,True,-0.02031096037115857,-0.02031096037115857,-0.02031096037115857,0.0,0.0,0.0,0.0,True,,,,0.8520564150255381,0.8520564150255381,0.8520564150255381,0.8520564150255381,True,1.7126169858940397,1.7126169858940397,1.7126169858940397,-1.3640224307731488,0.17833285696022919,-0.6977977281202054,0.5257745510749137,1.2967660204908944,-0.012189346073463359,0.17833285696022919,,False,0.23407376468778074,0.43131462459179587,,Socs1,SOCS1,F102S,F101S,targeting guide,Missense,405,0.0,1.728395061728395,0.0,6.419753086419753,5817,0.842358604091456,46.381296200790786,0.0,96.26955475330928,15069,0.6171610591280112,59.17446413166103,0.0,96.79474417678678,21966,0.6874260220340527,63.37521624328508,0.0,99.10771191841935,13421,0.0596080768944192,46.73273228522465,0.0074510096118024,96.5576335593473,0.4877512248775121,0.5123487651234877,0.9981029294330835,0.9778839374945756,0.48775122487751227,0.5123487651234877,0.998102929433084,0.9778839374945756,0.9778839374945756,0.9778839374945756,0.6522874520718318,0.33035490468777506,0.9999999956433565,0.999999193896047,0.6770746503465515,0.3232695191891478,1.0,0.8872214541249605,0.999999193896047,0.8872214541249605,0.06800649577786667,0.6133039607424579,0.24586963858151797,0.9999999999973488,0.14732071345772108,0.8532036117392168,0.3717623373161284,1.0,0.24586963858151797,0.3717623373161284,0.3501843495006715,0.5853261319782068,0.8749945536019875,0.9840937019657632,0.39357292100159796,0.606855443612031,0.8829007738803286,1.0,0.8749945536019875,0.8829007738803286
gRNA_11798,Sox9,-1.8498456145974802,-3.141644990083969,-4.784288240393352,1.0840104761790543,-0.46687527546623203,-1.8317287288723958,-1.8498456145974802,-2.5606635301352583,True,-1.2519001022874676,-1.519388429652889,-0.9581835334333467,971.592107245067,0.7654692576729967,0.9384973167863891,0.11875257918410806,-0.7086509762608711,0.021594557197181116,0.22713254691596071,0.11875257918410806,0.4610784277101687,True,0.6527808938156521,0.4650323235984931,0.8882680934302957,0.011113432521025408,0.011113432521025408,0.011113432521025408,0.011113432521025408,True,-0.01178696659842213,-0.01178696659842213,-0.01178696659842213,0.0,0.0,0.0,0.0,True,,,,-0.021693276779512185,-0.021693276779512185,-0.021693276779512185,-0.021693276779512185,True,-0.16741562038267652,-0.16741562038267652,-0.16741562038267652,-0.9888966978578662,0.6992792105917573,-0.8614027419035926,0.49506363515363305,-0.26662847482627516,-0.18451701376846869,-0.26662847482627516,,False,0.006863996028958943,-0.12763631130220499,,Sox9,SOX9,M109T,M109T,targeting guide,Missense,262,22.137404580152673,23.282442748091604,0.0,21.374045801526716,6379,77.72378115692115,86.78476250195956,0.0470293149396457,20.11287035585515,16837,61.614301835243815,95.91970065926236,1.5145215893567738,34.50139573558235,16621,92.10637145779437,99.92178569279828,0.006016485169364,7.821430720173275,39621,91.95880972211708,98.83647560637036,1.044900431589309,6.895333282855051,0.4822517748225178,0.517848215178482,0.9981029294330835,0.9784468789301971,0.48225177482251774,0.5178482151784821,0.998102929433084,0.9784468789301973,0.9784468789301971,0.9784468789301973,0.10920372537622786,0.8718848166967557,0.5950811701661112,0.999999193896047,0.09522826572652054,0.904971575325273,0.4650107521191133,1.0,0.5950811701661112,0.4650107521191133,0.24743424207733333,0.5870105709811968,0.5226700843880749,0.9999999999973488,0.3129125818080153,0.6874776652893921,0.5912318128633857,1.0,0.5226700843880749,0.5912318128633857,0.737326628499545,0.0678590896225701,0.9866557117120665,0.9840937019657632,0.9023516794090627,0.09793900135570821,0.9918167876570679,0.9206266127436572,0.9840937019657632,0.9206266127436572
gRNA_12024,Stat3,-0.14669588197272754,1.141137921418075,-0.21062091946241748,-0.24962967239510545,-1.6214132362093463,-0.21744435772430437,-0.21062091946241748,-0.5570899275098992,True,0.4818486928694214,0.2421866170859088,0.4800143867514474,1664.106040066275,0.2737839711007107,0.7296488503611173,1.1527069941281456,1.1905056852119862,0.14708947088397367,0.6987469943371868,0.7296488503611173,0.6987469943371868,True,1.3527408042340956,1.3295186393671468,1.1564161881446748,0.04513612402916095,0.04513612402916095,0.04513612402916095,0.04513612402916095,True,0.11580263804591655,0.11580263804591655,0.11580263804591655,0.0,0.0,0.0,0.0,True,,,,0.7939865629388596,0.7939865629388596,0.7939865629388596,0.7939865629388596,True,1.5876690558534758,1.5876690558534758,1.5876690558534758,-0.09216219510211983,0.1862602421151612,-0.0071685005634573844,0.8968149611103982,-0.31159820250269854,0.13442926101145672,-0.0071685005634573844,,False,0.42738677264772607,0.1982917752103093,,Stat3,STAT3,H410R,H410R,targeting guide,Missense,2152,0.5576208178438662,0.5576208178438662,0.0,4.739776951672862,8324,83.62566074002883,94.83421432003844,0.2642960115329169,11.376741950985105,33823,88.2565118410549,97.93040238890696,0.5410519469000384,9.733021908168997,78541,87.77963102074075,98.29897760405396,0.0025464407124941,10.586827262194268,49226,88.06118717750782,97.84666639580708,0.0060943403892252,9.856579856173568,0.38256174382561736,0.6175382461753824,0.9743077979783722,0.9879119614920229,0.3825617438256174,0.6175382461753824,0.9743077979783722,0.9879119614920229,0.9743077979783722,0.9743077979783722,0.004744686345048103,0.9981733671691683,0.09389484556516246,0.999999193896047,0.0018025934307526938,0.9982112282186947,0.03765417388683405,1.0,0.09389484556516246,0.03765417388683405,0.11162593543847711,0.9529116751677947,0.34244547082216825,0.9999999999973488,0.06881158479943271,0.9313548280430471,0.23953278469569864,1.0,0.34244547082216825,0.23953278469569864,0.37416086451313957,0.7592942827723601,0.8749945536019875,0.9859690125412363,0.29641932607950994,0.7038615011502705,0.8499502739874883,1.0,0.8749945536019875,0.8499502739874883
gRNA_12026,Stat3,-1.069659906159126,-3.4430412614969237,0.4838900564161503,-0.3354353100503459,-0.9403004383647766,-1.0609093719310043,-0.9403004383647766,-1.447109229017793,True,-0.42403658872926936,-0.5419555669780388,-0.15885603292053854,1206.2057538785962,-0.019899041086357573,0.341652662892732,-1.2346733310264906,-1.1883831951128805,-1.593527857391112,-0.7389661523448217,-1.1883831951128805,-1.0091208561542102,True,-0.7810817935713861,-1.3847104937119579,-0.7704751826099018,-0.16791834855470045,-0.16791834855470045,-0.16791834855470045,-0.16791834855470045,True,-0.6831798856672003,-0.6831798856672003,-0.6831798856672003,0.0,0.0,0.0,0.0,True,,,,0.282737901473053,0.282737901473053,0.282737901473053,0.282737901473053,True,0.4876238569986345,0.4876238569986345,0.4876238569986345,-1.2525024270542187,-0.24393801863617098,1.2494776153482072,0.762533958147519,-2.4344373674054998,-0.38377324792003265,-0.24393801863617098,,False,-0.25585042163223387,-0.09913304412525875,,Stat3,STAT3,H410R,H410R,targeting guide,Missense,1140,0.4385964912280701,0.4385964912280701,0.0,6.403508771929825,8050,86.0,97.85093167701864,0.0869565217391304,11.875776397515528,18952,88.02764879696075,98.38011819333052,0.3482482059940903,10.457999155761923,30982,84.11335614227616,95.3263185075205,3.4600735911174225,11.245239171131626,29114,85.81095005839116,99.20656728721578,0.0,13.450573607199283,0.837916208379162,0.16218378162183786,0.9985561443855614,0.85727690967167,0.837916208379162,0.16218378162183777,0.9985561443855614,0.8572769096716699,0.85727690967167,0.8572769096716699,0.8804977698844948,0.06993412671505365,0.9999999956433565,0.5238321470281961,0.9350048108573863,0.0651518001728061,1.0,0.365628012910076,0.5238321470281961,0.365628012910076,0.07916682951040509,0.2035332042680865,0.2730892467514891,0.9999999999973488,0.3665626792231078,0.6345856718408399,0.6470777811637959,1.0,0.2730892467514891,0.6470777811637959,0.783711287658265,0.32429317561126036,0.9866557117120665,0.9840937019657632,0.748216102393389,0.25204322465968365,0.9641177804211494,1.0,0.9840937019657632,0.9641177804211494
gRNA_12164,Syk,0.19856075190076036,-2.250030306156258,-1.3282060587277766,1.0496943477390246,0.9277540438611503,-0.2804454442766199,0.19856075190076036,,False,0.41418523786987377,0.6819092640149554,,1045.9406537129087,-0.25793890488117854,1.7962541921386779,0.17165731604713097,0.48299464435179734,1.10691186074998,0.6599758216812815,0.48299464435179734,0.8894545033218966,True,1.295197472626176,0.9804754451583944,1.371580759159351,0.3068134586192364,0.3068134586192364,0.3068134586192364,0.3068134586192364,True,1.0971273417880778,1.0971273417880778,1.0971273417880778,0.0,0.0,0.0,0.0,True,,,,0.2327069817013919,0.2327069817013919,0.2327069817013919,0.2327069817013919,True,0.37997316324168173,0.37997316324168173,0.37997316324168173,-0.40303076609205407,0.8973733248928427,0.4027640266681386,1.7325716440890628,-0.31855901136463144,0.46222384363867175,0.4027640266681386,,False,0.8595758243684278,0.7132402738349781,,Syk,SYK,N451S,N457S,targeting guide,Missense,633,0.0,3.15955766192733,0.315955766192733,82.62243285939968,19167,0.0886941096676579,72.93786195022696,1.1999791307977252,97.79308185944592,113433,0.1789602672943499,71.85915915121703,2.2286283533010676,96.13340033323637,52570,0.0019022256039566,55.84934373216663,14.234354194407455,76.6007228457295,67250,0.0014869888475836,84.75390334572491,4.414869888475836,92.85055762081784,0.06639336066393359,0.9337066293370663,0.7553426475534262,0.9879119614920229,0.06639336066393355,0.9337066293370663,0.7553426475534257,0.9879119614920229,0.7553426475534262,0.7553426475534257,0.005322620570060382,0.9831966275642886,0.10006526671713518,0.999999193896047,0.004789793968766346,0.9952716317488224,0.0783027187937455,1.0,0.10006526671713518,0.0783027187937455,0.002160801616992492,0.963850279835976,0.03358888174996969,0.9999999999973488,0.0043725095584860865,0.9958177377034128,0.04697324554259339,1.0,0.03358888174996969,0.04697324554259339,0.23539935030235878,0.6513640269395777,0.8085190611078275,0.9840937019657632,0.2616897272616045,0.7386358892926344,0.8268515752131369,1.0,0.8085190611078275,0.8268515752131369
gRNA_12197,Tbl1xr1,-0.8080112715585767,2.553505003092365,1.8408705418664002,0.7980135060218176,-1.1856896279001334,0.6397376303043745,0.7980135060218176,,False,1.4024660670672253,1.326104667178703,,2389.5164934478084,0.1014163311049653,-0.25502059343488775,-0.9510032120929235,-0.36788074626555534,0.5197651127669479,-0.1905446215842907,-0.25502059343488775,,False,0.03287352022719188,-0.06389837736650127,,0.24172965108712494,0.24172965108712494,0.24172965108712494,0.24172965108712494,True,0.8530544332768664,0.8530544332768664,0.8530544332768664,0.0,0.0,0.0,0.0,True,,,,-0.3177658443054228,-0.3177658443054228,-0.3177658443054228,-0.3177658443054228,True,-0.8044700147857939,-0.8044700147857939,-0.8044700147857939,-0.07105513338806899,0.30531310242783116,0.19445961764438938,1.0591377003735114,-0.3253268380510422,0.23250568980132416,0.19445961764438938,,False,0.5566981188423978,0.4515727174493454,,Tbl1xr1,TBL1XR1,D370G,D370G,targeting guide,Missense,14542,0.0206298996011552,0.0206298996011552,0.0137532664007701,5.129968367487278,16160,22.74133663366337,58.58292079207921,0.5198019801980198,65.0,78468,20.270683590763113,53.77351276953662,0.0140184533822704,65.41392669623286,39356,19.501473727004775,57.775180404512646,0.0,66.46254700680963,59155,20.256952075057058,53.35981742878878,0.0016904741780069,74.2676020623785,0.11968803119688032,0.8804119588041196,0.8143830778212503,0.9879119614920229,0.11968803119688043,0.8804119588041197,0.8143830778212504,0.9879119614920229,0.8143830778212503,0.8143830778212504,0.6076671896441711,0.5326609466725258,0.9999999956433565,0.999999193896047,0.5432694837990129,0.4570311980275207,0.9961872506996532,0.9990914561531847,0.999999193896047,0.9961872506996532,0.06005688607674127,0.9698126701679843,0.23522280380056998,0.9999999999973488,0.03684983195378354,0.9632808771210395,0.16896996115393426,1.0,0.23522280380056998,0.16896996115393426,0.007953469615465367,0.8799579766920218,0.3738130719268723,0.9861350648860734,0.017970103083728685,0.9822413384545454,0.45045058396546567,1.0,0.3738130719268723,0.45045058396546567
gRNA_12271,Tcf3,0.07768386575369379,-3.3454766489419296,0.1528520986847106,0.0899710194337783,-0.00046573693467645376,-0.6050870804008848,0.07768386575369379,,False,0.06551863640367471,0.5520102288209948,,2148.877843048652,0.28604545166783635,-0.42006301140738667,0.03631300544822599,-0.21849106297117402,-0.7865312525817459,-0.22054537396884885,-0.21849106297117402,,False,-0.011652944274489364,-0.012205020085909032,,0.026311637073964243,0.026311637073964243,0.026311637073964243,0.026311637073964243,True,0.04520831579273044,0.04520831579273044,0.04520831579273044,0.0,0.0,0.0,0.0,True,,,,0.22606976124967845,0.22606976124967845,0.22606976124967845,0.22606976124967845,True,0.3656919669433578,0.3656919669433578,0.3656919669433578,-0.4483793697936494,-0.01043485494444309,-0.9576636910642666,1.2631067171762436,0.6832596450267221,0.10597768928012133,-0.01043485494444309,,False,0.38987407885036235,0.19418865049409367,,Tcf3,TCF3,Y187C,Y185C,targeting guide,Missense,5414,1.1821204285186553,2.1425932766900626,0.3140007388252678,54.56224602881419,27698,77.10303993068092,92.59152285363564,0.6498664163477507,17.459744385876235,91195,79.04271067492735,93.32638850814187,0.575689456658808,15.808980755523876,90115,80.20529323642013,93.53936636520002,0.2141707817788381,15.013038894745604,85250,79.56715542521994,93.46275659824047,0.0609970674486803,16.069208211143696,0.4368563143685632,0.5632436756324367,0.9955028739550289,0.9879119614920229,0.43685631436856315,0.5632436756324367,0.9955028739550288,0.9879119614920229,0.9879119614920229,0.9879119614920229,0.7341976991384656,0.5391340258218215,0.9999999956433565,0.999999193896047,0.6072600252696083,0.39299465767527286,1.0,0.947072046781696,0.999999193896047,0.947072046781696,0.052294056269749756,0.7872220128810994,0.22846771871176585,0.9999999999973488,0.08599286313009052,0.9143615786102268,0.28115927423403514,1.0,0.22846771871176585,0.28115927423403514,0.5181266080808762,0.6394049536522028,0.9483359320886435,0.9840937019657632,0.41527702337326283,0.5850202156058802,0.8834404097328092,1.0,0.9483359320886435,0.8834404097328092
gRNA_12272,Tcf3,-1.5138452468478107,-3.303928938341802,-0.9940345292343081,0.5321507080924556,-1.4967007410834998,-1.3552717494829931,-1.4967007410834998,-1.8271273638768553,True,-0.7401831280514042,-1.139885120001554,-0.4316392690695146,1829.9141436963398,0.21238741646568302,0.18498960532262196,-0.24100452149919135,-0.8022557195926331,-0.12622398250057296,-0.15442144036081848,-0.12622398250057296,,False,0.08648676051587949,0.11836318310361091,,0.00017240064769562317,0.00017240064769562317,0.00017240064769562317,0.00017240064769562317,True,-0.05281728692994121,-0.05281728692994121,-0.05281728692994121,0.0,0.0,0.0,0.0,True,,,,0.45454250657927664,0.45454250657927664,0.45454250657927664,0.45454250657927664,True,0.8572929539237784,0.8572929539237784,0.8572929539237784,0.7755692927210627,0.3350958850145462,-1.1540578242947983,1.0808703889922922,0.8609218036181268,0.3796799092102459,0.7755692927210627,0.763114342586507,True,0.7507436879127497,1.1815502987305257,1.0209255784280897,Tcf3,TCF3,Y187C,Y185C,targeting guide,Missense,3435,0.5822416302765648,1.5138282387190682,0.1746724890829694,40.0,18220,67.21734357848518,93.15587266739848,0.1207464324917673,27.497255762897915,76686,68.74266489320084,94.34055759851864,0.0847612341235688,26.332055394726545,77905,62.630126436043895,89.81195045247416,0.0,30.08536037481548,62753,63.65592083247016,93.01387981451086,0.0015935493123834,30.95310184373655,0.49265073492650746,0.5074492550744926,0.9981029294330835,0.9778839374945756,0.49265073492650735,0.5074492550744926,0.998102929433084,0.9778839374945756,0.9778839374945756,0.9778839374945756,0.6604913233960792,0.6311407684257666,0.9999999956433565,0.999999193896047,0.5127363007812422,0.48752449486443555,0.9823790496205694,1.0,0.999999193896047,0.9823790496205694,0.005096889800472574,0.9061463344112095,0.05179542067507264,0.9999999999973488,0.007135576016985641,0.992915405325679,0.05626539443068364,1.0,0.05179542067507264,0.05626539443068364,0.8712312999046926,0.19122057747565407,0.9999999997953558,0.9840937019657632,0.8677291459686773,0.13245581721578137,0.9916904525356313,1.0,0.9840937019657632,0.9916904525356313
gRNA_12386,Tet2,-0.12981740556929489,-4.039137701587478,-1.9834011552809936,0.18749457911215317,0.2151369644639259,-1.1499449437723377,-0.12981740556929489,,False,-0.5196611999594646,0.3290212372483438,,4081.096550685344,-0.42892881259899085,-1.2607399372500718,0.020984398508765163,-0.1037830844671834,-0.2878783399730711,-0.4120691551561103,-0.2878783399730711,-0.5203325435723293,True,-0.29590837676996873,-0.11039575112608654,-0.21900278305116244,-0.2423048884951086,-0.2423048884951086,-0.2423048884951086,-0.2423048884951086,True,-0.9621392742736984,-0.9621392742736984,-0.9621392742736984,0.0,0.0,0.0,0.0,True,,,,-0.378030157746997,-0.378030157746997,-0.378030157746997,-0.378030157746997,True,-0.93413973064112,-0.93413973064112,-0.93413973064112,-0.17890318530555396,0.13745693389232,-0.2678943849580468,0.7604291524379564,0.29569662686705894,0.14935702858674693,0.13745693389232,,False,0.44706866507243653,0.3799671617401217,,Tet2,TET2,S1820P,S1898P,targeting guide,Missense,23774,0.0378564818709514,0.1219819971397324,0.0588878606881467,51.421721208042406,28017,26.89438555162937,57.65428132919299,0.0035692615197915,56.19445336759824,85938,26.37017384626126,66.9354651027485,0.0442179245502571,61.53040564127627,53374,30.449282422153107,77.1405553265635,0.0,59.06621201333982,66691,19.786777826093477,52.2184402693017,0.0,57.92985560270502,0.9187081291870813,0.08139186081391861,0.9985561443855614,0.8500927685009277,0.9187081291870813,0.08139186081391864,0.9985561443855614,0.850092768500928,0.8500927685009277,0.850092768500928,0.8778440007195166,0.3183448374963109,0.9999999956433565,0.999999193896047,0.7967187510721498,0.20349773180923297,1.0,0.6947028791305147,0.999999193896047,0.6947028791305147,0.12428149343373864,0.9596459949462237,0.35946031946989015,0.9999999999973488,0.06745769845218685,0.9326731026173484,0.23704761325254445,1.0,0.35946031946989015,0.23704761325254445,0.6928151523526453,0.2928721143217193,0.9830131973003572,0.9840937019657632,0.7044774075054636,0.2958650834027481,0.9641177804211494,1.0,0.9830131973003572,0.9641177804211494
gRNA_12523,Trp53,2.0403085793722644,-3.263375004568631,0.18097022132150242,0.8114780937248871,-0.7615094195895191,-0.1984255059478993,0.18097022132150242,,False,0.5022750266318913,0.6630057910381996,,2341.557463473415,-0.7227958370211315,-1.4815757828597695,-0.42610737981898034,-0.7537492851824427,-0.5836871422388205,-0.7935830854242288,-0.7227958370211315,-0.7935830854242288,True,-0.862143058328288,-0.7258524864602274,-0.5272960218968631,0.07652260027374959,0.07652260027374959,0.07652260027374959,0.07652260027374959,True,0.23350608588361657,0.23350608588361657,0.23350608588361657,0.0,0.0,0.0,0.0,True,,,,0.08330346465197198,0.08330346465197198,0.08330346465197198,0.08330346465197198,True,0.05850411303227803,0.05850411303227803,0.05850411303227803,1.036864603759651,-0.7926629904262856,-0.38069564197163197,1.5138515426845949,-1.4593338528198123,-0.01639526775469684,-0.38069564197163197,,False,0.22852836095213971,-0.2709250541120322,,Trp53,TP53,I192T,I195T,targeting guide,Missense,12463,0.1123325042124689,0.3771162641418599,0.0320950012035625,4.108160154056006,32738,17.948561304905613,92.87677927790337,0.0244364347241737,77.42989797788503,135049,13.481032810313293,94.10436212041556,0.1251397640856281,84.91214299994817,109826,20.389525249030285,92.77311383461112,3.1085535301294773,74.88572833391001,87173,25.806155575694312,97.10001950145114,0.0034414325536576,72.91248437016048,0.30056994300569945,0.6995300469953005,0.9114056336301855,0.9879119614920229,0.30056994300569945,0.6995300469953005,0.9114056336301855,0.9879119614920229,0.9114056336301855,0.9114056336301855,0.9929487633264105,0.07163782153600812,0.9999999956433565,0.5238321470281961,0.9752690307844056,0.02478640427518316,1.0,0.20260191320584495,0.5238321470281961,0.20260191320584495,0.021511866354530493,0.4571611213489375,0.13480769582172442,0.9999999999973488,0.14011173154620488,0.86109320690939,0.3717623373161284,1.0,0.13480769582172442,0.3717623373161284,0.10244279275379335,0.6623330813847931,0.7124107290566989,0.9840937019657632,0.16483146406860588,0.835611040382819,0.7810433852521655,1.0,0.7124107290566989,0.7810433852521655
gRNA_12536,Trp53,0.391613722743244,-0.10927133314258436,0.6853069251072375,1.2578312793330766,0.42359502224093715,0.5298151232563822,0.42359502224093715,0.6895867373561239,True,1.2844087919295486,0.9237399028949205,1.3748992984930655,1564.9344780840488,-0.14297944304523943,-0.42447969864935986,-0.34322094944814807,0.34914549567163616,0.6619048257093434,0.02007404604764642,-0.14297944304523943,,False,0.34546916807940714,0.09465233882663099,,0.42131287000712836,0.42131287000712836,0.42131287000712836,0.42131287000712836,True,1.5265153173836392,1.5265153173836392,1.5265153173836392,0.0,0.0,0.0,0.0,True,,,,0.5628781249916528,0.5628781249916528,0.5628781249916528,0.5628781249916528,True,1.0903968931259256,1.0903968931259256,1.0903968931259256,0.5430365167930249,0.11339731145721561,0.47060480213037864,1.290964515831562,1.1420509422983969,0.7120108177021156,0.5430365167930249,0.7120108177021156,True,1.1889137731149317,0.8894475845257567,0.9730659875994404,Trp53,TP53,N236S,N239S,targeting guide,Missense,8626,0.0,0.1854857407836772,0.0115928587989798,68.1544168792024,18603,0.0268773853679514,95.40396710208032,0.0,96.30704725044347,110782,0.0162481269520319,93.89521763463378,0.0,98.62974129371196,52783,0.0094727469071481,96.42119621847944,0.0,99.15503097588238,67472,0.0029641925539483,93.4580270334361,0.0,98.4008181171449,0.026797320267973195,0.9733026697330267,0.7553426475534262,0.9879119614920229,0.026797320267973195,0.9733026697330267,0.7553426475534257,0.9879119614920229,0.7553426475534262,0.7553426475534257,0.3972259821195711,0.7713137189072047,0.9999999956433565,0.999999193896047,0.30332813184525664,0.6969349424270194,0.8071602417356548,1.0,0.999999193896047,0.8071602417356548,0.0011212153617215532,0.9997121373676116,0.025680818902223713,0.9999999999973488,0.00032048638859840685,0.9996834926051611,0.007531430132062561,1.0,0.025680818902223713,0.007531430132062561,0.0654857431046748,0.992261252132836,0.7124107290566989,0.9997934568416044,0.023431559034515374,0.9766229222063577,0.4894592331654323,1.0,0.7124107290566989,0.4894592331654323
gRNA_12548,Trp53,-0.46213930057812813,-2.8017782423607076,0.5798505845488161,-0.7538035930982029,-2.92763949254554,-1.2731020088067526,-0.7538035930982029,-1.7363401571456447,True,-0.6519324508832507,-0.34153875414443635,-0.3664707263570716,735.6529597830998,1.383664038590588,-0.42846342490299255,-1.0744783492263954,0.7070397745533135,0.10099188920616227,0.13775078564413518,0.10099188920616227,,False,0.5201224268094653,0.43989896762799185,,-0.43969829031278884,-0.43969829031278884,-0.43969829031278884,-0.43969829031278884,True,-1.7023907059188566,-1.7023907059188566,-1.7023907059188566,0.0,0.0,0.0,0.0,True,,,,-0.012416739382253664,-0.012416739382253664,-0.012416739382253664,-0.012416739382253664,True,-0.147455449931386,-0.147455449931386,-0.147455449931386,-1.3987805769331554,-0.7266563025830548,-1.0316436815525047,1.507874825815512,0.339823648590113,-0.26187641733261796,-0.7266563025830548,,False,-0.09513246468159375,-0.7055134581310231,,Trp53,TP53,H176R,H179R,targeting guide,Missense,1892,0.2642706131078224,0.7928118393234672,0.0,12.73784355179704,10442,32.445891591649115,98.4868799080636,0.0670369660984485,66.25167592415247,68510,20.693329440957527,97.3609692015764,0.5605021164793461,78.57539045394833,51874,41.96321856806878,99.16721286193469,0.0019277480047808,57.98473223580214,29121,39.634627931733114,99.32007829401462,0.0,60.25891967995605,0.9913008699130087,0.008799120087991203,0.9985561443855614,0.4726384504406704,0.9913008699130087,0.008799120087991195,0.9985561443855614,0.47263845044066993,0.4726384504406704,0.47263845044066993,0.08423220423637665,0.657323376519405,0.5192017834897971,0.999999193896047,0.1575930163859851,0.8429381981766597,0.592549741611304,1.0,0.5192017834897971,0.592549741611304,0.10755060047893267,0.3095060881767464,0.3369918815006557,0.9999999999973488,0.39368452886157046,0.6080836694704391,0.6681187197999008,1.0,0.3369918815006557,0.6681187197999008,0.797251359394963,0.254774416010564,0.9866557117120665,0.9840937019657632,0.795845188778624,0.20439898595050326,0.9668242831730418,1.0,0.9840937019657632,0.9668242831730418
gRNA_12556,Trp53,0.6318247191376527,-1.217461952169767,-0.19417590250024538,0.04489320202730569,0.48105947961316853,-0.05077209077837708,0.04489320202730569,,False,0.6608554695986372,0.5167720975520848,,1230.9082693176683,0.3227054209005719,0.15498365200220243,-0.7279784624992358,0.8562634653184654,0.6102842590999581,0.2432516669643924,0.3227054209005719,0.4860591993302995,True,0.6767045413773797,0.7536483277301103,0.9164524949668497,0.35478353932585666,0.35478353932585666,0.35478353932585666,0.35478353932585666,True,1.2770215053833112,1.2770215053833112,1.2770215053833112,0.0,0.0,0.0,0.0,True,,,,0.593225743938065,0.593225743938065,0.593225743938065,0.593225743938065,True,1.1556953575228046,1.1556953575228046,1.1556953575228046,-0.515820857222101,0.881651819524697,0.7627274901196225,1.4667908158591212,1.2059562116470623,0.7602610959856804,0.881651819524697,1.0792815842876258,True,1.252530571932956,1.3148089066208446,1.3170232518365215,Trp53,TP53,L249P,L252P,targeting guide,Missense,5437,0.0,0.3678499172337686,0.0,29.336030899393045,30646,0.0032630685897017,64.63159955622267,0.0065261371794035,98.50225151732688,106722,0.0,69.38494406026874,0.2014579936657858,98.79218905192933,101333,0.0,64.46468573909783,0.0009868453514649,99.16808936871504,120897,0.002481451152634,56.72514619883041,0.002481451152634,99.69064575630496,0.03639636036396361,0.9637036296370363,0.7553426475534262,0.9879119614920229,0.0363963603639636,0.9637036296370363,0.7553426475534257,0.9879119614920229,0.7553426475534262,0.7553426475534257,0.10510993041398076,0.8994177919650841,0.5831012666356862,0.999999193896047,0.07885064573275569,0.9213079731855625,0.42354061136451626,1.0,0.5831012666356862,0.42354061136451626,0.00018924883946648882,0.9940522932791278,0.0064688694217636174,0.9999999999973488,0.00014441637934708087,0.9998591754704119,0.006033395403833601,1.0,0.0064688694217636174,0.006033395403833601,0.3216890689463643,0.8602096552969718,0.8707963372539546,0.9859690125412363,0.2068967798832076,0.7933103225914809,0.7810433852521655,1.0,0.8707963372539546,0.7810433852521655
gRNA_12558,Trp53,-0.884871544098867,-3.4662333077246363,0.10808962912242986,0.703267860475388,-1.3466025354187803,-0.977269979528893,-0.884871544098867,,False,-0.3342074988882504,-0.48238950669543407,,2796.5657478535923,-0.3328472628955183,0.9077907407517084,-0.09359681164206368,-0.25319939014758436,-0.10771033989856782,0.02408738723359486,-0.10771033989856782,-0.19683845114593354,True,0.35142568182141737,0.14456205096317193,0.14597743190349885,-0.2200915362729831,-0.2200915362729831,-0.2200915362729831,-0.2200915362729831,True,-0.8788362578980328,-0.8788362578980328,-0.8788362578980328,0.0,0.0,0.0,0.0,True,,,,0.0873646524732948,0.0873646524732948,0.0873646524732948,0.0873646524732948,True,0.06724250298069397,0.06724250298069397,0.06724250298069397,0.5304971164689376,-0.1356945512617886,-0.032764046583715255,0.5637499527493812,-0.34199549887887065,0.11675859449878886,-0.032764046583715255,,False,0.40408843579855386,0.1661391961416959,,Trp53,TP53,K117R,K120R,targeting guide,Missense,9162,0.0545732372844357,0.7749399694389871,0.9823182711198428,32.50382012660991,44154,0.0860624179009829,76.94433120442089,1.3430266793495491,94.77510531322191,318495,0.4216706698692287,80.16891944928491,0.3783418891976326,96.80528736714862,136404,1.7279551919298557,87.02970587372805,0.5366411542183513,94.9642239230521,194771,0.4179266933989146,90.74862274157856,0.6104604894979232,97.36459739899676,0.8917108289171083,0.10838916108389161,0.9985561443855614,0.85727690967167,0.8917108289171083,0.10838916108389157,0.9985561443855614,0.8572769096716699,0.85727690967167,0.8572769096716699,0.3489228494899399,0.7754248914035574,0.9999999956433565,0.999999193896047,0.2893737956704857,0.7109431245457614,0.7964215183509242,1.0,0.999999193896047,0.7964215183509242,0.13459646144730053,0.9545029562447268,0.3769253008102664,0.9999999999973488,0.07351617516073586,0.9266118441782988,0.2501517181390476,1.0,0.3769253008102664,0.2501517181390476,0.6625869428321648,0.34302176812824825,0.9780765380247597,0.9840937019657632,0.6776755339377356,0.3226402952214932,0.9641177804211494,1.0,0.9780765380247597,0.9641177804211494
gRNA_12567,Trp53,-1.1333673743465962,-3.8641685909264973,0.605470634056711,0.358642763738828,-0.5715891535808757,-0.921002344211686,-0.5715891535808757,,False,-0.2737758013006973,-0.14572398222094954,,1677.4815484259677,-0.891374745481251,-1.8933991344621608,-0.6121103636534408,-0.9537106874831308,-0.12181615246051303,-0.8944822167080992,-0.891374745481251,-0.8944822167080992,True,-1.0118953555298136,-0.9644104321654858,-0.6411348445736779,0.04667177899830553,0.04667177899830553,0.04667177899830553,0.04667177899830553,True,0.12156154781166566,0.12156154781166566,0.12156154781166566,0.0,0.0,0.0,0.0,True,,,,0.2771639563083551,0.2771639563083551,0.2771639563083551,0.2771639563083551,True,0.47563049236169613,0.47563049236169613,0.47563049236169613,-0.5110445594091374,-0.2462167993028119,-0.5092754044772061,0.6876836867147805,0.07934016195876487,-0.09990258290312198,-0.2462167993028119,,False,0.11842603083894152,-0.10199559980218044,,Trp53,TP53,Non-coding,,targeting guide,Intron,6386,0.0313185092389602,0.1252740369558409,0.0156592546194801,14.531788286877545,15641,29.761524199219995,58.174029793491464,0.0,44.383351448117125,47680,50.78859060402685,78.92407718120805,0.0,37.571308724832214,40727,34.45871289316669,71.17882485820218,0.8765683698774769,40.64870970118103,35703,48.34047559028653,71.0640562417724,0.0028008850796851,35.520824580567464,0.37456254374562553,0.6255374462553744,0.9743077979783722,0.9879119614920229,0.37456254374562536,0.6255374462553744,0.9743077979783722,0.9879119614920229,0.9743077979783722,0.9743077979783722,0.9882122566747357,0.04856865704453467,0.9999999956433565,0.4916270465385613,0.9793176927380595,0.020741502298466608,1.0,0.1820143214654083,0.4916270465385613,0.1820143214654083,0.3247053139087093,0.7940691850972341,0.6044019704439342,0.9999999999973488,0.2598304344549424,0.7404546492613823,0.5145861261169171,1.0,0.6044019704439342,0.5145861261169171,0.597304631366029,0.36251783286740447,0.9539213117821183,0.9840937019657632,0.6224013342012004,0.37796132642760716,0.934628309940221,1.0,0.9539213117821183,0.934628309940221
gRNA_12579,Trp53,-2.847893809790421,-4.4310658039736825,-0.851962564514395,-1.659207994917689,-2.8558186207377596,-2.529189758786789,-2.847893809790421,-2.529189758786789,True,-2.0009764372227767,-2.591930102135268,-0.9355911452952583,820.9670131043831,-1.3696298388569066,0.26519772624101423,-0.23543171422565168,-1.024731969672968,-1.0957811701617515,-0.6920753933352526,-1.024731969672968,-0.9313936732293194,True,-0.7114875484093504,-1.153125768732383,-0.6827799677793508,-0.06237019493020197,-0.06237019493020197,-0.06237019493020197,-0.06237019493020197,True,-0.2873603136421748,-0.2873603136421748,-0.2873603136421748,0.0,0.0,0.0,0.0,True,,,,-0.2818194623841111,-0.2818194623841111,-0.2818194623841111,-0.2818194623841111,True,-0.7271247856846198,-0.7271247856846198,-0.7271247856846198,-0.9537726572874871,-0.6773768121564215,-0.35490302261693124,-0.408991934389184,-0.6609187585991779,-0.6111926370098403,-0.6609187585991779,-0.6111926370098403,True,-0.5556972626808662,-0.622935357275304,-0.2661435594686457,Trp53,TP53,M243T,M246T,targeting guide,Missense,465,3.010752688172043,3.4408602150537635,1.5053763440860215,21.72043010752688,5771,88.13030670594351,98.73505458326112,0.2079362328885808,10.466123722058567,26823,70.7564403683406,98.24031614659062,4.3731126272229055,24.24411885322298,24195,86.26162430254185,97.61934283942963,1.926017772266997,11.22545980574499,31180,81.96279666452855,98.24246311738294,1.6228351507376524,14.76266837716485,0.6393360663933609,0.36076392360763926,0.9985561443855614,0.9640938004101692,0.6393360663933607,0.36076392360763926,0.9985561443855614,0.9640938004101688,0.9640938004101692,0.9640938004101688,0.9261188587564607,0.09474164758623131,0.9999999956433565,0.6249624472354908,0.9355606194544825,0.06457055566369228,1.0,0.365628012910076,0.6249624472354908,0.365628012910076,0.9485409838207133,0.2895812519737291,0.9999999989234004,0.9999999999973488,0.8623084521552455,0.13783844354478558,0.979540719064569,1.0,0.9999999989234004,0.979540719064569,0.9975786261523352,0.020526988979210556,0.9999999997953558,0.6982287298004648,0.9934758381506569,0.006550232327851347,1.0,0.2736541505857896,0.6982287298004648,0.2736541505857896
gRNA_12580,Trp53,-0.12320659531528697,-1.264400466899559,0.07236092370253344,0.95824816494673,-0.579325208908628,-0.1872646364948421,-0.12320659531528697,,False,0.5142618514522167,0.33612547281577215,,1157.8852236782648,-0.39472050924274676,-0.6741092998152859,-0.26601693725255565,0.15931813809903436,-0.5918772622295473,-0.3534811740882202,-0.39472050924274676,-0.48168100213503384,True,-0.2089533689153215,-0.26158932954278985,-0.17539441976915646,-0.2540527212896252,-0.2540527212896252,-0.2540527212896252,-0.2540527212896252,True,-1.0061952050433658,-1.0061952050433658,-1.0061952050433658,0.0,0.0,0.0,0.0,True,,,,0.6375297046557977,0.6375297046557977,0.6375297046557977,0.6375297046557977,True,1.2510234492151384,1.2510234492151384,1.2510234492151384,0.23181093594499583,0.1943884203985206,0.4638431574757434,1.25067237047419,1.722807101834505,0.7727043972255909,0.4638431574757434,0.7727043972255909,True,1.2689367569286,0.7899665754024221,1.0299068784869263,Trp53,TP53,M243T,M246T,targeting guide,Missense,3125,0.8,0.8,0.256,6.688,16246,86.5443801551151,99.02745291148592,0.0492428905576757,12.526160285608764,59049,86.50612203424275,99.47501227793866,0.1964470185777913,12.806313400734984,42984,92.44602642843849,98.72975991066444,0.1279545877535827,6.227898753024381,69901,89.65536973719975,98.894150298279,0.0929886553840431,9.167250826168438,0.9481051894810519,0.051994800519948016,0.9985561443855614,0.6982158926964448,0.9481051894810519,0.05199480051994797,0.9985561443855614,0.6982158926964441,0.6982158926964448,0.6982158926964441,0.8818872403161294,0.3873236056703933,0.9999999956433565,0.999999193896047,0.7744079920025415,0.22578874709708935,1.0,0.7450656513089525,0.999999193896047,0.7450656513089525,0.00028778188318236364,0.999384772098567,0.009017165673047394,0.9999999999973488,0.00016832076194470412,0.9998416563338911,0.006328860649120875,1.0,0.009017165673047394,0.006328860649120875,0.4129468268168701,0.7594013565675843,0.8881553689271336,0.9859690125412363,0.3160891144741217,0.6841792511368288,0.8612283119005054,1.0,0.8881553689271336,0.8612283119005054
gRNA_12583,Trp53,-0.20053743586231193,-3.2472262984530285,-2.253520655297577,0.4804481482027316,-1.6440350059995317,-1.3729742494819432,-1.6440350059995317,-1.8363298489031123,True,-0.7591956939864981,-1.2982162904481416,-0.4382449634188274,3629.221268263293,0.1129256296347183,0.5536951774847406,0.35350116559278383,0.2306951411341062,0.15783191949175612,0.28172980666762104,0.2306951411341062,0.28172980666762104,True,0.7338129598471912,0.6234435261606018,0.6859191176918132,-0.03165582422875717,-0.03165582422875717,-0.03165582422875717,-0.03165582422875717,True,-0.1721773507140383,-0.1721773507140383,-0.1721773507140383,0.0,0.0,0.0,0.0,True,,,,-0.6397927559540675,-0.6397927559540675,-0.6397927559540675,-0.6397927559540675,True,-1.4973699375855651,-1.4973699375855651,-1.4973699375855651,-0.5488590976965502,1.1439348959679092,-0.07261306876947987,0.8149345341071151,0.6787304755075284,0.40322554782330455,0.6787304755075284,,False,0.78178803020412,1.0599034416990385,,Trp53,TP53,L254P,L257P,targeting guide,Missense,22772,0.6806604602142983,0.8826629193746707,0.0043913578078341,8.185490953802915,27271,55.714861941256274,67.32059697114151,0.7333797807194455,18.429833889479667,113051,60.815914941044305,72.89984166438155,0.0769564178998859,15.247985422508425,133541,52.40413056664246,63.404497495151304,0.3264914895050958,15.369811518559844,90645,48.044569474322905,57.93038777649071,0.268078768823432,16.265651718241493,0.5587441255874412,0.44135586441355856,0.9981029294330835,0.9727487021412807,0.5587441255874412,0.4413558644135586,0.998102929433084,0.9727487021412802,0.9727487021412807,0.9727487021412802,0.17654324678300817,0.9782501055684896,0.7550801468244649,0.999999193896047,0.07120290915466516,0.9288976491697858,0.40433307889538533,1.0,0.7550801468244649,0.40433307889538533,0.008397961704799478,0.9740991888449904,0.0734333395582466,0.9999999999973488,0.006976760944568786,0.9930711255157546,0.05626539443068364,1.0,0.0734333395582466,0.05626539443068364,0.8163050369566397,0.21640800668232724,0.990347575626862,0.9840937019657632,0.8258106382528033,0.17441611401436646,0.9769608577797501,1.0,0.9840937019657632,0.9769608577797501
gRNA_12592,Trp53,-0.496788848897942,-4.550625905788268,1.3822193982808832,-0.15671702933372372,-2.7585727023642086,-1.316097017620652,-0.496788848897942,-1.9906761215960354,True,-0.6981092869235095,-0.065340645751596,-0.5490372438144003,1085.5851784907366,-0.7356291582672574,-1.2909224518641167,-0.5783754412694113,-1.1063285233023885,-0.4891427841788019,-0.8400796717763953,-0.7356291582672574,-0.8400796717763953,True,-0.9311522810011409,-0.7440130664581438,-0.5797555087276247,0.08540945485222405,0.08540945485222405,0.08540945485222405,0.08540945485222405,True,0.2668329689706926,0.2668329689706926,0.2668329689706926,0.0,0.0,0.0,0.0,True,,,,-0.12059877808097393,-0.12059877808097393,-0.12059877808097393,-0.12059877808097393,True,-0.38022893423089493,-0.38022893423089493,-0.38022893423089493,0.7116332560476508,-0.021288317755414198,0.10078263986115626,1.5140817955735681,1.6467617710319518,0.7903942289517826,0.7116332560476508,0.9933148656285817,True,1.2922603626378995,1.101235212939872,1.236513502475571,Trp53,TP53,D278G,D281G,targeting guide,Missense,1289,0.1551590380139643,0.5430566330488751,2.094647013188518,13.266097750193948,9612,0.1248439450686641,19.870994590095712,0.1456512692467748,93.6849771119434,25202,2.2815649551622887,13.32037139909531,0.0039679390524561,89.6555828902468,45997,0.2500163054112225,17.744635519707806,0.8609257125464705,94.94749657586364,31212,0.1249519415609381,11.719851339228502,0.0,93.23016788414712,0.29577042295770417,0.7043295670432959,0.9114056336301855,0.9879119614920229,0.29577042295770417,0.7043295670432956,0.9114056336301855,0.9879119614920229,0.9114056336301855,0.9114056336301855,0.9956530590831634,0.05488246359495011,0.9999999956433565,0.4916270465385613,0.9827881170176916,0.017253465998549267,1.0,0.1820143214654083,0.4916270465385613,0.1820143214654083,0.0001068035937979779,0.9985399627894103,0.004462016807559965,0.9999999999973488,9.551037254835721e-05,0.9999112367314712,0.005032978885006385,1.0,0.004462016807559965,0.005032978885006385,0.5001878839106767,0.16545431977207892,0.9483359320886435,0.9840937019657632,0.721780321466392,0.2787652606943697,0.9641177804211494,1.0,0.9483359320886435,0.9641177804211494
gRNA_12597,Trp53,-1.6082241977885072,-2.4112935772577,1.1823404149773047,0.7315906788381744,0.06149411749025899,-0.4088185127480938,0.06149411749025899,,False,0.2763119754070033,0.5346120913731571,,1486.6094291308932,-0.1352705273538218,0.5584170308296177,-1.1834594151245224,0.18000797299460033,-0.058576231112836954,-0.1277762339533926,-0.058576231112836954,,False,0.12603299662464068,0.21409229150779827,,-0.29794660366749437,-0.29794660366749437,-0.29794660366749437,-0.29794660366749437,True,-1.1708030843923072,-1.1708030843923072,-1.1708030843923072,0.0,0.0,0.0,0.0,True,,,,0.6897896856673794,0.6897896856673794,0.6897896856673794,0.6897896856673794,True,1.3634703767810907,1.3634703767810907,1.3634703767810907,-1.2944958338932109,-0.3010338461325393,-1.0566075179003898,-0.05966812749681552,-0.6588575347159408,-0.6741325720277793,-0.6588575347159408,-0.6741325720277793,True,-0.6386820106676904,-0.6203460917901511,-0.32508821237771307,Trp53,TP53,Non-coding,,targeting guide,Intron,2471,0.0404694455685957,0.3237555645487657,0.4451639012545528,14.1643059490085,13496,5.949911084765856,25.103734439834025,0.0074096028452874,91.04919976289273,41507,3.968005396680078,33.13417013997639,0.4288433276314838,94.63704917242876,53942,0.0667383485966408,38.28371213525639,0.0,98.52248711579104,42812,0.7965056526207606,28.410258805942256,4.026908343455106,93.3686816780342,0.9667033296670333,0.03339666033396661,0.9985561443855614,0.570779285707793,0.9667033296670333,0.033396660333966634,0.9985561443855614,0.5707792857077933,0.570779285707793,0.5707792857077933,0.4867744728825433,0.5835856834075235,0.9999999956433565,0.999999193896047,0.4371130270856409,0.563215259502827,0.9181815541016815,1.0,0.999999193896047,0.9181815541016815,0.9195066777717691,0.20549347918160443,0.9999999989234004,0.9999999999973488,0.8775358612190776,0.12262978956835507,0.9849357725921587,1.0,0.9999999989234004,0.9849357725921587,0.2660909923469368,0.5978707813111341,0.8268612654747788,0.9840937019657632,0.30902321680734,0.6913360165694481,0.8612283119005054,1.0,0.8268612654747788,0.8612283119005054
gRNA_12601,Trp53,0.5445666496901258,-3.1187626880952464,-0.4725231508074194,-1.076532952129232,-0.5761671220441624,-0.9398838526771869,-0.5761671220441624,-1.3109964782690149,True,-0.2940546277193194,-0.15064364639732325,-0.06115207296567794,1345.383340864588,-0.11128200696971047,-0.9300718184742989,0.8728600303994081,-0.1033524753791292,-0.5749121792237651,-0.16935168992949912,-0.11128200696971047,-0.4299046200117259,True,0.06432760867529837,0.13950774395040302,-0.1169780359174504,-0.024789405496480215,-0.024789405496480215,-0.024789405496480215,-0.024789405496480215,True,-0.14642736996474315,-0.14642736996474315,-0.14642736996474315,0.0,0.0,0.0,0.0,True,,,,0.25143635133465,0.25143635133465,0.25143635133465,0.25143635133465,True,0.4202728348018413,0.4202728348018413,0.4202728348018413,-1.4681466586042669,-0.09294141764448607,-0.8962727433671028,1.183300730576235,0.22873829946747373,-0.20906435791442934,-0.09294141764448607,,False,-0.025501070238074727,0.09054566593759875,,Trp53,TP53,I248T,I251T,targeting guide,Missense,3936,0.0,0.4065040650406504,0.4065040650406504,5.614837398373983,18111,3.3570758102810445,86.90850864115731,0.0,88.46005190215891,78244,5.686058994938909,93.08445376003272,0.0038341598077807,90.7788456622872,40582,0.6209649598344094,87.2160070967424,0.0,93.84948992164014,41651,5.987851432138484,88.29800004801805,0.0,87.85623394396292,0.5499450054994497,0.4501549845015501,0.9981029294330835,0.9727487021412807,0.54994500549945,0.45015498450154984,0.998102929433084,0.9727487021412802,0.9727487021412807,0.9727487021412802,0.4555148519450588,0.4950668584839134,0.9999999956433565,0.999999193896047,0.5004003601256696,0.5000010754396603,0.979950705246103,1.0,0.999999193896047,0.979950705246103,0.15608323720830256,0.4477360033237602,0.3938744777873944,0.9999999999973488,0.3229857115531384,0.6778030496702302,0.6041921768357216,1.0,0.3938744777873944,0.6041921768357216,0.7584546717217894,0.3831045840685291,0.9866557117120665,0.9840937019657632,0.7044637360551298,0.2958032907987298,0.9641177804211494,1.0,0.9840937019657632,0.9641177804211494
gRNA_12602,Trp53,1.3970035706807344,3.3562705381269717,-1.0928646014500605,-0.6021636409604625,-0.6059634025583784,0.490456492767761,-0.6021636409604625,,False,1.2421374428362406,-0.17858052360576115,,3682.9643018526885,-0.29806484745158324,-1.6412559084238918,0.6465741495091697,-1.046639866988089,0.13292055562818356,-0.44129318354524216,-0.29806484745158324,,False,-0.3392820444028703,-0.12481079462223058,,0.004149286406496759,0.004149286406496759,0.004149286406496759,0.004149286406496759,True,-0.03790343799004162,-0.03790343799004162,-0.03790343799004162,0.0,0.0,0.0,0.0,True,,,,-0.16850120913344327,-0.16850120913344327,-0.16850120913344327,-0.16850120913344327,True,-0.48329979439053233,-0.48329979439053233,-0.48329979439053233,0.07113475672095834,0.39846239049098975,-0.5891375585459157,0.8042875890550826,0.7950587730639587,0.2959611901570147,0.39846239049098975,0.5172358773327473,True,0.6403626269785113,0.7078366502044949,0.7906549118303852,Trp53,TP53,L262P,L265P,targeting guide,Missense,24556,0.8226095455285878,2.186838247271542,0.5375468317315524,33.52337514253136,36278,1.8247973978719887,31.476376867523015,0.0496168476762776,93.4450631236562,92328,2.2138462871501603,18.805779395199725,0.005415475262109,89.87739364006585,132873,0.7142158301536053,41.92800644224184,0.1332099072046239,96.5689041415487,128852,1.7756806258342903,26.181976220780427,3.125291031571105,88.86552013162388,0.4877512248775121,0.5123487651234877,0.9981029294330835,0.9778839374945756,0.48775122487751227,0.5123487651234877,0.998102929433084,0.9778839374945756,0.9778839374945756,0.9778839374945756,0.6336092125667074,0.22314922865681314,0.9999999956433565,0.8669330336007393,0.7360663236547484,0.26429876172142613,1.0,0.7904822937875646,0.8669330336007393,0.7904822937875646,0.02805987422086696,0.969432901580422,0.15734784221591522,0.9999999999973488,0.018183980042510605,0.9818837229628311,0.11027704025780626,1.0,0.15734784221591522,0.11027704025780626,0.011711477483888918,0.788878605795911,0.4402270729069335,0.9859690125412363,0.049556609573170506,0.952084134003854,0.7329365054482682,1.0,0.4402270729069335,0.7329365054482682
gRNA_12604,Trp53,-0.689176299080342,-1.9827308577596126,1.2329726472646387,1.0731156879613044,0.8022187162349058,0.08727997892417891,0.8022187162349058,,False,0.8091240236362974,1.3306237507428123,,1081.97017623136,-0.45817669923933485,-1.4050606204422633,0.378503234343819,-0.7584218827504596,-0.6700761070444642,-0.5826464150265406,-0.6700761070444642,-0.8229338273691306,True,-0.5490754376842188,-0.6512481922679623,-0.56041081550493,-0.059227229301868856,-0.059227229301868856,-0.059227229301868856,-0.059227229301868856,True,-0.27557377577129893,-0.27557377577129893,-0.27557377577129893,0.0,0.0,0.0,0.0,True,,,,0.6025549285979809,0.6025549285979809,0.6025549285979809,0.6025549285979809,True,1.1757688082091045,1.1757688082091045,1.1757688082091045,0.17378456591481625,-0.13193904715348098,-0.33502575777626425,1.4024657420651896,1.2047415964268924,0.4628054198954306,0.17378456591481625,,False,0.860342618282157,0.4256011583758783,,Trp53,TP53,R277G,R280G,targeting guide,Missense,3838,0.3387180823345492,0.3908285565398645,0.1302761855132881,4.924439812402293,13408,51.954057279236274,95.44301909307876,6.428997613365155,36.92571599045346,43441,55.00103588775581,88.44870053635965,0.1611380953477129,41.86597914412651,45984,62.36082115518441,92.88883089770354,0.0108733472512178,35.19485038274182,51389,48.29827394967794,89.91029208585495,0.0097297086925217,48.033625873241355,0.6334366563343665,0.3666633336666335,0.9985561443855614,0.9640938004101692,0.6334366563343665,0.36666333366663334,0.9985561443855614,0.9640938004101688,0.9640938004101692,0.9640938004101688,0.8957642793668221,0.1419413888122268,0.9999999956433565,0.7310953725122914,0.9012066799409966,0.09896072343696877,1.0,0.4550020921482528,0.7310953725122914,0.4550020921482528,0.006881587660487249,0.9761952015253801,0.06310919415471233,0.9999999999973488,0.007182816310300038,0.9928932440438661,0.05626539443068364,1.0,0.06310919415471233,0.05626539443068364,0.09957168609592902,0.81177267375348,0.7124107290566989,0.9859690125412363,0.10446495975128989,0.8957457750455646,0.7483434114870964,1.0,0.7124107290566989,0.7483434114870964
gRNA_12652,Trp53bp1,-0.4773140060070822,-3.9619344320340417,0.15369686752072523,0.6165709780317006,0.45680839322980626,-0.6424344398517785,0.15369686752072523,,False,0.02540740160046163,0.6336967770641457,,3947.9439674649793,-0.07598651065144575,-0.8510204122286908,0.0851532697364901,-0.312056065497504,0.067496024217808,-0.21728273888466854,-0.07598651065144575,,False,-0.006810612209095259,0.1894548053665983,,-0.011788497539808793,-0.011788497539808793,-0.011788497539808793,-0.011788497539808793,True,-0.0976722411762846,-0.0976722411762846,-0.0976722411762846,0.0,0.0,0.0,0.0,True,,,,-0.7837951913514247,-0.7837951913514247,-0.7837951913514247,-0.7837951913514247,True,-1.8072175706885851,-1.8072175706885851,-1.8072175706885851,0.4968111729189632,0.08557807701336065,0.022204230085434033,1.0324237948615949,0.22657611096539795,0.37271867716895013,0.22657611096539795,0.37271867716895013,True,0.7415654755987381,0.4919167714536256,0.6553113306745212,Trp53bp1,TP53BP1,S890G,S900G,targeting guide,Missense,23111,0.4153866124356367,0.4846177145082428,1.9644325213101983,7.433689585046081,30979,79.20849607798831,90.13848090642048,3.269957067691017,10.49097775912715,87838,87.2799927138596,97.35991256631526,0.4212299915754001,9.879550991598167,140152,91.82530395570524,96.12920258005596,0.4923226211541754,4.429476568297278,83613,82.5948118115604,92.97597263583414,2.313037446330116,10.699293172114384,0.5171482851714828,0.4829517048295171,0.9981029294330835,0.9778839374945756,0.5171482851714828,0.48295170482951705,0.998102929433084,0.9778839374945756,0.9778839374945756,0.9778839374945756,0.7433796583511869,0.5711480761418298,0.9999999956433565,0.999999193896047,0.5922028213211079,0.4080469988793477,1.0,0.947072046781696,0.999999193896047,0.947072046781696,0.02533637140768467,0.9944979598961144,0.14913218848495313,0.9999999999973488,0.010382592084317266,0.9896640521153265,0.07097917497642349,1.0,0.14913218848495313,0.07097917497642349,0.39040205768270475,0.5383566187288219,0.8749945536019875,0.9840937019657632,0.388615653095958,0.6117665565203105,0.8825256966972254,1.0,0.8749945536019875,0.8825256966972254
gRNA_12831,Tsc1,-2.0445777033805563,-3.845893152323236,0.1379534647384235,-0.5191031690475653,-4.143015184723876,-2.082927148947362,-2.0445777033805563,-2.6381473023688087,True,-1.5216883539327124,-1.7286551576479348,-1.0138026531544013,1725.320078325049,0.3366296155969192,0.5065909444441556,-1.8994096710851647,-0.09797351429988321,0.3647645776797658,-0.15787960953284144,0.3366296155969192,,False,0.08135422100803218,0.7733526152516211,,-0.08566636276030998,-0.08566636276030998,-0.08566636276030998,-0.08566636276030998,True,-0.37472403213166855,-0.37472403213166855,-0.37472403213166855,0.0,0.0,0.0,0.0,True,,,,0.003325388774730426,0.003325388774730426,0.003325388774730426,0.003325388774730426,True,-0.1135833759210638,-0.1135833759210638,-0.1135833759210638,-0.15069057999357252,1.405149361131932,0.014304319413100237,0.28872825839440974,-0.5475820371113963,0.20198186436689464,0.014304319413100237,,False,0.5164532097787328,0.2252654737427001,,Tsc1,TSC1,S1035G,S1038G,targeting guide,Missense,580,0.1724137931034483,0.3448275862068966,0.0,7.931034482758621,6135,10.464547677261614,96.21841890790546,2.070089649551752,84.25427872860635,35502,7.01368936961298,96.94946763562616,2.380147597318461,86.95566446960734,13494,11.093819475322366,79.55387579665036,0.4001778568252557,83.02949459018824,11930,9.689857502095558,96.46269907795474,0.5532271584241408,86.54652137468567,0.7031296870312969,0.296970302969703,0.9985561443855614,0.946224705260566,0.7031296870312969,0.296970302969703,0.9985561443855614,0.9462247052605663,0.946224705260566,0.9462247052605663,0.32171298113388536,0.5161306188631619,0.9999999956433565,0.999999193896047,0.34746939767257545,0.6529577567538438,0.8600413137039317,1.0,0.999999193896047,0.8600413137039317,0.05996736107411815,0.9232579882653166,0.23522280380056998,0.9999999999973488,0.05825877529700914,0.9420353485862605,0.22084343531287517,1.0,0.23522280380056998,0.22084343531287517,0.9408123206423982,0.06025765799845522,0.9999999997953558,0.9840937019657632,0.9566462603355423,0.043469736615615595,1.0,0.7866625127117199,0.9840937019657632,0.7866625127117199
gRNA_13011,Vhl,-0.46510318265026757,-3.6645740537040616,-0.453841776933699,0.1377819430762111,0.3079052930239898,-0.8275663554375654,-0.453841776933699,,False,-0.17342512216588504,-0.019188040482022252,,1723.3920771200483,0.5591019848851206,0.1684868795935732,0.789952374000847,-0.07669250108893191,1.1523876737232917,0.5186472822227801,0.5591019848851206,0.6674822280507081,True,1.0854407267082817,1.0881758151309244,1.1211419083760494,0.27359264220731555,0.27359264220731555,0.27359264220731555,0.27359264220731555,True,0.9725448750850659,0.9725448750850659,0.9725448750850659,0.0,0.0,0.0,0.0,True,,,,0.29384269478380304,0.29384269478380304,0.29384269478380304,0.29384269478380304,True,0.5115178551378999,0.5115178551378999,0.5115178551378999,0.11448220186567465,0.18181162996331268,0.34859836917480214,-0.4179644887885648,-1.103674185711099,-0.17534929469917487,0.11448220186567465,,False,0.018951406928930686,0.3511067933196836,,Vhl,VHL,L135P,L169P,targeting guide,Missense,2513,0.2785515320334262,0.3979307600477517,5.610823716673298,8.23716673298846,13762,52.441505595116986,95.3204476093591,3.916581892166836,38.99142566487429,45725,66.46036085292509,96.62110442864956,2.020776380535812,29.98359759431383,31133,68.08531140590371,98.4421674750265,0.0,31.35579610060065,41122,37.59544769223287,66.94956470988765,0.0,60.14298915422401,0.08839116088391158,0.9117088291170883,0.7553426475534262,0.9879119614920229,0.08839116088391152,0.9117088291170883,0.7553426475534257,0.9879119614920229,0.7553426475534262,0.7553426475534257,0.024520153039570385,0.9903308787611885,0.263416501225099,0.999999193896047,0.011484697209921051,0.9885629799838661,0.14668593577068212,1.0,0.263416501225099,0.14668593577068212,0.40992795989451397,0.6973389035512944,0.6850351685348322,0.9999999999973488,0.3354789430352389,0.6648030492295719,0.6183337381433816,1.0,0.6850351685348322,0.6183337381433816,0.6437509336749163,0.48285580567140607,0.9780765380247597,0.9840937019657632,0.5724830673136487,0.42783658540167224,0.9197840034090436,1.0,0.9780765380247597,0.9197840034090436
gRNA_13599,controlsgRNA,0.35251462572027414,-4.469675427085394,-0.07878656181566107,-1.24570342178881,0.4197641502336643,-1.0043773269471852,-0.07878656181566107,,False,-0.36332091395088795,0.38386098023002274,,1512.3964452477783,0.7287067921497902,0.7960179373513492,1.4529557230000192,1.1627325757571756,0.7991671977147039,0.9879160451946076,0.7991671977147039,0.9879160451946076,True,1.7819192232598504,1.4278948495644002,1.4826693866144136,0.27399770242774113,0.27399770242774113,0.27399770242774113,0.27399770242774113,True,0.9740639046235988,0.9740639046235988,0.9740639046235988,0.0,0.0,0.0,0.0,True,,,,0.15557658073993683,0.15557658073993683,0.15557658073993683,0.15557658073993683,True,0.2140129688029678,0.2140129688029678,0.2140129688029678,-1.4921883567779541,-0.5506208750623279,-0.20559639898734572,-0.03727746277998413,0.46927335338597076,-0.36328194804432823,-0.20559639898734572,-0.571420773401903,True,-0.22883314944053063,-0.050969119182932565,-0.2288963221582092,NT,,Non-coding,,non-targeting control,,0,0.0,0.0,0.0,0.0,0,0.0,0.0,0.0,0.0,0,0.0,0.0,0.0,0.0,0,0.0,0.0,0.0,0.0,0,0.0,0.0,0.0,0.0,0.08839116088391158,0.917008299170083,0.7553426475534262,0.9879119614920229,0.08839116088391152,0.917008299170083,0.7553426475534257,0.9879119614920229,0.7553426475534262,0.7553426475534257,0.0003348244177038375,0.9999892432464205,0.02517879621132858,0.999999193896047,5.5635494567347625e-05,0.9999525244231063,0.006972981985774236,1.0,0.02517879621132858,0.006972981985774236,0.5382741360859806,0.4649003399435856,0.7968152565682234,0.9999999999973488,0.5351571043428834,0.46860930481464314,0.779918880747768,1.0,0.7968152565682234,0.779918880747768,0.5759276439967845,0.2882330018401323,0.9483359320886435,0.9840937019657632,0.6412955784548635,0.36457845247496673,0.9434212749068616,1.0,0.9483359320886435,0.9434212749068616
gRNA_13600,controlsgRNA,0.9448373688964182,3.2400448453151696,1.177758117183147,-0.3660901644600986,0.4830145662483489,1.0959129466365969,0.9448373688964182,1.4614137244107708,True,1.8924004424516647,1.483887339605063,1.9289293406487222,2174.664859165537,0.7005577854283431,0.7520522640506415,-0.24529559676790305,-0.09320275144252045,-0.31402667680462343,0.16001700489278753,-0.09320275144252045,,False,0.5531694653721407,0.1650919056812117,,-0.14287888774870003,-0.14287888774870003,-0.14287888774870003,-0.14287888774870003,True,-0.5892785873533656,-0.5892785873533656,-0.5892785873533656,0.0,0.0,0.0,0.0,True,,,,0.5466886910070481,0.5466886910070481,0.5466886910070481,0.5466886910070481,True,1.0555623586434661,1.0555623586434661,1.0555623586434661,-0.5220815720952565,0.5293300755450739,1.4277371960706517,0.35304659283165,0.7512963451911703,0.5078657275086579,0.5293300755450739,0.7653525524096365,True,0.9197535196506865,0.8722298453290522,1.0230217118467917,NT,,Non-coding,,non-targeting control,,0,0.0,0.0,0.0,0.0,0,0.0,0.0,0.0,0.0,0,0.0,0.0,0.0,0.0,0,0.0,0.0,0.0,0.0,0,0.0,0.0,0.0,0.0,0.7961203879612039,0.20747925207479248,0.9985561443855614,0.85727690967167,0.796120387961204,0.20747925207479245,0.9985561443855614,0.8572769096716699,0.85727690967167,0.8572769096716699,0.22354290343782,0.8682798855405529,0.8410492477365105,0.999999193896047,0.16346877191671888,0.8390153341111432,0.602590767065552,1.0,0.8410492477365105,0.602590767065552,0.004745239915854698,0.9873449718368649,0.04993311222116779,0.9999999999973488,0.003287598697147373,0.9971574034346382,0.03987539064927136,1.0,0.04993311222116779,0.03987539064927136,0.0023755933684709257,0.995476714193181,0.22330577663626702,0.9997934568416044,0.0016757535881831652,0.9988658375633795,0.12601666983137402,1.0,0.22330577663626702,0.12601666983137402
gRNA_13601,controlsgRNA,-0.8092411655457058,-0.3095570595757169,1.1436422824476107,0.48502385691434674,-0.5193918040865618,-0.0019047779692054289,-0.3095570595757169,,False,0.7133391869781222,0.13586596674341156,,3982.165988853743,-0.035473095302796964,0.11747678151227872,0.6596452118784862,0.30291318955778657,-0.2773300445959135,0.15344640860996822,0.11747678151227872,,False,0.543417529207619,0.463226927689199,,0.02607539733703148,0.02607539733703148,0.02607539733703148,0.02607539733703148,True,0.04432238545328841,0.04432238545328841,0.04432238545328841,0.0,0.0,0.0,0.0,True,,,,0.20522539628537215,0.20522539628537215,0.20522539628537215,0.20522539628537215,True,0.3208414952835962,0.3208414952835962,0.3208414952835962,0.639099696121728,0.19298948542876795,-0.2510280461724431,0.2250381923531191,-0.9668574637233548,-0.03215162719843658,0.19298948542876795,,False,0.20775399063771396,0.44972596871162857,,NT,,Non-coding,,non-targeting control,,0,0.0,0.0,0.0,0.0,0,0.0,0.0,0.0,0.0,0,0.0,0.0,0.0,0.0,0,0.0,0.0,0.0,0.0,0,0.0,0.0,0.0,0.0,0.4475552444755525,0.5575442455754425,0.9957442125609925,0.9879119614920229,0.44755524447555245,0.5575442455754425,0.9957442125609924,0.9879119614920229,0.9879119614920229,0.9879119614920229,0.28131802117773475,0.9160786449125189,0.9615961451166206,0.999999193896047,0.1598647193911943,0.841915090851395,0.5951399454563272,1.0,0.9615961451166206,0.5951399454563272,0.22647367421094525,0.8101999579310128,0.4922202399035573,0.9999999999973488,0.18440109911981806,0.8178344392563158,0.4275873790859144,1.0,0.4922202399035573,0.4275873790859144,0.2827272468840345,0.8545104396003528,0.8441708762647215,0.9859690125412363,0.200723794849344,0.8020097300139094,0.7810433852521655,1.0,0.8441708762647215,0.7810433852521655
gRNA_13602,controlsgRNA,0.7114222365135089,2.3993508607572416,-1.593390691121364,-2.0678832527457045,-3.4362999654615467,-0.7973601624115729,-1.593390691121364,,False,-0.1409835327525867,-1.2437919265318744,,1951.6192197620123,-0.9278187996710641,0.4770789085895902,-1.1774366760691872,-0.24226609654793985,-0.4098517292072327,-0.4560588785811667,-0.4098517292072327,-0.6893433253738559,True,-0.361196967983192,-0.2830016923568253,-0.4096881554142197,-0.046991649312938664,-0.046991649312938664,-0.046991649312938664,-0.046991649312938664,True,-0.2296887283461566,-0.2296887283461566,-0.2296887283461566,0.0,0.0,0.0,0.0,True,,,,0.27392775378318046,0.27392775378318046,0.27392775378318046,0.27392775378318046,True,0.4686672094845665,0.4686672094845665,0.4686672094845665,-1.716986277340932,-1.3851014393290653,-2.0402488987030063,0.13946122975334385,-1.4537890591001925,-1.2913328889439704,-1.4537890591001925,-1.649031418618299,True,-1.452445366827496,-1.6189221202784285,-1.2381027256171953,NT,,Non-coding,,non-targeting control,,0,0.0,0.0,0.0,0.0,0,0.0,0.0,0.0,0.0,0,0.0,0.0,0.0,0.0,0,0.0,0.0,0.0,0.0,0,0.0,0.0,0.0,0.0,0.599040095990401,0.406959304069593,0.9985561443855614,0.9727487021412807,0.599040095990401,0.406959304069593,0.9985561443855614,0.9727487021412802,0.9727487021412807,0.9727487021412802,0.8073336416475025,0.23369239714802803,0.9999999956433565,0.8699835775015696,0.8158378292325337,0.1869535072969103,1.0,0.6759088340734449,0.8699835775015696,0.6759088340734449,0.9763033986607713,0.01061455069052036,0.9999999989234004,0.5701530085193793,0.9936655755767513,0.006655281872385492,1.0,0.31279824800211814,0.5701530085193793,0.31279824800211814,0.16139974975432847,0.2904064901720166,0.7288304637399825,0.9840937019657632,0.45224732163691733,0.5556519054689852,0.9060547637436381,1.0,0.7288304637399825,0.9060547637436381
gRNA_13603,controlsgRNA,-1.007553642839664,3.378662211481751,-0.6500783969955043,-0.3812366051733876,0.8729648768646003,0.44255168866755906,-0.3812366051733876,,False,1.1906874642108,0.05883632019088159,,2062.2382888989305,-0.6568166296087139,0.233333485269384,-0.6159379317275695,-0.22143048964536577,0.8068197480024656,-0.09080636354195992,-0.22143048964536577,,False,0.18090287459989124,-0.016364636465868644,,0.12156273619532229,0.12156273619532229,0.12156273619532229,0.12156273619532229,True,0.4024125680173593,0.4024125680173593,0.4024125680173593,0.0,0.0,0.0,0.0,True,,,,0.7813412462138049,0.7813412462138049,0.7813412462138049,0.7813412462138049,True,1.5604603392350058,1.5604603392350058,1.5604603392350058,0.11334558112061213,0.24603662664748902,-0.5448633682629513,0.8854061647135842,0.5144890413518876,0.24288280911412433,0.24603662664748902,0.4398193534583932,True,0.5703800940582364,0.5163626562450343,0.7181526105823823,NT,,Non-coding,,non-targeting control,,0,0.0,0.0,0.0,0.0,0,0.0,0.0,0.0,0.0,0,0.0,0.0,0.0,0.0,0,0.0,0.0,0.0,0.0,0,0.0,0.0,0.0,0.0,0.26337366263373657,0.7419258074192581,0.9114056336301855,0.9879119614920229,0.2633736626337366,0.7419258074192581,0.9114056336301855,0.9879119614920229,0.9114056336301855,0.9114056336301855,0.4410165914908918,0.5994846517561638,0.9999999956433565,0.999999193896047,0.4277690008404168,0.5758279606087933,0.9181815541016815,1.0,0.999999193896047,0.9181815541016815,0.05255046458463324,0.9664644827884589,0.22846771871176585,0.9999999999973488,0.03157494939522434,0.9693600977722768,0.1541841684753812,1.0,0.22846771871176585,0.1541841684753812,0.01751550208481699,0.8262273016626058,0.4402270729069335,0.9859690125412363,0.05555354800445423,1.0,0.7329365054482682,1.0,0.4402270729069335,0.7329365054482682
gRNA_13604,controlsgRNA,-0.6020910144786099,0.3327904657972571,-0.0625757352250447,-0.17046530750991562,0.12723887687618057,-0.07502054290802652,-0.0625757352250447,,False,0.6348125211469343,0.4012817692736423,,4071.4565446603406,0.020526130164028676,-0.3763532867410192,0.5183700742276353,0.252256901036815,0.1919715420053388,0.12135427213855969,0.1919715420053388,0.24578116185845444,True,0.49578707790891147,0.5686453171624812,0.6453602808630892,-0.12363660832222896,-0.12363660832222896,-0.12363660832222896,-0.12363660832222896,True,-0.5171174879326375,-0.5171174879326375,-0.5171174879326375,0.0,0.0,0.0,0.0,True,,,,0.017079812599794224,0.017079812599794224,0.017079812599794224,0.017079812599794224,True,-0.08398821209531353,-0.08398821209531353,-0.08398821209531353,-0.49056230299112685,-0.06478384357486713,-0.19403386935372652,0.5588439686490173,1.0944778479089785,0.18078836012765503,-0.06478384357486713,,False,0.4885100984973227,0.12591661000486817,,NT,,Non-coding,,non-targeting control,,0,0.0,0.0,0.0,0.0,0,0.0,0.0,0.0,0.0,0,0.0,0.0,0.0,0.0,0,0.0,0.0,0.0,0.0,0,0.0,0.0,0.0,0.0,0.771922807719228,0.23297670232976703,0.9985561443855614,0.8848408088484082,0.771922807719228,0.23297670232976697,0.9985561443855614,0.884840808848408,0.8848408088484082,0.884840808848408,0.31915248467659596,0.9010089910704281,0.9999999956433565,0.999999193896047,0.18416014496715416,0.8181556154941796,0.6330522174720691,1.0,0.999999193896047,0.6330522174720691,0.05995583863270533,0.9318340150583035,0.23522280380056998,0.9999999999973488,0.0520536005431029,0.9500340846826264,0.20602267162322832,1.0,0.23522280380056998,0.20602267162322832,0.44113079549690837,0.886882998333204,0.8917482747679437,0.9865917377907832,0.2489480267374115,0.7532380911956428,0.8139518091588411,1.0,0.8917482747679437,0.8139518091588411
gRNA_13605,controlsgRNA,1.561026977667322,-2.9121213587146424,0.4515394224688057,0.7629894545102396,-0.11884818703609655,-0.05108273822087435,0.4515394224688057,,False,0.660521832825108,0.9537700496366027,,2590.5106190691367,0.27520515664059925,0.33455615132097893,-0.35024260582558564,0.2163852044629704,-0.1751723139031182,0.060146318539168964,0.2163852044629704,,False,0.404943563778692,0.6031933707489829,,0.05238800549978433,0.05238800549978433,0.05238800549978433,0.05238800549978433,True,0.14299815517727554,0.14299815517727554,0.14299815517727554,0.0,0.0,0.0,0.0,True,,,,0.21293043120647,0.21293043120647,0.21293043120647,0.21293043120647,True,0.3374202901261319,0.3374202901261319,0.3374202901261319,0.7982329206919517,0.33379163495213976,0.665762640944597,0.7199443254956526,0.7201056992051346,0.6475674442578951,0.7199443254956526,0.6475674442578951,True,1.1039467787390205,1.1116754011413705,0.9127133310726055,NT,,Non-coding,,non-targeting control,,0,0.0,0.0,0.0,0.0,0,0.0,0.0,0.0,0.0,0,0.0,0.0,0.0,0.0,0,0.0,0.0,0.0,0.0,0,0.0,0.0,0.0,0.0,0.33506649335066485,0.6702329767023296,0.9332222333322221,0.9879119614920229,0.3350664933506649,0.6702329767023297,0.9332222333322222,0.9879119614920229,0.9332222333322221,0.9332222333322222,0.41833981121181607,0.8646949735565792,0.9999999956433565,0.999999193896047,0.25290981675797564,0.7489419318876203,0.7381937841939381,1.0,0.999999193896047,0.7381937841939381,0.002351875742290413,0.9999422759837062,0.03401174150389213,0.9999999999973488,0.0004159687380547568,0.9996109249589911,0.008689124750477142,1.0,0.03401174150389213,0.008689124750477142,0.10274347700155119,0.8102786902133671,0.7124107290566989,0.9859690125412363,0.10438730393293572,0.8974158216434854,0.7483434114870964,1.0,0.7124107290566989,0.7483434114870964
gRNA_13606,controlsgRNA,0.19717400290764728,-2.7547786681413746,-1.0916423142903813,0.8903873753303758,1.0166638297013553,-0.34843915489847554,0.19717400290764728,,False,0.3411596817932524,0.6804190092441433,,6401.084500677813,-0.022817582021050116,0.5940220000210473,-0.31253508365312616,0.26404146296976805,0.11014012640189252,0.12657018474370635,0.11014012640189252,,False,0.5035284220085506,0.45284474294575133,,-0.1835058382316119,-0.1835058382316119,-0.1835058382316119,-0.1835058382316119,True,-0.7416350388933722,-0.7416350388933722,-0.7416350388933722,0.0,0.0,0.0,0.0,True,,,,0.0427412820690448,0.0427412820690448,0.0427412820690448,0.0427412820690448,True,-0.028772857194873974,-0.028772857194873974,-0.028772857194873974,-0.17971614212961165,-0.4965773173932485,-0.467823618812392,0.38702323934275473,-0.0862987445049133,-0.16867851669948214,-0.17971614212961165,-0.30760395571004134,True,0.02774666277123136,-0.018458892431929438,0.018174011581240476,NT,,Non-coding,,non-targeting control,,0,0.0,0.0,0.0,0.0,0,0.0,0.0,0.0,0.0,0,0.0,0.0,0.0,0.0,0,0.0,0.0,0.0,0.0,0,0.0,0.0,0.0,0.0,0.8612138786121388,0.14318568143185684,0.9985561443855614,0.85727690967167,0.8612138786121387,0.14318568143185695,0.9985561443855614,0.8572769096716699,0.85727690967167,0.8572769096716699,0.31784222823864317,0.9045082083734652,0.9999999956433565,0.999999193896047,0.1831649269016411,0.8192872570719961,0.6330522174720691,1.0,0.999999193896047,0.6330522174720691,0.5093458427155897,0.7813879458039801,0.7794739101279691,0.9999999999973488,0.3546174820370206,0.6485356200313789,0.6349341583139037,1.0,0.7794739101279691,0.6349341583139037,0.24414081697972667,0.6467953958163797,0.8085190611078275,0.9840937019657632,0.2684129100832068,0.7350344725581934,0.834076480919717,1.0,0.8085190611078275,0.834076480919717
gRNA_13607,controlsgRNA,-0.5771030517981192,-3.865114612318379,0.7226466988534921,0.8003358348920616,-0.4512168024122732,-0.6740903865566434,-0.4512168024122732,,False,-0.008591229892251596,-0.016367140071607316,,3088.055430034644,0.6160713771772931,0.04270716722095041,1.1522816811383352,0.28409047562714435,0.519864906593483,0.5230031215514412,0.519864906593483,0.5230031215514412,True,1.0919055687481263,1.032650975883648,0.9581342473982594,0.16420960493988793,0.16420960493988793,0.16420960493988793,0.16420960493988793,True,0.5623439808844749,0.5623439808844749,0.5623439808844749,0.0,0.0,0.0,0.0,True,,,,0.34714733290629624,0.34714733290629624,0.34714733290629624,0.34714733290629624,True,0.6262125539469356,0.6262125539469356,0.6262125539469356,-0.5054968004850645,0.5579084488694392,1.019865274003522,1.045002314087381,0.7389774862078023,0.571251344536616,0.7389774862078023,0.8404383807920361,True,1.0033258883472105,1.135584451733168,1.093341264784507,NT,,Non-coding,,non-targeting control,,0,0.0,0.0,0.0,0.0,0,0.0,0.0,0.0,0.0,0,0.0,0.0,0.0,0.0,0,0.0,0.0,0.0,0.0,0,0.0,0.0,0.0,0.0,0.19238076192380765,0.811918808119188,0.9114056336301855,0.9879119614920229,0.1923807619238076,0.811918808119188,0.9114056336301855,0.9879119614920229,0.9114056336301855,0.9114056336301855,0.02614800362442106,0.9947045676561439,0.2683792692421414,0.999999193896047,0.010175687379452427,0.9901916553460006,0.13664494480978975,1.0,0.2683792692421414,0.13664494480978975,0.001950781926177573,0.9925399138134853,0.033009035553236615,0.9999999999973488,0.001121584707558395,0.9989989659847058,0.016573983824585397,1.0,0.033009035553236615,0.016573983824585397,0.389617544551777,0.49129335578003164,0.8749945536019875,0.9840937019657632,0.4295652076641538,0.5743341489275894,0.8923564534901759,1.0,0.8749945536019875,0.8923564534901759
gRNA_13608,controlsgRNA,-2.3260711971211747,-4.253936995322916,0.5761349076757323,-1.3950820724532356,-4.152632546089991,-2.310317580662317,-2.3260711971211747,-3.031930702746829,True,-1.7659067172286553,-2.0311590888444693,-1.2964668221596578,866.2750414219008,-0.44508622381430635,-1.7502787964448232,-0.49285553925962666,-1.4212717492457432,-1.042885429853832,-1.0304755477236662,-1.042885429853832,-1.0304755477236662,True,-1.2137337010590006,-1.17881493831918,-0.7945684816894945,-0.5129296827635498,-0.5129296827635498,-0.5129296827635498,-0.5129296827635498,True,-1.9770181382639067,-1.9770181382639067,-1.9770181382639067,0.0,0.0,0.0,0.0,True,,,,-0.3122461982079496,-0.3122461982079496,-0.3122461982079496,-0.3122461982079496,True,-0.7925934845441409,-0.7925934845441409,-0.7925934845441409,-0.2228393170704135,-0.9538159609593799,-1.249725580774903,0.6861933097824299,0.029256071687107248,-0.34218629546703194,-0.2228393170704135,,False,-0.20101905315578594,-0.07262930516219127,,NT,,Non-coding,,non-targeting control,,0,0.0,0.0,0.0,0.0,0,0.0,0.0,0.0,0.0,0,0.0,0.0,0.0,0.0,0,0.0,0.0,0.0,0.0,0,0.0,0.0,0.0,0.0,0.9959004099590041,0.008799120087991203,0.9985561443855614,0.4726384504406704,0.9959004099590041,0.008799120087991195,0.9985561443855614,0.47263845044066993,0.4726384504406704,0.47263845044066993,0.9971574400264736,0.023984350986877657,0.9999999956433565,0.34685061427176916,0.9925520389933067,0.007736011320287759,1.0,0.12646696767079119,0.34685061427176916,0.12646696767079119,0.43212611754631985,0.4236458355667174,0.7095171187660099,0.9999999999973488,0.5177996083013929,0.4879745772575958,0.7725898917512847,1.0,0.7095171187660099,0.7725898917512847,0.9214738544857249,0.030989123925768917,0.9999999997953558,0.8963008150837779,0.9738097374831347,0.027332429785754262,1.0,0.679698988228309,0.8963008150837779,0.679698988228309
gRNA_14579,controlsgRNA,-0.003667597261707308,-1.0413604048698408,-0.10839904342749801,-0.8371634520459538,-1.5805279017514615,-0.7142236798712923,-0.8371634520459538,-0.7142236798712923,True,-0.05169457040248892,-0.4311205228048485,0.36722120783310597,3776.592860370538,-0.5594091034284934,-1.3293270038285547,0.8917574857307692,-0.7241402614881502,-0.5850826995780574,-0.4612403165184974,-0.5850826995780574,-0.7994897670808139,True,-0.36888714553030477,-0.5309730471214825,-0.5339601990523691,-0.26257846934344353,-0.26257846934344353,-0.26257846934344353,-0.26257846934344353,True,-1.0381678907794076,-1.0381678907794076,-1.0381678907794076,0.0,0.0,0.0,0.0,True,,,,-0.8222273163187095,-0.8222273163187095,-0.8222273163187095,-0.8222273163187095,True,-1.8899113315501546,-1.8899113315501546,-1.8899113315501546,0.28304434969576925,-0.7347398208276172,-1.054651058792873,-2.0953618337702142,-1.2306461872817849,-0.9664709101953439,-1.054651058792873,-1.2788497251681223,True,-1.0241228808053526,-1.117533476175573,-0.89141931344824,,,,,safe-targeting control,,23701,0.0,0.029534618792456,0.0,6.510273828108519,29057,3.4208624427848706,29.087655298206972,0.013766046047424,79.76391231028668,92644,4.055308492724839,29.91451146323561,0.0032382021501662,87.12382885022235,60481,0.0016534118152808,38.795654833749445,0.0,88.92710107306426,69006,0.601396979972756,34.994058487667736,0.0,86.39103846042373,0.9534046595340466,0.051994800519948016,0.9985561443855614,0.6982158926964448,0.9534046595340466,0.05199480051994797,0.9985561443855614,0.6982158926964441,0.6982158926964448,0.6982158926964441,0.6398762590121463,0.1693588360102157,0.9999999956433565,0.7765722236565988,0.8113972682732223,0.1926220846125733,1.0,0.6760006398752195,0.7765722236565988,0.6760006398752195,0.9243900347719667,0.05097098691967196,0.9999999989234004,0.9999999999973488,0.9613425662005458,0.04010212599095796,1.0,0.7539199686300095,0.9999999989234004,0.7539199686300095,0.819143872393495,0.47174341549473264,0.990347575626862,0.9840937019657632,0.6940700246908607,0.3082204997204143,0.9641177804211494,1.0,0.9840937019657632,0.9641177804211494
gRNA_14580,controlsgRNA,0.6912973857250752,-0.4339282064922609,0.1185138643234213,0.8142349297382122,-0.07421914805301158,0.22317976504828724,0.1185138643234213,,False,0.9550810152704169,0.5958877441197052,,2208.5253803283626,-2.561624782250114,-3.4126918450687675,-0.1781772095942301,-2.2829089187335256,-3.005001333104133,-2.2880808177501537,-2.561624782250114,-2.2880808177501537,True,-3.080244103704236,-3.328000404513501,-2.2134538725774853,-0.08879013242791751,-0.08879013242791751,-0.08879013242791751,-0.08879013242791751,True,-0.386438582604394,-0.386438582604394,-0.386438582604394,0.0,0.0,0.0,0.0,True,,,,-1.260612933550285,-1.260612933550285,-1.260612933550285,-1.260612933550285,True,-2.833178336103211,-2.833178336103211,-2.833178336103211,0.2548183810018862,-0.36517102352935255,-0.5899604303602752,-0.030035126524090742,0.2420059111493887,-0.09766845765248873,-0.030035126524090742,,False,0.12137166973802775,0.1695672073245618,,,,,,safe-targeting control,,14449,0.0069208941795279,0.1591805661291438,0.0968925185133919,2.2631323967056542,12842,10.060738202772152,33.34371593209781,0.0,54.73446503659866,18560,3.90625,28.19504310344827,0.0,52.94181034482759,77075,3.9987025624391825,70.40674667531624,0.0012974375608173,79.22283490107039,49714,4.1638170334312266,45.558595164340026,0.0,71.8429416261013,0.7225277472252775,0.2832716728327167,0.9985561443855614,0.9342995525008901,0.7225277472252775,0.2832716728327167,0.9985561443855614,0.9342995525008901,0.9342995525008901,0.9342995525008901,0.9991153601125272,0.00038009409714574504,0.9999999956433565,0.017864422565850017,0.9998852979096355,0.00013575372885800047,1.0,0.005671489116734242,0.017864422565850017,0.005671489116734242,0.4221467321097556,0.8410325491096278,0.6984099920744193,0.9999999999973488,0.2700855945830506,0.7321560890338876,0.5289176227251408,1.0,0.6984099920744193,0.5289176227251408,0.18959492462010666,0.9595866373463562,0.7300576506065981,0.9997934568416044,0.09141855525340725,0.9101274782869504,0.7483434114870964,1.0,0.7300576506065981,0.7483434114870964
gRNA_14581,controlsgRNA,-0.9546417744670594,1.0704013026840913,-1.222051510500052,0.24008490902115195,0.5472147373713998,-0.06379846717809368,0.24008490902115195,,False,0.6468650817884606,0.7265327492743183,,2427.594517246573,-0.4308482338323542,-1.3253810322068373,0.19548370454702813,-0.8794379850198002,-0.824971723802106,-0.6530310540628139,-0.824971723802106,-0.8651597437152745,True,-0.653538788847551,-0.8704427550396961,-0.6080519452364713,0.19611739147077656,0.19611739147077656,0.19611739147077656,0.19611739147077656,True,0.6820024114227687,0.6820024114227687,0.6820024114227687,0.0,0.0,0.0,0.0,True,,,,-0.3947483580536529,-0.3947483580536529,-0.3947483580536529,-0.3947483580536529,True,-0.970112002779891,-0.970112002779891,-0.970112002779891,0.12714323497129842,-0.026203865523830173,0.1095634971789936,-1.4691604631513728,-0.9075629883467524,-0.4332441169743326,-0.026203865523830173,,False,-0.32107653919956486,0.1743799556889013,,,,,,safe-targeting control,,15313,0.0718343890811728,0.1110167831254489,0.4636583295239339,13.295892379024355,26790,59.45128779395296,80.38447181784247,0.0298618887644643,24.184397163120565,65908,44.76543060023063,58.02482247982036,1.0666383443588032,21.760636038113734,58549,67.13351210097525,89.27223351380896,1.1665442620710855,23.821072947445728,54658,54.01222144974203,71.27776354787954,0.0146364667569248,22.99937795016283,0.15768423157684222,0.8469153084691531,0.8719010451895981,0.9879119614920229,0.15768423157684236,0.8469153084691532,0.8719010451895989,0.9879119614920229,0.8719010451895981,0.8719010451895989,0.9459450390438469,0.1172888867343707,0.9999999956433565,0.6657491645933483,0.9338207161574665,0.06734708304300473,1.0,0.36699280035028664,0.6657491645933483,0.36699280035028664,0.6384198917865187,0.39221238221083987,0.8825216151166582,0.9999999999973488,0.624682570348679,0.3791352987747734,0.8464844150889458,1.0,0.8825216151166582,0.8464844150889458,0.27106242217889726,0.7846344065851274,0.8354054978628309,0.9859690125412363,0.22508344259539886,0.7779834579536584,0.7891586160513889,1.0,0.8354054978628309,0.7891586160513889
gRNA_14582,controlsgRNA,-1.0693775050505196,-4.273307724512949,-1.4074164909967097,-0.05600591691671729,-0.3569858295543083,-1.432618693406241,-1.0693775050505196,-1.432618693406241,True,-0.8232540994569103,-0.6806668372844625,-0.14845448932284397,2197.9213737008586,-2.605286535636532,-2.8902847602408834,-1.7742379587545412,-2.230566040831919,-2.5560531519724488,-2.411285689487265,-2.5560531519724488,-2.411285689487265,True,-3.2631020959811345,-3.3201159266425138,-2.3524590093723825,0.10413099475540631,0.10413099475540631,0.10413099475540631,0.10413099475540631,True,0.3370412261278035,0.3370412261278035,0.3370412261278035,0.0,0.0,0.0,0.0,True,,,,-0.9637716195186614,-0.9637716195186614,-0.9637716195186614,-0.9637716195186614,True,-2.1944698426941,-2.1944698426941,-2.1944698426941,-0.5995972653637048,-0.7577984252607823,-0.5004361549734565,-0.9109545453545852,0.5593404436799216,-0.4418891894545215,-0.5995972653637048,-0.6921965977381322,True,-0.33247485349543804,-0.5459046051945119,-0.3420055753418429,,,,,safe-targeting control,,15141,0.0,0.0,0.0594412522290469,2.6880655174691235,20449,0.0293412880825468,0.0342315027629712,0.0,4.009976037948066,21538,0.0,0.0,0.004642956634785,2.9018478967406445,48676,0.0164352042074122,0.0205440052592653,0.0,2.4529542279562824,37675,0.0,0.0,0.0026542800265428,1.9986728599867287,0.29157084291570845,0.7144285571442857,0.9114056336301855,0.9879119614920229,0.29157084291570845,0.7144285571442855,0.9114056336301855,0.9879119614920229,0.9114056336301855,0.9114056336301855,0.9999994489080727,0.00011531873429039694,0.9999999956433565,0.007226640682198209,0.9999894708003413,1.2564827182048406e-05,1.0,0.0007873958367417002,0.007226640682198209,0.0007873958367417002,0.6741985292691604,0.37764260110518644,0.9021304163886273,0.9999999999973488,0.6853376794267114,0.3185044123102686,0.8824896146042586,1.0,0.9021304163886273,0.8824896146042586,0.9095186034876797,0.16360297003875324,0.9999999997953558,0.9840937019657632,0.888534888996474,0.11377928002409332,0.9918167876570679,0.977034914236814,0.9840937019657632,0.977034914236814
gRNA_14583,controlsgRNA,1.851438297151979,-4.416358087844819,-0.33565657240745556,0.41221049989874603,0.19152365196947307,-0.4593684422464153,0.19152365196947307,,False,0.22202112001041055,0.6743469208675191,,570.8088567555354,-5.044766455352862,-5.630613059787797,-0.7828335677429186,-3.8547989328164802,-3.458989906056688,-3.7544003843513494,-3.8547989328164802,-3.7544003843513494,True,-5.256523728077741,-5.157985968047006,-3.867819881539762,-0.09504630415288352,-0.09504630415288352,-0.09504630415288352,-0.09504630415288352,True,-0.40990005615608616,-0.40990005615608616,-0.40990005615608616,0.0,0.0,0.0,0.0,True,,,,-1.1344059283721186,-1.1344059283721186,-1.1344059283721186,-1.1344059283721186,True,-2.5616208327348122,-2.5616208327348122,-2.5616208327348122,-1.295797359473577,-0.8283474006131777,0.21664846214580935,-0.08873652155068305,-0.15894529263531643,-0.43103562242538895,-0.15894529263531643,-0.5929566435681886,True,-0.31816469374687845,0.007633005750630517,-0.24906514488871617,,,,,safe-targeting control,,3411,0.0,0.0,0.0,1.8469656992084431,1079,2.5949953660797034,2.5949953660797034,0.0,4.911955514365153,995,0.2010050251256281,0.3015075376884422,0.0,3.1155778894472363,14385,0.0278067431352102,4.588112617309697,0.0,6.694473409801876,26605,0.0488629956775042,4.517947754181545,0.0,6.555158804735951,0.731826817318268,0.27247275272472754,0.9985561443855614,0.9229707659864644,0.7318268173182682,0.27247275272472754,0.9985561443855614,0.9229707659864644,0.9229707659864644,0.9229707659864644,0.9999951346387385,5.619036270351103e-06,0.9999999956433565,0.000704252545884005,0.9999993164590213,9.747272222749954e-07,1.0,0.00013396577326704666,0.000704252545884005,0.00013396577326704666,0.7034834104637623,0.410434970454202,0.9089682554445864,0.9999999999973488,0.6543026959351239,0.3488313805451058,0.8662599072943894,1.0,0.9089682554445864,0.8662599072943894,0.15501423966435682,0.4814139045793071,0.7288304637399825,0.9840937019657632,0.2592275124817728,0.7478223082379294,0.8268515752131369,1.0,0.7288304637399825,0.8268515752131369
gRNA_14584,controlsgRNA,1.0181605398938272,-2.724609285098878,0.14996104877326707,0.1034680441049743,-1.2395351318111683,-0.5385109568275956,0.1034680441049743,,False,0.13702169750889628,0.5797189165433548,,2687.5131796957376,-0.3049961594672504,0.25461777564249793,0.06259521713771231,0.45392039368161874,-0.04456665158772107,0.08431411508137152,0.06259521713771231,,False,0.44081288202199465,0.3855633968603426,,-0.01793315492764989,-0.01793315492764989,-0.01793315492764989,-0.01793315492764989,True,-0.12071552117669523,-0.12071552117669523,-0.12071552117669523,0.0,0.0,0.0,0.0,True,,,,0.1825127493819638,0.1825127493819638,0.1825127493819638,0.1825127493819638,True,0.2719710726056276,0.2719710726056276,0.2719710726056276,0.07209495492756147,0.5931341604986856,0.23873925703036178,-0.21131969066568326,0.17600589341212947,0.17373091504061103,0.17600589341212947,0.2699935664671846,True,0.4792050316615804,0.4283915426067175,0.5591069733990447,,,,,safe-targeting control,,11374,0.017583963425356,0.0351679268507121,0.0263759451380341,37.98136099876912,18523,25.63839550828699,35.47481509474707,0.0,35.92830535010527,74419,15.975758878780958,30.219433209261076,0.0040312285840981,46.367191174296885,49709,18.4493753646221,24.6776237703434,0.0060351244241485,36.47025689512965,62650,12.531524341580209,25.95051875498803,0.0063846767757382,46.6049481245012,0.5356464353564645,0.4686531346865316,0.9981029294330835,0.9778839374945756,0.5356464353564644,0.46865313468653136,0.998102929433084,0.9778839374945756,0.9778839374945756,0.9778839374945756,0.3825261229572839,0.890184498892953,0.9999999956433565,0.999999193896047,0.22088850502473018,0.781381113232111,0.7038481177059199,1.0,0.999999193896047,0.7038481177059199,0.13825220886806616,0.9765246819652427,0.3775491421704525,0.9999999999973488,0.060225220054154156,0.9407262454764193,0.22338740217841682,1.0,0.3775491421704525,0.22338740217841682,0.41650524749665685,0.5696333152620401,0.8881553689271336,0.9840937019657632,0.41606825351428534,0.5877019468774706,0.8834404097328092,1.0,0.8881553689271336,0.8834404097328092
gRNA_14585,controlsgRNA,-0.3723664600309125,2.2129355524433154,-0.18911059183982065,-0.3322862424430338,0.6181528244404985,0.38746501651400944,-0.18911059183982065,,False,1.1315241264604046,0.26530245745825065,,2706.4316915198074,-1.4231757352425551,-1.695858398631442,0.4992150518722257,-1.1287806263543207,-1.1807403007062458,-0.9858680018124677,-1.1807403007062458,-1.3571387652336409,True,-1.1475281511427113,-1.373894946230107,-1.1631242424773027,-0.08101858703658649,-0.08101858703658649,-0.08101858703658649,-0.08101858703658649,True,-0.3572942568617245,-0.3572942568617245,-0.3572942568617245,0.0,0.0,0.0,0.0,True,,,,-1.0710692237596418,-1.0710692237596418,-1.0710692237596418,-1.0710692237596418,True,-2.4253403041550765,-2.4253403041550765,-2.4253403041550765,0.3581962902003796,-0.13672368863147796,0.3310727462976728,-0.16110251883970408,0.11475178435273571,0.1012389226759212,0.11475178435273571,,False,0.3836261322596033,0.3514454370909039,,,,,,safe-targeting control,,17247,0.0521829883457992,0.0579810981619991,0.0057981098161999,2.1221081927291703,11046,45.67264168024624,50.099583559659614,0.2987506789788158,5.965960528698171,33171,37.954840071146485,42.40450996352235,0.0060293629977992,6.198185161737663,64972,69.5499599827618,75.34784214738657,0.0,6.465862217570646,37281,39.46246077090207,55.58327298087497,0.0107293259300984,18.12987849038384,0.6809319068093189,0.32366763323667636,0.9985561443855614,0.9546052913505642,0.680931906809319,0.32366763323667636,0.9985561443855614,0.9546052913505642,0.9546052913505642,0.9546052913505642,0.9232784363967256,0.020830432239659472,0.9999999956433565,0.34685061427176916,0.9826092764761741,0.018138443929608974,1.0,0.1820143214654083,0.34685061427176916,0.1820143214654083,0.2113425348068627,0.9650092411396494,0.4787035728155444,0.9999999999973488,0.09523914484836671,0.9063413643286633,0.3009236845629066,1.0,0.4787035728155444,0.3009236845629066,0.07410094423474567,0.9444148879478824,0.7124107290566989,0.9997934568416044,0.057704938872983065,0.9440559564937173,0.7329365054482682,1.0,0.7124107290566989,0.7329365054482682
gRNA_14586,controlsgRNA,1.0143579594082552,-3.6539403499997585,0.26261493248251394,-0.22739498420481527,0.513345303347018,-0.4182034277933573,0.26261493248251394,,False,0.26623253374035116,0.7507443947246114,,4188.221117638199,-0.1939119500236252,-1.1455290676611607,-0.4910651946537884,-0.7464298889166348,-0.032294497296546085,-0.5218461197103511,-0.4910651946537884,-0.5218461197103511,True,-0.45883696111582806,-0.3979277982232578,-0.22071046599542252,-0.08193242173689673,-0.08193242173689673,-0.08193242173689673,-0.08193242173689673,True,-0.3607212581645162,-0.3607212581645162,-0.3607212581645162,0.0,0.0,0.0,0.0,True,,,,-0.9735441009667204,-0.9735441009667204,-0.9735441009667204,-0.9735441009667204,True,-2.215497127669308,-2.215497127669308,-2.215497127669308,0.8272466650183715,0.11459248983313476,-0.1423271714537376,-0.7218847780593078,0.27949879470826894,0.07142520000934595,0.11459248983313476,,False,0.34431747613643354,0.35124533471244274,,,,,,safe-targeting control,,27228,0.0183634493903334,0.0220361392684001,0.168943734391068,5.766123108564713,22776,17.650158061116965,19.14295749912188,0.0,9.110467158412364,101982,30.43086034790453,31.53693789100037,0.01372791276892,7.078700162773822,87566,30.854441221478655,32.148322408240645,0.0022839915035516,6.0274535778726905,81513,19.861862524996013,23.038043011544172,0.0,7.85028155018218,0.6911308869113089,0.3137686231376862,0.9985561443855614,0.9546052913505642,0.6911308869113089,0.3137686231376862,0.9985561443855614,0.9546052913505642,0.9546052913505642,0.9546052913505642,0.9387359496737359,0.21911438176440776,0.9999999956433565,0.8669330336007393,0.8837922293850704,0.11792728895372839,1.0,0.47678129727528895,0.8669330336007393,0.47678129727528895,0.13856856813702778,0.8959937926359927,0.3775491421704525,0.9999999999973488,0.10460674442134982,0.897247955825001,0.3171946443744156,1.0,0.3775491421704525,0.3171946443744156,0.24513609831460728,0.6760499151710231,0.8085190611078275,0.9840937019657632,0.2399332274095204,0.7634342067163755,0.8053281996301389,1.0,0.8085190611078275,0.8053281996301389
gRNA_14587,controlsgRNA,-0.05328812711766277,0.1955844312600996,0.6978209905412088,-0.7066026863736578,-0.17606639887930797,-0.008510358113864002,-0.05328812711766277,,False,0.7062447637019004,0.41126259663331366,,2368.4289802681124,-0.5558048266488144,-1.3886972456278395,-0.32684680954236417,-1.129068427758604,-0.783920238223552,-0.8368675095602349,-0.783920238223552,-0.8368675095602349,True,-0.9263848596692303,-0.8123503272429788,-0.576131406515031,0.04732557328087848,0.04732557328087848,0.04732557328087848,0.04732557328087848,True,0.12401336306597219,0.12401336306597219,0.12401336306597219,0.0,0.0,0.0,0.0,True,,,,-0.3464800235178609,-0.3464800235178609,-0.3464800235178609,-0.3464800235178609,True,-0.8662538342116225,-0.8662538342116225,-0.8662538342116225,0.39913750962069444,0.17312277192050357,0.20139939221380385,0.2592327855701366,0.451295903217716,0.2968376725085709,0.2592327855701366,0.2968376725085709,True,0.6415182472860007,0.5329393896668025,0.5842470774174667,,,,,safe-targeting control,,16796,0.0535841867111216,0.0714455822814956,0.0,2.7625625148844963,14723,27.20233648033689,31.62398967601712,0.0067920940025809,12.782720912857434,25702,24.60119835032293,28.67481129873162,0.0,10.882421601431796,41402,18.320370996570215,23.50128013139462,0.0,14.356794357760494,73080,19.035303776683087,41.4176245210728,0.0,25.06704980842912,0.37456254374562553,0.6299370062993701,0.9743077979783722,0.9879119614920229,0.37456254374562536,0.6299370062993701,0.9743077979783722,0.9879119614920229,0.9743077979783722,0.9743077979783722,0.9936709841464231,0.054915787113349934,0.9999999956433565,0.4916270465385613,0.9812747718400556,0.019198323747081168,1.0,0.1820143214654083,0.4916270465385613,0.1820143214654083,0.07481473305950577,0.995320086643503,0.26290037037732866,0.9999999999973488,0.02295853654672439,0.9776992655180227,0.13079408699346015,1.0,0.26290037037732866,0.13079408699346015,0.3539663926602192,0.8933001017185146,0.8749945536019875,0.9907989328795325,0.2057328498679754,0.796141084355849,0.7810433852521655,1.0,0.8749945536019875,0.7810433852521655
gRNA_14588,controlsgRNA,0.40859826967838836,1.4737170060972788,0.7384937309659522,-1.250528125234493,-0.5301874566836576,0.1680186849646937,0.40859826967838836,,False,0.8958377630629596,0.9076238053430072,,3443.7716523572826,-0.9977992835831963,-1.8512451560031637,-1.7351921543162938,-1.245701611006361,-1.0746198418927397,-1.3809116093603508,-1.245701611006361,-1.3809116093603508,True,-1.7338432855974961,-1.4658224410577498,-1.1899458072680862,0.11436888468081562,0.11436888468081562,0.11436888468081562,0.11436888468081562,True,0.37543467091634647,0.37543467091634647,0.37543467091634647,0.0,0.0,0.0,0.0,True,,,,-0.430458853685314,-0.430458853685314,-0.430458853685314,-0.430458853685314,True,-1.0469496792946937,-1.0469496792946937,-1.0469496792946937,-0.471366691286052,-0.16661729485758422,0.11187560237348021,-0.624759820306722,0.7395332334376742,-0.08226699412784078,-0.16661729485758422,,False,0.14167811855874704,-0.0020043998304346364,,,,,,safe-targeting control,,21896,0.0,0.0,0.479539641943734,3.617099013518451,24924,0.3089391750922805,0.3209757663296421,0.15246348900658,3.731343283582089,51729,0.0019331516170813,0.0019331516170813,0.1759167971544008,2.7470084478725667,69479,0.0028785676247499,0.0057571352494998,0.0129535543113746,4.848947163891248,74588,0.0013406982356411,0.0013406982356411,0.1662465812194991,2.874457017214566,0.2804719528047195,0.7236276372362764,0.9114056336301855,0.9879119614920229,0.28047195280471954,0.7236276372362763,0.9114056336301855,0.9879119614920229,0.9114056336301855,0.9114056336301855,0.9998991409867948,0.004235016187122379,0.9999999956433565,0.12248969895061648,0.9992401163398984,0.0007943690722387743,1.0,0.024890230930148263,0.12248969895061648,0.024890230930148263,0.2909636921775939,0.8010166481424241,0.568884536697284,0.9999999999973488,0.23888714119330234,0.7644583345562437,0.4881606798297918,1.0,0.568884536697284,0.4881606798297918,0.13447872028266789,0.8653451439856594,0.7223428403754732,0.9859690125412363,0.11323620252932615,0.8895359281868116,0.7483434114870964,1.0,0.7223428403754732,0.7483434114870964
gRNA_14589,controlsgRNA,-3.974224061211628,0.8366338698328979,-3.01669979604964,-0.7770183626453451,-1.964067910847028,-1.7790752521841486,-1.964067910847028,-2.4330025326884104,True,-1.1953500275914304,-1.6421361819601659,-0.8665463803104504,1006.8986293116434,-1.8695466834484689,-1.977583158397993,-1.1768947471921796,-0.8233103307180587,-2.242204816811682,-1.6179079473136764,-1.8695466834484689,-1.6179079473136764,True,-2.0855880983155526,-2.348632753922864,-1.4573354641266678,-0.04888415791577196,-0.04888415791577196,-0.04888415791577196,-0.04888415791577196,True,-0.23678588655786867,-0.23678588655786867,-0.23678588655786867,0.0,0.0,0.0,0.0,True,,,,0.3336919595011114,0.3336919595011114,0.3336919595011114,0.3336919595011114,True,0.597260851910719,0.597260851910719,0.597260851910719,-1.8940975269998266,-0.01746071964655289,-1.0974161788839685,-2.089007443693077,0.39936595150134985,-0.9397231835444149,-1.0974161788839685,-1.2744954673058562,True,-0.988856664615025,-1.1712541080393915,-0.8873414538461494,,,,,safe-targeting control,,6468,0.0,0.030921459492888,0.0,9.415584415584416,8434,69.94308750296419,98.51790372302584,0.1185677021579321,29.630068769267258,16026,48.68338949207538,97.16710345688256,0.0748783227255709,48.96418320229627,10803,7.016569471443118,99.88891974451542,0.0,92.87235027307229,24953,25.39975153288182,96.77794253196008,0.28854245982447,71.42628140904901,0.6034396560343965,0.40105989401059894,0.9985561443855614,0.9727487021412807,0.6034396560343965,0.40105989401059894,0.9985561443855614,0.9727487021412802,0.9727487021412807,0.9727487021412802,0.9999425168842488,0.0016337961476987726,0.9999999956433565,0.061430735153473845,0.9997286541382684,0.0003021929324726331,1.0,0.011362454260971004,0.061430735153473845,0.011362454260971004,0.7659288342223917,0.05085880961792445,0.9504595434574894,0.9999999999973488,0.9227833640446372,0.07981455428539247,0.9941734810337639,1.0,0.9504595434574894,0.9941734810337639,0.8249384316283935,0.09872009676909335,0.9917363304007057,0.9840937019657632,0.9074279629569174,0.09439709822664283,0.9918167876570679,0.9206266127436572,0.9840937019657632,0.9206266127436572
gRNA_14590,controlsgRNA,-1.7878690838567493,-3.312919377655947,0.3735910328626428,-0.14825602526218115,-0.7171878123776017,-1.1185282532579672,-0.7171878123776017,-1.4915580747881196,True,-0.485919530709227,-0.3021900023682461,-0.19076214181403442,985.5701159813225,-3.5032909060738504,-4.038291770549089,-3.3984482640803195,-4.1017043405049884,-3.3989437913811957,-3.6881358145178886,-3.5032909060738504,-3.6881358145178886,True,-5.158175294058885,-4.660562930226897,-3.793057289245445,0.366807760595446,0.366807760595446,0.366807760595446,0.366807760595446,True,1.3221139295842625,1.3221139295842625,1.3221139295842625,0.0,0.0,0.0,0.0,True,,,,-0.45462990230583405,-0.45462990230583405,-0.45462990230583405,-0.45462990230583405,True,-1.0989581205687613,-1.0989581205687613,-1.0989581205687613,-1.2983269097038612,-1.1631057145042907,-0.5649473531305322,-0.9622710044158161,-3.2760799954049356,-1.4529461954318872,-1.1631057145042907,-1.4529461954318872,True,-1.6655285151719397,-1.2537719018126234,-1.0544645407664204,,,,,safe-targeting control,,5961,0.1845327965106525,0.2180842140580439,0.0,3.187384667002181,6338,67.49763332281476,92.85263490059955,0.0,25.81255916692963,3652,71.46768893756845,95.72836801752464,0.0,24.45235487404162,26851,87.17738631708316,99.70950802577184,0.0,12.54701873300808,30469,60.51724703797302,75.4209196232236,0.0,15.727460697758378,0.0313968603139686,0.9733026697330267,0.7553426475534262,0.9879119614920229,0.0313968603139686,0.9733026697330267,0.7553426475534257,0.9879119614920229,0.7553426475534262,0.7553426475534257,0.9999999956433565,2.8079034157425786e-06,0.9999999956433565,0.0005278858421596048,0.9999998729468446,2.1564030766554552e-07,1.0,8.108075568224512e-05,0.0005278858421596048,8.108075568224512e-05,0.9982910542562108,0.012858506709861526,0.9999999989234004,0.6043498153634917,0.9961404077704212,0.004096657255321912,1.0,0.2200490182858627,0.6043498153634917,0.2200490182858627,0.7912081811344198,0.3144827880393151,0.9866557117120665,0.9840937019657632,0.7571840073661062,0.24573583759002476,0.9650887687106982,1.0,0.9840937019657632,0.9650887687106982
gRNA_14591,controlsgRNA,-0.5844516002404169,2.0800683842310415,-1.5408664993753138,0.2290093825762047,1.4453013318657837,0.3258121998114598,0.2290093825762047,,False,1.0653087194438253,0.7146305548571538,,3296.1590600994127,-0.2270628916518916,-0.261274135229007,0.016321360260910276,-0.13647722262219503,-0.0698329067866219,-0.13566515920576105,-0.13647722262219503,-0.1736617890724289,True,0.11432442526271704,0.10385370547927607,0.17212635796910836,-0.015742315705637756,-0.015742315705637756,-0.015742315705637756,-0.015742315705637756,True,-0.1124995835837215,-0.1124995835837215,-0.1124995835837215,0.0,0.0,0.0,0.0,True,,,,0.19880790519064448,0.19880790519064448,0.19880790519064448,0.19880790519064448,True,0.30703308696970755,0.30703308696970755,0.30703308696970755,0.75319771031634,0.29463252596968315,0.5684813721244021,-0.6422775626725096,-0.045245750755994775,0.18575765899638416,0.29463252596968315,,False,0.4950619961784239,0.5774077886337154,,,,,,safe-targeting control,,19228,0.0936134803411691,0.2548366964842937,0.1040149781568545,21.671520698980657,26682,33.61816955250731,97.97991155085826,0.0187392249456562,65.1113109961772,81043,24.164949471268336,91.42183778981529,0.0222104314993275,69.44214799550855,95098,19.949946371111903,93.70438915644914,0.0,76.17194893688615,78766,14.325978213950185,93.14678922377676,0.9458395754513368,82.43531472970571,0.5314468553144688,0.4728527147285271,0.9981029294330835,0.9778839374945756,0.5314468553144686,0.47285271472852713,0.998102929433084,0.9778839374945756,0.9778839374945756,0.9778839374945756,0.7384054141095281,0.7106711404577738,0.9999999956433565,0.999999193896047,0.5173166271938104,0.48449661189155313,0.9823790496205694,1.0,0.999999193896047,0.9823790496205694,0.06945454283826305,0.9500954651041313,0.24871341054463722,0.9999999999973488,0.0446787997466172,0.9568973479478166,0.18875537870480974,1.0,0.24871341054463722,0.18875537870480974,0.047116777909002074,0.8437511268153861,0.7124107290566989,0.9859690125412363,0.0650413615721065,0.9380430191903761,0.7425527611887905,1.0,0.7124107290566989,0.7425527611887905
gRNA_14592,controlsgRNA,-7.570879505891393,-7.994910634964345,-5.691357752730679,-7.388242735691467,-6.7469963510565885,-7.078477396066894,-7.388242735691467,-7.078477396066894,True,-6.886932159105277,-7.471166850515014,-4.201144259832899,26.028016267510168,-3.6899431777852674,-7.15302252886979,-7.5109781142077505,-3.0552803070111096,-0.32604754652612594,-4.347054334880009,-3.6899431777852674,-4.347054334880009,True,-6.136127837725945,-4.924696699435808,-4.5364780466247865,-0.31710386111533284,-0.31710386111533284,-0.31710386111533284,-0.31710386111533284,True,-1.2426453401190491,-1.2426453401190491,-1.2426453401190491,0.0,0.0,0.0,0.0,True,,,,-0.10326052034897444,-0.10326052034897444,-0.10326052034897444,-0.10326052034897444,True,-0.3429224948948782,-0.3429224948948782,-0.3429224948948782,-7.6385884309094125,-7.677257694372356,-7.906853774797071,-5.609714035139543,-6.513039013136654,-7.069090589671008,-7.6385884309094125,-7.069090589671008,True,-9.070276026918098,-9.388135196186978,-6.314109024213632,,,,,safe-targeting control,,197,0.0,0.0,0.0,1.015228426395939,33,48.48484848484848,48.48484848484848,0.0,0.0,226,28.31858407079646,47.34513274336283,0.0,20.35398230088496,0,0.0,0.0,0.0,0.0,1,0.0,0.0,0.0,0.0,0.9765023497650235,0.027897210278972105,0.9985561443855614,0.570779285707793,0.9765023497650235,0.027897210278972066,0.9985561443855614,0.5707792857077933,0.570779285707793,0.5707792857077933,0.9998289095396728,2.3128001644102467e-06,0.9999999956433565,0.0005278858421596048,1.0,1.0688758505349467e-06,1.0,0.00013396577326704666,0.0005278858421596048,0.00013396577326704666,0.9999999989234004,9.536149595698565e-07,0.9999999989234004,0.00017927961239913302,0.9999999658105271,6.65997865831564e-08,1.0,1.2520759877633403e-05,0.00017927961239913302,1.2520759877633403e-05,0.9999999983067213,1.3854261003132206e-06,0.9999999997953558,0.00026046010685888547,0.9999999470025951,9.953902555437399e-08,1.0,1.871333680422231e-05,0.00026046010685888547,1.871333680422231e-05
gRNA_14593,controlsgRNA,0.19710405822602928,-3.02249076526458,-0.3837705870350584,-0.04888503618677305,-0.29728722603473456,-0.7110659112590234,-0.29728722603473456,-0.9381084036302865,True,-0.0483031124755242,0.1490516103330796,0.2065130892746382,2590.0286187678867,-0.4559110613016678,-1.2782758015195217,0.6078808659609387,-0.20889520031570663,0.2368659298680246,-0.21966705346158655,-0.20889520031570663,,False,-0.010349360071453064,0.001374195150851456,,-0.04528881056966735,-0.04528881056966735,-0.04528881056966735,-0.04528881056966735,True,-0.223302857258471,-0.223302857258471,-0.223302857258471,0.0,0.0,0.0,0.0,True,,,,-0.4133255507673873,-0.4133255507673873,-0.4133255507673873,-0.4133255507673873,True,-1.0100842378060975,-1.0100842378060975,-1.0100842378060975,0.4414721619783226,0.3152831316217354,0.21367318161451623,-0.1746753812975509,0.7280613745514617,0.304762893693697,0.3152831316217354,0.424622462441509,True,0.6519674554493088,0.6033486390659296,0.7039203832050925,,,,,safe-targeting control,,15970,0.0125234815278647,0.0876643706950532,0.7138384470882906,18.196618659987475,14148,0.0070681368391292,55.49901046084253,0.0565450947130336,98.55810008481764,35579,0.005621293459625,63.118693611399976,0.0140532336490626,96.51198740830264,71826,0.0111380280121404,61.14359702614652,0.0,97.79327820009468,65311,0.0061245425732265,49.23979115309825,0.0,91.47923014499855,0.5870412958704131,0.4187581241875812,0.9985561443855614,0.9727487021412807,0.587041295870413,0.41875812418758124,0.9985561443855614,0.9727487021412802,0.9727487021412807,0.9727487021412802,0.5463570596670261,0.4408095713657332,0.9999999956433565,0.999999193896047,0.5572747121908056,0.44670631649078807,1.0,0.9880092647090372,0.999999193896047,0.9880092647090372,0.05286354129766922,0.9914749214126822,0.22846771871176585,0.9999999999973488,0.02017385113639434,0.9802858607216143,0.11885036257669475,1.0,0.22846771871176585,0.11885036257669475,0.6546593527503468,0.5812868634294619,0.9780765380247597,0.9840937019657632,0.5308478143165447,0.47152919298437046,0.9127546941314479,1.0,0.9780765380247597,0.9127546941314479
gRNA_14594,controlsgRNA,0.16668936295754747,-3.417411774090381,1.5062740198403903,0.6181370054245885,0.29480471508752565,-0.16630133415606582,0.29480471508752565,0.646476275827513,True,0.5367765340087441,0.7853367956109726,1.3439539037107564,1494.5624341015214,-1.5707457220780652,-3.58502553576298,-1.6666790465480807,-1.8701514845741436,-1.0927459443805567,-1.9570695466687653,-1.6666790465480807,-1.9570695466687653,True,-2.588964371031661,-2.0615524355656842,-1.8399924471599893,-0.24261887027899773,-0.24261887027899773,-0.24261887027899773,-0.24261887027899773,True,-0.9633167475980049,-0.9633167475980049,-0.9633167475980049,0.0,0.0,0.0,0.0,True,,,,-0.792764865198289,-0.792764865198289,-0.792764865198289,-0.792764865198289,True,-1.8265174679680165,-1.8265174679680165,-1.8265174679680165,-0.1451775116326642,-0.36959655146904546,-0.23664017374989493,-0.6547562289431857,-0.07781318149180455,-0.29679672945731894,-0.23664017374989493,-0.29679672945731894,True,-0.1411740327331593,-0.0899656470105125,0.02829522000312584,,,,,safe-targeting control,,10017,0.0,0.0099830288509533,0.1098133173604871,7.4074074074074066,8618,0.3713158505453702,0.4525411928521698,0.2784868879090276,7.101415641680204,18456,0.1192024273948851,0.135457303857824,0.0,6.285218899003034,49171,0.0061011571861463,0.0101685953102438,0.0,6.7153403428850345,72743,0.0027494054410733,0.00412410816161,0.0,6.819900196582489,0.9232076792320768,0.08139186081391861,0.9985561443855614,0.8500927685009277,0.9232076792320768,0.08139186081391864,0.9985561443855614,0.850092768500928,0.8500927685009277,0.850092768500928,0.9999888390215352,0.0005212876568456687,0.9999999956433565,0.021778239885996826,0.9999291380299162,8.170007270636638e-05,1.0,0.00383990341719922,0.021778239885996826,0.00383990341719922,0.7260429720628849,0.6815259461013025,0.9285447533865467,0.9999999999973488,0.5261934782644687,0.47631742860334286,0.7791668267418798,1.0,0.9285447533865467,0.7791668267418798,0.12332297428792471,0.7701193892381766,0.7124107290566989,0.9859690125412363,0.12778379745671337,0.8745486737151404,0.7483434114870964,1.0,0.7124107290566989,0.7483434114870964
gRNA_14595,controlsgRNA,-2.0338202281021815,-5.226373633538985,1.1021971809228612,-0.6587276230952903,-1.2663908492578786,-1.616623030614295,-1.2663908492578786,-2.296328083498584,True,-1.0208755988902587,-0.8923850916886581,-0.7684392240224837,3739.478837174273,-0.6976124607285468,-1.392983947700841,-0.4102342311208107,-0.9085717935372936,-0.4131908108776454,-0.7645186487930274,-0.6976124607285468,-0.7645186487930274,True,-0.8190062533131356,-0.6902152020030039,-0.49450425049347757,-0.24967236177759694,-0.24967236177759694,-0.24967236177759694,-0.24967236177759694,True,-0.9897682760272968,-0.9897682760272968,-0.9897682760272968,0.0,0.0,0.0,0.0,True,,,,-0.8256218505647774,-0.8256218505647774,-0.8256218505647774,-0.8256218505647774,True,-1.8972152941444607,-1.8972152941444607,-1.8972152941444607,-0.7683560324147012,-0.1478962778481953,-0.4870524829135299,-1.8105577986557908,-0.627099010510834,-0.7681923204686102,-0.627099010510834,-0.7681923204686102,True,-0.7626974631437965,-0.5804517109553374,-0.41317726463013005,,,,,safe-targeting control,,24736,0.052554980595084,0.0565976714100905,0.0,3.998221216041397,24534,91.84804760740197,99.76766935681096,0.0,7.968533463764571,63561,88.10434071207187,99.33292427746574,0.0,11.658092226365223,63911,89.44782588286836,99.90611944735647,0.0,10.467681619752469,78934,94.68543340005574,99.1144500468746,0.0,4.44928674588897,0.9337066293370663,0.07209279072092789,0.9985561443855614,0.8214208882142087,0.9337066293370663,0.07209279072092788,0.9985561443855614,0.8214208882142086,0.8214208882142087,0.8214208882142086,0.9911367988584514,0.07744233469569028,0.9999999956433565,0.5353214966536397,0.9723281489254684,0.028234885445003032,1.0,0.22587908356002426,0.5353214966536397,0.22587908356002426,0.9471678270515307,0.15377041476145847,0.9999999989234004,0.9999999999973488,0.9140079251058496,0.08775023530915749,0.9917372491975123,1.0,0.9999999989234004,0.9917372491975123,0.7326085011282364,0.0920651057189242,0.9866557117120665,0.9840937019657632,0.8812121898294357,0.12212936427960175,0.9918167876570679,0.977034914236814,0.9840937019657632,0.977034914236814
gRNA_14596,controlsgRNA,-0.3935463878758789,-1.7009539941322496,0.15995801440000315,0.667854586995758,1.247381612881109,-0.0038612335462516077,0.15995801440000315,,False,0.7112379447434164,0.6404252506768457,,2001.2652507907817,-0.49879456729083316,-1.325298939283947,0.8648460507500926,-0.0760162062751918,-0.9042502455373198,-0.38790278152743984,-0.49879456729083316,-0.701089989596823,True,-0.26004117038399766,-0.4088657220402224,-0.42294125688801015,0.044236960566736365,0.044236960566736365,0.044236960566736365,0.044236960566736365,True,0.11243065583063665,0.11243065583063665,0.11243065583063665,0.0,0.0,0.0,0.0,True,,,,0.5170917081451915,0.5170917081451915,0.5170917081451915,0.5170917081451915,True,0.9918790253621096,0.9918790253621096,0.9918790253621096,-1.141117275110723,0.09978377733872036,-0.10026224750166265,-0.5919079550931188,0.8411020624355863,-0.17848032758623952,-0.10026224750166265,,False,0.014823217489309199,0.08134939559257705,,,,,,safe-targeting control,,11151,0.1434848892476011,0.2869697784952022,0.4932293067886288,13.263384449825129,20758,40.273629444069755,90.57712689083726,0.0,56.272280566528565,85027,46.01126700930293,87.75565408634904,0.0082326790313665,48.25996448187047,29387,46.74856228944771,86.84792595365298,0.0,47.94296797903835,52120,53.13891020721412,95.65425940138142,0.0,43.51304681504221,0.39196080391960797,0.6122387761223876,0.9743077979783722,0.9879119614920229,0.391960803919608,0.6122387761223878,0.9743077979783722,0.9879119614920229,0.9743077979783722,0.9743077979783722,0.5692123415931587,0.23006039381504356,0.9999999956433565,0.8669330336007393,0.7280493572891382,0.2764534275343794,1.0,0.8050993502613227,0.8669330336007393,0.8050993502613227,0.2692941467498984,0.6194134744187629,0.5443795654729128,0.9999999999973488,0.31493979755523516,0.6902018935014458,0.5920868194038421,1.0,0.5443795654729128,0.5920868194038421,0.19416426877835055,0.830312553686765,0.7300576506065981,0.9859690125412363,0.15963950826867912,0.8429642269010338,0.7810433852521655,1.0,0.7300576506065981,0.7810433852521655
gRNA_14657,controlsgRNA,0.5398067854888852,-3.0991682605372204,0.2743896237743865,-0.45547021293209533,-0.5584905263094244,-0.6597865181030936,-0.45547021293209533,,False,0.006771190224463742,-0.020938021572777982,,4220.394637746648,0.15003373230625724,0.21014470529505236,0.29509782997700046,-0.0040958405665276676,0.5422370820853465,0.23868350181942583,0.21014470529505236,0.29937833741591413,True,0.6699245699767336,0.5943623688444589,0.7058309636789593,0.030019950026029685,0.030019950026029685,0.030019950026029685,0.030019950026029685,True,0.05911498109398598,0.05911498109398598,0.05911498109398598,0.0,0.0,0.0,0.0,True,,,,-0.18466621650659792,-0.18466621650659792,-0.18466621650659792,-0.18466621650659792,True,-0.5180817705414492,-0.5180817705414492,-0.5180817705414492,-0.5079549613213141,-0.20439479402324148,-0.16483407974347433,-1.6958542023382912,-1.1233131036124588,-0.7392702282077559,-0.5079549613213141,-0.7392702282077559,True,-0.7245643996629619,-0.43078549718951714,-0.3860910801713412,,,,,non-targeting control,,0,0.0,0.0,0.0,0.0,0,0.0,0.0,0.0,0.0,0,0.0,0.0,0.0,0.0,0,0.0,0.0,0.0,0.0,0,0.0,0.0,0.0,0.0,0.43125687431256876,0.5746425357464253,0.9955028739550289,0.9879119614920229,0.43125687431256876,0.5746425357464253,0.9955028739550288,0.9879119614920229,0.9879119614920229,0.9879119614920229,0.21408248196431123,0.9684525822050151,0.8410492477365105,0.999999193896047,0.09346579379640502,0.907680620435022,0.4624097166769512,1.0,0.8410492477365105,0.4624097166769512,0.9241841912680704,0.1607084739954775,0.9999999989234004,0.9999999999973488,0.8981456491142142,0.10350209559383078,0.9874349826518847,1.0,0.9999999989234004,0.9874349826518847,0.5621736455605186,0.5655562157158344,0.9483359320886435,0.9840937019657632,0.4929918927246017,0.5105641389463866,0.9127546941314479,1.0,0.9483359320886435,0.9127546941314479
gRNA_14658,controlsgRNA,-0.059904149883462786,-3.4293531345110417,-0.14632257615071947,-0.5996691615162246,-0.47518883447219207,-0.9420875713067283,-0.47518883447219207,-0.9420875713067283,True,-0.29642143160289713,-0.042128424428597905,0.203656777597929,2723.783702364814,0.41559418899094464,1.2774455626554,-0.4732370877083012,0.5362793329274015,0.7261007142310555,0.49643654221930006,0.5362793329274015,0.7388549497012004,True,1.0524760292352258,1.0558792187398784,1.2016677414585282,0.31291288732629513,0.31291288732629513,0.31291288732629513,0.31291288732629513,True,1.120001008238125,1.120001008238125,1.120001008238125,0.0,0.0,0.0,0.0,True,,,,0.9758149552109424,0.9758149552109424,0.9758149552109424,0.9758149552109424,True,1.9789061680659978,1.9789061680659978,1.9789061680659978,0.9674058538898989,0.18426233147432655,1.4498114157324549,0.09239398118523015,-0.5105599564718635,0.4366627251620095,0.18426233147432655,0.6734683955704777,True,0.8258741217142609,0.4387631040264191,0.9369701496520922,,,,,non-targeting control,,0,0.0,0.0,0.0,0.0,0,0.0,0.0,0.0,0.0,0,0.0,0.0,0.0,0.0,0,0.0,0.0,0.0,0.0,0,0.0,0.0,0.0,0.0,0.06229377062293771,0.9434056594340566,0.7553426475534262,0.9879119614920229,0.06229377062293768,0.9434056594340566,0.7553426475534257,0.9879119614920229,0.7553426475534262,0.7553426475534257,0.018592203771262965,0.9710362871226388,0.23340132564334026,0.999999193896047,0.013082251064678196,0.9875795600011406,0.15563589887800605,1.0,0.23340132564334026,0.15563589887800605,0.006304904596828526,0.9728344895293197,0.059266103210188145,0.9999999999973488,0.0069213078094583266,0.9939639705080175,0.05626539443068364,1.0,0.059266103210188145,0.05626539443068364,0.7855858190694835,0.4385169562819146,0.9866557117120665,0.9840937019657632,0.6818202369815716,0.32068245194471356,0.9641177804211494,1.0,0.9840937019657632,0.9641177804211494
gRNA_14659,controlsgRNA,0.5772517629347022,-3.860567631160641,-0.43763399569337147,0.6761251308665541,1.1471626337077763,-0.37953241986899605,0.5772517629347022,,False,0.3077653730558184,1.088865453390027,,2903.4493146558216,-0.017224184537439197,-0.053054321215573706,-0.17298544027283963,0.024172978307920007,-0.13325278813115102,-0.07046875116981671,-0.053054321215573706,-0.0941291835392509,True,0.21108751676250895,0.22190640949855675,0.261858529724326,-0.03160972960658003,-0.03160972960658003,-0.03160972960658003,-0.03160972960658003,True,-0.17200448976861882,-0.17200448976861882,-0.17200448976861882,0.0,0.0,0.0,0.0,True,,,,-0.08770117508032087,-0.08770117508032087,-0.08770117508032087,-0.08770117508032087,True,-0.3094437117699821,-0.3094437117699821,-0.3094437117699821,-0.8938555056395519,-0.01254868670103755,-0.2539846287450823,-0.6063350415515177,-1.5497261008644454,-0.663289992700327,-0.6063350415515177,-0.663289992700327,True,-0.6243863379320999,-0.554368455954086,-0.3149338950128548,,,,,non-targeting control,,0,0.0,0.0,0.0,0.0,0,0.0,0.0,0.0,0.0,0,0.0,0.0,0.0,0.0,0,0.0,0.0,0.0,0.0,0,0.0,0.0,0.0,0.0,0.5587441255874412,0.44605539446055387,0.9981029294330835,0.9727487021412807,0.5587441255874412,0.4460553944605539,0.998102929433084,0.9727487021412802,0.9727487021412807,0.9727487021412802,0.6601823469106255,0.7892357640074863,0.9999999956433565,0.999999193896047,0.42441802831477393,0.5771358831496056,0.9181815541016815,1.0,0.999999193896047,0.9181815541016815,0.8969303634225378,0.2168327394242337,0.9999999989234004,0.9999999999973488,0.858940570192115,0.1427216546502939,0.979540719064569,1.0,0.9999999989234004,0.979540719064569,0.1753623082458116,0.6366412957772856,0.7300576506065981,0.9840937019657632,0.2077243045883419,0.7954307847893617,0.7810433852521655,1.0,0.7300576506065981,0.7810433852521655
gRNA_14660,controlsgRNA,-1.0954112034704688,-3.935362654625603,-0.5727971030866901,0.4125776160285925,0.01573454908807044,-1.03505175921322,-0.5727971030866901,,False,-0.39626539444879194,-0.14702209206121628,,3028.28739267962,-0.4874073901503108,0.644791859181936,-0.08656893154799036,0.4200114740616458,0.003952311208893278,0.09895586455083479,0.003952311208893278,,False,0.46254384828703177,0.3025771484835159,,-0.3608841059089548,-0.3608841059089548,-0.3608841059089548,-0.3608841059089548,True,-1.406827063458453,-1.406827063458453,-1.406827063458453,0.0,0.0,0.0,0.0,True,,,,0.5661883664301325,0.5661883664301325,0.5661883664301325,0.5661883664301325,True,1.0975194842951808,1.0975194842951808,1.0975194842951808,0.11169918679165337,-0.32553515969725966,-0.7150512109820709,-0.8164762687196481,-1.2239982505807463,-0.5938723406376143,-0.7150512109820709,-0.7702652224949312,True,-0.5328608801981607,-0.6909353895481605,-0.41511858361022064,,,,,non-targeting control,,0,0.0,0.0,0.0,0.0,0,0.0,0.0,0.0,0.0,0,0.0,0.0,0.0,0.0,0,0.0,0.0,0.0,0.0,0,0.0,0.0,0.0,0.0,0.9913008699130087,0.0126987301269873,0.9985561443855614,0.570779285707793,0.9913008699130087,0.012698730126987308,0.9985561443855614,0.5707792857077933,0.570779285707793,0.5707792857077933,0.30130041078848246,0.85588581088806,0.9999999956433565,0.999999193896047,0.20448188764015568,0.7977619652133171,0.6803999093159162,1.0,0.999999193896047,0.6803999093159162,0.88092452519836,0.26695608391539394,0.9999999989234004,0.9999999999973488,0.8306056000592688,0.17168191314489922,0.9668969214312231,1.0,0.9999999989234004,0.9668969214312231,0.7212835047160988,0.3177577792091463,0.9866557117120665,0.9840937019657632,0.7109632640664929,0.29219002848312703,0.9641177804211494,1.0,0.9840937019657632,0.9641177804211494
gRNA_14661,controlsgRNA,-1.9499137958317476,-0.512040997085757,-0.5064527925202946,0.12627594992710098,0.5214039304230914,-0.46414554101752137,-0.5064527925202946,,False,0.21689049408924146,-0.07572589799233549,,3509.6851935532463,0.1578012997112304,-0.4494618065421667,0.7803140996398058,-0.0020746821015502548,0.5057105881861749,0.19845789977869882,0.1578012997112304,,False,0.6102226058937562,0.5202906156141445,,0.06588791543896026,0.06588791543896026,0.06588791543896026,0.06588791543896026,True,0.1936246075689613,0.1936246075689613,0.1936246075689613,0.0,0.0,0.0,0.0,True,,,,0.09094982169103137,0.09094982169103137,0.09094982169103137,0.09094982169103137,True,0.0749566516568897,0.0749566516568897,0.0749566516568897,-0.6465386549610113,0.033368801941340405,-0.3108875099448232,-0.6788711395353789,0.20156592703427414,-0.2802725150931198,-0.3108875099448232,,False,-0.11938726469308276,-0.18323356736477822,,,,,,non-targeting control,,0,0.0,0.0,0.0,0.0,0,0.0,0.0,0.0,0.0,0,0.0,0.0,0.0,0.0,0,0.0,0.0,0.0,0.0,0,0.0,0.0,0.0,0.0,0.32036796320367955,0.6852314768523148,0.919553157466208,0.9879119614920229,0.3203679632036796,0.6852314768523148,0.919553157466208,0.9879119614920229,0.919553157466208,0.919553157466208,0.19200595126893616,0.9076183382005859,0.7901556906208714,0.999999193896047,0.12344450060062867,0.8784295615792365,0.4909847379262385,1.0,0.7901556906208714,0.4909847379262385,0.6452883863272247,0.6492100297721972,0.8887488397766905,0.9999999999973488,0.5000183459404421,0.5027749130022753,0.7673750941779848,1.0,0.8887488397766905,0.7673750941779848,0.5774222787532933,0.6516496107408605,0.9483359320886435,0.9840937019657632,0.4591965644511236,0.5436430249550783,0.9087258328085392,1.0,0.9483359320886435,0.9087258328085392
gRNA_14662,controlsgRNA,-0.44506380124655776,1.691728027729393,1.2196709934105305,0.3316298917675944,-1.643588574337762,0.2308753074646396,0.3316298917675944,,False,0.9633460630097693,0.8249105724848085,,5864.618165386353,0.0905821508755213,0.11828076336121973,0.04541278876727633,0.040258702545235295,0.18904132227897122,0.09671514556564478,0.0905821508755213,0.09671514556564478,True,0.4592182218802867,0.4251680275942066,0.47717746719590076,-0.14966284608847913,-0.14966284608847913,-0.14966284608847913,-0.14966284608847913,True,-0.614719330696352,-0.614719330696352,-0.614719330696352,0.0,0.0,0.0,0.0,True,,,,0.15345507708518438,0.15345507708518438,0.15345507708518438,0.15345507708518438,True,0.20944816485204437,0.20944816485204437,0.20944816485204437,0.37859715478217126,0.14580267857038498,0.376809861213882,-1.068814986984433,-0.2366880001639458,-0.0808586585163881,0.14580267857038498,,False,0.14353497423811754,0.3904509082261534,,,,,,non-targeting control,,0,0.0,0.0,0.0,0.0,0,0.0,0.0,0.0,0.0,0,0.0,0.0,0.0,0.0,0,0.0,0.0,0.0,0.0,0,0.0,0.0,0.0,0.0,0.8109189081091891,0.19388061193880612,0.9985561443855614,0.85727690967167,0.810918908109189,0.19388061193880612,0.9985561443855614,0.8572769096716699,0.85727690967167,0.8572769096716699,0.42733420615669226,0.9209914700426581,0.9999999956433565,0.999999193896047,0.2172972959796743,0.7849570997209053,0.7036971024049912,1.0,0.999999193896047,0.7036971024049912,0.28568745418507213,0.7795907434653759,0.5657547458718997,0.9999999999973488,0.22621531941700473,0.7770229731951706,0.4821626391340823,1.0,0.5657547458718997,0.4821626391340823,0.0783686177978575,0.8563722894266325,0.7124107290566989,0.9859690125412363,0.0810697921079967,0.9204213992204935,0.7483434114870964,1.0,0.7124107290566989,0.7483434114870964
gRNA_14663,controlsgRNA,-1.1748798491529118,-3.5224908485356545,0.2424125958684653,-0.6774737203699797,0.32129693994516995,-0.962226976448982,-0.6774737203699797,,False,-0.3180512448034833,-0.2595116839582423,,5045.217653261033,0.6356961089213505,0.8103038184907242,0.7172601976881157,0.8405846376918773,0.30646629566544054,0.6620622116915016,0.7172601976881157,0.6620622116915016,True,1.2982940473232338,1.3119873149640922,1.1150268083412906,0.15240888793289564,0.15240888793289564,0.15240888793289564,0.15240888793289564,True,0.5180897273054529,0.5180897273054529,0.5180897273054529,0.0,0.0,0.0,0.0,True,,,,-0.22069415671532816,-0.22069415671532816,-0.22069415671532816,-0.22069415671532816,True,-0.5956024872463354,-0.5956024872463354,-0.5956024872463354,0.8868255424001562,0.8935685593830404,-0.037414399389898184,-0.7784916323058894,0.039587367635382106,0.20081508754455824,0.039587367635382106,,False,0.5149148433897166,0.2570254997417193,,,,,,non-targeting control,,0,0.0,0.0,0.0,0.0,0,0.0,0.0,0.0,0.0,0,0.0,0.0,0.0,0.0,0,0.0,0.0,0.0,0.0,0,0.0,0.0,0.0,0.0,0.21237876212378756,0.7931206879312069,0.9114056336301855,0.9879119614920229,0.21237876212378753,0.7931206879312068,0.9114056336301855,0.9879119614920229,0.9114056336301855,0.9114056336301855,0.010875568580370797,0.9995438807039929,0.16961724540591652,0.999999193896047,0.0024826673043877325,0.9976526631168581,0.049130679286830924,1.0,0.16961724540591652,0.049130679286830924,0.03662573024679283,0.9138108985893539,0.18609830503775818,0.9999999999973488,0.03793013897084875,0.963988540454168,0.17043902756099163,1.0,0.18609830503775818,0.17043902756099163,0.7118992124472664,0.3751594233662893,0.9866557117120665,0.9840937019657632,0.6800888104936164,0.3232522540722428,0.9641177804211494,1.0,0.9840937019657632,0.9641177804211494
gRNA_14664,controlsgRNA,0.3487090648314215,2.449607885370463,0.9530464396165644,-0.3124213008765234,1.5368529128215984,0.9951590003527049,0.9530464396165644,1.3220540756600119,True,1.7841902434934946,1.4927091284546579,1.8288947041729782,3463.5336647085405,0.1908941319056234,-0.005863017282375307,0.5463622719980353,0.29403840151986665,0.1414788837370375,0.23338213437563754,0.1908941319056234,0.2931934222901407,True,0.6620563956632884,0.5671206617805121,0.6988528713275673,-0.0886756807222154,-0.0886756807222154,-0.0886756807222154,-0.0886756807222154,True,-0.38600937353144604,-0.38600937353144604,-0.38600937353144604,0.0,0.0,0.0,0.0,True,,,,0.18444020764783095,0.18444020764783095,0.18444020764783095,0.18444020764783095,True,0.2761183523369449,0.2761183523369449,0.2761183523369449,-0.7401549852690092,-0.49183136949864725,-0.24826813000225123,-0.3849787908027904,0.7025343852212419,-0.23253977807029128,-0.3849787908027904,-0.46630831889317453,True,-0.05645283122994374,-0.2763054543327372,-0.13045616416199893,,,,,non-targeting control,,0,0.0,0.0,0.0,0.0,0,0.0,0.0,0.0,0.0,0,0.0,0.0,0.0,0.0,0,0.0,0.0,0.0,0.0,0,0.0,0.0,0.0,0.0,0.7168283171682832,0.2887711228877113,0.9985561443855614,0.9441560191806908,0.7168283171682832,0.28877112288771123,0.9985561443855614,0.9441560191806907,0.9441560191806908,0.9441560191806907,0.21959452151408407,0.9665801136544183,0.8410492477365105,0.999999193896047,0.09718189649304709,0.9040321948775263,0.46836116971017305,1.0,0.8410492477365105,0.46836116971017305,0.4541253293871549,0.6356486217694186,0.7359962234895269,0.9999999999973488,0.42499004807278207,0.5785662641888134,0.6944403194873062,1.0,0.7359962234895269,0.6944403194873062,0.004959807546672438,0.9954932183874146,0.26641251964983387,0.9997934568416044,0.002580771068776547,0.9978099645372317,0.1554546599861347,1.0,0.26641251964983387,0.1554546599861347
gRNA_14665,controlsgRNA,0.43760986497942844,1.6754916848173234,-0.016970061771402704,0.10920878258577123,-0.27412833537848347,0.3862423870465273,0.10920878258577123,,False,1.13021101682244,0.5858881389127091,,5473.2339207712,0.1359576051221994,0.1748883592871945,-0.04682591126164795,-0.32125003233299865,-0.23166025829720935,-0.0577780474964924,-0.04682591126164795,,False,0.2299227832707743,0.2307203038177872,,0.19173872029695116,0.19173872029695116,0.19173872029695116,0.19173872029695116,True,0.6655818138988382,0.6655818138988382,0.6655818138988382,0.0,0.0,0.0,0.0,True,,,,-0.6743154700000543,-0.6743154700000543,-0.6743154700000543,-0.6743154700000543,True,-1.5716518843174028,-1.5716518843174028,-1.5716518843174028,-0.16440792667611154,0.4152959412869398,0.03268824235625918,-0.5597836240650509,-1.211371027742922,-0.2975156789681771,-0.16440792667611154,,False,-0.14212194988554927,0.000770961362886119,,,,,,non-targeting control,,0,0.0,0.0,0.0,0.0,0,0.0,0.0,0.0,0.0,0,0.0,0.0,0.0,0.0,0,0.0,0.0,0.0,0.0,0,0.0,0.0,0.0,0.0,0.16798320167983202,0.8367163283671633,0.9023097690230978,0.9879119614920229,0.1679832016798321,0.8367163283671633,0.9023097690230982,0.9879119614920229,0.9023097690230978,0.9023097690230982,0.6203226344623779,0.779877264662637,0.9999999956433565,0.999999193896047,0.40937211616616215,0.593474794396952,0.9181815541016815,1.0,0.999999193896047,0.9181815541016815,0.5262622101215182,0.555292379896298,0.7957873252986167,0.9999999999973488,0.4820921054962959,0.5216144580891963,0.7529229339586727,1.0,0.7957873252986167,0.7529229339586727,0.10496062710487909,0.9714690403459726,0.7124107290566989,0.9997934568416044,0.053841041660705205,0.9475253518417316,0.7329365054482682,1.0,0.7124107290566989,0.7329365054482682
gRNA_14666,controlsgRNA,-0.31053253802766584,-1.9385451554968116,0.670693091434861,-0.5309498314382363,0.18014628769660254,-0.3858376291662501,-0.31053253802766584,,False,0.30099354944301127,0.13481767940081324,,4688.175930109956,0.8018887740125057,1.3454160313187784,0.8296627450788366,0.7435717037930598,0.9575679468239096,0.9356214402054182,0.8296627450788366,0.9356214402054182,True,1.704304707369272,1.4710494481959717,1.4236683210098964,0.13822007958294732,0.13822007958294732,0.13822007958294732,0.13822007958294732,True,0.4648798145238228,0.4648798145238228,0.4648798145238228,0.0,0.0,0.0,0.0,True,,,,0.17021420599204592,0.17021420599204592,0.17021420599204592,0.17021420599204592,True,0.24550850237571623,0.24550850237571623,0.24550850237571623,-0.3606388541744964,-0.08145260285925235,-0.23280212386184487,-0.7610127509889976,-0.4213637552554761,-0.3714540174280134,-0.3606388541744964,-0.3714540174280134,True,-0.2396078208497507,-0.24573014500560383,-0.041622995281186216,,,,,non-targeting control,,0,0.0,0.0,0.0,0.0,0,0.0,0.0,0.0,0.0,0,0.0,0.0,0.0,0.0,0,0.0,0.0,0.0,0.0,0,0.0,0.0,0.0,0.0,0.23487651234876505,0.7702229777022298,0.9114056336301855,0.9879119614920229,0.2348765123487651,0.7702229777022298,0.9114056336301855,0.9879119614920229,0.9114056336301855,0.9114056336301855,0.0006036067504348984,0.9999890004268948,0.028369517270440226,0.999999193896047,9.341747860449918e-05,0.9999164264588963,0.007024994391058338,1.0,0.028369517270440226,0.007024994391058338,0.7975277880059305,0.5778780512378017,0.973287963135798,0.9999999999973488,0.6256243839842973,0.3765746276988712,0.8464844150889458,1.0,0.973287963135798,0.8464844150889458,0.502923883708578,0.6896967273866599,0.9483359320886435,0.9840937019657632,0.3980062072343865,0.6046350822375358,0.8829007738803286,1.0,0.9483359320886435,0.8829007738803286
gRNA_14667,controlsgRNA,-0.5908721394140614,-0.24535943835990737,-0.27689468907196146,-1.3597339766886796,-0.1375220388576526,-0.5220764564784525,-0.27689468907196146,-0.5220764564784525,True,0.15467242602277503,0.1709662290915286,0.5051476292487,4275.583672239795,-0.009594816851885957,0.13424258736712893,-0.12779153722229822,0.11975876857665692,-0.22039335086007336,-0.020755669798094338,-0.009594816851885957,,False,0.284870591419881,0.28340645228014066,,-0.04618181960345379,-0.04618181960345379,-0.04618181960345379,-0.04618181960345379,True,-0.22665175955026617,-0.22665175955026617,-0.22665175955026617,0.0,0.0,0.0,0.0,True,,,,0.0816131669957489,0.0816131669957489,0.0816131669957489,0.0816131669957489,True,0.05486712782036045,0.05486712782036045,0.05486712782036045,-0.9431334622659625,-0.8648986744610013,-0.6274252752881854,-0.8775298292920986,-1.5688851591527153,-0.9763744800919927,-0.8775298292920986,-0.9763744800919927,True,-1.0371804928255914,-0.8950375649046677,-0.6081445002550605,,,,,non-targeting control,,0,0.0,0.0,0.0,0.0,0,0.0,0.0,0.0,0.0,0,0.0,0.0,0.0,0.0,0,0.0,0.0,0.0,0.0,0,0.0,0.0,0.0,0.0,0.5931406859314068,0.4130586941305867,0.9985561443855614,0.9727487021412807,0.5931406859314069,0.41305869413058693,0.9985561443855614,0.9727487021412802,0.9727487021412807,0.9727487021412802,0.5846928272898864,0.8278034275466876,0.9999999956433565,0.999999193896047,0.35965232521747464,0.6429057959707807,0.8644504027850551,1.0,0.999999193896047,0.8644504027850551,0.9949466015625814,0.06216451073457028,0.9999999989234004,0.9999999999973488,0.9803446609046491,0.020140988064563714,1.0,0.6525772433264331,0.9999999989234004,0.6525772433264331,0.7542260636923551,0.6219575562606441,0.9866557117120665,0.9840937019657632,0.5748650021306523,0.42781833173272515,0.9197840034090436,1.0,0.9840937019657632,0.9197840034090436
gRNA_14668,controlsgRNA,-0.8819713391639405,-1.4924478937971923,-0.0772885361054718,0.10359757696506361,1.1417234340509474,-0.2412773516101187,-0.0772885361054718,,False,0.4562519484710818,0.3854708173184184,,2719.8071998795,-0.9054705650539583,-0.9017650288530185,-0.7578174333123538,-1.0850907708924618,-0.4408857246722856,-0.8182059045568156,-0.9017650288530185,-0.8182059045568156,True,-0.8986877112084857,-0.979113841263966,-0.5550765657466585,0.1146084503072142,0.1146084503072142,0.1146084503072142,0.1146084503072142,True,0.37633307378230607,0.37633307378230607,0.37633307378230607,0.0,0.0,0.0,0.0,True,,,,-0.0020646842013858596,-0.0020646842013858596,-0.0020646842013858596,-0.0020646842013858596,True,-0.12518110584343448,-0.12518110584343448,-0.12518110584343448,-0.6357229545407387,0.25716018856735096,-0.16165033251852184,-0.5100569223430471,0.25755049580085404,-0.15854390500682053,-0.16165033251852184,,False,0.0411088976864746,0.004234992336121662,,,,,,non-targeting control,,0,0.0,0.0,0.0,0.0,0,0.0,0.0,0.0,0.0,0,0.0,0.0,0.0,0.0,0,0.0,0.0,0.0,0.0,0,0.0,0.0,0.0,0.0,0.27647235276472354,0.7272272772722728,0.9114056336301855,0.9879119614920229,0.2764723527647236,0.7272272772722728,0.9114056336301855,0.9879119614920229,0.9114056336301855,0.9114056336301855,0.9957688959070936,0.06485594693019191,0.9999999956433565,0.5188475754415353,0.9807095459445664,0.019699374155410686,1.0,0.1820143214654083,0.5188475754415353,0.1820143214654083,0.4807327649134038,0.7724790671687283,0.7637907330612553,0.9999999999973488,0.34193659873656634,0.660871709253698,0.6241172870143152,1.0,0.7637907330612553,0.6241172870143152,0.38835015319404786,0.709821453537551,0.8749945536019875,0.9859690125412363,0.3334222079688853,0.6703499165535417,0.8639456274350743,1.0,0.8749945536019875,0.8639456274350743
gRNA_14669,controlsgRNA,0.15210699895407317,-3.5489851045597804,-2.081019725546567,0.3591022759016295,-0.7653441114623021,-1.1768279333425895,-0.7653441114623021,,False,-0.5485336536675377,-0.35394064708624134,,3096.6109353818347,-0.24651760615226825,-1.1417404397157265,0.3970572904647428,-0.1808050647047635,-0.12777136605500364,-0.25995543723260384,-0.1808050647047635,-0.42420861915694047,True,-0.07014450343371284,0.04112486803834375,-0.11055155807741213,0.2030033990516616,0.2030033990516616,0.2030033990516616,0.2030033990516616,True,0.7078258529518715,0.7078258529518715,0.7078258529518715,0.0,0.0,0.0,0.0,True,,,,-0.23786728090515674,-0.23786728090515674,-0.23786728090515674,-0.23786728090515674,True,-0.6325536115000314,-0.6325536115000314,-0.6325536115000314,-0.08617994988193736,0.16058778930935322,0.16890599718040933,-0.6606664609771842,-1.367230252559666,-0.356916575385805,-0.08617994988193736,,False,-0.22044056298871406,0.09903927754811745,,,,,,non-targeting control,,0,0.0,0.0,0.0,0.0,0,0.0,0.0,0.0,0.0,0,0.0,0.0,0.0,0.0,0,0.0,0.0,0.0,0.0,0,0.0,0.0,0.0,0.0,0.13938606139386064,0.8658134186581342,0.8318914140332,0.9879119614920229,0.13938606139386067,0.8658134186581342,0.8318914140332002,0.9879119614920229,0.8318914140332,0.8318914140332002,0.7062519869682932,0.47224779169223763,0.9999999956433565,0.999999193896047,0.6245886039447248,0.37829886416061703,1.0,0.9447970845319791,0.999999193896047,0.9447970845319791,0.6033843931823607,0.48974226880028915,0.8559547628619044,0.9999999999973488,0.5525705356214408,0.45090259254138493,0.793001990052144,1.0,0.8559547628619044,0.793001990052144,0.7543618065863623,0.2923741529852967,0.9866557117120665,0.9840937019657632,0.7487297656462117,0.2534575569031027,0.9641177804211494,1.0,0.9840937019657632,0.9641177804211494
gRNA_14670,controlsgRNA,0.38723619733073045,-2.91686173927503,0.44382785085227605,-0.6341439844745003,-0.5082798560127577,-0.6456443063158563,-0.5082798560127577,,False,0.021959990342461586,-0.07768933196614176,,3747.913842446151,0.5829232234729493,0.5240093378556164,-0.38724139555433484,0.29011382308705175,0.826001930606966,0.3671613838936498,0.5240093378556164,0.5557620787556459,True,0.8606086495658052,1.0385158080684234,0.9950943388558849,0.24366403968881584,0.24366403968881584,0.24366403968881584,0.24366403968881584,True,0.8603086470376807,0.8603086470376807,0.8603086470376807,0.0,0.0,0.0,0.0,True,,,,0.10237493004031735,0.10237493004031735,0.10237493004031735,0.10237493004031735,True,0.09953986631019396,0.09953986631019396,0.09953986631019396,1.1754172435009715,0.3835971864494709,0.8818429780887358,-0.12831667954717485,-0.05014957616217791,0.45247823046596514,0.3835971864494709,,False,0.8467264743828642,0.6891632978978974,,,,,,non-targeting control,,0,0.0,0.0,0.0,0.0,0,0.0,0.0,0.0,0.0,0,0.0,0.0,0.0,0.0,0,0.0,0.0,0.0,0.0,0,0.0,0.0,0.0,0.0,0.11968803119688032,0.8862113788621138,0.8143830778212503,0.9879119614920229,0.11968803119688043,0.8862113788621138,0.8143830778212504,0.9879119614920229,0.8143830778212503,0.8143830778212504,0.07046591177207234,0.969464684607198,0.4999091099301736,0.999999193896047,0.03651102448797873,0.9643168489080806,0.2640027924515385,1.0,0.4999091099301736,0.2640027924515385,0.009981105565062008,0.9931837035950832,0.08024248941372644,0.9999999999973488,0.005256911308479181,0.9950882544516414,0.0494149662997043,1.0,0.08024248941372644,0.0494149662997043,0.5702834199386365,0.5655731570810013,0.9483359320886435,0.9840937019657632,0.4988204217178268,0.5049970049592756,0.9127546941314479,1.0,0.9483359320886435,0.9127546941314479
gRNA_14671,controlsgRNA,0.701394354993326,2.1349582447285735,0.5906758605582957,-1.16288992219424,-1.6354957932446517,0.12572854896826074,0.5906758605582957,,False,0.8504179636513538,1.1032915143619548,,2778.1292363307725,-0.21292153297865427,-0.7286931138559948,0.9277969671213718,-0.409552550239619,0.2214501292003012,-0.040384020150519,-0.21292153297865427,,False,0.25573862052825597,-0.004323514352505533,,0.002682537720757144,0.002682537720757144,0.002682537720757144,0.002682537720757144,True,-0.04340394005588705,-0.04340394005588705,-0.04340394005588705,0.0,0.0,0.0,0.0,True,,,,-0.04663998065854914,-0.04663998065854914,-0.04663998065854914,-0.04663998065854914,True,-0.22109302611065898,-0.22109302611065898,-0.22109302611065898,0.48309034135977236,-0.13693059389381504,-0.21855909410863664,-1.7237370882619059,-1.1333004548833825,-0.5458873779575935,-0.21855909410863664,-0.8031318077869349,True,-0.4695938934428718,-0.06725258035620729,-0.4458988737676739,,,,,non-targeting control,,0,0.0,0.0,0.0,0.0,0,0.0,0.0,0.0,0.0,0,0.0,0.0,0.0,0.0,0,0.0,0.0,0.0,0.0,0,0.0,0.0,0.0,0.0,0.49265073492650746,0.5123487651234877,0.9981029294330835,0.9778839374945756,0.49265073492650735,0.5123487651234877,0.998102929433084,0.9778839374945756,0.9778839374945756,0.9778839374945756,0.34300142853098026,0.6476657774698856,0.9999999956433565,0.999999193896047,0.35225096359150393,0.6512345528419492,0.8600413137039317,1.0,0.999999193896047,0.8600413137039317,0.6164514455091978,0.24492703270961322,0.8616570390760534,0.9999999999973488,0.7124453807174604,0.2916106182783806,0.8959179369557362,1.0,0.8616570390760534,0.8959179369557362,0.07115357978283093,0.7589991848926625,0.7124107290566989,0.9859690125412363,0.10968451812873425,0.8925234552326573,0.7483434114870964,1.0,0.7124107290566989,0.7483434114870964
gRNA_14672,controlsgRNA,-2.564787892164511,1.5218229272314723,-2.616035137180957,-0.8174235819743992,0.12042617038863611,-0.871199502739952,-0.8174235819743992,,False,-0.22028732186036246,-0.40990728544506644,,2306.732941708088,-0.061104870122491724,-1.0299737307558952,-0.40673610079079753,-0.16151739338710433,-1.0883302316847592,-0.5495324653482095,-0.40673610079079753,-0.5495324653482095,True,-0.4999284334370325,-0.27859273087169667,-0.2519474147335631,-0.08175613440491707,-0.08175613440491707,-0.08175613440491707,-0.08175613440491707,True,-0.3600601572934781,-0.3600601572934781,-0.3600601572934781,0.0,0.0,0.0,0.0,True,,,,0.15861636059361345,0.15861636059361345,0.15861636059361345,0.15861636059361345,True,0.22055361230123208,0.22055361230123208,0.22055361230123208,-2.0003593338693144,-0.37644208667984963,-1.4019017520549095,-1.3642518431428918,-2.073537783036272,-1.4432985597566474,-1.4019017520549095,-1.4432985597566474,True,-1.6528083460940677,-1.553742391699461,-1.0454293147829798,,,,,non-targeting control,,0,0.0,0.0,0.0,0.0,0,0.0,0.0,0.0,0.0,0,0.0,0.0,0.0,0.0,0,0.0,0.0,0.0,0.0,0,0.0,0.0,0.0,0.0,0.6863313668633135,0.31916808319168083,0.9985561443855614,0.9546052913505642,0.6863313668633136,0.31916808319168083,0.9985561443855614,0.9546052913505642,0.9546052913505642,0.9546052913505642,0.9410120648441949,0.20204838091457913,0.9999999956433565,0.8632976275441109,0.8919664411934003,0.10944974440076544,1.0,0.4706591802323885,0.8632976275441109,0.4706591802323885,0.99830972436855,0.006379867379855024,0.9999999989234004,0.3998050224709149,0.9980790915904935,0.002059375049739386,1.0,0.12905416978366818,0.3998050224709149,0.12905416978366818,0.42648059566463603,0.3635438209309691,0.8881553689271336,0.9840937019657632,0.5661421285393111,0.4390176888855548,0.9197840034090436,1.0,0.8881553689271336,0.9197840034090436
gRNA_14673,controlsgRNA,-0.8752746499154966,-3.892602967867997,-0.5144493953210397,-0.9246401228842008,0.7771520709053631,-1.0859630130166742,-0.8752746499154966,-1.5517417839971837,True,-0.4509443138010798,-0.4720763084073708,-0.23396299318284092,4097.605061003163,-0.31093585997503226,-0.37477870100479477,0.1419169785392093,-0.05319445797450071,-1.0396568149908059,-0.3273297710811849,-0.31093585997503226,-0.4446414584862834,True,-0.17014002507860934,-0.143024711978725,-0.13360478305169649,0.08556804163107586,0.08556804163107586,0.08556804163107586,0.08556804163107586,True,0.2674276904203663,0.2674276904203663,0.2674276904203663,0.0,0.0,0.0,0.0,True,,,,0.19998530694651753,0.19998530694651753,0.19998530694651753,0.19998530694651753,True,0.30956648264639836,0.30956648264639836,0.30956648264639836,-0.1240303724099163,-0.292067226383712,0.36742268614033574,-0.37836727620505495,0.8178027611543498,0.07815211445920046,-0.1240303724099163,,False,0.35318674650017,0.051492383953893286,,,,,,non-targeting control,,0,0.0,0.0,0.0,0.0,0,0.0,0.0,0.0,0.0,0,0.0,0.0,0.0,0.0,0,0.0,0.0,0.0,0.0,0,0.0,0.0,0.0,0.0,0.29577042295770417,0.7085291470852915,0.9114056336301855,0.9879119614920229,0.29577042295770417,0.7085291470852915,0.9114056336301855,0.9879119614920229,0.9114056336301855,0.9114056336301855,0.8322181620933279,0.4210915666450411,0.9999999956433565,0.999999193896047,0.7235181438271056,0.2783588179094999,1.0,0.8050993502613227,0.999999193896047,0.8050993502613227,0.1487432451375666,0.9194597686620564,0.3872325788263485,0.9999999999973488,0.10257743259193458,0.8998052440243003,0.3135700378420114,1.0,0.3872325788263485,0.3135700378420114,0.7294589976539769,0.27143016590544244,0.9866557117120665,0.9840937019657632,0.7545377211786468,0.24984107763750835,0.9649870175618068,1.0,0.9840937019657632,0.9649870175618068
gRNA_14674,controlsgRNA,-1.5486672239271526,2.133247578110798,-0.25348594780845446,-0.4328822667590299,-1.3091245461343652,-0.2821824813036409,-0.4328822667590299,-0.8860399961572505,True,0.4123196521610815,0.0033358698916698907,0.24388864425147086,3250.248531405332,0.14954651160964452,1.0560014341868291,0.06062460429803784,0.07485243870534607,-0.19499139152598774,0.22920671945477394,0.07485243870534607,0.3352562471999644,True,0.6558593356072441,0.4029087315996563,0.7463099941517832,-0.3411985233021482,-0.3411985233021482,-0.3411985233021482,-0.3411985233021482,True,-1.3330035183284232,-1.3330035183284232,-1.3330035183284232,0.0,0.0,0.0,0.0,True,,,,-0.03635485163409574,-0.03635485163409574,-0.03635485163409574,-0.03635485163409574,True,-0.1989626859147282,-0.1989626859147282,-0.1989626859147282,-1.4775158282185157,-1.611621215575195,-0.8279109786298048,-2.6010751168656703,-1.2872465590642719,-1.5610739396706914,-1.4775158282185157,-1.5610739396706914,True,-1.8080922722441943,-1.6487271816557414,-1.1557285848455912,,,,,non-targeting control,,0,0.0,0.0,0.0,0.0,0,0.0,0.0,0.0,0.0,0,0.0,0.0,0.0,0.0,0,0.0,0.0,0.0,0.0,0,0.0,0.0,0.0,0.0,0.9819018098190181,0.0235976402359764,0.9985561443855614,0.570779285707793,0.9819018098190181,0.023597640235976408,0.9985561443855614,0.5707792857077933,0.570779285707793,0.5707792857077933,0.16787353696153254,0.9302413641818461,0.7514339273516218,0.999999193896047,0.10801662933642814,0.8943197777588494,0.4872882106606286,1.0,0.7514339273516218,0.4872882106606286,0.9998151502605552,0.0037788564946772503,0.9999999989234004,0.2841700083997292,0.9992417883372178,0.0008157373960122628,1.0,0.06636734605401212,0.2841700083997292,0.06636734605401212,0.25591384435855363,0.5640356749811377,0.8145304175858584,0.9840937019657632,0.3676364372064146,0.640870442323181,0.8639456274350743,1.0,0.8145304175858584,0.8639456274350743
gRNA_14675,controlsgRNA,0.34767471552924517,-2.9224021778882983,0.32293493703709286,-0.6607372899165878,-1.0011785782821514,-0.7827416787041399,-0.6607372899165878,,False,-0.12528321441477291,-0.24152606042190014,,2845.7297785811115,-0.25618072909971834,-1.5852055419134226,-1.6080515740218995,-1.0847184167955375,-1.8507095369794682,-1.2769731597620093,-1.5852055419134226,-1.2769731597620093,True,-1.579580098225487,-1.9462583452634572,-1.0726778924449172,0.12248872513379452,0.12248872513379452,0.12248872513379452,0.12248872513379452,True,0.405885149324939,0.405885149324939,0.405885149324939,0.0,0.0,0.0,0.0,True,,,,-0.29721569860161345,-0.29721569860161345,-0.29721569860161345,-0.29721569860161345,True,-0.760252609790681,-0.760252609790681,-0.760252609790681,-0.44810124250774475,0.26074402023747234,0.3763051777914591,-0.15528934538733763,-0.011541611399166403,0.004423399746936535,-0.011541611399166403,,False,0.2559772592637145,0.1927983666379874,,,,,,non-targeting control,,0,0.0,0.0,0.0,0.0,0,0.0,0.0,0.0,0.0,0,0.0,0.0,0.0,0.0,0,0.0,0.0,0.0,0.0,0,0.0,0.0,0.0,0.0,0.25817418258174185,0.7461253874612539,0.9114056336301855,0.9879119614920229,0.2581741825817418,0.7461253874612539,0.9114056336301855,0.9879119614920229,0.9114056336301855,0.9114056336301855,0.9984630840470549,0.007620632901296314,0.9999999956433565,0.201926068963515,0.9977804222841369,0.0023358139662492386,1.0,0.06273328937926527,0.201926068963515,0.06273328937926527,0.2981725601160155,0.916893471405883,0.574937859505753,0.9999999999973488,0.1649932375396559,0.8366699087665331,0.4018508335893339,1.0,0.574937859505753,0.4018508335893339,0.6659134554043297,0.46725332287887533,0.9780765380247597,0.9840937019657632,0.6077066680838329,0.395835705700127,0.9267076074036414,1.0,0.9780765380247597,0.9267076074036414
gRNA_14676,controlsgRNA,-0.7002139427992583,1.5725089985558782,0.23638252227304,-0.962572856282979,-0.9794277089912475,-0.16666459744891332,-0.7002139427992583,,False,0.5363863875713781,-0.283949217450505,,3466.7871667419795,-0.45570944033589683,-1.109586056437232,0.3817319861382017,-0.7139267135360977,-1.145032905664228,-0.6085046259670506,-0.7139267135360977,-0.8560637789933636,True,-0.5874536322295075,-0.713301688153828,-0.5977894791292165,-0.3606217849969563,-0.3606217849969563,-0.3606217849969563,-0.3606217849969563,True,-1.4058433252540892,-1.4058433252540892,-1.4058433252540892,0.0,0.0,0.0,0.0,True,,,,0.03286438854538821,0.03286438854538821,0.03286438854538821,0.03286438854538821,True,-0.05002480388779571,-0.05002480388779571,-0.05002480388779571,0.22665232722483086,0.6682643360993574,0.3500915369756085,-1.5896207767432171,-0.008067421885295554,-0.07053599966574317,0.22665232722483086,,False,0.15714514468126425,0.49201251269336277,,,,,,non-targeting control,,0,0.0,0.0,0.0,0.0,0,0.0,0.0,0.0,0.0,0,0.0,0.0,0.0,0.0,0,0.0,0.0,0.0,0.0,0,0.0,0.0,0.0,0.0,0.9874012598740126,0.018198180181981806,0.9985561443855614,0.570779285707793,0.9874012598740126,0.018198180181981792,0.9985561443855614,0.5707792857077933,0.570779285707793,0.5707792857077933,0.9032764509068295,0.1332859014358218,0.9999999956433565,0.7152809001336443,0.9111465485034538,0.09031042241606663,1.0,0.43679006134087167,0.7152809001336443,0.43679006134087167,0.1518236980961095,0.6975684522437028,0.3872325788263485,0.9999999999973488,0.16565659363390095,0.8377465437625062,0.4018508335893339,1.0,0.3872325788263485,0.4018508335893339,0.3191559885635509,0.6812865644795374,0.8707963372539546,0.9840937019657632,0.32512098525829386,0.6783660329597789,0.8639456274350743,1.0,0.8707963372539546,0.8639456274350743
gRNA_14677,controlsgRNA,-3.7987256622946024,-3.102823598900363,0.013835371570830353,-0.15677448473752506,-0.633703808606601,-1.5356384365936522,-0.633703808606601,-1.9230068886347729,True,-0.9338977746487337,-0.2124748228194624,-0.5004631609966472,2131.7668323542703,-0.10617318290044507,-0.9692195000113566,0.31883118638214236,0.11909044890916776,0.028918409793622122,-0.12171052756537389,0.028918409793622122,,False,0.13503558618311967,0.33790696076579707,,-0.04140698580284553,-0.04140698580284553,-0.04140698580284553,-0.04140698580284553,True,-0.20874549964380476,-0.20874549964380476,-0.20874549964380476,0.0,0.0,0.0,0.0,True,,,,0.7538704396104415,0.7538704396104415,0.7538704396104415,0.7538704396104415,True,1.5013518638679346,1.5013518638679346,1.5013518638679346,-1.015182363820366,0.025231854453693216,-0.11739891724307677,-1.757320154179358,-0.2687342741575883,-0.6266807709893392,-0.2687342741575883,-0.7896589273500974,True,-0.5761179843531804,-0.13028157151462993,-0.4332812207496273,,,,,non-targeting control,,0,0.0,0.0,0.0,0.0,0,0.0,0.0,0.0,0.0,0,0.0,0.0,0.0,0.0,0,0.0,0.0,0.0,0.0,0,0.0,0.0,0.0,0.0,0.5813418658134184,0.4236576342365763,0.9981029294330835,0.9727487021412807,0.5813418658134186,0.4236576342365763,0.998102929433084,0.9727487021412802,0.9727487021412807,0.9727487021412802,0.5749573009807087,0.657463848149847,0.9999999956433565,0.999999193896047,0.4480271414887125,0.5557582296348458,0.928834255311346,1.0,0.999999193896047,0.928834255311346,0.8194598865239499,0.23300515132406446,0.9812640679395068,0.9999999999973488,0.8062834470552844,0.1966167960261173,0.9593752407999586,1.0,0.9812640679395068,0.9593752407999586,0.8705708292172394,0.1883585653589378,0.9999999997953558,0.9840937019657632,0.8581595249118269,0.14391326953033096,0.9867522365958622,1.0,0.9840937019657632,0.9867522365958622
gRNA_14678,controlsgRNA,-0.6904353695794324,-2.843803999828762,-0.376461692943437,-0.8784848996629965,0.4427244893750459,-0.8692922945279165,-0.6904353695794324,-1.197296490503657,True,-0.2182389715208382,-0.273440779755614,0.020463638937744912,3375.327609579756,0.46208243504365987,0.16933041631445164,-0.6834246165528715,0.7070151053184413,0.6830400837370295,0.26760868477214217,0.46208243504365987,0.5053670101033956,True,0.7128546977095194,0.9508823380593064,0.9382364134100339,-0.03417201447232988,-0.03417201447232988,-0.03417201447232988,-0.03417201447232988,True,-0.18161339778017405,-0.18161339778017405,-0.18161339778017405,0.0,0.0,0.0,0.0,True,,,,-0.17803743307758801,-0.17803743307758801,-0.17803743307758801,-0.17803743307758801,True,-0.5038187280438434,-0.5038187280438434,-0.5038187280438434,-1.0432721215656293,-0.22015268061659912,-0.27613526723349974,-0.8533336725482866,-0.683625678349564,-0.6153038840627157,-0.683625678349564,-0.6153038840627157,True,-0.5611178402600645,-0.65145930562558,-0.26999383402781235,,,,,non-targeting control,,0,0.0,0.0,0.0,0.0,0,0.0,0.0,0.0,0.0,0,0.0,0.0,0.0,0.0,0,0.0,0.0,0.0,0.0,0,0.0,0.0,0.0,0.0,0.5669433056694331,0.4381561843815619,0.9981029294330835,0.9727487021412807,0.5669433056694331,0.43815618438156184,0.998102929433084,0.9727487021412802,0.9727487021412807,0.9727487021412802,0.11613268832850844,0.9160061226451232,0.6237984401645597,0.999999193896047,0.07700369162113127,0.9243051481841261,0.4196143195586284,1.0,0.6237984401645597,0.4196143195586284,0.9333443509766519,0.27628818605202904,0.9999999989234004,0.9999999999973488,0.8572054746598472,0.14458422854899206,0.979540719064569,1.0,0.9999999989234004,0.979540719064569,0.7639529159740973,0.42293796657205257,0.9866557117120665,0.9840937019657632,0.6871794328432268,0.3156962825229618,0.9641177804211494,1.0,0.9840937019657632,0.9641177804211494
gRNA_14679,controlsgRNA,-0.6209950155121644,-1.1659802791401805,-1.4257220710310103,-1.061143575304954,-0.4031423949921428,-0.9353966671960905,-1.061143575304954,-0.9353966671960905,True,-0.28923536999711064,-0.671818333952713,0.20845961806431665,4523.69332730833,-0.12178617002932567,-0.09397051751712204,-0.37389738076468093,-0.05021263457044005,-0.40978749982577767,-0.20993084054146927,-0.12178617002932567,-0.20993084054146927,True,0.004100915488687598,0.1246431824002986,0.1312060243021684,-0.15798010791087422,-0.15798010791087422,-0.15798010791087422,-0.15798010791087422,True,-0.6459101654187926,-0.6459101654187926,-0.6459101654187926,0.0,0.0,0.0,0.0,True,,,,-0.6037638913542565,-0.6037638913542565,-0.6037638913542565,-0.6037638913542565,True,-1.4198472318838427,-1.4198472318838427,-1.4198472318838427,-0.07372966065683725,0.006137121361404211,-1.0610827120504667,-1.2549663842275085,-0.7222098869721669,-0.621170304509115,-0.7222098869721669,-0.7779971609767449,True,-0.5688525705579341,-0.6999279656633945,-0.42235971644575454,,,,,non-targeting control,,0,0.0,0.0,0.0,0.0,0,0.0,0.0,0.0,0.0,0,0.0,0.0,0.0,0.0,0,0.0,0.0,0.0,0.0,0,0.0,0.0,0.0,0.0,0.8274172582741726,0.1760823917608239,0.9985561443855614,0.85727690967167,0.8274172582741726,0.1760823917608239,0.9985561443855614,0.8572769096716699,0.85727690967167,0.8572769096716699,0.8104400252745954,0.6020120494530543,0.9999999956433565,0.999999193896047,0.6218862744049707,0.38007351048652926,1.0,0.9447970845319791,0.999999193896047,0.9447970845319791,0.8669226979616069,0.23543965432345046,0.9999999989234004,0.9999999999973488,0.8366599025069473,0.16511199033698237,0.970938652292013,1.0,0.9999999989234004,0.970938652292013,0.9405071710465855,0.32174859608469114,0.9999999997953558,0.9840937019657632,0.8445350586430813,0.15737846960265783,0.9861651616453372,1.0,0.9840937019657632,0.9861651616453372
gRNA_14680,controlsgRNA,-1.1428180123366383,0.39781178732725975,-0.6530575916838564,-1.3233735483234783,-1.1014653577393891,-0.7645805445512204,-1.1014653577393891,-1.0551786275208406,True,-0.10577807330143042,-0.7151497002915291,0.12247816672707557,3004.3078776924235,-0.044114715000495186,-1.934731962343267,-1.0536048078406326,-0.5087143855501806,-1.2285038101888641,-0.9539339361846879,-1.0536048078406326,-0.9539339361846879,True,-1.1001323051538097,-1.1939840529796553,-0.7082108804642765,0.017450855480601386,0.017450855480601386,0.017450855480601386,0.017450855480601386,True,0.01197920985716202,0.01197920985716202,0.01197920985716202,0.0,0.0,0.0,0.0,True,,,,-0.45450607577511287,-0.45450607577511287,-0.45450607577511287,-0.45450607577511287,True,-1.0986916850924902,-1.0986916850924902,-1.0986916850924902,-0.3717688247677363,0.2586989277693054,-0.12366037436034297,-0.8334596898695656,0.18267026804179237,-0.1775039386373094,-0.12366037436034297,,False,0.01611056217501618,0.05195716761331292,,,,,,non-targeting control,,0,0.0,0.0,0.0,0.0,0,0.0,0.0,0.0,0.0,0,0.0,0.0,0.0,0.0,0,0.0,0.0,0.0,0.0,0,0.0,0.0,0.0,0.0,0.46775322467753244,0.5377462253774623,0.9981029294330835,0.9879119614920229,0.4677532246775322,0.5377462253774623,0.998102929433084,0.9879119614920229,0.9879119614920229,0.9879119614920229,0.9866691413552015,0.03568755204618449,0.9999999956433565,0.43285546997952806,0.9839193568967619,0.016620608643870726,1.0,0.1820143214654083,0.43285546997952806,0.1820143214654083,0.490511225126931,0.7461784441843843,0.7684675860321919,0.9999999999973488,0.35843907250300755,0.6443715986053589,0.6387350296736058,1.0,0.7684675860321919,0.6387350296736058,0.8371971662800538,0.3884187486860022,0.9917363304007057,0.9840937019657632,0.7515911674854001,0.2511479153334612,0.9644992456467932,1.0,0.9840937019657632,0.9644992456467932
gRNA_14681,controlsgRNA,-3.0800583519167324,-3.8818770797224302,-2.00979858657828,-1.0813264812243522,0.6937482459796684,-1.8718624506924253,-2.00979858657828,-2.5132651248604487,True,-1.295003903014443,-1.691280156839119,-0.9241601824583769,4381.623738514836,-0.35843794538030244,-1.061443938205173,-1.1397056365073186,-0.46171006058159225,-1.1251142212801488,-0.8292823603909071,-1.061443938205173,-0.8292823603909071,True,-0.9151271461659559,-1.205077296214902,-0.5675735087385382,-0.26290258707072595,-0.26290258707072595,-0.26290258707072595,-0.26290258707072595,True,-1.0393833752354888,-1.0393833752354888,-1.0393833752354888,0.0,0.0,0.0,0.0,True,,,,-0.4067815647986924,-0.4067815647986924,-0.4067815647986924,-0.4067815647986924,True,-0.996003652586379,-0.996003652586379,-0.996003652586379,-1.1247955964448324,-0.41664803462514965,-0.6837247034368975,-0.20225217005479768,0.12176814430009572,-0.46113047205231633,-0.41664803462514965,-0.6068551261404194,True,-0.3578440088157632,-0.316087683054707,-0.26208138379886703,,,,,non-targeting control,,0,0.0,0.0,0.0,0.0,0,0.0,0.0,0.0,0.0,0,0.0,0.0,0.0,0.0,0,0.0,0.0,0.0,0.0,0,0.0,0.0,0.0,0.0,0.958004199580042,0.046695330466953296,0.9985561443855614,0.6752863175220938,0.958004199580042,0.0466953304669533,0.9985561443855614,0.6752863175220939,0.6752863175220938,0.6752863175220939,0.9938245562172484,0.060155575893434156,0.9999999956433565,0.5144253359739793,0.9801446993278357,0.020422309394131588,1.0,0.1820143214654083,0.5144253359739793,0.1820143214654083,0.8048410597165381,0.4181210897105784,0.976194317591672,0.9999999999973488,0.7111014330234207,0.2917894547999738,0.8959179369557362,1.0,0.976194317591672,0.8959179369557362,0.8757555953809882,0.0867289775655607,0.9999999997953558,0.9840937019657632,0.9297275828890413,0.0720277779734684,0.9987930604750844,0.9206266127436572,0.9840937019657632,0.9206266127436572
gRNA_14682,controlsgRNA,-0.28622338614843573,-2.737374339927343,-1.509658823335549,-0.1174543456764161,0.8200390528839163,-0.7661343684407654,-0.28622338614843573,-1.162677723771936,True,-0.107446887262919,0.1609412459166941,0.04531355622937013,2617.5026359391477,0.9405165332099784,1.1597426266441317,0.9807421433905666,0.296068380253114,-0.6293012115546616,0.5495536943886259,0.9405165332099784,0.8442674208744477,True,1.1313113517691782,1.6279199144468979,1.3205987120340348,0.03716246729023146,0.03716246729023146,0.03716246729023146,0.03716246729023146,True,0.08590036794931324,0.08590036794931324,0.08590036794931324,0.0,0.0,0.0,0.0,True,,,,0.21456133870093919,0.21456133870093919,0.21456133870093919,0.21456133870093919,True,0.3409294865197682,0.3409294865197682,0.3409294865197682,0.17938947435475647,-0.09906893013612923,0.05656414966881267,-0.29482995401161755,0.4013900288215077,0.04868895373946601,0.05656414966881267,,False,0.3143402976354612,0.27835137129095194,,,,,,non-targeting control,,0,0.0,0.0,0.0,0.0,0,0.0,0.0,0.0,0.0,0,0.0,0.0,0.0,0.0,0,0.0,0.0,0.0,0.0,0,0.0,0.0,0.0,0.0,0.4154584541545846,0.5885411458854115,0.9926353276622026,0.9879119614920229,0.41545845415458454,0.5885411458854115,0.9926353276622023,0.9879119614920229,0.9879119614920229,0.9879119614920229,0.00819950058888836,0.9611321493692399,0.14013691915554652,0.999999193896047,0.007333250146434862,0.9931925191990197,0.11029208220238032,1.0,0.14013691915554652,0.11029208220238032,0.261799191342545,0.9472830918721435,0.5408471445708771,0.9999999999973488,0.12870492441955467,0.8728947122532837,0.3513171910736985,1.0,0.5408471445708771,0.3513171910736985,0.58240352360717,0.47225343118852725,0.9483359320886435,0.9840937019657632,0.5642912361694072,0.4392984498297528,0.9197840034090436,1.0,0.9483359320886435,0.9197840034090436
gRNA_14683,controlsgRNA,-0.2992799201418315,-2.7383504486789243,-0.4382572684411243,-2.05989522125163,-3.320779953909893,-1.7713125624846806,-2.05989522125163,-1.7713125624846806,True,-1.1870128633630128,-1.7451159621610315,-0.39157449122827703,2842.596776622985,-0.4539907851650562,-0.622098000471592,0.4928086494300671,-0.7934083535112322,0.08286124752545204,-0.2587654484384722,-0.4539907851650562,,False,-0.06837834793467366,-0.3454633763886616,,-0.25100189162703296,-0.25100189162703296,-0.25100189162703296,-0.25100189162703296,True,-0.9947541892614636,-0.9947541892614636,-0.9947541892614636,0.0,0.0,0.0,0.0,True,,,,-0.19679284410778927,-0.19679284410778927,-0.19679284410778927,-0.19679284410778927,True,-0.5441744324424983,-0.5441744324424983,-0.5441744324424983,-0.09203479018660392,0.4759978105655382,-0.723657760373552,-1.2405236279110632,-1.1400184398331172,-0.5440473615477597,-0.723657760373552,-0.799058654576084,True,-0.4671678773051342,-0.7017467533533517,-0.4420842749411796,,,,,non-targeting control,,0,0.0,0.0,0.0,0.0,0,0.0,0.0,0.0,0.0,0,0.0,0.0,0.0,0.0,0,0.0,0.0,0.0,0.0,0,0.0,0.0,0.0,0.0,0.9383061693830617,0.06639336066393359,0.9985561443855614,0.7801219878012197,0.9383061693830617,0.06639336066393355,0.9985561443855614,0.7801219878012192,0.7801219878012197,0.7801219878012192,0.6867476802405982,0.44716254104213427,0.9999999956433565,0.999999193896047,0.6390524870196261,0.36464991587301887,1.0,0.9409427510670617,0.999999193896047,0.9409427510670617,0.6866399787268366,0.2526485287230788,0.902715496508009,0.9999999999973488,0.7532393223180603,0.2501278733473136,0.9165630588724618,1.0,0.902715496508009,0.9165630588724618,0.9597250954111968,0.1283072431765838,0.9999999997953558,0.9840937019657632,0.9343526553036282,0.06652961515178199,1.0,0.9206266127436572,0.9840937019657632,0.9206266127436572
gRNA_14684,controlsgRNA,0.5684446306632237,-3.734055686491391,0.7310723594970207,-0.2840498545727542,-0.6501749563616621,-0.6737527014531126,-0.2840498545727542,,False,-0.008228554547155728,0.16327700805984793,,5567.82647989155,-0.008996049815538849,-0.11944937820270238,-0.11837971079885093,-0.24322816332260425,-0.11130271885201423,-0.12027120419834211,-0.11837971079885093,-0.12027120419834211,True,0.13717179863496362,0.12946370190403603,0.2323639561204039,-0.0856048637114293,-0.0856048637114293,-0.0856048637114293,-0.0856048637114293,True,-0.3744934025434476,-0.3744934025434476,-0.3744934025434476,0.0,0.0,0.0,0.0,True,,,,-0.49662797266070063,-0.49662797266070063,-0.49662797266070063,-0.49662797266070063,True,-1.1893246665125277,-1.1893246665125277,-1.1893246665125277,0.051351024341543,0.304724785883024,0.38669624067585256,-0.331897323023627,-1.4383606591398925,-0.20549718625261998,0.051351024341543,,False,-0.020797842608484392,0.27180275442819907,,,,,,non-targeting control,,0,0.0,0.0,0.0,0.0,0,0.0,0.0,0.0,0.0,0,0.0,0.0,0.0,0.0,0,0.0,0.0,0.0,0.0,0,0.0,0.0,0.0,0.0,0.7031296870312969,0.2994700529947004,0.9985561443855614,0.946224705260566,0.7031296870312969,0.29947005299470053,0.9985561443855614,0.9462247052605663,0.946224705260566,0.9462247052605663,0.7203525442473093,0.736960285704406,0.9999999956433565,0.999999193896047,0.4913472973946255,0.5110826896932216,0.9672596011538178,1.0,0.999999193896047,0.9672596011538178,0.35538499330890994,0.6318079377244596,0.6424267186737987,0.9999999999973488,0.3309298171055793,0.6723282024413244,0.6129537499098414,1.0,0.6424267186737987,0.6129537499098414,0.42930561315800825,0.524823532088943,0.8881553689271336,0.9840937019657632,0.4346084378948364,0.5702092958181714,0.8978723771893323,1.0,0.8881553689271336,0.8978723771893323
gRNA_14685,controlsgRNA,-0.8044944952047224,-3.4520480889197227,-0.23364046504299524,0.0029805056110081152,0.8190775776800445,-0.7336249931752776,-0.23364046504299524,,False,-0.07253166959420256,0.21744891199742428,,5903.5396897123055,-0.9130102313502578,-0.8702775667942237,-0.6225330993095709,-0.15812842447910871,-0.15001041746963675,-0.5427919478805596,-0.6225330993095709,-0.5427919478805596,True,-0.48992430394390823,-0.5839695370584438,-0.24434246746606922,-0.11067551761176463,-0.11067551761176463,-0.11067551761176463,-0.11067551761176463,True,-0.46851167909731584,-0.46851167909731584,-0.46851167909731584,0.0,0.0,0.0,0.0,True,,,,-0.47496323158249076,-0.47496323158249076,-0.47496323158249076,-0.47496323158249076,True,-1.1427090052818683,-1.1427090052818683,-1.1427090052818683,-0.7792656572044124,0.2707165315825952,0.3527703486433151,-0.3597730940154193,-0.17507488639101115,-0.13812535147698654,-0.17507488639101115,,False,0.06803025561996802,-0.012628645950963576,,,,,,non-targeting control,,0,0.0,0.0,0.0,0.0,0,0.0,0.0,0.0,0.0,0,0.0,0.0,0.0,0.0,0,0.0,0.0,0.0,0.0,0,0.0,0.0,0.0,0.0,0.7573242675732427,0.24817518248175185,0.9985561443855614,0.9059598894479486,0.7573242675732428,0.2481751824817518,0.9985561443855614,0.9059598894479484,0.9059598894479486,0.9059598894479484,0.9543168371156814,0.21202764487256276,0.9999999956433565,0.8669330336007393,0.897868589128578,0.10345795717962386,1.0,0.46550285147012366,0.8669330336007393,0.46550285147012366,0.4235039313642756,0.7699459268298292,0.6984099920744193,0.9999999999973488,0.3126991623170902,0.6900528686782177,0.5912318128633857,1.0,0.6984099920744193,0.5912318128633857,0.5235330436286495,0.5180853526309781,0.9483359320886435,0.9840937019657632,0.49867476240966974,0.5046975780494316,0.9127546941314479,1.0,0.9483359320886435,0.9127546941314479
gRNA_14686,controlsgRNA,0.3990860152909365,-0.5520323656760661,0.00047169784764068164,0.06937605416743357,-1.4961562672974986,-0.3158509731335108,0.00047169784764068164,,False,0.3761595380027122,0.4690350096874747,,3860.099412562133,0.050307287031257836,0.3717959819357492,0.11599370255846338,0.51345929522359,0.7664452908333472,0.36360031151648153,0.3717959819357492,0.36360031151648153,True,0.855323383357898,0.8231169433537601,0.7782890099333001,-0.23931345817750785,-0.23931345817750785,-0.23931345817750785,-0.23931345817750785,True,-0.9509210139120071,-0.9509210139120071,-0.9509210139120071,0.0,0.0,0.0,0.0,True,,,,-0.38763757999516063,-0.38763757999516063,-0.38763757999516063,-0.38763757999516063,True,-0.9548118604950394,-0.9548118604950394,-0.9548118604950394,-0.8783964010728662,-0.0903543063864066,-0.8098062531781642,-0.7486707133852818,-1.0883901882151896,-0.7231235724475817,-0.8098062531781642,-0.7231235724475817,True,-0.7032754333062895,-0.8099646528406259,-0.3709693769291248,,,,,non-targeting control,,0,0.0,0.0,0.0,0.0,0,0.0,0.0,0.0,0.0,0,0.0,0.0,0.0,0.0,0,0.0,0.0,0.0,0.0,0,0.0,0.0,0.0,0.0,0.9095090490950904,0.09499050094990501,0.9985561443855614,0.85727690967167,0.9095090490950904,0.09499050094990497,0.9985561443855614,0.8572769096716699,0.85727690967167,0.8572769096716699,0.10114849408979434,0.9856610408212513,0.5762399057236769,0.999999193896047,0.04016764691375795,0.9607264237641787,0.27838108784830223,1.0,0.5762399057236769,0.27838108784830223,0.9591636556028175,0.17609677174151966,0.9999999989234004,0.9999999999973488,0.9170094055539191,0.08436411799010773,0.9917372491975123,1.0,0.9999999989234004,0.9917372491975123,0.5380966697133693,0.7345775946059416,0.9483359320886435,0.9859690125412363,0.38962570652058354,0.6126232540549951,0.8825256966972254,1.0,0.9483359320886435,0.8825256966972254
gRNA_14687,controlsgRNA,0.5545181798224363,0.553871612101163,-1.2409415020122112,-0.0750970341498182,0.22345594307413874,0.0031614397671417493,0.22345594307413874,,False,0.7187803279898186,0.7086626113046643,,5067.992167495105,-0.033797292554613854,-0.30991772750302615,-0.949706287454187,0.26716909186003274,-0.7513435805744321,-0.3555191592452453,-0.30991772750302615,-0.5111912220215648,True,-0.21197810218154248,-0.14158394104719976,-0.20868914338144623,-0.1924501968406429,-0.1924501968406429,-0.1924501968406429,-0.1924501968406429,True,-0.7751775697202049,-0.7751775697202049,-0.7751775697202049,0.0,0.0,0.0,0.0,True,,,,-0.4453049577747267,-0.4453049577747267,-0.4453049577747267,-0.4453049577747267,True,-1.0788937932967406,-1.0788937932967406,-1.0788937932967406,0.5232011314491373,-0.13243791798119808,-0.7006842053503698,-0.3826224804528987,-0.40228214694474945,-0.21896512385601574,-0.3826224804528987,-0.404506687682304,True,-0.038554985312898124,-0.2733455075210879,-0.07257755815611956,,,,,non-targeting control,,0,0.0,0.0,0.0,0.0,0,0.0,0.0,0.0,0.0,0,0.0,0.0,0.0,0.0,0,0.0,0.0,0.0,0.0,0,0.0,0.0,0.0,0.0,0.8734126587341264,0.1328867113288671,0.9985561443855614,0.85727690967167,0.8734126587341265,0.13288671132886715,0.9985561443855614,0.8572769096716699,0.85727690967167,0.8572769096716699,0.8139498694831951,0.3687054779347745,0.9999999956433565,0.999999193896047,0.741956270175622,0.260632865943781,1.0,0.7904822937875646,0.999999193896047,0.7904822937875646,0.49379359688302227,0.6982125093598396,0.7703999685809808,0.9999999999973488,0.4009780459226522,0.6025508171056189,0.6690683349135985,1.0,0.7703999685809808,0.6690683349135985,0.28962245488869437,0.8779853690791898,0.8441708762647215,0.9861350648860734,0.1807547895067369,0.8213446262236497,0.7810433852521655,1.0,0.8441708762647215,0.7810433852521655
gRNA_14688,controlsgRNA,0.6661782289715782,-1.6008755272635804,-1.4083260255488603,0.6232642822584853,0.050815926175352875,-0.3337886230814049,0.050815926175352875,,False,0.3568944199473417,0.5231368888457258,,2557.6140985088114,-0.02226979155597655,-0.25689790589559736,0.014373632396449532,-0.21607847791936266,0.7135745050613743,0.046540392417377466,-0.02226979155597655,,False,0.3847499440084667,0.26546995028891274,,-0.08240634097063303,-0.08240634097063303,-0.08240634097063303,-0.08240634097063303,True,-0.3624985181338312,-0.3624985181338312,-0.3624985181338312,0.0,0.0,0.0,0.0,True,,,,0.4125332239780491,0.4125332239780491,0.4125332239780491,0.4125332239780491,True,0.7669022827769407,0.7669022827769407,0.7669022827769407,0.15082009499724044,0.08183789755175108,-0.5193801609612823,-0.23571912229803552,-1.6208642763830567,-0.4286611134186765,-0.23571912229803552,,False,-0.3150339623367123,-0.08880864181872122,,,,,,non-targeting control,,0,0.0,0.0,0.0,0.0,0,0.0,0.0,0.0,0.0,0,0.0,0.0,0.0,0.0,0,0.0,0.0,0.0,0.0,0,0.0,0.0,0.0,0.0,0.6956304369563043,0.30896910308969106,0.9985561443855614,0.9522326455879003,0.6956304369563043,0.30896910308969106,0.9985561443855614,0.9522326455879003,0.9522326455879003,0.9522326455879003,0.4089082670905893,0.835260201419884,0.9999999956433565,0.999999193896047,0.2745597304071301,0.7280377306168283,0.7704064077095591,1.0,0.999999193896047,0.7704064077095591,0.6676801732264962,0.41355606797048566,0.896599089761295,0.9999999999973488,0.6236692420260289,0.37878987414230614,0.8464844150889458,1.0,0.896599089761295,0.8464844150889458,0.3922411071108454,0.6598396030726748,0.8749945536019875,0.9840937019657632,0.35249771607268987,0.6507278273107129,0.8639456274350743,1.0,0.8749945536019875,0.8639456274350743
gRNA_14689,controlsgRNA,-0.8903606470471952,2.3178717366079873,1.2846061906603774,-0.20999948196561366,-0.7214102478808907,0.3561415100749331,-0.20999948196561366,,False,1.0978825373330727,0.24285443815444585,,2511.1010694381685,-0.6623414111274458,-1.1251427923955826,0.8758894863478123,-0.18707186518057078,0.03020875892638012,-0.21369156468588132,-0.18707186518057078,,False,-0.0014806695319257196,0.03225664685154571,,0.14538625400927718,0.14538625400927718,0.14538625400927718,0.14538625400927718,True,0.49175391887412573,0.49175391887412573,0.49175391887412573,0.0,0.0,0.0,0.0,True,,,,0.227943553314772,0.227943553314772,0.227943553314772,0.227943553314772,True,0.3697237740075536,0.3697237740075536,0.3697237740075536,-3.7908684730601916,-0.26602640041841547,-0.6432202166085145,-1.1892004224066555,0.40833093671022136,-1.096196915156711,-0.6432202166085145,-1.4723288781234443,True,-1.195163410573746,-0.6007028262598063,-1.0726168554037772,,,,,non-targeting control,,0,0.0,0.0,0.0,0.0,0,0.0,0.0,0.0,0.0,0,0.0,0.0,0.0,0.0,0,0.0,0.0,0.0,0.0,0,0.0,0.0,0.0,0.0,0.2216778322167783,0.7826217378262174,0.9114056336301855,0.9879119614920229,0.22167783221677828,0.7826217378262175,0.9114056336301855,0.9879119614920229,0.9114056336301855,0.9114056336301855,0.4551261890420577,0.4295395423713191,0.9999999956433565,0.999999193896047,0.5363763910386993,0.469313483046473,0.988615308973289,1.0,0.999999193896047,0.988615308973289,0.7819360833457505,0.08742772314553705,0.9576806753680852,0.9999999999973488,0.8900514780495264,0.11258750102772891,0.9874349826518847,1.0,0.9576806753680852,0.9874349826518847,0.05411611078760566,0.8540737126042739,0.7124107290566989,0.9859690125412363,0.07434896920968387,0.9283191844469129,0.7483434114870964,1.0,0.7124107290566989,0.7483434114870964
gRNA_14690,controlsgRNA,-0.33909864839910897,1.673556809200128,0.5980786248899297,-1.4325669822769878,-0.6401155023040673,-0.02802913977802126,-0.33909864839910897,,False,0.6852815029542941,0.10411941859369771,,4247.025154390722,-0.24716279378957373,0.5322204396340818,-0.5768312378302131,0.6032549584811069,0.4243713096907901,0.14717053523723841,0.4243713096907901,,False,0.5341030143792598,0.8975168923069847,,0.04829140906237339,0.04829140906237339,0.04829140906237339,0.04829140906237339,True,0.12763537531867195,0.12763537531867195,0.12763537531867195,0.0,0.0,0.0,0.0,True,,,,0.144595425891025,0.144595425891025,0.144595425891025,0.144595425891025,True,0.19038500147530188,0.19038500147530188,0.19038500147530188,0.45424112869095684,-0.45361734650417,-0.7570645695298046,0.015532239017928095,0.4725265368974579,-0.05367640228552636,0.015532239017928095,,False,0.17937410693484535,0.22680796016408297,,,,,,non-targeting control,,0,0.0,0.0,0.0,0.0,0,0.0,0.0,0.0,0.0,0,0.0,0.0,0.0,0.0,0,0.0,0.0,0.0,0.0,0,0.0,0.0,0.0,0.0,0.37016298370162976,0.634936506349365,0.9743077979783722,0.9879119614920229,0.3701629837016298,0.634936506349365,0.9743077979783722,0.9879119614920229,0.9743077979783722,0.9743077979783722,0.20420424749936306,0.8606922768317589,0.8185339377549801,0.999999193896047,0.14968142820105923,0.852564528055906,0.5742879286081456,1.0,0.8185339377549801,0.5742879286081456,0.2607851444593594,0.8123450855701446,0.5408471445708771,0.9999999999973488,0.20538143512932772,0.7974134607694408,0.4569433112936522,1.0,0.5408471445708771,0.4569433112936522,0.209561790422267,0.7618398686787621,0.7374561910804621,0.9859690125412363,0.21129013405542518,0.7912401801340958,0.786585053513266,1.0,0.7374561910804621,0.786585053513266
gRNA_14691,controlsgRNA,0.40199568780625744,-3.093144144308338,0.6046122833951292,-1.2854025450224822,-1.6344916245300567,-1.001286068531898,-1.2854025450224822,,False,-0.3600008882795677,-0.9128158044240808,,2535.442084651303,-0.204831392163755,0.25007811112677797,-0.5424127364128278,0.7431235425697781,-0.5922256931841898,-0.06925363361284333,-0.204831392163755,,False,0.2128909678250828,0.007124936648262468,,0.25668094455039475,0.25668094455039475,0.25668094455039475,0.25668094455039475,True,0.9091237663407695,0.9091237663407695,0.9091237663407695,0.0,0.0,0.0,0.0,True,,,,0.1483787526845811,0.1483787526845811,0.1483787526845811,0.1483787526845811,True,0.19852552249499086,0.19852552249499086,0.19852552249499086,-1.135765463411948,-0.05506840162161012,-0.5166732717781597,-0.37693219897367225,-0.6789766377288527,-0.5526831947028487,-0.5166732717781597,-0.5526831947028487,True,-0.47855400977932666,-0.44173725286164023,-0.2113481617977434,,,,,non-targeting control,,0,0.0,0.0,0.0,0.0,0,0.0,0.0,0.0,0.0,0,0.0,0.0,0.0,0.0,0,0.0,0.0,0.0,0.0,0,0.0,0.0,0.0,0.0,0.09939006099390058,0.9062093790620938,0.8106689331066893,0.9879119614920229,0.09939006099390052,0.9062093790620938,0.8106689331066892,0.9879119614920229,0.8106689331066893,0.8106689331066892,0.4591107236194658,0.63832386179583,0.9999999956433565,0.999999193896047,0.413489854359339,0.5898526020214439,0.9181815541016815,1.0,0.999999193896047,0.9181815541016815,0.8922923369125283,0.3364444124349202,0.9999999989234004,0.9999999999973488,0.8030556128843,0.19880307361335092,0.9585679696650693,1.0,0.9999999989234004,0.9585679696650693,0.6473465948821272,0.3268518446840261,0.9780765380247597,0.9840937019657632,0.6843020845030597,0.3193314805160352,0.9641177804211494,1.0,0.9780765380247597,0.9641177804211494
gRNA_14692,controlsgRNA,0.4208191236616953,-3.6695440279729543,-0.15008275797303816,0.7780348941066221,0.19813240448721897,-0.4845280727380913,0.19813240448721897,,False,0.19499956183196365,0.6814489451109828,,4342.822714264196,-0.2503048115713861,-0.534478136126799,-0.2347442106190971,-0.24290630942762712,-0.5689200826647648,-0.36627071008193485,-0.2503048115713861,-0.36627071008193485,True,-0.2279353202049907,-0.05722502039659774,-0.04518346943749192,-0.02498576723592646,-0.02498576723592646,-0.02498576723592646,-0.02498576723592646,True,-0.14716375252569458,-0.14716375252569458,-0.14716375252569458,0.0,0.0,0.0,0.0,True,,,,-0.11192362252337497,-0.11192362252337497,-0.11192362252337497,-0.11192362252337497,True,-0.3615627470313146,-0.3615627470313146,-0.3615627470313146,0.26702462997406323,0.06395487089403565,-0.45209324967498604,-0.8914755846717768,-0.34567823372622575,-0.271653513440978,-0.34567823372622575,,False,-0.10802332413932861,-0.22693693264366294,,,,,,non-targeting control,,0,0.0,0.0,0.0,0.0,0,0.0,0.0,0.0,0.0,0,0.0,0.0,0.0,0.0,0,0.0,0.0,0.0,0.0,0,0.0,0.0,0.0,0.0,0.5540445955404458,0.4501549845015501,0.9981029294330835,0.9727487021412807,0.5540445955404459,0.45015498450154984,0.998102929433084,0.9727487021412802,0.9727487021412807,0.9727487021412802,0.9203522270450332,0.39771928546190066,0.9999999956433565,0.999999193896047,0.7964146806265329,0.2050851584667211,1.0,0.6947028791305147,0.999999193896047,0.6947028791305147,0.6039397905558183,0.6411857020101748,0.8559547628619044,0.9999999999973488,0.48086499998583815,0.5223732008201051,0.7529229339586727,1.0,0.8559547628619044,0.7529229339586727,0.3049204839095474,0.6613108194355558,0.8658009283426236,0.9840937019657632,0.2818518474222968,0.7224277095447607,0.8410817034189174,1.0,0.8658009283426236,0.8410817034189174
gRNA_14693,controlsgRNA,1.3320029981409685,-3.8883050320298036,-0.7221491268866758,0.6511598764904717,0.4354932170724444,-0.438359613442519,0.4354932170724444,,False,0.24458469819862502,0.9365261689746253,,2045.7297785811115,0.5113854799865761,-0.11739240114859378,-0.3895320199623076,0.4681198096592655,-0.40813484636581526,0.012889204433824996,-0.11739240114859378,,False,0.33480558234771435,0.1308608551071963,,0.3146540302617056,0.3146540302617056,0.3146540302617056,0.3146540302617056,True,1.1265305251255584,1.1265305251255584,1.1265305251255584,0.0,0.0,0.0,0.0,True,,,,-0.1536549335243724,-0.1536549335243724,-0.1536549335243724,-0.1536549335243724,True,-0.45135531133250395,-0.45135531133250395,-0.45135531133250395,0.5167957981227433,0.17489190853774406,-0.28374506096394786,-0.4112648712888001,0.3450562600876569,0.06834680689907927,0.17489190853774406,,False,0.3402586909408809,0.4269921785639826,,,,,,non-targeting control,,0,0.0,0.0,0.0,0.0,0,0.0,0.0,0.0,0.0,0,0.0,0.0,0.0,0.0,0,0.0,0.0,0.0,0.0,0,0.0,0.0,0.0,0.0,0.056694330566943306,0.9484051594840516,0.7553426475534262,0.9879119614920229,0.056694330566943285,0.9484051594840516,0.7553426475534257,0.9879119614920229,0.7553426475534262,0.7553426475534257,0.3973669281120646,0.7789585863550369,0.9999999956433565,0.999999193896047,0.29837775578458253,0.7050442339153242,0.8071225624100937,1.0,0.999999193896047,0.8071225624100937,0.1976137941847853,0.9318879463027184,0.4673131233552156,0.9999999999973488,0.11275620727284297,0.8888972861674497,0.32612564565068425,1.0,0.4673131233552156,0.32612564565068425,0.18877491340297442,0.5637025196564692,0.7300576506065981,0.9840937019657632,0.2541538121763126,0.7496938550814914,0.823808908433565,1.0,0.7300576506065981,0.823808908433565
gRNA_14694,controlsgRNA,0.39050612409292307,0.9719220256306269,0.7121203581705744,0.30729439569505973,0.8864657656511674,0.6536617338480702,0.7121203581705744,0.6536617338480702,True,1.4174206179344637,1.2338005270631653,1.3491117430669943,6377.225485765928,-0.04071152323094485,-0.4042269095754844,0.8141032708699255,-0.465565998021337,-0.307117361115386,-0.08070370421464536,-0.307117361115386,-0.30440544798578806,True,0.19589702195140196,-0.13762111047272416,0.024615631030519333,0.3020807255352386,0.3020807255352386,0.3020807255352386,0.3020807255352386,True,1.0793789651515595,1.0793789651515595,1.0793789651515595,0.0,0.0,0.0,0.0,True,,,,-0.28526113190425156,-0.28526113190425156,-0.28526113190425156,-0.28526113190425156,True,-0.7345301684602358,-0.7345301684602358,-0.7345301684602358,0.9459395438964256,0.29666531397963614,0.10823482860755936,-0.07399675720584752,-0.11821193570489578,0.23172619871457556,0.10823482860755936,,False,0.5556703791192257,0.34325897626222707,,,,,,non-targeting control,,0,0.0,0.0,0.0,0.0,0,0.0,0.0,0.0,0.0,0,0.0,0.0,0.0,0.0,0,0.0,0.0,0.0,0.0,0,0.0,0.0,0.0,0.0,0.07169283071692831,0.9337066293370663,0.7553426475534262,0.9879119614920229,0.07169283071692836,0.9337066293370663,0.7553426475534257,0.9879119614920229,0.7553426475534262,0.7553426475534257,0.4859239369030217,0.6439056783428122,0.9999999956433565,0.999999193896047,0.4343957576622312,0.5699216066778238,0.9181815541016815,1.0,0.999999193896047,0.9181815541016815,0.0706792122797576,0.9801839195153887,0.2507111680866873,0.9999999999973488,0.03562552839478286,0.9654679609800643,0.16537282316590565,1.0,0.2507111680866873,0.16537282316590565,0.04375361359281111,0.9975307609587099,0.7124107290566989,0.9997934568416044,0.012334475386482156,0.987941183341333,0.4395619191229259,1.0,0.7124107290566989,0.4395619191229259
gRNA_14695,controlsgRNA,-1.0118713986909178,-2.0050009294685722,-0.5951182994213833,-1.0466201077447752,-1.1100408681976999,-1.1537303207046699,-1.0466201077447752,-1.1537303207046699,True,-0.5237267120916164,-0.6562108469974097,0.051736148574136234,4181.834613646633,0.20331857520219182,0.27393813778487336,0.3868296917060049,0.46230904396745204,0.10091312012853706,0.2854617137578118,0.27393813778487336,0.2854617137578118,True,0.7393517752223844,0.6846371863959024,0.6901296188535264,-0.013633936929370651,-0.013633936929370651,-0.013633936929370651,-0.013633936929370651,True,-0.10459288359674049,-0.10459288359674049,-0.10459288359674049,0.0,0.0,0.0,0.0,True,,,,0.025762324794169185,0.025762324794169185,0.025762324794169185,0.025762324794169185,True,-0.06530619574335564,-0.06530619574335564,-0.06530619574335564,-0.38014457130425333,-0.43740666397007694,-0.12372646899328352,-0.6241909296852911,-1.440353207563459,-0.6011643683032728,-0.43740666397007694,-0.6011643683032728,True,-0.5424752383632137,-0.34216423054623374,-0.2567518621620152,,,,,non-targeting control,,0,0.0,0.0,0.0,0.0,0,0.0,0.0,0.0,0.0,0,0.0,0.0,0.0,0.0,0,0.0,0.0,0.0,0.0,0,0.0,0.0,0.0,0.0,0.5272472752724728,0.4776522347765224,0.9981029294330835,0.9778839374945756,0.5272472752724727,0.47765223477652236,0.998102929433084,0.9778839374945756,0.9778839374945756,0.9778839374945756,0.17429426465133357,0.9813949207000698,0.7550801468244649,0.999999193896047,0.06748663046658875,0.933548842594061,0.40277735008630744,1.0,0.7550801468244649,0.40277735008630744,0.8978857590061055,0.2935817550282385,0.9999999989234004,0.9999999999973488,0.822374844227918,0.17953915663595155,0.9668969214312231,1.0,0.9999999989234004,0.9668969214312231,0.9697960699085371,0.23009806222653884,0.9999999997953558,0.9840937019657632,0.9034058290723948,0.09753015002423199,0.9918167876570679,0.9206266127436572,0.9840937019657632,0.9206266127436572
gRNA_14696,controlsgRNA,0.7393749639369047,2.577728298318415,0.32081813551635474,0.482652188923983,1.2279659895499282,1.0697079152491171,0.7393749639369047,1.0697079152491171,True,1.8642561189315285,1.2630893936652603,1.6477565006180828,2799.0962494351556,0.15892165116487655,-0.03652448212602299,-0.2606989711705321,0.6134687057874556,-0.4130213741269524,0.012429105905764936,-0.03652448212602299,,False,0.33412271411446676,0.24529797426820626,,0.1075980658477604,0.1075980658477604,0.1075980658477604,0.1075980658477604,True,0.3500432024659041,0.3500432024659041,0.3500432024659041,0.0,0.0,0.0,0.0,True,,,,0.1690024980158983,0.1690024980158983,0.1690024980158983,0.1690024980158983,True,0.2429012905783227,0.2429012905783227,0.2429012905783227,-0.8289196430135617,0.21208684989859924,0.030292848988487043,0.1353894887284659,-0.04625793876381084,-0.09948167883236406,0.030292848988487043,,False,0.1189809824484168,0.24534992362927882,,,,,,non-targeting control,,0,0.0,0.0,0.0,0.0,0,0.0,0.0,0.0,0.0,0,0.0,0.0,0.0,0.0,0,0.0,0.0,0.0,0.0,0,0.0,0.0,0.0,0.0,0.28567143285671426,0.7196280371962804,0.9114056336301855,0.9879119614920229,0.2856714328567143,0.7196280371962803,0.9114056336301855,0.9879119614920229,0.9114056336301855,0.9114056336301855,0.44048828371510484,0.7949884904246035,0.9999999956433565,0.999999193896047,0.3119634350164082,0.6905247216327269,0.8145711914317326,1.0,0.999999193896047,0.8145711914317326,0.4054818155267456,0.8278880344281987,0.6850351685348322,0.9999999999973488,0.2641308415417074,0.7379330053248614,0.5199643791606386,1.0,0.6850351685348322,0.5199643791606386,0.0032121546214886974,0.9991490394861516,0.24155402753595004,0.9997934568416044,0.0012086155053100509,0.9989857088601789,0.11360985749914479,1.0,0.24155402753595004,0.11360985749914479
gRNA_14697,controlsgRNA,-3.1168985129161495,-2.5184222425795317,0.9063000512952193,-0.8708022151959094,1.9603460414128684,-0.7278953755967006,-0.8708022151959094,,False,-0.06637803411887257,-0.46727005492450463,,944.1180900738062,0.4440389731187157,1.4315371210484926,1.1746014457939284,1.7228772690906278,-0.5880143664480054,0.8370080885207518,1.1746014457939284,1.193263702262941,True,1.5579449145582371,1.9591761574533166,1.7143516144260054,0.34991778215969416,0.34991778215969416,0.34991778215969416,0.34991778215969416,True,1.2587742707993694,1.2587742707993694,1.2587742707993694,0.0,0.0,0.0,0.0,True,,,,0.17520326760744007,0.17520326760744007,0.17520326760744007,0.17520326760744007,True,0.25624338285651793,0.25624338285651793,0.25624338285651793,-1.5893980524002522,0.2550032318735505,-0.0013817132109919359,-1.0814602797856736,-0.438250320493531,-0.5710974268033796,-0.438250320493531,-0.7776225914726121,True,-0.5028327194697308,-0.3432240138794605,-0.42200892375101895,,,,,non-targeting control,,0,0.0,0.0,0.0,0.0,0,0.0,0.0,0.0,0.0,0,0.0,0.0,0.0,0.0,0,0.0,0.0,0.0,0.0,0,0.0,0.0,0.0,0.0,0.04679532046795319,0.958904109589041,0.7553426475534262,0.9879119614920229,0.0467953204679532,0.958904109589041,0.7553426475534257,0.9879119614920229,0.7553426475534262,0.7553426475534257,0.0005602912835792689,0.9749206197228457,0.028369517270440226,0.999999193896047,0.0007349871570109586,0.9994421003925065,0.02481321138405943,1.0,0.028369517270440226,0.02481321138405943,0.7475185340876892,0.25894865857210797,0.940023307080171,0.9999999999973488,0.7636355225674464,0.2402517126416423,0.9222316764143789,1.0,0.940023307080171,0.9222316764143789,0.19117529539306136,0.3651065327449586,0.7300576506065981,0.9840937019657632,0.4083409824066467,0.5990452415906368,0.8834404097328092,1.0,0.7300576506065981,0.8834404097328092
gRNA_14698,controlsgRNA,0.1746788074858934,-3.7743134895958534,0.040961511058547555,0.2880661421772089,-0.48851177103163457,-0.7518237599811676,0.040961511058547555,,False,-0.09207722834889259,0.5125469484784967,,3252.8995330622083,0.06873606768685264,0.4934649332432482,0.2459387956922157,0.05321022465169753,0.17195973257190356,0.20666195076918353,0.17195973257190356,0.20666195076918353,True,0.6223988800256618,0.5403263762469586,0.6012242721801254,0.021644932536734506,0.021644932536734506,0.021644932536734506,0.021644932536734506,True,0.02770755496213286,0.02770755496213286,0.02770755496213286,0.0,0.0,0.0,0.0,True,,,,0.40685364860421436,0.40685364860421436,0.40685364860421436,0.40685364860421436,True,0.7546816353847149,0.7546816353847149,0.7546816353847149,-0.3203660221080373,0.25559041284200873,-0.6466362275476608,-1.709497858460935,0.007273201392101036,-0.4827272987765047,-0.3203660221080373,,False,-0.38631889082050425,-0.1951402722086346,,,,,,non-targeting control,,0,0.0,0.0,0.0,0.0,0,0.0,0.0,0.0,0.0,0,0.0,0.0,0.0,0.0,0,0.0,0.0,0.0,0.0,0,0.0,0.0,0.0,0.0,0.4575542445755426,0.5477452254774523,0.9981029294330835,0.9879119614920229,0.45755424457554245,0.5477452254774523,0.998102929433084,0.9879119614920229,0.9879119614920229,0.9879119614920229,0.25476192421343835,0.9611537376935575,0.9096829967810744,0.999999193896047,0.11471293845686137,0.8866398086050907,0.4872882106606286,1.0,0.9096829967810744,0.4872882106606286,0.6847843997922023,0.35191775470697706,0.902715496508009,0.9999999999973488,0.6704341138604388,0.3327982075068125,0.8783387693781358,1.0,0.902715496508009,0.8783387693781358,0.562360769097365,0.5264186127935464,0.9483359320886435,0.9840937019657632,0.5006176294208927,0.5040968319175405,0.9127546941314479,1.0,0.9483359320886435,0.9127546941314479
gRNA_14699,controlsgRNA,1.7036716126676033,-0.8708998978920245,-2.464308110816803,-0.17670890505727163,-0.023538442709445998,-0.3663567487615883,-0.17670890505727163,-0.8838638391188861,True,0.321916104064634,0.27862979570446267,0.2454507253861345,2890.917306823317,-0.450213682371783,-0.20098687050630804,-0.4842234334047161,0.0644841617469161,-0.46672968911273804,-0.3075339027297258,-0.450213682371783,-0.4005384188488863,True,-0.14075942761449745,-0.3401183549306895,-0.08384580054207426,0.19923306009255148,0.19923306009255148,0.19923306009255148,0.19923306009255148,True,0.6936865818994042,0.6936865818994042,0.6936865818994042,0.0,0.0,0.0,0.0,True,,,,0.4301150903099895,0.4301150903099895,0.4301150903099895,0.4301150903099895,True,0.8047328906652945,0.8047328906652945,0.8047328906652945,0.5934810920287716,-0.03553907704203681,-0.14752314305941572,-0.8219494387511892,-1.4857863533010647,-0.37946338402498697,-0.14752314305941572,-0.6226995030384266,True,-0.25016797265789126,0.021981266462943957,-0.27691999614486473,,,,,non-targeting control,,0,0.0,0.0,0.0,0.0,0,0.0,0.0,0.0,0.0,0,0.0,0.0,0.0,0.0,0,0.0,0.0,0.0,0.0,0,0.0,0.0,0.0,0.0,0.14828517148285172,0.8556144385561443,0.8577726842700345,0.9879119614920229,0.14828517148285175,0.8556144385561444,0.8577726842700347,0.9879119614920229,0.8577726842700345,0.8577726842700347,0.8756590453036608,0.4513365935296555,0.9999999956433565,0.999999193896047,0.7410176567141806,0.2610718578728922,1.0,0.7904822937875646,0.999999193896047,0.7904822937875646,0.4771393785663083,0.4081492836057778,0.7635244992361461,0.9999999999973488,0.5409263347677238,0.4628172902744781,0.7822626995102466,1.0,0.7635244992361461,0.7822626995102466,0.3029683817825864,0.6154692812061968,0.8658009283426236,0.9840937019657632,0.3440725620631175,0.6601956652215781,0.8639456274350743,1.0,0.8658009283426236,0.8639456274350743
gRNA_14700,controlsgRNA,-0.9164060377767316,-2.4075083776372646,0.13722717645586774,-0.7482852500914253,-0.1698435161578449,-0.8209632010414797,-0.7482852500914253,-1.0605107954158164,True,-0.16633330415472108,-0.3356085266601048,0.11865064935183078,2064.6482904051813,0.37566361622129385,-0.26089178318754364,0.20473415576588413,-0.13622863945186184,0.3501075194915389,0.10667697376786227,0.20473415576588413,,False,0.47400335073746147,0.5867058381870649,,0.20548778922158212,0.20548778922158212,0.20548778922158212,0.20548778922158212,True,0.7171426455250471,0.7171426455250471,0.7171426455250471,0.0,0.0,0.0,0.0,True,,,,0.5391453298370831,0.5391453298370831,0.5391453298370831,0.5391453298370831,True,1.0393314345087084,1.0393314345087084,1.0393314345087084,-0.04185441003185075,-0.2173133079737914,0.1826037391286905,-0.138041192600559,-1.8699846369358404,-0.41691796168267026,-0.138041192600559,-0.5667983868855104,True,-0.299550907149163,0.03389229042046273,-0.22456735409139034,,,,,non-targeting control,,0,0.0,0.0,0.0,0.0,0,0.0,0.0,0.0,0.0,0,0.0,0.0,0.0,0.0,0,0.0,0.0,0.0,0.0,0,0.0,0.0,0.0,0.0,0.13428657134286573,0.8708129187081292,0.8143830778212503,0.9879119614920229,0.13428657134286576,0.8708129187081292,0.8143830778212504,0.9879119614920229,0.8143830778212503,0.8143830778212504,0.35523698502750334,0.9014961758869436,0.9999999956433565,0.999999193896047,0.20020329441427243,0.8018433489968226,0.6721110598193432,1.0,0.999999193896047,0.6721110598193432,0.6055424652161345,0.4241762083273223,0.8559547628619044,0.9999999999973488,0.570814814695949,0.43198875225825994,0.8129786754760485,1.0,0.8559547628619044,0.8129786754760485,0.8074714008133081,0.4400228350125139,0.990347575626862,0.9840937019657632,0.7017186714260364,0.3013370197941427,0.9641177804211494,1.0,0.9840937019657632,0.9641177804211494
gRNA_14701,controlsgRNA,0.08901716155611084,0.40617417995078964,1.4136724650131889,0.3558475266867903,-0.10448585775721982,0.43204509508993194,0.3558475266867903,0.5661778333017199,True,1.1794033346720503,0.8509357912917827,1.2863143675922182,1923.1812019882511,0.5596062717900544,1.7628029491770627,2.297543392672384,1.266441673861917,1.853607169851945,1.5480002914706728,1.7628029491770627,1.5480002914706728,True,2.6131840858903748,2.791546847177058,2.1145809837174396,0.35085171476432464,0.35085171476432464,0.35085171476432464,0.35085171476432464,True,1.2622766419083915,1.2622766419083915,1.2622766419083915,0.0,0.0,0.0,0.0,True,,,,1.5962940308966818,1.5962940308966818,1.5962940308966818,1.5962940308966818,True,3.3139806233047193,3.3139806233047193,3.3139806233047193,1.8246163255329937,1.4066274760032649,1.3143517315889348,-0.2914787549907131,1.357909675303496,1.1224052906875952,1.357909675303496,1.4758763021071724,True,1.7300087378011655,1.9130738685347863,1.6884430504235355,,,,,non-targeting control,,0,0.0,0.0,0.0,0.0,0,0.0,0.0,0.0,0.0,0,0.0,0.0,0.0,0.0,0,0.0,0.0,0.0,0.0,0,0.0,0.0,0.0,0.0,0.04119588041195879,0.9637036296370363,0.7553426475534262,0.9879119614920229,0.04119588041195879,0.9637036296370363,0.7553426475534257,0.9879119614920229,0.7553426475534262,0.7553426475534257,2.4966470573638124e-06,0.999999193896047,0.0009387392935687935,0.999999193896047,3.5364764527958713e-07,0.9999998514305586,0.00013297151462512475,1.0,0.0009387392935687935,0.00013297151462512475,4.47824891811913e-06,0.9989791481799575,0.0008419107966063964,0.9999999999973488,2.9828804648975446e-06,1.0,0.0005115123556010785,1.0,0.0008419107966063964,0.0005115123556010785,0.09584535918655164,0.9842242765413909,0.7124107290566989,0.9997934568416044,0.04050382206313903,0.9605202696915248,0.7252112902733465,1.0,0.7124107290566989,0.7252112902733465
gRNA_14702,controlsgRNA,-0.5355269458877063,-4.3371482425063075,0.4022478159259413,-0.33634701879631074,-1.3138946357552252,-1.224133805403922,-0.5355269458877063,-1.6307292107363875,True,-0.5993403765449018,-0.10697012169704812,-0.29066146071516313,3664.648290405182,-1.3016797100764073,-2.02545915998227,0.38239584436298885,-1.1315097148340025,-0.7946281358305195,-0.9741761752720421,-1.1315097148340025,-1.3133191801808,True,-1.1301753963604668,-1.3042281798544841,-1.113685065854784,-0.23961685831371815,-0.23961685831371815,-0.23961685831371815,-0.23961685831371815,True,-0.9520588046543667,-0.9520588046543667,-0.9520588046543667,0.0,0.0,0.0,0.0,True,,,,-0.8322625460271416,-0.8322625460271416,-0.8322625460271416,-0.8322625460271416,True,-1.9115039675651135,-1.9115039675651135,-1.9115039675651135,0.6687667786093456,0.1080004919348313,-0.0596783784936136,-0.7663260023304485,-0.388703479511984,-0.08758811795837382,-0.0596783784936136,,False,0.13466234836518687,0.13232998636250196,,,,,,non-targeting control,,0,0.0,0.0,0.0,0.0,0,0.0,0.0,0.0,0.0,0,0.0,0.0,0.0,0.0,0,0.0,0.0,0.0,0.0,0,0.0,0.0,0.0,0.0,0.9187081291870813,0.0857914208579142,0.9985561443855614,0.85727690967167,0.9187081291870813,0.08579142085791425,0.9985561443855614,0.8572769096716699,0.85727690967167,0.8572769096716699,0.9456004688110018,0.026533227086317297,0.9999999956433565,0.36079716481192814,0.9807116241668021,0.020117798151532685,1.0,0.1820143214654083,0.36079716481192814,0.1820143214654083,0.2967966491602208,0.789899178901993,0.574937859505753,0.9999999999973488,0.24203476936356955,0.760887798879957,0.4919193150308224,1.0,0.574937859505753,0.4919193150308224,0.7943379312492096,0.21777596996467238,0.9866557117120665,0.9840937019657632,0.8022584477393325,0.2005643687066016,0.9668242831730418,1.0,0.9840937019657632,0.9668242831730418
gRNA_14703,controlsgRNA,0.26232082683813446,-2.258327130259462,-1.3933295540107755,-0.6025421682911085,0.4052973948562734,-0.7173161261733877,-0.6025421682911085,,False,-0.055015871869672224,-0.17898730389778192,,2093.206808254255,-0.26365569801911726,-0.38762580187126966,-0.5798582438924121,-0.04545557238627506,0.23623047093929522,-0.2080729690459558,-0.26365569801911726,-0.31914882904226854,True,0.006858327973990657,-0.07611801284392028,0.007981502268563432,-0.15669373435441236,-0.15669373435441236,-0.15669373435441236,-0.15669373435441236,True,-0.6410860940059048,-0.6410860940059048,-0.6410860940059048,0.0,0.0,0.0,0.0,True,,,,-0.44685253426814303,-0.44685253426814303,-0.44685253426814303,-0.44685253426814303,True,-1.0822236877683709,-1.0822236877683709,-1.0822236877683709,-0.3780919352195776,-0.455295427498348,-0.13356356384613802,-0.9078631246367233,-1.3602409165663594,-0.6470109935534293,-0.455295427498348,-0.6470109935534293,True,-0.6029228800925264,-0.36463571380067333,-0.2996882492372849,,,,,non-targeting control,,0,0.0,0.0,0.0,0.0,0,0.0,0.0,0.0,0.0,0,0.0,0.0,0.0,0.0,0,0.0,0.0,0.0,0.0,0,0.0,0.0,0.0,0.0,0.8240175982401761,0.1800819918008199,0.9985561443855614,0.85727690967167,0.8240175982401761,0.1800819918008199,0.9985561443855614,0.8572769096716699,0.85727690967167,0.8572769096716699,0.7678809931859021,0.5708391254326892,0.9999999956433565,0.999999193896047,0.612831774324161,0.38947752154908716,1.0,0.9447970845319791,0.999999193896047,0.9447970845319791,0.921014719315796,0.24146924301966846,0.9999999989234004,0.9999999999973488,0.8617608507756744,0.1395534208739353,0.979540719064569,1.0,0.9999999989234004,0.979540719064569,0.6718139054532446,0.4721459035970097,0.9780765380247597,0.9840937019657632,0.6101888952175736,0.39253486227327666,0.9267076074036414,1.0,0.9780765380247597,0.9267076074036414
gRNA_14704,controlsgRNA,-0.8263517165913337,-3.141446154648938,0.6661371003096315,0.9766982481559884,-0.002085900941530826,-0.4654096847432365,-0.002085900941530826,,False,0.21553279794813032,0.4662865138772632,,2745.112215695135,0.8650796221117423,1.1449129227962145,-0.23321993231283034,0.8054840351086197,1.2317459570000144,0.762800520940752,0.8650796221117423,1.0118056342541477,True,1.4478076559570927,1.5211682768527874,1.509622668155755,-0.034279247074711625,-0.034279247074711625,-0.034279247074711625,-0.034279247074711625,True,-0.1820155342584006,-0.1820155342584006,-0.1820155342584006,0.0,0.0,0.0,0.0,True,,,,0.46811509300899046,0.46811509300899046,0.46811509300899046,0.46811509300899046,True,0.8864968612655438,0.8864968612655438,0.8864968612655438,-0.32676811910100995,0.7256015647655542,0.3257773383867081,-0.7327829502476682,0.43917230860279943,0.08620002848127672,0.3257773383867081,,False,0.3637977221351349,0.6165312378081527,,,,,,non-targeting control,,0,0.0,0.0,0.0,0.0,0,0.0,0.0,0.0,0.0,0,0.0,0.0,0.0,0.0,0,0.0,0.0,0.0,0.0,0,0.0,0.0,0.0,0.0,0.5717428257174282,0.43315668433156673,0.9981029294330835,0.9727487021412807,0.5717428257174283,0.43315668433156684,0.998102929433084,0.9727487021412802,0.9727487021412807,0.9727487021412802,0.0018847514328764272,0.9963239339765537,0.06308901570772625,0.999999193896047,0.0008605541629376627,0.9992350603688802,0.02488987425112009,1.0,0.06308901570772625,0.02488987425112009,0.11746360301340536,0.8891308434538866,0.34771135657724217,0.9999999999973488,0.09269595035074646,0.9091919311602933,0.2953701468803447,1.0,0.34771135657724217,0.2953701468803447,0.31083171784469,0.6249148675435965,0.8658009283426236,0.9840937019657632,0.31875939100150186,0.6847829111627719,0.8622556188242064,1.0,0.8658009283426236,0.8622556188242064
gRNA_14705,controlsgRNA,1.7646000148841363,-4.192910876167527,0.7635210997188502,-0.4132692602691241,-4.317504047625315,-1.279112613891796,-0.4132692602691241,,False,-0.6583878682252067,0.024412774678842765,,2058.2617864136164,-0.7509738092255615,-1.7526074583029392,-1.7817403356751287,-0.9468696947815017,-0.5978418617832401,-1.1660066319536742,-0.9468696947815017,-1.1660066319536742,True,-1.414885989957861,-1.0429419710336307,-0.9474805917199476,-0.100123472584227,-0.100123472584227,-0.100123472584227,-0.100123472584227,True,-0.42894011101808704,-0.42894011101808704,-0.42894011101808704,0.0,0.0,0.0,0.0,True,,,,1.0650403357742964,1.0650403357742964,1.0650403357742964,1.0650403357742964,True,2.1708909279347104,2.1708909279347104,2.1708909279347104,0.6413915475560473,-0.38838372090650786,-0.25505976559770605,-2.3526889277130345,1.1414739848827642,-0.24265337635568737,-0.25505976559770605,,False,-0.06978736048731211,-0.11310394547969152,,,,,,non-targeting control,,0,0.0,0.0,0.0,0.0,0,0.0,0.0,0.0,0.0,0,0.0,0.0,0.0,0.0,0,0.0,0.0,0.0,0.0,0,0.0,0.0,0.0,0.0,0.7406259374062594,0.2637736226377363,0.9985561443855614,0.9229707659864644,0.7406259374062594,0.2637736226377363,0.9985561443855614,0.9229707659864644,0.9229707659864644,0.9229707659864644,0.9990320994630318,0.013336208518847996,0.9999999956433565,0.27857857794926927,0.996584580202459,0.003602802113617907,1.0,0.08466584967002082,0.27857857794926927,0.08466584967002082,0.08513999113281157,0.4048416869324076,0.280812602332782,0.9999999999973488,0.23777614026971,0.768723046075915,0.4881606798297918,1.0,0.280812602332782,0.4881606798297918,0.24383343741667318,0.14060675195780775,0.8085190611078275,0.9840937019657632,0.5988430616017969,0.4101159764927662,0.9242205503511836,1.0,0.8085190611078275,0.9242205503511836
gRNA_14706,controlsgRNA,-0.36464319582017524,-5.595530533444277,-0.11895341110941068,-0.5387688801134373,-1.3441300737582733,-1.5924052188491147,-0.5387688801134373,-1.5924052188491147,True,-0.994865558330084,-0.11045403116483803,-0.2631518721713571,1529.3869558668475,0.773647980247597,0.8502949386824509,-0.32180146201438237,1.0848300949338876,0.18522543506483935,0.5144393973828785,0.773647980247597,0.7234996122321937,True,1.079195475504266,1.3917823124115156,1.184343176647767,0.4299361546297383,0.4299361546297383,0.4299361546297383,0.4299361546297383,True,1.558853778186228,1.558853778186228,1.558853778186228,0.0,0.0,0.0,0.0,True,,,,1.0561918806231276,1.0561918806231276,1.0561918806231276,1.0561918806231276,True,2.1518518548965178,2.1518518548965178,2.1518518548965178,-0.05884997161331218,-1.539981527811591,-1.9774512752307158,-0.572820910844609,0.1083179271040301,-0.8081571516792394,-0.572820910844609,-1.0372759213750569,True,-0.8153901048728478,-0.5122687196711844,-0.665180058316393,,,,,non-targeting control,,0,0.0,0.0,0.0,0.0,0,0.0,0.0,0.0,0.0,0,0.0,0.0,0.0,0.0,0,0.0,0.0,0.0,0.0,0,0.0,0.0,0.0,0.0,0.026797320267973195,0.9774022597740226,0.7553426475534262,0.9879119614920229,0.026797320267973195,0.9774022597740226,0.7553426475534257,0.9879119614920229,0.7553426475534262,0.7553426475534257,0.019858999179265056,0.9807346005884123,0.23340132564334026,0.999999193896047,0.011703665088086339,0.988729043912599,0.14668593577068212,1.0,0.23340132564334026,0.14668593577068212,0.8476570381313971,0.1118088238366104,0.9921576341687368,0.9999999999973488,0.8921581903174716,0.11030168501818,0.9874349826518847,1.0,0.9921576341687368,0.9874349826518847,0.8903520850699685,0.1214748151914695,0.9999999997953558,0.9840937019657632,0.8938396120431593,0.10928830250420418,0.9918167876570679,0.977034914236814,0.9840937019657632,0.977034914236814
gRNA_14707,controlsgRNA,-1.766529074311262,-4.082059989970022,1.1865141579419314,0.4096301698351421,-0.2748946250790758,-0.9054678723166572,-0.2748946250790758,,False,-0.25709170746148724,0.17311557617750442,,4418.617261635788,-0.28080484160913943,0.24175458897158658,0.24983809178219407,-0.10867391312756386,0.21201048960446098,0.06282488312430767,0.21201048960446098,,False,0.408919031106539,0.59700266160734,,-0.07378475520556348,-0.07378475520556348,-0.07378475520556348,-0.07378475520556348,True,-0.33016642827229153,-0.33016642827229153,-0.33016642827229153,0.0,0.0,0.0,0.0,True,,,,-0.15449955053818648,-0.15449955053818648,-0.15449955053818648,-0.15449955053818648,True,-0.4531726596425287,-0.4531726596425287,-0.4531726596425287,0.3399555583742375,0.31989938125647943,0.005432545902599189,-0.9672512859363064,-1.005852815734991,-0.2615633232275963,0.005432545902599189,,False,-0.09471965784609292,0.21412094105527665,,,,,,non-targeting control,,0,0.0,0.0,0.0,0.0,0,0.0,0.0,0.0,0.0,0,0.0,0.0,0.0,0.0,0,0.0,0.0,0.0,0.0,0,0.0,0.0,0.0,0.0,0.6663333666633338,0.33766623337666235,0.9985561443855614,0.9546052913505642,0.6663333666633336,0.33766623337666235,0.9985561443855614,0.9546052913505642,0.9546052913505642,0.9546052913505642,0.4380530168196085,0.8819984663588409,0.9999999956433565,0.999999193896047,0.2508253327112463,0.7513620473185276,0.7381937841939381,1.0,0.999999193896047,0.7381937841939381,0.440192460151371,0.5655334551757587,0.7196189783344152,0.9999999999973488,0.42663753670629717,0.5767397107376061,0.6944403194873062,1.0,0.7196189783344152,0.6944403194873062,0.3930859506694012,0.33852872171585824,0.8749945536019875,0.9840937019657632,0.5294198451031975,0.47658637253306535,0.9127546941314479,1.0,0.8749945536019875,0.9127546941314479
gRNA_14708,controlsgRNA,-0.8453402537778967,-3.866268186788128,-0.22387743115701564,0.6266288550938458,0.8469697106944885,-0.6923774611869412,-0.22387743115701564,,False,-0.028231631654100964,0.22794065051566928,,2776.5627353517093,0.1600851745873963,-0.1014969652945778,-0.12694018206334826,-0.13857065037214542,0.5441919445479435,0.06745386428105367,-0.1014969652945778,,False,0.41578926430978663,0.1533546685863649,,-0.008322933856804753,-0.008322933856804753,-0.008322933856804753,-0.008322933856804753,True,-0.08467591782313273,-0.08467591782313273,-0.08467591782313273,0.0,0.0,0.0,0.0,True,,,,-0.5071020152497163,-0.5071020152497163,-0.5071020152497163,-0.5071020152497163,True,-1.2118614888674522,-1.2118614888674522,-1.2118614888674522,-0.8833253084250831,-0.2909545533767369,-0.1398083955016398,-0.6620562373934584,-0.876992800010067,-0.5706274589413971,-0.6620562373934584,-0.5706274589413971,True,-0.5022130784647408,-0.6243642338791877,-0.22815336547245896,,,,,non-targeting control,,0,0.0,0.0,0.0,0.0,0,0.0,0.0,0.0,0.0,0,0.0,0.0,0.0,0.0,0,0.0,0.0,0.0,0.0,0,0.0,0.0,0.0,0.0,0.5116488351164884,0.49325067493250685,0.9981029294330835,0.9778839374945756,0.5116488351164884,0.49325067493250674,0.998102929433084,0.9778839374945756,0.9778839374945756,0.9778839374945756,0.40040513875346173,0.8768373931713218,0.9999999956433565,0.999999193896047,0.24080455633713216,0.7611971700552556,0.7367036368094579,1.0,0.999999193896047,0.7367036368094579,0.9153370177664419,0.31855117495451235,0.9999999989234004,0.9999999999973488,0.8274719641100563,0.17454557328084386,0.9668969214312231,1.0,0.9999999989234004,0.9668969214312231,0.38316934336610753,0.4835947223720246,0.8749945536019875,0.9840937019657632,0.4292263679378786,0.5753529579842285,0.8923564534901759,1.0,0.8749945536019875,0.8923564534901759
gRNA_14709,controlsgRNA,-0.9087164000588627,-3.759094046864145,-0.005623147588352033,-0.687358786598927,0.17612840092188012,-1.0369327960376815,-0.687358786598927,-1.3401980952775718,True,-0.39828563659840555,-0.2701345632108266,-0.0821134715350683,3401.114625696641,0.062324253011150146,-0.09494382847956828,-0.15336502331828408,-0.16954790571599052,0.07041874979171488,-0.05702275094219557,-0.09494382847956828,,False,0.2310437779972416,0.16262808760891126,,-0.17659017327006524,-0.17659017327006524,-0.17659017327006524,-0.17659017327006524,True,-0.71570037825415,-0.71570037825415,-0.71570037825415,0.0,0.0,0.0,0.0,True,,,,-0.38120553665939594,-0.38120553665939594,-0.38120553665939594,-0.38120553665939594,True,-0.9409721403673663,-0.9409721403673663,-0.9409721403673663,-0.5328379115444423,-0.19240373249791295,0.6404519991657548,-0.6416273656946888,-0.9357383774273578,-0.3324310775997294,-0.5328379115444423,-0.5756518467911005,True,-0.18815703961789565,-0.4620429286143553,-0.23285881675385747,,,,,non-targeting control,,0,0.0,0.0,0.0,0.0,0,0.0,0.0,0.0,0.0,0,0.0,0.0,0.0,0.0,0,0.0,0.0,0.0,0.0,0,0.0,0.0,0.0,0.0,0.8472152784721528,0.15738426157384264,0.9985561443855614,0.85727690967167,0.8472152784721527,0.1573842615738426,0.9985561443855614,0.8572769096716699,0.85727690967167,0.8572769096716699,0.6353339389922726,0.8018225072996861,0.9999999956433565,0.999999193896047,0.40335283968539504,0.5991193445466361,0.9181815541016815,1.0,0.999999193896047,0.9181815541016815,0.5413055493444464,0.5074855603740923,0.7981603394255367,0.9999999999973488,0.5399406898781011,0.4633832431206682,0.7822626995102466,1.0,0.7981603394255367,0.7822626995102466,0.7840278831051969,0.34475849473234976,0.9866557117120665,0.9840937019657632,0.7299802335778659,0.2724506634340894,0.9641177804211494,1.0,0.9840937019657632,0.9641177804211494
gRNA_14710,controlsgRNA,-2.1474407057424987,-6.006408891532,-3.4060813916393085,0.08715608737645766,-12.098344610508867,-4.714223902409243,-3.4060813916393085,-5.914568899855668,True,-4.34771309749771,-3.1917803352989726,-3.3656716940419638,1062.5696641060401,-0.01859899532083846,-0.12390972323309585,-1.9697835570114774,0.4754030418887112,-0.3464789278637883,-0.3966736323080978,-0.12390972323309585,-0.6146928008573,True,-0.2730586764427966,0.12163811792031903,-0.32546416146066703,0.24758597614973277,0.24758597614973277,0.24758597614973277,0.24758597614973277,True,0.8750164288241086,0.8750164288241086,0.8750164288241086,0.0,0.0,0.0,0.0,True,,,,-0.19539960218270055,-0.19539960218270055,-0.19539960218270055,-0.19539960218270055,True,-0.5411766170816855,-0.5411766170816855,-0.5411766170816855,-0.7331383042823019,-0.4054103183716999,-0.3726963044570957,-0.7761869516835386,-2.3846070085598328,-0.9344077774708938,-0.7331383042823019,-0.9344077774708938,True,-0.9818484331427004,-0.7136560104326218,-0.5688417472567666,,,,,non-targeting control,,0,0.0,0.0,0.0,0.0,0,0.0,0.0,0.0,0.0,0,0.0,0.0,0.0,0.0,0,0.0,0.0,0.0,0.0,0,0.0,0.0,0.0,0.0,0.11388861113888617,0.892010798920108,0.8143830778212503,0.9879119614920229,0.11388861113888626,0.892010798920108,0.8143830778212504,0.9879119614920229,0.8143830778212503,0.8143830778212504,0.661076270611256,0.318493778824919,0.9999999956433565,0.999999193896047,0.674483861870069,0.330542572077943,1.0,0.9006087471109172,0.999999193896047,0.9006087471109172,0.9709061288822719,0.09023814672442489,0.9999999989234004,0.9999999999973488,0.9525008209709409,0.04896859513492894,1.0,0.8369178077606036,0.9999999989234004,0.8369178077606036,0.9858741373428328,0.0005907344908496523,0.9999999997953558,0.07403872285315642,1.0,0.0007789770659099965,1.0,0.09763179226071957,0.07403872285315642,0.09763179226071957
gRNA_14711,controlsgRNA,-0.3029022675954596,-3.321842439734107,0.1165914134432971,0.04365722961238182,-0.46619554149278863,-0.7861383211533354,-0.3029022675954596,,False,-0.12893122393473322,0.14301746679611962,,4596.234372646482,0.16703410956631576,0.04328734379679007,0.28746083268375194,0.27662429089612584,0.20264759416902517,0.19541083422240174,0.20264759416902517,0.19541083422240174,True,0.6057002174353724,0.5837531209540433,0.5885302693161978,-0.22980131840586285,-0.22980131840586285,-0.22980131840586285,-0.22980131840586285,True,-0.9152492284362558,-0.9152492284362558,-0.9152492284362558,0.0,0.0,0.0,0.0,True,,,,-0.36055093750159517,-0.36055093750159517,-0.36055093750159517,-0.36055093750159517,True,-0.8965299846213417,-0.8965299846213417,-0.8965299846213417,0.7353382010952126,-0.2636895518407653,0.4490570559695467,0.00519417481168549,-0.3578646125589739,0.1136070534953411,0.00519417481168549,,False,0.39993320691459144,0.21382150437429284,,,,,,non-targeting control,,0,0.0,0.0,0.0,0.0,0,0.0,0.0,0.0,0.0,0,0.0,0.0,0.0,0.0,0,0.0,0.0,0.0,0.0,0,0.0,0.0,0.0,0.0,0.9051094890510949,0.09979002099790024,0.9985561443855614,0.85727690967167,0.9051094890510949,0.09979002099790019,0.9985561443855614,0.8572769096716699,0.85727690967167,0.8572769096716699,0.2901542251867578,0.9602054548081853,0.982211453714299,0.999999193896047,0.12811055760688517,0.8731602196172574,0.501766350626967,1.0,0.982211453714299,0.501766350626967,0.1326108032973901,0.9414308065182501,0.37489971458510285,0.9999999999973488,0.08129799737984189,0.9199436396983587,0.26814076328789954,1.0,0.37489971458510285,0.26814076328789954,0.6771266511463456,0.531792163204563,0.9792293108885612,0.9840937019657632,0.5687501851272081,0.4348497812790434,0.9197840034090436,1.0,0.9792293108885612,0.9197840034090436
gRNA_14712,controlsgRNA,1.1278623409049355,-0.7260253341451496,-2.51449069650743,-1.0864682162089923,-1.1246662071002873,-0.8647576226113847,-1.0864682162089923,-1.3629126134904648,True,-0.2133687131498628,-0.6990331847395349,-0.09841832442840658,1873.6556710347945,-0.1777533571619288,-0.7597113364780594,0.22964316466070142,-0.6078881359103457,-0.7275098986915868,-0.40864391271624384,-0.6078881359103457,-0.5682156820604802,True,-0.29082470640219266,-0.5632452814836466,-0.27302663877917865,-0.14586837985030812,-0.14586837985030812,-0.14586837985030812,-0.14586837985030812,True,-0.6004895791480724,-0.6004895791480724,-0.6004895791480724,0.0,0.0,0.0,0.0,True,,,,-0.6161368484719936,-0.6161368484719936,-0.6161368484719936,-0.6161368484719936,True,-1.4464699168880044,-1.4464699168880044,-1.4464699168880044,0.7597803658402627,-0.40033796224867585,-0.34985653025546354,-1.206660485594638,-1.0410854742446833,-0.4476320173006396,-0.40033796224867585,-0.7494851130858652,True,-0.34004663000594765,-0.2955993179585168,-0.3956575476847668,,,,,non-targeting control,,0,0.0,0.0,0.0,0.0,0,0.0,0.0,0.0,0.0,0,0.0,0.0,0.0,0.0,0,0.0,0.0,0.0,0.0,0,0.0,0.0,0.0,0.0,0.8009199080091991,0.20397960203979598,0.9985561443855614,0.85727690967167,0.8009199080091991,0.20397960203979604,0.9985561443855614,0.8572769096716699,0.85727690967167,0.8572769096716699,0.8791932235107643,0.3185343436682974,0.9999999956433565,0.999999193896047,0.8065835139044739,0.19551987614805455,1.0,0.6760006398752195,0.999999193896047,0.6760006398752195,0.5269974574450946,0.3228812710313953,0.7957873252986167,0.9999999999973488,0.6489663084484035,0.35519063072102774,0.8640107916567412,1.0,0.7957873252986167,0.8640107916567412,0.6731817991017521,0.3294149435081103,0.9780765380247597,0.9840937019657632,0.7126031555308081,0.29043796979550307,0.9641177804211494,1.0,0.9780765380247597,0.9641177804211494
gRNA_14713,controlsgRNA,-0.614836410436312,-4.699837353055716,-0.5917886063652729,-0.06651788527969033,-0.3197866493286371,-1.2585533808931255,-0.5917886063652729,-1.2585533808931255,True,-0.6363071579873667,-0.16743110516045648,-0.02350755944482582,3635.487272179545,0.22057586367990803,0.37405087620564026,0.4380599742228048,0.049681198865022674,-0.4890911150594615,0.11865535958278288,0.22057586367990803,0.27059197824334397,True,0.4917814105653887,0.6091236206424917,0.6733529314535107,0.07429312629559169,0.07429312629559169,0.07429312629559169,0.07429312629559169,True,0.2251452628320368,0.2251452628320368,0.2251452628320368,0.0,0.0,0.0,0.0,True,,,,-0.33270232167580555,-0.33270232167580555,-0.33270232167580555,-0.33270232167580555,True,-0.8366085834658264,-0.8366085834658264,-0.8366085834658264,-0.49774146408510717,-0.8019650229985889,-0.4578451038654435,-1.4347291180338388,-1.5945844676487957,-0.9573730353263548,-0.8019650229985889,-0.9573730353263548,True,-1.0121275577564244,-0.8001146667084896,-0.5903492234381698,,,,,non-targeting control,,0,0.0,0.0,0.0,0.0,0,0.0,0.0,0.0,0.0,0,0.0,0.0,0.0,0.0,0,0.0,0.0,0.0,0.0,0,0.0,0.0,0.0,0.0,0.3056694330566944,0.6995300469953005,0.9177035052400272,0.9879119614920229,0.30566943305669425,0.6995300469953005,0.9177035052400273,0.9879119614920229,0.9177035052400272,0.9177035052400273,0.30928462838199905,0.8886835329165589,0.9999999956433565,0.999999193896047,0.1852014466008713,0.8170860002367988,0.6330522174720691,1.0,0.999999193896047,0.6330522174720691,0.9878254278927192,0.06634729378946018,0.9999999989234004,0.9999999999973488,0.973344338728392,0.02735553601381723,1.0,0.7123480329959567,0.9999999989234004,0.7123480329959567,0.8462600446587791,0.21283214880174478,0.9917363304007057,0.9840937019657632,0.8219225811935744,0.18195524403350544,0.9769608577797501,1.0,0.9840937019657632,0.9769608577797501
gRNA_14714,controlsgRNA,-1.2464929876911026,-4.1857126425743045,-2.573885969121725,0.5034858024066834,-0.044959777284721905,-1.5095131148530343,-1.2464929876911026,-2.012762844167964,True,-0.9058390596537614,-0.8710020704814236,-0.5648914547228606,2720.1687001054374,0.47611214815642794,0.25339542999669235,-0.10496706411307853,0.16870896995611293,-1.2326346035253903,-0.08787702390584713,0.16870896995611293,,False,0.18525053680678577,0.5357261848073401,,-0.03574150582284858,-0.03574150582284858,-0.03574150582284858,-0.03574150582284858,True,-0.18749919846285978,-0.18749919846285978,-0.18749919846285978,0.0,0.0,0.0,0.0,True,,,,0.1368833221954207,0.1368833221954207,0.1368833221954207,0.1368833221954207,True,0.17379099686882216,0.17379099686882216,0.17379099686882216,-0.26917630389748765,-0.3364280771334511,-0.07010072527498108,-0.6751492991311353,-0.6180590682256512,-0.39378269473254124,-0.3364280771334511,-0.39378269473254124,True,-0.26904762974798424,-0.21531708319755813,-0.0625342995788286,,,,,non-targeting control,,0,0.0,0.0,0.0,0.0,0,0.0,0.0,0.0,0.0,0,0.0,0.0,0.0,0.0,0,0.0,0.0,0.0,0.0,0,0.0,0.0,0.0,0.0,0.5764423557644234,0.42835716428357173,0.9981029294330835,0.9727487021412807,0.5764423557644236,0.4283571642835716,0.998102929433084,0.9727487021412802,0.9727487021412807,0.9727487021412802,0.4281839004896592,0.6307564535890773,0.9999999956433565,0.999999193896047,0.3737707955290308,0.6303405043604996,0.875910096608784,1.0,0.999999193896047,0.875910096608784,0.8145112196331312,0.5577900343130516,0.9786118856816304,0.9999999999973488,0.6476745086144371,0.35455493666793014,0.8640107916567412,1.0,0.9786118856816304,0.8640107916567412,0.792188865178094,0.15228633545462925,0.9866557117120665,0.9840937019657632,0.8503328742514569,0.1528300612514636,0.9867522365958622,1.0,0.9840937019657632,0.9867522365958622
gRNA_14715,controlsgRNA,-1.6402213759226925,-3.572944474826804,-2.8673954932236496,-0.27079708389782964,-0.18615037797254672,-1.7075017611687044,-1.6402213759226925,-1.7075017611687044,True,-1.1184797710052596,-1.2941180142320803,-0.34577005378824044,3238.31902394939,-0.1790559246308892,-0.3690123020565027,0.5977563938266885,0.10605123729066053,-0.15580047899454483,-1.2214912917546394e-05,-0.15580047899454483,,False,0.31565757621771756,0.07650914389306596,,0.07151899944828673,0.07151899944828673,0.07151899944828673,0.07151899944828673,True,0.2147419192989054,0.2147419192989054,0.2147419192989054,0.0,0.0,0.0,0.0,True,,,,0.2837888738195137,0.2837888738195137,0.2837888738195137,0.2837888738195137,True,0.4898852166284838,0.4898852166284838,0.4898852166284838,-1.2202782646664527,-0.20917725842971358,-0.15067843943861162,-0.13386117802253267,-0.9389886203824263,-0.5305967521879473,-0.20917725842971358,-0.5305967521879473,True,-0.4494335814614046,-0.05546731845022694,-0.190663715783208,,,,,non-targeting control,,0,0.0,0.0,0.0,0.0,0,0.0,0.0,0.0,0.0,0,0.0,0.0,0.0,0.0,0,0.0,0.0,0.0,0.0,0,0.0,0.0,0.0,0.0,0.30996900309969,0.6944305569443054,0.9177035052400272,0.9879119614920229,0.30996900309969005,0.6944305569443056,0.9177035052400273,0.9879119614920229,0.9177035052400272,0.9177035052400273,0.47004174874717086,0.7940491455341229,0.9999999956433565,0.999999193896047,0.3283375160073137,0.6743822178759024,0.8398292926445575,1.0,0.999999193896047,0.8398292926445575,0.8454706031529469,0.33954170494898994,0.9921576341687368,0.9999999999973488,0.7703766905791616,0.23261253232423623,0.9254365356478107,1.0,0.9921576341687368,0.9254365356478107,0.936063365520457,0.14340569690600177,0.9999999997953558,0.9840937019657632,0.915320280098411,0.08609198467111179,0.9918167876570679,0.9206266127436572,0.9840937019657632,0.9206266127436572
gRNA_14716,controlsgRNA,-0.30135003449173065,-3.088196959466526,0.7675108629566882,-0.5569830698083649,0.052407374385345346,-0.6253223652849176,-0.30135003449173065,,False,0.043785847922053554,0.14468555727228555,,3537.641211025757,-0.12527917194677235,-0.6541690432675556,-1.370993963642965,-0.6554930968619814,-0.6711591261157075,-0.6954188803669965,-0.6554930968619814,-0.6954188803669965,True,-0.7164498791776749,-0.6306116074003187,-0.4165428628703377,0.011028337930441747,0.011028337930441747,0.011028337930441747,0.011028337930441747,True,-0.0121060825968535,-0.0121060825968535,-0.0121060825968535,0.0,0.0,0.0,0.0,True,,,,-0.33431623558038254,-0.33431623558038254,-0.33431623558038254,-0.33431623558038254,True,-0.8400812150361563,-0.8400812150361563,-0.8400812150361563,0.495702525340042,0.4258338922406696,1.182097718052201,-0.30800618136762486,-0.2814984891518862,0.30282589302268026,0.4258338922406696,,False,0.6494135679613598,0.7422201469869716,,,,,,non-targeting control,,0,0.0,0.0,0.0,0.0,0,0.0,0.0,0.0,0.0,0,0.0,0.0,0.0,0.0,0,0.0,0.0,0.0,0.0,0,0.0,0.0,0.0,0.0,0.4877512248775121,0.517848215178482,0.9981029294330835,0.9784468789301971,0.48775122487751227,0.5178482151784821,0.998102929433084,0.9784468789301973,0.9784468789301971,0.9784468789301973,0.9804915296143963,0.10709407668153259,0.9999999956433565,0.6657491645933483,0.9549652071931034,0.04603880047487731,1.0,0.32056646256581234,0.6657491645933483,0.32056646256581234,0.028456524656069775,0.9701945395594003,0.15734784221591522,0.9999999999973488,0.020545940339056275,0.9804594077713935,0.11885036257669475,1.0,0.15734784221591522,0.11885036257669475,0.513614454904942,0.5897208286838826,0.9483359320886435,0.9840937019657632,0.4554371019881585,0.5488411420733084,0.9060547637436381,1.0,0.9483359320886435,0.9060547637436381
gRNA_14717,controlsgRNA,-5.543912458291124,0.37190641552054904,-3.664390705130409,-5.361275688091197,-4.72002930345632,-3.7835403478897005,-4.72002930345632,-4.822402038742263,True,-3.348154704837932,-4.603800213379619,-2.581696447966732,6.386503991564995,-6.217564981862636,-1.804127386382158,-4.484011066607481,-5.935203855019359,-0.2990804989258566,-3.7479975577594984,-4.484011066607481,-3.7479975577594984,True,-5.247020792041403,-6.048391270947121,-3.8605959319205185,3.4860180462251273,3.4860180462251273,3.4860180462251273,3.4860180462251273,True,13.019566115308034,13.019566115308034,13.019566115308034,0.0,0.0,0.0,0.0,True,,,,0.7837762661068198,0.7837762661068198,0.7837762661068198,0.7837762661068198,True,1.5656997308350684,1.5656997308350684,1.5656997308350684,-5.611621383309143,-5.650290646772087,-5.879886727196801,-3.5827469875392737,-4.486071965536384,-5.042123542070738,-5.611621383309143,-5.042123542070738,True,-6.397770096068895,-6.841902417411315,-4.415809176194069,,,,,non-targeting control,,0,0.0,0.0,0.0,0.0,0,0.0,0.0,0.0,0.0,0,0.0,0.0,0.0,0.0,0,0.0,0.0,0.0,0.0,0,0.0,0.0,0.0,0.0,0.005799420057994197,1.0,0.7553426475534262,1.0,0.005799420057994195,1.0,0.7553426475534257,1.0,0.7553426475534262,0.7553426475534257,0.9997264147942134,1.0880737145703145e-05,0.9999999956433565,0.0010227892916960957,0.9999976083219722,4.724757166993787e-06,1.0,0.0003553017389579328,0.0010227892916960957,0.0003553017389579328,0.9999999885755237,6.440858438260045e-06,0.9999999989234004,0.000807254257595259,0.999999645799127,5.200186552332266e-07,1.0,6.517567145589774e-05,0.000807254257595259,6.517567145589774e-05,0.9764950404325788,0.0011764686019041834,0.9999999997953558,0.11058804857899324,0.9990309931309099,0.0010795580019164672,1.0,0.10147845218014792,0.11058804857899324,0.10147845218014792
gRNA_14718,controlsgRNA,0.16020999839195257,-3.8225760571931042,-0.5273455495184637,0.00580354489661769,1.3056351841229756,-0.5756545758600043,0.00580354489661769,,False,0.09712928084664184,0.47476482131267833,,3388.100617562886,0.330902642544948,0.18718660224293796,-0.5365670947141009,-0.21154846343296022,0.1888437158299762,-0.00823651950583979,0.18718660224293796,,False,0.303451242129368,0.5618740940571199,,-0.01002170592409883,-0.01002170592409883,-0.01002170592409883,-0.01002170592409883,True,-0.09104653833665291,-0.09104653833665291,-0.09104653833665291,0.0,0.0,0.0,0.0,True,,,,-0.22286182678883212,-0.22286182678883212,-0.22286182678883212,-0.22286182678883212,True,-0.6002666267087695,-0.6002666267087695,-0.6002666267087695,0.8387013450086329,-0.5266775631129279,-0.40120279542867565,-1.495709783719251,-0.15481762544353567,-0.34794128453915146,-0.40120279542867565,-0.6446019419260975,True,-0.20860686394206412,-0.29668570295609004,-0.29743211865862096,,,,,non-targeting control,,0,0.0,0.0,0.0,0.0,0,0.0,0.0,0.0,0.0,0,0.0,0.0,0.0,0.0,0,0.0,0.0,0.0,0.0,0,0.0,0.0,0.0,0.0,0.5171482851714828,0.48845115488451174,0.9981029294330835,0.9778839374945756,0.5171482851714828,0.4884511548845116,0.998102929433084,0.9778839374945756,0.9778839374945756,0.9778839374945756,0.4937876505005907,0.792652398070071,0.9999999956433565,0.999999193896047,0.3335962959630372,0.6688234725917963,0.8418268945107517,1.0,0.999999193896047,0.8418268945107517,0.39950398480874333,0.41708111067006126,0.6850288088140641,0.9999999999973488,0.5120856536358039,0.4922729192138787,0.7725898917512847,1.0,0.6850288088140641,0.7725898917512847,0.31901681096169865,0.5449313985725692,0.8707963372539546,0.9840937019657632,0.3613178260910692,0.6438719305046116,0.8639456274350743,1.0,0.8707963372539546,0.8639456274350743
gRNA_14719,controlsgRNA,-4.400500565054422,-2.478598136229222,0.5646317713834144,-2.397427797362899,-2.126457926285876,-2.167670530709801,-2.397427797362899,-2.850746106233105,True,-1.612703133394187,-2.1078416856714894,-1.16640955371985,3446.1816538635335,-0.041645042414856705,-0.9344401772297063,0.49297015571687935,-0.4130825122010865,0.34626206255586883,-0.10998710271458027,-0.041645042414856705,,False,0.15243523849069554,0.23805181070882436,,0.04898070066678922,0.04898070066678922,0.04898070066678922,0.04898070066678922,True,0.13022031023691755,0.13022031023691755,0.13022031023691755,0.0,0.0,0.0,0.0,True,,,,-0.5510752812643775,-0.5510752812643775,-0.5510752812643775,-0.5510752812643775,True,-1.3064780302950723,-1.3064780302950723,-1.3064780302950723,-1.469874633266556,-0.4129516729701737,0.3876117730894733,0.7761246128719911,-1.195233166690405,-0.38286461739313404,-0.4129516729701737,,False,-0.254652414750493,-0.31144439237109584,,,,,,non-targeting control,,0,0.0,0.0,0.0,0.0,0,0.0,0.0,0.0,0.0,0,0.0,0.0,0.0,0.0,0,0.0,0.0,0.0,0.0,0,0.0,0.0,0.0,0.0,0.3602639736026397,0.6443355664433555,0.9675661005328038,0.9879119614920229,0.36026397360263973,0.6443355664433557,0.9675661005328039,0.9879119614920229,0.9675661005328038,0.9675661005328039,0.4868451073109361,0.6142136261173766,0.9999999956433565,0.999999193896047,0.42988095612937527,0.5738546989539544,0.9181815541016815,1.0,0.999999193896047,0.9181815541016815,0.3134468558697756,0.3120106956698441,0.5892800890351781,0.9999999999973488,0.5161737519189069,0.49065391907177947,0.7725898917512847,1.0,0.5892800890351781,0.7725898917512847,0.9229842999069041,0.04538746241447756,0.9999999997953558,0.9840937019657632,0.9653605324605451,0.03585595836422946,1.0,0.7866625127117199,0.9840937019657632,0.7866625127117199
gRNA_14720,controlsgRNA,0.21259905290766545,-3.8081913313285702,0.20856271429048578,-0.7029492452461682,0.9025089143526333,-0.6374939790047909,0.20856271429048578,,False,0.030713479138022574,0.6926577644593737,,5135.351709594818,-0.11875943910942617,-0.7603811250010577,-0.14034828860330456,-0.2675995985863188,0.087245491069663,-0.23996859204608886,-0.14034828860330456,-0.3217721128250268,True,-0.04048046230266358,0.09837571563713952,0.005021798517138542,0.028101739702860194,0.028101739702860194,0.028101739702860194,0.028101739702860194,True,0.0519214380229047,0.0519214380229047,0.0519214380229047,0.0,0.0,0.0,0.0,True,,,,-0.49252597897927636,-0.49252597897927636,-0.49252597897927636,-0.49252597897927636,True,-1.180498475277041,-1.180498475277041,-1.180498475277041,-0.5911354376622053,-0.14617947497183015,-0.17809874448622975,-1.4383341069991549,-0.1614449614962577,-0.5030385451231355,-0.17809874448622975,-0.5030385451231355,True,-0.41309876688636066,-0.016427152004393073,-0.16485484022957814,,,,,non-targeting control,,0,0.0,0.0,0.0,0.0,0,0.0,0.0,0.0,0.0,0,0.0,0.0,0.0,0.0,0,0.0,0.0,0.0,0.0,0,0.0,0.0,0.0,0.0,0.4368563143685632,0.5688431156884312,0.9955028739550289,0.9879119614920229,0.43685631436856315,0.5688431156884312,0.9955028739550288,0.9879119614920229,0.9879119614920229,0.9879119614920229,0.7973608049420681,0.549624120711208,0.9999999956433565,0.999999193896047,0.6391538646003196,0.36347523872329834,1.0,0.9409427510670617,0.999999193896047,0.9409427510670617,0.8228483034795759,0.38184829963415834,0.9818500698675279,0.9999999999973488,0.7321038566210935,0.2700026908767335,0.905490918437676,1.0,0.9818500698675279,0.905490918437676,0.3909420789851599,0.5273217087825406,0.8749945536019875,0.9840937019657632,0.40735747994349764,0.5969482734426121,0.8834404097328092,1.0,0.8749945536019875,0.8834404097328092
gRNA_14721,controlsgRNA,-0.3030407479221566,-3.241058188476667,0.44577731359396494,-0.4763254429715368,-1.2416179969320436,-0.9632530125416878,-0.4763254429715368,-1.315510594075601,True,-0.319153212258109,-0.04334986842971571,-0.06439237916456095,6048.621780388613,0.23287549484539016,1.0689995449145635,0.006953332546580372,0.49270523086588675,0.6201047942581123,0.4843276794861066,0.49270523086588675,0.4843276794861066,True,1.0345043184016405,0.9942170074425183,0.9144989183800513,0.03517438978855875,0.03517438978855875,0.03517438978855875,0.03517438978855875,True,0.07844481369429288,0.07844481369429288,0.07844481369429288,0.0,0.0,0.0,0.0,True,,,,-0.06873816379149567,-0.06873816379149567,-0.06873816379149567,-0.06873816379149567,True,-0.2686413173650874,-0.2686413173650874,-0.2686413173650874,0.5199099090105143,0.15868775450782072,0.03751019971095402,-0.701306699885466,-0.6901126662851245,-0.1350623005882603,0.03751019971095402,,False,0.07206881247579124,0.25441620569203965,,,,,,non-targeting control,,0,0.0,0.0,0.0,0.0,0,0.0,0.0,0.0,0.0,0,0.0,0.0,0.0,0.0,0,0.0,0.0,0.0,0.0,0,0.0,0.0,0.0,0.0,0.41975802419758035,0.5846415358464154,0.9926353276622026,0.9879119614920229,0.41975802419758024,0.5846415358464153,0.9926353276622023,0.9879119614920229,0.9879119614920229,0.9879119614920229,0.037008432756224834,0.9925973305824672,0.33131358848429854,0.999999193896047,0.014790263699277318,0.9855716890479381,0.1635629162037727,1.0,0.33131358848429854,0.1635629162037727,0.3542884982242173,0.7448230923232229,0.6424267186737987,0.9999999999973488,0.29215595010193374,0.7104300651084801,0.5633366012221902,1.0,0.6424267186737987,0.5633366012221902,0.7491712799285619,0.3885134031683414,0.9866557117120665,0.9840937019657632,0.6951805016773829,0.3081816734679037,0.9641177804211494,1.0,0.9840937019657632,0.9641177804211494
gRNA_14722,controlsgRNA,-0.4249205789389655,2.1108264672863957,-0.812807608095618,-0.6143399787576184,-0.2552698936567048,0.0006976815674978098,-0.4249205789389655,-0.5268345148622267,True,0.7161342404190439,0.011891811389729176,0.5017322170758229,3569.3327308329567,-0.003631618005233293,-0.6836803240207677,-1.2935761545831794,-1.0021026626638052,-0.028887989322169204,-0.602375749719031,-0.6836803240207677,-0.602375749719031,True,-0.5783572873380671,-0.6704996756500802,-0.3115675244669765,0.17410124072186162,0.17410124072186162,0.17410124072186162,0.17410124072186162,True,0.5994389267210214,0.5994389267210214,0.5994389267210214,0.0,0.0,0.0,0.0,True,,,,-0.8409462298918441,-0.8409462298918441,-0.8409462298918441,-0.8409462298918441,True,-1.9301885049805296,-1.9301885049805296,-1.9301885049805296,0.6019902735470627,0.47344743212217966,-0.08000300399386102,-1.3008295183500536,-1.1685046945133017,-0.2947799022375948,-0.08000300399386102,,False,-0.13851489591463426,0.10679862524524152,,,,,,non-targeting control,,0,0.0,0.0,0.0,0.0,0,0.0,0.0,0.0,0.0,0,0.0,0.0,0.0,0.0,0,0.0,0.0,0.0,0.0,0,0.0,0.0,0.0,0.0,0.18198180181981802,0.8233176682331766,0.9114056336301855,0.9879119614920229,0.18198180181981805,0.8233176682331766,0.9114056336301855,0.9879119614920229,0.9114056336301855,0.9114056336301855,0.9314010690042711,0.15537403165715602,0.9999999956433565,0.75202801261804,0.9072700795129692,0.09429675326749482,1.0,0.44880480036174747,0.75202801261804,0.44880480036174747,0.28588670669058763,0.4163118586088392,0.5657547458718997,0.9999999999973488,0.41466689264470713,0.5898234274889239,0.6808504438183838,1.0,0.5657547458718997,0.6808504438183838,0.2098612033127911,0.7699748041311987,0.7374561910804621,0.9859690125412363,0.22925943971042112,0.7754245061629603,0.7891586160513889,1.0,0.7374561910804621,0.7891586160513889
gRNA_14723,controlsgRNA,-0.3029005653144431,1.9917867731630634,-0.8180515169416988,0.3501631550790344,0.11064415015544994,0.26632839922828117,0.11064415015544994,,False,1.0014228456562397,0.5874306411097223,,4296.3096851935525,0.3842690265362894,1.0010755714796484,0.47916953552996355,0.7983905861081323,0.44661498768172164,0.621903941467151,0.47916953552996355,0.621903941467151,True,1.2386920156583936,0.975062489819135,1.0697184875965284,0.19581251314664014,0.19581251314664014,0.19581251314664014,0.19581251314664014,True,0.6808590772796751,0.6808590772796751,0.6808590772796751,0.0,0.0,0.0,0.0,True,,,,-0.015167558099304852,-0.015167558099304852,-0.015167558099304852,-0.015167558099304852,True,-0.1533743405822412,-0.1533743405822412,-0.1533743405822412,0.1591547476000546,0.4091884341650802,0.3835758565932704,-1.0997022622901826,0.42947746604338216,0.05633884842232094,0.3835758565932704,0.3453491261004468,True,0.32442649461360434,0.6891365037874116,0.6296791356690751,,,,,non-targeting control,,0,0.0,0.0,0.0,0.0,0,0.0,0.0,0.0,0.0,0,0.0,0.0,0.0,0.0,0,0.0,0.0,0.0,0.0,0,0.0,0.0,0.0,0.0,0.16338366163383658,0.8424157584241576,0.8903225619467037,0.9879119614920229,0.1633836616338366,0.8424157584241576,0.8903225619467038,0.9879119614920229,0.8903225619467037,0.8903225619467038,0.013749438073862058,0.9992553193774018,0.19883802752969745,0.999999193896047,0.0034801491983895588,0.9966662667883142,0.0609983011641995,1.0,0.19883802752969745,0.0609983011641995,0.13220608643814818,0.8631896515435254,0.37489971458510285,0.9999999999973488,0.10016759733964048,0.9016228136564457,0.30871325081725265,1.0,0.37489971458510285,0.30871325081725265,0.11633844470615459,0.9114589109196297,0.7124107290566989,0.9956042235074434,0.09286548146931362,0.9096719161767692,0.7483434114870964,1.0,0.7124107290566989,0.7483434114870964
gRNA_14724,controlsgRNA,-0.880684350703324,1.7952415837310833,1.088222615407489,1.3892586758397616,-0.12303744633123646,0.6538002155887548,1.088222615407489,,False,1.4175693479571003,1.6379747402366047,,3825.154390721494,-0.01275953085302203,0.4164732793626037,0.4175059357750995,-0.1611715508465558,-0.536671667977367,0.024675293092151683,-0.01275953085302203,,False,0.35229823891617995,0.278928029221456,,-0.07707862005849188,-0.07707862005849188,-0.07707862005849188,-0.07707862005849188,True,-0.34251885824499145,-0.34251885824499145,-0.34251885824499145,0.0,0.0,0.0,0.0,True,,,,0.1729597594781319,0.1729597594781319,0.1729597594781319,0.1729597594781319,True,0.25141606391711707,0.25141606391711707,0.25141606391711707,-0.5522060478027265,0.07985503312496194,-0.31098535983129205,-0.4686163525096554,0.318060682412995,-0.18677840892114342,-0.31098535983129205,,False,0.003882402438341925,-0.1833564843054465,,,,,,non-targeting control,,0,0.0,0.0,0.0,0.0,0,0.0,0.0,0.0,0.0,0,0.0,0.0,0.0,0.0,0,0.0,0.0,0.0,0.0,0,0.0,0.0,0.0,0.0,0.670932906709329,0.33376662333766616,0.9985561443855614,0.9546052913505642,0.670932906709329,0.33376662333766616,0.9985561443855614,0.9546052913505642,0.9546052913505642,0.9546052913505642,0.41428410919341835,0.8083607861708564,0.9999999956433565,0.999999193896047,0.2863180711304576,0.7167204625198358,0.7964215183509242,1.0,0.999999193896047,0.7964215183509242,0.5349787586479346,0.757645815790474,0.7968152565682234,0.9999999999973488,0.38030441898322914,0.6218737813917831,0.6589606522474385,1.0,0.7968152565682234,0.6589606522474385,0.022089298975701527,0.9653702666507982,0.5190985259289859,0.9997934568416044,0.01628531087742816,0.9843290229264959,0.4395619191229259,1.0,0.5190985259289859,0.4395619191229259
gRNA_14725,controlsgRNA,1.5102965168597635,-0.4752220985198443,-0.10316686351100986,0.2100252262161526,0.31248152519264744,0.29088286124754187,0.2100252262161526,,False,1.0277944501284693,0.69422943704426,,3415.5746347341465,0.6072275880578942,0.2663213209263014,0.481181461953817,-0.17701367127368445,0.7763051071027748,0.39080436135342056,0.481181461953817,0.5327588695101969,True,0.8956990427360244,0.9779095899633273,0.9691411098739329,-0.26412597396097914,-0.26412597396097914,-0.26412597396097914,-0.26412597396097914,True,-1.0439712382979143,-1.0439712382979143,-1.0439712382979143,0.0,0.0,0.0,0.0,True,,,,-0.15796018273887286,-0.15796018273887286,-0.15796018273887286,-0.15796018273887286,True,-0.4606188441008955,-0.4606188441008955,-0.4606188441008955,0.4983496127979887,0.5743912619157282,0.48355736126310506,-0.9062744742494688,-0.21524373358600338,0.08695600562826993,0.48355736126310506,,False,0.3647944593101756,0.8147311377816043,,,,,,non-targeting control,,0,0.0,0.0,0.0,0.0,0,0.0,0.0,0.0,0.0,0,0.0,0.0,0.0,0.0,0,0.0,0.0,0.0,0.0,0,0.0,0.0,0.0,0.0,0.9623037696230377,0.04209579042095788,0.9985561443855614,0.6331206879312066,0.9623037696230377,0.042095790420957915,0.9985561443855614,0.633120687931207,0.6331206879312066,0.633120687931207,0.07566791657469589,0.984356042088437,0.5065222704941583,0.999999193896047,0.03185137026938324,0.9690272720418801,0.24893159897153005,1.0,0.5065222704941583,0.24893159897153005,0.09767396490962867,0.8789396523521714,0.3112322949662744,0.9999999999973488,0.08104068494793404,0.9210141440068561,0.26814076328789954,1.0,0.3112322949662744,0.26814076328789954,0.13764063672642232,0.9565354866418424,0.7274739925399841,0.9997934568416044,0.07588504898531938,0.9258475299470795,0.7483434114870964,1.0,0.7274739925399841,0.7483434114870964
gRNA_14726,controlsgRNA,-0.4705170590469348,2.4191474977887184,-1.276149996684245,-0.1138091208566473,0.1363918869318434,0.13901264162654697,-0.1138091208566473,,False,0.8646851399015185,0.3462243668586909,,2680.162675101672,-0.8510544790580581,-1.0670255851945174,0.5602484054660897,0.3320804485885073,-0.47688356828216627,-0.30052695569602894,-0.47688356828216627,,False,-0.13035986915136863,-0.3778592161872433,,0.051805139384268804,0.051805139384268804,0.051805139384268804,0.051805139384268804,True,0.14081232995467596,0.14081232995467596,0.14081232995467596,0.0,0.0,0.0,0.0,True,,,,0.4728413923445929,0.4728413923445929,0.4728413923445929,0.4728413923445929,True,0.896666360541246,0.896666360541246,0.896666360541246,-0.546828109453087,-0.21656179067443526,-0.35008880600751424,-0.9333336274703238,-1.036129771932703,-0.6165884211076127,-0.546828109453087,-0.6165884211076127,True,-0.562811470590635,-0.47961711687692393,-0.27119683161970226,,,,,non-targeting control,,0,0.0,0.0,0.0,0.0,0,0.0,0.0,0.0,0.0,0,0.0,0.0,0.0,0.0,0,0.0,0.0,0.0,0.0,0,0.0,0.0,0.0,0.0,0.3408659134086591,0.6650334966503351,0.9423939958945281,0.9879119614920229,0.3408659134086591,0.665033496650335,0.9423939958945281,0.9879119614920229,0.9423939958945281,0.9423939958945281,0.5926687469636202,0.35234245742713405,0.9999999956433565,0.999999193896047,0.6431358770445058,0.3598739117234854,1.0,0.9409427510670617,0.999999193896047,0.9409427510670617,0.9332018010555093,0.27961102566289014,0.9999999989234004,0.9999999999973488,0.8554759449742473,0.146406706839868,0.979540719064569,1.0,0.9999999989234004,0.979540719064569,0.11428832958678128,0.8057020631479828,0.7124107290566989,0.9859690125412363,0.14529466610218816,0.8604834711432118,0.7678156128562094,1.0,0.7124107290566989,0.7678156128562094
gRNA_14727,controlsgRNA,-0.30106929974588,-2.4464258493963165,-0.5413703536070721,-0.6035344208767148,0.040851671288730025,-0.7703096504674508,-0.5413703536070721,-0.973099980906496,True,-0.11193115924906084,-0.11324967645052714,0.1813955624731833,13327.790329868956,0.1879246968222776,0.9848226868158038,-0.10351833667814397,0.2719848131998254,0.38632291997540114,0.34550735602703275,0.2719848131998254,0.457763779203327,True,0.8284702121438953,0.6818730143855299,0.8845283616922224,0.04579511106373505,0.04579511106373505,0.04579511106373505,0.04579511106373505,True,0.1182739268087985,0.1182739268087985,0.1182739268087985,0.0,0.0,0.0,0.0,True,,,,-0.5348700998293137,-0.5348700998293137,-0.5348700998293137,-0.5348700998293137,True,-1.271609612286694,-1.271609612286694,-1.271609612286694,0.0850492797906718,0.018819813944403768,0.15724827717635406,-0.3788744519443788,-0.007321980430339786,-0.025015812292657796,0.018819813944403768,,False,0.21716238614158442,0.23093774167700085,,,,,,non-targeting control,,0,0.0,0.0,0.0,0.0,0,0.0,0.0,0.0,0.0,0,0.0,0.0,0.0,0.0,0,0.0,0.0,0.0,0.0,0,0.0,0.0,0.0,0.0,0.3788621137886212,0.6255374462553744,0.9743077979783722,0.9879119614920229,0.3788621137886211,0.6255374462553744,0.9743077979783722,0.9879119614920229,0.9743077979783722,0.9743077979783722,0.09272402917972686,0.9767490362511032,0.5534005551044016,0.999999193896047,0.0449563941346547,0.9560391698878764,0.2914414516315546,1.0,0.5534005551044016,0.2914414516315546,0.3758894715862513,0.9197947041058149,0.6613734704098465,0.9999999999973488,0.19534139580708654,0.8062271569958226,0.4393405933834895,1.0,0.6613734704098465,0.4393405933834895,0.7981050558706589,0.4926648029568933,0.9866557117120665,0.9840937019657632,0.6670908260597176,0.33543782955828233,0.9641177804211494,1.0,0.9840937019657632,0.9641177804211494
gRNA_14728,controlsgRNA,-0.43586903067054716,-2.685789426388494,1.313437430849827,0.23293995294244296,-0.5680753340897637,-0.428671281471307,-0.43586903067054716,,False,0.2549900110309747,0.0001261764355843897,,1791.5951197469496,0.41744012238710565,-0.07147944793503183,-0.20848025323471506,0.15377647776385914,-0.20708134302631018,0.01683511119098154,-0.07147944793503183,,False,0.3406620113764713,0.19583280147900534,,0.05037983363754391,0.05037983363754391,0.05037983363754391,0.05037983363754391,True,0.13546724440556682,0.13546724440556682,0.13546724440556682,0.0,0.0,0.0,0.0,True,,,,0.6761439137478639,0.6761439137478639,0.6761439137478639,0.6761439137478639,True,1.3341089974442857,1.3341089974442857,1.3341089974442857,-0.47786236631356466,0.6183861794369798,0.5383765613733804,-0.4270371262883829,0.06995721857899234,0.06436409335748101,0.06995721857899234,,False,0.3350075816180155,0.2951754588398216,,,,,,non-targeting control,,0,0.0,0.0,0.0,0.0,0,0.0,0.0,0.0,0.0,0,0.0,0.0,0.0,0.0,0,0.0,0.0,0.0,0.0,0,0.0,0.0,0.0,0.0,0.3557644235576443,0.6494350564943505,0.9623555630048508,0.9879119614920229,0.35576442355764426,0.6494350564943505,0.9623555630048506,0.9879119614920229,0.9623555630048508,0.9623555630048506,0.48760730927389384,0.8438826572459054,0.9999999956433565,0.999999193896047,0.30219316552398773,0.699834217677935,0.8071602417356548,1.0,0.999999193896047,0.8071602417356548,0.1498781932746247,0.9048860389973643,0.3872325788263485,0.9999999999973488,0.10632860029402452,0.8960621089215278,0.31729804532185096,1.0,0.3872325788263485,0.31729804532185096,0.35559840072793986,0.6317929640105413,0.8749945536019875,0.9840937019657632,0.35704818178478953,0.6470311556656104,0.8639456274350743,1.0,0.8749945536019875,0.8639456274350743
gRNA_14729,controlsgRNA,-0.6987500946863209,-3.452899868324391,-0.36633838296745114,-0.4693649053391134,-0.4156209546040168,-1.0805948411842587,-0.4693649053391134,-1.0805948411842587,True,-0.44517887270966533,-0.03586980212669244,0.10423399262645713,5808.706130441332,0.6118670573879988,1.3954774043613365,-0.057920324305046865,0.8204903779405341,0.8563632390336404,0.7252555508836926,0.8204903779405341,0.9210495196808776,True,1.392084227589916,1.4580695263198875,1.4072276415357907,0.15970823842903634,0.15970823842903634,0.15970823842903634,0.15970823842903634,True,0.5454632595770061,0.5454632595770061,0.5454632595770061,0.0,0.0,0.0,0.0,True,,,,-0.17680457179209141,-0.17680457179209141,-0.17680457179209141,-0.17680457179209141,True,-0.501166001024322,-0.501166001024322,-0.501166001024322,-0.4570235005503649,-0.10154645816046055,-0.4396617006907316,-1.0841690642996744,0.4173327600133324,-0.33301359273757986,-0.4396617006907316,-0.5206001809253079,True,-0.18892507142312792,-0.344996959584563,-0.1813017038397719,,,,,non-targeting control,,0,0.0,0.0,0.0,0.0,0,0.0,0.0,0.0,0.0,0,0.0,0.0,0.0,0.0,0,0.0,0.0,0.0,0.0,0,0.0,0.0,0.0,0.0,0.20237976202379762,0.8024197580241976,0.9114056336301855,0.9879119614920229,0.2023797620237976,0.8024197580241976,0.9114056336301855,0.9879119614920229,0.9114056336301855,0.9114056336301855,0.003542183066935637,0.9979864061885674,0.08324130207298748,0.999999193896047,0.0013624176941101362,0.9987599492250192,0.0324427488204766,1.0,0.08324130207298748,0.0324427488204766,0.600268965073639,0.5471413484554003,0.8559547628619044,0.9999999999973488,0.5342453999555554,0.46909681130360864,0.779918880747768,1.0,0.8559547628619044,0.779918880747768,0.8781126226097048,0.3519095964166866,0.9999999997953558,0.9840937019657632,0.7818153740793952,0.2204522108461478,0.9668242831730418,1.0,0.9840937019657632,0.9668242831730418
gRNA_14730,controlsgRNA,-0.08526472695893625,-0.8566823944675483,0.4903156445870869,-1.0783745101280373,-1.0716648805341855,-0.5203341735003241,-0.8566823944675483,-0.772996628022177,True,0.15654364590704123,-0.4520963426608197,0.3250330238387811,3831.6613947883716,0.055971710377779565,-0.0165345301232744,-1.1743075557627562,0.16204114760016045,0.04962037700461237,-0.18464177018069564,0.04962037700461237,,False,0.04163440395809987,0.3672025518633024,,-0.18211566675787422,-0.18211566675787422,-0.18211566675787422,-0.18211566675787422,True,-0.7364217115268523,-0.7364217115268523,-0.7364217115268523,0.0,0.0,0.0,0.0,True,,,,-0.510114149458802,-0.510114149458802,-0.510114149458802,-0.510114149458802,True,-1.218342647694374,-1.218342647694374,-1.218342647694374,-1.0290749998079602,-0.3249694199077823,-0.16440592919913652,-1.0524190004843836,-1.4389664076281932,-0.8019671514054911,-1.0290749998079602,-0.8019671514054911,True,-0.8072287425738723,-1.0854053763051863,-0.4448081470908356,,,,,non-targeting control,,0,0.0,0.0,0.0,0.0,0,0.0,0.0,0.0,0.0,0,0.0,0.0,0.0,0.0,0,0.0,0.0,0.0,0.0,0,0.0,0.0,0.0,0.0,0.8569143085691431,0.147985201479852,0.9985561443855614,0.85727690967167,0.8569143085691431,0.14798520147985195,0.9985561443855614,0.8572769096716699,0.85727690967167,0.8572769096716699,0.6418981934900462,0.575320433903638,0.9999999956433565,0.999999193896047,0.5234887626895374,0.47953601183261846,0.9841588738563303,1.0,0.999999193896047,0.9841588738563303,0.9582760537323151,0.1279557294616172,0.9999999989234004,0.9999999999973488,0.9337101197407878,0.0675441696216561,0.9973456847231477,0.9797685402969059,0.9999999989234004,0.9797685402969059,0.6881450605841418,0.5690719294066164,0.9813534207947394,0.9840937019657632,0.5713846468989263,0.43114794117441957,0.9197840034090436,1.0,0.9813534207947394,0.9197840034090436
gRNA_14731,controlsgRNA,-0.5000984774104024,-3.6765943471494524,0.26819796656334005,-1.1405748464798722,-0.9031095057807151,-1.1904358420514203,-0.9031095057807151,-1.5550942942051105,True,-0.5631486098364815,-0.5019887344873719,-0.23636947987348245,2361.439975899985,-1.3082237571812794,-0.9055639230473905,0.5682942363373221,-0.8330877202284125,-0.720980783903632,-0.6399123896046784,-0.8330877202284125,-0.9419640460901786,True,-0.6340683522459245,-0.8819277946125376,-0.6947059257774403,-0.06142116366843246,-0.06142116366843246,-0.06142116366843246,-0.06142116366843246,True,-0.2838013205667641,-0.2838013205667641,-0.2838013205667641,0.0,0.0,0.0,0.0,True,,,,-0.4960868642656616,-0.4960868642656616,-0.4960868642656616,-0.4960868642656616,True,-1.188160372624078,-1.188160372624078,-1.188160372624078,-1.181320130226029,0.4886126158678724,0.33436472280103957,-1.590590198040388,0.403068518221784,-0.3091728942751442,0.33436472280103957,,False,-0.15749170001638585,0.6273185269777545,,,,,,non-targeting control,,0,0.0,0.0,0.0,0.0,0,0.0,0.0,0.0,0.0,0,0.0,0.0,0.0,0.0,0,0.0,0.0,0.0,0.0,0,0.0,0.0,0.0,0.0,0.6393360663933609,0.3666633336666335,0.9985561443855614,0.9640938004101692,0.6393360663933607,0.36666333366663334,0.9985561443855614,0.9640938004101688,0.9640938004101692,0.9640938004101688,0.8598112649108838,0.10301282568914555,0.9999999956433565,0.6564885162562496,0.9177893176305785,0.08392695918210263,1.0,0.43679006134087167,0.6564885162562496,0.43679006134087167,0.2546619378020095,0.38676235850594154,0.531960492297531,0.9999999999973488,0.39327571448559684,0.6114127448501662,0.6681187197999008,1.0,0.531960492297531,0.6681187197999008,0.8606086178779937,0.26196135721087255,0.9987309886485359,0.9840937019657632,0.8190545628600205,0.18353844594059082,0.9769608577797501,1.0,0.9840937019657632,0.9769608577797501
gRNA_14732,controlsgRNA,-1.515520296580703,-0.37330249722166237,-0.15081786268825206,-0.552953726933799,-2.464361251772939,-1.011391127039471,-0.552953726933799,-1.011391127039471,True,-0.3708537673172521,-0.12569762301330178,0.1539095511493287,5243.681277300799,-0.45653436400057706,0.14393689776170354,-0.9050909416254731,-0.14925460629234744,-1.276514800314402,-0.5286915628942193,-0.45653436400057706,-0.6968486780581999,True,-0.46899681907597934,-0.3490628239546943,-0.41815602329859447,0.16195918507554827,0.16195918507554827,0.16195918507554827,0.16195918507554827,True,0.5539046079822398,0.5539046079822398,0.5539046079822398,0.0,0.0,0.0,0.0,True,,,,-0.35177481167392927,-0.35177481167392927,-0.35177481167392927,-0.35177481167392927,True,-0.8776465413794752,-0.8776465413794752,-0.8776465413794752,-0.833271501902804,-1.0179660184473853,0.22815620698058037,-0.15246011533523152,0.5859113875754498,-0.23792600822587814,-0.15246011533523152,,False,-0.06355444250318407,0.01577954717427998,,,,,,non-targeting control,,0,0.0,0.0,0.0,0.0,0,0.0,0.0,0.0,0.0,0,0.0,0.0,0.0,0.0,0,0.0,0.0,0.0,0.0,0,0.0,0.0,0.0,0.0,0.19768023197680235,0.8077192280771923,0.9114056336301855,0.9879119614920229,0.19768023197680223,0.8077192280771923,0.9114056336301855,0.9879119614920229,0.9114056336301855,0.9114056336301855,0.9104541192707082,0.1983926669007385,0.9999999956433565,0.8632976275441109,0.876349873224231,0.1253255270382468,1.0,0.4960252438566399,0.8632976275441109,0.4960252438566399,0.3905220837095399,0.5780825090175247,0.681418624890434,0.9999999999973488,0.40134867891944653,0.6018332232735188,0.6690683349135985,1.0,0.681418624890434,0.6690683349135985,0.8810358768632198,0.35171142811958916,0.9999999997953558,0.9840937019657632,0.7878722783931691,0.21403617493658977,0.9668242831730418,1.0,0.9840937019657632,0.9668242831730418
gRNA_14733,controlsgRNA,0.06525294987025963,-3.358734869983924,-5.06212805336312,0.6390290460086752,1.235363139301381,-1.2962435576333458,0.06525294987025963,,False,-0.6767865801266846,0.5386514798384079,,4358.367223979515,0.2515529129554058,-0.03528576105254831,-0.5200586262777336,0.09361498864013262,0.16748782582997473,-0.008537731980953745,0.09361498864013262,,False,0.30300418912187316,0.4294598310789478,,-0.008101238650439272,-0.008101238650439272,-0.008101238650439272,-0.008101238650439272,True,-0.08384453140195694,-0.08384453140195694,-0.08384453140195694,0.0,0.0,0.0,0.0,True,,,,-0.548226041754592,-0.548226041754592,-0.548226041754592,-0.548226041754592,True,-1.3003473692696903,-1.3003473692696903,-1.3003473692696903,-0.5563344492121023,0.03771359524690756,-0.3438764660685547,-0.9669703408145041,-0.11342922229069136,-0.388579376627789,-0.3438764660685547,-0.4951526195964631,True,-0.2621871834908492,-0.22467359053598968,-0.15746949509212332,,,,,non-targeting control,,0,0.0,0.0,0.0,0.0,0,0.0,0.0,0.0,0.0,0,0.0,0.0,0.0,0.0,0,0.0,0.0,0.0,0.0,0,0.0,0.0,0.0,0.0,0.5068493150684932,0.4982501749825017,0.9981029294330835,0.9778839374945756,0.5068493150684932,0.49825017498250174,0.998102929433084,0.9778839374945756,0.9778839374945756,0.9778839374945756,0.5194974676121377,0.8077303482427161,0.9999999956433565,0.999999193896047,0.33671555592759955,0.6655843531536617,0.8440336601918496,1.0,0.999999193896047,0.8440336601918496,0.7611948791441506,0.5335176310960998,0.947712829662916,0.9999999999973488,0.6258581579646993,0.37745695507342525,0.8464844150889458,1.0,0.947712829662916,0.8464844150889458,0.30715856978930056,0.1888254857462218,0.8658009283426236,0.9840937019657632,0.5691932675873003,0.4383293792857519,0.9197840034090436,1.0,0.8658009283426236,0.9197840034090436
gRNA_14734,controlsgRNA,-0.9984383634068966,-4.025469137033697,-1.0342179481897629,-0.8449444549331787,0.04995737207291764,-1.3706225062981237,-0.9984383634068966,-1.7257674758908839,True,-0.756669911054854,-0.6044328578139551,-0.3588814827318565,4622.503389064618,-0.4348771074634602,-1.124396965206868,-0.4238869801165069,-0.40392587207932545,-0.6615216410574868,-0.6097217131847295,-0.4348771074634602,-0.6097217131847295,True,-0.5892600066196818,-0.3184153919817401,-0.31985556244828756,0.14345155754986183,0.14345155754986183,0.14345155754986183,0.14345155754986183,True,0.4844985506060221,0.4844985506060221,0.4844985506060221,0.0,0.0,0.0,0.0,True,,,,-0.45944729957765296,-0.45944729957765296,-0.45944729957765296,-0.45944729957765296,True,-1.1093236337510295,-1.1093236337510295,-1.1093236337510295,-0.4772637234359562,-0.6469532405299224,-0.7453020857245174,-1.1088406209507728,0.06977821575294628,-0.5817162909776445,-0.6469532405299224,-0.7445899176602921,True,-0.5168334293077143,-0.6053921713006623,-0.3910730879899766,,,,,non-targeting control,,0,0.0,0.0,0.0,0.0,0,0.0,0.0,0.0,0.0,0,0.0,0.0,0.0,0.0,0,0.0,0.0,0.0,0.0,0,0.0,0.0,0.0,0.0,0.22577742225777425,0.7784221577842215,0.9114056336301855,0.9879119614920229,0.2257774222577742,0.7784221577842215,0.9114056336301855,0.9879119614920229,0.9114056336301855,0.9114056336301855,0.9803083505713187,0.1622335244818248,0.9999999956433565,0.7624975650645766,0.9359086725530676,0.06499423744517416,1.0,0.365628012910076,0.7624975650645766,0.365628012910076,0.8970322964941663,0.29348868502714637,0.9999999989234004,0.9999999999973488,0.8284435188089401,0.17371091180048404,0.9668969214312231,1.0,0.9999999989234004,0.9668969214312231,0.9209140295163364,0.18129893941578268,0.9999999997953558,0.9840937019657632,0.887982896309292,0.11393300148724161,0.9918167876570679,0.977034914236814,0.9840937019657632,0.977034914236814
gRNA_14735,controlsgRNA,0.5756944219211869,-3.5972607402941126,1.3381722530100633,-0.819808836849829,-0.2826033516980793,-0.5571612507821542,-0.2826033516980793,,False,0.11699119653214408,0.1648314766916503,,2073.324295827685,-0.21164422059237895,-0.4749362123906709,-0.15417889619534358,-0.26057711864641186,-0.49712592396104094,-0.31969247435716924,-0.26057711864641186,-0.31969247435716924,True,-0.1588049153083049,-0.07176147988524995,0.007368137794414039,0.06793427195261088,0.06793427195261088,0.06793427195261088,0.06793427195261088,True,0.20129871584683276,0.20129871584683276,0.20129871584683276,0.0,0.0,0.0,0.0,True,,,,0.006915144064077547,0.006915144064077547,0.006915144064077547,0.006915144064077547,True,-0.10585935947124432,-0.10585935947124432,-0.10585935947124432,-0.2782577920785538,-1.1516265327568134,0.43629049998400865,-0.5433670652643741,-0.6863494310844702,-0.4446620642400406,-0.5433670652643741,-0.6649002052960529,True,-0.33613082033445274,-0.4752694269761309,-0.31644189502171755,,,,,non-targeting control,,0,0.0,0.0,0.0,0.0,0,0.0,0.0,0.0,0.0,0,0.0,0.0,0.0,0.0,0,0.0,0.0,0.0,0.0,0,0.0,0.0,0.0,0.0,0.3148685131486851,0.6901309869013099,0.919553157466208,0.9879119614920229,0.31486851314868514,0.6901309869013099,0.919553157466208,0.9879119614920229,0.919553157466208,0.919553157466208,0.897622816342127,0.4547992065039118,0.9999999956433565,0.999999193896047,0.7543289908204649,0.2478256088865159,1.0,0.7852654649618649,0.999999193896047,0.7852654649618649,0.6998731736223661,0.39020056430261546,0.9074217699379643,0.9999999999973488,0.6790263513260655,0.32399513662632473,0.8803927865468987,1.0,0.9074217699379643,0.8803927865468987,0.28643270327851283,0.5544736162470023,0.8441708762647215,0.9840937019657632,0.34491352543919773,0.6597089280133019,0.8639456274350743,1.0,0.8441708762647215,0.8639456274350743
gRNA_14736,controlsgRNA,0.6527263976507192,-3.2612675729295195,0.4574354443359382,-0.146755522153699,1.3979622884531695,-0.17997979292867833,0.4574354443359382,,False,0.5220858067487424,0.9601061456135555,,4698.77993673746,0.7577766106109345,1.2341403496539718,0.4616007138258878,0.8176583055054573,0.8271315997886007,0.8196615158769704,0.8176583055054573,0.8196615158769704,True,1.532199508538129,1.4540618281542523,1.2928372514528754,0.0413713432025056,0.0413713432025056,0.0413713432025056,0.0413713432025056,True,0.101684210727176,0.101684210727176,0.101684210727176,0.0,0.0,0.0,0.0,True,,,,-0.03021591994304807,-0.03021591994304807,-0.03021591994304807,-0.03021591994304807,True,-0.18575364921334508,-0.18575364921334508,-0.18575364921334508,-0.2927571885778236,0.324174106274761,0.6092135693097431,-0.3662213923161414,0.7799590441699118,0.21087362777209018,0.324174106274761,,False,0.528176779959228,0.6145172918191154,,,,,,non-targeting control,,0,0.0,0.0,0.0,0.0,0,0.0,0.0,0.0,0.0,0,0.0,0.0,0.0,0.0,0,0.0,0.0,0.0,0.0,0,0.0,0.0,0.0,0.0,0.4014598540145985,0.6036396360363965,0.9801876955161626,0.9879119614920229,0.40145985401459855,0.6036396360363964,0.9801876955161627,0.9879119614920229,0.9801876955161626,0.9801876955161627,0.0020134792247146673,0.999925973309836,0.06308901570772625,0.999999193896047,0.00039153384717598557,0.9996350325729007,0.01635741405979673,1.0,0.06308901570772625,0.01635741405979673,0.06206924231950454,0.9612653979313255,0.24037258277870102,0.9999999999973488,0.038615632042628856,0.9626211395887286,0.17043902756099163,1.0,0.24037258277870102,0.17043902756099163,0.13138758166025102,0.7725700818614187,0.7223428403754732,0.9859690125412363,0.1333484270469028,0.8688631727727139,0.7483434114870964,1.0,0.7223428403754732,0.7483434114870964
gRNA_14737,controlsgRNA,-0.571378023287371,-2.768406012510496,-1.014213164256553,-0.14773974952987803,-0.8866456767032858,-1.0776765252575167,-0.8866456767032858,-1.0776765252575167,True,-0.44204458806173935,-0.4842960590642612,0.10632880755653155,3422.443139026962,-0.2771767831137114,-1.1321574834031707,-0.9601443694739845,-0.7798543620435706,0.1781668719480923,-0.594233225217269,-0.7798543620435706,-0.7873332495086093,True,-0.5662723294831972,-0.8065966592553981,-0.5202446830646611,-0.08452590202798295,-0.08452590202798295,-0.08452590202798295,-0.08452590202798295,True,-0.3704471531576696,-0.3704471531576696,-0.3704471531576696,0.0,0.0,0.0,0.0,True,,,,-0.43785457989290755,-0.43785457989290755,-0.43785457989290755,-0.43785457989290755,True,-1.0628629397487797,-1.0628629397487797,-1.0628629397487797,0.4198444689810352,0.006519002803208731,0.01690857211385053,-0.39202786948752216,0.04223487534273996,0.018695809950662456,0.01690857211385053,0.12137672981020861,True,0.2747950791992324,0.22853688044796247,0.4199239912321232,,,,,non-targeting control,,0,0.0,0.0,0.0,0.0,0,0.0,0.0,0.0,0.0,0,0.0,0.0,0.0,0.0,0,0.0,0.0,0.0,0.0,0,0.0,0.0,0.0,0.0,0.7006299370062994,0.30446955304469564,0.9985561443855614,0.9522326455879003,0.7006299370062994,0.3044695530446955,0.9985561443855614,0.9522326455879003,0.9522326455879003,0.9522326455879003,0.9345165783394632,0.15602712845450015,0.9999999956433565,0.75202801261804,0.9108042403132244,0.09061070421432976,1.0,0.43679006134087167,0.75202801261804,0.43679006134087167,0.28156761169440175,0.9333312121212984,0.5631352233888035,0.9999999999973488,0.14684782460187484,0.8547808110492201,0.3717623373161284,1.0,0.5631352233888035,0.3717623373161284,0.9128434305897515,0.31165728797579534,0.9999999997953558,0.9840937019657632,0.8274015166771628,0.17450671590394645,0.9769608577797501,1.0,0.9840937019657632,0.9769608577797501
gRNA_14738,controlsgRNA,-1.2786943632272039,-0.5201611632396965,0.2781729234401918,0.2364437013820329,-1.889999315170766,-0.6348476433630884,-0.5201611632396965,,False,0.03355565571631609,-0.09045744996468635,,2474.3485464678415,-0.735032882512967,-0.9130896550977877,-0.7828959408106942,-0.6905619074204177,-0.479034599212925,-0.7201229970109584,-0.735032882512967,-0.7201229970109584,True,-0.7531151920569259,-0.7431692698034097,-0.4444151301360212,0.05088327639877139,0.05088327639877139,0.05088327639877139,0.05088327639877139,True,0.13735522151786284,0.13735522151786284,0.13735522151786284,0.0,0.0,0.0,0.0,True,,,,-0.11416874956267958,-0.11416874956267958,-0.11416874956267958,-0.11416874956267958,True,-0.3663935493522932,-0.3663935493522932,-0.3663935493522932,-0.6430171372643352,-0.08209113899456211,-0.6589114700943642,-0.4958049822906142,0.15243464633345521,-0.3454780164620841,-0.4958049822906142,-0.4699561821609689,True,-0.20535910589240672,-0.4155229526375319,-0.1338724694714752,,,,,non-targeting control,,0,0.0,0.0,0.0,0.0,0,0.0,0.0,0.0,0.0,0,0.0,0.0,0.0,0.0,0,0.0,0.0,0.0,0.0,0,0.0,0.0,0.0,0.0,0.3506649335066493,0.6545345465453456,0.9554348912934792,0.9879119614920229,0.3506649335066494,0.6545345465453455,0.9554348912934795,0.9879119614920229,0.9554348912934792,0.9554348912934795,0.9930692767604407,0.10135363743396687,0.9999999956433565,0.6564885162562496,0.9678764532423638,0.03277178061755948,1.0,0.2464437902440473,0.6564885162562496,0.2464437902440473,0.7313854178829654,0.5826539561253475,0.9322064987254068,0.9999999999973488,0.5863208849071402,0.4166210519886765,0.822599450466734,1.0,0.9322064987254068,0.822599450466734,0.687877924640539,0.5152779447800312,0.9813534207947394,0.9840937019657632,0.5954536301248121,0.4077430750499127,0.9242205503511836,1.0,0.9813534207947394,0.9242205503511836
gRNA_14739,controlsgRNA,0.17008092532210595,-0.47706461648825915,-0.5099233942074298,0.3456222206952338,-0.3622391998830486,-0.16670481291227957,-0.3622391998830486,,False,0.5363431959798568,0.0792516758230681,,5431.058894411809,0.8132571131090548,0.8274410994844844,-0.44771472614243973,0.4387337242612773,0.5263918178912408,0.43162180572072356,0.5263918178912408,0.6514559386865143,True,0.9562794063340234,1.0418872828761203,1.1030603462269666,0.19989080643681637,0.19989080643681637,0.19989080643681637,0.19989080643681637,True,0.6961532179091081,0.6961532179091081,0.6961532179091081,0.0,0.0,0.0,0.0,True,,,,0.3755485724878937,0.3755485724878937,0.3755485724878937,0.3755485724878937,True,0.6873230264001764,0.6873230264001764,0.6873230264001764,0.09039639597881471,-0.007208651644454936,-0.37343605176098293,-0.37057538646521204,-0.7156044480852652,-0.2752856283954201,-0.37057538646521204,-0.3667061344889788,True,-0.11281217789438326,-0.25821220496604397,-0.03717649701558567,,,,,non-targeting control,,0,0.0,0.0,0.0,0.0,0,0.0,0.0,0.0,0.0,0,0.0,0.0,0.0,0.0,0,0.0,0.0,0.0,0.0,0,0.0,0.0,0.0,0.0,0.1444855514448555,0.8607139286071392,0.8488526147385261,0.9879119614920229,0.1444855514448556,0.8607139286071392,0.8488526147385266,0.9879119614920229,0.8488526147385261,0.8488526147385266,0.038280719112746935,0.973540107771643,0.3347337299161127,0.999999193896047,0.020722152721194917,0.9798992211513456,0.190037303004129,1.0,0.3347337299161127,0.190037303004129,0.6676446076111521,0.6839593395310718,0.896599089761295,0.9999999999973488,0.49185380401392576,0.5107877847982037,0.7610577378980908,1.0,0.896599089761295,0.7610577378980908,0.5124135923565722,0.8438543446469864,0.9483359320886435,0.9859690125412363,0.3132897820586291,0.6885119059067568,0.8612283119005054,1.0,0.9483359320886435,0.8612283119005054
gRNA_14740,controlsgRNA,-0.3916603900510445,-5.580721031708079,-3.277168149474412,-9.36637055521396,-0.20745478244527105,-3.764674981778554,-3.277168149474412,-3.764674981778554,True,-3.3278932153816894,-3.05324511723775,-1.8224426569130492,205.09112818195513,-0.38168527916351724,-2.3829574988028237,2.519147593365804,-4.282087239390328,-3.30417536604862,-1.5663515580078968,-2.3829574988028237,-2.587726345851322,True,-2.0090692260941934,-3.075166283725444,-2.5515270918943145,0.5601032703215987,0.5601032703215987,0.5601032703215987,0.5601032703215987,True,2.046997722496073,2.046997722496073,2.046997722496073,0.0,0.0,0.0,0.0,True,,,,-0.2138240644690193,-0.2138240644690193,-0.2138240644690193,-0.2138240644690193,True,-0.5808202246002602,-0.5808202246002602,-0.5808202246002602,-9.03175374971075,-2.927465059331651,-0.7454302419207719,-1.6689786173874428,-0.2792785381131438,-2.930581241292752,-1.6689786173874428,-2.930581241292752,True,-3.613753785222092,-1.8892386543384863,-2.438302717271015,,,,,non-targeting control,,0,0.0,0.0,0.0,0.0,0,0.0,0.0,0.0,0.0,0,0.0,0.0,0.0,0.0,0,0.0,0.0,0.0,0.0,0,0.0,0.0,0.0,0.0,0.01739826017398261,0.9889011098890111,0.7553426475534262,0.9941893511183642,0.01739826017398261,0.9889011098890111,0.7553426475534257,0.9941893511183642,0.7553426475534262,0.7553426475534257,0.22368331056822086,0.0023264958189352326,0.8410492477365105,0.07952385708360431,0.968168879200739,0.04178758075483244,1.0,0.30215635315032685,0.07952385708360431,0.30215635315032685,0.995789847619339,0.0013361918457259904,0.9999999989234004,0.1256020334982431,0.9993316114996426,0.0008825444953990974,1.0,0.06636734605401212,0.1256020334982431,0.06636734605401212,0.9710534095986758,0.0030967509780974213,0.9999999997953558,0.23287567355292607,0.9963226703254251,0.004247897166996284,1.0,0.22367759860618255,0.23287567355292607,0.22367759860618255
gRNA_14741,controlsgRNA,-0.8574537895506489,-1.7836204803972804,0.015307819930175185,-0.20803594497788028,-1.2783807868614385,-0.8224366363714146,-0.8574537895506489,-1.0318727504468121,True,-0.1679157804356501,-0.45292531402368397,0.13920750668844742,3024.190390118994,-0.24706087941046992,0.10873766769886893,-0.7432141750244028,-0.5178741763985378,-1.1584813475424218,-0.5115785821353926,-0.5178741763985378,-0.666657644593958,True,-0.44359810505345865,-0.43586549558941545,-0.3840931759654873,-0.20598340844570856,-0.20598340844570856,-0.20598340844570856,-0.20598340844570856,True,-0.8259289077748563,-0.8259289077748563,-0.8259289077748563,0.0,0.0,0.0,0.0,True,,,,0.4587825221795899,0.4587825221795899,0.4587825221795899,0.4587825221795899,True,0.866416124614967,0.866416124614967,0.866416124614967,0.04983348615733413,-0.4977359847143873,-0.029734953812792547,-0.6395386257488852,0.1581244938914262,-0.19181031684546096,-0.029734953812792547,,False,-0.0027520437344000603,0.16994427788311198,,,,,,non-targeting control,,0,0.0,0.0,0.0,0.0,0,0.0,0.0,0.0,0.0,0,0.0,0.0,0.0,0.0,0,0.0,0.0,0.0,0.0,0,0.0,0.0,0.0,0.0,0.8867113288671132,0.11828817118288174,0.9985561443855614,0.85727690967167,0.8867113288671131,0.11828817118288171,0.9985561443855614,0.8572769096716699,0.85727690967167,0.8572769096716699,0.9261696495023702,0.21996945167582718,0.9999999956433565,0.8669330336007393,0.8762112654241818,0.12515132749964192,1.0,0.4960252438566399,0.8669330336007393,0.4960252438566399,0.5476537002511608,0.7659127857624909,0.8043663722438924,0.9999999999973488,0.3783676867955714,0.6241193695459895,0.6589606522474385,1.0,0.8043663722438924,0.6589606522474385,0.8466685161133685,0.4083697287295547,0.9917363304007057,0.9840937019657632,0.7418848388757993,0.2602767840163773,0.9641177804211494,1.0,0.9840937019657632,0.9641177804211494
gRNA_14742,controlsgRNA,-0.8308593850291974,-1.2199116224299427,0.856903819481877,-0.44324392223108544,-0.40987958872594205,-0.40939813978685813,-0.44324392223108544,-0.7259736296040419,True,0.2756894533173027,-0.007799170824010404,0.35878690162854565,3055.8819099261937,-0.2889137461586299,0.03878008511152828,-0.32515533002604396,0.43569871560436807,0.12948970872518994,-0.0020201133487175115,0.03878008511152828,,False,0.3126774970090826,0.35186233054806426,,0.012300274675329825,0.012300274675329825,0.012300274675329825,0.012300274675329825,True,-0.007336151141722417,-0.007336151141722417,-0.007336151141722417,0.0,0.0,0.0,0.0,True,,,,-0.2957340548559317,-0.2957340548559317,-0.2957340548559317,-0.2957340548559317,True,-0.7570645817102212,-0.7570645817102212,-0.7570645817102212,-0.050763009182287204,0.27435797088359115,-0.34136423004950245,-0.8828587566617804,-0.8058061847329345,-0.3612868419485827,-0.34136423004950245,-0.5201980451566262,True,-0.22620265138686674,-0.22151777322395944,-0.18092509472346902,,,,,non-targeting control,,0,0.0,0.0,0.0,0.0,0,0.0,0.0,0.0,0.0,0,0.0,0.0,0.0,0.0,0,0.0,0.0,0.0,0.0,0,0.0,0.0,0.0,0.0,0.4822517748225178,0.5220477952204781,0.9981029294330835,0.9801079298010792,0.48225177482251774,0.522047795220478,0.998102929433084,0.9801079298010792,0.9801079298010792,0.9801079298010792,0.49579725020746257,0.8124978360428011,0.9999999956433565,0.999999193896047,0.32610553079502613,0.6758997282225478,0.8398292926445575,1.0,0.999999193896047,0.8398292926445575,0.6798737313024605,0.5210379174575597,0.902715496508009,0.9999999999973488,0.5891696824693544,0.4135114552349397,0.8235234223363467,1.0,0.902715496508009,0.8235234223363467,0.5833082207366889,0.6278502059342628,0.9483359320886435,0.9840937019657632,0.4871412457857492,0.51537161728196,0.9127546941314479,1.0,0.9483359320886435,0.9127546941314479
gRNA_14743,controlsgRNA,0.1909667681517479,-0.018072628645378473,0.795340006924625,-0.534613854227039,-0.4027877164814108,0.006166515144508933,-0.018072628645378473,,False,0.722007792684382,0.4491065502727096,,2641.7231510769693,0.02407289593155135,-0.7987019118247956,-1.5546541865030972,-0.33547894922068816,-0.7576979810793106,-0.684492026539268,-0.7576979810793106,-0.8616332571569728,True,-0.700232480265845,-0.7752429105843575,-0.6040732085231371,-0.10381209987819542,-0.10381209987819542,-0.10381209987819542,-0.10381209987819542,True,-0.44277295249111426,-0.44277295249111426,-0.44277295249111426,0.0,0.0,0.0,0.0,True,,,,0.18688728715791683,0.18688728715791683,0.18688728715791683,0.18688728715791683,True,0.2813836924134706,0.2813836924134706,0.2813836924134706,-0.27923827746246566,-0.10606508431134813,0.692685205936446,-0.745553592306279,-4.794604831975487,-1.0465553160238268,-0.27923827746246566,-1.481365446513895,True,-1.1297121896194948,-0.1434764764613634,-1.0810798032462297,,,,,non-targeting control,,0,0.0,0.0,0.0,0.0,0,0.0,0.0,0.0,0.0,0,0.0,0.0,0.0,0.0,0,0.0,0.0,0.0,0.0,0,0.0,0.0,0.0,0.0,0.7456254374562545,0.25947405259474066,0.9985561443855614,0.9229707659864644,0.7456254374562544,0.25947405259474055,0.9985561443855614,0.9229707659864644,0.9229707659864644,0.9229707659864644,0.9619473221787059,0.1168214614677436,0.9999999956433565,0.6657491645933483,0.9397659018723667,0.061227001090387034,1.0,0.365628012910076,0.6657491645933483,0.365628012910076,0.47653166317752627,0.18740837750138406,0.7635244992361461,0.9999999999973488,0.6769922245063238,0.327626653734103,0.8803927865468987,1.0,0.7635244992361461,0.8803927865468987,0.3433233121821639,0.8984063528657402,0.8749945536019875,0.9935317314044656,0.19932174591391388,0.803264916784519,0.7810433852521655,1.0,0.8749945536019875,0.7810433852521655
gRNA_14744,controlsgRNA,0.846328025443443,1.5532287391176849,-0.1698449442835727,-0.6358302256274811,-0.9913222409921658,0.12051187073158168,-0.1698449442835727,,False,0.8448152273743921,0.28600607673330947,,3093.2369332730837,-0.29581443369604804,-0.2318489807893516,-0.907531798942447,0.046070659673282804,-0.4277928312704199,-0.3633834770049968,-0.29581443369604804,-0.4657470111745666,True,-0.22365015163786725,-0.12162620832130352,-0.15741699272492019,-0.12809447240998886,-0.12809447240998886,-0.12809447240998886,-0.12809447240998886,True,-0.5338350693849888,-0.5338350693849888,-0.5338350693849888,0.0,0.0,0.0,0.0,True,,,,-0.3646706229144158,-0.3646706229144158,-0.3646706229144158,-0.3646706229144158,True,-0.9053942428595392,-0.9053942428595392,-0.9053942428595392,0.5023565261416935,-0.3175743456720566,0.5035193631040337,-0.721262494914196,-0.7492988746886158,-0.15645196520582824,-0.3175743456720566,,False,0.04386706858607075,-0.19163342780411158,,,,,,non-targeting control,,0,0.0,0.0,0.0,0.0,0,0.0,0.0,0.0,0.0,0,0.0,0.0,0.0,0.0,0,0.0,0.0,0.0,0.0,0,0.0,0.0,0.0,0.0,0.7826217378262174,0.221977802219778,0.9985561443855614,0.878564775101437,0.7826217378262175,0.2219778022197781,0.9985561443855614,0.8785647751014374,0.878564775101437,0.8785647751014374,0.8852063466036744,0.3898948801842843,0.9999999956433565,0.999999193896047,0.7734474031885255,0.22803357823571296,1.0,0.745570655796766,0.999999193896047,0.745570655796766,0.3045102722850119,0.6834939053263215,0.5782619312079014,0.9999999999973488,0.3014888062675314,0.7025674609347419,0.575430411962395,1.0,0.5782619312079014,0.575430411962395,0.15812972542988432,0.8471348445667863,0.7288304637399825,0.9859690125412363,0.14049932441546797,0.8620311487061247,0.7546820854316566,1.0,0.7288304637399825,0.7546820854316566
gRNA_14745,controlsgRNA,-1.754286932404943,1.8687793726087123,-0.20811888092936362,0.09030084801889304,0.30963879031796837,0.061262639522253415,0.09030084801889304,,False,0.7811812821667784,0.5655689320234801,,2283.2354270221417,0.7436057866919367,0.6280464401409026,0.0015578356860965975,1.1738672694996453,0.7169338360070672,0.6528022336051297,0.7169338360070672,0.6528022336051297,True,1.2845505891504512,1.311525476808305,1.1045792951669704,0.25103669636491877,0.25103669636491877,0.25103669636491877,0.25103669636491877,True,0.887957087204664,0.887957087204664,0.887957087204664,0.0,0.0,0.0,0.0,True,,,,0.3206026083536616,0.3206026083536616,0.3206026083536616,0.3206026083536616,True,0.5690967138480508,0.5690967138480508,0.5690967138480508,0.05708175217814815,0.20987705032520929,0.5162787717508919,-0.07235422459157954,0.250805113512925,0.19233769263511896,0.20987705032520929,0.25851067194179356,True,0.5037376078246641,0.4709397675959901,0.5483529865702103,,,,,non-targeting control,,0,0.0,0.0,0.0,0.0,0,0.0,0.0,0.0,0.0,0,0.0,0.0,0.0,0.0,0,0.0,0.0,0.0,0.0,0,0.0,0.0,0.0,0.0,0.10808919108089188,0.8966103389661034,0.8143830778212503,0.9879119614920229,0.10808919108089193,0.8966103389661034,0.8143830778212504,0.9879119614920229,0.8143830778212503,0.8143830778212504,0.008888249187075717,0.9980387264932858,0.1453035519278465,0.999999193896047,0.002983905381009165,0.9972267066514924,0.056097421162972304,1.0,0.1453035519278465,0.056097421162972304,0.12957734721889766,0.9848344954361079,0.3719166607198895,0.9999999999973488,0.05006002841065199,0.9507555539617344,0.20208699481868841,1.0,0.3719166607198895,0.20208699481868841,0.1440069063503943,0.8323832947946586,0.7274739925399841,0.9859690125412363,0.1379393100185476,0.8657024767642021,0.7516692835793318,1.0,0.7274739925399841,0.7516692835793318
gRNA_14746,controlsgRNA,0.296670676498028,-1.9708322655263735,-1.200765666522777,-0.5111119222725264,0.581494401494317,-0.5609089552658664,-0.5111119222725264,,False,0.11296614478204942,-0.08073278126795234,,7861.545413465884,-0.18456751346064515,0.15921064921166986,0.00047079781241784666,0.02588211039136751,-0.36989446502807105,-0.0737796842146522,0.00047079781241784666,,False,0.20617350191386163,0.29765041896915917,,-0.12889595507199525,-0.12889595507199525,-0.12889595507199525,-0.12889595507199525,True,-0.5368407356459968,-0.5368407356459968,-0.5368407356459968,0.0,0.0,0.0,0.0,True,,,,-0.5610833168188705,-0.5610833168188705,-0.5610833168188705,-0.5610833168188705,True,-1.3280121531035773,-1.3280121531035773,-1.3280121531035773,-0.451746799123935,-0.1630365808912974,-0.4245987569922509,-0.9412393737672511,-0.3359670283878148,-0.4633177078325098,-0.4245987569922509,-0.4633177078325098,True,-0.36072782510752444,-0.3260752109378196,-0.12765539020335634,,,,,non-targeting control,,0,0.0,0.0,0.0,0.0,0,0.0,0.0,0.0,0.0,0,0.0,0.0,0.0,0.0,0,0.0,0.0,0.0,0.0,0,0.0,0.0,0.0,0.0,0.7876212378762124,0.2174782521747825,0.9985561443855614,0.878564775101437,0.7876212378762124,0.2174782521747825,0.9985561443855614,0.8785647751014374,0.878564775101437,0.8785647751014374,0.6437746260550461,0.7645612926185461,0.9999999956433565,0.999999193896047,0.43085895376624106,0.5714342050167391,0.9181815541016815,1.0,0.999999193896047,0.9181815541016815,0.8693116664008591,0.4578935864214293,0.9999999989234004,0.9999999999973488,0.7313920108307761,0.2708956706827023,0.905490918437676,1.0,0.9999999989234004,0.905490918437676,0.586381759977056,0.5517775318220105,0.9483359320886435,0.9840937019657632,0.5216823496169024,0.48125438654543695,0.9127546941314479,1.0,0.9483359320886435,0.9127546941314479
gRNA_14747,controlsgRNA,-1.5192148835775177,-0.48858884503541256,-1.225737111728999,-0.2929868339024788,0.3874494635464637,-0.6278156421395888,-0.48858884503541256,-0.8816319185611019,True,0.0411080571808197,-0.05652860050223898,0.2470528344876004,4189.0646181653865,-0.5055012298632126,-0.2933081748330811,-0.6499522542014616,-0.7251684895992069,0.012418469912029865,-0.43230233571698645,-0.5055012298632126,-0.5434825371242406,True,-0.32593802350855094,-0.4183563971218188,-0.24512162052173558,-0.0692549807962759,-0.0692549807962759,-0.0692549807962759,-0.0692549807962759,True,-0.3131791735787337,-0.3131791735787337,-0.3131791735787337,0.0,0.0,0.0,0.0,True,,,,-0.014693057594232058,-0.014693057594232058,-0.014693057594232058,-0.014693057594232058,True,-0.15235336577721584,-0.15235336577721584,-0.15235336577721584,-0.30600531065263353,-0.46030009870234617,-0.12491469111511537,-1.0287410151241747,-1.0007148002330868,-0.5841351831654713,-0.46030009870234617,-0.5841351831654713,True,-0.5200226788447035,-0.37092247503919534,-0.24080365047438215,,,,,non-targeting control,,0,0.0,0.0,0.0,0.0,0,0.0,0.0,0.0,0.0,0,0.0,0.0,0.0,0.0,0,0.0,0.0,0.0,0.0,0,0.0,0.0,0.0,0.0,0.6624337566243376,0.34266573342665735,0.9985561443855614,0.961509819167337,0.6624337566243376,0.3426657334266573,0.9985561443855614,0.9615098191673369,0.961509819167337,0.9615098191673369,0.9270136580954461,0.31567683195964086,0.9999999956433565,0.999999193896047,0.8373482630469824,0.16468446703391326,1.0,0.6192135960475139,0.999999193896047,0.6192135960475139,0.9046305745265912,0.3092038987762297,0.9999999989234004,0.9999999999973488,0.8231391669830241,0.17885022465844225,0.9668969214312231,1.0,0.9999999989234004,0.9668969214312231,0.742175050941494,0.5173587914819568,0.9866557117120665,0.9840937019657632,0.6266667335472015,0.3763206294978455,0.934628309940221,1.0,0.9840937019657632,0.934628309940221
gRNA_14748,controlsgRNA,0.031570276123107234,1.7117148007779106,-0.3989712028835248,0.19725683103208605,-0.6068790499990077,0.18693833101011428,0.031570276123107234,,False,0.9161575494167813,0.5024547596715374,,3600.421750263594,0.6614287883883504,0.8538401668976564,0.9221201045648663,0.691598738649225,-0.011739533562630583,0.6234496529874936,0.691598738649225,0.7822469496250246,True,1.2409861270946054,1.2756734901325262,1.2506244977959362,0.01955949694928927,0.01955949694928927,0.01955949694928927,0.01955949694928927,True,0.019886894975554594,0.019886894975554594,0.019886894975554594,0.0,0.0,0.0,0.0,True,,,,0.31347486637731986,0.31347486637731986,0.31347486637731986,0.31347486637731986,True,0.5537600705847309,0.5537600705847309,0.5537600705847309,-0.36172063462441495,-0.09948939740783241,-0.16428298297532726,-0.7104435214548915,-0.8615758806831674,-0.43950248342912673,-0.36172063462441495,-0.43950248342912673,True,-0.32932804061773857,-0.24708905453710422,-0.10535190139281243,,,,,non-targeting control,,0,0.0,0.0,0.0,0.0,0,0.0,0.0,0.0,0.0,0,0.0,0.0,0.0,0.0,0,0.0,0.0,0.0,0.0,0,0.0,0.0,0.0,0.0,0.4623537646235377,0.5425457454254573,0.9981029294330835,0.9879119614920229,0.46235376462353767,0.5425457454254574,0.998102929433084,0.9879119614920229,0.9879119614920229,0.9879119614920229,0.011277742380712535,0.9979148478881232,0.16961724540591652,0.999999193896047,0.003569049536203162,0.9965661454271147,0.0609983011641995,1.0,0.16961724540591652,0.0609983011641995,0.8306891583977836,0.4820930144665566,0.9821985017533542,0.9999999999973488,0.6950248024838215,0.30723118325587984,0.8888752575983567,1.0,0.9821985017533542,0.8888752575983567,0.17553069733356533,0.9067075060133413,0.7300576506065981,0.9956042235074434,0.12428278267035653,0.8781945086799224,0.7483434114870964,1.0,0.7300576506065981,0.7483434114870964
gRNA_14749,controlsgRNA,-0.4395653231047889,-0.5201061429396667,-0.6758790206617447,0.5801922484383536,1.1176432207009304,0.012456996486616712,-0.4395653231047889,,False,0.7287637984060255,-0.003846004154992408,,2991.0528694080435,-0.3335800948785573,-0.9943002629974468,-0.9719880531777992,-0.4664868697118647,0.5843957148445182,-0.43639191318423,-0.4664868697118647,-0.6915888201914171,True,-0.332007685481956,-0.36314672886778315,-0.4122216210952956,-0.14988869160365792,-0.14988869160365792,-0.14988869160365792,-0.14988869160365792,True,-0.6155662813259184,-0.6155662813259184,-0.6155662813259184,0.0,0.0,0.0,0.0,True,,,,-0.5610995577403352,-0.5610995577403352,-0.5610995577403352,-0.5610995577403352,True,-1.3280470984228099,-1.3280470984228099,-1.3280470984228099,1.4451618195471019,0.40292502474014696,0.6622968601084063,-0.09633139372158972,0.6002536369459743,0.6028611895240079,0.6002536369459743,0.7776593353354073,True,1.0450026873371308,0.9613225106687672,1.034547288537966,,,,,non-targeting control,,0,0.0,0.0,0.0,0.0,0,0.0,0.0,0.0,0.0,0,0.0,0.0,0.0,0.0,0,0.0,0.0,0.0,0.0,0,0.0,0.0,0.0,0.0,0.8147185281471853,0.18918108189181082,0.9985561443855614,0.85727690967167,0.8147185281471853,0.18918108189181088,0.9985561443855614,0.8572769096716699,0.85727690967167,0.8572769096716699,0.7842096999153311,0.2421304401247523,0.9999999956433565,0.8838936455039501,0.8060529419374611,0.1959682706021248,1.0,0.6760006398752195,0.8838936455039501,0.6760006398752195,0.00269515442641301,0.9987673641984633,0.03619207372611756,0.9999999999973488,0.0010485319342741898,0.9990773592840663,0.016573983824585397,1.0,0.03619207372611756,0.016573983824585397,0.28458231220594693,0.8527173469714422,0.8441708762647215,0.9859690125412363,0.2027364926626118,0.799808795887295,0.7810433852521655,1.0,0.8441708762647215,0.7810433852521655
gRNA_14750,controlsgRNA,1.7537647477584324,-3.6290761562478213,-3.834597466439423,-0.8215103206432559,-1.1203263719842125,-1.5303491135112561,-1.1203263719842125,-2.351377578828678,True,-0.9282170174753382,-0.7354184847653552,-0.8079546526482261,4627.9258924536825,-0.08301300713138837,-0.3678772056136404,0.0651816226884008,-0.22174275033537524,-0.24178342508082382,-0.1698469530945654,-0.22174275033537524,-0.22860409704030696,True,0.06359254985225148,-0.016806520147603296,0.11013803780593896,-0.11395785267021802,-0.11395785267021802,-0.11395785267021802,-0.11395785267021802,True,-0.4808208708118566,-0.4808208708118566,-0.4808208708118566,0.0,0.0,0.0,0.0,True,,,,-0.19854853133990819,-0.19854853133990819,-0.19854853133990819,-0.19854853133990819,True,-0.5479521153118203,-0.5479521153118203,-0.5479521153118203,1.594519731398678,-0.726657495272005,-0.40113864089420703,-0.15276379393356337,-0.06945059151679857,0.04890184195642083,-0.15276379393356337,-0.3375026304041435,True,0.31462098548536643,0.015398072595203491,-0.009826764107241889,,,,,non-targeting control,,0,0.0,0.0,0.0,0.0,0,0.0,0.0,0.0,0.0,0,0.0,0.0,0.0,0.0,0,0.0,0.0,0.0,0.0,0,0.0,0.0,0.0,0.0,0.7671232876712328,0.23847615238476152,0.9985561443855614,0.8966703329667034,0.7671232876712328,0.2384761523847615,0.9985561443855614,0.8966703329667033,0.8966703329667034,0.8966703329667033,0.7654577619141159,0.661288318796109,0.9999999956433565,0.999999193896047,0.5620296813419896,0.4402102096870831,1.0,0.9880092647090372,0.999999193896047,0.9880092647090372,0.058526236283316546,0.7715943308566875,0.23522280380056998,0.9999999999973488,0.1289408839579,0.8932765627001942,0.3513171910736985,1.0,0.23522280380056998,0.3513171910736985,0.5618298206631505,0.1157095471989109,0.9483359320886435,0.9840937019657632,0.8296798509226331,0.17452766555048704,0.9769608577797501,1.0,0.9483359320886435,0.9769608577797501
gRNA_14751,controlsgRNA,-1.0812778681625959,-2.922593084869494,-0.29936892193422693,-0.4140904552020953,-0.9067457159422742,-1.1248152092221373,-0.9067457159422742,-1.1248152092221373,True,-0.4926717501588473,-0.5058963483150007,0.07249188878832079,4157.373098358187,0.08345631421431449,0.21149590695228263,0.9655984387037054,0.1623455840633104,-0.24249857886944387,0.23607953301283385,0.1623455840633104,0.35572406098340326,True,0.6660598160817652,0.5267212844898373,0.7694026788382314,0.23757546664015297,0.23757546664015297,0.23757546664015297,0.23757546664015297,True,0.8374756907461036,0.8374756907461036,0.8374756907461036,0.0,0.0,0.0,0.0,True,,,,-0.26913961298699246,-0.26913961298699246,-0.26913961298699246,-0.26913961298699246,True,-0.6998417656929172,-0.6998417656929172,-0.6998417656929172,-0.27989152928496697,0.008728363256260542,-0.48406003332667236,0.0837965573166827,-1.0585387006214098,-0.3459930685320212,-0.27989152928496697,,False,-0.20603818931077444,-0.14429707746976017,,,,,,non-targeting control,,0,0.0,0.0,0.0,0.0,0,0.0,0.0,0.0,0.0,0,0.0,0.0,0.0,0.0,0,0.0,0.0,0.0,0.0,0,0.0,0.0,0.0,0.0,0.1245875412458754,0.8804119588041196,0.8143830778212503,0.9879119614920229,0.1245875412458754,0.8804119588041197,0.8143830778212504,0.9879119614920229,0.8143830778212503,0.8143830778212504,0.16299819892947146,0.938751799425716,0.7473489630795676,0.999999193896047,0.0984056712954885,0.9035339529187392,0.46836116971017305,1.0,0.7473489630795676,0.46836116971017305,0.6964156298929371,0.5654598506380168,0.9060632416600152,0.9999999999973488,0.5695657562376657,0.43360828967332,0.8129786754760485,1.0,0.9060632416600152,0.8129786754760485,0.9166175952398284,0.3021312946677215,0.9999999997953558,0.9840937019657632,0.8335566890977498,0.16881161597708266,0.9769608577797501,1.0,0.9840937019657632,0.9769608577797501
gRNA_14752,controlsgRNA,-0.7691264033644789,-4.000725461293132,0.46752390758103685,-1.0026990592109197,1.3517855446276108,-0.7906482943319764,-0.7691264033644789,,False,-0.13377495574829074,-0.3580052460726591,,3160.4759752974846,-0.33538932537366517,-1.0127176752589875,-0.3344948354585756,-0.09326245881794801,-1.75013433680348,-0.7051997263425313,-0.33538932537366517,-0.7051997263425313,True,-0.7309663981483865,-0.17762909116328074,-0.4275780420286753,-0.09089682218236937,-0.09089682218236937,-0.09089682218236937,-0.09089682218236937,True,-0.3943389485355996,-0.3943389485355996,-0.3943389485355996,0.0,0.0,0.0,0.0,True,,,,-0.19643168059787666,-0.19643168059787666,-0.19643168059787666,-0.19643168059787666,True,-0.5433973229554204,-0.5433973229554204,-0.5433973229554204,-0.423929313632451,-0.5426912235481828,0.04783927764772751,-0.19630356522605244,0.3070211705629622,-0.1616127308391993,-0.19630356522605244,,False,0.037062726710244256,-0.03929565958785368,,,,,,non-targeting control,,0,0.0,0.0,0.0,0.0,0,0.0,0.0,0.0,0.0,0,0.0,0.0,0.0,0.0,0,0.0,0.0,0.0,0.0,0,0.0,0.0,0.0,0.0,0.7276272372762724,0.27757224277572246,0.9985561443855614,0.9318496721756397,0.7276272372762724,0.2775722427757224,0.9985561443855614,0.9318496721756395,0.9318496721756397,0.9318496721756395,0.9605986903673602,0.11967006839572819,0.9999999956433565,0.6657491645933483,0.9362162155657806,0.0650452666393562,1.0,0.365628012910076,0.6657491645933483,0.365628012910076,0.5104961530960785,0.7933624849839739,0.7794739101279691,0.9999999999973488,0.3456260975389088,0.6570548155826352,0.6247856378587967,1.0,0.7794739101279691,0.6247856378587967,0.3708797256754093,0.3585999742118163,0.8749945536019875,0.9840937019657632,0.5132719344554763,0.4916113686987283,0.9127546941314479,1.0,0.8749945536019875,0.9127546941314479
gRNA_14753,controlsgRNA,-2.3877274209300086,0.023610748224240075,-0.38463098265076073,-0.44471950056774695,-2.159714684074829,-1.070636367999821,-0.44471950056774695,-1.3441981470558364,True,-0.43448342697921954,-0.009384885085810911,-0.0849847741618315,2995.993372495858,0.4353635314316365,-0.22300355809581762,-0.4480977646203723,-0.27968762938883307,-0.7134411895170235,-0.24577332203808205,-0.27968762938883307,-0.4160575354055116,True,-0.049095716367537116,-0.09880498269194171,-0.10135514809849774,-0.06859580831611174,-0.06859580831611174,-0.06859580831611174,-0.06859580831611174,True,-0.3107071893702985,-0.3107071893702985,-0.3107071893702985,0.0,0.0,0.0,0.0,True,,,,0.10022018505518542,0.10022018505518542,0.10022018505518542,0.10022018505518542,True,0.09490353754435431,0.09490353754435431,0.09490353754435431,-1.1430611824498123,-0.5361084317043977,-0.14895208285437092,-1.6483795238993628,-2.0469813194804924,-1.1046965080776872,-1.1430611824498123,-1.1046965080776872,True,-1.2063699136681132,-1.228592388108759,-0.7283209414612444,,,,,non-targeting control,,0,0.0,0.0,0.0,0.0,0,0.0,0.0,0.0,0.0,0,0.0,0.0,0.0,0.0,0,0.0,0.0,0.0,0.0,0,0.0,0.0,0.0,0.0,0.6574342565743425,0.34706529347065296,0.9985561443855614,0.9640938004101692,0.6574342565743425,0.34706529347065296,0.9985561443855614,0.9640938004101688,0.9640938004101692,0.9640938004101688,0.7394732213105408,0.5017181388574469,0.9999999956433565,0.999999193896047,0.6378928154302728,0.36474100915090163,1.0,0.9409427510670617,0.999999193896047,0.9409427510670617,0.9809870594669344,0.032588130746301354,0.9999999989234004,0.9999999999973488,0.9830088425100594,0.01763548801114925,1.0,0.6525772433264331,0.9999999989234004,0.6525772433264331,0.8539809971511902,0.34305006170549834,0.994107909996432,0.9840937019657632,0.7753947749834897,0.22680784293891554,0.9668242831730418,1.0,0.9840937019657632,0.9668242831730418
gRNA_14754,controlsgRNA,0.7865459628214484,-0.13126828967957785,-0.5578685204196215,-0.671508292519074,0.36051639552574727,-0.04271654885421553,-0.13126828967957785,,False,0.6695071584553024,0.327462060369195,,2077.6622985389367,0.38653127671585313,-0.5562685747576199,-0.776143578688337,-0.36756597166577654,-1.6335722992226336,-0.5894038295237027,-0.5562685747576199,-0.8333876060835919,True,-0.5591046453812201,-0.4901978488048758,-0.5722052268763236,-0.1761866721631905,-0.1761866721631905,-0.1761866721631905,-0.1761866721631905,True,-0.714187195598175,-0.714187195598175,-0.714187195598175,0.0,0.0,0.0,0.0,True,,,,-0.5105827732450499,-0.5105827732450499,-0.5105827732450499,-0.5105827732450499,True,-1.2193509776617388,-1.2193509776617388,-1.2193509776617388,-1.409000151353026,0.09971696614692932,0.20778405182825205,-1.0268448849131921,-0.6515710390862228,-0.5559830114754518,-0.6515710390862228,,False,-0.4829047365984618,-0.6111929513694627,,,,,,non-targeting control,,0,0.0,0.0,0.0,0.0,0,0.0,0.0,0.0,0.0,0,0.0,0.0,0.0,0.0,0,0.0,0.0,0.0,0.0,0,0.0,0.0,0.0,0.0,0.8427157284271573,0.16218378162183786,0.9985561443855614,0.85727690967167,0.8427157284271571,0.16218378162183777,0.9985561443855614,0.8572769096716699,0.85727690967167,0.8572769096716699,0.8780221198519165,0.15137229439385716,0.9999999956433565,0.75202801261804,0.8884159034795038,0.11364690183053572,1.0,0.4706591802323885,0.75202801261804,0.4706591802323885,0.7598596080618809,0.27330689189584495,0.947712829662916,0.9999999999973488,0.7647953432020913,0.2376936575845059,0.9222316764143789,1.0,0.947712829662916,0.9222316764143789,0.3584410912345762,0.8617044405725158,0.8749945536019875,0.9859690125412363,0.22974917047579874,0.7727276492355606,0.7891586160513889,1.0,0.8749945536019875,0.7891586160513889
gRNA_14755,controlsgRNA,-2.6951567071017797,-3.209702959489554,-0.008561078197810408,-0.8256718611659526,-0.0667878747094378,-1.361176096132907,-0.8256718611659526,-1.361176096132907,True,-0.7465244233482151,-0.41877120925337513,-0.0971718238512718,3250.971531857207,-0.8226744733038514,-1.070219507473422,-0.5707230547217035,-0.8624266926506388,-1.1665879866189912,-0.8985263429537212,-0.8624266926506388,-0.8985263429537212,True,-1.0178975597881537,-0.9234457107865249,-0.6456976050722076,-0.2221403076906561,-0.2221403076906561,-0.2221403076906561,-0.2221403076906561,True,-0.8865194223862101,-0.8865194223862101,-0.8865194223862101,0.0,0.0,0.0,0.0,True,,,,-0.7864889556117243,-0.7864889556117243,-0.7864889556117243,-0.7864889556117243,True,-1.8130136982185687,-1.8130136982185687,-1.8130136982185687,-0.3813610213601994,0.41196402236488766,-0.3937572602752352,-0.7889233189030531,-0.2998141087099119,-0.29037833737670243,-0.3813610213601994,-0.4659639273120999,True,-0.13271154148433958,-0.2717608895102928,-0.13013363376527287,,,,,non-targeting control,,0,0.0,0.0,0.0,0.0,0,0.0,0.0,0.0,0.0,0,0.0,0.0,0.0,0.0,0,0.0,0.0,0.0,0.0,0,0.0,0.0,0.0,0.0,0.8963103689631037,0.10838916108389161,0.9985561443855614,0.85727690967167,0.8963103689631036,0.10838916108389157,0.9985561443855614,0.8572769096716699,0.85727690967167,0.8572769096716699,0.9977962381222902,0.04384340215254266,0.9999999956433565,0.4916270465385613,0.988318985572344,0.012054701785408177,1.0,0.16787288412272128,0.4916270465385613,0.16787288412272128,0.6209485902108255,0.6187297139409107,0.8647284071084088,0.9999999999973488,0.5101689805531404,0.4925227809829524,0.7725898917512847,1.0,0.8647284071084088,0.7725898917512847,0.8639830905691563,0.25146466716006294,0.9995619755507777,0.9840937019657632,0.8257626200695012,0.1767384660336596,0.9769608577797501,1.0,0.9840937019657632,0.9769608577797501
gRNA_14756,controlsgRNA,-0.062324050887516205,-3.236033323731539,0.3965638631183814,0.8005480877669715,-0.5660786121981397,-0.5334648071863685,-0.062324050887516205,,False,0.14244128529468203,0.40155223911829574,,3655.008284380178,-0.27523764896852637,0.4115825434064964,-0.48028660530090744,-0.16676297215856034,-0.33817953460183947,-0.16977684352466743,-0.27523764896852637,-0.3151166902574584,True,0.06369660495177949,-0.09250776439106438,0.012530737988352872,-0.08010301589340975,-0.08010301589340975,-0.08010301589340975,-0.08010301589340975,True,-0.353860743667927,-0.353860743667927,-0.353860743667927,0.0,0.0,0.0,0.0,True,,,,-0.4156745870580308,-0.4156745870580308,-0.4156745870580308,-0.4156745870580308,True,-1.0151386199262373,-1.0151386199262373,-1.0151386199262373,0.48015279298025754,0.6016135694405366,0.6938198821952374,-0.4945624812767864,0.5839164145774677,0.37298803558334254,0.5839164145774677,0.5898756647983748,True,0.7419206180076096,0.9408000403315769,0.8586836928948947,,,,,non-targeting control,,0,0.0,0.0,0.0,0.0,0,0.0,0.0,0.0,0.0,0,0.0,0.0,0.0,0.0,0,0.0,0.0,0.0,0.0,0,0.0,0.0,0.0,0.0,0.6764323567643237,0.3291670832916709,0.9985561443855614,0.9546052913505642,0.6764323567643236,0.32916708329167077,0.9985561443855614,0.9546052913505642,0.9546052913505642,0.9546052913505642,0.704555873676582,0.6083728718492709,0.9999999956433565,0.999999193896047,0.559965564990425,0.44277931050178215,1.0,0.9880092647090372,0.999999193896047,0.9880092647090372,0.0187167534721851,0.9884448739269941,0.12133619492313098,0.9999999999973488,0.008578833179561639,0.9918262262636407,0.06203156299067646,1.0,0.12133619492313098,0.06203156299067646,0.3982659510440609,0.631116352739643,0.8808705740739229,0.9840937019657632,0.36329704262342594,0.6395661246573058,0.8639456274350743,1.0,0.8808705740739229,0.8639456274350743
gRNA_14757,controlsgRNA,-1.0009456831198136,1.1206109138555516,1.8580770744026427,-1.0544034101415685,-1.758772051211078,-0.16708663124285317,-1.0009456831198136,,False,0.5359331213471389,-0.6071273217599772,,1941.858713661696,0.19739391863812453,-0.7890542993932044,-0.33146113514184816,-0.6404890224339281,0.44707682454929304,-0.2233067427563126,-0.33146113514184816,,False,-0.015751307799343542,-0.17207026413917875,,-0.01810808629242441,-0.01810808629242441,-0.01810808629242441,-0.01810808629242441,True,-0.12137153699090965,-0.12137153699090965,-0.12137153699090965,0.0,0.0,0.0,0.0,True,,,,0.09279563652070874,0.09279563652070874,0.09279563652070874,0.09279563652070874,True,0.0789282605713073,0.0789282605713073,0.0789282605713073,-2.6632153701696812,0.2887106419064253,0.21260181378292808,-0.7547955729004765,-0.47246697172478236,-0.6778330918211173,-0.47246697172478236,,False,-0.6435610545113626,-0.38620624146332416,,,,,,non-targeting control,,0,0.0,0.0,0.0,0.0,0,0.0,0.0,0.0,0.0,0,0.0,0.0,0.0,0.0,0,0.0,0.0,0.0,0.0,0,0.0,0.0,0.0,0.0,0.540945905409459,0.46445355464453564,0.9981029294330835,0.9778839374945756,0.5409459054094591,0.4644535546445355,0.998102929433084,0.9778839374945756,0.9778839374945756,0.9778839374945756,0.6480099771653504,0.49553668366814496,0.9999999956433565,0.999999193896047,0.5880284719955573,0.4142174883202111,1.0,0.9554955558797508,0.999999193896047,0.9554955558797508,0.6528754048161912,0.20268303476075694,0.8926587353123195,0.9999999999973488,0.7437916672884008,0.26252508431782945,0.9080054120144114,1.0,0.8926587353123195,0.9080054120144114,0.160708481183424,0.5873488105688438,0.7288304637399825,0.9840937019657632,0.26484272739035675,0.7415763432638659,0.8298405458231177,1.0,0.7288304637399825,0.8298405458231177
gRNA_14758,controlsgRNA,-0.7859460584408704,-4.468767167029262,-1.7637717378426414,0.08406745939640224,0.45890941858806095,-1.295101617065662,-0.7859460584408704,,False,-0.6755601307360147,-0.37608030604781617,,3492.8151830094894,0.7700596001867839,0.7117492273351603,1.1023811558049303,0.34013104457549964,-0.639341180352422,0.4569959695099904,0.7117492273351603,0.7310802569755935,True,0.9939391886201561,1.3041886776478788,1.1928959923334834,0.36659860524138793,0.36659860524138793,0.36659860524138793,0.36659860524138793,True,1.3213295692720535,1.3213295692720535,1.3213295692720535,0.0,0.0,0.0,0.0,True,,,,0.39150619520507113,0.39150619520507113,0.39150619520507113,0.39150619520507113,True,0.7216587764534645,0.7216587764534645,0.7216587764534645,0.29547409303083677,0.12072927096690048,0.8425233968073296,-0.5612263151621949,-0.668705004324021,0.005759088263770163,0.12072927096690048,,False,0.25773833154519593,0.3589542283017419,,,,,,non-targeting control,,0,0.0,0.0,0.0,0.0,0,0.0,0.0,0.0,0.0,0,0.0,0.0,0.0,0.0,0,0.0,0.0,0.0,0.0,0,0.0,0.0,0.0,0.0,0.03639636036396361,0.9687031296870313,0.7553426475534262,0.9879119614920229,0.0363963603639636,0.9687031296870313,0.7553426475534257,0.9879119614920229,0.7553426475534262,0.7553426475534257,0.0264096621328703,0.9542234436329828,0.2683792692421414,0.999999193896047,0.019344804581336264,0.9814566786837887,0.18650375698929322,1.0,0.2683792692421414,0.18650375698929322,0.1614958999836437,0.826918704614167,0.40213548605198696,0.9999999999973488,0.15035368401097027,0.8516430063143783,0.3743906303849326,1.0,0.40213548605198696,0.3743906303849326,0.7441342806505867,0.18492835001462554,0.9866557117120665,0.9840937019657632,0.8000433855208731,0.2027111562662406,0.9668242831730418,1.0,0.9840937019657632,0.9668242831730418
gRNA_14759,controlsgRNA,-1.5708686344059433,-3.6514702520090534,0.2227854592305226,-4.043877251684349,-0.8284982995290668,-1.9743857956795778,-1.5708686344059433,-2.523678609407103,True,-1.4051144442696446,-1.2195888424587347,-0.9316351520812798,1998.8552492845308,-0.7409161900884228,-1.4166919715888722,0.10879561966505986,-0.8369838735323603,-0.08121773606992276,-0.5934028303229036,-0.7409161900884228,-0.7689524428198945,True,-0.5650398754329659,-0.7514948057911158,-0.49950665126331184,0.1281905317425654,0.1281905317425654,0.1281905317425654,0.1281905317425654,True,0.42726768018078254,0.42726768018078254,0.42726768018078254,0.0,0.0,0.0,0.0,True,,,,-0.08502583864147457,-0.08502583864147457,-0.08502583864147457,-0.08502583864147457,True,-0.3036872350753803,-0.3036872350753803,-0.3036872350753803,-0.17810562222898768,-0.5759510494337954,-0.13673979840894468,-1.5496241045403898,-1.2692004050835002,-0.7419241959391235,-0.5759510494337954,-0.7419241959391235,True,-0.7280635904913276,-0.5162007330146341,-0.38857658014385854,,,,,non-targeting control,,0,0.0,0.0,0.0,0.0,0,0.0,0.0,0.0,0.0,0,0.0,0.0,0.0,0.0,0,0.0,0.0,0.0,0.0,0,0.0,0.0,0.0,0.0,0.24357564243575644,0.7596240375962405,0.9114056336301855,0.9879119614920229,0.24357564243575636,0.7596240375962404,0.9114056336301855,0.9879119614920229,0.9114056336301855,0.9114056336301855,0.9218045669479905,0.15505470532983787,0.9999999956433565,0.75202801261804,0.9023707024252309,0.09922917967062961,1.0,0.4550020921482528,0.75202801261804,0.4550020921482528,0.9219925805277233,0.15446323529238754,0.9999999989234004,0.9999999999973488,0.901041477704374,0.10042950767995124,0.9877305994660194,1.0,0.9999999989234004,0.9877305994660194,0.9421411733589147,0.0732208994547029,0.9999999997953558,0.9840937019657632,0.9521048630795422,0.049047150880261736,1.0,0.8129464082387473,0.9840937019657632,0.8129464082387473
gRNA_14760,controlsgRNA,-0.39665927010279056,-5.370496454483282,-1.618629918096473,-1.8906715747570537,0.5134301211392615,-1.7526054192600675,-1.618629918096473,-2.3191143043599,True,-1.166921306010306,-1.2709149881659998,-0.7847955462502644,1899.4426871516794,-0.3341813975488201,-1.0558317779978066,-0.21413859175519176,-0.037063518029847094,0.43878175312477485,-0.24048670644137812,-0.21413859175519176,-0.4103038213329164,True,-0.04124943642484365,-0.006045788177774873,-0.09486355567635398,-0.05840944576326088,-0.05840944576326088,-0.05840944576326088,-0.05840944576326088,True,-0.2725069790615004,-0.2725069790615004,-0.2725069790615004,0.0,0.0,0.0,0.0,True,,,,0.14031784430840727,0.14031784430840727,0.14031784430840727,0.14031784430840727,True,0.1811810006879409,0.1811810006879409,0.1811810006879409,-1.0212044524958785,-0.3931726161560985,-0.8632003590585485,-0.83113434006281,-1.9226866687292234,-1.0062796873005118,-0.8632003590585485,-1.0062796873005118,True,-1.076609769055149,-0.8770371899827609,-0.6361513937889905,,,,,non-targeting control,,0,0.0,0.0,0.0,0.0,0,0.0,0.0,0.0,0.0,0,0.0,0.0,0.0,0.0,0,0.0,0.0,0.0,0.0,0,0.0,0.0,0.0,0.0,0.6296370362963706,0.37666233376662317,0.9985561443855614,0.9727487021412807,0.6296370362963704,0.37666233376662334,0.9985561443855614,0.9727487021412802,0.9727487021412807,0.9727487021412802,0.6779873811741646,0.5012006570972447,0.9999999956433565,0.999999193896047,0.5977684734154479,0.4058173486229836,1.0,0.947072046781696,0.999999193896047,0.947072046781696,0.9913785922948625,0.053430546717900505,0.9999999989234004,0.9999999999973488,0.9797198004116783,0.020826933297652117,1.0,0.6525772433264331,0.9999999989234004,0.6525772433264331,0.8460074226635053,0.08763780608286434,0.9917363304007057,0.9840937019657632,0.9087867118660266,0.09348731437398533,0.9918167876570679,0.9206266127436572,0.9840937019657632,0.9206266127436572
gRNA_14761,controlsgRNA,0.20303124419731028,-0.20551294545433366,0.8428625361598266,1.0009744494251696,0.3776027380342839,0.44379160447245136,0.3776027380342839,0.6061177419541476,True,1.192019139454177,0.8743147933041432,1.3149838876343194,2886.9408043380026,0.3606455183130313,-0.2106930945948293,-0.24513503148338522,0.08123749994665971,-0.43638531803517844,-0.09006608517074038,-0.2106930945948293,,False,0.18200157966551603,-0.0011700256519793092,,-0.09985743602167457,-0.09985743602167457,-0.09985743602167457,-0.09985743602167457,True,-0.42794243863144216,-0.42794243863144216,-0.42794243863144216,0.0,0.0,0.0,0.0,True,,,,0.35304845499216875,0.35304845499216875,0.35304845499216875,0.35304845499216875,True,0.6389098996960835,0.6389098996960835,0.6389098996960835,0.12230830620380638,0.25717090012155513,1.0983109848838861,-0.06236173596684101,-0.20505221390411202,0.24207524826765897,0.12230830620380638,,False,0.5693153450509669,0.36093777869236693,,,,,,non-targeting control,,0,0.0,0.0,0.0,0.0,0,0.0,0.0,0.0,0.0,0,0.0,0.0,0.0,0.0,0,0.0,0.0,0.0,0.0,0,0.0,0.0,0.0,0.0,0.7363263673632636,0.26827317268273176,0.9985561443855614,0.9229707659864644,0.7363263673632636,0.2682731726827317,0.9985561443855614,0.9229707659864644,0.9229707659864644,0.9229707659864644,0.6196411016989124,0.7213655265458967,0.9999999956433565,0.999999193896047,0.4459899348247192,0.556741376863972,0.928834255311346,1.0,0.999999193896047,0.928834255311346,0.059252457298785664,0.9745855825771533,0.23522280380056998,0.9999999999973488,0.03534110899171662,0.9659163198508103,0.16537282316590565,1.0,0.23522280380056998,0.16537282316590565,0.0920145017804105,0.9875955922955276,0.7124107290566989,0.9997934568416044,0.03548605490470641,0.965299741979834,0.6671378322084806,1.0,0.7124107290566989,0.6671378322084806
gRNA_14762,controlsgRNA,-0.8392307070665033,1.7792744120610942,-0.6809821026532477,-0.08825243778955842,-0.5549769798875844,-0.07683356306715992,-0.5549769798875844,-0.5408605568492234,True,0.6328653292068568,-0.12787188986470216,0.49166409460321153,4411.628257267661,-1.0169370216937967,-1.084799344598553,0.6089817696594195,-0.9979482578328535,-0.5437975309461937,-0.6069000770823956,-0.9979482578328535,-0.9108705387678493,True,-0.5850721956562508,-1.1152238310979317,-0.6596248678790485,-0.1041219294106817,-0.1041219294106817,-0.1041219294106817,-0.1041219294106817,True,-0.4439348543220617,-0.4439348543220617,-0.4439348543220617,0.0,0.0,0.0,0.0,True,,,,-0.25311576219601245,-0.25311576219601245,-0.25311576219601245,-0.25311576219601245,True,-0.6653635138002952,-0.6653635138002952,-0.6653635138002952,-1.427830994946896,-0.48716055772005906,-0.2963229983049865,-0.9390027152986532,-1.4403828043133289,-0.9181400141167847,-0.9390027152986532,-0.9181400141167847,True,-0.9603997894180879,-0.972258493355941,-0.5536066240517379,,,,,non-targeting control,,0,0.0,0.0,0.0,0.0,0,0.0,0.0,0.0,0.0,0,0.0,0.0,0.0,0.0,0,0.0,0.0,0.0,0.0,0,0.0,0.0,0.0,0.0,0.751924807519248,0.25447455254474555,0.9985561443855614,0.920023382277157,0.7519248075192481,0.25447455254474555,0.9985561443855614,0.920023382277157,0.920023382277157,0.920023382277157,0.8398611530408636,0.11981023180805407,0.9999999956433565,0.6657491645933483,0.9024628690116065,0.09914244373121223,1.0,0.4550020921482528,0.6657491645933483,0.4550020921482528,0.9819215003755014,0.07863628367027083,0.9999999989234004,0.9999999999973488,0.9658923917938433,0.03494068341949951,1.0,0.7123480329959567,0.9999999989234004,0.7123480329959567,0.2815399540468294,0.7438896118172301,0.8441708762647215,0.9859690125412363,0.27685361663349006,0.7266393047902713,0.839491611727357,1.0,0.8441708762647215,0.839491611727357
gRNA_14763,controlsgRNA,0.6150051986335161,-3.2877738197264117,1.2327554472965234,-0.32736614020599636,0.43690695321189493,-0.2660944721580948,0.43690695321189493,,False,0.4295982475381316,0.9380454251896639,,2735.2312095195057,-0.5078409510026325,-0.6267908599227924,-0.8927173067684077,-0.3189733203813687,-0.6534838798356183,-0.5999612635821638,-0.6267908599227924,-0.5999612635821638,True,-0.5747737595023336,-0.5899947429069866,-0.3088433953719782,-0.08613851997480416,-0.08613851997480416,-0.08613851997480416,-0.08613851997480416,True,-0.3764946842951777,-0.3764946842951777,-0.3764946842951777,0.0,0.0,0.0,0.0,True,,,,-0.10193069561505227,-0.10193069561505227,-0.10193069561505227,-0.10193069561505227,True,-0.3400611332442182,-0.3400611332442182,-0.3400611332442182,-0.4664406250553311,0.13732918280198916,0.05684278379575126,-1.092746726618094,0.4127688834802134,-0.19044930031909427,0.05684278379575126,,False,-0.0009575770986424621,0.2787013855391542,,,,,,non-targeting control,,0,0.0,0.0,0.0,0.0,0,0.0,0.0,0.0,0.0,0,0.0,0.0,0.0,0.0,0,0.0,0.0,0.0,0.0,0,0.0,0.0,0.0,0.0,0.7113288671132887,0.29277072292770717,0.9985561443855614,0.946224705260566,0.7113288671132887,0.2927707229277072,0.9985561443855614,0.9462247052605663,0.946224705260566,0.9462247052605663,0.9816456709869376,0.17179945161855806,0.9999999956433565,0.7782722145611787,0.9346474056176614,0.06634343250822015,1.0,0.3668401562219232,0.7782722145611787,0.3668401562219232,0.409189298139141,0.684347978047394,0.6850351685348322,0.9999999999973488,0.34548117741585194,0.6576185885346176,0.6247856378587967,1.0,0.6850351685348322,0.6247856378587967,0.1755461777052144,0.7380823825259819,0.7300576506065981,0.9859690125412363,0.17585448454705788,0.8271509501789027,0.7810433852521655,1.0,0.7300576506065981,0.7810433852521655
gRNA_14764,controlsgRNA,-0.558378071877991,-3.7034092932511182,-0.591008788318779,-1.8857818869718446,-0.9077435877192781,-1.529264325627802,-0.9077435877192781,-1.529264325627802,True,-0.9270519503288343,-0.506968700401589,-0.21782830572462844,4402.10875131797,-0.46475391035144237,-0.3633319983034604,-0.5248791563372868,0.1370275748190126,-0.08598146938424771,-0.260383791911485,-0.3633319983034604,-0.35973663359410935,True,-0.07078025813608982,-0.21717108792038303,-0.03781143793246726,-0.15581489735757142,-0.15581489735757142,-0.15581489735757142,-0.15581489735757142,True,-0.6377903387319007,-0.6377903387319007,-0.6377903387319007,0.0,0.0,0.0,0.0,True,,,,-0.28925437254436276,-0.28925437254436276,-0.28925437254436276,-0.28925437254436276,True,-0.7431223575946422,-0.7431223575946422,-0.7431223575946422,-1.065800978806169,-0.2714859065691874,-0.9174615282680233,-1.2493176122152487,-0.9034479257465741,-0.8815027903210405,-0.9174615282680233,-0.8815027903210405,True,-0.912094515782833,-0.9451989135881974,-0.5192950468380587,,,,,non-targeting control,,0,0.0,0.0,0.0,0.0,0,0.0,0.0,0.0,0.0,0,0.0,0.0,0.0,0.0,0,0.0,0.0,0.0,0.0,0,0.0,0.0,0.0,0.0,0.82001799820018,0.18538146185381457,0.9985561443855614,0.85727690967167,0.8200179982001801,0.18538146185381466,0.9985561443855614,0.8572769096716699,0.85727690967167,0.8572769096716699,0.8306820481280179,0.5054643692638164,0.9999999956433565,0.999999193896047,0.6849301905922611,0.3170426535591968,1.0,0.876529689251897,0.999999193896047,0.876529689251897,0.9870657663221903,0.08825711628774371,0.9999999989234004,0.9999999999973488,0.9667321365378899,0.03405295278591711,1.0,0.7123480329959567,0.9999999989234004,0.7123480329959567,0.9681798892064759,0.1512348909192059,0.9999999997953558,0.9840937019657632,0.929137103412972,0.07184619507533187,0.9987930604750844,0.9206266127436572,0.9840937019657632,0.9206266127436572
gRNA_14765,controlsgRNA,-0.8763454022656387,-3.1932460087306134,-0.6956104239351676,-1.5017336400809684,-0.591843513505081,-1.3717557977034938,-0.8763454022656387,-1.3717557977034938,True,-0.7578870712056549,-0.4732269808117368,-0.10476610677407337,4329.32670582919,-0.34663202406553917,-0.3876525462259925,0.3365217864873882,0.3127965699214873,-0.10221026273451997,-0.037435295323435244,-0.10221026273451997,,False,0.26011505381417416,0.15234527320289865,,0.0404900439439454,0.0404900439439454,0.0404900439439454,0.0404900439439454,True,0.09837922164522295,0.09837922164522295,0.09837922164522295,0.0,0.0,0.0,0.0,True,,,,-0.3692474270819934,-0.3692474270819934,-0.3692474270819934,-0.3692474270819934,True,-0.9152420758811602,-0.9152420758811602,-0.9152420758811602,-0.44826889317936064,-0.5295480498432099,-0.1181534201138752,-0.6433516318398302,-2.4837047535080257,-0.8446053496968602,-0.5295480498432099,-0.8446053496968602,True,-0.8634461526937433,-0.45791027450375504,-0.48473977076086966,,,,,non-targeting control,,0,0.0,0.0,0.0,0.0,0,0.0,0.0,0.0,0.0,0,0.0,0.0,0.0,0.0,0,0.0,0.0,0.0,0.0,0,0.0,0.0,0.0,0.0,0.41155884411558863,0.5936406359364064,0.9919623422273162,0.9879119614920229,0.41155884411558846,0.5936406359364064,0.9919623422273158,0.9879119614920229,0.9879119614920229,0.9879119614920229,0.5328482208738926,0.7641098893418778,0.9999999956433565,0.999999193896047,0.3745082021361895,0.6292381844510753,0.875910096608784,1.0,0.999999193896047,0.875910096608784,0.9248224887467663,0.14198708463807694,0.9999999989234004,0.9999999999973488,0.9039704230274554,0.09930516467003242,0.9880606949369862,1.0,0.9999999989234004,0.9880606949369862,0.9676670404095373,0.19304201422276876,0.9999999997953558,0.9840937019657632,0.9140788753544132,0.08698432653489185,0.9918167876570679,0.9206266127436572,0.9840937019657632,0.9206266127436572
gRNA_14766,controlsgRNA,0.32095645940308704,1.5791050181372566,-0.5914761994077675,-1.5548173390880693,0.9563830484502608,0.14203019749895354,0.32095645940308704,,False,0.8679260087048153,0.8134404841118283,,2563.036601897876,0.6026618493031521,0.520599276133367,-1.1978264327139132,0.40637680902873013,0.39438221078844643,0.14523874250795651,0.40637680902873013,0.48100503631342395,True,0.5312358896057742,0.8720526681573282,0.910750166709542,0.12265177286424434,0.12265177286424434,0.12265177286424434,0.12265177286424434,True,0.40649659993463794,0.40649659993463794,0.40649659993463794,0.0,0.0,0.0,0.0,True,,,,-0.18848678227042134,-0.18848678227042134,-0.18848678227042134,-0.18848678227042134,True,-0.5263024180309767,-0.5263024180309767,-0.5263024180309767,0.21435986930270504,0.5541144825197771,0.8046566648289796,0.22268325164597147,-1.150265465020081,0.12910976065547045,0.22268325164597147,0.4489535670743583,True,0.4203731429652117,0.48702664459437495,0.7267070053563345,,,,,non-targeting control,,0,0.0,0.0,0.0,0.0,0,0.0,0.0,0.0,0.0,0,0.0,0.0,0.0,0.0,0,0.0,0.0,0.0,0.0,0,0.0,0.0,0.0,0.0,0.253974602539746,0.7524247575242475,0.9114056336301855,0.9879119614920229,0.25397460253974596,0.7524247575242475,0.9114056336301855,0.9879119614920229,0.9114056336301855,0.9114056336301855,0.13550315539128863,0.7943995523781504,0.6793224856949936,0.999999193896047,0.12029002278161521,0.8821910717625718,0.4909847379262385,1.0,0.6793224856949936,0.4909847379262385,0.06265030083061889,0.8590045937258466,0.24037258277870102,0.9999999999973488,0.06079429837050111,0.9408132234036695,0.22338740217841682,1.0,0.24037258277870102,0.22338740217841682,0.11448619484092988,0.8349457678477389,0.7124107290566989,0.9859690125412363,0.11291495442514032,0.889618976399589,0.7483434114870964,1.0,0.7124107290566989,0.7483434114870964
gRNA_14767,controlsgRNA,-1.0935531279483388,2.8828463753857374,-0.8319460893208791,-1.0411442411498675,-0.4289108002761745,-0.10254157666190448,-0.8319460893208791,-0.8488885646738149,True,0.6052548050684946,-0.4255137405171284,0.2705565497486046,2328.5434553396594,-0.8085847242668743,-1.1977091863768154,-2.02733084908882,-0.329614318543428,0.05182072420065954,-0.8622836708150556,-0.8085847242668743,-1.0908097695689845,True,-0.9641069736807536,-0.8472533241606683,-0.8626401954356638,-0.273960292024159,-0.273960292024159,-0.273960292024159,-0.273960292024159,True,-1.0808512350885198,-1.0808512350885198,-1.0808512350885198,0.0,0.0,0.0,0.0,True,,,,0.3464427298814307,0.3464427298814307,0.3464427298814307,0.3464427298814307,True,0.6246964713964608,0.6246964713964608,0.6246964713964608,-0.5544451080714856,-0.06137512674942087,-0.5362755400007629,-1.3667145110759529,-0.07516056029846878,-0.5187941692392182,-0.5362755400007629,-0.5187941692392182,True,-0.43387216768945325,-0.4663612041714732,-0.17961033361582843,,,,,non-targeting control,,0,0.0,0.0,0.0,0.0,0,0.0,0.0,0.0,0.0,0,0.0,0.0,0.0,0.0,0,0.0,0.0,0.0,0.0,0,0.0,0.0,0.0,0.0,0.9667033296670333,0.0377962203779622,0.9985561443855614,0.5921407859214078,0.9667033296670333,0.03779622037796215,0.9985561443855614,0.5921407859214071,0.5921407859214078,0.5921407859214071,0.9689087429352804,0.05382268805213327,0.9999999956433565,0.4916270465385613,0.9691523319038612,0.03168189824268214,1.0,0.24311007631119352,0.4916270465385613,0.24311007631119352,0.8251718672290926,0.3689358030218968,0.9818500698675279,0.9999999999973488,0.7436599718054683,0.25935647511895166,0.9080054120144114,1.0,0.9818500698675279,0.9080054120144114,0.12079832169402992,0.5667024798113575,0.7124107290566989,0.9840937019657632,0.29838679831475656,0.7258488808391567,0.8499502739874883,1.0,0.7124107290566989,0.8499502739874883
gRNA_14768,controlsgRNA,0.26152526215760397,1.2731009582540245,-1.2236968277129319,-1.1485619790609527,-2.0026489196138337,-0.568056301195218,-1.1485619790609527,,False,0.10528986257610215,-0.7657615737900167,,5959.451724657329,0.32241595855356975,0.35344693424977286,-1.2382423071816626,0.3315591969176779,-0.7986957689750652,-0.20590319728714146,0.32241595855356975,,False,0.01007865604967334,0.7532387062448923,,-0.16005459996199461,-0.16005459996199461,-0.16005459996199461,-0.16005459996199461,True,-0.6536897856930142,-0.6536897856930142,-0.6536897856930142,0.0,0.0,0.0,0.0,True,,,,-0.20726522952867954,-0.20726522952867954,-0.20726522952867954,-0.20726522952867954,True,-0.5667076890964684,-0.5667076890964684,-0.5667076890964684,9.691192000873395e-06,-0.7433465714667561,-0.45192154287030684,-1.0067777672920593,-0.44690454258981027,-0.5297881466053863,-0.45192154287030684,-0.6622376060547331,True,-0.4483674549954265,-0.3603975118812607,-0.31394831144761937,,,,,non-targeting control,,0,0.0,0.0,0.0,0.0,0,0.0,0.0,0.0,0.0,0,0.0,0.0,0.0,0.0,0,0.0,0.0,0.0,0.0,0,0.0,0.0,0.0,0.0,0.832016798320168,0.17268273172682733,0.9985561443855614,0.85727690967167,0.8320167983201678,0.1726827317268274,0.9985561443855614,0.8572769096716699,0.85727690967167,0.8572769096716699,0.48590558343706314,0.4498099367537154,0.9999999956433565,0.999999193896047,0.5078002301284272,0.49630318539765916,0.9823790496205694,1.0,0.999999193896047,0.9823790496205694,0.8833905677145972,0.3631574805991276,0.9999999989234004,0.9999999999973488,0.7865695617779105,0.21537424683343803,0.941879475249982,1.0,0.9999999989234004,0.941879475249982,0.46168363756938424,0.46237674593515254,0.9184817340004682,0.9840937019657632,0.5216345911588535,0.4834930450055803,0.9127546941314479,1.0,0.9184817340004682,0.9127546941314479
gRNA_14769,controlsgRNA,-0.4163108988544537,-0.3825145783368139,1.0236268616621769,-0.14358620581605783,-1.0208780570756484,-0.1879325756841594,-0.3825145783368139,-0.49082243502074346,True,0.5135444817090571,0.05746296018613365,0.5275822773190224,1599.0359993974996,0.803580902844947,0.4117957769557174,0.33725659455616164,0.4915664787178544,0.849303166617255,0.5787005839383872,0.4915664787178544,0.5787005839383872,True,1.1745705316136101,0.9926055462248399,1.0209745658780844,0.5015579332648893,0.5015579332648893,0.5015579332648893,0.5015579332648893,True,1.8274449452841668,1.8274449452841668,1.8274449452841668,0.0,0.0,0.0,0.0,True,,,,0.5541584806911509,0.5541584806911509,0.5541584806911509,0.5541584806911509,True,1.0716349802419138,1.0716349802419138,1.0716349802419138,-0.5928507808278529,0.20073059696600012,0.2882629561864849,-0.7313264923690307,-1.4337467603860927,-0.4537860960860982,-0.5928507808278529,,False,-0.3481606307108544,-0.5374298151938424,,,,,,non-targeting control,,0,0.0,0.0,0.0,0.0,0,0.0,0.0,0.0,0.0,0,0.0,0.0,0.0,0.0,0,0.0,0.0,0.0,0.0,0,0.0,0.0,0.0,0.0,0.0226977302269773,0.9827017298270173,0.7553426475534262,0.9906054970910416,0.02269773022697729,0.9827017298270173,0.7553426475534257,0.9906054970910416,0.7553426475534262,0.7553426475534257,0.02028884651559405,0.9988758722567811,0.23340132564334026,0.999999193896047,0.005314801842213896,0.9948542648580969,0.08326522886135104,1.0,0.23340132564334026,0.08326522886135104,0.6585040574782624,0.36318962085978845,0.8938538830751864,0.9999999999973488,0.6621228425944472,0.3408709107226221,0.870483177676616,1.0,0.8938538830751864,0.870483177676616,0.42440814403379723,0.7807093477142748,0.8881553689271336,0.9859690125412363,0.31582158764011586,0.6875062171299655,0.8612283119005054,1.0,0.8881553689271336,0.8612283119005054
gRNA_14770,controlsgRNA,-0.7108729043148452,-2.145440733107425,-0.9219308279683782,-0.24530358077103778,-0.00623721643730577,-0.8059570525197983,-0.7108729043148452,-0.8059570525197983,True,-0.15021663203399246,-0.2954037548825804,0.30137349174134664,6281.4279258924535,0.3805120158235545,0.30073695199059425,-0.6887726345061234,-0.030364124954600114,-0.18158647206375025,-0.04389485274206501,-0.030364124954600114,,False,0.2505279191180046,0.2540155663148588,,-0.0857537143209878,-0.0857537143209878,-0.0857537143209878,-0.0857537143209878,True,-0.37505161206723253,-0.37505161206723253,-0.37505161206723253,0.0,0.0,0.0,0.0,True,,,,-0.19874298844769148,-0.19874298844769148,-0.19874298844769148,-0.19874298844769148,True,-0.5483705254200969,-0.5483705254200969,-0.5483705254200969,0.17941105350496866,-0.046844740732356435,-0.17472852271747322,-0.896151881364411,-0.12792741099695637,-0.21324830046124568,-0.12792741099695637,-0.31141313895279926,True,-0.031017495028471252,0.046597007187792125,0.014606626517252,,,,,non-targeting control,,0,0.0,0.0,0.0,0.0,0,0.0,0.0,0.0,0.0,0,0.0,0.0,0.0,0.0,0,0.0,0.0,0.0,0.0,0,0.0,0.0,0.0,0.0,0.7073292670732926,0.296970302969703,0.9985561443855614,0.946224705260566,0.7073292670732927,0.296970302969703,0.9985561443855614,0.9462247052605663,0.946224705260566,0.9462247052605663,0.4975221827560625,0.7489666600255936,0.9999999956433565,0.999999193896047,0.36095402456716397,0.6415298937011351,0.8644504027850551,1.0,0.999999193896047,0.8644504027850551,0.5613201199560974,0.7302312651696181,0.8148894405540257,0.9999999999973488,0.40289305103860457,0.6002244778001823,0.6690683349135985,1.0,0.8148894405540257,0.6690683349135985,0.8368940338998527,0.4381751857275712,0.9917363304007057,0.9840937019657632,0.7201549822354567,0.28239006045897175,0.9641177804211494,1.0,0.9840937019657632,0.9641177804211494
gRNA_14771,controlsgRNA,-0.32852552991125883,-4.306955628233572,-1.0939364392723443,-0.1650043344943796,0.08453385327624184,-1.1619776157270625,-0.32852552991125883,-1.4736054829778886,True,-0.5325843446524812,0.11548170574669527,-0.17787547762083047,1958.969724356078,-2.143236989749269,-3.319474098456985,-0.9282803367638968,-2.253908912568497,-2.974970976148687,-2.3239742627374667,-2.253908912568497,-2.3239742627374667,True,-3.1335163744654606,-2.8925481501200063,-2.2539504305475924,-0.03243640771982521,-0.03243640771982521,-0.03243640771982521,-0.03243640771982521,True,-0.17510464231274833,-0.17510464231274833,-0.17510464231274833,0.0,0.0,0.0,0.0,True,,,,-1.100911117590992,-1.100911117590992,-1.100911117590992,-1.100911117590992,True,-2.4895506082755663,-2.4895506082755663,-2.4895506082755663,-1.1965173283113806,0.3474224091738597,-0.1899104582252355,-2.115679510920061,0.414049431447566,-0.5481270913670503,-0.1899104582252355,,False,-0.4725469001911869,-0.03126477491068431,,,,,,non-targeting control,,0,0.0,0.0,0.0,0.0,0,0.0,0.0,0.0,0.0,0,0.0,0.0,0.0,0.0,0,0.0,0.0,0.0,0.0,0,0.0,0.0,0.0,0.0,0.5619438056194379,0.44135586441355856,0.9981029294330835,0.9727487021412807,0.561943805619438,0.4413558644135586,0.998102929433084,0.9727487021412802,0.9727487021412807,0.9727487021412802,0.9999927434610812,0.00022807011399266338,0.9999999956433565,0.012250623265891634,0.9999703724291823,3.387889865179184e-05,1.0,0.001819780841867676,0.012250623265891634,0.001819780841867676,0.48150640456760885,0.21992802157342092,0.7637907330612553,0.9999999999973488,0.6503059947841962,0.3543281106094932,0.8640107916567412,1.0,0.7637907330612553,0.8640107916567412,0.7952106835952686,0.26506366170403817,0.9866557117120665,0.9840937019657632,0.7715193393807237,0.23236876837404657,0.9668242831730418,1.0,0.9840937019657632,0.9668242831730418
gRNA_14772,controlsgRNA,-0.36905354152027525,1.3381152322929528,0.3098568694718528,0.16466227938905728,-0.6974296234172654,0.14923024324326445,0.16466227938905728,,False,0.8756588907529737,0.6454806380453735,,3540.8947130591955,0.18387880632237696,-0.20716018973603686,-0.29267876133105825,-0.11403591930323019,0.4362345154070112,0.0012476902718125738,-0.11403591930323019,,False,0.317527500103768,0.1356106510403949,,-0.06627763614923511,-0.06627763614923511,-0.06627763614923511,-0.06627763614923511,True,-0.3020137363494353,-0.3020137363494353,-0.3020137363494353,0.0,0.0,0.0,0.0,True,,,,-0.27827595983164966,-0.27827595983164966,-0.27827595983164966,-0.27827595983164966,True,-0.7195002904755975,-0.7195002904755975,-0.7195002904755975,-0.0877744833387486,-0.21947397452477896,-0.16776326239045947,-0.26403336970168595,-1.0089540212341652,-0.34959982223796765,-0.21947397452477896,-0.34959982223796765,True,-0.21079360488680263,-0.0684018336245322,-0.021156054066246932,,,,,non-targeting control,,0,0.0,0.0,0.0,0.0,0,0.0,0.0,0.0,0.0,0,0.0,0.0,0.0,0.0,0,0.0,0.0,0.0,0.0,0,0.0,0.0,0.0,0.0,0.6484351564843516,0.355964403559644,0.9985561443855614,0.9640938004101692,0.6484351564843516,0.355964403559644,0.9985561443855614,0.9640938004101688,0.9640938004101692,0.9640938004101688,0.4912087726668406,0.8235540866727742,0.9999999956433565,0.999999193896047,0.31782726590664967,0.6849012659661441,0.8241589791786226,1.0,0.999999193896047,0.8241589791786226,0.745511739514672,0.589444453557765,0.940023307080171,0.9999999999973488,0.5837628109251651,0.4184596667364723,0.822077965947049,1.0,0.940023307080171,0.822077965947049,0.20349870995239305,0.9109793705191535,0.7374561910804621,0.9956042235074434,0.13068488802137895,0.8711773340159714,0.7483434114870964,1.0,0.7374561910804621,0.7483434114870964
gRNA_14773,controlsgRNA,-0.4368848387814475,-3.135889259723259,-0.9054057334627384,0.03731994345008803,0.2363073600710974,-0.840910505689252,-0.4368848387814475,,False,-0.18775680054594643,-0.0009654507377663011,,2851.1522819701763,-0.050166665824319716,-0.004566736939810196,0.5028120063205905,-0.28913236885372434,0.24513026074261973,0.0808152990890712,-0.004566736939810196,,False,0.4356200153871144,0.2905217457983119,,0.04864306270589122,0.04864306270589122,0.04864306270589122,0.04864306270589122,True,0.12895412311196316,0.12895412311196316,0.12895412311196316,0.0,0.0,0.0,0.0,True,,,,-0.10563737116037748,-0.10563737116037748,-0.10563737116037748,-0.10563737116037748,True,-0.3480367250543894,-0.3480367250543894,-0.3480367250543894,0.4415281529377447,0.32100923534543535,-0.24984354825935798,-0.6541553144947609,-0.1933076374264893,-0.06695382237948562,-0.1933076374264893,,False,0.16186815685564102,-0.035532238976194445,,,,,,non-targeting control,,0,0.0,0.0,0.0,0.0,0,0.0,0.0,0.0,0.0,0,0.0,0.0,0.0,0.0,0,0.0,0.0,0.0,0.0,0,0.0,0.0,0.0,0.0,0.36516348365163476,0.6398360163983602,0.9737692897376927,0.9879119614920229,0.3651634836516348,0.6398360163983602,0.9737692897376928,0.9879119614920229,0.9737692897376927,0.9737692897376928,0.38041440571662605,0.8840211225601217,0.9999999956433565,0.999999193896047,0.2250471406583217,0.7770026330486666,0.7110733183825964,1.0,0.999999193896047,0.7110733183825964,0.3283434853203517,0.8406490830096032,0.6081633028593706,0.9999999999973488,0.22663410761716746,0.7749991501241067,0.4821626391340823,1.0,0.6081633028593706,0.4821626391340823,0.7194511109557122,0.4677531895260004,0.9866557117120665,0.9840937019657632,0.6320691246154096,0.37085261894494326,0.935661381320449,1.0,0.9840937019657632,0.935661381320449
gRNA_14774,controlsgRNA,-1.001562601562922,1.032313623659713,-0.923974050016503,0.2331143187326843,0.14934794262269024,-0.10215215331286749,0.14934794262269024,,False,0.6056730475258124,0.6290232520719614,,3421.358638349149,0.07254493354684596,0.1425413253619937,-0.8594494791162617,0.05216432967984627,-0.0046581556412402135,-0.11937140923376317,0.05216432967984627,,False,0.13850725476071526,0.3708025284541983,,-0.057119165907864505,-0.057119165907864505,-0.057119165907864505,-0.057119165907864505,True,-0.26766825850962367,-0.26766825850962367,-0.26766825850962367,0.0,0.0,0.0,0.0,True,,,,-0.07870156221890993,-0.07870156221890993,-0.07870156221890993,-0.07870156221890993,True,-0.2900793952134105,-0.2900793952134105,-0.2900793952134105,-0.6588353753980385,-0.8699318078327357,-0.4326586441137953,-0.7445688941531071,-2.2758566264873745,-0.9963702695970102,-0.7445688941531071,-0.9963702695970102,True,-1.0635444468461752,-0.7280148736633995,-0.6268710030974942,,,,,non-targeting control,,0,0.0,0.0,0.0,0.0,0,0.0,0.0,0.0,0.0,0,0.0,0.0,0.0,0.0,0,0.0,0.0,0.0,0.0,0,0.0,0.0,0.0,0.0,0.6234376562343764,0.3831616838316169,0.9985561443855614,0.9727487021412807,0.6234376562343765,0.38316168383161686,0.9985561443855614,0.9727487021412802,0.9727487021412807,0.9727487021412802,0.6218127351470656,0.6844272260190034,0.9999999956433565,0.999999193896047,0.45958498976993023,0.5440120563476479,0.9360445746648105,1.0,0.999999193896047,0.9360445746648105,0.9864382015584877,0.06504770036958543,0.9999999989234004,0.9999999999973488,0.9718770009887099,0.029043859715095422,1.0,0.7123480329959567,0.9999999989234004,0.7123480329959567,0.3359265002215575,0.7895103236808949,0.8749945536019875,0.9859690125412363,0.26045869889197665,0.7424472505616472,0.8268515752131369,1.0,0.8749945536019875,0.8268515752131369
gRNA_14775,controlsgRNA,-0.8447073824269296,-4.045754312378817,1.1859263807925169,-0.22656609257857618,0.6236616054818673,-0.6614879602219876,-0.22656609257857618,,False,0.004943833609740594,0.22505130966849513,,1712.0650700406688,-0.2952204054234383,-1.0021088742736015,-1.779842585477628,-0.7174535169765958,-0.3102934752115739,-0.8209837714725674,-0.7174535169765958,-0.8209837714725674,True,-0.9028105608966915,-0.7182925081286203,-0.5582106769646469,0.3101106469481884,0.3101106469481884,0.3101106469481884,0.3101106469481884,True,1.1094922352365668,1.1094922352365668,1.1094922352365668,0.0,0.0,0.0,0.0,True,,,,0.6068693168113254,0.6068693168113254,0.6068693168113254,0.6068693168113254,True,1.1850520052085414,1.1850520052085414,1.1850520052085414,0.9237120155940742,0.18001934461451735,0.39110039238212563,-0.5505523026525871,-0.14317644118558887,0.16022060175050826,0.18001934461451735,,False,0.4613920176620796,0.4334331544176423,,,,,,non-targeting control,,0,0.0,0.0,0.0,0.0,0,0.0,0.0,0.0,0.0,0,0.0,0.0,0.0,0.0,0,0.0,0.0,0.0,0.0,0,0.0,0.0,0.0,0.0,0.06639336066393359,0.9378062193780622,0.7553426475534262,0.9879119614920229,0.06639336066393355,0.9378062193780622,0.7553426475534257,0.9879119614920229,0.7553426475534262,0.7553426475534257,0.9851949938001169,0.07244487139751649,0.9999999956433565,0.5238321470281961,0.9693534129242056,0.031479969638361235,1.0,0.24311007631119352,0.5238321470281961,0.24311007631119352,0.08333845271262857,0.9406412871023704,0.2797790912495388,0.9999999999973488,0.05873495620023276,0.9430423673116594,0.22084343531287517,1.0,0.2797790912495388,0.22084343531287517,0.3108593758676973,0.45903498059615555,0.8658009283426236,0.9840937019657632,0.39799869861149895,0.6066960461713222,0.8829007738803286,1.0,0.8658009283426236,0.8829007738803286
gRNA_14776,controlsgRNA,-0.14630361577113185,-4.29646309776828,0.654386734540016,-0.7063122238856729,-1.4690447118309378,-1.1927473829432012,-0.7063122238856729,-1.6545309123140055,True,-0.5656312153226702,-0.2905026691046372,-0.3077467116193148,4601.29537580961,-0.07620418951698114,-0.25041517616127495,0.18172178322062496,0.08800595401940026,0.3654684877316115,0.06171537185867613,0.08800595401940026,,False,0.40727231860579566,0.42152242189333705,,0.12087433072875713,0.12087433072875713,0.12087433072875713,0.12087433072875713,True,0.39983095623355763,0.39983095623355763,0.39983095623355763,0.0,0.0,0.0,0.0,True,,,,-0.8925120453978321,-0.8925120453978321,-0.8925120453978321,-0.8925120453978321,True,-2.041141808231751,-2.041141808231751,-2.041141808231751,0.31432272870629707,-0.5835920023587954,0.4746908190701285,-0.9867566975277412,0.8922652700012871,0.022186023578235202,0.31432272870629707,,False,0.27939683956364575,0.6021422014047867,,,,,,non-targeting control,,0,0.0,0.0,0.0,0.0,0,0.0,0.0,0.0,0.0,0,0.0,0.0,0.0,0.0,0,0.0,0.0,0.0,0.0,0,0.0,0.0,0.0,0.0,0.2678732126787322,0.7367263273672633,0.9114056336301855,0.9879119614920229,0.26787321267873215,0.7367263273672633,0.9114056336301855,0.9879119614920229,0.9114056336301855,0.9114056336301855,0.4408366057981755,0.8814015891096888,0.9999999956433565,0.999999193896047,0.2532632929814309,0.7490959371320017,0.7381937841939381,1.0,0.999999193896047,0.7381937841939381,0.09684668974833606,0.7736441363751397,0.3112322949662744,0.9999999999973488,0.12036804437515919,0.8833730066404191,0.3373799672120785,1.0,0.3112322949662744,0.3373799672120785,0.7174984750248081,0.22636732625915984,0.9866557117120665,0.9840937019657632,0.7662442582988547,0.23649136051620806,0.9668242831730418,1.0,0.9840937019657632,0.9668242831730418
gRNA_14777,controlsgRNA,-0.933287116448066,1.5037997614908825,-0.4867638579268998,-0.1117902774083615,0.5555757015264332,0.1055068422467977,-0.1117902774083615,,False,0.8286997581784121,0.3483938950828123,,3859.49691218557,-0.23193317384898512,0.4704788680997244,0.2733800096445965,0.6141653862712055,0.5358902834240977,0.3323962747181278,0.4704788680997244,0.47347863685990604,True,0.8090110302875063,0.962764226721436,0.9022585529376317,0.023203829055767122,0.023203829055767122,0.023203829055767122,0.023203829055767122,True,0.033553623621846225,0.033553623621846225,0.033553623621846225,0.0,0.0,0.0,0.0,True,,,,0.008319157438848165,0.008319157438848165,0.008319157438848165,0.008319157438848165,True,-0.1028383673622064,-0.1028383673622064,-0.1028383673622064,0.36981298993924644,0.37013483531378427,0.2966183500736785,-0.5595291441908067,-0.17870986951307347,0.05966543232456582,0.2966183500736785,,False,0.32881251323129335,0.5799023385241353,,,,,,non-targeting control,,0,0.0,0.0,0.0,0.0,0,0.0,0.0,0.0,0.0,0,0.0,0.0,0.0,0.0,0,0.0,0.0,0.0,0.0,0,0.0,0.0,0.0,0.0,0.4523547645235476,0.5525447455254475,0.9981029294330835,0.9879119614920229,0.45235476452354767,0.5525447455254474,0.998102929433084,0.9879119614920229,0.9879119614920229,0.9879119614920229,0.10545448439156027,0.9775770631181587,0.5831012666356862,0.999999193896047,0.04624591610497191,0.9546632426536896,0.29471973653338035,1.0,0.5831012666356862,0.29471973653338035,0.2107178131725257,0.924596988540195,0.4787035728155444,0.9999999999973488,0.12054228578698639,0.8814694042712226,0.3373799672120785,1.0,0.4787035728155444,0.3373799672120785,0.1914741312419174,0.8682532624684617,0.7300576506065981,0.9861350648860734,0.1483400145225734,0.8537327704868418,0.7678156128562094,1.0,0.7300576506065981,0.7678156128562094
gRNA_14778,controlsgRNA,-1.974368824129841,-3.39496384776777,-2.209698932921581,-0.39978699528537215,-0.717190389274272,-1.7392017978757675,-1.974368824129841,-1.7392017978757675,True,-1.1525257553619142,-1.6532059467407216,-0.3685248589035305,2481.458050911282,-0.6002478515727633,-0.8933328664830327,0.0074605548761072,-0.7489412694863924,-0.43342089174723214,-0.5336964648826625,-0.6002478515727633,-0.6689857198223551,True,-0.47642498580547504,-0.5524334275404297,-0.38671981248585685,-0.2395408387784892,-0.2395408387784892,-0.2395408387784892,-0.2395408387784892,True,-0.9517737213168891,-0.9517737213168891,-0.9517737213168891,0.0,0.0,0.0,0.0,True,,,,0.7809855378234187,0.7809855378234187,0.7809855378234187,0.7809855378234187,True,1.5596949674374254,1.5596949674374254,1.5596949674374254,-1.0983610730602684,-0.47385140041377216,-0.6385985930971672,-0.5553363103640372,-1.5291189272940542,-0.8590532608458599,-0.6385985930971672,-0.8590532608458599,True,-0.8824953662859409,-0.5948972413640456,-0.4982705617872045,,,,,non-targeting control,,0,0.0,0.0,0.0,0.0,0,0.0,0.0,0.0,0.0,0,0.0,0.0,0.0,0.0,0,0.0,0.0,0.0,0.0,0,0.0,0.0,0.0,0.0,0.9143085691430857,0.0905909409059094,0.9985561443855614,0.85727690967167,0.9143085691430857,0.09059094090590941,0.9985561443855614,0.8572769096716699,0.85727690967167,0.8572769096716699,0.953927117500451,0.21533975328996272,0.9999999956433565,0.8669330336007393,0.897484215678906,0.10399531788162336,1.0,0.46550285147012366,0.8669330336007393,0.46550285147012366,0.9828079536484753,0.10877166028770331,0.9999999989234004,0.9999999999973488,0.9554920232210945,0.04538313650367587,1.0,0.8125742535896251,0.9999999989234004,0.8125742535896251,0.9765521692995891,0.11873391440583872,0.9999999997953558,0.9840937019657632,0.9483745256117458,0.05254252332654055,1.0,0.8129464082387473,0.9840937019657632,0.8129464082387473
gRNA_14779,controlsgRNA,-0.5766915062256399,-0.9125851888696367,-0.026617661296600124,0.4544813034005814,-0.6832175903513922,-0.3489261286685375,-0.5766915062256399,-0.5497779866858172,True,0.34063666973775103,-0.1512071701727622,0.48526301753393,3338.093086308179,0.3092488160099713,0.7640965112717745,0.5417011520680068,0.9527590952165341,1.123378678297638,0.738236850572785,0.7640965112717745,0.738236850572785,True,1.4113507903875064,1.378265919179685,1.2009703749284002,0.04500875545167587,0.04500875545167587,0.04500875545167587,0.04500875545167587,True,0.11532498899097486,0.11532498899097486,0.11532498899097486,0.0,0.0,0.0,0.0,True,,,,0.18464033994484066,0.18464033994484066,0.18464033994484066,0.18464033994484066,True,0.27654897365501374,0.27654897365501374,0.27654897365501374,-0.40703505676010215,-0.3666936300414848,-0.03296000884902959,-1.112683163663392,-1.8639054180202606,-0.7566554554668539,-0.40703505676010215,-0.7566554554668539,True,-0.7474863919144429,-0.3040120652637779,-0.4023727332464629,,,,,non-targeting control,,0,0.0,0.0,0.0,0.0,0,0.0,0.0,0.0,0.0,0,0.0,0.0,0.0,0.0,0,0.0,0.0,0.0,0.0,0,0.0,0.0,0.0,0.0,0.3878612138786122,0.6175382461753824,0.9743077979783722,0.9879119614920229,0.38786121387861217,0.6175382461753824,0.9743077979783722,0.9879119614920229,0.9743077979783722,0.9743077979783722,0.004458587136157505,0.9996964485576851,0.09389484556516246,0.999999193896047,0.0010519472186677264,0.999014432261982,0.028252296729933225,1.0,0.09389484556516246,0.028252296729933225,0.9073108735072207,0.15014669298593075,0.9999999989234004,0.9999999999973488,0.8951154208929708,0.10765071288045436,0.9874349826518847,1.0,0.9999999989234004,0.9874349826518847,0.6270902984262434,0.693969013004454,0.9780765380247597,0.9846503731685838,0.4668244771485679,0.5359575426814397,0.9127546941314479,1.0,0.9780765380247597,0.9127546941314479
gRNA_14780,controlsgRNA,0.02695676400423375,-0.9128038825868254,0.5842050261274947,-0.15068070621686566,-0.5635070361149379,-0.20316596695738012,-0.15068070621686566,,False,0.49718374983421637,0.3066007173998786,,3928.9049555655974,0.006794180993447781,-0.12576513520174692,-1.0687564935654523,0.2632118508758517,0.3844015879376786,-0.10802280179204424,0.006794180993447781,,False,0.1553506112179122,0.30659871099069963,,-0.02078017217731657,-0.02078017217731657,-0.02078017217731657,-0.02078017217731657,True,-0.13139221338412166,-0.13139221338412166,-0.13139221338412166,0.0,0.0,0.0,0.0,True,,,,0.581287106345553,0.581287106345553,0.581287106345553,0.581287106345553,True,1.130007190580994,1.130007190580994,1.130007190580994,-0.23846664020987476,-0.1993210209654496,-0.38696519972071575,-0.08421225806832817,-0.38463489601171075,-0.2587200029952158,-0.23846664020987476,-0.2587200029952158,True,-0.09097081042731686,-0.09226001522692769,0.06395492356943025,,,,,non-targeting control,,0,0.0,0.0,0.0,0.0,0,0.0,0.0,0.0,0.0,0,0.0,0.0,0.0,0.0,0,0.0,0.0,0.0,0.0,0,0.0,0.0,0.0,0.0,0.5499450054994497,0.45475452454754517,0.9981029294330835,0.9753781683978496,0.54994500549945,0.4547545245475452,0.998102929433084,0.9753781683978494,0.9753781683978496,0.9753781683978494,0.5106108615103964,0.6509453245515819,0.9999999956433565,0.999999193896047,0.41479423085185235,0.5889710139381233,0.9181815541016815,1.0,0.999999193896047,0.9181815541016815,0.7090792438815601,0.73554836462277,0.9099446952200224,0.9999999999973488,0.4855070805695382,0.5165882792726427,0.7543415797278775,1.0,0.9099446952200224,0.7543415797278775,0.49573520701502527,0.793737623175492,0.9483359320886435,0.9859690125412363,0.3373820152178364,0.6648124967086358,0.8639456274350743,1.0,0.9483359320886435,0.8639456274350743
gRNA_14781,controlsgRNA,-8.491949036669673,-9.915980165742626,-7.612427283508959,-6.309312266469747,-7.6680658818348695,-7.999546926845174,-7.6680658818348695,-7.999546926845174,True,-7.876165046311411,-7.7718757607755125,-4.862303042208115,98.5690616056635,1.0875072554141785,0.5930194824269577,3.065305248491019,-1.9944971844996495,0.33784542341674983,0.617836045049851,0.5930194824269577,1.2709193524372262,True,1.2326545322279896,1.136172854683224,1.801966122871792,-0.7870021065610563,-0.7870021065610563,-0.7870021065610563,-0.7870021065610563,True,-3.0048260701518856,-3.0048260701518856,-3.0048260701518856,0.0,0.0,0.0,0.0,True,,,,-0.5097568782974964,-0.5097568782974964,-0.5097568782974964,-0.5097568782974964,True,-1.2175739133087293,-1.2175739133087293,-1.2175739133087293,-9.559657961687693,-9.598327225150637,-1.8166960501520972,-7.530783565917823,-8.434108543914933,-7.387914669364636,-8.434108543914933,-7.387914669364636,True,-9.490637692337136,-10.387450597149249,-6.612694885658157,,,,,non-targeting control,,0,0.0,0.0,0.0,0.0,0,0.0,0.0,0.0,0.0,0,0.0,0.0,0.0,0.0,0,0.0,0.0,0.0,0.0,0,0.0,0.0,0.0,0.0,1.0,0.004199580041995798,1.0,0.4726384504406704,1.0,0.0041995800419957945,1.0,0.47263845044066993,0.4726384504406704,0.47263845044066993,0.0022228175756970996,0.6706316438361679,0.0641499547707735,0.999999193896047,0.013245608415149452,1.0,0.15563589887800605,1.0,0.0641499547707735,0.15563589887800605,0.99999999388994,1.4788417017409432e-07,0.9999999989234004,5.5604447985459464e-05,1.0,1.3547846534389219e-08,1.0,5.0939902969303465e-06,5.5604447985459464e-05,5.0939902969303465e-06,0.9999999997953558,2.2268906010128415e-07,0.9999999997953558,8.373108659808285e-05,0.9999999950992466,1.442943917297207e-08,1.0,5.425469129037498e-06,8.373108659808285e-05,5.425469129037498e-06
gRNA_14782,controlsgRNA,-1.1128091554481419,-4.40802913112819,-1.5778717011138923,-0.2732597926287796,-0.3016088093101849,-1.5347157179258377,-1.1128091554481419,-1.5347157179258377,True,-0.9329067705808107,-0.727340189513841,-0.22174140432748138,3078.053923783702,0.16459343178530036,0.1686400911280762,-0.3917770185413712,0.07404660137964403,-0.7606457701004221,-0.14902853286975454,0.07404660137964403,,False,0.0944907965774986,0.4017683819631086,,-0.052577221890370424,-0.052577221890370424,-0.052577221890370424,-0.052577221890370424,True,-0.25063536617157284,-0.25063536617157284,-0.25063536617157284,0.0,0.0,0.0,0.0,True,,,,0.4741110350510068,0.4741110350510068,0.4741110350510068,0.4741110350510068,True,0.899398229529318,0.899398229529318,0.899398229529318,0.25788382983206054,-0.708588195607351,-0.14481123423679287,0.03024210827574768,-0.48054411484334497,-0.20916352131593613,-0.14481123423679287,,False,-0.02563181473091876,0.02538790849266428,,,,,,non-targeting control,,0,0.0,0.0,0.0,0.0,0,0.0,0.0,0.0,0.0,0,0.0,0.0,0.0,0.0,0,0.0,0.0,0.0,0.0,0,0.0,0.0,0.0,0.0,0.6169383061693829,0.3882611738826117,0.9985561443855614,0.9727487021412807,0.616938306169383,0.3882611738826117,0.9985561443855614,0.9727487021412802,0.9727487021412807,0.9727487021412802,0.6592141692261154,0.6268646200433546,0.9999999956433565,0.999999193896047,0.5152508968292198,0.48675769812412983,0.9823790496205694,1.0,0.999999193896047,0.9823790496205694,0.5572043352976934,0.7328718972974486,0.8148894405540257,0.9999999999973488,0.4039322128334757,0.5986424802132869,0.6690683349135985,1.0,0.8148894405540257,0.6690683349135985,0.9322731102001548,0.1298501532991608,0.9999999997953558,0.9840937019657632,0.9147907863067468,0.0865401487749981,0.9918167876570679,0.9206266127436572,0.9840937019657632,0.9206266127436572
gRNA_14783,controlsgRNA,-0.5382521698292684,-4.831016047269217,-4.552271458618052,-1.1472498635651793,-0.7346572940305236,-2.3606893666624478,-1.1472498635651793,-2.3606893666624478,True,-1.8200062456937154,-0.764351523097971,-0.8146388063414975,4939.900587437867,0.09245284961981377,0.827887651724185,0.26657007677461647,0.352509706979987,-0.4638678328288517,0.21511049045395012,0.26657007677461647,0.3848550712746506,True,0.6349380189626718,0.6742105588035562,0.8022695615630374,-0.11074877020481672,-0.11074877020481672,-0.11074877020481672,-0.11074877020481672,True,-0.46878638603472705,-0.46878638603472705,-0.46878638603472705,0.0,0.0,0.0,0.0,True,,,,-0.1127268031400365,-0.1127268031400365,-0.1127268031400365,-0.1127268031400365,True,-0.36329093733823603,-0.36329093733823603,-0.36329093733823603,0.480405049056134,-0.7296459344941886,-0.4683622515742991,-1.0143371970919752,-0.303234721569552,-0.40703501113477614,-0.4683622515742991,-0.6288950261825037,True,-0.2865204812303964,-0.3810499795461731,-0.2827222417495612,,,,,non-targeting control,,0,0.0,0.0,0.0,0.0,0,0.0,0.0,0.0,0.0,0,0.0,0.0,0.0,0.0,0,0.0,0.0,0.0,0.0,0,0.0,0.0,0.0,0.0,0.7616238376162383,0.2427757224277572,0.9985561443855614,0.9037987290379871,0.7616238376162384,0.2427757224277572,0.9985561443855614,0.9037987290379871,0.9037987290379871,0.9037987290379871,0.17210758465366016,0.9183443822248003,0.7550801468244649,0.999999193896047,0.10847819476010745,0.8937531279814951,0.4872882106606286,1.0,0.7550801468244649,0.4872882106606286,0.6627687592354728,0.4428499697862176,0.896406667167402,0.9999999999973488,0.6337372045698831,0.36966732516731693,0.8540687774848604,1.0,0.896406667167402,0.8540687774848604,0.9873656956607688,0.018520053411236387,0.9999999997953558,0.6963540082624882,0.9896242089594878,0.010802253804485094,1.0,0.40616474304863953,0.6963540082624882,0.40616474304863953
gRNA_14784,controlsgRNA,-1.3998357025001154,-1.6558659211878144,1.1635954899557637,-0.26586498856601587,0.32283956424860877,-0.36702631160991467,-0.26586498856601587,,False,0.3211969905042753,0.18281917716017343,,2951.1673444795906,0.27821171760023977,-0.1316292785883463,0.3709269093839953,0.12344210819592513,-0.5000724149889655,0.028175808320569696,0.12344210819592513,,False,0.3574936275203663,0.4716685298570533,,0.17057102775528515,0.17057102775528515,0.17057102775528515,0.17057102775528515,True,0.5862001599818261,0.5862001599818261,0.5862001599818261,0.0,0.0,0.0,0.0,True,,,,0.22234887738833328,0.22234887738833328,0.22234887738833328,0.22234887738833328,True,0.3576858033371124,0.3576858033371124,0.3576858033371124,-0.33301399426981004,0.26004778469626866,0.9665573041188525,-0.8145707692738248,-0.5767721166777717,-0.09955035828125706,-0.33301399426981004,,False,0.11889043029330836,-0.21102838511183897,,,,,,non-targeting control,,0,0.0,0.0,0.0,0.0,0,0.0,0.0,0.0,0.0,0,0.0,0.0,0.0,0.0,0,0.0,0.0,0.0,0.0,0,0.0,0.0,0.0,0.0,0.18818118188181182,0.8181181881811819,0.9114056336301855,0.9879119614920229,0.18818118188181182,0.8181181881811819,0.9114056336301855,0.9879119614920229,0.9114056336301855,0.9114056336301855,0.4447812655003839,0.8246864885590377,0.9999999956433565,0.999999193896047,0.2901855000374378,0.7123249832352739,0.7964215183509242,1.0,0.999999193896047,0.7964215183509242,0.20686302769532336,0.6974514154572985,0.4771809718616048,0.9999999999973488,0.24859277448575756,0.7561442199866624,0.49984429522269974,1.0,0.4771809718616048,0.49984429522269974,0.38553875871989696,0.6160883745860237,0.8749945536019875,0.9840937019657632,0.38179451314671614,0.6222487384997151,0.8753337618485687,1.0,0.8749945536019875,0.8753337618485687
gRNA_14785,controlsgRNA,1.1773006359584173,1.7727101483385008,-2.3007892881211345,0.4237460010898637,0.24743953713796385,0.2640814068807222,0.4237460010898637,0.9052990806311864,True,0.9990095656016628,0.9239021506780608,1.5297411486002277,4390.420244012653,0.2026978888662079,-0.4129806064860098,-0.34117190687319904,-0.06932998770461611,0.05552194053636312,-0.11305253433225078,-0.06932998770461611,,False,0.14788559152328176,0.19887452728935145,,0.1763685650903007,0.1763685650903007,0.1763685650903007,0.1763685650903007,True,0.6079416937552062,0.6079416937552062,0.6079416937552062,0.0,0.0,0.0,0.0,True,,,,-0.6678824370268562,-0.6678824370268562,-0.6678824370268562,-0.6678824370268562,True,-1.5578100348034072,-1.5578100348034072,-1.5578100348034072,0.251875483300654,0.4392140398781013,0.14974545878894907,-0.659965758624446,-0.05914711482518129,0.02434442170361542,0.14974545878894907,,False,0.28224263412061285,0.39540374465430433,,,,,,non-targeting control,,0,0.0,0.0,0.0,0.0,0,0.0,0.0,0.0,0.0,0,0.0,0.0,0.0,0.0,0,0.0,0.0,0.0,0.0,0,0.0,0.0,0.0,0.0,0.17678232176782321,0.8273172682731726,0.9114056336301855,0.9879119614920229,0.17678232176782321,0.8273172682731726,0.9114056336301855,0.9879119614920229,0.9114056336301855,0.9114056336301855,0.6765077867681819,0.7038385008096179,0.9999999956433565,0.999999193896047,0.48570385352451106,0.5168798709245785,0.9611823627642955,1.0,0.999999193896047,0.9611823627642955,0.24254132773488893,0.9064826262849863,0.5178206914970714,0.9999999999973488,0.1440869970478057,0.8573852015024708,0.3717623373161284,1.0,0.5178206914970714,0.3717623373161284,0.047006079709071016,0.8866826337393237,0.7124107290566989,0.9865917377907832,0.04619542891784003,0.9554122758388829,0.7329365054482682,1.0,0.7124107290566989,0.7329365054482682
gRNA_14786,controlsgRNA,0.8768101650740865,-4.74461142643946,-0.19927998004235664,-10.44537205235883,-1.5168750244693336,-3.2058656636471783,-1.5168750244693336,-4.226534620827494,True,-2.7277294528200335,-1.1615651949197725,-2.153973064095046,1083.1751769844857,1.0743012015586375,1.4120830454302742,0.3691192431043655,-0.05351593462490316,1.1590811865734303,0.7922137484083608,1.0743012015586375,1.003646169166677,True,1.491462128749264,1.817240132139882,1.5004168019861348,-0.12520562994277976,-0.12520562994277976,-0.12520562994277976,-0.12520562994277976,True,-0.5230015270656562,-0.5230015270656562,-0.5230015270656562,0.0,0.0,0.0,0.0,True,,,,0.512558384170444,0.512558384170444,0.512558384170444,0.512558384170444,True,0.9821247479445872,0.9821247479445872,0.9821247479445872,-0.6282833868202521,-0.8980210023230454,-1.6196871835486157,-3.8289001099158777,0.10473010332928179,-1.3740323158557017,-0.8980210023230454,-1.7437229206519476,True,-1.561482516277504,-0.9207781394782558,-1.326783429199441,,,,,non-targeting control,,0,0.0,0.0,0.0,0.0,0,0.0,0.0,0.0,0.0,0,0.0,0.0,0.0,0.0,0,0.0,0.0,0.0,0.0,0,0.0,0.0,0.0,0.0,0.7781221877812219,0.22817718228177183,0.9985561443855614,0.8848408088484082,0.7781221877812219,0.2281771822817718,0.9985561443855614,0.884840808848408,0.8848408088484082,0.884840808848408,0.0016552911075876408,0.9975044558514624,0.06223894564529529,0.999999193896047,0.0007919110016189179,0.9992975506113733,0.02481321138405943,1.0,0.06223894564529529,0.02481321138405943,0.9540396072416479,0.028638123109728245,0.9999999989234004,0.9999999999973488,0.9780589459242134,0.023035508643953418,1.0,0.666257788471268,0.9999999989234004,0.666257788471268,0.7555701545225334,0.006555671245072962,0.9866557117120665,0.40242804962431433,0.9755704141107091,0.028923361201204638,1.0,0.679698988228309,0.40242804962431433,0.679698988228309
gRNA_14787,controlsgRNA,1.9447959568356428,-1.817570241536456,0.7561603609541496,-0.38989531961475765,-0.5281009228349531,-0.006922033239274894,-0.38989531961475765,,False,0.7079506318790655,0.04953132659114961,,2572.19460762163,-0.04131507743503741,0.20255658847131705,-0.18593765507492957,0.05821579500520811,0.8003785748974005,0.16677964517279173,0.05821579500520811,,False,0.5632064290624326,0.3793660264013121,,-0.050014111206119705,-0.050014111206119705,-0.050014111206119705,-0.050014111206119705,True,-0.24102336123113385,-0.24102336123113385,-0.24102336123113385,0.0,0.0,0.0,0.0,True,,,,0.2509764117383871,0.2509764117383871,0.2509764117383871,0.2509764117383871,True,0.4192831904609024,0.4192831904609024,0.4192831904609024,0.6408069239670883,-0.24521098944996844,0.778600427380845,-2.270720378232885,-1.0070086341125086,-0.4207065300894858,-0.24521098944996844,,False,-0.30454604091250137,-0.10073212291460225,,,,,,non-targeting control,,0,0.0,0.0,0.0,0.0,0,0.0,0.0,0.0,0.0,0,0.0,0.0,0.0,0.0,0,0.0,0.0,0.0,0.0,0,0.0,0.0,0.0,0.0,0.6083391660833917,0.39666033396660333,0.9985561443855614,0.9727487021412807,0.6083391660833917,0.39666033396660333,0.9985561443855614,0.9727487021412802,0.9727487021412807,0.9727487021412802,0.2612919246073299,0.9187160327814029,0.9096829967810744,0.999999193896047,0.15197940854623893,0.8494544328423455,0.5772147233675338,1.0,0.9096829967810744,0.5772147233675338,0.1949113952488271,0.27274823126264686,0.4638397760351835,0.9999999999973488,0.43620163245028054,0.5729155940627901,0.7069474732814891,1.0,0.4638397760351835,0.7069474732814891,0.14682725467274296,0.7531037009523796,0.7274739925399841,0.9859690125412363,0.1762967063242954,0.8277790175387809,0.7810433852521655,1.0,0.7274739925399841,0.7810433852521655
gRNA_14788,controlsgRNA,0.01052813045998355,2.856873636315439,-1.5057209399786358,-1.8323744762621466,0.13854583933818032,-0.06642956202543593,0.01052813045998355,,False,0.6440392738929912,0.47984204596608193,,3268.3235427022146,-0.38549219169039817,-0.5555085577322317,-0.5523976542758716,0.02888030022538725,-0.6690325636399063,-0.4267101334226041,-0.5523976542758716,-0.5406077418346019,True,-0.3176381984323238,-0.48472006486055313,-0.24187815046361794,-0.06658644209390141,-0.06658644209390141,-0.06658644209390141,-0.06658644209390141,True,-0.3031717995903277,-0.3031717995903277,-0.3031717995903277,0.0,0.0,0.0,0.0,True,,,,0.11035597714537528,0.11035597714537528,0.11035597714537528,0.11035597714537528,True,0.11671255195514306,0.11671255195514306,0.11671255195514306,-0.92038638610421,-0.19202607177850553,-0.6326774688015463,-1.1113967982723816,-0.5613104647446985,-0.6835594379402684,-0.6326774688015463,-0.6835594379402684,True,-0.6511111002724147,-0.5874592512957986,-0.33391668255445556,,,,,non-targeting control,,0,0.0,0.0,0.0,0.0,0,0.0,0.0,0.0,0.0,0,0.0,0.0,0.0,0.0,0,0.0,0.0,0.0,0.0,0,0.0,0.0,0.0,0.0,0.6530346965303468,0.35166483351664846,0.9985561443855614,0.9640938004101692,0.653034696530347,0.35166483351664835,0.9985561443855614,0.9640938004101688,0.9640938004101692,0.9640938004101688,0.9312263284998825,0.31134098874170896,0.9999999956433565,0.999999193896047,0.84232646286748,0.15916408688350636,1.0,0.6106703741652897,0.999999193896047,0.6106703741652897,0.9556725404287632,0.21610389483252196,0.9999999989234004,0.9999999999973488,0.8975352125452789,0.10389175327181677,0.9874349826518847,1.0,0.9999999989234004,0.9874349826518847,0.07924314122313013,0.622149160358411,0.7124107290566989,0.9840937019657632,0.19686936824435164,0.8144202083496788,0.7810433852521655,1.0,0.7124107290566989,0.7810433852521655
gRNA_14789,controlsgRNA,0.018532104361113917,-4.2797234314000345,-1.1791998206639687,-0.6536119084329884,-1.0938055833161675,-1.437561727890409,-1.0938055833161675,-1.8015851859532896,True,-0.8285629410925696,-0.7069182067521498,-0.41330467576157365,2921.162825726766,-0.9452593992638493,-1.5866880725428811,-0.13256835198946781,-0.5565923805963612,-1.1140133390284306,-0.867024308684198,-0.9452593992638493,-0.867024308684198,True,-0.9711429253492304,-1.0406632233885156,-0.6101556291648247,-0.17904201857111152,-0.17904201857111152,-0.17904201857111152,-0.17904201857111152,True,-0.7248951232535211,-0.7248951232535211,-0.7248951232535211,0.0,0.0,0.0,0.0,True,,,,-0.41804137827448873,-0.41804137827448873,-0.41804137827448873,-0.41804137827448873,True,-1.0202312050234608,-1.0202312050234608,-1.0202312050234608,-1.1312267906750073,-0.24218714897278593,-0.3386893040788177,-1.2376532872657735,-1.6759141922124916,-0.9251341446409752,-1.1312267906750073,-0.9251341446409752,True,-0.9696213775683058,-1.213726277537521,-0.5601567832794463,,,,,non-targeting control,,0,0.0,0.0,0.0,0.0,0,0.0,0.0,0.0,0.0,0,0.0,0.0,0.0,0.0,0,0.0,0.0,0.0,0.0,0,0.0,0.0,0.0,0.0,0.8521147885211479,0.15288471152884708,0.9985561443855614,0.85727690967167,0.8521147885211477,0.15288471152884714,0.9985561443855614,0.8572769096716699,0.85727690967167,0.8572769096716699,0.9895666421085118,0.05172621424160508,0.9999999956433565,0.4916270465385613,0.9798820080806001,0.020815467614395098,1.0,0.1820143214654083,0.4916270465385613,0.1820143214654083,0.97393296134158,0.07004759232732836,0.9999999989234004,0.9999999999973488,0.9648887798765151,0.03599631017798717,1.0,0.7123480329959567,0.9999999989234004,0.7123480329959567,0.92619997414261,0.14848844795216917,0.9999999997953558,0.9840937019657632,0.9050124228811621,0.09709816679120908,0.9918167876570679,0.9206266127436572,0.9840937019657632,0.9206266127436572
gRNA_14790,controlsgRNA,-0.7260258759022169,-3.46193024758464,-0.4837060393988495,-0.05422918088172251,0.5222276777875894,-0.8407327331959678,-0.4837060393988495,-1.1814728359418571,True,-0.18756587207537942,-0.05128134636253951,0.03182211713424491,1910.1671938544962,0.29760063158678346,-1.0668451111828043,0.13907891284024831,-0.15035687409931417,0.4101533586215922,-0.07407381644669893,0.13907891284024831,,False,0.20573695724920948,0.49379635134681366,,0.2912670644574256,0.2912670644574256,0.2912670644574256,0.2912670644574256,True,1.0388263021928952,1.0388263021928952,1.0388263021928952,0.0,0.0,0.0,0.0,True,,,,0.6334113636738454,0.6334113636738454,0.6334113636738454,0.6334113636738454,True,1.242162083766367,1.242162083766367,1.242162083766367,-0.3398485413589343,-0.08155058511592693,-0.12760041786726414,-0.15077892166627818,1.0919876021800545,0.0784418272343302,-0.12760041786726414,-0.17494461650210089,True,0.35356872563036534,0.04700776898396562,0.1424124414831709,,,,,non-targeting control,,0,0.0,0.0,0.0,0.0,0,0.0,0.0,0.0,0.0,0,0.0,0.0,0.0,0.0,0,0.0,0.0,0.0,0.0,0,0.0,0.0,0.0,0.0,0.0776922307769223,0.9284071592840716,0.7553426475534262,0.9879119614920229,0.07769223077692228,0.9284071592840716,0.7553426475534257,0.9879119614920229,0.7553426475534262,0.7553426475534257,0.4590034520031462,0.6768388091780784,0.9999999956433565,0.999999193896047,0.3714718711671865,0.6312361812408278,0.875910096608784,1.0,0.999999193896047,0.875910096608784,0.1367652013413515,0.9118360293309431,0.3775491421704525,0.9999999999973488,0.10850210054465875,0.8946707934636617,0.3212345653920606,1.0,0.3775491421704525,0.3212345653920606,0.6555694395121476,0.46251297419400195,0.9780765380247597,0.9840937019657632,0.5995400022235671,0.40349815486168705,0.9242205503511836,1.0,0.9780765380247597,0.9242205503511836
gRNA_14791,controlsgRNA,-1.1633064466028413,0.6336786130540049,-2.0766035223418498,0.6948058650516038,-0.07897369985482071,-0.39807983813878056,-0.07897369985482071,,False,0.2878453610348634,0.3836598743651235,,3996.505497815936,-0.14197835823764593,-0.048001171788036645,0.36548367059310755,-0.09473363699919768,0.9092743872906249,0.19800897817177043,-0.048001171788036645,,False,0.6095563262038768,0.22905717917541774,,0.15756049986583956,0.15756049986583956,0.15756049986583956,0.15756049986583956,True,0.5374089551698387,0.5374089551698387,0.5374089551698387,0.0,0.0,0.0,0.0,True,,,,0.16132513251879835,0.16132513251879835,0.16132513251879835,0.16132513251879835,True,0.2263820315728818,0.2263820315728818,0.2263820315728818,0.09257194718819206,0.1978039786733343,0.18703390269659648,-0.3004912947703644,-0.44381220401554916,-0.05337873404555814,0.09257194718819206,,False,0.17976657514871314,0.3235835986445766,,,,,,non-targeting control,,0,0.0,0.0,0.0,0.0,0,0.0,0.0,0.0,0.0,0,0.0,0.0,0.0,0.0,0,0.0,0.0,0.0,0.0,0,0.0,0.0,0.0,0.0,0.206979302069793,0.7977202279772023,0.9114056336301855,0.9879119614920229,0.20697930206979298,0.7977202279772024,0.9114056336301855,0.9879119614920229,0.9114056336301855,0.9114056336301855,0.18871129189787722,0.9211458946569402,0.788393841706687,0.999999193896047,0.12048349332754016,0.8817363715691318,0.4909847379262385,1.0,0.788393841706687,0.4909847379262385,0.3950778197503048,0.8865458809440574,0.681418624890434,0.9999999999973488,0.2278813707502676,0.7739336803282522,0.4821626391340823,1.0,0.681418624890434,0.4821626391340823,0.40240173541907603,0.6356444569211588,0.8848131726173836,0.9840937019657632,0.3712722044508102,0.6318059413573487,0.8670704898975443,1.0,0.8848131726173836,0.8670704898975443
gRNA_14792,controlsgRNA,-0.24251697285350132,-3.599107641249473,-0.2522845574726057,-0.19815458017676607,-1.9423145431909996,-1.2468756589886691,-0.2522845574726057,-1.2468756589886691,True,-0.6237652312711778,0.19741324020052797,-0.015125099557413348,4426.449766531104,-0.34845573359332865,-1.0602558931421635,0.08645874067677235,-0.185958843132442,-0.7444665788871773,-0.4505356616156678,-0.34845573359332865,-0.5847842621887779,True,-0.3529995294324191,-0.19611951520922022,-0.29172003713882727,-0.16380700998563924,-0.16380700998563924,-0.16380700998563924,-0.16380700998563924,True,-0.667761820860067,-0.667761820860067,-0.667761820860067,0.0,0.0,0.0,0.0,True,,,,-0.017077732363125098,-0.017077732363125098,-0.017077732363125098,-0.017077732363125098,True,-0.15748443061527315,-0.15748443061527315,-0.15748443061527315,0.1453425150839294,-0.3484729503156801,0.02895708699883814,-0.8313751616121461,-1.6169182021450583,-0.5244933423980234,-0.3484729503156801,,False,-0.44138638657420304,-0.2304475960241463,,,,,,non-targeting control,,0,0.0,0.0,0.0,0.0,0,0.0,0.0,0.0,0.0,0,0.0,0.0,0.0,0.0,0,0.0,0.0,0.0,0.0,0,0.0,0.0,0.0,0.0,0.837916208379162,0.16808319168083188,0.9985561443855614,0.85727690967167,0.837916208379162,0.1680831916808319,0.9985561443855614,0.8572769096716699,0.85727690967167,0.8572769096716699,0.9033415531708167,0.2886236714724695,0.9999999956433565,0.9946946262527177,0.8316641378226091,0.17039076726716873,1.0,0.6343260246777767,0.9946946262527177,0.6343260246777767,0.7460758244074781,0.3107281157204007,0.940023307080171,0.9999999999973488,0.7278404992073737,0.274361389234864,0.905490918437676,1.0,0.940023307080171,0.905490918437676,0.8458862121628395,0.2967242409323842,0.9917363304007057,0.9840937019657632,0.7901231419652721,0.21314902805615749,0.9668242831730418,1.0,0.9840937019657632,0.9668242831730418
gRNA_14793,controlsgRNA,0.6371461492330827,-2.8047455631026477,-0.17265681088416457,-0.09415178686717124,0.9736728237940734,-0.2921470375653654,-0.09415178686717124,,False,0.4016176731778178,0.367348907712694,,3727.1878294923936,0.18141839737815474,-1.3599775907732055,0.7411349974956444,0.20364372068696643,-0.43807735100930006,-0.134371565244348,0.18141839737815474,,False,0.11624434929875868,0.5537114412346567,,0.32110486368602065,0.32110486368602065,0.32110486368602065,0.32110486368602065,True,1.1507220058624081,1.1507220058624081,1.1507220058624081,0.0,0.0,0.0,0.0,True,,,,-0.2561218533945237,-0.2561218533945237,-0.2561218533945237,-0.2561218533945237,True,-0.671831669982379,-0.671831669982379,-0.671831669982379,0.02702478640479507,0.7935184218033856,0.3802875145395777,-0.5857877739648217,0.49539893737708607,0.22208837723200453,0.3802875145395777,0.4240574150312111,True,0.542963149811709,0.6850057586256433,0.7033912037029578,,,,,non-targeting control,,0,0.0,0.0,0.0,0.0,0,0.0,0.0,0.0,0.0,0,0.0,0.0,0.0,0.0,0,0.0,0.0,0.0,0.0,0,0.0,0.0,0.0,0.0,0.051694830516948294,0.9533046695330467,0.7553426475534262,0.9879119614920229,0.05169483051694828,0.9533046695330467,0.7553426475534257,0.9879119614920229,0.7553426475534262,0.7553426475534257,0.40441422102480384,0.4978642569634629,0.9999999956433565,0.999999193896047,0.43652990184065654,0.5672794619087287,0.9181815541016815,1.0,0.999999193896047,0.9181815541016815,0.05740264911857397,0.9620802236660709,0.23522280380056998,0.9999999999973488,0.03455780752600017,0.9663300565471039,0.164477666199697,1.0,0.23522280380056998,0.164477666199697,0.26483276177623655,0.7466310845318875,0.8268612654747788,0.9859690125412363,0.23030464793518213,0.7730967017087211,0.7891586160513889,1.0,0.8268612654747788,0.7891586160513889
gRNA_14794,controlsgRNA,0.4852610962134308,1.2915436265457219,-3.6079523463194954,-0.6590588273745307,-1.217089629383489,-0.7414592160636725,-0.6590588273745307,,False,-0.0809456607945789,-0.23972231884836934,,3316.4030727519203,0.419411123963876,0.28519546311145594,0.3702088875542353,-0.0695988018266144,0.020392265718850333,0.2051217877043606,0.28519546311145594,0.2738019350871044,True,0.6201130034865142,0.700567556503149,0.6769745454682934,-0.14796460943515088,-0.14796460943515088,-0.14796460943515088,-0.14796460943515088,True,-0.6083507180562009,-0.6083507180562009,-0.6083507180562009,0.0,0.0,0.0,0.0,True,,,,-0.4762198336966641,-0.4762198336966641,-0.4762198336966641,-0.4762198336966641,True,-1.1454128150456024,-1.1454128150456024,-1.1454128150456024,0.4579069749422139,-0.03812700846511401,0.08321957191840083,-0.9655936742538818,-1.1414938252943918,-0.32081759223055456,-0.03812700846511401,,False,-0.1728449463287151,0.15940235779501016,,,,,,non-targeting control,,0,0.0,0.0,0.0,0.0,0,0.0,0.0,0.0,0.0,0,0.0,0.0,0.0,0.0,0,0.0,0.0,0.0,0.0,0,0.0,0.0,0.0,0.0,0.8062193780621938,0.1991800819918008,0.9985561443855614,0.85727690967167,0.8062193780621938,0.19918008199180082,0.9985561443855614,0.8572769096716699,0.85727690967167,0.8572769096716699,0.24972814113341177,0.9576799540704976,0.9096829967810744,0.999999193896047,0.11534215624679772,0.8863576662240515,0.4872882106606286,1.0,0.9096829967810744,0.4872882106606286,0.48549464149372346,0.4921044142724239,0.7637907330612553,0.9999999999973488,0.49434732513064894,0.5089049297966425,0.7617811239718197,1.0,0.7637907330612553,0.7617811239718197,0.3817159839480845,0.4191317885429782,0.8749945536019875,0.9840937019657632,0.4882181686069085,0.5171142522619551,0.9127546941314479,1.0,0.8749945536019875,0.9127546941314479
gRNA_14795,controlsgRNA,0.200267071069242,-3.0783555294444844,-0.3877059547470978,0.19448287969610176,0.5180068143382558,-0.5106609438175966,0.19448287969610176,,False,0.1669327388125105,0.6775270228610516,,3976.3819852387405,-0.06063822696115535,-0.3696936092641221,0.39785668215136194,-0.41389234887132303,0.35239592526298547,-0.018794315536450612,-0.06063822696115535,,False,0.28778159077705884,0.21117433754712245,,0.11752879448660378,0.11752879448660378,0.11752879448660378,0.11752879448660378,True,0.38728475169951654,0.38728475169951654,0.38728475169951654,0.0,0.0,0.0,0.0,True,,,,-0.28884921733175994,-0.28884921733175994,-0.28884921733175994,-0.28884921733175994,True,-0.7422505918962501,-0.7422505918962501,-0.7422505918962501,0.28782137349321807,0.24214777779955837,0.6340147189766759,-0.1578178163217566,0.3194252497429694,0.26511826073813305,0.28782137349321807,0.37085228000310544,True,0.5996969872019243,0.5688517641451346,0.6535634081019952,,,,,non-targeting control,,0,0.0,0.0,0.0,0.0,0,0.0,0.0,0.0,0.0,0,0.0,0.0,0.0,0.0,0,0.0,0.0,0.0,0.0,0,0.0,0.0,0.0,0.0,0.2728727127287271,0.7322267773222678,0.9114056336301855,0.9879119614920229,0.27287271272872715,0.7322267773222679,0.9114056336301855,0.9879119614920229,0.9114056336301855,0.9114056336301855,0.4889019050444421,0.7656042052712931,0.9999999956433565,0.999999193896047,0.35082568793163393,0.65220747744771,0.8600413137039317,1.0,0.999999193896047,0.8600413137039317,0.0802540756951928,0.9894833622891811,0.2743230223762954,0.9999999999973488,0.030196357923548363,0.9704828665609885,0.15138440772338912,1.0,0.2743230223762954,0.15138440772338912,0.4410300185058976,0.6803926318669616,0.8917482747679437,0.9840937019657632,0.3582788412485308,0.6451904798257478,0.8639456274350743,1.0,0.8917482747679437,0.8639456274350743
gRNA_14796,controlsgRNA,0.11079982655960233,-4.084962314840233,0.370813567102288,-0.08480454653073873,-0.42080146179887534,-0.8217909859015913,-0.08480454653073873,,False,-0.16722234887913162,0.3773938182008033,,2839.704774815484,-0.3947895150101579,-0.8934396627820836,-1.59160396297637,-0.6993125131344383,0.08432976410747493,-0.698963177959115,-0.6993125131344383,-0.8947864134757625,True,-0.721710248614279,-0.6926209656495084,-0.6414780527009655,-0.06432144032021798,-0.06432144032021798,-0.06432144032021798,-0.06432144032021798,True,-0.29467774259445806,-0.29467774259445806,-0.29467774259445806,0.0,0.0,0.0,0.0,True,,,,-0.039955459737324374,-0.039955459737324374,-0.039955459737324374,-0.039955459737324374,True,-0.20671005418276112,-0.20671005418276112,-0.20671005418276112,-1.0885892049149393,-0.2675023691076861,-0.7323141011752723,-0.4265045673343885,-1.4312121434844736,-0.7892244772033519,-0.7323141011752723,-0.7892244772033519,True,-0.7904278417302134,-0.7126206640662505,-0.43287434849755224,,,,,non-targeting control,,0,0.0,0.0,0.0,0.0,0,0.0,0.0,0.0,0.0,0,0.0,0.0,0.0,0.0,0,0.0,0.0,0.0,0.0,0,0.0,0.0,0.0,0.0,0.6441355864413558,0.36076392360763926,0.9985561443855614,0.9640938004101692,0.6441355864413558,0.36076392360763926,0.9985561443855614,0.9640938004101688,0.9640938004101692,0.9640938004101688,0.9588474766515068,0.10838385606464675,0.9999999956433565,0.6657491645933483,0.9423805962112455,0.05908916419328414,1.0,0.365628012910076,0.6657491645933483,0.365628012910076,0.967734889292503,0.1419165195145846,0.9999999989234004,0.9999999999973488,0.9335399482356359,0.06774995225457328,0.9973456847231477,0.9797685402969059,0.9999999989234004,0.9797685402969059,0.5713760576464794,0.4582617374414947,0.9483359320886435,0.9840937019657632,0.5359996494269104,0.46818756916631865,0.9160721281114468,1.0,0.9483359320886435,0.9160721281114468
gRNA_14797,controlsgRNA,0.34206383497748144,-3.8912601414638592,0.12487166515079078,-0.30533936442512094,-0.12525704840387897,-0.7709842108329175,-0.12525704840387897,,False,-0.11265564016567693,0.3339219756343961,,3459.436662147914,-0.2857009074615316,-0.5749232112751593,0.43939720330169313,-0.1898014227888358,0.7908012946806997,0.03595459129137322,-0.1898014227888358,,False,0.3690387281023785,0.028394018592412657,,0.06291437795137728,0.06291437795137728,0.06291437795137728,0.06291437795137728,True,0.1824734476924679,0.1824734476924679,0.1824734476924679,0.0,0.0,0.0,0.0,True,,,,-0.0702593566788834,-0.0702593566788834,-0.0702593566788834,-0.0702593566788834,True,-0.2719144426726535,-0.2719144426726535,-0.2719144426726535,0.046864222418901605,0.3512286868549715,-0.33775744137210584,-0.8550778166652282,-0.325830636090983,-0.22411459697088879,-0.325830636090983,,False,-0.04534443828231841,-0.20200480375748503,,,,,,non-targeting control,,0,0.0,0.0,0.0,0.0,0,0.0,0.0,0.0,0.0,0,0.0,0.0,0.0,0.0,0,0.0,0.0,0.0,0.0,0,0.0,0.0,0.0,0.0,0.3252674732526747,0.6797320267973201,0.919553157466208,0.9879119614920229,0.3252674732526747,0.6797320267973203,0.919553157466208,0.9879119614920229,0.919553157466208,0.919553157466208,0.32224779468984444,0.7562968801649322,0.9999999956433565,0.999999193896047,0.27405504365455413,0.7293895421881186,0.7704064077095591,1.0,0.999999193896047,0.7704064077095591,0.5375237473016079,0.6977298158596685,0.7968152565682234,0.9999999999973488,0.4140791370583263,0.5886169123911486,0.6808504438183838,1.0,0.7968152565682234,0.6808504438183838,0.561696389655893,0.504602837746571,0.9483359320886435,0.9840937019657632,0.5077839644421897,0.4958901507359958,0.9127546941314479,1.0,0.9483359320886435,0.9127546941314479
gRNA_14798,controlsgRNA,0.7625192206784017,-4.411865729283604,-0.5206958928828028,-0.8835048102456536,-2.277934931817592,-1.4662964287102502,-0.8835048102456536,-2.0235003410574133,True,-0.8594241411487666,-0.4809207609777181,-0.5725990057078415,2358.6684741677964,0.5199786174386709,0.11804401366111451,0.3079179473172079,-0.19883216625892144,0.27809747992141115,0.2050411784158966,0.27809747992141115,0.3060095145846011,True,0.6199933649329443,0.690523119129964,0.7133125484283949,0.2820615656118276,0.2820615656118276,0.2820615656118276,0.2820615656118276,True,1.0043044608511273,1.0043044608511273,1.0043044608511273,0.0,0.0,0.0,0.0,True,,,,-0.2903122463844675,-0.2903122463844675,-0.2903122463844675,-0.2903122463844675,True,-0.7453985670530001,-0.7453985670530001,-0.7453985670530001,-0.4618618067323833,-0.6689988176822117,-0.26061741486050066,-1.0286631795908896,0.13589679348426623,-0.4568488850763438,-0.4618618067323833,-0.6050353047164962,True,-0.3521988422600069,-0.37288425936206615,-0.2603770804474407,,,,,non-targeting control,,0,0.0,0.0,0.0,0.0,0,0.0,0.0,0.0,0.0,0,0.0,0.0,0.0,0.0,0,0.0,0.0,0.0,0.0,0,0.0,0.0,0.0,0.0,0.0830916908309169,0.9224077592240776,0.7553426475534262,0.9879119614920229,0.08309169083091683,0.9224077592240776,0.7553426475534257,0.9879119614920229,0.7553426475534262,0.7553426475534257,0.2356328726930029,0.9526580377582483,0.8758213885683672,0.999999193896047,0.11373505985108817,0.8877544912303481,0.4872882106606286,1.0,0.8758213885683672,0.4872882106606286,0.8146423410062509,0.43046163359569456,0.9786118856816304,0.9999999999973488,0.7124323037186903,0.29030446425931766,0.8959179369557362,1.0,0.9786118856816304,0.8959179369557362,0.7811096928812957,0.1400065862973664,0.9866557117120665,0.9840937019657632,0.8563701179939154,0.14685824511198697,0.9867522365958622,1.0,0.9840937019657632,0.9867522365958622
gRNA_14799,controlsgRNA,-0.33009100049033524,2.501783218910451,-2.1444154148103567,-1.763934048646098,-0.8320201495106877,-0.5137354789094053,-0.8320201495106877,-1.2676151533643694,True,0.16363067406706558,-0.42559332849717213,-0.030012248019407547,1728.0915800572375,0.05709122437568485,-0.6816961954739713,-1.3974716676577528,0.47276141696299634,0.021861385489251883,-0.3054907672607582,0.021861385489251883,,False,-0.13772705036725422,0.32792048478122326,,0.123790750319032,0.123790750319032,0.123790750319032,0.123790750319032,True,0.4107679164211782,0.4107679164211782,0.4107679164211782,0.0,0.0,0.0,0.0,True,,,,0.5058763154984776,0.5058763154984776,0.5058763154984776,0.5058763154984776,True,0.9677470524804268,0.9677470524804268,0.9677470524804268,-0.443928058937521,0.9479317589035974,-0.06462770650053731,-0.8093749840026753,-1.6613748957353087,-0.406274777254489,-0.443928058937521,-0.7448264112940106,True,-0.28551813165776513,-0.35035626783125395,-0.3912945695525293,,,,,non-targeting control,,0,0.0,0.0,0.0,0.0,0,0.0,0.0,0.0,0.0,0,0.0,0.0,0.0,0.0,0,0.0,0.0,0.0,0.0,0,0.0,0.0,0.0,0.0,0.24767523247675233,0.7565243475652434,0.9114056336301855,0.9879119614920229,0.24767523247675227,0.7565243475652434,0.9114056336301855,0.9879119614920229,0.9114056336301855,0.9114056336301855,0.6323684830731799,0.3673702946187516,0.9999999956433565,0.999999193896047,0.6388393932499125,0.3649224713933385,1.0,0.9409427510670617,0.999999193896047,0.9409427510670617,0.3445772877073843,0.31887570775177565,0.6320051715998853,0.9999999999973488,0.5495531482547864,0.45607039703240965,0.791693424305746,1.0,0.6320051715998853,0.791693424305746,0.20255273196533435,0.4033432421381355,0.7374561910804621,0.9840937019657632,0.4472251695518711,0.5747060245835359,0.9060547637436381,1.0,0.7374561910804621,0.9060547637436381
gRNA_14800,controlsgRNA,-0.23279255736266533,-4.000572208945403,-0.30696229615548687,-0.5818984837335952,-1.7240403350614593,-1.369253176251722,-0.5818984837335952,-1.369253176251722,True,-0.7551992443244113,-0.1568027920994978,-0.10296968414091838,4768.79048049405,-0.5794258131767412,-1.186369134186029,-0.04357338792976321,-0.5277995665708977,-0.3023651589250392,-0.5279066121576941,-0.5277995665708977,-0.5279066121576941,True,-0.4678318122569021,-0.4499110289925545,-0.22754817922712745,-0.2527171231053197,-0.2527171231053197,-0.2527171231053197,-0.2527171231053197,True,-1.0011865347487627,-1.0011865347487627,-1.0011865347487627,0.0,0.0,0.0,0.0,True,,,,-0.6366273420626797,-0.6366273420626797,-0.6366273420626797,-0.6366273420626797,True,-1.4905589694284533,-1.4905589694284533,-1.4905589694284533,-0.020694176845759766,0.18369067708418216,0.09724042563184433,-1.2902889031392637,0.2536478851119801,-0.1552808184314034,0.09724042563184433,,False,0.04541119664885835,0.3294480417070863,,,,,,non-targeting control,,0,0.0,0.0,0.0,0.0,0,0.0,0.0,0.0,0.0,0,0.0,0.0,0.0,0.0,0,0.0,0.0,0.0,0.0,0,0.0,0.0,0.0,0.0,0.9481051894810519,0.05699430056994301,0.9985561443855614,0.7389605866999507,0.9481051894810519,0.056994300569943,0.9985561443855614,0.7389605866999506,0.7389605866999507,0.7389605866999506,0.9481480117995964,0.2109955600673199,0.9999999956433565,0.8669330336007393,0.8930283872210407,0.10836297855524302,1.0,0.4706591802323885,0.8669330336007393,0.4706591802323885,0.3734383478508934,0.7097142116231008,0.6613734704098465,0.9999999999973488,0.2997080076555815,0.7034140268575934,0.5749500555025441,1.0,0.6613734704098465,0.5749500555025441,0.902482989382372,0.2056747551247252,0.9999999997953558,0.9840937019657632,0.8638578776588135,0.1379463325452127,0.9902761036576642,1.0,0.9840937019657632,0.9902761036576642
gRNA_14801,controlsgRNA,-0.23754946625691029,-2.3907083433301177,-2.433456580609331,-0.11321269075755769,0.9651433470511529,-0.8419567467805529,-0.23754946625691029,-1.2937317702384792,True,-0.188880468261441,0.2132481462228841,-0.04875918300666751,3545.3532158457597,0.4193105802064772,0.09522754434982493,-0.4436672362761831,0.43616868789403496,-0.08709281564496578,0.08398935210583763,0.09522754434982493,,False,0.44033087587374176,0.43174177714772594,,0.2523531769027223,0.2523531769027223,0.2523531769027223,0.2523531769027223,True,0.8928940637898397,0.8928940637898397,0.8928940637898397,0.0,0.0,0.0,0.0,True,,,,0.09742541002774927,0.09742541002774927,0.09742541002774927,0.09742541002774927,True,0.0888900668352165,0.0888900668352165,0.0888900668352165,0.48011626878130753,-0.11609443415044994,-0.5580419934822756,-1.162701341750916,-0.6740557903900832,-0.4061554581984835,-0.5580419934822756,-0.6277233899434311,True,-0.28536081243285927,-0.49370375885085876,-0.2816249782803801,,,,,non-targeting control,,0,0.0,0.0,0.0,0.0,0,0.0,0.0,0.0,0.0,0,0.0,0.0,0.0,0.0,0,0.0,0.0,0.0,0.0,0,0.0,0.0,0.0,0.0,0.1034896510348965,0.9007099290070993,0.8106689331066893,0.9879119614920229,0.10348965103489649,0.9007099290070993,0.8106689331066892,0.9879119614920229,0.8106689331066893,0.8106689331066892,0.3484906060186777,0.8683913295822796,0.9999999956433565,0.999999193896047,0.21782211666831264,0.7840786661367194,0.7036971024049912,1.0,0.999999193896047,0.7036971024049912,0.6307731613325801,0.42242471281463684,0.8751686666459414,0.9999999999973488,0.624052102334783,0.379210835636704,0.8464844150889458,1.0,0.8751686666459414,0.8464844150889458,0.5475406437312141,0.43995483845427397,0.9483359320886435,0.9840937019657632,0.5655720665394933,0.4384936230785856,0.9197840034090436,1.0,0.9483359320886435,0.9197840034090436
gRNA_14802,controlsgRNA,0.46591093268234546,1.759547726835771,-2.407322471491136,0.9395696527837244,-1.355745599102318,-0.11960795165832258,0.46591093268234546,,False,0.5869254402944977,0.9692142372768076,,4355.475222172014,0.31619286121975826,0.7676640587665565,0.5261734043430675,0.5744659671735763,-0.07967331726206622,0.42096459484817855,0.5261734043430675,0.5461240728757397,True,0.9404622056344983,1.0415782033605252,0.9842203181546172,0.19757933159570865,0.19757933159570865,0.19757933159570865,0.19757933159570865,True,0.6874848807479594,0.6874848807479594,0.6874848807479594,0.0,0.0,0.0,0.0,True,,,,-0.4482913524031243,-0.4482913524031243,-0.4482913524031243,-0.4482913524031243,True,-1.0853195686981585,-1.0853195686981585,-1.0853195686981585,0.48134613196301246,-0.22098819509852413,-0.22738555221819634,-0.3450590296718027,-0.540734111860837,-0.17056415137726955,-0.22738555221819634,-0.33354172221234,True,0.02526050007521324,-0.07834018880334927,-0.006117285244513568,,,,,non-targeting control,,0,0.0,0.0,0.0,0.0,0,0.0,0.0,0.0,0.0,0,0.0,0.0,0.0,0.0,0,0.0,0.0,0.0,0.0,0,0.0,0.0,0.0,0.0,0.15318468153184678,0.8518148185181482,0.8596632874026029,0.9879119614920229,0.1531846815318469,0.8518148185181482,0.8596632874026034,0.9879119614920229,0.8596632874026029,0.8596632874026034,0.06386281396520564,0.9903360294941248,0.48024836101834645,0.999999193896047,0.024004890304493685,0.9765268924078485,0.20057419454421388,1.0,0.48024836101834645,0.20057419454421388,0.4854054813569244,0.7727502137313796,0.7637907330612553,0.9999999999973488,0.3517620488554314,0.6513011127059964,0.632835073538958,1.0,0.7637907330612553,0.632835073538958,0.11195483023912503,0.6754334464500983,0.7124107290566989,0.9840937019657632,0.16511306715567964,0.8392440677507937,0.7810433852521655,1.0,0.7124107290566989,0.7810433852521655
gRNA_14803,controlsgRNA,0.2741394447613206,-3.466705207977839,-0.09497487263005913,-0.9215723923420769,-0.6923729768975369,-0.9802972010172383,-0.6923729768975369,-1.2939063624618778,True,-0.3374587486072568,-0.27552300845316907,-0.048884508161802,4207.501129688206,-0.581969106230225,-0.39875492747677854,-0.3404954297189573,-0.6378153620320608,-0.7409610976077297,-0.5399991846131502,-0.581969106230225,-0.5399991846131502,True,-0.4857793454144045,-0.5265669654852607,-0.24119154953118147,-0.2524016700386307,-0.2524016700386307,-0.2524016700386307,-0.2524016700386307,True,-1.0000035439188613,-1.0000035439188613,-1.0000035439188613,0.0,0.0,0.0,0.0,True,,,,-0.15655696566527055,-0.15655696566527055,-0.15655696566527055,-0.15655696566527055,True,-0.4575995653797705,-0.4575995653797705,-0.4575995653797705,0.35658869711706154,0.08825062048280752,0.26882358217510516,0.016246772447739238,-0.6456809135047505,0.016845751743592575,0.08825062048280752,0.18247741805567835,True,0.27235582320014545,0.3181552401924373,0.47714614851760234,,,,,non-targeting control,,0,0.0,0.0,0.0,0.0,0,0.0,0.0,0.0,0.0,0,0.0,0.0,0.0,0.0,0,0.0,0.0,0.0,0.0,0,0.0,0.0,0.0,0.0,0.9431056894310569,0.06179382061793821,0.9985561443855614,0.7494992436240248,0.9431056894310569,0.06179382061793818,0.9985561443855614,0.7494992436240244,0.7494992436240248,0.7494992436240244,0.975098962171737,0.2156807881043387,0.9999999956433565,0.8669330336007393,0.9136703259204403,0.08748404517538982,1.0,0.43679006134087167,0.8669330336007393,0.43679006134087167,0.26323145600125136,0.9114749836107655,0.5408471445708771,0.9999999999973488,0.150190189386342,0.8517067917883396,0.3743906303849326,1.0,0.5408471445708771,0.3743906303849326,0.7751565176983273,0.3782789012335423,0.9866557117120665,0.9840937019657632,0.7110851030646995,0.29199689674520535,0.9641177804211494,1.0,0.9840937019657632,0.9641177804211494
gRNA_14804,controlsgRNA,-0.27018516219411653,-4.149442554720134,-1.6322013200308791,-0.3536436999656407,0.1267461831827989,-1.2557453107455945,-0.3536436999656407,-1.6013681842276928,True,-0.6332912778103595,0.08848873661997339,-0.26958563539785824,4128.3325802078625,-0.152927594727217,-0.7517813391709264,-1.249998041984845,-0.8380658916004661,-0.21965580704392812,-0.6424857349054766,-0.7517813391709264,-0.6424857349054766,True,-0.6378876553993191,-0.7668702028000282,-0.3568213679154718,-0.3088446567316957,-0.3088446567316957,-0.3088446567316957,-0.3088446567316957,True,-1.2116722284905035,-1.2116722284905035,-1.2116722284905035,0.0,0.0,0.0,0.0,True,,,,-0.3667476640407167,-0.3667476640407167,-0.3667476640407167,-0.3667476640407167,True,-0.9098633775312278,-0.9098633775312278,-0.9098633775312278,-0.7637604639784301,-1.0556856260549805,-0.7806637556781938,-0.8089070449933696,0.2160155869973481,-0.6386002607415252,-0.7806637556781938,-0.8522542226762435,True,-0.5918335368547006,-0.7733564689642959,-0.4919031109007473,,,,,non-targeting control,,0,0.0,0.0,0.0,0.0,0,0.0,0.0,0.0,0.0,0,0.0,0.0,0.0,0.0,0,0.0,0.0,0.0,0.0,0,0.0,0.0,0.0,0.0,0.9722027797220278,0.03339666033396661,0.9985561443855614,0.570779285707793,0.9722027797220278,0.033396660333966634,0.9985561443855614,0.5707792857077933,0.570779285707793,0.5707792857077933,0.9688781891802523,0.13525465534271483,0.9999999956433565,0.7152809001336443,0.9368190105074257,0.06440126648841361,1.0,0.365628012910076,0.7152809001336443,0.365628012910076,0.9028624152914922,0.21432232499579873,0.9999999989234004,0.9999999999973488,0.8717167944637809,0.129522840099196,0.984280824980125,1.0,0.9999999989234004,0.984280824980125,0.8179821947655372,0.24377009150717974,0.990347575626862,0.9840937019657632,0.7977678237015003,0.20463639855078286,0.9668242831730418,1.0,0.9840937019657632,0.9668242831730418
gRNA_14805,controlsgRNA,-0.2646609099912652,-2.008982878197019,-0.04088693451303152,0.3064918500462323,0.5133128619954637,-0.29894520213192394,-0.04088693451303152,,False,0.39431641335197526,0.424589403816584,,3475.945172465733,-0.14873659791714738,-0.4083740687220074,0.631670759640502,-0.01349471262849934,0.19207223570718832,0.05062752321600724,-0.01349471262849934,,False,0.39081597468950346,0.2778876650639238,,0.08322885934801312,0.08322885934801312,0.08322885934801312,0.08322885934801312,True,0.2586554466778144,0.2586554466778144,0.2586554466778144,0.0,0.0,0.0,0.0,True,,,,-0.5671082917796068,-0.5671082917796068,-0.5671082917796068,-0.5671082917796068,True,-1.3409759910132475,-1.3409759910132475,-1.3409759910132475,1.525385185851514,0.6737521020256999,0.21224776459833192,0.1368472131030241,0.24514562238124654,0.5586755775919633,0.24514562238124654,0.5586755775919633,True,0.9867450505953825,0.5152433956870389,0.829464115362913,,,,,non-targeting control,,0,0.0,0.0,0.0,0.0,0,0.0,0.0,0.0,0.0,0,0.0,0.0,0.0,0.0,0,0.0,0.0,0.0,0.0,0,0.0,0.0,0.0,0.0,0.30056994300569945,0.7043295670432959,0.9114056336301855,0.9879119614920229,0.30056994300569945,0.7043295670432956,0.9114056336301855,0.9879119614920229,0.9114056336301855,0.9114056336301855,0.39036785427643883,0.8357258625846491,0.9999999956433565,0.999999193896047,0.2618520428791382,0.7404551135320782,0.7515753291798166,1.0,0.999999193896047,0.7515753291798166,0.004780829893516064,0.9978810344012272,0.04993311222116779,0.9999999999973488,0.0022608507905957456,0.9984323616765614,0.030359996330857158,1.0,0.04993311222116779,0.030359996330857158,0.42990499240621893,0.7621231248043661,0.8881553689271336,0.9859690125412363,0.31310863640800485,0.6890948116799027,0.8612283119005054,1.0,0.8881553689271336,0.8612283119005054
gRNA_14806,controlsgRNA,1.1589850652825284,-4.530983832126184,-0.2385099095823936,0.3979652877342385,1.9573101812848757,-0.25104664148138706,0.3979652877342385,,False,0.4457596864839303,0.8961971865757153,,1927.1577044735652,-0.09006434946487137,-0.6226639496878982,-0.13557680978286937,0.7032170053775196,-1.0206131735496053,-0.23314025542154493,-0.13557680978286937,-0.4672295706213111,True,-0.030345993525981153,0.10512789000922859,-0.15908968127851092,-0.2130405872567595,-0.2130405872567595,-0.2130405872567595,-0.2130405872567595,True,-0.8523942641147885,-0.8523942641147885,-0.8523942641147885,0.0,0.0,0.0,0.0,True,,,,-0.5852624543113178,-0.5852624543113178,-0.5852624543113178,-0.5852624543113178,True,-1.3800379990681573,-1.3800379990681573,-1.3800379990681573,0.7806165684112362,0.19753429071308434,0.1979595445599705,0.573679091007709,-1.1817238184530063,0.11361313524779874,0.1979595445599705,0.437447373673,True,0.39994122555482153,0.45596925100243024,0.7159311986105162,,,,,non-targeting control,,0,0.0,0.0,0.0,0.0,0,0.0,0.0,0.0,0.0,0,0.0,0.0,0.0,0.0,0,0.0,0.0,0.0,0.0,0,0.0,0.0,0.0,0.0,0.8917108289171083,0.11338866113388664,0.9985561443855614,0.85727690967167,0.8917108289171083,0.11338866113388668,0.9985561443855614,0.8572769096716699,0.85727690967167,0.8572769096716699,0.6059334318087534,0.451599541944784,0.9999999956433565,0.999999193896047,0.594736038122003,0.40799190602670965,1.0,0.947072046781696,0.999999193896047,0.947072046781696,0.0666025077511221,0.8471648209397621,0.24401405903860277,0.9999999999973488,0.06627740016154889,0.9354677365465025,0.23509719302587154,1.0,0.24401405903860277,0.23509719302587154,0.061091756697627245,0.5244936645696018,0.7124107290566989,0.9840937019657632,0.13541248822414187,0.8698507480039973,0.7487514054746668,1.0,0.7124107290566989,0.7487514054746668
gRNA_14807,controlsgRNA,-0.6475355826895128,-4.199095652836928,-0.5215413348161247,0.8689726469922402,-0.5685189733715879,-1.0135437793443827,-0.5685189733715879,-1.4841728859285386,True,-0.3731657257347011,-0.14242464634483457,-0.18546093239297606,4803.253502033439,0.05253694008480844,0.38033489752174143,0.25806363370133295,0.28782099987043325,0.991639723254089,0.394079238886481,0.28782099987043325,0.394079238886481,True,0.9005595447779073,0.7042829836661112,0.8126766717902812,-0.0011751992402218448,-0.0011751992402218448,-0.0011751992402218448,-0.0011751992402218448,True,-0.05787096520454304,-0.05787096520454304,-0.05787096520454304,0.0,0.0,0.0,0.0,True,,,,-0.334667592599792,-0.334667592599792,-0.334667592599792,-0.334667592599792,True,-0.8408372240615436,-0.8408372240615436,-0.8408372240615436,-0.6350097515572605,-0.05463883791074475,-0.13430399563301137,-0.6511845635350391,-0.32316537123441724,-0.3596605039740946,-0.32316537123441724,-0.3596605039740946,True,-0.22405836498244275,-0.19865675488321202,-0.030578106897975684,,,,,non-targeting control,,0,0.0,0.0,0.0,0.0,0,0.0,0.0,0.0,0.0,0,0.0,0.0,0.0,0.0,0,0.0,0.0,0.0,0.0,0,0.0,0.0,0.0,0.0,0.501849815018498,0.5031496850314967,0.9981029294330835,0.9778839374945756,0.5018498150184981,0.5031496850314968,0.998102929433084,0.9778839374945756,0.9778839374945756,0.9778839374945756,0.0737441222145044,0.9872808979133051,0.5065222704941583,0.999999193896047,0.031074178682785968,0.969831227333922,0.24859342946228774,1.0,0.5065222704941583,0.24859342946228774,0.7716630368829331,0.6018878348272897,0.9512960716983044,0.9999999999973488,0.5984721576014733,0.40515509311548786,0.8334278935487184,1.0,0.9512960716983044,0.8334278935487184,0.6539193782616299,0.2962658453913849,0.9780765380247597,0.9840937019657632,0.6946707818929028,0.3081922399670398,0.9641177804211494,1.0,0.9780765380247597,0.9641177804211494
gRNA_14808,controlsgRNA,-0.6985219272984212,-2.7709375505675973,-0.693584120881868,-0.25889165453459745,-2.0151336967002362,-1.287413789996544,-0.6985219272984212,-1.287413789996544,True,-0.6673033693148668,-0.28213091133675755,-0.04422403339608507,7443.2896520560325,0.23664538006924682,0.3028184301446487,0.22024364300990118,0.2391163861890338,0.11506335978387097,0.22277743983934034,0.23664538006924682,0.22277743983934034,True,0.6463171385683679,0.6318637774826017,0.6194064733474115,0.041014964225806756,0.041014964225806756,0.041014964225806756,0.041014964225806756,True,0.10034774230786571,0.10034774230786571,0.10034774230786571,0.0,0.0,0.0,0.0,True,,,,-0.5628143211247659,-0.5628143211247659,-0.5628143211247659,-0.5628143211247659,True,-1.3317367261331434,-1.3317367261331434,-1.3317367261331434,0.36966684809201533,0.034290698120860864,-0.1020410473019199,-0.22423941579124207,-0.3784366615421277,-0.06015191568448269,-0.1020410473019199,,False,0.1708363026402503,0.07911490521758216,,,,,,non-targeting control,,0,0.0,0.0,0.0,0.0,0,0.0,0.0,0.0,0.0,0,0.0,0.0,0.0,0.0,0,0.0,0.0,0.0,0.0,0,0.0,0.0,0.0,0.0,0.40645935406459344,0.5986401359864012,0.985991723408304,0.9879119614920229,0.40645935406459355,0.5986401359864013,0.9859917234083043,0.9879119614920229,0.985991723408304,0.9859917234083043,0.26060340081242994,0.9687114915899743,0.9096829967810744,0.999999193896047,0.10937802523668994,0.8919930619319794,0.4872882106606286,1.0,0.9096829967810744,0.4872882106606286,0.3949450746352514,0.8889134415178291,0.681418624890434,0.9999999999973488,0.22825784512198577,0.7737910403221093,0.4821626391340823,1.0,0.681418624890434,0.4821626391340823,0.9411016775419079,0.2334483276508983,0.9999999997953558,0.9840937019657632,0.879651087028788,0.12196880328637216,0.9918167876570679,0.977034914236814,0.9840937019657632,0.977034914236814
gRNA_14809,controlsgRNA,-1.0839492652261018,0.9307982434351939,-0.42762080372341676,-1.0226609312359902,-1.2296014814810068,-0.5666068476462642,-1.0226609312359902,-0.9409581204166289,True,0.10684658231461217,-0.6304633777190699,0.20446751593015866,1917.2766982979365,0.42087445892030556,-0.3371501256115947,1.0322668807857291,-0.7254490950551575,-1.1890469323534847,-0.15970096266284042,-0.3371501256115947,,False,0.07865100828695161,-0.18012081976322697,,-0.0011718260906377564,-0.0011718260906377564,-0.0011718260906377564,-0.0011718260906377564,True,-0.05785831544631515,-0.05785831544631515,-0.05785831544631515,0.0,0.0,0.0,0.0,True,,,,0.00142576419037445,0.00142576419037445,0.00142576419037445,0.00142576419037445,True,-0.1176707663851407,-0.1176707663851407,-0.1176707663851407,-0.2601195291302341,0.00539864670791502,-0.8490776074408268,-2.257974572173889,-1.203641759019458,-0.9130829642112985,-0.8490776074408268,-1.142703366941102,True,-0.9537321941648683,-0.8592964905776458,-0.763915212463103,,,,,non-targeting control,,0,0.0,0.0,0.0,0.0,0,0.0,0.0,0.0,0.0,0,0.0,0.0,0.0,0.0,0,0.0,0.0,0.0,0.0,0,0.0,0.0,0.0,0.0,0.496950304969503,0.5074492550744926,0.9981029294330835,0.9778839374945756,0.49695030496950304,0.5074492550744926,0.998102929433084,0.9778839374945756,0.9778839374945756,0.9778839374945756,0.3057159265064013,0.40362204569628624,0.9999999956433565,0.999999193896047,0.46131360729322524,0.5439146827829064,0.9360445746648105,1.0,0.999999193896047,0.9360445746648105,0.9285745647852791,0.08462239890451967,0.9999999989234004,0.9999999999973488,0.9390920328133623,0.06297132709385596,0.9974536845701248,0.9797685402969059,0.9999999989234004,0.9797685402969059,0.6519506154899135,0.48847421852724426,0.9780765380247597,0.9840937019657632,0.6061767993233905,0.3971322350189851,0.9267076074036414,1.0,0.9780765380247597,0.9267076074036414
gRNA_14810,controlsgRNA,-0.28832161085095204,-3.9051380176814248,0.10901902364946774,-0.15149204765561278,0.9585641221804052,-0.6554737060716234,-0.15149204765561278,,False,0.011403170064534781,0.30572881811900277,,4423.798764874228,-0.28241903930854473,-1.5228373237775383,0.29763799144720676,-0.6896796349799538,-0.31305936960211767,-0.5020714752441895,-0.31305936960211767,-0.7019988419170387,True,-0.4294878636808878,-0.14602971479283847,-0.4239666639138582,0.0510550084482343,0.0510550084482343,0.0510550084482343,0.0510550084482343,True,0.137999239475422,0.137999239475422,0.137999239475422,0.0,0.0,0.0,0.0,True,,,,-0.055111447110288696,-0.055111447110288696,-0.055111447110288696,-0.055111447110288696,True,-0.23932093886602418,-0.23932093886602418,-0.23932093886602418,0.3975115247544226,-0.3661434753101073,0.08384822389457104,0.12443313173550398,-1.156415114734356,-0.18335314193199315,0.08384822389457104,,False,0.00839853226594992,0.3126250434823286,,,,,,non-targeting control,,0,0.0,0.0,0.0,0.0,0,0.0,0.0,0.0,0.0,0,0.0,0.0,0.0,0.0,0,0.0,0.0,0.0,0.0,0,0.0,0.0,0.0,0.0,0.34556544345565454,0.6592340765923407,0.9484131878782928,0.9879119614920229,0.34556544345565443,0.6592340765923408,0.9484131878782925,0.9879119614920229,0.9484131878782928,0.9484131878782925,0.863443301043755,0.22703751431028743,0.9999999956433565,0.8669330336007393,0.8377093090028807,0.16438118100172644,1.0,0.6192135960475139,0.8669330336007393,0.6192135960475139,0.402386290362192,0.6844252358807024,0.6850288088140641,0.9999999999973488,0.3380899834677855,0.6651987613781035,0.6201065062628651,1.0,0.6850288088140641,0.6201065062628651,0.4087324156209283,0.5249342126157942,0.8881553689271336,0.9840937019657632,0.41408849583281115,0.589713136014952,0.8834404097328092,1.0,0.8881553689271336,0.8834404097328092
gRNA_14811,controlsgRNA,-3.1314938294558536,-0.15343193048954992,-5.55795862731348,-0.5559291011143147,-0.661448017463156,-2.0120523011672704,-0.661448017463156,-2.0120523011672704,True,-1.4455684433755227,-0.2422898360743657,-0.5643814153290194,4318.722699201687,0.7199437365419225,1.1418822759717548,0.35381464638391796,0.47053689666810267,1.2718187874256681,0.7915992685982731,0.7199437365419225,0.7915992685982731,True,1.4905501311733313,1.3157848215562993,1.261176194006455,-0.01886906197913705,-0.01886906197913705,-0.01886906197913705,-0.01886906197913705,True,-0.124225296723246,-0.124225296723246,-0.124225296723246,0.0,0.0,0.0,0.0,True,,,,-0.0074842332752828285,-0.0074842332752828285,-0.0074842332752828285,-0.0074842332752828285,True,-0.13684225899267807,-0.13684225899267807,-0.13684225899267807,-1.2755253271204514,-0.26166115342682605,-0.23835021325405753,-0.5856330484717841,0.2503571474370959,-0.42216251896720464,-0.26166115342682605,-0.5902924355682798,True,-0.3064657262451075,-0.12139646809164809,-0.24657005467631887,,,,,non-targeting control,,0,0.0,0.0,0.0,0.0,0,0.0,0.0,0.0,0.0,0,0.0,0.0,0.0,0.0,0,0.0,0.0,0.0,0.0,0,0.0,0.0,0.0,0.0,0.5453454654534546,0.45915408459154095,0.9981029294330835,0.9753781683978496,0.5453454654534546,0.45915408459154083,0.998102929433084,0.9753781683978494,0.9753781683978496,0.9753781683978494,0.0024153025393688506,0.9997242504516233,0.0641499547707735,0.999999193896047,0.0006235319350980672,0.9994262050068713,0.023444800759687325,1.0,0.0641499547707735,0.023444800759687325,0.7352871793019287,0.43656635818889117,0.9340134439781256,0.9999999999973488,0.6594863833605483,0.3432158616841753,0.8700592285739164,1.0,0.9340134439781256,0.8700592285739164,0.9406138795587551,0.06909934719743997,0.9999999997953558,0.9840937019657632,0.9476052946870572,0.054052287781831604,1.0,0.8129464082387473,0.9840937019657632,0.8129464082387473
gRNA_14812,controlsgRNA,-0.6090593958292314,-2.71000547446716,-0.5030445192556415,-0.4967977230223237,-2.457245862609832,-1.3552305950368377,-0.6090593958292314,-1.3552305950368377,True,-0.7401389279880743,-0.18599097181417473,-0.09290404586716447,3175.1769844856153,0.16228781789396787,0.8471331615535189,-0.10356602034834668,-0.03681099053037278,-0.025454205063411152,0.16871795270107126,-0.025454205063411152,,False,0.5660832229589651,0.26096365023305856,,-0.1899884441849829,-0.1899884441849829,-0.1899884441849829,-0.1899884441849829,True,-0.7659456708272938,-0.7659456708272938,-0.7659456708272938,0.0,0.0,0.0,0.0,True,,,,-0.22918789098581918,-0.22918789098581918,-0.22918789098581918,-0.22918789098581918,True,-0.6138783132950797,-0.6138783132950797,-0.6138783132950797,-0.10735317839642064,-0.42285527043954707,-0.9420009997997311,-1.8399021562469215,-1.6754825276081977,-0.9975188264981636,-0.9420009997997311,-0.9975188264981636,True,-1.0650587907196407,-0.9760248744057848,-0.6279466522519699,,,,,non-targeting control,,0,0.0,0.0,0.0,0.0,0,0.0,0.0,0.0,0.0,0,0.0,0.0,0.0,0.0,0,0.0,0.0,0.0,0.0,0,0.0,0.0,0.0,0.0,0.8672132786721329,0.13888611138886112,0.9985561443855614,0.85727690967167,0.8672132786721327,0.1388861113888612,0.9985561443855614,0.8572769096716699,0.85727690967167,0.8572769096716699,0.23758984477120598,0.9201381135765424,0.8758213885683672,0.999999193896047,0.14333474703728805,0.8590458569509842,0.5556068544950546,1.0,0.8758213885683672,0.5556068544950546,0.9665058764892802,0.05195467399765418,0.9999999989234004,0.9999999999973488,0.9693626117542827,0.03151895519329761,1.0,0.7123480329959567,0.9999999989234004,0.7123480329959567,0.9435319800445247,0.2305545997253722,0.9999999997953558,0.9840937019657632,0.881789452403396,0.11975276124982559,0.9918167876570679,0.977034914236814,0.9840937019657632,0.977034914236814
gRNA_14813,controlsgRNA,-0.936752676195541,2.425629030062422,-0.7020662917018696,0.30640965933863185,0.31692077593222606,0.2820280994871739,0.30640965933863185,,False,1.0182843955136673,0.7978079231337674,,2269.016418135261,-0.31384053712926774,-1.3250848069936472,-0.7889474783652234,-1.1778581964619104,-0.1944765958284993,-0.7600415229557096,-0.7889474783652234,-0.7600415229557096,True,-0.8123614004737947,-0.8194644323924251,-0.4894529608757077,-0.13226814933403916,-0.13226814933403916,-0.13226814933403916,-0.13226814933403916,True,-0.5494869112895436,-0.5494869112895436,-0.5494869112895436,0.0,0.0,0.0,0.0,True,,,,0.014278182628242491,0.014278182628242491,0.014278182628242491,0.014278182628242491,True,-0.09001643247311776,-0.09001643247311776,-0.09001643247311776,0.7709575333216672,-0.2574789476543268,-0.6522719339941009,-0.8225514860031682,0.6794258842739113,-0.056383790011203486,-0.2574789476543268,,False,0.1758044831649145,-0.11614287038855287,,,,,,non-targeting control,,0,0.0,0.0,0.0,0.0,0,0.0,0.0,0.0,0.0,0,0.0,0.0,0.0,0.0,0,0.0,0.0,0.0,0.0,0,0.0,0.0,0.0,0.0,0.7926207379262074,0.21247875212478748,0.9985561443855614,0.8683914217273924,0.7926207379262074,0.21247875212478745,0.9985561443855614,0.8683914217273923,0.8683914217273924,0.8683914217273923,0.9829645021999415,0.07830500615944198,0.9999999956433565,0.5353214966536397,0.9664984119472566,0.03426417290294598,1.0,0.252614294343288,0.5353214966536397,0.252614294343288,0.15242133421888185,0.7158819622413103,0.3872325788263485,0.9999999999973488,0.19285489906879144,0.8105221138052143,0.4393405933834895,1.0,0.3872325788263485,0.4393405933834895,0.07749828487207512,0.8545146952012332,0.7124107290566989,0.9859690125412363,0.09621521839425295,0.9066469366633821,0.7483434114870964,1.0,0.7124107290566989,0.7483434114870964
gRNA_14814,controlsgRNA,-0.9498422581326988,0.000878495866650644,-0.9107010303124773,0.024130751616649595,-2.713962058339102,-0.9098992198601955,-0.9107010303124773,,False,-0.2618509949834664,-0.5101468840208352,,1758.4575990359995,1.12101435787985,0.42954057107426874,-0.18593428605517404,0.11090285767172382,0.6592461572451632,0.4269539315631664,0.42954057107426874,0.5801759859677514,True,0.9493514489844682,0.9048319733436372,1.0226391791196523,0.1297196793027707,0.1297196793027707,0.1297196793027707,0.1297196793027707,True,0.43300218630011167,0.43300218630011167,0.43300218630011167,0.0,0.0,0.0,0.0,True,,,,0.2371285542579947,0.2371285542579947,0.2371285542579947,0.2371285542579947,True,0.3894869870008165,0.3894869870008165,0.3894869870008165,0.29348859559390794,-0.7229689030230527,0.5218482854813552,-0.2428005667883399,0.2478665096855644,0.019486784189886985,0.2478665096855644,,False,0.27583795917499676,0.5186613162939924,,,,,,non-targeting control,,0,0.0,0.0,0.0,0.0,0,0.0,0.0,0.0,0.0,0,0.0,0.0,0.0,0.0,0,0.0,0.0,0.0,0.0,0,0.0,0.0,0.0,0.0,0.24047595240475952,0.7652234776522349,0.9114056336301855,0.9879119614920229,0.24047595240475944,0.7652234776522348,0.9114056336301855,0.9879119614920229,0.9114056336301855,0.9114056336301855,0.048358227772496376,0.9794781840306515,0.3788061175512216,0.999999193896047,0.02561897985133997,0.9754296386969391,0.20940731356747455,1.0,0.3788061175512216,0.20940731356747455,0.2140621821266931,0.8817005119522182,0.47985524341598024,0.9999999999973488,0.14515033648248138,0.8574684338092393,0.3717623373161284,1.0,0.47985524341598024,0.3717623373161284,0.8137455417535671,0.4029038655135331,0.990347575626862,0.9840937019657632,0.7233749675397589,0.2792960704132595,0.9641177804211494,1.0,0.9840937019657632,0.9641177804211494
gRNA_14815,controlsgRNA,0.2895181564095307,2.3855813524176255,-4.415852035090699,-1.1395483220361555,-0.5225476562476984,-0.6805697009094793,-0.5225476562476984,,False,-0.015550043130765825,-0.09302206880223157,,4580.2078626299135,-0.6328288491231612,-1.2031007209903348,-1.5460157279755091,-0.7099229184907219,-1.0778923170311026,-1.0339521067221658,-1.0778923170311026,-1.0339521067221658,True,-1.2188935343475271,-1.2283535856317591,-0.7984908879413603,-0.24866077884344032,-0.24866077884344032,-0.24866077884344032,-0.24866077884344032,True,-0.9859747058859358,-0.9859747058859358,-0.9859747058859358,0.0,0.0,0.0,0.0,True,,,,-0.8995791722050104,-0.8995791722050104,-0.8995791722050104,-0.8995791722050104,True,-2.0563480268488235,-2.0563480268488235,-2.0563480268488235,0.23909772245560654,-0.6550405440263428,-0.5746912626879274,-1.2316842373863153,-0.631280151470813,-0.5707196946231583,-0.631280151470813,-0.7731740488928496,True,-0.5023346889304041,-0.5857039710636524,-0.4178427644081379,,,,,non-targeting control,,0,0.0,0.0,0.0,0.0,0,0.0,0.0,0.0,0.0,0,0.0,0.0,0.0,0.0,0,0.0,0.0,0.0,0.0,0,0.0,0.0,0.0,0.0,0.928007199280072,0.07689231076892311,0.9985561443855614,0.8500927685009277,0.928007199280072,0.07689231076892308,0.9985561443855614,0.850092768500928,0.8500927685009277,0.850092768500928,0.9987629288866862,0.022541063947275192,0.9999999956433565,0.34685061427176916,0.9942731683351972,0.005920866225286835,1.0,0.11717082635304474,0.34685061427176916,0.11717082635304474,0.8595413290358466,0.28377915631450323,0.9999999989234004,0.9999999999973488,0.813163522234555,0.1890542858943305,0.9614763659125557,1.0,0.9999999989234004,0.9614763659125557,0.18803428688333754,0.2940317487658435,0.7300576506065981,0.9840937019657632,0.4473233271972812,0.5654647295739831,0.9060547637436381,1.0,0.7300576506065981,0.9060547637436381
gRNA_14816,controlsgRNA,-0.5136983844269543,-2.777350398703298,0.4114992378639981,-0.35607992138676353,-0.025468202097647198,-0.652219533750133,-0.35607992138676353,-0.9181492266536657,True,0.014898166015963266,0.08587067768240542,0.22084011313778085,5377.1953607471005,-0.07650969171265472,0.07766233637631871,0.30158177846783635,-0.03988954451733608,0.41897799754558107,0.13636457523194906,0.07766233637631871,,False,0.5180650434505787,0.4068850500024284,,-0.19378154429980254,-0.19378154429980254,-0.19378154429980254,-0.19378154429980254,True,-0.7801702992318547,-0.7801702992318547,-0.7801702992318547,0.0,0.0,0.0,0.0,True,,,,-0.3190575013252515,-0.3190575013252515,-0.3190575013252515,-0.3190575013252515,True,-0.8072492516040497,-0.8072492516040497,-0.8072492516040497,-0.6274393711543897,0.015261849397910166,0.003837055230173658,-0.8015095454726623,-1.067173169207858,-0.49540463624136527,-0.6274393711543897,,False,-0.40303364679166204,-0.5808792647373551,,,,,,non-targeting control,,0,0.0,0.0,0.0,0.0,0,0.0,0.0,0.0,0.0,0,0.0,0.0,0.0,0.0,0,0.0,0.0,0.0,0.0,0,0.0,0.0,0.0,0.0,0.8781121887811218,0.12668733126687334,0.9985561443855614,0.85727690967167,0.878112188781122,0.12668733126687332,0.9985561443855614,0.8572769096716699,0.85727690967167,0.8572769096716699,0.33675165657820394,0.930578494805105,0.9999999956433565,0.999999193896047,0.17197254531360268,0.8298673882216518,0.6203901741155754,1.0,0.999999193896047,0.6203901741155754,0.8141983111957034,0.37996250491762285,0.9786118856816304,0.9999999999973488,0.73703028440911,0.2659503805229031,0.9056319834569456,1.0,0.9786118856816304,0.9056319834569456,0.6247051820111804,0.5850114313169122,0.9780765380247597,0.9840937019657632,0.5163736533816823,0.487229818490931,0.9127546941314479,1.0,0.9780765380247597,0.9127546941314479
gRNA_14817,controlsgRNA,-1.8104501522633494,-3.788498051171446,0.8405628162253846,0.019121745164369555,1.0185735908019973,-0.7441380102486088,0.019121745164369555,,False,-0.08382269799670677,0.489077080839252,,907.9680674800421,-0.12720209744948566,-0.406006560862394,0.8441715636414615,0.3088589385209569,-0.24109847521889385,0.07574467372632898,-0.12720209744948566,,False,0.42809430345424715,0.11697904142771783,,0.7102969255047592,0.7102969255047592,0.7102969255047592,0.7102969255047592,True,2.6102438454644825,2.6102438454644825,2.6102438454644825,0.0,0.0,0.0,0.0,True,,,,0.46952402123884385,0.46952402123884385,0.46952402123884385,0.46952402123884385,True,0.8895284285861067,0.8895284285861067,0.8895284285861067,-0.6425308287882266,0.0660958752787558,0.3197191891890901,-0.4338657691330411,1.0054109160219613,0.06296587651370791,0.0660958752787558,,False,0.33316406728362075,0.29032492173177726,,,,,,non-targeting control,,0,0.0,0.0,0.0,0.0,0,0.0,0.0,0.0,0.0,0,0.0,0.0,0.0,0.0,0,0.0,0.0,0.0,0.0,0,0.0,0.0,0.0,0.0,0.011198880111988793,0.9943005699430058,0.7553426475534262,0.9969520381295204,0.011198880111988786,0.9943005699430058,0.7553426475534257,0.9969520381295204,0.7553426475534262,0.7553426475534257,0.2925736245106422,0.81906097772354,0.982211453714299,0.999999193896047,0.2288163121297151,0.7748751286094187,0.7169577780064406,1.0,0.982211453714299,0.7169577780064406,0.11860531879521233,0.8663054581707426,0.34771135657724217,0.9999999999973488,0.11171204209336061,0.8923980967350336,0.32561029323336116,1.0,0.34771135657724217,0.32561029323336116,0.29588247780266086,0.43230901938236965,0.8557831665676959,0.9840937019657632,0.4060791113219466,0.598409613468535,0.8834404097328092,1.0,0.8557831665676959,0.8834404097328092
gRNA_14818,controlsgRNA,-1.8308579076700369,-4.146008528246483,-0.6794417717552995,-0.5327305155295742,-1.463555689141406,-1.73051888246856,-1.463555689141406,-1.73051888246856,True,-1.1432002645160924,-1.1042661492787862,-0.3622921201294605,4031.8120198825122,-0.3653385449859744,-1.0388792783372307,-0.49330056390990296,-0.9103287372314905,-1.3020587332501725,-0.8219811715429541,-0.9103287372314905,-0.8219811715429541,True,-0.904290880398642,-0.9912324431522354,-0.5593359874435959,-0.011795939182409962,-0.011795939182409962,-0.011795939182409962,-0.011795939182409962,True,-0.09770014832281827,-0.09770014832281827,-0.09770014832281827,0.0,0.0,0.0,0.0,True,,,,-0.5388524715622192,-0.5388524715622192,-0.5388524715622192,-0.5388524715622192,True,-1.2801784149751503,-1.2801784149751503,-1.2801784149751503,-0.17904510101410218,-0.7169113765472156,-0.3668398058453153,-0.9076533167509518,-0.31480612929574625,-0.49705114589066623,-0.3668398058453153,-0.49705114589066623,True,-0.4052045290505359,-0.2535196482550698,-0.15924750730994092,,,,,non-targeting control,,0,0.0,0.0,0.0,0.0,0,0.0,0.0,0.0,0.0,0,0.0,0.0,0.0,0.0,0,0.0,0.0,0.0,0.0,0,0.0,0.0,0.0,0.0,0.5224477552244776,0.4829517048295171,0.9981029294330835,0.9778839374945756,0.5224477552244775,0.48295170482951705,0.998102929433084,0.9778839374945756,0.9778839374945756,0.9778839374945756,0.9938800640789692,0.06022071085589944,0.9999999956433565,0.5144253359739793,0.9800611963378385,0.020477997819713257,1.0,0.1820143214654083,0.5144253359739793,0.1820143214654083,0.8869260236888921,0.41180587599393054,0.9999999989234004,0.9999999999973488,0.7652560719183144,0.23683989146973194,0.9222316764143789,1.0,0.9999999989234004,0.9222316764143789,0.9792689078884816,0.09422537098151927,0.9999999997953558,0.9840937019657632,0.957583552636327,0.04342850179695214,1.0,0.7866625127117199,0.9840937019657632,0.7866625127117199
gRNA_14819,controlsgRNA,-1.142022654066695,-2.1361729474044036,-0.5105635652242451,1.15061696241494,-0.06711978064623429,-0.5410523969853276,-0.5105635652242451,-0.9639697368353944,True,0.13429217915997158,-0.08014349531110784,0.18794940108267166,4031.3300195812626,0.49727849305829086,-0.313920244517708,0.18995743840009877,-0.2822489080175575,0.3443495682318202,0.08708326943098887,0.18995743840009877,,False,0.4449228007089466,0.5657951360639526,,0.045454343647143514,0.045454343647143514,0.045454343647143514,0.045454343647143514,True,0.11699600381002015,0.11699600381002015,0.11699600381002015,0.0,0.0,0.0,0.0,True,,,,-0.200029473987309,-0.200029473987309,-0.200029473987309,-0.200029473987309,True,-0.5511386348508285,-0.5511386348508285,-0.5511386348508285,-0.5828582943149911,0.235008990978166,0.43232046912280314,0.13760705626894598,0.6544690516620634,0.17530945474339746,0.235008990978166,0.36485139200799466,True,0.4812862972266877,0.5025099754888924,0.647943442655301,,,,,non-targeting control,,0,0.0,0.0,0.0,0.0,0,0.0,0.0,0.0,0.0,0,0.0,0.0,0.0,0.0,0,0.0,0.0,0.0,0.0,0,0.0,0.0,0.0,0.0,0.38256174382561736,0.6212378762123787,0.9743077979783722,0.9879119614920229,0.3825617438256174,0.6212378762123788,0.9743077979783722,0.9879119614920229,0.9743077979783722,0.9743077979783722,0.3440407344961067,0.8719414528264628,0.9999999956433565,0.999999193896047,0.21498867266237942,0.7879573340383683,0.7036971024049912,1.0,0.999999193896047,0.7036971024049912,0.09716309708468282,0.9579250553713425,0.3112322949662744,0.9999999999973488,0.053369984425154324,0.9476445548487817,0.20903243899852111,1.0,0.3112322949662744,0.20903243899852111,0.5006076111533686,0.5331105712531361,0.9483359320886435,0.9840937019657632,0.49676841388985504,0.5070598978797756,0.9127546941314479,1.0,0.9483359320886435,0.9127546941314479
gRNA_14820,controlsgRNA,0.6451496900662611,2.041398245563985,-0.6663384934563022,-0.24095465270549116,0.28348341027149804,0.41254763994799026,0.28348341027149804,,False,1.158462978706809,0.7731704781319678,,3583.67223979515,-0.4324710669196723,-0.6009336040648149,-1.342412039769798,-0.6530455167283233,-0.8843826114148019,-0.7826489677794821,-0.6530455167283233,-0.7826489677794821,True,-0.845914878617148,-0.6271480086976815,-0.5149596710893836,-0.20064119999140162,-0.20064119999140162,-0.20064119999140162,-0.20064119999140162,True,-0.8058949176818127,-0.8058949176818127,-0.8058949176818127,0.0,0.0,0.0,0.0,True,,,,-0.20593501076857454,-0.20593501076857454,-0.20593501076857454,-0.20593501076857454,True,-0.5638454796262575,-0.5638454796262575,-0.5638454796262575,-0.20963668110750028,-0.7535451758262596,-0.5138573682234654,-0.6877286747560207,0.8773366932778166,-0.25748624132708586,-0.5138573682234654,-0.5411919749783115,True,-0.08934412617547603,-0.43819997486724854,-0.2005863782342298,,,,,non-targeting control,,0,0.0,0.0,0.0,0.0,0,0.0,0.0,0.0,0.0,0,0.0,0.0,0.0,0.0,0,0.0,0.0,0.0,0.0,0,0.0,0.0,0.0,0.0,0.8818118188181182,0.121987801219878,0.9985561443855614,0.85727690967167,0.8818118188181181,0.12198780121987807,0.9985561443855614,0.8572769096716699,0.85727690967167,0.8572769096716699,0.9933690804541737,0.07182147044410515,0.9999999956433565,0.5238321470281961,0.9760384349634263,0.024448908475775324,1.0,0.20260191320584495,0.5238321470281961,0.20260191320584495,0.40263661369124515,0.5466350873792486,0.6850288088140641,0.9999999999973488,0.4579547090632574,0.5469262770669996,0.7296227568126474,1.0,0.6850288088140641,0.7296227568126474,0.07018735511833887,0.9470541007814904,0.7124107290566989,0.9997934568416044,0.05137356691549967,0.950245838073524,0.7329365054482682,1.0,0.7124107290566989,0.7329365054482682
gRNA_14821,controlsgRNA,0.5627073451702058,0.9974566596882577,0.044799168682334044,0.2909679806284065,-0.3487205151355304,0.30944212780673475,0.2909679806284065,0.473982788542301,True,1.0477271872664193,0.7812136905209836,1.220135255704042,3419.0691369182105,0.24763373385363124,-0.9145834438718118,-0.8851480189700488,-0.17863848023097606,0.2677350841623606,-0.29260022501136895,-0.17863848023097606,,False,-0.11859518778869158,0.044190826561772645,,0.14657925914709338,0.14657925914709338,0.14657925914709338,0.14657925914709338,True,0.49622784633622075,0.49622784633622075,0.49622784633622075,0.0,0.0,0.0,0.0,True,,,,-0.5520977662670402,-0.5520977662670402,-0.5520977662670402,-0.5520977662670402,True,-1.3086780941834653,-1.3086780941834653,-1.3086780941834653,0.29820763983694554,0.8392771048929755,-0.08199829896105035,-1.721554020281481,-0.8089664517509982,-0.2950068052527217,-0.08199829896105035,,False,-0.13881406192938134,0.10429217825844991,,,,,,non-targeting control,,0,0.0,0.0,0.0,0.0,0,0.0,0.0,0.0,0.0,0,0.0,0.0,0.0,0.0,0,0.0,0.0,0.0,0.0,0,0.0,0.0,0.0,0.0,0.2174782521747825,0.7877212278772123,0.9114056336301855,0.9879119614920229,0.2174782521747825,0.7877212278772123,0.9114056336301855,0.9879119614920229,0.9114056336301855,0.9114056336301855,0.7107374829143464,0.4183042777158158,0.9999999956433565,0.999999193896047,0.6572750326380434,0.3452913787432084,1.0,0.9340256000535709,0.999999193896047,0.9340256000535709,0.2421550435489365,0.40852046784563334,0.5178206914970714,0.9999999999973488,0.39088357758437703,0.6147402486828112,0.6681187197999008,1.0,0.5178206914970714,0.6681187197999008,0.14868809139329286,0.9739816221320989,0.7274739925399841,0.9997934568416044,0.06551708805579043,0.9354288929935966,0.7425527611887905,1.0,0.7274739925399841,0.7425527611887905
gRNA_14822,controlsgRNA,-0.16125612207145085,-3.2853061075056815,-0.28288279817048395,-1.1734198538170832,-0.9437696598527601,-1.169326908283492,-0.9437696598527601,-1.169326908283492,True,-0.5404775184592147,-0.5456837282380411,0.040540662773939064,2885.7358035848774,-0.51108381728403,-0.39464516754236534,-1.7799012087597563,-0.13010549949872516,0.3053886895526403,-0.5020694007064472,-0.39464516754236534,-0.7039339232712192,True,-0.4294847846970692,-0.26148271263897244,-0.4261499075190386,0.053250553518908776,0.053250553518908776,0.053250553518908776,0.053250553518908776,True,0.1462328246248861,0.1462328246248861,0.1462328246248861,0.0,0.0,0.0,0.0,True,,,,-0.6818755658461075,-0.6818755658461075,-0.6818755658461075,-0.6818755658461075,True,-1.5879188161749633,-1.5879188161749633,-1.5879188161749633,-0.8066372418598104,-0.11202344574179625,-0.4192480189811453,-1.2325190864365643,-1.4724836302915052,-0.8085822846621642,-0.8066372418598104,-0.8085822846621642,True,-0.8159506321984455,-0.8059838084037829,-0.45100336692464515,,,,,non-targeting control,,0,0.0,0.0,0.0,0.0,0,0.0,0.0,0.0,0.0,0,0.0,0.0,0.0,0.0,0,0.0,0.0,0.0,0.0,0,0.0,0.0,0.0,0.0,0.3298670132986701,0.6748325167483251,0.9255969925395519,0.9879119614920229,0.3298670132986701,0.6748325167483251,0.9255969925395519,0.9879119614920229,0.9255969925395519,0.9255969925395519,0.8383976592856183,0.2247074823495703,0.9999999956433565,0.8669330336007393,0.8230979769012103,0.17973034508331653,1.0,0.6625353897188924,0.8669330336007393,0.6625353897188924,0.9555383142660556,0.11785357742465802,0.9999999989234004,0.9999999999973488,0.9363378369874232,0.0648317930356631,0.9973456847231477,0.9797685402969059,0.9999999989234004,0.9797685402969059,0.8967536328680864,0.2881401673378827,0.9999999997953558,0.9840937019657632,0.8263849555400737,0.17551628025223748,0.9769608577797501,1.0,0.9840937019657632,0.9769608577797501
gRNA_14823,controlsgRNA,0.4088792693199363,-1.617923156884592,-0.9035154807819172,-0.25778561804000377,0.12451241396892984,-0.44916651448352934,-0.25778561804000377,,False,0.23297803707118941,0.19150158510230558,,3353.3965958728727,-0.44252110518006776,-0.010310109088294382,-0.31330145697174583,0.6792144838755853,-0.2586458950363196,-0.06911281648016845,-0.2586458950363196,-0.2561946415691069,True,0.2130999655521699,-0.06902858321787059,0.07900917607833642,-0.2273669612029619,-0.2273669612029619,-0.2273669612029619,-0.2273669612029619,True,-0.9061200661238926,-0.9061200661238926,-0.9061200661238926,0.0,0.0,0.0,0.0,True,,,,0.05754517354842773,0.05754517354842773,0.05754517354842773,0.05754517354842773,True,0.0030804286397970253,0.0030804286397970253,0.0030804286397970253,-0.13841291584395324,0.05779433069280407,-1.1510852374667473,-0.8571612853184759,-1.0545927179897994,-0.6286915651852343,-0.8571612853184759,-0.8003130391547439,True,-0.5787691667789673,-0.8694510343377438,-0.4432590340759407,,,,,non-targeting control,,0,0.0,0.0,0.0,0.0,0,0.0,0.0,0.0,0.0,0,0.0,0.0,0.0,0.0,0,0.0,0.0,0.0,0.0,0,0.0,0.0,0.0,0.0,0.9003099690030997,0.1037896210378962,0.9985561443855614,0.85727690967167,0.9003099690030998,0.10378962103789618,0.9985561443855614,0.8572769096716699,0.85727690967167,0.8572769096716699,0.53488188872424,0.6928114523376965,0.9999999956433565,0.999999193896047,0.42530493380319995,0.5778020978466099,0.9181815541016815,1.0,0.999999193896047,0.9181815541016815,0.8774469797548642,0.23167124211109755,0.9999999989234004,0.9999999999973488,0.8459171511955519,0.15643844991693706,0.9786610733831616,1.0,0.9999999989234004,0.9786610733831616,0.6052608427860671,0.6431487983071453,0.9568151801307989,0.9840937019657632,0.47921307186464035,0.523756948033015,0.9127546941314479,1.0,0.9568151801307989,0.9127546941314479
gRNA_14824,controlsgRNA,-0.6931889566008957,-3.6523066797554344,-1.476287032516774,-1.055678452459122,0.9051769864169831,-1.1944568269830487,-1.055678452459122,-1.7193652803330566,True,-0.5674671660370824,-0.6659452989373477,-0.35428588198935396,1849.9171561982228,-0.11844163097696282,0.885164489297869,-0.1161792175211751,0.5321797497403127,0.5170543963008201,0.33995555736817273,0.5170543963008201,,False,0.8202303532651744,1.0286737905528998,,0.2339595587431766,0.2339595587431766,0.2339595587431766,0.2339595587431766,True,0.8239155566545594,0.8239155566545594,0.8239155566545594,0.0,0.0,0.0,0.0,True,,,,0.026531605876465834,0.026531605876465834,0.026531605876465834,0.026531605876465834,True,-0.06365094649786322,-0.06365094649786322,-0.06365094649786322,-1.8576251729729392,-0.4429163748029055,-0.7689509151056266,-2.5960586024957673,1.3232399879957428,-0.8684622154762991,-0.7689509151056266,-1.4163877663443096,True,-0.8949008403081801,-0.7586430484211487,-1.020226756554317,,,,,non-targeting control,,0,0.0,0.0,0.0,0.0,0,0.0,0.0,0.0,0.0,0,0.0,0.0,0.0,0.0,0,0.0,0.0,0.0,0.0,0,0.0,0.0,0.0,0.0,0.1292870712928707,0.8755124487551245,0.8143830778212503,0.9879119614920229,0.1292870712928707,0.8755124487551245,0.8143830778212504,0.9879119614920229,0.8143830778212503,0.8143830778212504,0.07813375449112017,0.9703374661194145,0.5065222704941583,0.999999193896047,0.041461013083789695,0.9593976865033854,0.27838108784830223,1.0,0.5065222704941583,0.27838108784830223,0.364974222587389,0.047375427173362475,0.65660434302803,0.9999999999973488,0.8559476526438818,0.15164431347375668,0.979540719064569,1.0,0.65660434302803,0.979540719064569,0.7498888467073386,0.2307456153384326,0.9866557117120665,0.9840937019657632,0.7977270443330611,0.20548143196618707,0.9668242831730418,1.0,0.9840937019657632,0.9668242831730418
gRNA_14825,controlsgRNA,-1.5575643612394068,1.9993939793142532,-0.5558692554924054,0.19562352911724193,0.645817486110674,0.14548027556207138,0.19562352911724193,,False,0.871631408318437,0.6787528093949667,,3351.348094592559,-0.5102549935686693,-0.6942040864108278,-1.463889111454662,-0.36169772572328573,-0.3094403562762375,-0.6678972546867364,-0.5102549935686693,-0.6678972546867364,True,-0.6756028806366845,-0.42508350263164163,-0.38549175840861233,-0.0521221452892023,-0.0521221452892023,-0.0521221452892023,-0.0521221452892023,True,-0.24892876857296584,-0.24892876857296584,-0.24892876857296584,0.0,0.0,0.0,0.0,True,,,,0.0014239728043450096,0.0014239728043450096,0.0014239728043450096,0.0014239728043450096,True,-0.11767462088051546,-0.11767462088051546,-0.11767462088051546,-0.31851599274168163,-0.051092440109255656,0.07927665837065948,-0.4681818280866935,-0.6776503338762384,-0.28723278728864193,-0.31851599274168163,-0.3788601487034673,True,-0.12856421147417618,-0.19281630477172476,-0.04855900240140632,,,,,non-targeting control,,0,0.0,0.0,0.0,0.0,0,0.0,0.0,0.0,0.0,0,0.0,0.0,0.0,0.0,0,0.0,0.0,0.0,0.0,0,0.0,0.0,0.0,0.0,0.6118388161183881,0.39176082391760836,0.9985561443855614,0.9727487021412807,0.6118388161183882,0.39176082391760825,0.9985561443855614,0.9727487021412802,0.9727487021412807,0.9727487021412802,0.979125166620155,0.12454483503476911,0.9999999956433565,0.6786791010590316,0.946720866889867,0.05417486101473657,1.0,0.3512025472679474,0.6786791010590316,0.3512025472679474,0.6897187814051806,0.670098993870879,0.9036036996806547,0.9999999999973488,0.5123482688300176,0.4903493210222137,0.7725898917512847,1.0,0.9036036996806547,0.7725898917512847,0.10605590119017416,0.8236115266269561,0.7124107290566989,0.9859690125412363,0.117459766534951,0.8860451379486691,0.7483434114870964,1.0,0.7124107290566989,0.7483434114870964
gRNA_14826,controlsgRNA,0.9762000162427865,-0.5239737461132637,-0.4337308023443209,0.2512163790684316,-0.47220588056407004,-0.040498806742087314,-0.4337308023443209,,False,0.6718890236232942,0.0024240003244564057,,4746.859466787167,-0.6434880892789658,-1.2615740240730386,-0.5365419001702104,-0.41858512885201693,-0.5239287591596616,-0.6768235803067786,-0.5365419001702104,-0.6768235803067786,True,-0.6888511390722241,-0.4622824054783352,-0.39556283024526284,0.03389319108563493,0.03389319108563493,0.03389319108563493,0.03389319108563493,True,0.07364014866837036,0.07364014866837036,0.07364014866837036,0.0,0.0,0.0,0.0,True,,,,-0.493993785579546,-0.493993785579546,-0.493993785579546,-0.493993785579546,True,-1.1836567302030192,-1.1836567302030192,-1.1836567302030192,0.32887982762728024,0.17460691931166403,0.3085469875124697,-0.41096354235071825,-1.8576400984084307,-0.291313981261547,0.17460691931166403,,False,-0.13394516481056498,0.4266341811757656,,,,,,non-targeting control,,0,0.0,0.0,0.0,0.0,0,0.0,0.0,0.0,0.0,0,0.0,0.0,0.0,0.0,0,0.0,0.0,0.0,0.0,0,0.0,0.0,0.0,0.0,0.4254574542545746,0.5803419658034197,0.9955028739550289,0.9879119614920229,0.42545745425457454,0.5803419658034197,0.9955028739550288,0.9879119614920229,0.9879119614920229,0.9879119614920229,0.9876890218118904,0.11517443751877243,0.9999999956433565,0.6657491645933483,0.9578611369482316,0.04310025452802693,1.0,0.3057678434441156,0.6657491645933483,0.3057678434441156,0.3686560058929836,0.49665833669384274,0.6600698010274373,0.9999999999973488,0.39655444788828387,0.608524609942244,0.6686299211031154,1.0,0.6600698010274373,0.6686299211031154,0.35119988813384845,0.863137387120147,0.8749945536019875,0.9859690125412363,0.22847645730866162,0.7739985418210071,0.7891586160513889,1.0,0.8749945536019875,0.7891586160513889
gRNA_14827,controlsgRNA,0.7520715796776724,-4.054596223553228,0.45490716501967693,0.551328874923433,1.0975380023031451,-0.23975012032586,0.551328874923433,0.7139614054809817,True,0.45789220185291085,1.0610077028354006,1.3923958341613485,3911.4324446452774,0.6964124853751537,1.3125929095454967,0.3156103145786725,1.035216264778762,0.2368804425521145,0.7193424833660398,0.6964124853751537,0.7193424833660398,True,1.3833081813246118,1.2824854783021766,1.1796529216394525,0.179920348351973,0.179920348351973,0.179920348351973,0.179920348351973,True,0.6212613519612827,0.6212613519612827,0.6212613519612827,0.0,0.0,0.0,0.0,True,,,,0.08717497984271923,0.08717497984271923,0.08717497984271923,0.08717497984271923,True,0.06683438755204796,0.06683438755204796,0.06683438755204796,-0.10122001278861067,-0.14823352028687467,-0.3896770680071443,-0.7193446667987542,-0.3050855555157321,-0.3327121646794232,-0.3050855555157321,-0.3327121646794232,True,-0.18852764598194888,-0.1759452759414892,-0.005340386113112395,,,,,non-targeting control,,0,0.0,0.0,0.0,0.0,0,0.0,0.0,0.0,0.0,0,0.0,0.0,0.0,0.0,0,0.0,0.0,0.0,0.0,0,0.0,0.0,0.0,0.0,0.17278272172782716,0.832116788321168,0.9114056336301855,0.9879119614920229,0.17278272172782727,0.832116788321168,0.9114056336301855,0.9879119614920229,0.9114056336301855,0.9114056336301855,0.004647419787583296,0.9989200403928292,0.09389484556516246,0.999999193896047,0.0015677843220040226,0.9985490050201973,0.03467570029844191,1.0,0.09389484556516246,0.03467570029844191,0.7611696461652041,0.6341689281154217,0.947712829662916,0.9999999999973488,0.5731621343446085,0.4289485165122527,0.8132413679757464,1.0,0.947712829662916,0.8132413679757464,0.10909298163757107,0.6909594077631954,0.7124107290566989,0.9840937019657632,0.12631435614601416,0.8767423434198027,0.7483434114870964,1.0,0.7124107290566989,0.7483434114870964
gRNA_14828,controlsgRNA,-0.39271567759076714,-2.346426871883686,2.2621200508237607,1.4314671216966832,-0.08490928617610886,0.17390706737397646,-0.08490928617610886,,False,0.9021619126923438,0.377281260876456,,1725.320078325049,-0.1820348473589506,-1.0776182749943646,-0.37103663392736647,-0.20889647684043622,-0.5438123945566391,-0.4766797255355514,-0.37103663392736647,-0.4766797255355514,True,-0.39180198075552525,-0.2280740061065059,-0.16975176028614858,0.258638087616503,0.258638087616503,0.258638087616503,0.258638087616503,True,0.9164633123604443,0.9164633123604443,0.9164633123604443,0.0,0.0,0.0,0.0,True,,,,0.425669940722477,0.425669940722477,0.425669940722477,0.425669940722477,True,0.7951683366028645,0.7951683366028645,0.7951683366028645,-1.1267623477553523,0.5296962702781707,0.47581598972359934,0.04742159819402519,1.3004922693223724,0.24533275595256304,0.47581598972359934,0.5883565318795418,True,0.5736102883841602,0.8050065919435717,0.8572609910348143,,,,,non-targeting control,,0,0.0,0.0,0.0,0.0,0,0.0,0.0,0.0,0.0,0,0.0,0.0,0.0,0.0,0,0.0,0.0,0.0,0.0,0,0.0,0.0,0.0,0.0,0.0938906109389061,0.9117088291170883,0.7845082158450821,0.9879119614920229,0.0938906109389061,0.9117088291170883,0.7845082158450821,0.9879119614920229,0.7845082158450821,0.7845082158450821,0.9413410118313088,0.2688003373721549,0.9999999956433565,0.953480441999342,0.8648800233169356,0.1368913153167663,1.0,0.5361576516573346,0.953480441999342,0.5361576516573346,0.02306011746997705,0.8769939517206243,0.13984845433405438,0.9999999999973488,0.029848518633428325,0.9720085038079697,0.15138440772338912,1.0,0.13984845433405438,0.15138440772338912,0.04596020605167841,0.7952962701516322,0.7124107290566989,0.9859690125412363,0.07642080227767496,0.9276786376735069,0.7483434114870964,1.0,0.7124107290566989,0.7483434114870964
gRNA_14829,controlsgRNA,0.6788124375876858,-1.7895186860303007,-0.42601044787112063,-0.6729843874029889,-0.17227040182232642,-0.47639429710781017,-0.42601044787112063,-0.7651959807816842,True,0.2037352740466876,0.010720595557757989,0.33063245608458003,5078.837174273234,0.1892550606799788,0.3140004259421602,-0.6507067576796901,0.13590115557044008,0.032889660661373936,0.004267909034852589,0.13590115557044008,0.16801157571348826,True,0.32201004313522313,0.489299470609122,0.5576172248609673,0.012467733569196674,0.012467733569196674,0.012467733569196674,0.012467733569196674,True,-0.006708158084278961,-0.006708158084278961,-0.006708158084278961,0.0,0.0,0.0,0.0,True,,,,-0.15951019381557024,-0.15951019381557024,-0.15951019381557024,-0.15951019381557024,True,-0.4639539770246749,-0.4639539770246749,-0.4639539770246749,0.18010791541462104,-0.37251711302348217,0.4853634016528515,-1.578662378135805,-0.026755486292350056,-0.2624927320768329,-0.026755486292350056,,False,-0.09594506043204475,0.17368702144316622,,,,,,non-targeting control,,0,0.0,0.0,0.0,0.0,0,0.0,0.0,0.0,0.0,0,0.0,0.0,0.0,0.0,0,0.0,0.0,0.0,0.0,0,0.0,0.0,0.0,0.0,0.4780521947805221,0.5265473452654734,0.9981029294330835,0.9801079298010792,0.47805219478052197,0.5265473452654734,0.998102929433084,0.9801079298010792,0.9801079298010792,0.9801079298010792,0.4660329602107327,0.8086526609328153,0.9999999956433565,0.999999193896047,0.3076133758655827,0.6951419178378533,0.8088295757025111,1.0,0.999999193896047,0.8088295757025111,0.3764200070949658,0.5647709849867824,0.6613734704098465,0.9999999999973488,0.37912677971891123,0.6251600747515971,0.6589606522474385,1.0,0.6613734704098465,0.6589606522474385,0.5987378446292019,0.6196953236449133,0.9539213117821183,0.9840937019657632,0.492476054514247,0.5099296064852701,0.9127546941314479,1.0,0.9539213117821183,0.9127546941314479
gRNA_14830,controlsgRNA,1.2163610974179622,1.379023147407986,-1.1185029603535488,0.5935177534259728,-2.0470961495689535,0.004660577665883725,0.5935177534259728,,False,0.720390408947159,1.1063455237214177,,4859.045036903149,0.23578690221894053,0.4576087529226549,-0.32152608231034563,0.7080450614709893,0.24323098589018755,0.2646291240384854,0.24323098589018755,0.4111679256256931,True,0.7084324984414083,0.6411831437676186,0.8319568772264582,0.044219167910336026,0.044219167910336026,0.044219167910336026,0.044219167910336026,True,0.11236393100978732,0.11236393100978732,0.11236393100978732,0.0,0.0,0.0,0.0,True,,,,0.10367925454208732,0.10367925454208732,0.10367925454208732,0.10367925454208732,True,0.10234635953759334,0.10234635953759334,0.10234635953759334,-0.04726263093969256,-0.11569009084309108,-0.13992385159454906,-0.9889566005514738,-0.9867108373464669,-0.45570880225505467,-0.13992385159454906,-0.45570880225505467,True,-0.35069567125130113,0.03152733434116703,-0.12052948042678718,,,,,non-targeting control,,0,0.0,0.0,0.0,0.0,0,0.0,0.0,0.0,0.0,0,0.0,0.0,0.0,0.0,0,0.0,0.0,0.0,0.0,0,0.0,0.0,0.0,0.0,0.39646035396460355,0.6081391860813918,0.9743077979783722,0.9879119614920229,0.39646035396460355,0.6081391860813918,0.9743077979783722,0.9879119614920229,0.9743077979783722,0.9743077979783722,0.16497330833937263,0.954208486103599,0.7473489630795676,0.999999193896047,0.08406806818016493,0.9172707513385692,0.4390221338297502,1.0,0.7473489630795676,0.4390221338297502,0.7799540176626777,0.436244331859277,0.9576806753680852,0.9999999999973488,0.6846162175876869,0.31786451009892097,0.8824896146042586,1.0,0.9576806753680852,0.8824896146042586,0.10218253279475428,0.74202993136624,0.7124107290566989,0.9859690125412363,0.13163033409330804,0.8712511802728775,0.7483434114870964,1.0,0.7124107290566989,0.7483434114870964
gRNA_14831,controlsgRNA,0.57481496490519,1.5902615522443941,0.5752256552723541,0.10953718685508132,0.463050965368325,0.6625780649290689,0.57481496490519,0.6625780649290689,True,1.4269967982811191,1.0862467748065048,1.3555120314315288,3290.1340563337853,-0.48195069761837867,-0.4529527257610801,0.2390930785237269,-0.2243984301648532,0.18787028342564785,-0.14646769831898743,-0.2243984301648532,,False,0.09829153154766893,-0.0205646031151474,,0.14105573784281555,0.14105573784281555,0.14105573784281555,0.14105573784281555,True,0.4755139090132764,0.4755139090132764,0.4755139090132764,0.0,0.0,0.0,0.0,True,,,,-0.1478671738321621,-0.1478671738321621,-0.1478671738321621,-0.1478671738321621,True,-0.438901885550836,-0.438901885550836,-0.438901885550836,-0.15241074146671063,0.01885499985762058,-0.022719488072977037,0.3037347078235658,0.17733862712815412,0.06495962105393058,0.01885499985762058,,False,0.3357927701599953,0.2309819414708208,,,,,,non-targeting control,,0,0.0,0.0,0.0,0.0,0,0.0,0.0,0.0,0.0,0,0.0,0.0,0.0,0.0,0,0.0,0.0,0.0,0.0,0,0.0,0.0,0.0,0.0,0.22987701229877006,0.7743225677432257,0.9114056336301855,0.9879119614920229,0.2298770122987701,0.7743225677432257,0.9114056336301855,0.9879119614920229,0.9114056336301855,0.9114056336301855,0.6867856176663087,0.6341515345702107,0.9999999956433565,0.999999193896047,0.5312849651939404,0.4710350155447015,0.98459079395236,1.0,0.999999193896047,0.98459079395236,0.26653240587127375,0.9600978921362818,0.5439859041037299,0.9999999999973488,0.11972419778152488,0.8817994321475664,0.3373799672120785,1.0,0.5439859041037299,0.3373799672120785,0.03873124226262159,0.9959707081871462,0.7124107290566989,0.9997934568416044,0.012986577447634543,0.9874474134802991,0.4395619191229259,1.0,0.7124107290566989,0.4395619191229259
gRNA_14832,controlsgRNA,-0.19560490795938426,-3.771294653294428,0.17246205751540034,-0.21651719185286472,-0.5344942267691605,-0.9090897844720874,-0.21651719185286472,-1.1794777449689593,True,-0.26098165767588183,0.23585025188679193,0.03325422608399417,6127.187829492394,0.254242978688019,-0.11410699177323201,-1.2407232222713225,0.16627852682237598,0.14918592823406424,-0.15702455606001905,0.14918592823406424,,False,0.08262327278435569,0.5080989046827225,,0.016038820399270508,0.016038820399270508,0.016038820399270508,0.016038820399270508,True,0.006683891063001861,0.006683891063001861,0.006683891063001861,0.0,0.0,0.0,0.0,True,,,,-0.22128398936444132,-0.22128398936444132,-0.22128398936444132,-0.22128398936444132,True,-0.5968716202978028,-0.5968716202978028,-0.5968716202978028,0.274092745352599,-0.20554155993440584,0.4408623550407989,-0.7253100681325055,-0.14397911114474096,-0.07197512776365089,-0.14397911114474096,,False,0.15524768986991766,0.02643320377532177,,,,,,non-targeting control,,0,0.0,0.0,0.0,0.0,0,0.0,0.0,0.0,0.0,0,0.0,0.0,0.0,0.0,0,0.0,0.0,0.0,0.0,0,0.0,0.0,0.0,0.0,0.4735526447355263,0.5323467653234679,0.9981029294330835,0.986021594884847,0.47355264473552644,0.5323467653234677,0.998102929433084,0.9860215948848466,0.986021594884847,0.9860215948848466,0.5698714805217779,0.5763760013582032,0.9999999956433565,0.999999193896047,0.4802694586422045,0.523214427614941,0.9554567007908408,1.0,0.999999193896047,0.9554567007908408,0.33447223059522,0.834870829324881,0.6164782289402095,0.9999999999973488,0.23114279464642262,0.7707104140713241,0.4855289988103626,1.0,0.6164782289402095,0.4855289988103626,0.7100347112049912,0.4474570468962533,0.9866557117120665,0.9840937019657632,0.6288855383374359,0.3745325041996773,0.934628309940221,1.0,0.9840937019657632,0.934628309940221
gRNA_14833,controlsgRNA,-0.9322182191957762,-4.371227437872237,-1.9427045315646863,0.4750924208310897,0.3038276680199024,-1.2934460199563413,-0.9322182191957762,,False,-0.6737820118711778,-0.5332700977726033,,4527.187829492394,-0.18766047075256556,-0.28716060460577897,0.8414378657578072,0.08100087491789437,-0.34638877371897864,0.020245778319675688,-0.18766047075256556,,False,0.34572404938425866,0.031423704359697976,,0.026215051605063874,0.026215051605063874,0.026215051605063874,0.026215051605063874,True,0.04484610747689395,0.04484610747689395,0.04484610747689395,0.0,0.0,0.0,0.0,True,,,,-0.21595495761959815,-0.21595495761959815,-0.21595495761959815,-0.21595495761959815,True,-0.5854052317723986,-0.5854052317723986,-0.5854052317723986,0.7524392664047671,-0.41630079377384105,-0.2331595259968647,-1.762677452816876,-0.19649313161462734,-0.3712383275594884,-0.2331595259968647,-0.6521577260505523,True,-0.23932343909152742,-0.08559333153028316,-0.30450827900967453,,,,,non-targeting control,,0,0.0,0.0,0.0,0.0,0,0.0,0.0,0.0,0.0,0,0.0,0.0,0.0,0.0,0,0.0,0.0,0.0,0.0,0,0.0,0.0,0.0,0.0,0.4425557444255577,0.5632436756324367,0.9957442125609925,0.9879119614920229,0.44255574442555745,0.5632436756324367,0.9957442125609924,0.9879119614920229,0.9879119614920229,0.9879119614920229,0.370083379843742,0.775314747724329,0.9999999956433565,0.999999193896047,0.2972480438674325,0.7055258950409657,0.8071225624100937,1.0,0.999999193896047,0.8071225624100937,0.41560468463530226,0.39899187817329185,0.6914485018711223,0.9999999999973488,0.5138670434765118,0.4900675169730615,0.7725898917512847,1.0,0.6914485018711223,0.7725898917512847,0.7083994924966962,0.19170678375164416,0.9866557117120665,0.9840937019657632,0.784148062030923,0.2192887402702462,0.9668242831730418,1.0,0.9840937019657632,0.9668242831730418
gRNA_14834,controlsgRNA,0.8376608347138043,0.7649033783433565,-0.8329058586928447,-1.088046645064688,-0.8491866354261827,-0.2335149852253109,-0.8329058586928447,,False,0.4645887654580761,-0.4265451462672349,,3487.513179695737,-0.5399995784128374,-0.07371669223755631,0.061637993709608783,0.17629611787632762,-1.3313411131399362,-0.34142465444087866,-0.07371669223755631,,False,-0.19105934455186946,0.1926668514219892,,-0.058988925240637514,-0.058988925240637514,-0.058988925240637514,-0.058988925240637514,True,-0.27468010394200293,-0.27468010394200293,-0.27468010394200293,0.0,0.0,0.0,0.0,True,,,,0.16943955433122798,0.16943955433122798,0.16943955433122798,0.16943955433122798,True,0.24384169734619401,0.24384169734619401,0.24384169734619401,0.4037423273376298,-0.5152552830725804,0.3419523664710847,-0.9304493914836508,-0.8805408728803253,-0.31611017072556835,-0.5152552830725804,,False,-0.16663832747619012,-0.4399560056892433,,,,,,non-targeting control,,0,0.0,0.0,0.0,0.0,0,0.0,0.0,0.0,0.0,0,0.0,0.0,0.0,0.0,0,0.0,0.0,0.0,0.0,0,0.0,0.0,0.0,0.0,0.6334366563343665,0.37046295370462956,0.9985561443855614,0.9673199346731994,0.6334366563343665,0.37046295370462956,0.9985561443855614,0.9673199346731994,0.9673199346731994,0.9673199346731994,0.7735218166520554,0.3591005173243873,0.9999999956433565,0.999999193896047,0.7155295464276727,0.287516068303102,1.0,0.8189851642573208,0.999999193896047,0.8189851642573208,0.5030240476051041,0.49920403919708234,0.7794739101279691,0.9999999999973488,0.5106254182155795,0.49227424678059445,0.7725898917512847,1.0,0.7794739101279691,0.7725898917512847,0.38400568259295026,0.6844933901494745,0.8749945536019875,0.9840937019657632,0.3462475353510205,0.6563903235041013,0.8639456274350743,1.0,0.8749945536019875,0.8639456274350743
