gRNA_id,Gene,bm1,bm2,bm3,bm4,bm5,LFC_avg_bm,LFC_median_bm,LFC_concordant_mean_bm,LFC_directional_bm,z_score_avg_bm,z_score_median_bm,z_score_concordant_mean_bm,Input_median,d15-1,d15-2,d15-3,LFC_avg_d15,LFC_median_d15,LFC_concordant_mean_d15,LFC_directional_d15,z_score_avg_d15,z_score_median_d15,z_score_concordant_mean_d15,input,LFC_avg_input,LFC_median_input,LFC_concordant_mean_input,LFC_directional_input,z_score_avg_input,z_score_median_input,z_score_concordant_mean_input,spleen1,spleen2,spleen3,spleen4,spleen5,LFC_avg_spleen,LFC_median_spleen,LFC_concordant_mean_spleen,LFC_directional_spleen,z_score_avg_spleen,z_score_median_spleen,z_score_concordant_mean_spleen,gene_name_m_corrected,gene_name_h,HGVSp_m,HGVSp_h,classification,classification_m,sensor_reads_input,corr_perc_input,target_base_edit_perc_input,byproduct_INDEL_perc_input,byproduct_sub_perc_input,sensor_reads_d15,corr_perc_d15,target_base_edit_perc_d15,byproduct_INDEL_perc_d15,byproduct_sub_perc_d15,sensor_reads_bm,corr_perc_bm,target_base_edit_perc_bm,byproduct_INDEL_perc_bm,byproduct_sub_perc_bm,sensor_reads_spleen,corr_perc_spleen,target_base_edit_perc_spleen,byproduct_INDEL_perc_spleen,byproduct_sub_perc_spleen,p_high_unadjusted_d15_fishers,p_low_unadjusted_d15_fishers,FDR_high_d15_fishers,FDR_low_d15_fishers,p_high_unadjusted_d15_stouffers,p_low_unadjusted_d15_stouffers,FDR_high_d15_stouffers,FDR_low_d15_stouffers,FDR_d15_fishers,FDR_d15_stouffers,p_high_unadjusted_spleen_fishers,p_low_unadjusted_spleen_fishers,FDR_high_spleen_fishers,FDR_low_spleen_fishers,p_high_unadjusted_spleen_stouffers,p_low_unadjusted_spleen_stouffers,FDR_high_spleen_stouffers,FDR_low_spleen_stouffers,FDR_spleen_fishers,FDR_spleen_stouffers,p_high_unadjusted_bm_fishers,p_low_unadjusted_bm_fishers,FDR_high_bm_fishers,FDR_low_bm_fishers,p_high_unadjusted_bm_stouffers,p_low_unadjusted_bm_stouffers,FDR_high_bm_stouffers,FDR_low_bm_stouffers,FDR_bm_fishers,FDR_bm_stouffers
gRNA_2,Abl1,0.12559320421618056,-0.4572906997573504,1.3134091487759438,0.299620771439201,1.1954545875225082,0.49535740243929666,0.299620771439201,0.7335194279884584,True,1.006318011096809,0.6524379621392334,1.1349722109986566,369.7567845821588,-0.15543415727782006,-0.7830034840414875,-2.229003359682471,-1.0558136670005929,-0.7830034840414875,-1.0558136670005929,True,-1.2054637405863902,-0.8648303115615431,-1.1869168989012673,0.0,0.0,0.0,0.0,True,,,,0.7781414254982687,-0.049599245136385695,0.7101020396531788,0.9072606939013784,0.6825549378955219,0.6056919703623924,0.7101020396531788,0.7695147742370869,True,1.166396405046497,1.347358332592215,1.3059531366428279,Abl1,ABL1,Non-coding,,targeting guide,Intron,301,0.0,0.0,0.3322259136212624,33.222591362126245,76,11.842105263157896,34.21052631578947,0.0,57.89473684210526,688,14.098837209302326,25.87209302325581,0.0,56.25,717,10.320781032078104,35.42538354253836,0.0,64.71408647140865,0.8011156294082366,0.017828118413675504,0.9999935409454064,0.2914509792844343,0.9544987569989877,0.04621456507506465,1.0,0.4344169117056077,0.2914509792844343,0.4344169117056077,4.513938362504019e-05,0.9999450477638265,0.00038573655097761615,0.9999999999999999,1.0381557250456468e-05,0.9999898930086794,8.132219846190901e-05,1.0,0.00038573655097761615,8.132219846190901e-05,0.002799836693934315,0.9846866896183898,0.01986299239470382,0.9999999995778844,0.002753611404989664,0.9972873101602052,0.017089586765588867,1.0,0.01986299239470382,0.017089586765588867
gRNA_85,Akt1,0.19893810264428177,0.8673020614050323,-0.8065835072616694,0.1449011540376278,1.9545426561528845,0.47182009339563136,0.19893810264428177,0.7914209935599565,True,0.9621943068159666,0.47569741021696976,1.2157616976425298,1308.8641028769325,0.8801550785526857,0.6805803710740013,0.9303234268727112,0.8303529588331328,0.8801550785526857,0.8303529588331328,True,1.3812904084668125,1.4561007621521973,1.386521079696645,0.0,0.0,0.0,0.0,True,,,,-0.07167765049682784,0.7206406686966916,-0.3237824558762948,-0.28505068803214234,0.45534628931537935,0.0990952327213612,-0.07167765049682784,,False,0.18825178059188383,-0.13049847013295746,,Akt1,AKT1,D323G,D323G,targeting guide,Missense,73,4.109589041095891,13.6986301369863,4.109589041095891,42.465753424657535,231,7.792207792207792,83.54978354978356,0.0,88.74458874458874,616,4.058441558441558,66.3961038961039,1.948051948051948,78.8961038961039,1227,4.563977180114099,64.05867970660147,0.4889975550122249,79.29910350448247,0.005160984823020913,0.9995498359048216,0.0496462347865982,1.0,0.0017828586807598899,0.9982275116172667,0.017188586255531248,1.0,0.0496462347865982,0.017188586255531248,0.03823942960143929,0.9520567556279521,0.10650389281586055,0.9999999999999999,0.032186155893748,0.9679548452681587,0.08177023389222465,1.0,0.10650389281586055,0.08177023389222465,0.0022195538670497783,0.9341517544697702,0.016691045080214333,0.9999999995778844,0.005496742449407495,0.9947577207151334,0.02952535944253169,1.0,0.016691045080214333,0.02952535944253169
gRNA_871,Arid2,1.804455328155858,0.4543135513727446,0.40716626007928114,0.5040607745252023,0.8481993150206282,0.8036390458307429,0.5040607745252023,0.8036390458307429,True,1.5842314863790314,1.0113164008306852,1.2328094261625118,3003.5381068880715,2.310782940529914,2.2524323445687306,2.2358172183068974,2.266344167801847,2.2524323445687306,2.266344167801847,True,3.350658420246702,3.3711081583680547,3.3457511198630914,0.0,0.0,0.0,0.0,True,,,,0.6841710044554936,0.5580474029411749,0.8082595623247097,1.4889453136304385,1.0030952397991602,0.9085037046301954,0.8082595623247097,0.9085037046301954,True,1.7510698703259155,1.532912862143805,1.5368331022369788,Arid2,ARID2,N1540S,N1546S,targeting guide,Missense,1600,0.0,0.0,0.0,79.25,12160,0.0,19.62171052631579,0.0164473684210526,99.52302631578948,6296,0.1588310038119441,21.0292249047014,0.0,99.31702668360865,9361,0.0640957162696293,35.03899156073069,0.0106826193782715,99.38040807606023,4.1025318572854354e-10,1.0,1.5425519783393237e-07,1.0,5.912223338100508e-11,1.0,2.222995975125791e-08,1.0,1.5425519783393237e-07,2.222995975125791e-08,5.076072497571572e-07,0.9999999901002349,9.08858694803291e-06,0.9999999999999999,4.743234561348468e-08,0.9999999575799974,8.49264854793821e-07,1.0,9.08858694803291e-06,8.49264854793821e-07,0.00016173696568423052,0.9999583626300824,0.002533879129052945,0.9999999995778844,4.8845011798498814e-05,0.9999544280058746,0.0008117706189459862,1.0,0.002533879129052945,0.0008117706189459862
gRNA_895,Arid5b,1.2890624452482113,0.6332960510638428,1.2712986935881359,0.8914105398897473,2.187999248492885,1.2546133956565644,1.2712986935881359,1.2546133956565644,True,2.4296407391124126,2.3581425715500974,1.8620495141009463,393.8364594102299,1.013494213013477,1.1659921391376373,0.9087952751446559,1.02942720909859,1.013494213013477,1.02942720909859,True,1.6543077208244656,1.642174987107295,1.6581329453596712,0.0,0.0,0.0,0.0,True,,,,1.0847767908801218,0.8839332606549347,1.187650046454912,1.313740297703441,1.3192375550640056,1.157867590151483,1.187650046454912,1.157867590151483,True,2.232545422836476,2.25010315875209,1.9510612364253785,Arid5b,ARID5B,K1026E,K1026E,targeting guide,Missense,15,0.0,6.666666666666667,0.0,40.0,228,0.0,99.56140350877192,0.4385964912280701,98.6842105263158,791,0.6321112515802781,100.0,1.390644753476612,96.20733249051833,1360,0.4411764705882353,99.11764705882354,1.5441176470588236,96.91176470588236,0.002041806504543929,0.9998572576329743,0.028434046137352488,1.0,0.0006464899421230158,0.9993590597415553,0.009002971045861256,1.0,0.028434046137352488,0.009002971045861256,3.1104106158838116e-09,0.9999999999894925,1.0631949014293756e-07,0.9999999999999999,1.6612171015173515e-10,0.9999999998718826,5.67834209245931e-09,1.0,1.0631949014293756e-07,5.67834209245931e-09,2.45247274866872e-07,0.9999998607052646,2.305324383748597e-05,0.9999999995778844,4.789031082405215e-08,1.0,4.501689217460903e-06,1.0,2.305324383748597e-05,4.501689217460903e-06
gRNA_896,Arid5b,-0.1764344940224547,-0.5100563511855484,0.5919699890348632,0.4275627092469837,-0.1693795495809429,0.032732460698580185,-0.1693795495809429,,False,0.13906822972033084,-0.17085542669276824,,1389.1296856371696,0.13827439610283643,0.19498901908921992,0.13758827798088666,0.156950564390981,0.13827439610283643,0.156950564390981,True,0.4577630732105071,0.42080925861684854,0.4677479061069574,0.0,0.0,0.0,0.0,True,,,,-0.30077651378589754,-0.005074630093262045,-0.11628949265745533,0.5249749291553671,0.6745166253322168,0.1554701835901938,-0.005074630093262045,,False,0.2971013863019686,-0.004593783652081208,,Arid5b,ARID5B,K1026E,K1026E,targeting guide,Missense,252,0.0,0.0,0.0,46.03174603174603,745,0.0,45.50335570469799,0.0,97.04697986577182,1119,0.0,33.51206434316354,0.0,92.67202859696155,1814,0.0,45.92061742006615,0.0551267916207276,94.6527012127894,0.09230776756762553,0.9827788601550369,0.34027177064144315,1.0,0.04467205774576286,0.9553941917783808,0.16630389814264193,1.0,0.34027177064144315,0.16630389814264193,0.023004270042689214,0.980847151286761,0.07217229014471441,0.9999999999999999,0.01459201930462703,0.9854789224311521,0.0428640567073419,1.0,0.07217229014471441,0.0428640567073419,0.17524406974297443,0.9116399339013883,0.3945614983434634,0.9999999995778844,0.11519123494968037,0.8849858765016313,0.27943164091019235,1.0,0.3945614983434634,0.27943164091019235
gRNA_1000,Atm,-0.16571067948718507,0.15754514619323598,0.07529958949625648,0.6112499027891273,0.222261862440804,0.18012916428644773,0.15754514619323598,0.26658912522985595,True,0.41538225308709387,0.4030353119987187,0.4834689384014,2137.7400208476474,-0.2389199229533219,0.22936380449582827,0.38421699572233065,0.124886959088279,0.22936380449582827,0.30679040010907943,True,0.4137899358882903,0.5479241610562996,0.6721855833844788,0.0,0.0,0.0,0.0,True,,,,0.32038012466967103,0.3610221368888561,0.7431043290739091,0.32544928395917877,0.5229546677988617,0.4545821084780954,0.3610221368888561,0.4545821084780954,True,0.8746312038087842,0.6874664020460174,0.7828061289692192,Atm,ATM,K2450E,K2440E,targeting guide,Missense,581,0.0,0.0,0.1721170395869191,62.65060240963855,653,0.4594180704441041,43.644716692189895,0.1531393568147013,98.31546707503828,1561,0.0640614990390775,49.96796925048046,0.0640614990390775,97.82190903267136,2727,0.22002200220022,57.38907224055739,0.11001100110011,99.11991199119912,0.1030337371017784,0.9695356648016814,0.3521880468206244,1.0,0.056571937240855984,0.9435106042032417,0.19514723305102616,1.0,0.3521880468206244,0.19514723305102616,0.0007642988932072527,0.9999841608932114,0.003991338664526764,0.9999999999999999,0.00012188744898518828,0.9998794088084876,0.0006547097259775828,1.0,0.003991338664526764,0.0006547097259775828,0.09964609987808878,0.9855759691069625,0.26385164474761535,0.9999999995778844,0.03970256684389091,0.9603747908811417,0.12561055679914884,1.0,0.26385164474761535,0.12561055679914884
gRNA_1036,Atm,0.5314825676332527,-0.02459647977428317,-0.2935312987133019,-0.1451214616957356,-0.7824835126532674,-0.14285003704066707,-0.1451214616957356,-0.311433188209147,True,-0.1900836793940762,-0.12827225033554127,-0.32303992730063397,988.8719796061207,-0.785366830873371,-0.18428871707202416,-0.15635740438059514,-0.3753376507753301,-0.18428871707202416,-0.3753376507753301,True,-0.27223539575559536,-0.029326266304868173,-0.2584926548846236,0.0,0.0,0.0,0.0,True,,,,-0.29684955344038333,-0.1676992665960614,-0.7715691883212739,0.32342285110078034,0.222376015811417,-0.13806382828910424,-0.1676992665960614,,False,-0.269658512609542,-0.3120153352406818,,Atm,ATM,D2730G,D2720G,targeting guide,Missense,8,0.0,0.0,0.0,0.0,110,4.545454545454546,99.0909090909091,0.0,94.54545454545456,607,12.02635914332784,99.34102141680395,0.329489291598023,84.51400329489292,791,9.102402022756005,99.24146649810366,1.5170670037926677,87.98988621997472,0.4867604695667115,0.6470836903839172,0.8927899344247976,1.0,0.41136267721200154,0.5888395022370729,0.7436171472678489,1.0,0.8927899344247976,0.7436171472678489,0.22959310552582993,0.7020626314488554,0.4410084667627173,0.9999999999999999,0.23200568039812863,0.7683005405193397,0.41148177278158665,1.0,0.4410084667627173,0.41148177278158665,0.37855270047367023,0.7647386000178749,0.6618586735872675,0.9999999995778844,0.29402495964833897,0.7062461523097374,0.539284804037929,1.0,0.6618586735872675,0.539284804037929
gRNA_1149,Atrx,-0.02902875144715915,0.6743435988719491,0.45871929826842567,-0.10627770108550162,-1.1649317608476901,-0.03343506324799521,-0.02902875144715915,,False,0.015028720607456867,0.07551942432972401,,975.4943824794146,0.7126599309754679,1.1837617845534523,0.6933677895540155,0.8632631683609785,0.7126599309754679,0.8632631683609785,True,1.426424608105583,1.2223619584978576,1.4314229361512079,0.0,0.0,0.0,0.0,True,,,,0.3699196187202653,0.6616757303993281,0.3762692762251392,-0.04578052099748545,-0.08287345023031337,0.25584213082338675,0.3699196187202653,,False,0.4909010564091176,0.7042859795015902,,Atrx,ATRX,N246S,N247S,targeting guide,Missense,54,0.0,0.0,5.555555555555555,68.51851851851852,251,0.398406374501992,94.42231075697212,0.0,99.601593625498,1011,0.2967359050445103,76.75568743818002,0.0989119683481701,99.50544015825916,1824,1.0964912280701755,84.04605263157895,0.0,98.7938596491228,0.004859853748812944,0.9995155636478356,0.048086973935622813,1.0,0.0017155535166523959,0.9982951332588941,0.016974950585823708,1.0,0.048086973935622813,0.016974950585823708,0.009702602543872719,0.9977563904949643,0.03377943107866798,0.9999999999999999,0.003446956037031809,0.9965727496205721,0.012141728977341735,1.0,0.03377943107866798,0.012141728977341735,0.1414888351157397,0.6828800786637749,0.33885224206062503,0.9999999995778844,0.16761557410826933,0.8326954259259962,0.3622037693374096,1.0,0.33885224206062503,0.3622037693374096
gRNA_1322,Bap1,0.4966269826637985,0.892360488477455,0.5189607242926662,0.43509071968490964,0.8953648890101576,0.6476807608257975,0.5189607242926662,0.6476807608257975,True,1.2918676806891203,1.037472097506541,1.015202360463228,1587.118123112421,1.0699025875330013,1.3198066781413442,0.9076403975762359,1.0991165544168604,1.0699025875330013,1.0991165544168604,True,1.7498820993962179,1.7208926464962104,1.753215323283938,0.0,0.0,0.0,0.0,True,,,,0.337070270316298,0.6473557765809739,0.45021186134491537,0.6128546338926106,0.8244630367960126,0.5743911157861621,0.6128546338926106,0.5743911157861621,True,1.1059602427704778,1.1635242653205844,0.9818255717904538,Bap1,BAP1,H141R,H141R,targeting guide,Missense,587,0.0,0.0,0.0,35.77512776831346,2780,2.5179856115107917,92.66187050359711,0.1798561151079136,92.37410071942446,2419,3.968582058701943,88.09425382389418,0.1653575857792476,86.02728400165357,4651,3.3111158890561168,76.97269404429154,0.0645022575790152,77.91872715545044,0.0013966095547603727,0.9998994480840269,0.021550986151532146,1.0,0.0004352607870954014,0.999569228726284,0.006804299836204531,1.0,0.021550986151532146,0.006804299836204531,0.000114628029874189,0.9999980707479986,0.0007836388951399102,0.9999999999999999,1.486875570657221e-05,0.9999853945915057,0.0001035305952902065,1.0,0.0007836388951399102,0.0001035305952902065,0.001977442202237171,0.9999549448888249,0.015565725530203696,0.9999999995778844,0.00034281182692262596,0.9996597337214738,0.003580479081191871,1.0,0.015565725530203696,0.003580479081191871
gRNA_1337,Bap1,0.01456006878861642,-0.5888629962219031,-0.0079426776773833,0.35988772943733416,-0.3737170767011565,-0.11921499047489847,-0.0079426776773833,,False,-0.14577675359396713,0.11253437795133298,,1600.4957202391272,-0.5935464127345226,-0.35152313395028156,-0.6014066680124174,-0.5154920715657405,-0.5935464127345226,-0.5154920715657405,True,-0.464448016062929,-0.6004437318206011,-0.44971579731033967,0.0,0.0,0.0,0.0,True,,,,-0.28898061004134556,-0.13258009395471435,0.04897905025416904,-0.2066096008297151,-0.41981971799774204,-0.19980219451386963,-0.2066096008297151,-0.26199750570587926,True,-0.38886388161086294,-0.38557045936072837,-0.40753238360393207,Bap1,BAP1,Y173C,Y173C,targeting guide,Missense,1039,0.0962463907603464,0.5774783445620789,0.0,69.39364773820982,678,17.256637168141594,76.84365781710915,0.2949852507374631,63.12684365781711,1518,20.487483530961796,76.15283267457181,0.0,61.133069828722,2185,20.503432494279178,75.51487414187643,0.0,60.869565217391305,0.7035823235288978,0.5740305273002293,0.9999935409454064,1.0,0.5691858541552239,0.43099044604644515,0.8735260455606703,1.0,0.9999935409454064,0.8735260455606703,0.5160825348640309,0.8201595228414573,0.7856155186594155,0.9999999999999999,0.329963711588509,0.6702622773164655,0.5475957891763744,1.0,0.7856155186594155,0.5475957891763744,0.389851767954244,0.8389110300036811,0.667819438126286,0.9999999995778844,0.2556569449043219,0.7445659548586563,0.4896906701161371,1.0,0.667819438126286,0.4896906701161371
gRNA_1343,Bap1,0.40249698292125174,0.2808207596594906,-0.013211412471766675,0.17955554441868837,0.500213650280423,0.2699751049616174,0.2808207596594906,0.34077173431996344,True,0.5838099909321828,0.6194360115765289,0.5869752054105776,1038.1015370323994,0.3422610962111854,0.5324738572281088,0.10187656604648532,0.3255371731619265,0.3422610962111854,0.3255371731619265,True,0.6889685795216424,0.7054718768144357,0.6977632057904672,0.0,0.0,0.0,0.0,True,,,,-0.19399509568126636,0.1385005675087959,0.13257581995521206,0.08538631812827638,0.39739661798951553,0.1119728455801067,0.13257581995521206,0.18846483089544996,True,0.21311606979406778,0.25561718954841933,0.34074827789781664,Bap1,BAP1,N489S,N490S,targeting guide,Missense,573,0.0,0.0,0.0,25.47993019197208,471,0.8492569002123143,62.4203821656051,0.0,92.78131634819532,999,3.103103103103103,48.14814814814815,0.1001001001001001,84.78478478478479,1480,0.945945945945946,54.729729729729726,0.1351351351351351,85.27027027027027,0.04454858373006259,0.9920518049968735,0.21055965054685716,1.0,0.020306679702086456,0.9797385203237713,0.09544139459980634,1.0,0.21055965054685716,0.09544139459980634,0.0513516213845788,0.9940175232545965,0.13408478917084465,0.9999999999999999,0.017522626898763292,0.9825212310828533,0.049537651984473664,1.0,0.13408478917084465,0.049537651984473664,0.05836038909243068,0.9957684925738227,0.19359949717827393,0.9999999995778844,0.017945832728480143,0.9820955195676416,0.07102771690430035,1.0,0.19359949717827393,0.07102771690430035
gRNA_1376,Bcl2,-0.5807619621034947,-0.41111807640828973,-0.17273780553144524,0.2702261278671369,0.3486021236321175,-0.10915791850879505,-0.17273780553144524,,False,-0.12692348245153262,-0.176750582406181,,1244.6516366687429,-0.7656651025229303,-0.9431357237838481,-0.7512781502715499,-0.8200263255261094,-0.7656651025229303,-0.8200263255261094,True,-0.8820968251190227,-0.8406346700037376,-0.8652146213228699,0.0,0.0,0.0,0.0,True,,,,-0.08053194278650579,-0.34086965593576707,-0.17544164120416203,0.2319347204343834,-0.6944728249669001,-0.2118762688917903,-0.17544164120416203,-0.3228290162233337,True,-0.4121766865906629,-0.32665132684802667,-0.5085819924870759,Bcl2,BCL2,N140S,N143S,targeting guide,Missense,9,0.0,0.0,0.0,55.55555555555556,54,0.0,94.44444444444444,0.0,96.29629629629628,94,0.0,98.93617021276596,0.0,90.4255319148936,132,0.0,78.78787878787878,0.0,74.24242424242425,0.9569289823489117,0.1676550947122036,0.9999935409454064,0.9589993305088023,0.9080489258967266,0.09204955353713568,1.0,0.5407911270306721,0.9589993305088023,0.5407911270306721,0.4383085961971466,0.6660979943085329,0.7292213812837484,0.9999999999999999,0.37428559460777,0.626016933166738,0.5888342408892114,1.0,0.7292213812837484,0.5888342408892114,0.3722791897396931,0.8253438152632527,0.6545779692139996,0.9999999995778844,0.2565666542895718,0.7436651285431779,0.4896906701161371,1.0,0.6545779692139996,0.4896906701161371
gRNA_1381,Bcl2,-0.4815210868306029,-0.2182594176792013,0.8939885279585839,-0.7174677824880038,-0.49601392305745673,-0.2038547364193362,-0.4815210868306029,-0.4783155525138162,True,-0.30444481176194704,-0.7187954866025895,-0.5558892537224166,2235.128927930068,-0.9448460697777925,-0.4245167014291463,-0.5300921385653781,-0.6331516365907723,-0.5300921385653781,-0.6331516365907723,True,-0.6258104131256828,-0.5118935478565393,-0.6102475281943427,0.0,0.0,0.0,0.0,True,,,,-0.34018548875492394,0.5577287157807258,-0.24861428463998367,0.07375405179207337,-0.47805943825891506,-0.0870752888162047,-0.24861428463998367,,False,-0.1712090712916849,-0.4649750646446212,,Bcl2,BCL2,Y28C,Y28C,targeting guide,Missense,39,0.0,0.0,7.6923076923076925,82.05128205128206,186,46.236559139784944,91.93548387096774,3.763440860215054,44.623655913978496,782,39.25831202046036,95.14066496163684,1.0230179028132993,42.19948849104859,1614,36.98884758364312,94.48574969021064,2.292441140024783,44.85749690210657,0.8022324113475796,0.3635805589475798,0.9999935409454064,1.0,0.728443214401194,0.2717327626869417,1.0,0.9816026220880771,0.9999935409454064,0.9816026220880771,0.18962828071824656,0.8359606797702375,0.3896187625686377,0.9999999999999999,0.1666992892958709,0.8335866908387819,0.3197904733430993,1.0,0.3896187625686377,0.3197904733430993,0.3686140204509451,0.6140826692928829,0.653768262686582,0.9999999995778844,0.39772503812772336,0.6027093766169509,0.6646427303823288,1.0,0.653768262686582,0.6646427303823288
gRNA_1382,Bcl2,-0.09888554436873359,0.5456410477608081,-0.48459720546784313,0.10437273417804112,0.8985997835701139,0.1930261631344773,0.10437273417804112,,False,0.4395593313684352,0.30969530066324463,,1296.0216096352947,-0.892725620828055,-0.9895603246291389,-0.39458841921381654,-0.7589581215570035,-0.892725620828055,-0.7589581215570035,True,-0.798345777979968,-1.0179471114083374,-0.7818947103317637,0.0,0.0,0.0,0.0,True,,,,0.6537741617035587,0.04928490490529882,0.28948076888964197,0.2001811622249862,0.40717529101056976,0.31997925774681113,0.28948076888964197,0.31997925774681113,True,0.6147379887593697,0.5522263865966308,0.5592120523919204,Bcl2,BCL2,Y28C,Y28C,targeting guide,Missense,101,0.0,0.0,0.0,87.12871287128714,250,16.0,76.8,0.0,80.4,583,25.900514579759864,90.73756432246998,0.3430531732418524,68.43910806174956,1139,21.422300263388937,94.46883230904302,0.0877963125548726,75.50482879719051,0.8847165158684098,0.20861756662147068,0.9999935409454064,1.0,0.8528285882360893,0.1473136450707776,1.0,0.6838263030445972,0.9999935409454064,0.6838263030445972,0.004397018467648316,0.9997734064001041,0.017221655664955905,0.9999999999999999,0.0009762596815879654,0.9990299829899629,0.004033776266781044,1.0,0.017221655664955905,0.004033776266781044,0.063283817971335,0.9580293888794742,0.20691057006279967,0.9999999995778844,0.04056054051024295,0.9595526134503968,0.12708969359876124,1.0,0.20691057006279967,0.12708969359876124
gRNA_1383,Bcl2,0.4084672834681767,-0.0750503155045644,0.08042144263982282,0.770304330443263,0.2558415476455998,0.28799685773845957,0.2558415476455998,0.3787586510492156,True,0.6175940776632802,0.575586958201604,0.6399779778131689,2452.916209152845,-0.7783683817299544,-0.9799126240372598,-0.5665353652723573,-0.7749387903465238,-0.7783683817299544,-0.7749387903465238,True,-0.8202622198943531,-0.8583620449592896,-0.803698330130289,0.0,0.0,0.0,0.0,True,,,,-0.029350605916088582,-0.038827145997569236,-0.03820429342302877,0.27647539306183466,0.23247393112047046,0.08051345576912369,-0.029350605916088582,,False,0.1523738052948443,-0.050484482098944294,,Bcl2,BCL2,Y28C,Y28C,targeting guide,Missense,16,0.0,0.0,0.0,68.75,210,6.666666666666667,54.285714285714285,3.809523809523809,42.38095238095238,409,17.359413202933986,95.84352078239608,2.2004889975550124,77.01711491442543,812,15.270935960591132,96.67487684729063,0.8620689655172413,75.1231527093596,0.9249736475767153,0.2074507962695079,0.9999935409454064,1.0,0.8721063666086031,0.12801608530642367,1.0,0.6338183618062768,0.9999935409454064,0.6338183618062768,0.07117021037008693,0.9933314273207388,0.17264515547840442,0.9999999999999999,0.024092199992926437,0.9759602830135137,0.06290741109264125,1.0,0.17264515547840442,0.06290741109264125,0.04054545962346211,0.994522539360869,0.14611708406972818,0.9999999995778844,0.01450814587725103,0.9855357064379027,0.06129284100950997,1.0,0.14611708406972818,0.06129284100950997
gRNA_1551,Braf,-0.06725701130265421,-0.2615152366993155,0.24212978393511597,-0.1812212092326716,-0.24949540126628544,-0.10347181491316215,-0.1812212092326716,-0.18987221462523168,True,-0.11626415206255324,-0.19164253422152444,-0.1534270929179967,3204.737167673732,0.027065017400571968,0.011931831657098154,-0.43167154004263764,-0.13089156366165586,0.011931831657098154,0.01949842452883506,True,0.06300642296846234,0.24449871893059352,0.2802116873466214,0.0,0.0,0.0,0.0,True,,,,0.12593696252542372,0.06107568061775245,-0.17696285606408366,-0.08306063880648519,-0.11569851033269164,-0.03774187241201686,-0.08306063880648519,,False,-0.07595536656701991,-0.15201658696397974,,Braf,BRAF,K638E,K601E,targeting guide,Missense,2505,0.0,0.0,0.0399201596806387,75.48902195608783,1756,5.694760820045558,53.35990888382688,0.0,90.09111617312072,3116,7.573812580231065,59.94865211810013,0.0641848523748395,87.45186136071887,5529,7.668656176523783,57.49683487068186,0.054259359739555,87.95442213781877,0.2648493134556869,0.8955225571016824,0.6383547555085787,1.0,0.17075894030432887,0.8293782166705805,0.4089513474804309,1.0,0.6383547555085787,0.4089513474804309,0.2136943308549721,0.9692425568502938,0.42512734603952124,0.9999999999999999,0.09209315814609248,0.9080241532878695,0.19900590495937226,1.0,0.42512734603952124,0.19900590495937226,0.44075548261778663,0.8877153324507554,0.7121238767195521,0.9999999995778844,0.24886213920241224,0.7513352138741719,0.4896906701161371,1.0,0.7121238767195521,0.4896906701161371
gRNA_1726,Card11,1.2350826663793766,0.585492181683543,0.7224845359231697,1.103519865444968,0.9300329617287566,0.9153224422319628,0.9300329617287566,0.9153224422319628,True,1.7935963354680056,1.7590772654462365,1.3886401739642638,1308.8641028769325,-0.539307347052533,-0.19727933604291378,-0.27131043429693935,-0.3359657057974621,-0.27131043429693935,-0.3359657057974621,True,-0.21823934862334557,-0.15076472210682343,-0.20477457022042977,0.0,0.0,0.0,0.0,True,,,,1.3488474744204466,1.3504331423232305,0.3831705692234716,1.3120353717715036,1.0453887074008885,1.0879750530279082,1.3120353717715036,1.0879750530279082,True,2.0975958576354423,2.485238071431948,1.8349600007317268,Card11,CARD11,S116P,S116P,targeting guide,Missense,145,2.0689655172413794,7.586206896551724,0.0,59.310344827586206,332,23.49397590361446,96.3855421686747,0.3012048192771084,74.09638554216868,760,22.105263157894736,96.44736842105264,0.0,75.92105263157895,1365,18.60805860805861,96.7032967032967,0.0,79.34065934065934,0.46851617946441737,0.7763159729148292,0.8764282760130395,1.0,0.3369735199349599,0.6631969571334483,0.6431575811956595,1.0,0.8764282760130395,0.6431575811956595,1.0023140090069786e-08,0.9999999751076218,2.8990005183586455e-07,0.9999999999999999,1.1124840404716105e-09,0.9999999991605865,3.217646147825581e-08,1.0,2.8990005183586455e-07,3.217646147825581e-08,0.00010893182092766404,0.9999984265090323,0.0019005373864044019,0.9999999995778844,1.3722067453311022e-05,0.9999865192471933,0.00032246858515280904,1.0,0.0019005373864044019,0.00032246858515280904
gRNA_1977,Cd79a,0.4092733929415229,0.3103684773384201,-0.07687405787084846,0.7215015727572294,0.6094373292715121,0.3947413428875672,0.4092733929415229,0.5126451930771712,True,0.817700304232864,0.8449245646101984,0.8267885569779972,1578.556460951329,-0.5829262105614733,-0.7559454218284288,-1.256871507973006,-0.8652477134543027,-0.7559454218284288,-0.8652477134543027,True,-0.944115000632807,-0.8270708947523525,-0.9269135378159352,0.0,0.0,0.0,0.0,True,,,,0.7721550086679538,0.6818341716285093,0.3664968486859881,0.3935434456318243,0.16584513474036514,0.4759749218709281,0.3935434456318243,0.4759749218709281,True,0.9159367706776088,0.7489438719328332,0.8183425706565509,Cd79a,CD79A,Non-coding,,targeting guide,Intron,559,0.0,0.0,0.0,75.84973166368515,525,51.23809523809524,96.76190476190476,0.0,48.57142857142857,1967,50.02541942043722,95.8312150482969,0.0,46.009150991357394,3922,49.158592554818966,94.62009178990311,0.0764915859255482,49.00560938296788,0.9411817272432728,0.11734611300062708,0.9999935409454064,0.8800538868511406,0.9220087493897107,0.07811051573130613,1.0,0.5230802890570301,0.8800538868511406,0.5230802890570301,0.0005061253164515687,0.9999760759686166,0.0028403450594894006,0.9999999999999999,9.087934729623566e-05,0.999910312627845,0.0005177368876270394,1.0,0.0028403450594894006,0.0005177368876270394,0.01835669211290664,0.9980384259639854,0.0862764529306612,0.9999999995778844,0.0054616455617471915,0.9945589415426449,0.02952535944253169,1.0,0.0862764529306612,0.02952535944253169
gRNA_2134,Chek2,-0.575445789118517,-0.6962361081210074,-0.45883270948976135,-0.5200458389440021,0.5735079779771992,-0.3354104935392177,-0.5200458389440021,-0.5626401114183219,True,-0.5510629494951657,-0.786422676392916,-0.6735464838529867,1926.3739862456898,-0.25526051295795005,-0.13965713659199283,-0.923742123328031,-0.4395532576259913,-0.25526051295795005,-0.4395532576259913,True,-0.3603029000682077,-0.1283671215387704,-0.3461068026618156,0.0,0.0,0.0,0.0,True,,,,0.1191063507665955,-0.1597518578366375,0.4906138188210126,0.24591348387986456,0.07699834880580303,0.15457602888732763,0.1191063507665955,0.23315800056831892,True,0.29537493891087013,0.23015484136990044,0.4149898556060596,Chek2,CHEK2,K201E,K197E,targeting guide,Missense,1792,2.5111607142857144,3.013392857142857,0.5022321428571429,4.854910714285714,828,38.16425120772947,79.46859903381643,0.2415458937198067,41.90821256038648,1668,32.07434052757794,74.9400479616307,0.0,44.24460431654676,3000,26.933333333333334,75.53333333333333,0.0333333333333333,50.266666666666666,0.5442614860944552,0.5357679642238804,0.9744872322453104,1.0,0.49849276438182555,0.5017282500109581,0.8184859362775826,1.0,0.9744872322453104,0.8184859362775826,0.03403545311090073,0.9958956374456401,0.09920411139301298,0.9999999999999999,0.011276555371025919,0.9887576384970989,0.03533320682921454,1.0,0.09920411139301298,0.03533320682921454,0.5913446397067933,0.5126938085254604,0.8618045912005979,0.9999999995778844,0.5659376583288694,0.43438559693985945,0.792880683084522,1.0,0.8618045912005979,0.792880683084522
gRNA_2265,Crebbp,-0.5984179973161016,1.2358909245588257,-0.9927218037086695,-0.8628360717948241,-0.1231385360967498,-0.2682446968715039,-0.5984179973161016,-0.6442786022290862,True,-0.42515205014573454,-0.9239988718972101,-0.7874558695126521,1125.3234702985237,1.29064825810271,1.4391243062323116,1.3649777508103726,1.3649167717151316,1.3649777508103726,1.3649167717151316,True,2.114409710848165,2.1326688480770075,2.1158664085837837,0.0,0.0,0.0,0.0,True,,,,-0.20002684589605002,0.5444697515031692,-0.4383822411675584,-0.15168736195147647,-0.15421096088424768,-0.07996753167923268,-0.15421096088424768,-0.23607685247483315,True,-0.15748530657138285,-0.2865173789691191,-0.3644745695086984,Crebbp,CREBBP,C1475R,C1474R,targeting guide,Missense,376,0.5319148936170213,1.3297872340425532,0.5319148936170213,68.35106382978724,1028,16.731517509727627,86.7704280155642,0.0,74.80544747081711,920,15.217391304347826,67.3913043478261,0.0,72.6086956521739,2336,8.00513698630137,53.93835616438356,0.0,76.84075342465754,0.00035087625562051956,0.9999824538454544,0.00824559200708221,1.0,9.679795164963312e-05,0.9999049024981072,0.0022747518637663785,1.0,0.00824559200708221,0.0022747518637663785,0.2225964275405154,0.8799844339379629,0.4382002971478209,0.9999999999999999,0.16136272893162773,0.8388839766853495,0.3127442581355259,1.0,0.4382002971478209,0.3127442581355259,0.264244476870217,0.33492257764665856,0.5174787672041751,0.9999999995778844,0.5178847850807393,0.4830236058603327,0.7710944988007056,1.0,0.5174787672041751,0.7710944988007056
gRNA_2385,Csf3r,0.47766762966382204,-0.4895223234236227,-0.05401220046592891,0.008596526184858646,1.477085183966818,0.28396296318518943,0.008596526184858646,,False,0.6100320250072866,0.14156765700476812,,4071.6054614842924,0.689923710325018,0.661735117788719,0.6785538551285661,0.6767375610807678,0.6785538551285661,0.6767375610807678,True,1.1706169387680554,1.1747670670570542,1.1769321211927162,0.0,0.0,0.0,0.0,True,,,,0.4531241391707746,-0.04720712814466179,0.15114458915220344,0.05465687536383105,0.015709589758614844,0.12548561306015243,0.05465687536383105,0.16865879836135597,True,0.2392067251221279,0.108321162577646,0.30784770015328144,Csf3r,CSF3R,T774A,T773A,targeting guide,Missense,984,0.1016260162601626,0.1016260162601626,0.4065040650406504,81.30081300813008,3064,20.626631853785906,97.35639686684073,1.990861618798956,71.83420365535248,4300,20.79069767441861,93.51162790697674,1.0,73.27906976744185,5912,21.2956698240866,86.19756427604871,1.5561569688768606,63.88700947225981,0.010420728706349768,0.9989940164344132,0.07573579456476914,1.0,0.00381867316255292,0.9961974617344165,0.028153355080782316,1.0,0.07573579456476914,0.028153355080782316,0.04742117320670238,0.9960362910849535,0.1273597223265721,0.9999999999999999,0.015017592103488535,0.9850221465955659,0.04355986073124193,1.0,0.1273597223265721,0.04355986073124193,0.02361939979678014,0.9588640787636751,0.10326621306499224,0.9999999995778844,0.022630440386904597,0.9775593399929356,0.08424797609382305,1.0,0.10326621306499224,0.08424797609382305
gRNA_2401,Ctcf,1.684419256187494,0.1368172175041533,0.49751515665590174,-0.4153320964187859,0.1579033053129506,0.4122645678483428,0.1579033053129506,0.6191637339151249,True,0.8505498366403944,0.40366403232617937,0.9754128324602612,1051.4791341591056,-0.47937327923012274,-1.0127904334994322,-1.1518125557190249,-0.8813254228161934,-1.0127904334994322,-0.8813254228161934,True,-0.9661645273445624,-1.1854970737847237,-0.9488495573139263,0.0,0.0,0.0,0.0,True,,,,0.378518532596181,0.4077585982588519,0.4018363348874988,-0.0634829791988775,0.5264115702405942,0.33020841135684964,0.4018363348874988,0.4286312589957815,True,0.6344885928847944,0.7646205426818437,0.7396981546962356,Ctcf,CTCF,T374A,T374A,targeting guide,Missense,449,0.0,0.0,0.44543429844098,63.474387527839646,326,18.098159509202453,61.65644171779141,0.6134969325153374,62.576687116564415,1275,11.450980392156865,38.03921568627451,0.0,74.27450980392157,1692,11.11111111111111,64.36170212765957,0.0,82.68321513002364,0.9368755992596273,0.11372109953023844,0.9999935409454064,0.8800538868511406,0.9242428806985361,0.07586645582340834,1.0,0.5230802890570301,0.8800538868511406,0.5230802890570301,0.004959141275815158,0.9995930093092321,0.018646371197064995,0.9999999999999999,0.001172093740915101,0.9988345364710803,0.004543373676124515,1.0,0.018646371197064995,0.004543373676124515,0.006999694285314101,0.9805892829861408,0.040490539250432334,0.9999999995778844,0.007322780456336956,0.9928505093109405,0.036352594303396726,1.0,0.040490539250432334,0.036352594303396726
gRNA_2474,Ctnnb1,-1.0759370245619377,-0.7498351258360477,-0.5501156143506614,-0.16541431086449682,-0.5182914004252193,-0.6119186952076726,-0.5501156143506614,-0.6119186952076726,True,-1.0694130335686056,-0.8392078157337958,-0.7423044085754652,756.6368934865014,-1.2033319381804908,-1.3050660691852485,-1.6770653633824548,-1.3951544569160648,-1.3050660691852485,-1.3951544569160648,True,-1.670847436933385,-1.5933665458899953,-1.6499048791227315,0.0,0.0,0.0,0.0,True,,,,-0.4990360189981301,-0.3858326470982993,-0.5331401721583069,-0.45833914960663263,-0.43361080182586414,-0.46199175793744657,-0.45833914960663263,-0.46199175793744657,True,-0.895103446526099,-0.8614337118782286,-0.7397506828861438,Ctnnb1,CTNNB1,S45P,S45P,targeting guide,Missense,55,0.0,0.0,0.0,72.72727272727273,59,0.0,100.0,0.0,94.91525423728814,394,0.0,98.98477157360406,0.7614213197969543,94.67005076142132,553,0.5424954792043399,98.73417721518987,0.5424954792043399,95.66003616636527,0.9996633053841049,0.001653158299647619,0.9999935409454064,0.08879821723821497,0.9993732446579817,0.0006355244586946,1.0,0.03133341868960857,0.08879821723821497,0.03133341868960857,0.952351426585926,0.3218996247118969,0.9999998615455512,0.9999999999999999,0.8533071893885389,0.1468380043602412,1.0,0.862673275616417,0.9999998615455512,0.862673275616417,0.9414680475700594,0.22060889014443372,0.9999999963825513,0.9999999995778844,0.8836679563730006,0.11648376030195884,0.9918183629738753,1.0,0.9999999963825513,0.9918183629738753
gRNA_2569,Daxx,0.9385452997651205,0.6248589875856905,1.1274398860592085,0.7480668535669944,0.7133808643584642,0.8304583782670957,0.7480668535669944,0.8304583782670957,True,1.6345077644036734,1.4396499918887136,1.2702301777135006,1075.558808987177,1.5602096022361742,1.534539625408052,1.6526235208123088,1.5824575828188452,1.5602096022361742,1.5824575828188452,True,2.4127527034574174,2.4051141102088613,2.4126735822033654,0.0,0.0,0.0,0.0,True,,,,1.3518510842973017,1.2540666679226686,1.2177584421761913,1.1122499811377482,1.0559160171681854,1.1983684385404192,1.2177584421761913,1.1983684385404192,True,2.310745071973499,2.3070193181208456,2.018338784760517,Daxx,DAXX,N274S,N268S,targeting guide,Missense,65,0.0,0.0,0.0,84.61538461538461,1865,0.0536193029490616,96.40750670241287,0.0,99.67828418230565,2092,0.0,93.35564053537284,0.0956022944550669,99.80879541108986,4660,0.0,95.7725321888412,0.0214592274678111,99.76394849785407,3.405094032508796e-05,0.9999986723737806,0.001600394195279134,1.0,8.196269009847959e-06,0.999992175926854,0.0003852246434628541,1.0,0.001600394195279134,0.0003852246434628541,8.77198675878448e-10,0.9999999999985976,3.664741134781072e-08,0.9999999999999999,4.118380264971423e-11,0.999999999970285,1.935638724536569e-09,1.0,3.664741134781072e-08,1.935638724536569e-09,0.00023436312077975978,0.9999975490440975,0.0033892512851226796,0.9999999995778844,2.9771838527934564e-05,0.9999706278400201,0.0005597105643251698,1.0,0.0033892512851226796,0.0005597105643251698
gRNA_2658,Dis3,0.8830625498570944,0.34247581816928335,0.4378909116942212,1.593923155017646,-0.05672456981222078,0.6401255729852048,0.4378909116942212,0.8143381086845612,True,1.2777045121873136,0.8951603809580946,1.2477377236446094,1284.7844280488614,1.904903491464351,1.7838154729553468,2.31619352047451,2.001637494964736,1.904903491464351,2.001637494964736,True,2.987630533492105,2.8861330439544637,2.984592038932897,0.0,0.0,0.0,0.0,True,,,,0.9351812471745661,0.8255260361841744,0.9070981490141795,0.6128832465884039,0.7207927653115819,0.8002962888545812,0.8255260361841744,0.8002962888545812,True,1.5421413593372775,1.565552973128768,1.3570855183060464,Dis3,DIS3,M749T,M749T,targeting guide,Missense,366,0.0,0.0,1.092896174863388,82.24043715846994,511,25.63600782778865,60.46966731898239,0.0,63.99217221135029,1032,15.794573643410851,37.7906976744186,0.0968992248062015,69.96124031007751,2186,17.063129002744738,44.602012808783165,0.091491308325709,72.00365965233303,9.266648834258332e-09,0.9999999963347348,8.710649904202832e-07,1.0,1.9635159065796057e-09,1.0,1.8457049521848295e-07,1.0,8.710649904202832e-07,1.8457049521848295e-07,2.351600118963772e-06,0.9999999912297305,3.400775556655301e-05,0.9999999999999999,1.8581791551373037e-07,0.9999998220787781,2.687212932044716e-06,1.0,3.400775556655301e-05,2.687212932044716e-06,0.0011893609137040395,0.9991053418063348,0.011564432762894252,0.9999999995778844,0.0005206410422352742,0.9994911848625412,0.004660976949534835,1.0,0.011564432762894252,0.004660976949534835
gRNA_2703,Dnmt3a,0.3651308065089594,0.42977402294017947,-0.6351103730953632,0.35487760474178226,0.972465764755124,0.2974275651701364,0.3651308065089594,0.5305620497365113,True,0.6352731481595078,0.7674357059739719,0.8517877713773481,863.1225666150826,-0.2680768707284185,-0.45140345513123414,-0.3859029919920827,-0.36846110595057846,-0.3859029919920827,-0.36846110595057846,True,-0.26280466433826155,-0.31067817471001336,-0.24911047126883373,0.0,0.0,0.0,0.0,True,,,,0.23214424194438638,0.5470191149778529,0.13585162804026543,0.25977404260608455,-0.45093573403275966,0.14477065870716593,0.23214424194438638,0.2936972568921473,True,0.2764425822258003,0.4438388479354227,0.515553989581394,Dnmt3a,DNMT3A,Non-coding,,targeting guide,Intron,38,0.0,0.0,0.0,84.21052631578948,183,1.092896174863388,87.97814207650273,0.0,98.36065573770492,565,1.9469026548672568,94.5132743362832,0.0,97.52212389380531,1066,2.1575984990619137,92.87054409005628,0.0,97.18574108818012,0.5198010861906903,0.7638251045621868,0.9417439878616638,1.0,0.3703353600545467,0.6298335152599104,0.6851024340569716,1.0,0.9417439878616638,0.6851024340569716,0.02523219849509856,0.9815609339548964,0.0771325742614395,0.9999999999999999,0.013012709082373595,0.9870331900598976,0.03904105394542628,1.0,0.0771325742614395,0.03904105394542628,0.030538405281423292,0.9676135939956336,0.12226825722014963,0.9999999995778844,0.018871556012969692,0.9811948155233338,0.0739135943841313,1.0,0.12226825722014963,0.0739135943841313
gRNA_2747,Dnmt3a,0.3264898277870094,0.06476788621286007,-0.01176401928972603,-0.8031195510198432,-0.24413431546394274,-0.1335520343547285,-0.01176401928972603,,False,-0.17265338096209604,0.1058263115707659,,1978.2790630973097,-0.9439571595013365,-1.2909093299681325,-1.2562833647026954,-1.1637166180573881,-1.2562833647026954,-1.1637166180573881,True,-1.3534455797931324,-1.5252904783160468,-1.3341369527656004,0.0,0.0,0.0,0.0,True,,,,-0.283693308373621,-0.2169690220581593,-0.08038578374026749,-0.36458311345391403,-0.09180197725819757,-0.2074866409768319,-0.2169690220581593,-0.2074866409768319,True,-0.4037011267827454,-0.40515365054316266,-0.31698224743442677,Dnmt3a,DNMT3A,Non-coding,,targeting guide,Intron,178,0.0,0.5617977528089888,0.0,75.84269662921348,182,3.2967032967032965,59.89010989010989,0.0,95.05494505494504,1082,10.166358595194083,68.57670979667283,0.0,85.4898336414048,2037,14.13843888070692,75.25773195876289,0.0,81.05056455571919,0.996931483634349,0.017647163267090673,0.9999935409454064,0.2914509792844343,0.9925465555042476,0.007480148330464769,1.0,0.12834508887794652,0.2914509792844343,0.12834508887794652,0.5746651170457532,0.8205489959953638,0.84403939066095,0.9999999999999999,0.3582721672616111,0.6419480508939596,0.5756851918391699,1.0,0.84403939066095,0.5756851918391699,0.38284865070635865,0.7987272866164838,0.6618586735872675,0.9999999995778844,0.2703498704940346,0.7298894703139374,0.5064621645444605,1.0,0.6618586735872675,0.5064621645444605
gRNA_2775,Dnmt3a,0.8711199703806334,0.8977639265620838,0.9588837123139158,0.8400730211918456,0.2770505706059554,0.7689782402108867,0.8711199703806334,0.7689782402108867,True,1.5192553612634079,1.6556601159915703,1.1844475439741369,2102.958268318211,0.8208992185384664,0.7720804744067928,0.7867868996168318,0.7932555308540303,0.7867868996168318,0.7932555308540303,True,1.330413712617246,1.325805844600692,1.3359062884252089,0.0,0.0,0.0,0.0,True,,,,0.8781872823422017,0.9257469570038147,1.1334684847506646,0.8485971725122045,0.14268961142795833,0.7857379016073687,0.8781872823422017,0.7857379016073687,True,1.5140318055866966,1.6651024777464851,1.3329020100422155,Dnmt3a,DNMT3A,M797V,M801V,targeting guide,Missense,354,0.0,0.0,0.2824858757062147,37.85310734463277,1894,0.791974656810982,97.62407602956704,0.8447729672650475,95.61774023231256,3490,0.9169054441260746,95.70200573065902,1.5472779369627507,96.38968481375358,6407,1.8417356016856563,97.892929608241,0.3589823630404245,95.8638988606212,0.00539342726243584,0.9995551008061125,0.0496462347865982,1.0,0.0018508160639081684,0.9981596123986528,0.017397671000736782,1.0,0.0496462347865982,0.017397671000736782,4.1739610998430364e-06,0.9999984380983503,5.062610882390264e-05,0.9999999999999999,6.012862003980594e-07,0.9999994274331868,7.293019720957108e-06,1.0,5.062610882390264e-05,7.293019720957108e-06,0.0005635602729225974,0.9999777896618695,0.006835440729641828,0.9999999995778844,9.25922365435705e-05,0.9999083959988303,0.0012005062393235348,1.0,0.006835440729641828,0.0012005062393235348
gRNA_2810,Dnmt3a,-0.07676364267749877,0.7580037680740005,1.081800854649123,0.2914268888751157,1.317061422568123,0.6743058582977727,0.7580037680740005,0.8620732335415905,True,1.341779840363899,1.4570934682624865,1.3143420752543857,1802.2298849098563,0.6129882765969978,0.7558660442135283,1.082051873783802,0.8169687315314427,0.7558660442135283,0.8169687315314427,True,1.362934816214079,1.282655915456595,1.368259978911272,0.0,0.0,0.0,0.0,True,,,,0.028165847620673427,0.7830605007599363,1.1987493308909805,0.2939967371675622,0.5762943733871798,0.5760533579652664,0.5762943733871798,0.5760533579652664,True,1.1091697250494272,1.0944116618875277,0.984586787493282,Dnmt3a,DNMT3A,K822R,K826R,targeting guide,Missense,257,0.0,0.0,0.0,68.8715953307393,1489,0.3357958361316319,98.32102081934184,0.0,98.7239758226998,1776,1.351351351351351,99.43693693693692,0.0,98.36711711711712,3142,1.81413112667091,98.75875238701464,0.0,97.83577339274348,0.004741867330441401,0.9995330009755328,0.048086973935622813,1.0,0.0016662697049164472,0.9983441538723655,0.016974950585823708,1.0,0.048086973935622813,0.016974950585823708,4.341120748303596e-05,0.9999545096357833,0.00037959567473538425,0.9999999999999999,1.3521324192748628e-05,0.9999874282159319,9.968662542104872e-05,1.0,0.00037959567473538425,9.968662542104872e-05,0.0007345298788528699,0.9992454922001895,0.007890949555676546,0.9999999995778844,0.00029057542513474913,0.9997144319915406,0.00321342234854899,1.0,0.007890949555676546,0.00321342234854899
gRNA_3011,Egfr,1.3046058548715576,-0.1800771649088322,-0.1698803458012506,1.1345291414121201,0.46721205297475155,0.5112779077096693,0.46721205297475155,,False,1.0361630399082302,0.9466313516319781,,1365.5851146941668,-0.30112145123840617,-0.20516744674794027,0.17152814580316644,-0.11158691739439335,-0.20516744674794027,-0.25314444899317323,True,0.08948148256494566,-0.05846244945322573,-0.0917753448199923,0.0,0.0,0.0,0.0,True,,,,0.7018592341183725,0.26341420583263997,0.30891049116054237,0.6628475938376273,0.16281681797144074,0.41996966858412454,0.30891049116054237,0.41996966858412454,True,0.8078009826368193,0.5889558483553538,0.7253100470204812,Egfr,EGFR,E245G,E245G,targeting guide,Missense,348,0.0,0.0,0.0,93.96551724137932,660,0.1515151515151515,77.12121212121212,0.0,99.0909090909091,2871,0.1393242772553117,69.24416579588993,0.0,82.96760710553814,3443,0.0871333139703746,75.42840546035434,0.0,98.57682253848388,0.23290087222094952,0.9197388200086279,0.5838048530338468,1.0,0.14312085143535835,0.857005571074622,0.358756267597965,1.0,0.5838048530338468,0.358756267597965,0.0008889922339533597,0.9999598461341789,0.0043410529865774445,0.9999999999999999,0.00016657335258335782,0.9998352295893215,0.0008133971502771758,1.0,0.0043410529865774445,0.0008133971502771758,0.00269670569235928,0.9907031511916132,0.019499256544751715,0.9999999995778844,0.0022139394477070536,0.9978179922273741,0.014352435040307795,1.0,0.019499256544751715,0.014352435040307795
gRNA_3012,Egfr,0.7099092755775334,0.7423258505265693,0.7217117933504456,0.22250184541525816,0.7399894754379401,0.6272876480615492,0.7217117933504456,0.6272876480615492,True,1.2536381755529868,1.3933857445821065,0.9867480502035202,1423.3763342815373,0.06240474260171603,-0.01893307268220189,-0.3281819387383891,-0.09490342293962499,-0.01893307268220189,-0.1735575057102955,True,0.11236180390585701,0.20142686927090278,0.01681106511828359,0.0,0.0,0.0,0.0,True,,,,1.0234156905172451,0.845932281811621,0.5338420514699732,0.9836536794289148,0.9520111132480761,0.8677709632951661,0.9520111132480761,0.8677709632951661,True,1.6724224787898274,1.8046572040742377,1.4691703474306197,Egfr,EGFR,E245G,E245G,targeting guide,Missense,394,0.0,0.2538071065989847,0.2538071065989847,96.19289340101524,869,0.2301495972382048,78.02071346375143,0.0,98.73417721518987,2326,0.2579535683576956,56.1049011177988,0.0429922613929492,95.78675838349098,4519,0.1770303164416906,67.44855056428413,0.0221287895552113,98.87143173268424,0.22797796443527593,0.9258852282721478,0.579187260997728,1.0,0.13690483303171008,0.8632163308363077,0.34547796791894625,1.0,0.579187260997728,0.34547796791894625,8.432480056740736e-07,0.9999999904994277,1.4411875006065984e-05,0.9999999999999999,6.952361055989936e-08,0.9999999346480117,1.1882217077510073e-06,1.0,1.4411875006065984e-05,1.1882217077510073e-06,0.001987113897472812,0.9999311232392154,0.015565725530203696,0.9999999995778844,0.000362080945745014,0.9996405330590445,0.0036228109737305547,1.0,0.015565725530203696,0.0036228109737305547
gRNA_3031,Eif1ad19,-0.12871495137607017,-0.02255759516751812,0.5742186933174316,0.4072298703143107,0.5593469767713294,0.2779045987718967,0.4072298703143107,,False,0.5986748439760229,0.8413373204367767,,2035.000074914544,-0.647605547435233,-0.9728548649031024,-1.0028831557415852,-0.8744478560266402,-0.9728548649031024,-0.8744478560266402,True,-0.9567323943693521,-1.1297671486974397,-0.9394659793552417,0.0,0.0,0.0,0.0,True,,,,0.2263784425839225,0.1861471568912913,0.791244955867105,0.9863433232335538,0.28429632656098625,0.49488204102737177,0.28429632656098625,0.49488204102737177,True,0.9524429216112194,0.5424258462906144,0.849749928120039,Eif1ad19,EIF1AX,K7R,K7R,targeting guide,Missense,1081,0.0,0.0925069380203515,1.0175763182238668,52.08140610545791,489,0.0,94.8875255623722,0.4089979550102249,97.95501022494888,3044,0.0328515111695138,89.94743758212877,0.164257555847569,93.5939553219448,4381,0.0228258388495777,94.95548961424332,0.5021684546907099,97.945674503538,0.9606302555739121,0.1287312866404594,0.9999935409454064,0.8800538868511406,0.927516358291016,0.07257623474685518,1.0,0.5230802890570301,0.8800538868511406,0.5230802890570301,0.00028538779866224654,0.9999644277932964,0.0017032668618572173,0.9999999999999999,6.333853084006334e-05,0.9999379764506655,0.00037802043802958435,1.0,0.0017032668618572173,0.00037802043802958435,0.0443642365131413,0.9927721915950012,0.1558967563452442,0.9999999995778844,0.016443652170521964,0.9836010669248954,0.0664818625388845,1.0,0.1558967563452442,0.0664818625388845
gRNA_3084,Ep300,1.2628819589545197,0.7659915156736147,1.3935693761851897,0.9639783470505329,0.017627256913136987,0.8808096909553988,0.9639783470505329,0.8808096909553988,True,1.7288977572057118,1.8186657349295505,1.3404848705492245,874.8948520865841,1.1808167485170256,0.6440572471496592,0.7572823108162237,0.8607187688276362,0.7572823108162237,0.8607187688276362,True,1.4229351305803335,1.2846323097949266,1.427951421862837,0.0,0.0,0.0,0.0,True,,,,1.07374505010152,0.6224893733088457,0.7346730897988334,0.5621579402636444,0.4342395653043291,0.6854610037554345,0.6224893733088457,0.6854610037554345,True,1.3204156582589657,1.1817375361028368,1.16632812059317,Ep300,EP300,H350R,H349R,targeting guide,Missense,5,0.0,0.0,0.0,60.0,452,0.0,100.0,0.0,100.0,1454,0.0,99.72489683631362,0.0,99.7936726272352,1814,0.0,99.44873208379272,0.2205071664829107,99.6141124586549,0.0044392244410742954,0.9995682270170573,0.047689953995541004,1.0,0.001550943292369277,0.9984590562288266,0.01666156222659566,1.0,0.047689953995541004,0.01666156222659566,2.1126758853533767e-05,0.9999996730720039,0.0001937478372909438,0.9999999999999999,2.420484910220164e-06,0.9999976550641183,2.3335957083148248e-05,1.0,0.0001937478372909438,2.3335957083148248e-05,9.26894918042563e-05,0.9999211467843178,0.0017425624459200184,0.9999999995778844,2.3481473486988926e-05,0.9999771147719159,0.0004646860016372546,1.0,0.0017425624459200184,0.0004646860016372546
gRNA_3086,Ep300,1.4327987955188948,0.7931997460979312,-0.2899084085565183,-0.3262477131497189,1.2637289221831651,0.5747142684187507,0.7931997460979312,,False,1.1550826332817847,1.518877255441033,,905.9308774205425,0.6413786976994732,0.3737335330643652,0.6480972842524583,0.554403171672099,0.6413786976994732,0.554403171672099,True,1.0028433258536147,1.1228892846327485,1.0100221783059378,0.0,0.0,0.0,0.0,True,,,,0.9781297220818329,0.7422499512538766,0.06601609330026648,0.018826591473330434,0.9198013226132226,0.5450047361445057,0.7422499512538766,0.5450047361445057,True,1.0492205775833,1.4081299418462014,0.9330107035745985,Ep300,EP300,H350R,H349R,targeting guide,Missense,27,0.0,3.703703703703704,0.0,59.25925925925926,292,0.3424657534246575,96.91780821917808,0.0,99.65753424657534,1310,2.2900763358778624,96.7175572519084,0.0763358778625954,96.5648854961832,1826,0.7667031763417306,95.89266155531216,0.0547645125958378,98.35706462212488,0.017154715223946772,0.997885201434493,0.10932496481701671,1.0,0.006783471517058877,0.9932398800819324,0.043230259159561656,1.0,0.10932496481701671,0.043230259159561656,0.00011392536898774402,0.9998382320013257,0.0007836388951399102,0.9999999999999999,3.8577872766895837e-05,0.999962504710381,0.0002500910372474627,1.0,0.0007836388951399102,0.0002500910372474627,0.00126822732876021,0.980600373476525,0.011564432762894252,0.9999999995778844,0.001623778418601341,0.9984045149746525,0.011519635573473665,1.0,0.011564432762894252,0.011519635573473665
gRNA_3107,Ep300,1.3424116316394605,1.5698632248503348,1.3579706775972646,1.2205379016122133,0.2794811111443299,1.1540529093687206,1.3424116316394605,1.1540529093687206,True,2.241127211458464,2.4829757734351783,1.721738453706195,1164.921157793574,1.1741087744407015,1.046839551328806,1.2028756897679207,1.1412746718458093,1.1741087744407015,1.1412746718458093,True,1.8076991997955012,1.8663119605092173,1.8107347910827558,0.0,0.0,0.0,0.0,True,,,,1.8460704168156512,1.6072393958596238,1.7283812531633178,1.8553759654041724,1.3921037395481037,1.6858341541581736,1.7283812531633178,1.6858341541581736,True,3.251951230461024,3.272287928129348,2.828087210997314,Ep300,EP300,Q2287R,Q2290R,targeting guide,Missense,388,0.0,0.5154639175257731,0.0,45.876288659793815,2091,18.986131037780964,76.27929220468675,0.0956480153036824,63.60593017694883,2730,17.582417582417584,72.71062271062272,0.0366300366300366,64.57875457875458,6548,19.30360415394013,69.65485644471595,0.015271838729383,59.132559560171046,0.0012744956436253625,0.9999215579894793,0.020835233130571142,1.0,0.0003861627394469975,0.9996178357272536,0.006312921305742221,1.0,0.020835233130571142,0.006312921305742221,1.3565982020387993e-13,0.9999999999999999,1.7002697465552954e-11,0.9999999999999999,4.465027507212739e-15,1.0,5.596167809039966e-13,1.0,1.7002697465552954e-11,5.596167809039966e-13,3.122643365558526e-06,0.9999963861040095,0.0001615049375687765,0.9999999995778844,5.220842409297272e-07,0.9999995061397816,2.8043382084225352e-05,1.0,0.0001615049375687765,2.8043382084225352e-05
gRNA_3522,Erbb3,-0.46958051675908713,0.8693454223243864,-0.13529356469641365,0.6183969390687365,0.298828525347124,0.23633936105694922,0.298828525347124,,False,0.5207554754579443,0.6510472360763679,,1724.1047176898924,0.0018785876575995947,0.09382972060072892,0.041650858328893633,0.04578638886240738,0.041650858328893633,0.04578638886240738,True,0.305308677964535,0.28597150092169243,0.3160783201612803,0.0,0.0,0.0,0.0,True,,,,0.1274345650927813,0.5606556585945268,0.4391501261377689,0.5371984296685853,0.37821482427696584,0.40853072075412555,0.4391501261377689,0.40853072075412555,True,0.7857144895783926,0.8351576018168765,0.7063083619657525,Erbb3,ERBB3,Q807R,Q809R,targeting guide,Missense,107,0.9345794392523364,1.8691588785046729,2.803738317757009,73.83177570093459,1112,0.6294964028776978,86.60071942446044,0.0,93.3453237410072,1764,0.5102040816326531,86.6780045351474,0.0,92.12018140589568,3165,0.315955766192733,86.35071090047393,0.0631911532385466,92.57503949447076,0.144101486762405,0.9678866440025354,0.42272848084373615,1.0,0.07524413068380909,0.9248430048303105,0.22453804077073186,1.0,0.42272848084373615,0.22453804077073186,0.0016885283147742285,0.9999575724571026,0.0076492367030736134,0.9999999999999999,0.00028948258317879993,0.9997127236823303,0.0013605681409403596,1.0,0.0076492367030736134,0.0013605681409403596,0.04557407111321291,0.9652634191642745,0.15866528461637086,0.9999999995778844,0.028937017872792643,0.9711537074795292,0.09957667598903432,1.0,0.15866528461637086,0.09957667598903432
gRNA_3523,Erbb3,-0.6639410024534316,1.895269695004499,0.1437752436798906,0.8158218643651706,-0.34635778841684023,0.36891360243585763,0.1437752436798906,,False,0.7692828925474661,0.37886332491043806,,1056.830173009788,0.9830600250719054,0.9094039376537321,0.5868184808685771,0.8264274811980715,0.9094039376537321,0.8264274811980715,True,1.37590687266439,1.4969174271924857,1.381165257421008,0.0,0.0,0.0,0.0,True,,,,0.30979464712617893,0.6280180835538682,0.9562201425024935,0.6206071223470626,0.5100146458092731,0.6049309282677753,0.6206071223470626,0.6049309282677753,True,1.1649269734877787,1.1781793758904968,1.032556452552425,Erbb3,ERBB3,Q807R,Q809R,targeting guide,Missense,272,0.0,0.0,0.3676470588235294,86.76470588235294,799,0.6257822277847309,88.86107634543178,0.0,90.86357947434291,1763,0.6239364719228587,89.96029495178672,0.2268859897901304,91.66193987521272,2851,0.8067344791301297,88.635566467906,0.0350754121360925,91.02069449316028,0.0048466071489228005,0.9995327282986626,0.048086973935622813,1.0,0.0016958827812113106,0.9983144732027697,0.016974950585823708,1.0,0.048086973935622813,0.016974950585823708,7.38047200263645e-05,0.999998553583199,0.0005781369735398553,0.9999999999999999,9.595744078629763e-06,0.999990614365877,7.67659526290381e-05,1.0,0.0005781369735398553,7.67659526290381e-05,0.004560741822780498,0.9032171269250837,0.02866175678641102,0.9999999995778844,0.013851656295620818,0.9867178492033216,0.059184349626743495,1.0,0.02866175678641102,0.059184349626743495
gRNA_3524,Erbb3,-1.2310939721084377,0.7633166544445634,0.5433422577487029,-0.3322507754258585,0.25652947920589525,-3.127122702692997e-05,0.25652947920589525,,False,0.07764841252965837,0.5767945682610772,,2035.5351787996121,-0.08397274910094213,0.36060478537995677,0.15572706078959936,0.14411969902287133,0.15572706078959936,0.25816592308477804,True,0.4401663806530667,0.445164381875471,0.6058435783092443,0.0,0.0,0.0,0.0,True,,,,-0.6027981241769078,-0.01573311159198412,-0.17797341987640658,-0.4777314289529616,-0.7105659757014201,-0.39696041205993604,-0.4777314289529616,-0.39696041205993604,True,-0.7695399427275235,-0.8980923924674111,-0.6317245627032273,Erbb3,ERBB3,Q807R,Q809R,targeting guide,Missense,541,0.0,0.0,0.1848428835489833,87.8003696857671,574,9.059233449477352,91.81184668989548,0.0,88.85017421602788,958,11.16910229645094,83.19415448851774,0.0,84.9686847599165,1547,11.312217194570136,91.27343244990304,0.0,85.2617970265029,0.09534392347070274,0.97841497062858,0.3447049540863868,1.0,0.04857043427891821,0.9515020519627017,0.1768516418405255,1.0,0.3447049540863868,0.1768516418405255,0.8113441432657552,0.34758457498181455,0.9999998615455512,0.9999999999999999,0.7510035822751009,0.24923266964730112,0.9507654778970974,1.0,0.9999998615455512,0.9507654778970974,0.0975109143153207,0.6189466105273637,0.26188645558971846,0.9999999995778844,0.15181659091720046,0.8485360431320856,0.33872329451168626,1.0,0.26188645558971846,0.33872329451168626
gRNA_3525,Erbb3,-0.855500352473484,-0.32329239225525236,1.0460057602547526,-0.40271659017131356,-0.6771971143643882,-0.24254013780193712,-0.40271659017131356,-0.5646766123161095,True,-0.37696555775822616,-0.5804603550429677,-0.6763879935852043,1614.9435251359698,0.16974479965856956,-0.12847896065525247,0.5983577605659797,0.2132078665230989,0.16974479965856956,0.38405128011227463,True,0.5349162831717272,0.46472607999368976,0.7775983714896829,0.0,0.0,0.0,0.0,True,,,,0.005694202506282321,0.34206312422700424,0.622464737227403,-0.09758397185843594,-0.2756382166840639,0.11939997508363795,0.005694202506282321,,False,0.2274564834983406,0.01576334856197201,,Erbb3,ERBB3,Q807R,Q809R,targeting guide,Missense,379,0.0,0.2638522427440633,0.0,88.12664907651715,180,5.0,63.333333333333336,0.0,87.22222222222223,728,5.769230769230769,50.54945054945055,0.1373626373626373,87.5,1433,6.001395673412421,65.8060013956734,0.0,89.74180041870203,0.0695020517597806,0.9807204592571933,0.2734275102970879,1.0,0.03659744677704758,0.9634708466123876,0.14343532742579473,1.0,0.2734275102970879,0.14343532742579473,0.040415105377497,0.9833466872860406,0.11173587957307993,0.9999999999999999,0.02085016164402854,0.9792219239510218,0.055208878719399515,1.0,0.11173587957307993,0.055208878719399515,0.3530922281111984,0.476860983170192,0.6413655930908725,0.9999999995778844,0.4752117713484968,0.5253592157081883,0.7603388341575948,1.0,0.6413655930908725,0.7603388341575948
gRNA_3570,Erbb3,0.8584293677667441,1.8694700754766518,0.6335700357814251,0.10616193844570085,0.11418015408370673,0.7163623143108457,0.6335700357814251,0.7163623143108457,True,1.4206200605767751,1.238659781647231,1.11103305853147,1995.4023874194934,1.15724777338262,1.3729303234558095,1.4656699317753366,1.3319493428712554,1.3729303234558095,1.3319493428712554,True,2.069197038660299,2.1437666311650916,2.0708864835434633,0.0,0.0,0.0,0.0,True,,,,0.4074207975072571,0.7633474852760548,0.590184663328203,0.6004656963982608,0.19463255561809434,0.511210239625574,0.590184663328203,0.511210239625574,True,0.9839696538208058,1.1206695191071585,0.8768733394586611,Erbb3,ERBB3,K329E,K329E,targeting guide,Missense,668,0.0,0.0,0.1497005988023952,89.37125748502994,2962,0.0,74.74679270762998,0.0337609723160027,99.32478055367994,2923,0.0,78.85733835100923,0.0684228532329798,99.41840574751969,4687,0.0,78.79240452314913,0.0426712182632814,99.40260294431404,0.00044524148446267926,0.9999744774188647,0.0098476940092922,1.0,0.00012647285551275827,0.9998755881828788,0.002797281980752771,1.0,0.0098476940092922,0.002797281980752771,0.00028449535975526785,0.9999911574302336,0.0017032668618572173,0.9999999999999999,4.374217100326938e-05,0.9999568749330796,0.00027411760495382146,1.0,0.0017032668618572173,0.00027411760495382146,0.000390122047074727,0.9994109308811255,0.005238781775003477,0.9999999995778844,0.00020922596881531316,0.9998035935093217,0.0024584051335799295,1.0,0.005238781775003477,0.0024584051335799295
gRNA_3579,Erbb3,0.32672846742073575,0.24509696305437723,0.26354820274031543,0.5318881339752897,0.4303475932197168,0.35952187208208697,0.32672846742073575,0.35952187208208697,True,0.7516768895822835,0.7000234026769315,0.6131370887612675,1147.262729586322,1.7004033933915912,2.2804167521232857,1.986072290677353,1.98896414539741,1.986072290677353,1.98896414539741,True,2.9702498635519867,2.9994037762505137,2.9673008417258697,0.0,0.0,0.0,0.0,True,,,,0.4011347791770483,0.5039026440276216,0.7056643539892032,0.584281636554679,0.29267672879287077,0.4975320285082846,0.5039026440276216,0.4975320285082846,True,0.9575595574217792,0.9575641445587844,0.8541519262985099,Erbb3,ERBB3,H228R,H228R,targeting guide,Missense,47,0.0,0.0,2.127659574468085,87.23404255319149,391,6.3938618925831205,95.14066496163684,1.5345268542199488,83.63171355498721,1246,7.704654895666132,97.1107544141252,1.5248796147672552,87.7207062600321,1935,5.167958656330749,95.34883720930232,1.9121447028423773,87.18346253229974,9.266648834258332e-09,0.9999999963347348,8.710649904202832e-07,1.0,1.9635159065796057e-09,1.0,1.8457049521848295e-07,1.0,8.710649904202832e-07,1.8457049521848295e-07,0.00041890964645277436,0.9999938576144325,0.002442635530479515,0.9999999999999999,5.878671783976626e-05,0.9999418958306009,0.0003565129985121309,1.0,0.002442635530479515,0.0003565129985121309,0.03157496302684047,0.9987111547124315,0.12430351527288587,0.9999999995778844,0.007943133206070194,0.9920795000490671,0.038787247863407696,1.0,0.12430351527288587,0.038787247863407696
gRNA_3580,Erbb3,0.9956550080148466,0.6339913190944214,0.18321217930184913,1.4810697745569834,1.5820429847610191,0.9751942531458239,0.9956550080148466,0.9751942531458239,True,1.905833723124379,1.8742716362122325,1.4721787246135898,895.2287997191775,0.4352614489418906,0.5202553994018045,0.30267173272503944,0.4193961936895782,0.4352614489418906,0.4193961936895782,True,0.8176900866518273,0.8352534943785219,0.8258220764923565,0.0,0.0,0.0,0.0,True,,,,1.2272817601522914,1.1965967236384274,0.7660982814420093,1.20232950575274,1.368868785665683,1.1522350113302302,1.20232950575274,1.1522350113302302,True,2.2216699546653222,2.2778528420157462,1.9417047387476207,Erbb3,ERBB3,H228R,H228R,targeting guide,Missense,87,0.0,6.896551724137931,4.597701149425287,71.26436781609195,876,0.91324200913242,93.2648401826484,1.1415525114155252,92.69406392694064,1795,1.504178272980501,96.991643454039,0.3899721448467966,96.49025069637884,3158,0.8233058898036733,94.743508549715,0.0949968334388853,95.59848005066496,0.029920683789503143,0.9959028103492186,0.1541120151349751,1.0,0.012528765304078966,0.9875042663404016,0.06453172266210536,1.0,0.1541120151349751,0.06453172266210536,5.999923727053609e-10,0.9999999999924695,3.0241307846596124e-08,0.9999999999999999,3.128518381960356e-11,0.999999999978685,1.6804613023101343e-09,1.0,3.0241307846596124e-08,1.6804613023101343e-09,4.476516378811662e-05,0.999972682160633,0.0010519813490207405,0.9999999995778844,1.0408633102404328e-05,0.9999899459313778,0.0002609097364336018,1.0,0.0010519813490207405,0.0002609097364336018
gRNA_3677,Ercc2,0.24231347886767576,0.09352540998867348,0.12086756244617043,-0.3271013043669629,0.4177095100487225,0.10946293139685585,0.12086756244617043,0.21860399033781053,True,0.2829093371357833,0.33865068183128183,0.4165157502414301,5048.170051733844,0.7987196016204449,0.795497502641696,0.6863851823594089,0.7602007622071832,0.795497502641696,0.7602007622071832,True,1.2850812596026928,1.3379614560293813,1.290807199169527,0.0,0.0,0.0,0.0,True,,,,0.05691058903337224,0.08689694556985522,0.06617562251810745,0.19673868847450715,0.545571510279224,0.19045867117501322,0.08689694556985522,0.19045867117501322,True,0.36465768602914667,0.1692669861576468,0.34406032421577737,Ercc2,ERCC2,I80T,I80T,targeting guide,Missense,2837,0.0,0.0352485019386676,0.5287275290800141,59.39372576665492,5593,4.237439656713749,37.79724655819775,0.0536384766672626,91.63239763990704,5418,2.860834256183093,44.18604651162791,0.2583979328165374,92.96788482834994,9442,3.187883922897691,46.37788604109299,1.4403728023723787,91.43190002118196,0.006566365665176059,0.9994174793511558,0.05486563311347107,1.0,0.002307159562789469,0.9977048436846789,0.019277599902418674,1.0,0.05486563311347107,0.019277599902418674,0.023738245756508413,0.9985433286070194,0.07376512730948069,0.9999999999999999,0.006518226749710124,0.993504607241598,0.0214987127885176,1.0,0.07376512730948069,0.0214987127885176,0.1516400469872361,0.9728578571803426,0.3528567714083662,0.9999999995778844,0.066293644642379,0.933808010338312,0.1780457884681036,1.0,0.3528567714083662,0.1780457884681036
gRNA_3686,Ercc2,0.2916418437476601,0.23353864075587738,0.5419112297303361,1.0328352656591784,0.49911058070088204,0.5198075121187868,0.49911058070088204,0.5198075121187868,True,1.0521528772291522,1.0026267226655718,0.8367820705011723,1533.6077346055963,-0.6857624479563514,-0.7648951500239767,-1.1938215123060185,-0.8814930367621155,-0.7648951500239767,-0.8814930367621155,True,-0.9663943989074003,-0.8395602043933647,-0.9490782455370508,0.0,0.0,0.0,0.0,True,,,,0.3728232753972706,0.46247972761257633,0.7581715711117605,0.7178297346767991,0.6040688736742408,0.5830746364945295,0.6040688736742408,0.5830746364945295,True,1.1227265155691954,1.146915883612256,0.9962501087425231,Ercc2,ERCC2,Y14C,Y14C,targeting guide,Missense,537,0.5586592178770949,1.303538175046555,1.303538175046555,40.03724394785847,403,15.384615384615383,82.13399503722084,0.0,72.20843672456576,2456,26.872964169381103,73.57491856677524,0.4071661237785016,51.995114006514655,3546,24.478285391990976,75.46531302876481,1.5228426395939083,56.68358714043993,0.9572155380288834,0.11956586447498854,0.9999935409454064,0.8800538868511406,0.9289618439249788,0.0711390695231284,1.0,0.5230802890570301,0.8800538868511406,0.5230802890570301,0.00010335592188202614,0.9999984805263994,0.0007619966005419967,0.9999999999999999,1.2925710060736917e-05,0.9999873001941375,9.918504046606287e-05,1.0,0.0007619966005419967,9.918504046606287e-05,0.007282338685767474,0.999557250214613,0.04148726281588743,0.9999999995778844,0.0017882067589722178,0.9982219255856729,0.01245121743284359,1.0,0.04148726281588743,0.01245121743284359
gRNA_3698,Ercc2,-0.054492977495301624,0.2880198666790489,0.8747530664721821,0.45488501948909144,0.2465510505621853,0.3619432051414412,0.2880198666790489,0.4660522508006269,True,0.7562159889193476,0.6320734809961752,0.7617778815222279,3994.550502034465,0.023624435231797965,-0.1078636718969636,0.0790789820850311,-0.0017200848600448422,0.023624435231797965,0.051351708658414534,True,0.24015665675637618,0.2608157001129578,0.32367150155359603,0.0,0.0,0.0,0.0,True,,,,0.30534839630638844,0.4721845403327155,0.22379708074375101,0.4738760492677335,0.34947519905756214,0.36493625314163014,0.34947519905756214,0.36493625314163014,True,0.7015416337686923,0.6656383591336362,0.6338918813582629,Ercc2,ERCC2,T49A,T49A,targeting guide,Missense,2071,0.0482858522452921,0.3380009657170449,0.1931434089811685,68.61419604056012,2645,1.0586011342155008,77.76937618147448,0.3402646502835538,94.93383742911152,4818,0.6434205064342051,86.21834786218348,8.862598588625985,84.47488584474885,8809,0.908162106936088,84.23203541832217,2.47474174140084,93.06391190827564,0.16752234807505184,0.959219876646822,0.47359701410691346,1.0,0.09053660107195399,0.9095595766240323,0.25595309776732855,1.0,0.47359701410691346,0.25595309776732855,0.0031325101438807947,0.9999493447667551,0.012943118836254711,0.9999999999999999,0.0005256409916577052,0.9994775188190305,0.0023812170224493637,1.0,0.012943118836254711,0.0023812170224493637,0.02504895686467851,0.9970915711464053,0.10825756070251863,0.9999999995778844,0.008131041100602898,0.99189856991043,0.039195787869572944,1.0,0.10825756070251863,0.039195787869572944
gRNA_3703,Ercc2,-0.17381320023430197,-0.14981196830042803,-0.4882092879740286,0.27009838289183574,0.43847663995462755,-0.020651886732459067,-0.14981196830042803,,False,0.038992424329702444,-0.13650606789352598,,1719.8238866093463,-0.7660576635135001,-0.9782479842998683,-0.3805264825115338,-0.7082773767749675,-0.7660576635135001,-0.7082773767749675,True,-0.7288404516495915,-0.8411824872845629,-0.7127471856012435,0.0,0.0,0.0,0.0,True,,,,0.5669937759375647,0.5891349913521546,0.24647129754815109,0.43507555352894545,0.3129395311636368,0.4301230299060905,0.43507555352894545,0.4301230299060905,True,0.8274052458688967,0.8274551315122411,0.7421761938859205,Ercc2,ERCC2,T484A,T484A,targeting guide,Missense,235,0.0,0.0,0.0,57.02127659574468,159,13.836477987421384,83.01886792452831,0.0,79.87421383647799,521,12.092130518234166,57.965451055662186,0.1919385796545105,70.63339731285988,1011,13.649851632047476,65.77645895153313,0.0989119683481701,72.60138476755688,0.8539156503854809,0.2622416593753641,0.9999935409454064,1.0,0.8096870618016123,0.19047055851286737,1.0,0.8046360460836547,0.9999935409454064,0.8046360460836547,0.0010706918638740057,0.9999819230688142,0.005032251760207827,0.9999999999999999,0.00016574809349081216,0.9998356861449342,0.0008133971502771758,1.0,0.005032251760207827,0.0008133971502771758,0.2633185886058791,0.9042026200440625,0.5174787672041751,0.9999999995778844,0.1585756999751019,0.841609162577955,0.34694649791791093,1.0,0.5174787672041751,0.34694649791791093
gRNA_3905,Etv6,0.4601090737374898,0.35451105848930264,-0.6045335575814645,0.16461107523063714,-0.3001552540309114,0.014908479169010735,0.16461107523063714,,False,0.10565489055488435,0.41543899788489236,,1004.3899922730999,0.6379148379437616,0.47298811498641513,0.6602424839895304,0.590381812306569,0.6379148379437616,0.590381812306569,True,1.0521856780423413,1.1180554822985451,1.0591105244567691,0.0,0.0,0.0,0.0,True,,,,0.8384624719209961,0.14099793592051138,-0.2922839492639159,-0.25263937212585785,0.08888081000785632,0.104683579291918,0.08888081000785632,,False,0.19904184446602746,0.1730172339478163,,Etv6,ETV6,Non-coding,,targeting guide,Intron,75,0.0,0.0,0.0,25.33333333333333,280,71.78571428571429,98.21428571428572,0.0,27.5,637,73.62637362637362,97.95918367346938,0.0,24.80376766091052,1026,64.32748538011695,94.24951267056532,0.0,30.019493177387915,0.014365239867172499,0.9984352973562217,0.09645232482244392,1.0,0.005487632520099708,0.9945325918349983,0.037348793336524216,1.0,0.09645232482244392,0.037348793336524216,0.03527561978786817,0.9681886773150841,0.09972656421231903,0.9999999999999999,0.025993205140028564,0.9741468630802432,0.06740306988034993,1.0,0.09972656421231903,0.06740306988034993,0.1978157896020674,0.8997805855644079,0.4226064596044167,0.9999999995778844,0.1281863835228833,0.87198930342568,0.29751901360866745,1.0,0.4226064596044167,0.29751901360866745
gRNA_3906,Etv6,-0.23628076174566698,-1.0892538290869422,-1.8789650758913687,1.6440156024206432,-1.2341639850751736,-0.5589296098757017,-1.0892538290869422,-1.109665912949788,True,-0.970078197671999,-1.7856227923666232,-1.4368062204504133,475.1722499406035,-1.6327853406596033,-1.3170584253860151,-3.0059148249231624,-1.9852528636562603,-1.6327853406596033,-1.9852528636562603,True,-2.480128802152201,-2.0506974689459807,-2.455020201499986,0.0,0.0,0.0,0.0,True,,,,-1.0366994953747446,-1.1774386769869918,-1.6764339805429378,0.4275502376456728,-0.6451033127284125,-0.8216250455974828,-1.0366994953747446,-1.1339188664082718,True,-1.5894888244060226,-1.9547516660142361,-1.8559151662500182,Etv6,ETV6,Y397H,Y401H,targeting guide,Missense,12,0.0,0.0,0.0,83.33333333333333,2,0.0,0.0,0.0,0.0,14,0.0,28.571428571428573,0.0,71.42857142857143,22,0.0,45.45454545454545,0.0,68.18181818181819,0.999972014993736,5.2480427773754474e-05,0.9999935409454064,0.009866320421465841,0.9999828628397712,1.8498291492994037e-05,1.0,0.003477678800682879,0.009866320421465841,0.003477678800682879,0.8024359752074463,0.0010997304802320407,0.9999998615455512,0.05907123722389247,0.9961625290220738,0.003896907926264433,1.0,0.09250512879409654,0.05907123722389247,0.09250512879409654,0.1932091267804231,0.022956084417367944,0.4175093774105695,0.6497724430562678,0.8554871724095113,0.14620522662813035,0.9836794398347898,1.0,0.4175093774105695,0.9836794398347898
gRNA_3909,Etv6,2.6341688217183052,0.5228493912537197,1.166113417015827,1.8294871447221208,0.8665604983825422,1.403835854618503,1.166113417015827,1.403835854618503,True,2.709377375066928,2.173498043767934,2.070258147775711,1597.820200813786,1.4443217889290103,1.3295416404103346,1.6623551061783004,1.4787395118392153,1.4443217889290103,1.4787395118392153,True,2.2705101535343633,2.2433931336173085,2.2711632727375126,0.0,0.0,0.0,0.0,True,,,,2.493651927063555,1.6152053580733672,1.4371016292522403,1.5135477583837835,1.5854536811263091,1.7289920707798507,1.5854536811263091,1.7289920707798507,True,3.3352811870310695,3.002101215308303,2.899778519625602,Etv6,ETV6,Y350C,Y354C,targeting guide,Missense,235,0.0,0.425531914893617,0.425531914893617,89.7872340425532,2526,4.235946159936659,96.63499604117182,0.0791765637371338,94.29928741092635,3552,3.800675675675676,96.90315315315316,0.1407657657657657,95.35472972972973,7565,4.124256444150694,96.69530733641771,1.2161269001982815,94.0118968935889,9.527696192125053e-05,0.9999938745072265,0.0032567397893081998,1.0,2.5611198185498753e-05,0.9999752685563427,0.0008754373197952301,1.0,0.0032567397893081998,0.0008754373197952301,8.57715360539606e-12,0.999999999999995,8.062524389072297e-10,0.9999999999999999,3.2103985571892075e-13,1.0,3.017774643757855e-11,1.0,8.062524389072297e-10,3.017774643757855e-11,8.247649148067358e-08,0.9999995838611794,2.036731057943323e-05,0.9999999995778844,2.1752159463731755e-08,1.0,2.7262706527877134e-06,1.0,2.036731057943323e-05,2.7262706527877134e-06
gRNA_4033,Fat1,1.0194440670331621,0.16592468221778237,0.7457650993670786,0.18811151504902637,-0.3168043857449185,0.36048819558442624,0.18811151504902637,0.5298113409167624,True,0.7534883869109605,0.4566921823071119,0.8507403147228013,2312.718991264964,0.1810087080835841,0.22167051855067338,0.30596427386121494,0.23621450016515746,0.22167051855067338,0.23621450016515746,True,0.5664683762976652,0.5371882115138673,0.575893612780273,0.0,0.0,0.0,0.0,True,,,,0.35497519461463695,0.49840714902455985,0.4999301475849581,0.5585606886538426,1.0084671357647566,0.5840680631285509,0.4999301475849581,0.5840680631285509,True,1.1246446387027609,0.9500546364894902,0.9979003287020151,Fat1,FAT1,F3794S,F3769S,targeting guide,Missense,200,0.0,0.0,0.5,87.0,1564,0.8312020460358056,71.35549872122762,0.1278772378516624,98.40153452685422,2350,0.0425531914893617,54.85106382978724,0.1702127659574468,97.06382978723404,4347,0.4140786749482402,63.26201978375892,0.5060961582700713,95.51414768806072,0.06727034320042677,0.9887082052919454,0.2734275102970879,1.0,0.031073832530131677,0.9689806257468176,0.12981956701477235,1.0,0.2734275102970879,0.12981956701477235,0.0001224004351546913,0.9999974427950212,0.0008149972315085681,0.9999999999999999,1.7176908790422896e-05,0.9999831811704467,0.00011742759463998197,1.0,0.0008149972315085681,0.00011742759463998197,0.01764283475626117,0.9896131234643446,0.08397096035891392,0.9999999995778844,0.0090671654093666,0.99097717452891,0.04208955794965236,1.0,0.08397096035891392,0.04208955794965236
gRNA_4195,Fgf4,-0.7098086075196184,0.03392500685926013,-0.007664424667879028,-0.49312968197888735,-1.2325841368696617,-0.4818523688353572,-0.49312968197888735,-0.6107967127590116,True,-0.8255870247797146,-0.7391734676206437,-0.7407389174673046,4545.707503654759,1.2035152887697322,1.1574730184876294,1.7124282537990339,1.357805520352132,1.2035152887697322,1.357805520352132,True,2.1046570947662913,1.9073486327850102,2.106163997310967,0.0,0.0,0.0,0.0,True,,,,-0.05299169001362532,-0.3321066042692031,-0.19248449920485916,-0.7925639424853609,-0.5499388529518069,-0.38401711778497105,-0.3321066042692031,-0.38401711778497105,True,-0.7445488348559165,-0.6228068606019587,-0.610223948744786,Fgf4,FGF4,R108G,R112G,targeting guide,Missense,3206,0.0,0.0,0.1247660636306924,51.77791640673737,2799,31.11825652018578,87.56698821007502,0.0,64.16577349053233,3819,29.431788426289604,90.2854150301126,0.0,66.48337261063105,5805,27.68303186907838,89.75021533161068,0.0,68.30318690783807,0.00017938175417646498,0.9999767960893726,0.005188272274642371,1.0,5.589026795834614e-05,0.9999460494156671,0.0015828957838849777,1.0,0.005188272274642371,0.0015828957838849777,0.8022800950902464,0.3807796840187792,0.9999998615455512,0.9999999999999999,0.7243383754990654,0.2759104197195994,0.9263647251280565,1.0,0.9999998615455512,0.9263647251280565,0.771416607397904,0.270390040394962,0.946915991808892,0.9999999995778844,0.7614596258926642,0.23883798975325948,0.9336122085751709,1.0,0.946915991808892,0.9336122085751709
gRNA_4440,Flt3,-0.24854538103277424,0.07146719220777567,-0.1721364007793702,-0.0018986240495709223,-0.22851053413135702,-0.11592474955705936,-0.1721364007793702,-0.1627727349982681,True,-0.13960877504543664,-0.1756948633923463,-0.11561545473914607,2694.2480613186244,-0.377700215626987,-0.5929552110461865,-0.31945046258718596,-0.4300352964201198,-0.377700215626987,-0.4300352964201198,True,-0.3472496388649815,-0.2992312333391438,-0.3331207374274229,0.0,0.0,0.0,0.0,True,,,,-0.2087021841114926,-0.007081758566901362,-0.21440793216831602,-0.015688966460797447,0.07794868351633193,-0.07358643155823509,-0.015688966460797447,-0.11147021032687685,True,-0.1451645821811614,-0.024658860047408766,-0.1574855872167007,Flt3,FLT3,Q450R,Q449R,targeting guide,Missense,279,0.0,0.3584229390681003,2.150537634408602,86.37992831541219,464,11.637931034482758,85.34482758620689,0.2155172413793103,78.66379310344827,1335,9.213483146067416,84.11985018726591,0.0,80.74906367041199,2314,10.06914433880726,82.84356093344857,0.0,79.68885047536733,0.5914549071672943,0.6882778297394048,0.9999935409454064,1.0,0.44838733200788694,0.5517897147211203,0.769807518625301,1.0,0.9999935409454064,0.769807518625301,0.26646697934091473,0.9544558719912892,0.49846559319494504,0.9999999999999999,0.12389760908917635,0.8762410792621951,0.2588083389862795,1.0,0.49846559319494504,0.2588083389862795,0.45821966929600344,0.8922399279658803,0.7300448968444802,0.9999999995778844,0.2526501415033502,0.7475431291293659,0.4896906701161371,1.0,0.7300448968444802,0.4896906701161371
gRNA_4461,Flt3,1.2242173026469074,0.2979367683435767,0.7257489033538626,0.8869387551857174,0.25374555030795154,0.6777174559676031,0.7257489033538626,0.6777174559676031,True,1.3481753177071056,1.400472575500625,1.0571122666468271,1068.6024584812894,0.15324203812650758,0.46990021258659387,0.11028464284521991,0.24447563118610713,0.15324203812650758,0.24447563118610713,True,0.577797977114278,0.4416965427605664,0.5871648907385965,0.0,0.0,0.0,0.0,True,,,,0.7822236532430971,0.06404128104947958,0.5678453011399983,1.2621793481428334,0.6035464510636187,0.6559672069278053,0.6035464510636187,0.6559672069278053,True,1.2634685903484253,1.1459283089556962,1.1173348174751143,Flt3,FLT3,R848G,R845G,targeting guide,Missense,192,0.0,0.0,0.0,86.45833333333333,362,23.204419889502763,97.79005524861878,0.0,75.13812154696133,1142,23.90542907180385,98.42381786339756,0.1751313485113835,75.30647985989492,1497,21.309285237140948,98.32999331997328,0.2672010688042752,77.75551102204409,0.06393267187199968,0.9880480491810576,0.27009758004350426,1.0,0.030231425641096654,0.969824207559893,0.1277192813601387,1.0,0.27009758004350426,0.1277192813601387,1.556736486820294e-05,0.9999874082268393,0.00015213078426729837,0.9999999999999999,3.6810132520792156e-06,0.9999966001939343,3.3757584945897196e-05,1.0,0.00015213078426729837,3.3757584945897196e-05,0.0013093336435747167,0.99985162426611,0.011564432762894252,0.9999999995778844,0.0003108400171284847,0.9996925033788064,0.003339309898294579,1.0,0.011564432762894252,0.003339309898294579
gRNA_4577,Foxa1,0.38786823512373564,0.5881201067493368,0.07306234904553756,-0.1510649917675673,0.24938668162142824,0.22947447615449418,0.24938668162142824,0.32460934313500955,True,0.5078863683397086,0.5642559456514686,0.5644239794828864,764.6634517625251,0.15765402146021962,-0.18163632568563573,-0.919699655771945,-0.3145606533324537,-0.18163632568563573,-0.5506679907287904,True,-0.18888371931880973,-0.025624864810883444,-0.4977089306138565,0.0,0.0,0.0,0.0,True,,,,0.2650520695912532,0.07159887040874563,0.23042180141610843,0.006766013637512606,0.2609793897939574,0.16696362896951547,0.23042180141610843,0.16696362896951547,True,0.3192931040508743,0.44058278937560436,0.30503178776545725,Foxa1,FOXA1,Y259C,Y259C,targeting guide,Missense,135,0.0,0.0,0.7407407407407407,63.7037037037037,431,47.56380510440835,80.97447795823666,0.4640371229698375,36.19489559164733,790,53.16455696202532,82.15189873417721,0.379746835443038,32.278481012658226,921,45.49402823018458,79.69598262757872,0.1085776330076004,40.71661237785016,0.3748554947418667,0.5963175404113379,0.7918295843985499,1.0,0.37170451209473987,0.6285341658328554,0.6851024340569716,1.0,0.7918295843985499,0.6851024340569716,0.02611601450230707,0.9988037335907555,0.0791904955876408,0.9999999999999999,0.006604634798426923,0.9934157338705295,0.021594284210508897,1.0,0.0791904955876408,0.021594284210508897,0.0706961183897808,0.9907158501845129,0.2130446596983898,0.9999999995778844,0.026090936986672742,0.9739669678138699,0.09254898402819765,1.0,0.2130446596983898,0.09254898402819765
gRNA_4578,Foxa1,1.1940646133495518,0.16768955798379984,1.8943247775753846,0.2833399487488771,0.6668876646074233,0.8412613124530072,0.6668876646074233,0.8412613124530072,True,1.6547592499282198,1.2971462736912835,1.2853034058466781,1184.184897656031,-0.5747315667305217,-0.9199912696873225,-1.2643930053204993,-0.9197052805794478,-0.9199912696873225,-0.9197052805794478,True,-1.0187999917565607,-1.0559962145460056,-1.0012140633063313,0.0,0.0,0.0,0.0,True,,,,0.9074841120822303,0.6685901022642693,2.626982774354348,1.290299136742968,1.3066514969700997,1.360001524482783,1.290299136742968,1.360001524482783,True,2.622828672994558,2.4441484355571776,2.28683384559523,Foxa1,FOXA1,Y259C,Y259C,targeting guide,Missense,144,0.0,1.3888888888888888,0.0,76.38888888888889,152,19.73684210526316,69.07894736842105,0.0,64.47368421052632,1348,21.142433234421365,61.2759643916914,0.1483679525222551,63.64985163204748,2599,22.893420546363988,67.79530588687958,0.1154290111581377,60.29242016160062,0.957915122860308,0.08416217677221592,0.9999935409454064,0.7534518682465045,0.9464615412915446,0.05363592516384495,1.0,0.46282660111246277,0.7534518682465045,0.46282660111246277,6.434320818424707e-10,0.9999999998789249,3.0241307846596124e-08,0.9999999999999999,5.2816806069780035e-11,1.0,2.206568786915255e-09,1.0,3.0241307846596124e-08,2.206568786915255e-09,0.0001112016555874916,0.9998123608569085,0.0019005373864044019,0.9999999995778844,4.965618147807894e-05,0.9999538407415623,0.0008117706189459862,1.0,0.0019005373864044019,0.0008117706189459862
gRNA_4621,Foxo1,-0.5055261795547764,-0.7977018398789771,-0.8691840550987835,0.9911547586701971,-0.20600443496773357,-0.27745235016601466,-0.5055261795547764,-0.5946041273750676,True,-0.44241297705687016,-0.7609345497382465,-0.7181455618698548,707.942439945291,-0.34667309141976627,-0.457024524098112,-0.46561908743179703,-0.42310556764989177,-0.457024524098112,-0.42310556764989177,True,-0.3377459691453048,-0.4099279862358258,-0.3236659909832667,0.0,0.0,0.0,0.0,True,,,,0.8016775950496151,-0.21480063959354911,-0.3151805892489747,-0.36237009107591056,-0.6203719504698558,-0.14220913506773503,-0.3151805892489747,-0.37818081759707256,True,-0.27766233348117597,-0.5908103445043439,-0.6005290415117568,Foxo1,FOXO1,M1V,M1V,targeting guide,Missense,60,0.0,0.0,0.0,48.333333333333336,53,1.8867924528301887,71.69811320754717,0.0,71.69811320754717,61,6.557377049180328,83.60655737704919,0.0,78.68852459016394,159,2.5157232704402515,73.58490566037736,0.0,72.95597484276729,0.5999546416693742,0.7003203826411013,0.9999935409454064,1.0,0.44661393426298474,0.5535595020958781,0.769807518625301,1.0,0.9999935409454064,0.769807518625301,0.19631880292483173,0.6422415276707485,0.40117320597683004,0.9999999999999999,0.28696684145173845,0.7137652173567351,0.48603392966600745,1.0,0.40117320597683004,0.48603392966600745,0.35690586931629337,0.42536801762948445,0.6417173496587459,0.9999999995778844,0.5070585543030998,0.4935256913203525,0.7710944988007056,1.0,0.6417173496587459,0.7710944988007056
gRNA_4628,Foxo1,0.6844161319527936,0.1299435627826098,-0.7129339905535477,0.9256239846096699,-1.1602720829094921,-0.02664447882359333,0.1299435627826098,,False,0.027758541951118185,0.35458289070008264,,1857.8806889569541,0.03750921386131481,-0.39228175934785614,-0.4811970946878608,-0.2786565467248007,-0.39228175934785614,-0.4367394270178585,True,-0.13964358567242943,-0.31957971885678027,-0.34226768343813124,0.0,0.0,0.0,0.0,True,,,,0.2503031438762793,0.4216538894264023,0.022011614292129646,0.055573139378344356,-0.378619002063084,0.07418455698201433,0.055573139378344356,0.1873854467432889,True,0.14015387202769616,0.11005324518864469,0.3389552705323454,Foxo1,FOXO1,T24A,T24A,targeting guide,Missense,256,0.0,0.390625,0.390625,80.078125,192,18.229166666666668,72.39583333333333,0.0,75.0,1056,20.738636363636363,66.66666666666667,0.0946969696969697,66.85606060606061,1300,19.0,83.23076923076923,0.3076923076923077,73.0,0.4098134138280161,0.8004400189136568,0.8185780624186237,1.0,0.2952846387712479,0.7048855144132665,0.5782657509270271,1.0,0.8185780624186237,0.5782657509270271,0.06525764970806024,0.9772211844659573,0.16249586947172615,0.9999999999999999,0.03139833660778738,0.9686760841259411,0.08086146962005518,1.0,0.16249586947172615,0.08086146962005518,0.09046775893770374,0.5406949572244668,0.2519694619301971,0.9999999995778844,0.1860677088782538,0.8143801890901026,0.3886747696567968,1.0,0.2519694619301971,0.3886747696567968
gRNA_4735,Gata2,0.9686285195789655,0.39251101253669185,-0.07737827660688015,0.6032341477161288,0.47388814967005644,0.4721767105789925,0.47388814967005644,0.6095654573754606,True,0.9628628314595826,0.9583507173255714,0.9620204513277014,1566.2490715947595,0.0063194403681346096,0.043624471761843774,0.409430699004222,0.1531248703780668,0.043624471761843774,0.1531248703780668,True,0.45251638411879463,0.28872567051625475,0.46252822607843586,0.0,0.0,0.0,0.0,True,,,,-0.2287963783589784,0.2507950797607864,-0.42865765243823956,0.08290755947227695,-0.07127372789543042,-0.079005023891917,-0.07127372789543042,,False,-0.15562688201353336,-0.1297349049345125,,Gata2,GATA2,W360R,W360R,targeting guide,Missense,181,0.0,3.314917127071823,1.1049723756906078,80.66298342541437,630,31.746031746031747,92.53968253968254,0.6349206349206349,61.58730158730159,1526,30.60288335517693,91.87418086500656,0.7863695937090432,62.45085190039318,2260,28.58407079646018,89.42477876106194,0.2654867256637168,62.65486725663717,0.0963451963558939,0.9785956566839142,0.34500756028396296,1.0,0.04895786859735395,0.9511149656622089,0.1768516418405255,1.0,0.34500756028396296,0.1768516418405255,0.22988739224865054,0.915592510155511,0.4410084667627173,0.9999999999999999,0.13585983895837522,0.8643120633568833,0.275475403264408,1.0,0.4410084667627173,0.275475403264408,0.009547617648026214,0.9987589113240234,0.05160306646973947,0.9999999995778844,0.0027725127465450024,0.9972412389437474,0.017089586765588867,1.0,0.05160306646973947,0.017089586765588867
gRNA_4770,Gata3,-0.3260231766852064,-0.6370440588557239,0.9216177733088784,0.3605751787549718,0.42770731798119804,0.14936660690082357,0.3605751787549718,,False,0.3577138942068319,0.7594386576911916,,1986.8407252584016,-0.6036296697727562,-0.7137756551399503,-0.8093410082045775,-0.7089154443724279,-0.7137756551399503,-0.7089154443724279,True,-0.7297155196221137,-0.7682231552284151,-0.7136177488726574,0.0,0.0,0.0,0.0,True,,,,0.5441486803922654,0.254848003078988,0.39031597759702163,0.9864271904526377,0.029035213387443755,0.4409550129816712,0.39031597759702163,0.4409550129816712,True,0.8483198022217453,0.7428427469600215,0.7601696259724408,Gata3,GATA3,F233S,F234S,targeting guide,Missense,196,0.0,1.530612244897959,0.0,76.53061224489795,376,9.308510638297872,87.5,0.5319148936170213,85.63829787234043,1874,14.300960512273212,89.06083244397011,0.5336179295624333,83.67129135538954,3443,13.01190821957595,88.38222480395004,0.0871333139703746,84.98402555910543,0.9004472148759165,0.2941809648413686,0.9999935409454064,1.0,0.8177200858249304,0.18241479211614897,1.0,0.8046360460836547,0.9999935409454064,0.8046360460836547,0.000817768113717299,0.9998868811877315,0.004099744143436059,0.9999999999999999,0.00020208631653104446,0.9998011100768306,0.0009618285445021863,1.0,0.004099744143436059,0.0009618285445021863,0.07128894896253243,0.9103833538316224,0.2130446596983898,0.9999999995778844,0.05995479825359007,0.9402029624492394,0.1633551024880425,1.0,0.2130446596983898,0.1633551024880425
gRNA_4782,Gata3,-0.08222142535879744,0.7215743727296857,0.5861774460200264,0.06509774694986524,-0.3372938165917491,0.19066686474980615,0.06509774694986524,,False,0.43513652398453356,0.24075113179554422,,1089.4715099989512,-0.07857043324191647,-0.2673067434344281,-0.6382361858652256,-0.3280377875138567,-0.2673067434344281,-0.3280377875138567,True,-0.2073667272798276,-0.1451775876379054,-0.19395791928258763,0.0,0.0,0.0,0.0,True,,,,0.040028331585983325,0.46947998522729545,0.6863315594897986,0.39010092390856854,0.14078428224030798,0.34534501649039084,0.39010092390856854,0.34534501649039084,True,0.6637145784543198,0.7424362148379469,0.6013481094823893,Gata3,GATA3,H281R,H281R,targeting guide,Missense,165,0.6060606060606061,0.6060606060606061,0.6060606060606061,63.63636363636363,550,2.363636363636364,61.27272727272727,5.818181818181818,72.36363636363636,1315,2.053231939163498,69.88593155893535,1.9771863117870725,90.95057034220532,2378,4.037005887300253,75.1892346509672,0.3784693019343986,93.56602186711524,0.44993809135662455,0.7460491455299907,0.8501342831662856,1.0,0.3431234567973692,0.6570575688842994,0.6473348401886946,1.0,0.8501342831662856,0.6473348401886946,0.0031226054734712376,0.9997796539900013,0.012943118836254711,0.9999999999999999,0.0007221588576584784,0.9992832870601899,0.0031210543733285966,1.0,0.012943118836254711,0.0031210543733285966,0.06914434880095233,0.9729009338759764,0.2130446596983898,0.9999999995778844,0.036731131407107494,0.963360479011732,0.12114829306203874,1.0,0.2130446596983898,0.12114829306203874
gRNA_4829,Gli1,-0.5019471034569921,-0.7576737507503011,-0.22208293528602022,0.9201667195269976,-0.8040423954235058,-0.27311589307796436,-0.5019471034569921,-0.5714365462292048,True,-0.43428373212811777,-0.754651761523895,-0.6858200630844494,2604.3506086271586,-0.30757660201329984,-0.5396637866345084,-0.40142232879798967,-0.41622090581526594,-0.40142232879798967,-0.41622090581526594,True,-0.3283041057798799,-0.33233534669972215,-0.3142727327247614,0.0,0.0,0.0,0.0,True,,,,-0.3343751846156878,-0.28558489494096584,-0.8089070785839716,-0.5153506165025882,-0.6858765766326365,-0.52601887025517,-0.5153506165025882,-0.52601887025517,True,-1.018727961015788,-0.9692067651400269,-0.8461086313011623,Gli1,GLI1,F567S,F565S,targeting guide,Missense,36,0.0,0.0,2.7777777777777777,44.44444444444444,524,0.0,46.94656488549618,0.1908396946564885,92.36641221374046,732,0.4098360655737705,48.63387978142077,0.0,88.52459016393442,1548,0.4521963824289405,58.20413436692507,0.2583979328165374,87.98449612403101,0.5792918520643418,0.7060420254313513,0.9945832711241666,1.0,0.4326038590703913,0.5675712521195034,0.7565537256300797,1.0,0.9945832711241666,0.7565537256300797,0.9622592559397003,0.1598101571285264,0.9999998615455512,0.9811490776700112,0.9220370316016673,0.07808349261865716,1.0,0.5756743769532371,0.9811490776700112,0.5756743769532371,0.4071954248188583,0.4835695834825078,0.6854672732200282,0.9999999995778844,0.4953913020374251,0.5050826315286925,0.7710944988007056,1.0,0.6854672732200282,0.7710944988007056
gRNA_4888,Gnas,-0.9567227516812781,-0.23604863152923108,-1.1620541018946897,-0.9544751698793376,0.26437633118317533,-0.6089848647602721,-0.9544751698793376,-0.8273251637461341,True,-1.0639131921538085,-1.5490293955009173,-1.0428589417944814,1183.6497937709628,-0.848901203605799,-1.1324736575963696,-1.6981437638999695,-1.2265062083673792,-1.1324736575963696,-1.2265062083673792,True,-1.4395573956990717,-1.35251453084279,-1.4198054796874522,0.0,0.0,0.0,0.0,True,,,,-0.18086882841021015,-0.11691491330455853,-0.7115834271563173,-1.1218303230292033,-0.15446819455540947,-0.45713313729113975,-0.18086882841021015,-0.45713313729113975,True,-0.8857223484764374,-0.33691074600815124,-0.7316798374995247,Gnas,GNAS,Q966R,Q227R,targeting guide,Missense,4,0.0,0.0,0.0,25.0,6,33.333333333333336,83.33333333333333,0.0,50.0,23,21.73913043478261,86.95652173913044,0.0,65.21739130434783,25,8.0,80.0,0.0,72.0,0.9955398657145205,0.005613407576820677,0.9999935409454064,0.141355831574562,0.9966556209868143,0.0033852463223381533,1.0,0.09091804408565327,0.141355831574562,0.09091804408565327,0.7992616165101898,0.16030705321527253,0.9999998615455512,0.9811490776700112,0.8309751817660089,0.16936395309740943,1.0,0.9165682700579786,0.9811490776700112,0.9165682700579786,0.8461194838097895,0.1220085205579075,0.9931458502545153,0.9999999995778844,0.8932468861397457,0.10694665150409194,0.9966196711826242,1.0,0.9931458502545153,0.9966196711826242
gRNA_5194,Idh2,0.8115934376417845,1.8850681921105092,0.5880244152325838,0.8744609022670924,1.3886116793627294,1.1095517253229399,0.8744609022670924,1.1095517253229399,True,2.157704035030748,1.661524860665256,1.6596463879974765,2667.492867065212,-0.6420568059739584,-0.4479728276274534,-0.7579111536924086,-0.6159802624312735,-0.6420568059739584,-0.6159802624312735,True,-0.6022609966830104,-0.668139790151843,-0.5868193401426977,0.0,0.0,0.0,0.0,True,,,,1.9180973898184328,2.2494939409973838,1.7975997940152788,1.6067943659006942,1.356785641076433,1.7857542263616444,1.7975997940152788,1.7857542263616444,True,3.444878413442997,3.403136929147976,2.994068363361418,Idh2,IDH2,R172G,R172G,targeting guide,Missense,451,0.0,0.0,1.1086474501108647,80.26607538802661,567,13.580246913580249,90.12345679012346,0.1763668430335097,82.53968253968254,6389,15.980591641884487,88.57411175457818,0.1252152136484582,79.18297073094381,23306,14.21093280700249,95.73500386166651,0.0858148116364884,84.08564318201321,0.8219189722564375,0.40840485139087984,0.9999935409454064,1.0,0.718211961536353,0.2819496893231711,1.0,0.9816026220880771,0.9999935409454064,0.9816026220880771,1.356598202038789e-13,0.9999999999999999,1.7002697465552954e-11,0.9999999999999999,4.465027507212739e-15,1.0,5.596167809039966e-13,1.0,1.7002697465552954e-11,5.596167809039966e-13,4.561966974671291e-06,0.9999994175327472,0.00019058884249737837,0.9999999995778844,7.312795654061859e-07,0.9999993380743126,3.437013957409074e-05,1.0,0.00019058884249737837,3.437013957409074e-05
gRNA_5228,Igf1r,0.04043616412978516,0.4027935327383995,0.8124674474276216,0.19300386071942816,0.4828010028764022,0.38630040157832735,0.4027935327383995,0.38630040157832735,True,0.8018766772630221,0.833549676733399,0.6505009083700418,1028.469667101171,-0.6763727671918497,-0.309319271409967,-0.5349290786256502,-0.5068737057424889,-0.5349290786256502,-0.5068737057424889,True,-0.45262849108246755,-0.5186434782240119,-0.4379571172344464,0.0,0.0,0.0,0.0,True,,,,0.3573782652169857,0.3439205918256396,1.055511843350509,0.5663395536019954,0.5718368109625599,0.578997412991538,0.5663395536019954,0.578997412991538,True,1.1148541509133907,1.0755933191692422,0.9894772728092736,Igf1r,IGF1R,N370S,N369S,targeting guide,Missense,473,0.0,0.0,0.4228329809725158,58.35095137420719,370,0.5405405405405406,74.86486486486487,0.0,98.37837837837836,1320,0.0,80.98484848484848,0.0,97.87878787878788,2045,0.097799511002445,62.24938875305624,0.0488997555012225,97.89731051344744,0.685088959048092,0.5752438364418986,0.9999935409454064,1.0,0.5585582844728594,0.4416218657496718,0.8656979886696946,1.0,0.9999935409454064,0.8656979886696946,0.00012355011222337336,0.9999957543905527,0.0008149972315085681,0.9999999999999999,1.921495993410393e-05,0.9999812360773024,0.0001290147309861264,1.0,0.0008149972315085681,0.0001290147309861264,0.01939624159009793,0.998393924654601,0.08786731129972075,0.9999999995778844,0.005575871676677749,0.99444543458364,0.029528559865223007,1.0,0.08786731129972075,0.029528559865223007
gRNA_5236,Igf1r,0.849918192116767,0.3192366527512033,0.6507022428148312,-0.35765638552188905,-0.6430961217048302,0.16382091609121646,0.3192366527512033,,False,0.3848103504379832,0.6868721078668032,,1892.6624414863902,-0.10870445697198258,-0.13427069511920722,-0.31798542230022975,-0.1869868581304732,-0.13427069511920722,-0.1869868581304732,True,-0.013924604079816088,0.040473681822095556,-0.0015116032359955597,0.0,0.0,0.0,0.0,True,,,,0.11815331353837136,0.4447210036378962,0.5697224699392041,0.048991750059535134,0.6347976491350391,0.36327723726200917,0.4447210036378962,0.36327723726200917,True,0.6983383808774627,0.845688649520523,0.6311360249880923,Igf1r,IGF1R,D556G,D555G,targeting guide,Missense,340,0.0,0.0,0.8823529411764706,77.3529411764706,619,5.008077544426494,98.06138933764136,0.4846526655896607,93.37641357027464,1848,6.6017316017316015,98.48484848484848,0.3246753246753247,92.42424242424242,1716,7.284382284382285,97.96037296037296,0.0582750582750582,91.37529137529135,0.3104190587426009,0.8955319014753926,0.6979210753720227,1.0,0.19282156175185217,0.807315149511802,0.44470657084581483,1.0,0.6979210753720227,0.44470657084581483,0.002648056138171063,0.9998080397834546,0.01131442168127636,0.9999999999999999,0.0005952510491720129,0.9994091941009938,0.002602492959170661,1.0,0.01131442168127636,0.002602492959170661,0.05609536795119328,0.9084656627605263,0.19001674188872675,0.9999999995778844,0.05100374035913065,0.9491435302307166,0.1431149729480084,1.0,0.19001674188872675,0.1431149729480084
gRNA_5373,Inha,0.24869731557743627,0.258260306225968,-0.47139150225387205,0.27035065158314536,1.0606621638979594,0.2733157870061274,0.258260306225968,0.4594926093211273,True,0.5900725278413436,0.5798328997482246,0.7526252780914583,3940.505009642572,2.0055874475216457,1.5704558080246698,1.7485082187833234,1.774850491443213,1.7485082187833234,1.774850491443213,True,2.676606992795463,2.667884070999561,2.675169594531023,0.0,0.0,0.0,0.0,True,,,,0.44013674069986575,0.40677578349575433,0.3100593832396317,0.33680317925227743,0.28317821991094416,0.3553906613196947,0.33680317925227743,0.3553906613196947,True,0.683110861057163,0.6416834893545111,0.6180353242555432,Inha,INHA,V179A,V178A,targeting guide,Missense,1274,0.0,0.0,0.0784929356357927,78.64992150706436,10474,8.478136337597862,96.0759977086118,0.0190949016612564,89.25911781554325,3863,7.610665286047114,93.63189231167486,0.0517732332384157,89.51592026922081,8562,7.217939733707078,94.83765475356223,0.1284746554543331,89.02125671572063,4.72321574947423e-07,0.9999998280753413,2.9598818696705176e-05,1.0,1.3219595250879473e-07,1.0,8.284279690551137e-06,1.0,2.9598818696705176e-05,8.284279690551137e-06,0.0032567868807448098,0.9999541399625194,0.01331034638217444,0.9999999999999999,0.0005344160304727113,0.9994687055215999,0.0023921479459254697,1.0,0.01331034638217444,0.0023921479459254697,0.040803972945003875,0.9763059716738406,0.14611708406972818,0.9999999995778844,0.023214458582712417,0.9768703065982441,0.08551601410414011,1.0,0.14611708406972818,0.08551601410414011
gRNA_5374,Inha,0.6884279079944338,-0.14051413185742123,-0.02770855884187302,0.01591757651498828,1.1603212743862967,0.3392888136392849,0.01591757651498828,,False,0.7137474267974342,0.15441918837044322,,1220.0368579556036,-0.49635599291911037,-0.5325870387010686,-0.7813545669040041,-0.6034325328413943,-0.5325870387010686,-0.6034325328413943,True,-0.5850526063248837,-0.515375170944662,-0.5696995356516715,0.0,0.0,0.0,0.0,True,,,,0.6805895464309516,0.5283575699878119,0.41352181176689934,0.667377252318141,0.670451477511338,0.5920595316030284,0.667377252318141,0.5920595316030284,True,1.1400746866067557,1.2665924615883821,1.0111752705352648,Inha,INHA,V179A,V178A,targeting guide,Missense,50,0.0,0.0,4.0,72.0,244,2.0491803278688523,99.18032786885246,0.0,97.54098360655738,588,11.394557823129253,98.29931972789116,0.0,85.54421768707483,1397,6.728704366499642,97.2083035075161,0.0,90.83750894774516,0.8067942135471184,0.4296668367831157,0.9999935409454064,1.0,0.6987135082789828,0.3014521547237937,0.9907433883757389,1.0,0.9999935409454064,0.9907433883757389,8.142818310705405e-05,0.9999992655000448,0.0006248366703724964,0.9999999999999999,9.231236716634862e-06,0.9999909296655096,7.545532620553714e-05,1.0,0.0006248366703724964,7.545532620553714e-05,0.020566167097540666,0.988922770530409,0.09097504504323871,0.9999999995778844,0.011317504086687162,0.9887446133325133,0.050063312195227916,1.0,0.09097504504323871,0.050063312195227916
gRNA_5501,Inppl1,0.10299409856807994,-0.3674859255724381,0.37381073382836993,0.2837687624131853,0.45495809353808797,0.169609152555057,0.2837687624131853,0.3038829220869308,True,0.3956611419861711,0.6246109998837782,0.5355046074432588,1762.6321974148061,0.27186496918392217,0.4701219659271611,-0.08120686273838282,0.22026002412423348,0.27186496918392217,0.37099346755554163,True,0.544587856024655,0.6072343651535934,0.7597826227161323,0.0,0.0,0.0,0.0,True,,,,0.318773731675357,0.18005053352649675,0.4229989913825793,-0.007020331984959247,-0.20539540799004463,0.14188150332188584,0.18005053352649675,,False,0.2708641574169768,0.3453622024884329,,Inppl1,INPPL1,L58P,L58P,targeting guide,Missense,115,0.0,0.0,0.8695652173913043,66.08695652173913,853,0.0,94.021101992966,0.0,96.83470105509964,1981,0.0504795557799091,90.81272084805654,0.0504795557799091,95.20444220090864,2807,0.0,93.90808692554327,0.178126113288208,96.65122907018169,0.06981127922478839,0.9840249707960564,0.2734275102970879,1.0,0.03484402637787015,0.9652182779026117,0.1393761055114806,1.0,0.2734275102970879,0.1393761055114806,0.03705266702181036,0.9942101681083859,0.10396867761343802,0.9999999999999999,0.013238935532637183,0.9867997983910176,0.039195588663555755,1.0,0.10396867761343802,0.039195588663555755,0.10065835117653345,0.9788048759849947,0.2646681121844516,0.9999999995778844,0.04358304286893325,0.9564984746995325,0.13005733427554683,1.0,0.2646681121844516,0.13005733427554683
gRNA_5621,Irf8,0.1839571941674446,0.2982563645150563,0.5880682654792669,0.3088274606038803,-0.19908152591972839,0.23600555176918397,0.2982563645150563,0.344777321191412,True,0.5201297071395596,0.6500428524773006,0.5925641614924675,1551.8012666979168,-0.163174771275222,0.39182717472820355,0.03261823391810773,0.08709021245702976,0.03261823391810773,0.21222270432315565,True,0.3619541702512646,0.2733665099462807,0.5431598141068477,0.0,0.0,0.0,0.0,True,,,,0.8089576257744345,0.3040614050066055,0.14186799825135152,0.649355844680101,0.22490419675514495,0.42582941409352754,0.3040614050066055,0.42582941409352754,True,0.8191150676768932,0.5797892569871117,0.7350439001969534,Irf8,IRF8,T80A,T80A,targeting guide,Missense,545,0.5504587155963303,1.1009174311926606,0.0,76.5137614678899,894,10.961968680089486,82.66219239373602,0.0,84.45190156599553,2105,12.209026128266034,77.43467933491686,7.220902612826603,70.59382422802851,2865,7.43455497382199,66.70157068062828,9.808027923211167,67.39965095986038,0.12358568237232963,0.9664037182271928,0.3872351380999661,1.0,0.06751733237237738,0.9325712153118512,0.21513997433910081,1.0,0.3872351380999661,0.21513997433910081,0.0007780521008055737,0.9999469145314448,0.004007501231546517,0.9999999999999999,0.00016027519814631395,0.9998417658918091,0.0008123899901664945,1.0,0.004007501231546517,0.0008123899901664945,0.07243481589905292,0.9901887446067812,0.2130446596983898,0.9999999995778844,0.026885685881319454,0.9731730544339188,0.09447680272314125,1.0,0.2130446596983898,0.09447680272314125
gRNA_5624,Irs1,-1.1614913887061626,-0.5552471574047247,-0.7133364720852106,-0.09470355470951207,-0.4087864293473954,-0.5867130004506012,-0.5552471574047247,-0.5867130004506012,True,-1.0221617263103733,-0.8482158382906411,-0.7071351498546207,1278.8982853131106,-0.04919173551153232,0.4176983738756533,-0.01925636216232318,0.11641675873393259,-0.01925636216232318,-0.03422404883692775,True,0.4021736101566054,0.20097572010383366,0.20691410516585365,0.0,0.0,0.0,0.0,True,,,,-0.569267382164721,-0.9728409631426432,-0.8753311709381754,-0.43647657782646193,-0.31193111680193797,-0.6331694421747879,-0.569267382164721,-0.6331694421747879,True,-1.2256159019418464,-1.0711296724739752,-1.0241006504369654,Irs1,IRS1,V277A,V282A,targeting guide,Missense,33,0.0,3.0303030303030303,0.0,60.60606060606061,116,3.4482758620689653,87.06896551724138,0.0,86.20689655172414,195,0.0,83.07692307692308,1.5384615384615383,74.87179487179488,311,0.0,86.81672025723472,0.0,91.96141479099678,0.10990180779768537,0.9731954696942765,0.3689560690350866,1.0,0.05782459452583583,0.9422560272983217,0.19587430217760604,1.0,0.3689560690350866,0.19587430217760604,0.9848721784058582,0.04828789284342098,0.9999998615455512,0.5501893245189784,0.9771915697362761,0.02287591430054238,1.0,0.2774627024839979,0.5501893245189784,0.2774627024839979,0.9187075638702976,0.2201931723935906,0.9999999963825513,0.9999999995778844,0.8682514176718306,0.13192721612843167,0.9892804031654797,1.0,0.9999999963825513,0.9892804031654797
gRNA_5625,Irs1,0.5268925444219409,-0.3118497155683214,-0.3393860972975446,-0.3374577634366039,-0.15802328086526052,-0.12396486254915791,-0.3118497155683214,-0.28667921429193255,True,-0.15468099793165455,-0.420950662252679,-0.28850095023794803,1785.6416644727406,-1.6124937756486792,-0.7917631490017546,-1.4347082400187594,-1.279655054889731,-1.4347082400187594,-1.279655054889731,True,-1.5124475621223668,-1.774281672997224,-1.4923204199297195,0.0,0.0,0.0,0.0,True,,,,0.4557984125407722,0.510362949617293,-0.3999409611442697,-0.08276240847730275,-0.4002053085085219,0.01665053680559416,-0.08276240847730275,,False,0.029066317810745004,-0.15145281979745656,,Irs1,IRS1,V277A,V282A,targeting guide,Missense,55,1.818181818181818,7.272727272727272,5.454545454545454,58.18181818181818,199,3.0150753768844223,75.37688442211055,0.0,79.39698492462311,783,3.0651340996168583,74.96807151979566,1.9157088122605364,81.09833971902937,1761,3.1232254400908577,68.71095968199886,0.1135718341851221,81.60136286201022,0.9961230953142428,0.0034978137482226217,0.9999935409454064,0.141355831574562,0.9980267388720219,0.001995266180365941,1.0,0.06820182580159943,0.141355831574562,0.06820182580159943,0.08699776015409989,0.8972020574245767,0.20835132368115644,0.9999999999999999,0.07708167268610376,0.9231060364902428,0.17048652311750007,1.0,0.20835132368115644,0.17048652311750007,0.4127757608533408,0.8271761227733933,0.6897941603593606,0.9999999995778844,0.28213557585425875,0.7181101551865664,0.5200145907902024,1.0,0.6897941603593606,0.5200145907902024
gRNA_5740,Jak1,0.7119620623000257,0.41240558272092476,0.6470271066109229,0.30784549321543025,0.04455204299089007,0.42475845756763864,0.41240558272092476,0.42475845756763864,True,0.8739712351642853,0.8504228788380855,0.7041610567620776,2154.328241284763,1.7624164298873122,1.8528228338084725,1.949506272491633,1.8549151787291391,1.8528228338084725,1.8549151787291391,True,2.786410474202081,2.813454696013642,2.7844078262885663,0.0,0.0,0.0,0.0,True,,,,0.6640248820055827,0.2465071376043611,0.734018079133693,0.9330371275587586,0.2642935163646425,0.5683761485334076,0.6640248820055827,0.5683761485334076,True,1.0943464532463902,1.2602552244689098,0.9718338736858775,Jak1,JAK1,Y651H,Y652H,targeting guide,Missense,1291,7.513555383423703,17.815646785437647,0.2323780015491866,32.92021688613478,1155,8.225108225108226,61.81818181818182,0.0,67.0995670995671,3818,7.569408067050812,62.75536930330016,0.2095337873232058,66.68412781561027,5349,9.328846513366983,65.71321742381754,0.0373901663862404,66.76014208263227,8.353059254041925e-08,0.9999999908515531,6.2815005590395276e-06,1.0,1.8166810535879592e-08,1.0,1.3661441522981452e-06,1.0,6.2815005590395276e-06,1.3661441522981452e-06,8.847465596598744e-05,0.999994434744024,0.0006653294128642255,0.9999999999999999,1.417419706111823e-05,0.999986140827237,0.00010183708594436766,1.0,0.0006653294128642255,0.00010183708594436766,0.014473795342879285,0.999014348316292,0.073164445151967,0.9999999995778844,0.003791048025535674,0.9962242233369434,0.021597485721233534,1.0,0.073164445151967,0.021597485721233534
gRNA_6080,Keap1,0.8961009229620385,0.4418493606134065,1.1022830492770266,-0.8026459894042878,1.5065036536067025,0.6288181994109773,0.8961009229620385,0.9866842466147936,True,1.2565073903389048,1.6995122247966583,1.488210599826934,522.2613918266093,1.4669605463611404,1.2517413671567588,1.4123525555416947,1.3770181563531978,1.4123525555416947,1.3770181563531978,True,2.131005968301278,2.198780197220135,2.132377231325892,0.0,0.0,0.0,0.0,True,,,,0.3056326319872904,0.38046956409007193,0.3292635531167097,0.0764899176398798,1.1843595007208942,0.45524303351096923,0.3292635531167097,0.45524303351096923,True,0.8759073278341448,0.6274307683963659,0.7839040174731355,Keap1,KEAP1,Y33H,Y33H,targeting guide,Missense,87,0.0,2.2988505747126435,0.0,42.52873563218391,749,0.1335113484646194,75.70093457943925,0.0,81.70894526034714,895,0.4469273743016759,55.41899441340782,0.0,60.89385474860335,1236,0.4045307443365696,53.23624595469256,0.8090614886731392,63.26860841423948,0.00030333881556069927,0.9999849732950722,0.007603692976721528,1.0,8.297634171028881e-05,0.9999185726990444,0.0020799402988712396,1.0,0.007603692976721528,0.0020799402988712396,0.0005648122052473786,0.9998991680583302,0.0030778172343915123,0.9999999999999999,0.00016204587569810397,0.9998428608539423,0.0008123899901664945,1.0,0.0030778172343915123,0.0008123899901664945,0.0007713103851797586,0.9656840905933609,0.008055908467433034,0.9999999995778844,0.0010042429447159565,0.999012283672197,0.007783471147481304,1.0,0.008055908467433034,0.007783471147481304
gRNA_6081,Keap1,0.011709385846141292,0.3845803680833184,-0.27878766832699914,0.37485169887661246,0.5606041447465614,0.21059158584512688,0.37485169887661246,0.3329363993881584,True,0.47248796886964056,0.7844999723745326,0.576042639415593,337.1154475929957,0.21605946191792447,0.2378556687010798,0.36376214095580645,0.2725590905249369,0.2378556687010798,0.2725590905249369,True,0.6163126045970828,0.5597745233434551,0.6254812514689266,0.0,0.0,0.0,0.0,True,,,,0.14248085914040431,-0.01196101567850172,-0.5797755090703853,-0.2395133432903771,-0.3425405427079811,-0.20626191032136817,-0.2395133432903771,-0.2934476026868113,True,-0.4013363983547162,-0.4477708723968818,-0.4597753736633069,Keap1,KEAP1,Y33H,Y33H,targeting guide,Missense,36,5.555555555555555,8.333333333333334,0.0,27.77777777777778,178,8.426966292134832,84.26966292134831,0.0,76.96629213483146,221,2.262443438914027,91.4027149321267,0.0,89.59276018099547,316,4.430379746835443,86.07594936708861,0.3164556962025316,84.17721518987342,0.0578684801953736,0.9906971851087669,0.25300637852861013,1.0,0.026203154508141098,0.9738464945961411,0.1159104246477771,1.0,0.25300637852861013,0.1159104246477771,0.459838160395733,0.7382963485768924,0.7420564305098525,0.9999999999999999,0.3489931521421902,0.6512712744537336,0.5631820824268821,1.0,0.7420564305098525,0.5631820824268821,0.07242698565453687,0.9860351823365588,0.2130446596983898,0.9999999995778844,0.029662585671921708,0.9704027562516956,0.10047866858236541,1.0,0.2130446596983898,0.10047866858236541
gRNA_6087,Keap1,1.3635229196707463,-0.19374461411265806,0.5235441870864377,0.572231639381703,1.7872435371831952,0.8105595338418847,0.572231639381703,1.0616355708305205,True,1.5972048286551708,1.1309850232854366,1.592789447512665,1134.4202363446839,0.7823202086671713,0.617611774893472,0.6850714517715383,0.6950011451107271,0.6850714517715383,0.6950011451107271,True,1.1956642496042318,1.183862346914804,1.2018504927322595,0.0,0.0,0.0,0.0,True,,,,1.0083516646730992,0.2630546428632955,0.24907133052133723,0.22485901661719065,0.9851603775105271,0.5460994064370899,0.2630546428632955,0.5460994064370899,True,1.05133418350036,0.5022710979011478,0.9348291033476879,Keap1,KEAP1,H311R,H311R,targeting guide,Missense,115,0.0,0.8695652173913043,0.8695652173913043,66.95652173913044,1110,1.0810810810810811,87.92792792792793,0.2702702702702703,97.92792792792793,1961,0.3569607343192248,82.20295767465579,0.5099439061703213,98.92911779704232,2602,1.5372790161414296,80.70714834742506,0.0768639508070714,97.80937740199846,0.008768937312497904,0.9991589211670819,0.06728817203059616,1.0,0.0031774562729206543,0.9968371479627868,0.02438211344118706,1.0,0.06728817203059616,0.02438211344118706,0.0001379133342891017,0.9999770480244679,0.0008789053168254617,0.9999999999999999,3.104118372500643e-05,0.9999698133614118,0.0002047628961509196,1.0,0.0008789053168254617,0.0002047628961509196,8.069166019322053e-05,0.9988567139138247,0.0015968454859289958,0.9999999995778844,6.025610931972455e-05,0.9999442586347874,0.0009062518841686573,1.0,0.0015968454859289958,0.0009062518841686573
gRNA_6111,Kit,0.6106552405464093,0.03779435179803475,0.7971906710018266,-0.5747992745399481,0.5200413226427655,0.2781764622898176,0.5200413226427655,0.491420396497259,True,0.5991844870047667,1.0393690034098984,0.7971738064460046,1218.966650185467,-0.7868070761129969,-0.8035738972202487,-0.6832269503074226,-0.7578693078802227,-0.7868070761129969,-0.7578693078802227,True,-0.7968525412439432,-0.8701382089737584,-0.7804091605245159,0.0,0.0,0.0,0.0,True,,,,0.6677804385632212,0.6058303018185167,0.5576599708038131,-0.3364276598852882,0.21492904237574306,0.34195441873520116,0.5576599708038131,0.5115499383903235,True,0.6571679611520255,1.0591856526044472,0.8774376264050813,Kit,KIT,I800V,I798V,targeting guide,Missense,419,0.0,0.2386634844868735,0.0,71.36038186157518,323,16.71826625386997,89.47368421052632,0.3095975232198142,75.23219814241486,1061,13.47785108388313,91.14043355325164,0.0,81.43261074458059,1834,12.704471101417669,89.53107960741549,0.0,80.6979280261723,0.9323064900511092,0.23483704910088452,0.9999935409454064,1.0,0.8637169187664651,0.13640039796514353,1.0,0.6491968308214425,0.9999935409454064,0.6491968308214425,0.0020644864313233676,0.9958636576406517,0.009132316449148073,0.9999999999999999,0.0009884476617465438,0.9990205502978597,0.004034169202745837,1.0,0.009132316449148073,0.004034169202745837,0.028296497748429267,0.9726517917799099,0.1182164794823267,0.9999999995778844,0.017052510627608826,0.9830076886710818,0.0682100425104353,1.0,0.1182164794823267,0.0682100425104353
gRNA_6125,Kit,-0.15476326892508518,-1.0499309623781665,0.4748122879760093,-0.8482108084174877,0.16981419171439466,-0.2816557120060671,-0.15476326892508518,,False,-0.45029271787481073,-0.14519768896008153,,441.99580906637215,-0.3835959215149686,-0.7041761672082419,-0.3989965894633183,-0.4955895593955096,-0.3989965894633183,-0.4955895593955096,True,-0.43715302248823884,-0.32895023723079275,-0.4225613137207788,0.0,0.0,0.0,0.0,True,,,,-0.23366231792736056,-0.3006099069023902,-0.03767965796108883,0.2811600290757989,-0.7593257042730926,-0.2100235115976267,-0.23366231792736056,-0.33281939676598304,True,-0.4085993548531077,-0.4367102401694158,-0.5251774055853389,Kit,KIT,L579P,L576P,targeting guide,Missense,109,0.0,0.0,0.0,76.14678899082568,67,10.447761194029852,88.05970149253731,0.0,83.58208955223881,270,7.407407407407407,87.4074074074074,0.0,90.74074074074076,443,3.160270880361174,95.48532731376976,0.0,95.03386004514672,0.6675967733009472,0.591612975334135,0.9999935409454064,1.0,0.5396998452702485,0.4604816514471557,0.8547074018114322,1.0,0.9999935409454064,0.8547074018114322,0.39432369394905115,0.6429109608934188,0.6774739795829557,0.9999999999999999,0.360884475898095,0.6394408005105757,0.5766113365788206,1.0,0.6774739795829557,0.5766113365788206,0.4384645735481118,0.44736984706702343,0.7121238767195521,0.9999999995778844,0.49205677732219966,0.5083245815349137,0.7710944988007056,1.0,0.7121238767195521,0.7710944988007056
gRNA_6472,Kmt2d,2.0852600981650995,1.8367743129654275,-0.10834732662527277,0.4301441679928177,0.2420064057256673,0.8971675316447477,0.4301441679928177,1.1485462462122529,True,1.759562627344901,0.8815615781673658,1.7140550606037683,499.25192476867454,-0.20727115471876492,0.3687676462161684,0.03824498799512109,0.06658049316417486,0.03824498799512109,0.20350631710564476,True,0.33382643182663935,0.28121862259218267,0.5312673961229418,0.0,0.0,0.0,0.0,True,,,,0.5832975820170927,0.7829328777615481,1.0308922403714864,0.7789239049662993,0.26085920626985126,0.6873811622772557,0.7789239049662993,0.6873811622772557,True,1.3241231293038167,1.4774574680784731,1.1695177712523952,Kmt2d,KMT2D,K4845R,K4794R,targeting guide,Missense,20,0.0,0.0,0.0,85.0,136,1.4705882352941178,86.02941176470588,0.0,91.91176470588236,729,0.1371742112482853,94.92455418381344,0.0,99.17695473251028,701,0.2853067047075606,72.18259629101284,0.1426533523537803,89.01569186875892,0.13052571306557118,0.9625477903119342,0.39960427404264454,1.0,0.0726708271274176,0.9274217494537476,0.22028862913610492,1.0,0.39960427404264454,0.22028862913610492,1.4535912969098354e-05,0.9999993537431022,0.00014771630476705355,0.9999999999999999,1.830993335697149e-06,0.9999982331406833,1.860685119519265e-05,1.0,0.00014771630476705355,1.860685119519265e-05,4.2660805868635035e-05,0.9985288147757223,0.0010519813490207405,0.9999999995778844,5.501907751807022e-05,0.9999516471827213,0.0008619655477831001,1.0,0.0010519813490207405,0.0008619655477831001
gRNA_6480,Kmt2d,0.09691433025435611,-0.5339818313429564,-1.2690052729886638,-0.37793925177692217,-1.3987840681384527,-0.6965592187985278,-0.5339818313429564,-0.8949276060617487,True,-1.2280825495345222,-0.8108862212875457,-1.1371839666300618,798.910100406893,-0.0069422810640513595,-0.04646312723282015,0.21412894224888387,0.05357451131733745,-0.0069422810640513595,-0.026702704148435757,True,0.31598957847337517,0.21815997066658888,0.21717603738668032,0.0,0.0,0.0,0.0,True,,,,-0.5173470718857017,-0.4883771485402493,-0.8082641284885472,0.14574661521205448,-1.0727578016254855,-0.5481999070655859,-0.5173470718857017,-0.7216865376349959,True,-1.0615554415518191,-0.9729808145384009,-1.1711398707298666,Kmt2d,KMT2D,Non-coding,,targeting guide,Intron,100,0.0,0.0,0.0,91.0,38,5.2631578947368425,97.36842105263158,0.0,92.10526315789474,171,5.2631578947368425,98.83040935672514,0.0,93.5672514619883,329,4.86322188449848,99.08814589665654,0.0,94.5288753799392,0.13453485796716824,0.9687886730780234,0.40468085276524207,1.0,0.07071191497738245,0.9293740942032578,0.22028862913610492,1.0,0.40468085276524207,0.22028862913610492,0.8567811087490342,0.06813187236434239,0.9999998615455512,0.6834725354335134,0.931128390358734,0.06906307921517345,1.0,0.5403600377420308,0.6834725354335134,0.5403600377420308,0.8964954880843327,0.06941448528288494,0.9999999963825513,0.9999999995778844,0.9351224401590976,0.06505776923203133,1.0,0.9028887554936186,0.9999999963825513,0.9028887554936186
gRNA_6629,Kmt2d,0.7100041129255301,0.8029046575838712,0.29075849529997505,0.49124800252900785,0.6527002019261268,0.5895230940529023,0.6527002019261268,0.5895230940529023,True,1.1828436760507632,1.272241292380385,0.9340555383244417,988.3368757210526,0.35019073889470154,0.42208600685488185,0.2352134390851906,0.3358300616115913,0.35019073889470154,0.3358300616115913,True,0.7030846027500479,0.7165376612330381,0.7118065621318672,0.0,0.0,0.0,0.0,True,,,,1.0871465526647437,1.0912288713846485,0.5739396663728455,0.9508354215566291,0.9636803198244311,0.9333661663606596,0.9636803198244311,0.9333661663606596,True,1.7990746865543106,1.8267163807688416,1.5781331129117864,Kmt2d,KMT2D,M3726V,M3728V,targeting guide,Missense,102,0.0,5.882352941176471,0.0,81.37254901960785,539,0.3710575139146567,41.55844155844156,0.1855287569573283,90.9090909090909,1544,0.4533678756476684,29.015544041450777,0.194300518134715,93.06994818652848,3326,0.3006614552014431,45.30968129885749,0.6313890559230306,92.45339747444378,0.04479992564826748,0.9932917071832432,0.21055965054685716,1.0,0.0196296335036299,0.9804126904773167,0.09342711642233976,1.0,0.21055965054685716,0.09342711642233976,3.834733131864851e-07,0.9999999970130321,7.588735039900968e-06,0.9999999999999999,2.8721581873876976e-08,0.9999999732993309,5.683849886619865e-07,1.0,7.588735039900968e-06,5.683849886619865e-07,0.003136942982965861,0.9999057161199861,0.021842417807317844,0.9999999995778844,0.0005903438179927927,0.9994134089508091,0.004825419034028044,1.0,0.021842417807317844,0.004825419034028044
gRNA_6712,Kras,1.0603846432676156,0.1801244638191368,-0.05464870733971898,0.5881462607099693,0.9936764875615636,0.5535366296037132,0.5881462607099693,0.7055829638395714,True,1.1153824334540268,1.1589218965413586,1.0959927365240576,1139.2361713102982,1.1539452334906335,0.6357847420151664,0.7769349263331031,0.8555549672796344,0.7769349263331031,0.8555549672796344,True,1.4158533145327843,1.312057455574009,1.4209060617999654,0.0,0.0,0.0,0.0,True,,,,0.7878270866467348,0.6694352726386645,0.9488744937268478,0.7199414746440166,0.9513333142969715,0.815482328390647,0.7878270866467348,0.815482328390647,True,1.5714627935970527,1.494287820386302,1.3823116444132242,Kras,KRAS,Q61R,Q61R,targeting guide,Missense,489,0.4089979550102249,0.8179959100204499,0.2044989775051124,24.539877300613497,1637,10.201588271227855,74.16004886988394,0.0,77.94746487477092,1980,8.93939393939394,70.8080808080808,0.1515151515151515,76.96969696969697,3558,6.520517144463182,74.73299606520517,0.5902192242833052,80.55087127599775,0.004358326088126579,0.9995782998629916,0.047689953995541004,1.0,0.0015194716400674035,0.9984903938755686,0.01666156222659566,1.0,0.047689953995541004,0.01666156222659566,1.5752253784678122e-06,0.9999999953937326,2.575151053495206e-05,0.9999999999999999,1.1854088058781997e-07,0.9999998869871229,1.937885700044361e-06,1.0,2.575151053495206e-05,1.937885700044361e-06,0.003696771590965299,0.9988176774533207,0.025186406284896073,0.9999999995778844,0.0012651924604941583,0.9987448288259472,0.00951424730291607,1.0,0.025186406284896073,0.00951424730291607
gRNA_6743,Lats1,0.47092807885572324,0.9713199129303112,0.541151052813025,-0.3473483203029664,0.23892694979353632,0.37499553481792586,0.47092807885572324,0.555581498598149,True,0.7806842547586098,0.953154544481565,0.8866971630266702,2067.1063080186386,1.7033686228581046,1.9895331872632263,1.8786196283888907,1.8571738128367405,1.8786196283888907,1.8571738128367405,True,2.7895080431384676,2.8494540189227666,2.7874894494668414,0.0,0.0,0.0,0.0,True,,,,0.7058889375306499,0.859754115798702,0.9406846845920753,0.603620331502268,0.37846483422164473,0.697682580729068,0.7058889375306499,0.697682580729068,True,1.344013263476054,1.339393989554395,1.1866298616253368,Lats1,LATS1,H748R,H749R,targeting guide,Missense,356,0.0,3.0898876404494384,0.5617977528089888,80.89887640449439,4587,24.046217571397428,91.25790276869414,0.0,69.39175931981687,3090,25.88996763754045,91.06796116504854,0.2265372168284789,67.18446601941747,5720,20.874125874125877,91.013986013986,0.3846153846153846,72.13286713286713,9.266648834258332e-09,0.9999999963347348,8.710649904202832e-07,1.0,1.9635159065796057e-09,1.0,1.8457049521848295e-07,1.0,8.710649904202832e-07,1.8457049521848295e-07,1.3915991750576376e-05,0.9999997202532181,0.00014534480272824216,0.9999999999999999,1.5488715744634368e-06,0.999998500559723,1.6639306057092922e-05,1.0,0.00014534480272824216,1.6639306057092922e-05,0.020081519370130606,0.9915931676456236,0.08988870575201319,0.9999999995778844,0.00877886339117403,0.9912567250903737,0.04126065793851794,1.0,0.08988870575201319,0.04126065793851794
gRNA_6745,Lats1,-0.009886243509559613,0.022420990801970086,-0.050978025215653214,-0.04320040104592907,1.5124614713665712,0.28616355847947983,-0.009886243509559613,,False,0.6141573230958213,0.10912260011521119,,2328.237003931943,0.12083505987271713,0.11546036757265381,0.035270476439852906,0.09052196796174128,0.11546036757265381,0.09052196796174128,True,0.36666059844735505,0.3889723737141233,0.3771144113909772,0.0,0.0,0.0,0.0,True,,,,0.4420204172374934,0.06671927217317235,0.3302165245019096,0.18015879296474002,0.4437242032657491,0.2925678420286129,0.3302165245019096,0.2925678420286129,True,0.561811613713415,0.6292322417042103,0.5136778742382739,Lats1,LATS1,H748R,H749R,targeting guide,Missense,708,0.1412429378531073,2.401129943502825,0.7062146892655368,78.8135593220339,848,27.94811320754717,82.90094339622641,0.0,61.79245283018868,2194,30.0820419325433,84.86782133090246,0.0,60.1640838650866,2905,23.44234079173838,81.89328743545612,0.0,64.23407917383821,0.12032884410106659,0.9750036105905793,0.3862135066673369,1.0,0.06092129527033175,0.9391569014584533,0.20093339492670823,1.0,0.3862135066673369,0.20093339492670823,0.0074541818374775914,0.9997392812328842,0.026949734335495905,0.9999999999999999,0.0015709539778528308,0.9984365754028466,0.005906786956726644,1.0,0.026949734335495905,0.005906786956726644,0.032099584815316426,0.9805904731343071,0.12442725660370078,0.9999999995778844,0.0224679968010551,0.9777139461930415,0.08424797609382305,1.0,0.12442725660370078,0.08424797609382305
gRNA_6781,Lck,0.21165575993956334,-0.17853756549367308,-0.5622708526206749,0.4410536935818886,-0.4299640713302186,-0.10361260718462292,-0.17853756549367308,,False,-0.11652808523093024,-0.18693160749232296,,1590.863850307899,0.3680878733532681,0.04964983724254589,0.014562947029220716,0.1441002192083449,0.04964983724254589,0.1441002192083449,True,0.4401396653616609,0.29713404377011393,0.45021522056467606,0.0,0.0,0.0,0.0,True,,,,0.5746775043670789,0.15027291739609297,-0.3528903536222675,0.024491267718440263,0.2409654257936587,0.12750335233060067,0.15027291739609297,0.24760177881881767,True,0.24310260654870433,0.28907134059764616,0.4389829823686931,Lck,LCK,T497A,T486A,targeting guide,Missense,96,0.0,11.458333333333334,0.0,48.958333333333336,436,6.422018348623853,48.39449541284404,0.4587155963302752,56.65137614678899,702,10.398860398860398,47.00854700854701,0.0,49.43019943019943,1925,7.064935064935065,47.11688311688312,0.1558441558441558,53.76623376623377,0.09770065590993367,0.9787748366357992,0.34526487111569243,1.0,0.04938676168418929,0.9506857850011415,0.1768516418405255,1.0,0.34526487111569243,0.1768516418405255,0.03403080427006095,0.9854988975501278,0.09920411139301298,0.9999999999999999,0.016309618569912476,0.9837454523500225,0.04681234032280222,1.0,0.09920411139301298,0.04681234032280222,0.33951096031890143,0.8302850138043917,0.6227127857556436,0.9999999995778844,0.2393499057729045,0.7608853764745322,0.478699811545809,1.0,0.6227127857556436,0.478699811545809
gRNA_6782,Lck,-0.007734732297163485,0.005180972771106798,-0.3438511246207741,0.8436246281128036,1.4473717753410358,0.3889183038614017,0.005180972771106798,,False,0.8067842708184376,0.13557192007514735,,395.97687495050286,-1.469286608376724,-0.8999903908798003,-1.240380078560185,-1.203219025938903,-1.240380078560185,-1.203219025938903,True,-1.4076205482638706,-1.5030975065739292,-1.3880330377116596,0.0,0.0,0.0,0.0,True,,,,0.37241316994699364,0.6246757923747325,0.5615094443280257,0.09019210218870453,-0.0070294755476939695,0.32835220665815246,0.37241316994699364,0.41219762720961406,True,0.6309046048465521,0.7089997264686636,0.712399604152347,Lck,LCK,T497A,T486A,targeting guide,Missense,3,0.0,0.0,0.0,33.333333333333336,18,0.0,38.888888888888886,0.0,38.888888888888886,133,4.511278195488722,68.42105263157895,0.0,69.17293233082707,378,2.9100529100529102,48.41269841269841,0.5291005291005291,47.883597883597886,0.9967852968798069,0.012177785654734543,0.9999935409454064,0.2543804114544549,0.9944894405541009,0.005537020719464678,1.0,0.10957472581677469,0.2543804114544549,0.10957472581677469,0.004092134779530796,0.9995896750323774,0.016196238706353464,0.9999999999999999,0.001041007044728193,0.9989659975412128,0.00407727759185209,1.0,0.016196238706353464,0.00407727759185209,0.009805493772807997,0.9797541861430629,0.051927685332053615,0.9999999995778844,0.008659033207824067,0.9914316915403605,0.041212613748631,1.0,0.051927685332053615,0.041212613748631
gRNA_6797,Lyn,-0.9984331067521172,0.32473170003039104,-0.2716691329237527,-0.34888704296104056,-0.24164847590479518,-0.3071812117022629,-0.2716691329237527,-0.4651594396354264,True,-0.49814354050395065,-0.3504167914469265,-0.5375326584355155,1662.567770907044,-0.43567406987384216,-0.11634926929958947,0.03686024222067155,-0.1717210323175867,-0.11634926929958947,-0.2760116695867158,True,0.0070114774515558625,0.06548295935311352,-0.1229748015034054,0.0,0.0,0.0,0.0,True,,,,-0.08432952128992034,-0.07792704545031355,-0.18648752639014066,-0.06356455422029489,-0.3751783754493166,-0.15749740455999722,-0.08432952128992034,-0.15749740455999722,True,-0.3071811548827975,-0.1544152507226195,-0.2339431654632705,Lyn,LYN,V303A,V303A,targeting guide,Missense,35,0.0,5.714285714285714,5.714285714285714,45.71428571428572,206,43.20388349514563,68.44660194174757,0.970873786407767,36.89320388349515,322,47.82608695652174,72.67080745341615,0.0,31.366459627329192,400,46.75,72.25,0.25,32.0,0.29659602167588983,0.8813771559350284,0.6841724180989851,1.0,0.1939677596242384,0.8061758186156632,0.44470657084581483,1.0,0.6841724180989851,0.44470657084581483,0.4667603100636718,0.877779242631558,0.7468164961018748,0.9999999999999999,0.26598730056117936,0.7342124552415725,0.45876708720643783,1.0,0.7468164961018748,0.45876708720643783,0.620410507255951,0.5464873146117439,0.8869747175978615,0.9999999995778844,0.5375617369344138,0.4627368724133179,0.7864716462542397,1.0,0.8869747175978615,0.7864716462542397
gRNA_6833,Map2k1,0.4545636219638104,-0.26605154544721415,0.333971623910466,1.2632200116540677,0.8389936916262859,0.5249394807414831,0.4545636219638104,0.7226872372886575,True,1.061773410547822,0.9244280200697418,1.1198581615385463,1307.2587912217277,0.044695901173181174,0.047586762997679485,0.057624849216700344,0.049969171129187,0.047586762997679485,0.049969171129187,True,0.3110450902385014,0.2942550319729343,0.3217852023603959,0.0,0.0,0.0,0.0,True,,,,-0.1328383659631543,0.06972296337328189,0.18048842491301878,0.34957704305345577,0.013815478077944329,0.09615310869090929,0.06972296337328189,0.1534009773544252,True,0.18257108312378353,0.13680171910240146,0.28250233502845884,Map2k1,MAP2K1,N122D,N122D,targeting guide,Missense,160,0.0,0.625,0.0,65.0,672,3.125,98.0654761904762,0.1488095238095238,95.23809523809524,2080,1.4903846153846154,99.08653846153848,0.0,97.83653846153848,1278,3.5211267605633805,96.1658841940532,0.0,92.64475743348984,0.1371929078201699,0.9703323499355261,0.40838120895261104,1.0,0.0708261689300221,0.9292581095141355,0.22028862913610492,1.0,0.40838120895261104,0.22028862913610492,0.06234157874057834,0.9939927302920574,0.1573183463520635,0.9999999999999999,0.020834957305658233,0.9792129156876268,0.055208878719399515,1.0,0.1573183463520635,0.055208878719399515,0.0039901865364340965,0.9965291611560263,0.02632123048595123,0.9999999995778844,0.0018467149318456434,0.9981702932181237,0.012624814806799308,1.0,0.02632123048595123,0.012624814806799308
gRNA_6834,Map2k1,-0.2501567650493494,0.19960837275642695,-0.1512715775562204,-0.5770327795389757,-0.8164308445766051,-0.3190567187929447,-0.2501567650493494,-0.4487229916802876,True,-0.520405701487698,-0.31265351185983753,-0.5145990437838583,506.2082752745618,-0.700219105694525,-0.48127045482915565,-0.5528748156886413,-0.5781214587374407,-0.5528748156886413,-0.5781214587374407,True,-0.5503401238439393,-0.5436866819972143,-0.5351657471273259,0.0,0.0,0.0,0.0,True,,,,0.5779072806167287,0.6705169417321719,0.8978664733972139,-0.04839411957894134,-0.15142131899654568,0.38929505143412546,0.5779072806167287,,False,0.7485739690318965,1.0974606614348248,,Map2k1,MAP2K1,N122D,N122D,targeting guide,Missense,39,0.0,0.0,0.0,79.48717948717949,154,0.6493506493506493,98.7012987012987,0.0,98.7012987012987,343,0.2915451895043732,97.95918367346938,0.5830903790087464,91.83673469387756,723,0.1383125864453665,98.61687413554634,2.351313969571231,93.08437067773168,0.7899706332401282,0.47779150649692614,0.9999935409454064,1.0,0.6655980793003361,0.3345679141139529,0.9552094573165129,1.0,0.9999935409454064,0.9552094573165129,0.0010889530340054878,0.9980235246375485,0.00505489309612424,0.9999999999999999,0.000546715744314136,0.9994613068823979,0.002418413174848413,1.0,0.00505489309612424,0.002418413174848413,0.6679938417214117,0.5908176458156196,0.9133297617718211,0.9999999995778844,0.5428953857504012,0.4573710480558597,0.7911963761323676,1.0,0.9133297617718211,0.7911963761323676
gRNA_6835,Map2k1,-0.035710143367293466,-0.058940753606681065,-0.49829878517862813,-1.4472186902644573,-0.19717256759834972,-0.4474681880030819,-0.19717256759834972,-0.4474681880030819,True,-0.7611294683034084,-0.21964389647387308,-0.5128482285179893,1077.6992245274496,-0.6442924408739696,-0.5554805056275234,-0.9143284321734245,-0.7047004595583058,-0.6442924408739696,-0.7047004595583058,True,-0.723934943660906,-0.6712596096480801,-0.7078669303334519,0.0,0.0,0.0,0.0,True,,,,-0.49065745184251447,0.11249496628791421,0.20896542627859255,-1.2423815252308705,-0.058351089608164805,-0.2939859348230086,-0.058351089608164805,,False,-0.5707152684227782,-0.10530627223579428,,Map2k1,MAP2K1,N122D,N122D,targeting guide,Missense,148,0.0,0.0,0.6756756756756757,84.45945945945945,204,7.352941176470588,80.88235294117646,4.411764705882353,86.76470588235294,566,6.360424028268551,89.39929328621908,0.0,92.04946996466433,1331,4.883546205860255,93.2381667918858,0.0751314800901577,94.1397445529677,0.8854219934107972,0.2933553915082458,0.9999935409454064,1.0,0.8091641904658994,0.19097941579652833,1.0,0.8046360460836547,0.9999935409454064,0.8046360460836547,0.3530983090169766,0.24477555832752354,0.6146526119925148,0.9999999999999999,0.5184662216921235,0.48238471248970644,0.7585342387402275,1.0,0.6146526119925148,0.7585342387402275,0.7271139248653501,0.3038560614837251,0.9390465765995937,0.9999999995778844,0.7054380933824002,0.29494327974212275,0.9114938938549225,1.0,0.9390465765995937,0.9114938938549225
gRNA_6842,Map2k1,0.6340594992553495,1.157923381968696,1.0198406052098463,0.8388294421915585,0.6967538811797944,0.8694813619610489,0.8388294421915585,0.8694813619610489,True,1.7076613517349124,1.5989766187987893,1.324678564191993,1121.577743103046,0.8125275769308673,0.5302015118220431,0.8774746712492204,0.7400679200007102,0.8125275769308673,0.7400679200007102,True,1.2574703834496872,1.3617268560906595,1.2633384591114447,0.0,0.0,0.0,0.0,True,,,,1.122230959202972,0.7868587098486219,0.7734723490297825,1.3413133828615742,1.1711719875854327,1.0390094777056766,1.122230959202972,1.0390094777056766,True,2.003052386021722,2.126436549934457,1.753621362368803,Map2k1,MAP2K1,K57E,K57E,targeting guide,Missense,147,0.0,0.0,0.0,30.612244897959183,1351,0.0,40.34048852701702,0.0,98.44559585492227,1577,0.0,39.44197844007609,0.0,98.03424223208624,2441,0.0,41.786153215895126,0.0,92.87177386317084,0.006979422943973005,0.999314613151183,0.05704919623769239,1.0,0.002504184525823595,0.9975087102148408,0.02046898655890591,1.0,0.05704919623769239,0.02046898655890591,3.53488515753141e-08,0.9999999997656017,8.88374376768099e-07,0.9999999999999999,2.367273020701935e-09,0.9999999979919031,5.985380045661637e-08,1.0,8.88374376768099e-07,5.985380045661637e-08,0.0001480908710288281,0.9999983493237036,0.0024209638046451903,0.9999999995778844,1.8317648481478586e-05,0.9999819651551416,0.00038263532383533044,1.0,0.0024209638046451903,0.00038263532383533044
gRNA_6849,Map2k2,0.1661332347134813,-0.8157037132952588,0.09327209418590073,-0.7828640939283543,-0.9721401226645178,-0.46226052019774977,-0.7828640939283543,,False,-0.7888595920049185,-1.2477795712503224,,4526.443763792303,1.4957961330497946,0.8858921439393219,1.2460553728235706,1.2092478832708957,1.2460553728235706,1.2092478832708957,True,1.900920012988817,1.9667131487004057,1.9034757193829066,0.0,0.0,0.0,0.0,True,,,,0.2855266144461923,-0.32534080556378936,0.10247273297873137,-0.09812338415037979,-0.17244499985748088,-0.041581968429345265,-0.09812338415037979,,False,-0.08336988189578014,-0.1804908245972447,,Map2k2,MAP2K2,Y134C,Y134C,targeting guide,Missense,3529,0.0,0.056673278549164,0.1416831963729102,71.40833097194673,8312,19.814725697786333,67.69730510105872,0.0842155919153031,64.11212704523581,4194,15.999046256556984,52.98044825941822,0.1907486886027658,62.8755364806867,8236,15.15298688683827,56.2408936376882,0.0607090820786789,65.21369596891695,0.000778430851134472,0.9999402061440232,0.014373809875078343,1.0,0.000237004949664208,0.9997662110850676,0.004263103998766475,1.0,0.014373809875078343,0.004263103998766475,0.18371921212164594,0.9496066181589752,0.3816487500427562,0.9999999999999999,0.09624844066597482,0.9038910950432273,0.20562166869549167,1.0,0.3816487500427562,0.20562166869549167,0.7342545040432993,0.305374783599594,0.9390465765995937,0.9999999995778844,0.7363480539097527,0.26392251509636394,0.9167777095035331,1.0,0.9390465765995937,0.9167777095035331
gRNA_7393,Mtor,1.28382462353126,1.4203909032668924,0.5905951935083059,1.3455653491695427,-0.6083896651311893,0.8063972808689623,1.28382462353126,1.1600940173690002,True,1.589402151680561,2.380130862067076,1.7301675524582851,1942.4271027977372,0.27969385741426567,0.5074810377701737,0.04312062500785083,0.27676517339743006,0.27969385741426567,0.27676517339743006,True,0.6220809721276418,0.6181595471387038,0.6312199244244083,0.0,0.0,0.0,0.0,True,,,,0.6360362507010795,0.279654846839851,0.12074758497970164,0.4452497644212201,0.9456105401949564,0.48545979742736173,0.4452497644212201,0.48545979742736173,True,0.9342503115076338,0.8466882057004739,0.8340982695884047,Mtor,MTOR,Y1974H,Y1974H,targeting guide,Missense,465,1.2903225806451613,6.666666666666667,0.0,44.516129032258064,730,73.42465753424658,83.28767123287672,0.136986301369863,13.424657534246576,3651,44.261846069569984,54.34127636264037,0.356066831005204,12.791016159956175,3626,72.72476558190844,82.62548262548262,0.3585217870932156,14.50634307777165,0.05544933258634959,0.9892279395479736,0.24820177443413627,1.0,0.02618237930567684,0.9738699583352396,0.1159104246477771,1.0,0.24820177443413627,0.1159104246477771,0.00042226412096055456,0.9999654960491081,0.002442635530479515,0.9999999999999999,8.55150269704238e-05,0.9999159181284453,0.0004946715406289131,1.0,0.002442635530479515,0.0004946715406289131,6.0981101460834686e-05,0.9894082008675144,0.0012892771159876526,0.9999999995778844,7.253377941226603e-05,0.9999299475292317,0.0010489500407312319,1.0,0.0012892771159876526,0.0010489500407312319
gRNA_7429,Mtor,1.5769762306252755,1.6010029071405112,1.4017071780764996,1.1919312101831843,1.2163331978457435,1.3975901447742427,1.4017071780764996,1.3975901447742427,True,2.6976689909997082,2.587064468433531,2.0615435700770943,1023.1186282504884,0.35949767129511395,0.18496672820538526,0.22153496999963376,0.255333123166711,0.22153496999963376,0.255333123166711,True,0.5926883171534166,0.5369990540569776,0.6019785778394685,0.0,0.0,0.0,0.0,True,,,,1.4672088407812505,0.9158325438965575,0.68106217758621,1.0332969850322944,1.1643251244767179,1.052345134354606,1.0332969850322944,1.052345134354606,True,2.0288010730848542,1.9583179861274311,1.7757737448612212,Mtor,MTOR,F1888L,F1888L,targeting guide,Missense,152,0.0,0.0,0.6578947368421053,74.34210526315789,539,0.0,30.612244897959183,0.0,97.58812615955472,2860,0.0699300699300699,17.587412587412587,0.1748251748251748,98.2167832167832,2986,0.0669792364367046,23.97856664434025,1.0046885465505693,96.31614199598124,0.06214048412533237,0.9896639446338756,0.26550934126278375,1.0,0.02849563282770158,0.9715565312798855,0.12175406753654311,1.0,0.26550934126278375,0.12175406753654311,3.544046715830182e-08,0.9999999997151628,8.88374376768099e-07,0.9999999999999999,2.3877845926841636e-09,0.999999997969836,5.985380045661637e-08,1.0,8.88374376768099e-07,5.985380045661637e-08,1.792163370914527e-07,0.9999999995778844,2.2461780915462074e-05,0.9999999995778844,1.1580729721060286e-08,0.999999989357437,2.177177187559334e-06,1.0,2.2461780915462074e-05,2.177177187559334e-06
gRNA_7481,Myc,0.8635030555183215,0.20632181296577334,-0.486881452985307,-0.4991656696768352,-0.7021248964885919,-0.1236694301333278,-0.486881452985307,,False,-0.15412717198125045,-0.728205190219183,,631.9576882655998,1.5192666154648602,1.0196625280677631,1.0638344817664027,1.2009212084330088,1.0638344817664027,1.2009212084330088,True,1.889500523114639,1.7124246293455712,1.8921150151005994,0.0,0.0,0.0,0.0,True,,,,-0.48399645267673863,0.10428168276588126,-0.4539392623878861,0.0762938470361926,-0.02305769423801362,-0.15608357590011293,-0.02305769423801362,,False,-0.304451313174765,-0.03858851901680374,,Myc,MYC,T73A,T73A,targeting guide,Missense,87,0.0,0.0,0.0,29.885057471264368,143,50.34965034965035,85.31468531468532,0.6993006993006993,46.85314685314685,208,55.76923076923077,95.1923076923077,0.0,44.23076923076923,455,58.46153846153846,95.82417582417582,0.6593406593406593,38.02197802197802,0.0007810674211139697,0.9999413604217711,0.014373809875078343,1.0,0.00023809889354812756,0.9997651891914067,0.004263103998766475,1.0,0.014373809875078343,0.004263103998766475,0.3378141440594109,0.821455181783026,0.5935426082539182,0.9999999999999999,0.23842833929461144,0.7618003742396342,0.41892082044286866,1.0,0.5935426082539182,0.41892082044286866,0.2578426852038382,0.6912250329165126,0.5152735324159966,0.9999999995778844,0.28102725218563596,0.7193622549370082,0.5200145907902024,1.0,0.5152735324159966,0.5200145907902024
gRNA_7510,Myd88,-0.2035094351979649,0.3192778540100917,0.6260745880590118,1.0035404225111841,0.2629510791661151,0.40166690170968755,0.3192778540100917,0.5529609859366007,True,0.830683152394475,0.6869444334549406,0.883040787407451,1042.3823681129454,-0.017209200559557204,-0.24261563600484984,-0.20067746531954167,-0.15350076729464956,-0.20067746531954167,-0.15350076729464956,True,0.03199937910319204,-0.05219669845873638,0.044175971091430115,0.0,0.0,0.0,0.0,True,,,,0.5321962684730905,0.04585786693075306,0.33784747779113217,-0.15187625298603158,-0.343837180823924,0.08403763587700404,0.04585786693075306,,False,0.1591783454191742,0.09168773677508346,,Myd88,MYD88,L252P,L265P,targeting guide,Missense,315,0.0,0.0,0.0,65.39682539682539,488,15.57377049180328,94.87704918032787,0.4098360655737705,82.17213114754098,1207,19.718309859154928,97.5973487986744,0.0,79.37033968516984,1504,16.42287234042553,95.47872340425532,0.0,82.11436170212765,0.2727600784532325,0.9153911102583431,0.6450175440151914,1.0,0.16375227724089808,0.836375077925084,0.39723133059727533,1.0,0.6450175440151914,0.39723133059727533,0.0579982924187531,0.9723724082223234,0.14834937380579025,0.9999999999999999,0.03205415596881855,0.9680334866929969,0.08177023389222465,1.0,0.14834937380579025,0.08177023389222465,0.015607528566550836,0.9954417149878487,0.07621338624705343,0.9999999995778844,0.006202837064764214,0.9938270186935756,0.03194885940207321,1.0,0.07621338624705343,0.03194885940207321
gRNA_7511,Myd88,1.0640968865762084,0.49139073044248266,0.6976990767535252,1.4450234673546587,1.0886471413734076,0.9573714605000564,1.0640968865762084,0.9573714605000564,True,1.8724226126740842,1.9944160020332349,1.4473107568099604,1263.9153765311996,-0.1566374529650672,-0.01399678328346822,0.2738696965828682,0.03441182011144426,-0.01399678328346822,-0.0853171181242677,True,0.2897092009579693,0.2083154412399486,0.13720401532209126,0.0,0.0,0.0,0.0,True,,,,0.6211857840153179,0.4943324985726966,0.6049544266656824,0.7283705436158856,0.44336519130774166,0.5784416888354649,0.6049544266656824,0.5784416888354649,True,1.113781150328204,1.1485899108721924,0.9885541376094336,Myd88,MYD88,M219T,M232T,targeting guide,Missense,118,0.0,0.0,0.0,64.40677966101696,435,8.505747126436782,83.2183908045977,0.0,91.26436781609196,2199,1.9099590723055933,81.76443838108231,0.0,96.68030923146884,2294,4.184829991281604,75.32693984306887,0.0,93.76634699215344,0.1461561236959726,0.9612159789604532,0.42272848084373615,1.0,0.08023199313228274,0.9198622278214263,0.23028419402853673,1.0,0.42272848084373615,0.23028419402853673,0.00011436286826959838,0.9999990106202487,0.0007836388951399102,0.9999999999999999,1.3308585920959915e-05,0.9999869051209405,9.968662542104872e-05,1.0,0.0007836388951399102,9.968662542104872e-05,6.17207129994089e-05,0.999997783393024,0.0012892771159876526,0.9999999995778844,8.71908205557279e-06,0.9999914941468722,0.00023416963234966924,1.0,0.0012892771159876526,0.00023416963234966924
gRNA_7512,Myd88,0.5441372144741793,-0.4702416754078558,-0.36927073431013274,0.6638371184687339,-0.5298789212365719,-0.032283399602329434,-0.36927073431013274,,False,0.017187661803244488,-0.5217487704657036,,3230.422154157008,-0.6682515351870918,-0.5333010975829715,-0.7711150443857807,-0.6575558923852814,-0.6682515351870918,-0.6575558923852814,True,-0.6592792536121898,-0.7046944292377575,-0.6435440767817442,0.0,0.0,0.0,0.0,True,,,,0.26030128376556433,-0.37610187019863833,0.1245510936849716,-0.26652999043011777,-0.13185407397054996,-0.07792671142975402,-0.13185407397054996,,False,-0.15354486004225387,-0.24425447827029712,,Myd88,MYD88,M219T,M232T,targeting guide,Missense,173,0.0,0.5780346820809249,0.5780346820809249,56.64739884393064,478,12.552301255230123,98.11715481171548,0.0,87.02928870292887,2065,6.101694915254237,96.2227602905569,0.2905569007263922,92.63922518159806,2129,10.803193987787694,97.55753875058711,0.0469704086425551,86.70737435415688,0.8603014599083614,0.36192337789178314,0.9999935409454064,1.0,0.762435646375951,0.2377147607835965,1.0,0.9058995776386524,0.9999935409454064,0.9058995776386524,0.22445829464370556,0.9147194972487788,0.43912382412225376,0.9999999999999999,0.13530311209769652,0.8648724140722127,0.275475403264408,1.0,0.43912382412225376,0.275475403264408,0.1904114825118766,0.8167689390941953,0.4138422972512462,0.9999999995778844,0.17323327091143764,0.8270308858293762,0.37008926058352587,1.0,0.4138422972512462,0.37008926058352587
gRNA_7513,Myd88,0.5824272201689618,-0.00040558933096154456,0.9527541901032575,1.7142073870406227,1.3895949807516201,0.9277156377467002,0.9527541901032575,1.1597459445161156,True,1.816828969792196,1.798962605111207,1.7296818898199495,2191.250409354472,0.5512436535075533,0.36000831186184606,0.8477469939521414,0.5863329864405136,0.5512436535075533,0.5863329864405136,True,1.0466329782095873,0.9971061935910349,1.0535864089784608,0.0,0.0,0.0,0.0,True,,,,0.7461945341586985,0.364056893419705,0.665494617287569,0.9577483627223885,0.8167763591683501,0.7100541533513423,0.7461945341586985,0.7100541533513423,True,1.3679004825546384,1.41558668286065,1.2071807663146348,Myd88,MYD88,M219T,M232T,targeting guide,Missense,173,0.0,0.0,0.5780346820809249,69.94219653179191,659,9.559939301972683,88.77086494688922,0.0,86.64643399089529,1072,10.07462686567164,69.02985074626865,0.2798507462686567,75.65298507462687,1860,8.924731182795698,67.58064516129032,0.2150537634408602,78.76344086021506,0.01402683953451972,0.9981400664496848,0.09589257572689844,1.0,0.005562586241609989,0.9944590280762702,0.037348793336524216,1.0,0.09589257572689844,0.037348793336524216,1.0343011678864873e-05,0.9999997482640048,0.00011438154091921154,0.9999999999999999,1.1334876899033888e-06,0.999998904658162,1.291489004253558e-05,1.0,0.00011438154091921154,1.291489004253558e-05,4.099182561303445e-05,0.9998749695958875,0.0010519813490207405,0.9999999995778844,1.4873914511803917e-05,0.9999858912335097,0.0003289759915551925,1.0,0.0010519813490207405,0.0003289759915551925
gRNA_7514,Myd88,0.41305763105442717,-0.23636155965605982,0.13646650214225262,0.2903676661873652,0.20461351938455263,0.16162875182250755,0.20461351938455263,0.26112632969214944,True,0.38070085738811504,0.48566016050031285,0.47584675335725335,2015.736335052087,0.07944318557925481,-0.24325096634857657,-0.031805587466880336,-0.06520445607873403,-0.031805587466880336,-0.13752827690772845,True,0.153091994281294,0.1834633267485355,0.0659684324845607,0.0,0.0,0.0,0.0,True,,,,0.6909301095775823,0.5179377246739876,-0.01557308228160465,0.2959715745694453,0.16795769167981214,0.33144480364384454,0.2959715745694453,0.4181992751252068,True,0.6368758377669321,0.5644964435575938,0.7223691769833713,Myd88,MYD88,M219T,M232T,targeting guide,Missense,427,0.0,0.0,1.405152224824356,65.33957845433255,538,22.11895910780669,93.68029739776952,0.7434944237918215,73.7918215613383,1621,21.09808760024676,97.65576804441704,0.0616903146206045,77.60641579272054,4250,19.858823529411765,98.30588235294118,0.0,79.45882352941176,0.20398669677570777,0.9417618263034587,0.5478499856261866,1.0,0.11695496391968552,0.8831557467820257,0.31410761738429827,1.0,0.5478499856261866,0.31410761738429827,0.003354208181051925,0.9996484966409622,0.013561099742747568,0.9999999999999999,0.0008522115990446992,0.9991542416777696,0.003626761575749647,1.0,0.013561099742747568,0.003626761575749647,0.1188690599330874,0.9838017497535161,0.2979651102322724,0.9999999995778844,0.04660245679645308,0.9534772456982548,0.13478864427281811,1.0,0.2979651102322724,0.13478864427281811
gRNA_7558,Ncoa3,-0.6495029195374037,-0.2476171867421519,-0.19684661068151044,-0.18399989156384203,0.28343204965541474,-0.1989069117738987,-0.19684661068151044,-0.31949165213122704,True,-0.2951694799436946,-0.21907170459542374,-0.33428382298768755,1793.6682227487645,-0.282805789611799,-0.04112144424080442,0.03962656689407256,-0.09476688898617695,-0.04112144424080442,-0.1619636169263017,True,0.11254905129202696,0.170463086151426,0.032629473369029605,0.0,0.0,0.0,0.0,True,,,,-0.11895580955078615,-0.12576188968543844,-0.16078669608713717,-0.512047720864898,-0.1864544487307335,-0.22080131298379868,-0.16078669608713717,-0.22080131298379868,True,-0.42940929638256486,-0.2989479845795628,-0.33909977151473525,Ncoa3,NCOA3,M1396V,M1417V,targeting guide,Missense,222,0.0,0.0,0.4504504504504504,79.27927927927928,459,19.825708061002175,98.2570806100218,0.0,78.86710239651416,737,21.03120759837178,98.236092265943,0.4070556309362279,77.20488466757124,1397,20.97351467430208,98.71152469577666,0.4294917680744452,77.23693629205441,0.23080705699797038,0.9297285750858646,0.5824392847734018,1.0,0.1360543613183775,0.8640645160509947,0.34547796791894625,1.0,0.5824392847734018,0.34547796791894625,0.5834122017622342,0.7829045718668473,0.8535524819556423,0.9999999999999999,0.38425931341048314,0.6159723045421025,0.5995083063997579,1.0,0.8535524819556423,0.5995083063997579,0.5434119143694922,0.7618354269213915,0.8172915192117163,0.9999999995778844,0.3798301013035269,0.6204163597829144,0.645867332945581,1.0,0.8172915192117163,0.645867332945581
gRNA_7812,Nfe2,0.047151951893287775,0.8902526799266121,-0.07820321953921122,1.0541380751715128,-0.11347049849038043,0.35997379779236416,0.047151951893287775,,False,0.7525240822821876,0.2092486918925667,,916.0978512368391,-0.2199405156242616,-0.1284544460794899,-0.40864542875039295,-0.25234679681804817,-0.2199405156242616,-0.25234679681804817,True,-0.1035614846535114,-0.0790782075536961,-0.09068704839216706,0.0,0.0,0.0,0.0,True,,,,-0.13970089338749836,0.19743829784932976,0.6112910451983016,0.47280472580463107,0.3908391419148563,0.30653446347592406,0.3908391419148563,0.41809330269177963,True,0.5887785771291175,0.7438317237213732,0.7221931420163104,Nfe2,NFE2,Q286R,Q263R,targeting guide,Missense,200,0.0,9.5,0.0,57.5,218,5.963302752293578,52.75229357798165,0.4587155963302752,61.00917431192661,1192,5.201342281879195,52.68456375838926,0.2516778523489933,61.66107382550336,1688,4.38388625592417,51.06635071090047,0.1777251184834123,62.08530805687204,0.3724859533615855,0.8565042055655352,0.7912695958415602,1.0,0.2448691790263926,0.7552819511697029,0.5182019109793896,1.0,0.7912695958415602,0.5182019109793896,0.005695047957587219,0.9989926843694739,0.020789689631580528,0.9999999999999999,0.001663572133617968,0.9983463437259272,0.006193100220201544,1.0,0.020789689631580528,0.006193100220201544,0.019155487255474907,0.9893918343511044,0.08783491717144591,0.9999999995778844,0.01035938606668445,0.989693402212957,0.04637058525087325,1.0,0.08783491717144591,0.04637058525087325
gRNA_7813,Nfe2,-0.18316844064541832,0.2536456254527856,0.08539755085858453,0.35271601958089704,0.40383610313276225,0.18248537167592221,0.2536456254527856,0.2738988247562573,True,0.41979926600410306,0.5717321885080545,0.49366809046974447,1785.1065605876724,0.5498967961737058,1.1065147047414128,0.6845103101694079,0.7803072703615088,0.6845103101694079,0.7803072703615088,True,1.3126560203257462,1.1830792760697086,1.3182400097137483,0.0,0.0,0.0,0.0,True,,,,0.23681762601699982,0.9630050685539387,0.5645259393055133,0.5371208663667997,0.7284973332010315,0.6059933666888566,0.5645259393055133,0.6059933666888566,True,1.1669783456210339,1.0721649079949107,1.0343213106991231,Nfe2,NFE2,Q286R,Q263R,targeting guide,Missense,160,1.25,13.75,5.0,55.0,675,8.74074074074074,61.03703703703704,1.4814814814814814,61.629629629629626,1738,10.93210586881473,59.09090909090909,2.5891829689298045,56.67433831990794,4165,9.675870348139256,59.63985594237696,0.0480192076830732,61.65666266506603,0.0060592036513256444,0.9993353238155479,0.052656802375574574,1.0,0.002205203296226107,0.9978074225637009,0.018844464531386735,1.0,0.052656802375574574,0.018844464531386735,6.266085441364168e-05,0.9999976995687659,0.0005121843752071581,0.9999999999999999,8.815755786913628e-06,0.9999913931746468,7.36605372417672e-05,1.0,0.0005121843752071581,7.36605372417672e-05,0.10592047469181325,0.9870975004538242,0.2746627481663571,0.9999999995778844,0.03975440494441147,0.9603171428113131,0.12561055679914884,1.0,0.2746627481663571,0.12561055679914884
gRNA_7816,Nfe2l2,-1.2980328243585624,-1.4034637174304447,-0.11693937840778611,-0.045654669953465926,-0.9534094852705213,-0.763500015084156,-0.9534094852705213,-0.763500015084156,True,-1.3535716568131688,-1.547158669504163,-0.9538043377526815,2241.5501745508873,-0.021649975253996083,0.31620009149709716,0.05379142120110565,0.11611384581473556,0.05379142120110565,0.1849957563491014,True,0.4017581849021223,0.3029136074990361,0.506012055792139,0.0,0.0,0.0,0.0,True,,,,-1.1830433224255936,-1.1479608355483095,-0.8958723316219276,-0.8731598202187072,-1.4907601924660694,-1.1181593004561214,-1.1479608355483095,-1.1181593004561214,True,-2.1620416377290335,-2.1650773249275193,-1.8297363329104126,Nfe2l2,NFE2L2,I28T,I28T,targeting guide,Missense,1607,0.2489110143123833,0.6845052893590542,0.1244555071561916,61.29433727442439,1532,44.97389033942559,88.05483028720627,0.2610966057441253,48.10704960835509,1602,46.12983770287141,89.20099875156055,0.1248439450686641,47.940074906367045,1506,40.571049136786186,81.40770252324037,0.1328021248339973,49.40239043824701,0.10694427759157775,0.9764993961870341,0.36226169706696604,1.0,0.054540388942819686,0.9455355119891835,0.19165594619159065,1.0,0.36226169706696604,0.19165594619159065,0.9999987267736886,5.898662606008093e-05,0.9999998615455512,0.00739299046619681,0.9999925863363611,7.5831193412569805e-06,1.0,0.0009504176241042083,0.00739299046619681,0.0009504176241042083,0.9212431061018422,0.041228623585067514,0.9999999963825513,0.9118801451756109,0.9617595361170211,0.03836739620080716,1.0,0.6706803004301182,0.9118801451756109,0.6706803004301182
gRNA_7839,Nkx2-1,-0.0740021644308278,0.4180016219575257,0.701619030618917,1.3836611181706766,0.13863728544622128,0.5135833783525026,0.4180016219575257,0.6604797640483352,True,1.0404849402870637,0.8602462881208698,1.0330606841492302,1912.4612852339153,0.8522954473226778,0.9155299918453604,0.8514257334966259,0.8730837242215547,0.8522954473226778,0.8730837242215547,True,1.4398928580843593,1.4172227590091446,1.4448218538695077,0.0,0.0,0.0,0.0,True,,,,0.6511889988437763,0.8907400761411619,0.6190683003950103,0.9408689303274818,0.34598863458020285,0.6895709880575266,0.6511889988437763,0.6895709880575266,True,1.3283512779599613,1.2359905914928073,1.1731553767751959,Nkx2-1,NKX2-1,Y174C,Y174C,targeting guide,Missense,351,4.273504273504273,22.507122507122507,1.4245014245014245,41.02564102564103,1708,12.177985948477753,28.688524590163933,0.0,27.459016393442624,2505,12.055888223552897,28.10379241516966,0.1596806387225549,29.06187624750499,4826,10.319104848736012,29.56900124326565,0.2693742229589722,32.076253626191466,0.003963791586161064,0.9996943775013416,0.0465745511373925,1.0,0.0013219855214245842,0.9986865163398106,0.015533329876738864,1.0,0.0465745511373925,0.015533329876738864,1.6587984262148563e-05,0.9999995776094893,0.0001559270520641965,0.9999999999999999,1.9464776202435114e-06,0.9999981150253935,1.925988382135685e-05,1.0,0.0001559270520641965,1.925988382135685e-05,0.004239738453494862,0.9978554942499497,0.027485201008863244,0.9999999995778844,0.0018912776554680728,0.9981316494431548,0.01269857854385706,1.0,0.027485201008863244,0.01269857854385706
gRNA_7843,Nkx2-1,0.6253127789549865,0.39266073050823014,0.4353440047905627,1.2112166639774582,-0.029877691721070083,0.5269312973020335,0.4353440047905627,0.6661335445578094,True,1.0655073261256975,0.8906894850508346,1.0409493486516352,1070.7428740215626,1.27217813195717,1.2528885727719776,1.101219233454327,1.2087619793944915,1.2528885727719776,1.2087619793944915,True,1.9002536276063624,1.9762488516994148,1.9028127644390749,0.0,0.0,0.0,0.0,True,,,,-0.13390186929938785,0.29579184926627083,0.5126639592360166,0.14381529626112863,0.34267843849434154,0.232209534791674,0.29579184926627083,0.32373738581443945,True,0.44527088342780824,0.5641566953327872,0.5654548263775778,Nkx2-1,NKX2-1,N152S,N152S,targeting guide,Missense,54,0.0,0.0,3.703703703703704,46.2962962962963,1461,0.2053388090349076,98.22039698836412,0.0,99.79466119096509,1476,0.0,97.8319783197832,0.0,99.93224932249322,1258,0.0,95.62798092209856,0.0,99.68203497615262,0.0008027925728102265,0.9999536971443169,0.014373809875078343,1.0,0.0002352807377349124,0.9997676762013051,0.004263103998766475,1.0,0.014373809875078343,0.004263103998766475,0.0130006236185952,0.9985022641449018,0.04452585553244413,0.9999999999999999,0.0037663652348618806,0.9962497525150741,0.012992232369798781,1.0,0.04452585553244413,0.012992232369798781,0.004807088398816392,0.9991346245529236,0.029630577671392846,0.9999999995778844,0.001490364180665569,0.9985214752364193,0.010987782979024589,1.0,0.029630577671392846,0.010987782979024589
gRNA_7902,Notch1,0.78239627550263,1.1369030351674905,-0.5276308879523196,-0.32474808782050446,-0.2811129665859199,0.15716147366227531,-0.2811129665859199,,False,0.37232637158276327,-0.366994702955344,,1264.9855843013363,1.1770086268494182,0.9986469140104127,1.1258072374732218,1.1004875927776843,1.1258072374732218,1.1004875927776843,True,1.7517623888254747,1.7989073602640686,1.7550859333029756,0.0,0.0,0.0,0.0,True,,,,0.5683319448196202,0.982052288592341,0.5843680310183758,0.39700087114317945,0.1321227923241782,0.532775185579539,0.5683319448196202,0.532775185579539,True,1.0256075768357618,1.0793596857706715,0.9126957172970189,Notch1,NOTCH1,F357S,F357S,targeting guide,Missense,151,0.0,0.0,0.0,45.033112582781456,1807,0.0553403431101272,31.377974543442168,8.301051466519093,82.12506917542889,855,0.0,39.53216374269006,0.3508771929824561,88.18713450292398,2173,0.0,40.7731247123792,0.2761159687068569,89.92176714219973,0.0015545866721420913,0.999900158702683,0.022481714950977935,1.0,0.0004789474815988744,0.9995256251040278,0.006926317426199107,1.0,0.022481714950977935,0.006926317426199107,0.00021808242882606746,0.9999842457734749,0.0013442457907967436,0.9999999999999999,3.97537774343891e-05,0.9999610258447499,0.0002533461070394967,1.0,0.0013442457907967436,0.0002533461070394967,0.044074854467350905,0.8863397582632621,0.1558967563452442,0.9999999995778844,0.056477746653561665,0.9437716649544664,0.15500461855284078,1.0,0.1558967563452442,0.15500461855284078
gRNA_7918,Notch1,-0.8307624340031469,0.6418790085079512,0.20971057074431618,0.9575159713909974,0.6758493282912452,0.33083848898627266,0.6418790085079512,0.6212387197336275,True,0.6979062095463494,1.2532455335265789,0.9783080398249592,3039.3900671876436,0.36363735634670746,0.6832778113014802,0.691865258381824,0.5795934753433372,0.6832778113014802,0.5795934753433372,True,1.0373901795859477,1.1813593288648983,1.044391190710303,0.0,0.0,0.0,0.0,True,,,,-0.14684434402845153,0.4140844049041395,0.3543797144586434,0.2698435006786024,0.23414339390157718,0.22512133398290218,0.2698435006786024,0.31811275348574064,True,0.4315848783610566,0.5151045851757534,0.5561115289303868,Notch1,NOTCH1,I471T,I471T,targeting guide,Missense,893,0.0,0.0,0.4479283314669653,75.25195968645016,3004,0.099866844207723,86.98402130492677,0.033288948069241,99.10119840213048,3384,0.0591016548463357,90.6323877068558,0.0295508274231678,94.82860520094565,5651,0.0176959830118563,87.82516368784286,0.0176959830118563,95.96531587329676,0.016373150673804078,0.9979615797426487,0.10614318367845402,1.0,0.006467020616661103,0.993555801754783,0.041924133652837495,1.0,0.10614318367845402,0.041924133652837495,0.015281740773514881,0.9984484849288119,0.050848978149040665,0.9999999999999999,0.004299074303560945,0.9957175019934592,0.014450140925619508,1.0,0.050848978149040665,0.014450140925619508,0.014669251277925224,0.9404738474102415,0.073164445151967,0.9999999995778844,0.013095888128148922,0.9869639500899241,0.05659832110556316,1.0,0.073164445151967,0.05659832110556316
gRNA_8228,Nsd1,1.445277224494822,1.114230092889206,1.9138314690944824,1.6378974757506146,1.081492903929232,1.4385458332316714,1.445277224494822,1.4385458332316714,True,2.774445681264573,2.6635482778460355,2.118688640559451,2790.0316567458403,0.2794301226590154,-0.2841626147578575,-0.4031693404286216,-0.13596727750915458,-0.2841626147578575,-0.3436659775932396,True,0.05604541344014428,-0.16869988816230436,-0.21528062605524814,0.0,0.0,0.0,0.0,True,,,,1.4460304247129125,2.1888755185313915,1.8329231112508324,1.7412671509553974,1.6221143787073782,1.7662421168315823,1.7412671509553974,1.7662421168315823,True,3.4072041379680456,3.296647107513494,2.9616560326511343,Nsd1,NSD1,T2030A,T2029A,targeting guide,Missense,1403,0.0712758374910905,0.2138275124732715,0.142551674982181,71.98859586600143,1935,4.341085271317829,89.35400516795866,0.1033591731266149,94.5219638242894,9749,6.041645296953534,96.0201046261155,0.3692686429377372,92.89157862344857,24084,6.033050988207939,95.806344461053,0.0830426839395449,93.05763162265404,0.25705479690408245,0.8849774948831686,0.6358723923416777,1.0,0.17418703127320417,0.8259605149414346,0.4145210364476251,1.0,0.6358723923416777,0.4145210364476251,1.3565982020387993e-13,0.9999999999999999,1.7002697465552954e-11,0.9999999999999999,4.465027507212739e-15,1.0,5.596167809039966e-13,1.0,1.7002697465552954e-11,5.596167809039966e-13,1.0833675840124059e-07,0.9999999982445493,2.036731057943323e-05,0.9999999995778844,8.772610018818526e-09,0.999999992440179,2.177177187559334e-06,1.0,2.036731057943323e-05,2.177177187559334e-06
gRNA_8699,Phf6,-0.5649759023886529,-0.9317646234869459,-0.5081041317471272,-0.43102264137489077,0.19299139299591134,-0.44857518120034107,-0.5081041317471272,-0.6089668247494042,True,-0.7632046690150172,-0.7654599432221376,-0.7381856926718644,2405.8270672668395,-0.9293735142392953,-0.8040009831544638,-0.9085199664866842,-0.8806314879601477,-0.9085199664866842,-0.8806314879601477,True,-0.9652128410812899,-1.0399880571440885,-0.9479027701696932,0.0,0.0,0.0,0.0,True,,,,-0.4682434987115073,-0.5554780100566465,-0.30077824204800807,-0.12275315998696809,-0.31977784941405696,-0.3534061520434374,-0.31977784941405696,-0.3534061520434374,True,-0.6854447203508168,-0.599500890312154,-0.5593748725110181,Phf6,PHF6,H302R,H302R,targeting guide,Missense,2152,0.2323420074349442,1.6263940520446096,0.3717472118959107,58.13197026022305,723,0.1383125864453665,76.76348547717842,0.2766251728907331,93.63762102351312,1772,0.1128668171557562,80.53047404063206,0.7900677200902935,90.06772009029345,2572,0.1944012441679626,75.19440124416796,2.177293934681182,89.77449455676516,0.9733987570887374,0.12427127363210588,0.9999935409454064,0.8800538868511406,0.9365324493614706,0.06354780845573928,1.0,0.4977911662366244,0.8800538868511406,0.4977911662366244,0.8217524015551293,0.5280853815550673,0.9999998615455512,0.9999999999999999,0.6662572812189971,0.3339660995367403,0.8951268993230052,1.0,0.9999998615455512,0.8951268993230052,0.8029738840560355,0.39489457970839636,0.9718782962925148,0.9999999995778844,0.7245571008904873,0.2756830088684571,0.9131516786562335,1.0,0.9718782962925148,0.9131516786562335
gRNA_8775,Pik3ca,0.7922496102659233,0.8761699126606367,0.9273409221903491,0.36825157670975484,0.8546769964038883,0.7637378036461104,0.8546769964038883,0.7637378036461104,True,1.5094314908771314,1.6267957609771748,1.1771356142244092,2710.83628175574,-0.6943394270124331,-0.31013605598684524,-0.603246933923508,-0.5359074723075955,-0.603246933923508,-0.5359074723075955,True,-0.4924464027644402,-0.6139807700592267,-0.4775700530785239,0.0,0.0,0.0,0.0,True,,,,0.73588067144563,0.5491869905330596,1.0877958491880213,0.7422888417902254,0.7510738126829427,0.7732452331279758,0.7422888417902254,0.7732452331279758,True,1.4899107728001206,1.4082034595448942,1.3121499482733858,Pik3ca,PIK3CA,Q546R,Q546R,targeting guide,Missense,1786,0.0,0.0,0.0559910414333706,7.166853303471445,1096,21.35036496350365,83.94160583941606,0.4562043795620438,71.62408759124088,4157,19.60548472456098,91.43613182583594,0.1683906663459225,78.63844118354582,7834,12.407454684707684,84.75874393668624,0.0382946132244064,85.02680622925709,0.7176592114206093,0.527558304364748,0.9999935409454064,1.0,0.6012465311982933,0.3989326924590834,0.900672094544057,1.0,0.9999935409454064,0.900672094544057,4.381846765452214e-06,0.9999999701198068,5.148669949406352e-05,0.9999999999999999,3.9146561682279534e-07,0.9999996243142181,4.9063690641790346e-06,1.0,5.148669949406352e-05,4.9063690641790346e-06,0.000549507399759697,0.9999868368445343,0.006835440729641828,0.9999999995778844,8.342540844971374e-05,0.9999174495351533,0.0011250387416418639,1.0,0.006835440729641828,0.0011250387416418639
gRNA_8803,Pik3ca,1.4283655226754028,1.075454695159002,1.5741070707197367,1.2829444971329178,0.897259075512039,1.2516261722398196,1.2829444971329178,1.2516261722398196,True,2.424040805729343,2.378585868998594,1.8578814705610638,2848.893084103348,0.211835428864017,-0.09358249289019686,-0.04032999498517795,0.025974313662880725,-0.04032999498517795,-0.0669562439376874,True,0.2781377127794859,0.17156755039913182,0.16225512708753143,0.0,0.0,0.0,0.0,True,,,,1.5559012530919658,0.796850496165038,0.7334550761837617,0.8455884510781776,1.1665518331721045,1.0196694219382096,0.8455884510781776,1.0196694219382096,True,1.9657103145474975,1.6034784612218502,1.7214948369142036,Pik3ca,PIK3CA,C378R,C378R,targeting guide,Missense,1934,0.0,0.0,0.2068252326783867,64.94312306101344,1780,0.2808988764044944,97.80898876404494,0.6741573033707865,97.80898876404494,9175,0.0980926430517711,99.1716621253406,0.1198910081743869,99.14986376021798,10233,0.2931691586045148,98.71005570214014,0.1563568845890745,98.182351216652,0.14509493371874588,0.9645311291776308,0.42272848084373615,1.0,0.07778032489561827,0.9223104921171739,0.22778732038577454,1.0,0.42272848084373615,0.22778732038577454,8.425733005914527e-08,0.9999999993849369,1.8635738883669776e-06,0.9999999999999999,6.1331070186963e-09,0.9999999946908198,1.3564989641351814e-07,1.0,1.8635738883669776e-06,1.3564989641351814e-07,1.3947809180426536e-06,0.9999999891051475,8.74062708640063e-05,0.9999999995778844,1.1657586870372738e-07,0.9999998896765872,8.766505326520298e-06,1.0,8.74062708640063e-05,8.766505326520298e-06
gRNA_8867,Pik3ca,0.7361701412600838,-0.09576611340450313,-0.03870927449643033,1.3752003372155546,0.37860542817619264,0.4711001037501795,0.37860542817619264,,False,0.9608445938924438,0.7910893506271685,,1607.4520707450142,-0.602120898022841,0.02760665639538555,-0.922865802106386,-0.49912668124461385,-0.602120898022841,-0.7624933500646135,True,-0.4420039537334213,-0.6124093914963199,-0.7867180865806592,0.0,0.0,0.0,0.0,True,,,,-0.09998122103733136,0.19505503082798215,0.4588758522544229,0.3387098290019751,0.33135307633326005,0.24480251347606177,0.33135307633326005,0.33099844710441007,True,0.46958559667164607,0.631380750902868,0.5775164601786575,Pik3ca,PIK3CA,Q958R,Q958R,targeting guide,Missense,1443,0.0,0.2079002079002079,0.0693000693000693,67.4982674982675,902,11.64079822616408,37.028824833702885,0.0,68.29268292682927,3507,5.70287995437696,53.40747077274023,0.0,75.6201881950385,3538,15.686828716789146,41.35104578858112,0.0,65.37591859807802,0.6134993733553773,0.43427532645691214,0.9999935409454064,1.0,0.5987018009059482,0.4015217265136489,0.9005432380772397,1.0,0.9999935409454064,0.9005432380772397,0.013026181139810782,0.9988887962895097,0.04452585553244413,0.9999999999999999,0.0034875178977470944,0.9965268178567077,0.012141728977341735,1.0,0.04452585553244413,0.012141728977341735,0.005624396334291716,0.9952658344874944,0.03410924228538202,0.9999999995778844,0.003121946354826366,0.9969142231670493,0.018866204575120483,1.0,0.03410924228538202,0.018866204575120483
gRNA_8999,Pik3cg,-0.9431035873608329,0.3504153171776729,-0.38160719766393547,-1.4244245300777003,-0.8353332553377388,-0.646810650652507,-0.8353332553377388,-0.8961171426100518,True,-1.1348224786743346,-1.3398850811398348,-1.1388437153109996,873.2895404313794,-0.36965271546771,-0.1451426756757225,-0.36036234448753895,-0.29171924521032383,-0.36036234448753895,-0.29171924521032383,True,-0.15755822218569188,-0.275036304013329,-0.14440581990223011,0.0,0.0,0.0,0.0,True,,,,-0.8120233070215702,0.07822218157752424,-1.145637910596998,-0.5956571535156524,-1.1307953655710417,-0.7211783110255476,-0.8120233070215702,-0.9210284341763155,True,-1.3955447537768555,-1.5300294104330125,-1.5022745163794218,Pik3cg,PIK3CG,L44P,L44P,targeting guide,Missense,99,0.0,0.0,1.0101010101010102,66.66666666666667,313,0.6389776357827476,81.46964856230032,0.0,98.40255591054311,279,0.0,98.9247311827957,0.0,90.6810035842294,752,0.1329787234042553,99.33510638297872,0.0,94.81382978723404,0.41989873262761884,0.8313017546928945,0.8185780624186237,1.0,0.28254646163833613,0.7176112627972352,0.5647709353455427,1.0,0.8185780624186237,0.5647709353455427,0.9401681833053241,0.009093061894070916,0.9999998615455512,0.2279327514780443,0.9905678112721494,0.009489598273560954,1.0,0.17840444754294593,0.2279327514780443,0.17840444754294593,0.8403187465866486,0.09147170694125724,0.9931458502545153,0.9999999995778844,0.9102986410969836,0.08991018730343553,1.0,0.965892297888336,0.9931458502545153,0.965892297888336
gRNA_9105,Pik3r2,0.8075802425226901,0.37366498054200065,0.7402589777607721,-0.10141548689642457,-0.22788002316759645,0.31844173815228843,0.37366498054200065,,False,0.6746669103202885,0.7824167811366962,,3366.338540964343,0.8164042701941803,0.6146756708370401,0.6151320301349802,0.6820706570554003,0.6151320301349802,0.6820706570554003,True,1.1779309310478105,1.0862621657867562,1.1842084622840343,0.0,0.0,0.0,0.0,True,,,,0.43070028946283717,0.7851100524853973,0.2757382940335649,0.11439279595816511,0.5526067198323992,0.43170963035447274,0.43070028946283717,0.43170963035447274,True,0.8304686779529028,0.8191842415859802,0.7448117581419953,Pik3r2,PIK3R2,N555D,N561D,targeting guide,Missense,1612,0.0,0.0620347394540942,0.1240694789081885,62.71712158808933,2918,0.6854009595613434,76.4222069910898,0.0342700479780671,98.66346812885538,5942,0.6900033658700774,65.41568495456076,0.0504880511612251,96.97071693032647,11260,0.5595026642984015,80.49733570159857,0.3108348134991119,97.61101243339256,0.009387767676821177,0.999077575174177,0.07059601292969525,1.0,0.0034305708215376907,0.996584757666232,0.025797892577963433,1.0,0.07059601292969525,0.025797892577963433,0.0009792040785935369,0.9999532184056805,0.004720265814758588,0.9999999999999999,0.00018669574281915744,0.9998153163863487,0.0008999692217949128,1.0,0.004720265814758588,0.0008999692217949128,0.026624497466101352,0.9884038095509705,0.11375921644606941,0.9999999995778844,0.012896941710396438,0.9871519006515207,0.05638662887336117,1.0,0.11375921644606941,0.05638662887336117
gRNA_9114,Pik3r3,0.028882036469570386,0.9330546369767005,0.6249356482028363,0.5639623508546079,1.1191987919524895,0.6540066928912409,0.6249356482028363,0.6540066928912409,True,1.3037264515978297,1.2235027894417607,1.0240288714403813,1130.139405264138,-0.2818595490777733,-0.09107495483457953,0.004634472291709209,-0.12276667720688121,-0.09107495483457953,-0.18646725195617642,True,0.07414917327462074,0.10075316336610746,-0.0008026657304036381,0.0,0.0,0.0,0.0,True,,,,0.1576243454009461,0.18474992878675542,0.1043500202194018,0.5358724691896494,0.6206182725472823,0.320643007228807,0.18474992878675542,0.320643007228807,True,0.6160195662737098,0.3542458219295252,0.5603146326990924,Pik3r3,PIK3R3,D11G,D11G,targeting guide,Missense,26,0.0,0.0,0.0,84.61538461538461,278,8.633093525179856,98.92086330935253,0.0,91.00719424460432,639,6.416275430359938,98.43505477308294,0.4694835680751174,90.76682316118936,1220,7.622950819672131,98.77049180327867,1.0655737704918034,90.40983606557376,0.2505465813289108,0.9228473988273118,0.6238775799978176,1.0,0.14910730675531703,0.851015810276297,0.3712870684768159,1.0,0.6238775799978176,0.3712870684768159,0.0045565993024157935,0.9997715992015804,0.017662694203178748,0.9999999999999999,0.0010138370168313682,0.9989925166028567,0.004034169202745837,1.0,0.017662694203178748,0.004034169202745837,0.0016095624038106296,0.9997896469726808,0.013156423126799929,0.9999999995778844,0.0003814539571988326,0.9996220056384896,0.0036228109737305547,1.0,0.013156423126799929,0.0036228109737305547
gRNA_9115,Pik3r3,0.17964246696974845,-0.9712875612671266,0.3791704015779325,0.4393386204095508,1.1179265067042496,0.22895808687887098,0.3791704015779325,0.5290194989153704,True,0.5069183304196079,0.7920811172543354,0.8496354653432707,1152.6137684370044,-0.5112414019650695,-0.5752672116424864,-0.22540780406369523,-0.43730547255708374,-0.5112414019650695,-0.43730547255708374,True,-0.35722020987873077,-0.48558742087499257,-0.34303998163719107,0.0,0.0,0.0,0.0,True,,,,0.2894518754890706,-0.16573630834174832,0.4256030954604676,0.26700005974542945,0.2761823639138501,0.2185002172534139,0.2761823639138501,0.3145593486522044,True,0.41880072628184484,0.5270874139340163,0.5502088287413248,Pik3r3,PIK3R3,D11G,D11G,targeting guide,Missense,40,0.0,0.0,0.0,95.0,317,0.0,87.38170347003154,0.0,99.36908517350156,888,0.0,83.44594594594595,0.1126126126126126,98.98648648648648,901,0.0,63.4850166481687,0.1109877913429522,97.0033296337403,0.6076551547313591,0.654902398737125,0.9999935409454064,1.0,0.47557343486704734,0.5246078833081255,0.8018637287444386,1.0,0.9999935409454064,0.8018637287444386,0.014923373977399191,0.9982721740203194,0.050099898352697285,0.9999999999999999,0.004304297296993045,0.9957124821510714,0.014450140925619508,1.0,0.050099898352697285,0.014450140925619508,0.028856870028570004,0.8788971652361597,0.11912355430655296,0.9999999995778844,0.03243606697188214,0.9677007574774147,0.10792886001263437,1.0,0.11912355430655296,0.10792886001263437
gRNA_9745,Ptpn11,0.11779921879884295,0.44014288854153216,0.7759137986643605,0.426651684782164,0.5221962073464395,0.45654075962666774,0.44014288854153216,0.45654075962666774,True,0.9335512362092404,0.8991135502142714,0.7485065911593962,2028.5788282937249,-0.12847289214552746,-0.2524133895718281,-0.6080086034140255,-0.329631628377127,-0.2524133895718281,-0.329631628377127,True,-0.20955257576719155,-0.12439397232367659,-0.19613251539366455,0.0,0.0,0.0,0.0,True,,,,0.27846629512645565,0.6401357101258969,0.026274178036919643,0.29076716491487703,0.3953761326719752,0.32620389617522483,0.29076716491487703,0.32620389617522483,True,0.6267566145528914,0.5546581575173201,0.5695520435129647,Ptpn11,PTPN11,D61G,D61G,targeting guide,Missense,764,0.0,0.0,0.0,73.82198952879581,855,3.04093567251462,86.08187134502924,1.0526315789473684,89.12280701754386,1628,3.0098280098280097,96.31449631449632,1.4127764127764129,92.44471744471744,2794,5.118110236220472,98.31782390837508,1.7537580529706511,89.79957050823192,0.46153375943817243,0.7568229905979404,0.8676834677437641,1.0,0.3435632220061853,0.6566133842236468,0.6473348401886946,1.0,0.8676834677437641,0.6473348401886946,0.003927465936512613,0.9997941388505039,0.01570986374605045,0.9999999999999999,0.0008584621814939323,0.9991471626077912,0.003626761575749647,1.0,0.01570986374605045,0.003626761575749647,0.010317475213160553,0.9994967386669528,0.05330847352287298,0.9999999995778844,0.0024223449812677354,0.9975885083263261,0.015437317168757094,1.0,0.05330847352287298,0.015437317168757094
gRNA_10049,Ptprt,0.8563811281377526,0.22565659846413408,1.2736829962860134,0.43929123145745197,1.0058110189188134,0.760164594652833,0.8563811281377526,0.760164594652833,True,1.502733052382717,1.6297872309768915,1.1721499507559199,2808.760292723229,0.4033859334736577,0.4706253188055607,0.2120338727408259,0.3620150416733481,0.4033859334736577,0.3620150416733481,True,0.7389955900880224,0.7907713409598663,0.747532685814057,0.0,0.0,0.0,0.0,True,,,,0.9285837698389947,0.8360038902778651,1.2330908865834358,0.9819757120788596,0.8723031990192431,0.9703914915596797,0.9285837698389947,0.9703914915596797,True,1.8705637430783337,1.760370739149258,1.6396373333118153,Ptprt,PTPRT,Q894R,Q900R,targeting guide,Missense,463,0.4319654427645788,1.079913606911447,0.0,75.16198704103672,2404,0.6239600665557404,79.45091514143095,0.0415973377703826,94.96672212978368,4422,3.482587064676617,68.86024423337857,0.2035278154681139,91.99457259158751,7507,2.5176501931530573,74.13081124284001,0.0799254029572399,93.03316904222726,0.04097979644525033,0.9938493455378266,0.2001091358884951,1.0,0.01786094671184736,0.9821794809139721,0.08721709043707283,1.0,0.2001091358884951,0.08721709043707283,7.722610802404774e-08,0.9999999997474696,1.814813538565122e-06,0.9999999999999999,5.089431922146432e-09,0.9999999955505725,1.1960165017044115e-07,1.0,1.814813538565122e-06,1.1960165017044115e-07,0.0003876922579768945,0.9999464955052662,0.005238781775003477,0.9999999995778844,8.377948076056433e-05,0.9999175554783651,0.0011250387416418639,1.0,0.005238781775003477,0.0011250387416418639
gRNA_10106,Ptprt,1.1989888405762137,1.0283665441548404,1.069960739514362,0.12827315082292942,1.400653239902494,0.965248502994168,1.069960739514362,0.965248502994168,True,1.887189138999291,2.004709537326695,1.458301516957636,1415.3497760055138,0.5174712805547454,0.9444002514613611,0.1473694889887546,0.5364136736682871,0.5174712805547454,0.5364136736682871,True,0.9781719060737342,0.9499769831945469,0.9854777627994564,0.0,0.0,0.0,0.0,True,,,,0.9008705222598151,1.1797426061014173,1.272491834862793,0.3963573282772801,1.1134158969309216,0.9725756376864453,1.1134158969309216,0.9725756376864453,True,1.8747809253737968,2.1097727763556167,1.6432655041393336,Ptprt,PTPRT,N470S,N466S,targeting guide,Missense,76,0.0,0.0,3.947368421052632,56.578947368421055,1552,0.4510309278350515,96.45618556701032,0.0,98.840206185567,2762,1.1947863866763215,94.42433019551048,0.0724112961622013,98.15351194786386,5079,1.4372908052766291,93.1876353612916,0.8269344359125812,96.5938176806458,0.018195506661620925,0.996397063487419,0.110346943625314,1.0,0.00798648677658551,0.9920428222515401,0.047703428154846295,1.0,0.110346943625314,0.047703428154846295,9.925407203850886e-08,0.9999999672722426,2.0733072825821853e-06,0.9999999999999999,1.0606569486387096e-08,0.99999999092846,2.2155945149341932e-07,1.0,2.0733072825821853e-06,2.2155945149341932e-07,4.06612695351581e-05,0.9999757318536774,0.0010519813490207405,0.9999999995778844,8.286424501131539e-06,0.9999919492520569,0.00023416963234966924,1.0,0.0010519813490207405,0.00023416963234966924
gRNA_10107,Ptprt,0.11949740940490013,-0.007537729695507045,0.21248628272440756,0.9824183681635941,-0.4283897752969204,0.17569491106009488,0.11949740940490013,,False,0.4070696767554922,0.3362454853100678,,1380.0329195910094,-0.37279978149576787,-0.03920145166771857,-0.5143476729682183,-0.30878296871056826,-0.37279978149576787,-0.30878296871056826,True,-0.18096000279086152,-0.292392697251464,-0.16768713212055678,0.0,0.0,0.0,0.0,True,,,,-0.021801247112482665,0.002179315002148728,-0.11259323504153702,0.3063247484796992,-0.5466588836238718,-0.07450986045920871,-0.021801247112482665,,False,-0.14694755263564824,-0.03621336274819548,,Ptprt,PTPRT,N470S,N466S,targeting guide,Missense,244,0.0,0.0,0.0,67.21311475409836,527,8.349146110056926,80.26565464895636,0.1897533206831119,86.90702087286527,1662,4.632972322503009,80.74608904933815,1.203369434416366,91.395908543923,2229,4.351727231942575,77.47868999551369,0.7178106774338269,92.14894571556752,0.4378364099521209,0.7850768583082172,0.8314469199090782,1.0,0.3174127905158768,0.6827590347478456,0.6120369704306138,1.0,0.8314469199090782,0.6120369704306138,0.20832500338946702,0.8947949191019176,0.4177258839924855,0.9999999999999999,0.13439167538476054,0.8657900898364368,0.275475403264408,1.0,0.4177258839924855,0.275475403264408,0.07705614050176283,0.964757841470302,0.22287006791279096,0.9999999995778844,0.045225504457970384,0.9548995374620266,0.13389598170233752,1.0,0.22287006791279096,0.13389598170233752
gRNA_10342,Raf1,0.44736008865204896,0.8933090496784327,0.8565250892964061,-0.6394973964043963,-0.35900293750810536,0.23973877874287716,0.44736008865204896,,False,0.5271281198593364,0.9117827806402583,,1365.0500108090985,-0.17946420415864714,-0.15003307404611965,-0.1475243582345977,-0.15900721214645483,-0.15003307404611965,-0.15900721214645483,True,0.02444765017752311,0.018477345531670308,0.036663117182021684,0.0,0.0,0.0,0.0,True,,,,0.37741058951966444,0.7468564642896783,1.0775800272980498,0.2753425723214503,0.1678557247131459,0.5290090756283978,0.37741058951966444,0.5290090756283978,True,1.018335914919881,0.7184467236273213,0.9064396842914842,Raf1,RAF1,R391G,R391G,targeting guide,Missense,123,0.0,0.0,0.0,58.53658536585366,538,45.16728624535316,98.51301115241635,0.5576208178438662,53.15985130111524,1631,45.24831391784181,88.41201716738198,0.4291845493562232,44.38994481912937,2635,43.60531309297912,97.22960151802656,1.935483870967742,50.55028462998102,0.2823861603167902,0.9149229566535579,0.663607476744457,1.0,0.16840537098493713,0.8317219769737721,0.4059001249380536,1.0,0.663607476744457,0.4059001249380536,0.00021604679988864383,0.9999743353994208,0.0013442457907967436,0.9999999999999999,4.606761343802079e-05,0.9999550043677488,0.0002839577484048495,1.0,0.0013442457907967436,0.0002839577484048495,0.028059919716052435,0.9198299629119234,0.1182164794823267,0.9999999995778844,0.029131474358494083,0.9709841436910549,0.09957667598903432,1.0,0.1182164794823267,0.09957667598903432
gRNA_10343,Raf1,-0.37394596041573797,-0.6971932548207698,0.033581323954832154,-0.16782909940029303,-0.4681364405252003,-0.3347046862414338,-0.37394596041573797,-0.4267761887905003,True,-0.5497398232011232,-0.5299557643024396,-0.48397688492788127,2955.378757231929,-0.614254057768006,-0.5394766006259225,-1.0678265345868854,-0.740519064326938,-0.614254057768006,-0.740519064326938,True,-0.7730578171279313,-0.6293411670396946,-0.7567369276017167,0.0,0.0,0.0,0.0,True,,,,0.02145146440587775,-0.6835122837288088,-0.40636393065537596,0.4455942058760287,0.2533515181714342,-0.07389580518616883,0.02145146440587775,,False,-0.14576192544973537,0.04555048294783846,,Raf1,RAF1,S259P,S259P,targeting guide,Missense,584,0.0,1.1986301369863013,0.0,79.28082191780823,514,13.035019455252918,68.67704280155642,0.1945525291828793,79.1828793774319,1478,8.322056833558863,60.622462787550745,0.3382949932341001,84.4384303112314,2180,10.963302752293576,64.63302752293578,0.0,81.88073394495413,0.8860124035596679,0.2439412702933466,0.9999935409454064,1.0,0.8325700628568584,0.16757904068619206,1.0,0.7591532445543159,0.9999935409454064,0.7591532445543159,0.1414019754537972,0.7593707372706509,0.3146866949822837,0.9999999999999999,0.15303401756322688,0.8472327535207924,0.29969161772798597,1.0,0.3146866949822837,0.29969161772798597,0.7338609182775272,0.6115457453251811,0.9390465765995937,0.9999999995778844,0.5693558096617578,0.4308878060002147,0.792880683084522,1.0,0.9390465765995937,0.792880683084522
gRNA_10363,Rara,1.2684283421550298,1.4617451472112732,0.6091592574495454,-0.11817448607508664,0.468526637288343,0.7379369796058208,0.6091592574495454,0.9519648460260477,True,1.4610645374567623,1.195808569150903,1.4397669606530652,1869.6529744284555,-0.419648051778127,-0.4515317253816554,-0.6013410675488849,-0.4908402815695558,-0.4515317253816554,-0.4908402815695558,True,-0.4306396986105766,-0.40226280775591333,-0.4160815193267814,0.0,0.0,0.0,0.0,True,,,,0.8278046099963138,1.0896081218067586,0.5688217815896518,1.0182468767414137,1.0261070871598539,0.9061176954587984,1.0182468767414137,0.9061176954587984,True,1.746462927818214,1.9298676372635961,1.5328696087857998,Rara,RARA,T253A,T253A,targeting guide,Missense,304,0.6578947368421053,0.986842105263158,0.986842105263158,54.276315789473685,725,39.03448275862069,98.20689655172414,0.0,60.82758620689656,3139,40.71360305829882,86.87480089200382,0.0318572793883402,55.78209620898375,6277,43.12569698900749,95.71451330253306,0.7646965110721682,55.4245658754182,0.6864172502120724,0.6094531269384507,0.9999935409454064,1.0,0.5410116000827683,0.459163218770799,0.8547074018114322,1.0,0.9999935409454064,0.8547074018114322,4.2226115023760085e-07,0.9999999964562566,7.938509624466895e-06,0.9999999999999999,3.2326470517161874e-08,0.9999999699542914,6.077376457226432e-07,1.0,7.938509624466895e-06,6.077376457226432e-07,0.00046016333676586756,0.999302620244691,0.005966255676688489,0.9999999995778844,0.00018750588673109006,0.999816292569972,0.0023376093126517023,1.0,0.005966255676688489,0.0023376093126517023
gRNA_10504,Rbm10,0.2250484611464896,1.0003813219792832,0.8270363757939784,1.0666098646158744,-0.1955308707099347,0.5847090305651382,0.8270363757939784,0.7797690058839064,True,1.1738190966764075,1.578274812927813,1.1995037935006043,1592.4691619631035,0.5431884650580059,0.4086713358588635,0.5652465375785052,0.5057021128317915,0.5431884650580059,0.5057021128317915,True,0.9360530092967385,0.9858652105617237,0.943575686940319,0.0,0.0,0.0,0.0,True,,,,0.5893164172869927,0.5178126965191974,0.6574800185741354,0.48577044582819373,0.7875732805028988,0.6075905717422836,0.5893164172869927,0.6075905717422836,True,1.1700622532364602,1.1190282084737297,1.0369744906807161,Rbm10,RBM10,M655V,M655V,targeting guide,Missense,162,0.0,0.0,1.851851851851852,48.14814814814815,959,28.779979144942647,96.97601668404587,0.0,70.17726798748697,3110,28.263665594855304,95.85209003215434,0.0,68.7781350482315,3354,29.695885509839,93.47048300536672,0.0,66.27906976744185,0.019854140346624097,0.9976054979396449,0.11725644348384816,1.0,0.007891414621944145,0.9921337348250938,0.047703428154846295,1.0,0.11725644348384816,0.047703428154846295,7.372709723250794e-05,0.9999994069783388,0.0005781369735398553,0.9999999999999999,8.23210316992078e-06,0.9999919181548923,7.034706345205029e-05,1.0,0.0005781369735398553,7.034706345205029e-05,0.0024652935288395662,0.9978723364605117,0.018175497389091706,0.9999999995778844,0.0010143353357089998,0.9989947261572559,0.007783471147481304,1.0,0.018175497389091706,0.007783471147481304
gRNA_10547,Rbm10,0.2179368304166469,1.4000799636156838,2.469465163137931,0.5308852516826953,0.9309412325182259,1.1098616882742367,0.9309412325182259,1.1098616882742367,True,2.1582851003333134,1.7606716637925168,1.6600788762638425,1291.7407785547487,1.138199855967221,0.6198309148505381,1.1261999167291554,0.9614102291823049,1.1261999167291554,0.9614102291823049,True,1.5610268820084634,1.7994553425837325,1.5653323004385316,0.0,0.0,0.0,0.0,True,,,,0.762196581302936,1.405623483433524,1.282534193615356,0.7520953864504824,1.5720984852966493,1.1549096260197895,1.282534193615356,1.1549096260197895,True,2.2268341410619064,2.4294697809841566,1.9461476461486382,Rbm10,RBM10,H777R,H777R,targeting guide,Missense,32,0.0,0.0,0.0,31.25,496,5.846774193548387,97.78225806451611,0.0,91.73387096774194,920,4.3478260869565215,97.5,2.065217391304348,90.54347826086956,2994,2.9392117568470275,98.86439545758184,4.1750167000668,91.91716766867069,0.002911039909312366,0.9997154962863543,0.03774313813453275,1.0,0.0009895263990809568,0.9990181416783971,0.012829721588084129,1.0,0.03774313813453275,0.012829721588084129,5.840626097330383e-09,0.9999999998558481,1.8300628438301868e-07,0.9999999999999999,4.0108931578591113e-10,0.9999999996973242,1.256746522795855e-08,1.0,1.8300628438301868e-07,1.256746522795855e-08,3.4362752674207765e-06,0.9999662622386691,0.0001615049375687765,0.9999999995778844,1.9241559929711683e-06,1.0,6.57711503051963e-05,1.0,0.0001615049375687765,6.57711503051963e-05
gRNA_10548,Rbm10,-0.150554850149235,0.1247874527959963,-0.2522178740042939,0.5118054416367732,-1.2051230250966458,-0.19426057096348104,-0.150554850149235,,False,-0.2864593182371653,-0.1378101388874983,,2006.1044651208583,0.09210806796436495,-0.1502170942183645,-0.010540086830507743,-0.022883037694835757,-0.010540086830507743,-0.08037859052443612,True,0.21113305125841816,0.21313924721402133,0.14394201731496553,0.0,0.0,0.0,0.0,True,,,,0.21443218681516643,0.41668157289014784,-0.11643419272132312,0.2789029192943076,-0.03647702948317852,0.15142109135902404,0.21443218681516643,,False,0.28928333793023575,0.410356421245701,,Rbm10,RBM10,H777R,H777R,targeting guide,Missense,8,0.0,0.0,0.0,37.5,226,6.6371681415929205,99.5575221238938,0.0,92.47787610619469,1379,7.904278462654097,98.8397389412618,0.0725163161711385,90.71791153009428,2633,5.431067223699203,98.0250664641094,1.4052411697683251,91.60653247246486,0.18251075306616316,0.9529443333482678,0.5045885525946864,1.0,0.10084023616709775,0.8992616647205094,0.28085873184317595,1.0,0.5045885525946864,0.28085873184317595,0.0351974600114792,0.9959162412887925,0.09972656421231903,0.9999999999999999,0.011601157197432583,0.9884331180093331,0.03561073627308139,1.0,0.09972656421231903,0.03561073627308139,0.36157064575033415,0.5473590276256844,0.6443154635171832,0.9999999995778844,0.37452671351741185,0.6258629247672166,0.6436369348730434,1.0,0.6443154635171832,0.6436369348730434
gRNA_10596,Ret,0.1983978118362931,1.5830097751677756,0.7271246472456188,0.7706224337346799,1.4684681531447838,0.9495245642258302,0.7706224337346799,0.9495245642258302,True,1.857712599304073,1.4792445490799186,1.436362059387269,991.0123951463938,1.2743406647378888,1.2897255614545533,1.2495369654263,1.2712010638729139,1.2743406647378888,1.2712010638729139,True,1.9858847476916568,2.006185159613549,1.9880030700806193,0.0,0.0,0.0,0.0,True,,,,1.670815316922583,1.1439262186255572,1.5750575088616718,0.9314499417814123,1.5136126908236185,1.3669723354029686,1.5136126908236185,1.3669723354029686,True,2.636288019893275,2.8662948013389498,2.298413333118904,Ret,RET,K809E,K808E,targeting guide,Missense,130,0.0,0.0,0.0,82.3076923076923,1115,1.7937219730941705,92.01793721973094,0.0,95.42600896860986,1427,0.8409250175192712,94.11352487736512,0.0,98.31814996496146,2511,3.106332138590203,93.74751095181205,0.0,94.9820788530466,0.0006121204322597668,0.9999676321117962,0.012786515696092906,1.0,0.00017488127800467093,0.999827551365209,0.0036530755849864594,1.0,0.012786515696092906,0.0036530755849864594,1.3616246223046393e-09,0.9999999999956745,5.119708579865444e-08,0.9999999999999999,6.91407452469413e-11,0.9999999999494947,2.5996920212849925e-09,1.0,5.119708579865444e-08,2.5996920212849925e-09,3.6495583972289635e-05,0.9999773924781431,0.0010519813490207405,0.9999999995778844,8.658289195222275e-06,0.9999917002795178,0.00023416963234966924,1.0,0.0010519813490207405,0.00023416963234966924
gRNA_10598,Ret,0.7682560188511055,-0.13670099148940215,1.0268362821864438,0.6988080752610228,1.198795422200933,0.7111989614020205,0.7682560188511055,0.9231739496248763,True,1.4109406933889639,1.4750904927998658,1.3995953052356418,1187.9306248515086,0.7333425581382942,0.9893434897572988,0.8151150340315184,0.8459336939757037,0.8151150340315184,0.8459336939757037,True,1.4026583675449398,1.3653376420504995,1.4077790401552783,0.0,0.0,0.0,0.0,True,,,,0.845061392395933,0.39132187147276826,0.8406244556764149,0.8548140392577761,0.9666592473364589,0.7796962012278701,0.845061392395933,0.7796962012278701,True,1.5023663993381482,1.6024821226512727,1.3228659044919135,Ret,RET,K809E,K808E,targeting guide,Missense,85,0.0,0.0,0.0,90.58823529411764,1146,0.0872600349040139,85.42757417102966,0.0,99.47643979057592,1714,0.058343057176196,90.49008168028004,0.0,99.12485414235708,2743,0.0,90.3390448414145,0.0,99.5989792198323,0.0041669399228289085,0.9996587508409797,0.04747786093889908,1.0,0.0014077397649987697,0.9986012270742974,0.016039701564834467,1.0,0.04747786093889908,0.016039701564834467,3.856652399147838e-06,0.9999999073230516,4.833671006931957e-05,0.9999999999999999,3.8428050991605866e-07,0.9999996317929861,4.9063690641790346e-06,1.0,4.833671006931957e-05,4.9063690641790346e-06,0.0006140489808755677,0.9994569780432269,0.006994658966056086,0.9999999995778844,0.00019272842737287968,0.9998097921922997,0.0023376093126517023,1.0,0.006994658966056086,0.0023376093126517023
gRNA_10617,Rheb,0.33171594579946634,-0.5617676208408017,0.6735573580750798,0.8147925324412434,-0.3037131098507645,0.19091702112484465,0.33171594579946634,,False,0.4356054741901705,0.7087785309617479,,3490.4826423001764,-0.0071890469636151505,0.12083615861004698,0.12467566479056721,0.07944092547899968,0.12083615861004698,0.1227559117003071,True,0.35146367351746105,0.39647426844929295,0.4210935879285469,0.0,0.0,0.0,0.0,True,,,,-0.6644317897558913,-0.4210708532684255,-0.3212066028394161,-0.023803083226002487,0.26752628540875206,-0.23259720873619666,-0.3212066028394161,-0.35762808227243387,True,-0.45218498987510936,-0.6022017701069192,-0.5663880864644939,Rheb,RHEB,Y35C,Y35C,targeting guide,Missense,2330,0.0,0.0429184549356223,0.3433476394849785,73.30472103004291,2307,38.8816644993498,85.78240138708279,2.1239705244906806,56.393584742089296,2967,39.130434782608695,82.91203235591506,0.0337040781934614,57.36434108527132,3800,39.3421052631579,86.92105263157895,0.1052631578947368,57.21052631578947,0.12622264380713036,0.9729471889332415,0.3922290419130663,1.0,0.06463674276031549,0.9354441305825484,0.20772149810152668,1.0,0.3922290419130663,0.20772149810152668,0.44594857979988045,0.618352396654809,0.735423973705066,0.9999999999999999,0.4111575113345194,0.5891651822124399,0.6310009153542012,1.0,0.735423973705066,0.6310009153542012,0.04995212620436311,0.9397136078053756,0.17107808399217617,0.9999999995778844,0.03886548358591931,0.9612513254281834,0.12490104126756975,1.0,0.17107808399217617,0.12490104126756975
gRNA_10634,Rhoa,0.2658897100797393,0.16791774740924642,0.5642126322972689,-0.6500444644917742,0.8677125512175999,0.24313763530241608,0.2658897100797393,0.46643316025096365,True,0.5334997123573522,0.5932257216121344,0.7623093607429842,877.035267626857,-0.7993693441096812,-0.967285525165998,-0.9832085020639965,-0.9166211237798919,-0.967285525165998,-0.9166211237798919,True,-1.0145702724474008,-1.1219951575315747,-0.9970061178728681,0.0,0.0,0.0,0.0,True,,,,0.3675474147751779,-0.3162600179458931,-0.20914588279091284,0.09730156999685194,-0.013587747193723071,-0.014828932631699838,-0.013587747193723071,,False,-0.03171471673391663,-0.020686767619083814,,Rhoa,RHOA,Y34C,Y34C,targeting guide,Missense,401,0.2493765586034912,4.239401496259352,0.9975062344139652,70.07481296758105,279,35.12544802867384,72.40143369175627,0.7168458781362007,43.36917562724015,818,31.66259168704157,64.18092909535453,0.0,42.66503667481663,1213,35.28441879637263,67.93075020610058,0.0,39.65375103050289,0.9793285270866902,0.09980079123667712,0.9999935409454064,0.8338910556664577,0.9502395474182546,0.04983192726955394,1.0,0.4569952354476166,0.8338910556664577,0.4569952354476166,0.15658032344319425,0.9561400936436117,0.3403133041308731,0.9999999999999999,0.08095872048619601,0.9191698311282452,0.17697952850470755,1.0,0.3403133041308731,0.17697952850470755,0.038570599915575016,0.9592007046952375,0.14218181929662949,0.9999999995778844,0.02538677096420851,0.9746954165380278,0.0917829411782923,1.0,0.14218181929662949,0.0917829411782923
gRNA_10657,Rictor,0.3228714276595373,0.32779277417598784,0.7784766487656967,-0.5290172483300408,-0.03275876115761146,0.1734729682227139,0.3228714276595373,,False,0.4029043599597763,0.6932526709875593,,429.1533158247342,-1.107316277510688,-1.0344458861332633,-0.8589573850279764,-1.0002398495573093,-1.0344458861332633,-1.0002398495573093,True,-1.1292478851676804,-1.2157171706916587,-1.1110933897449662,0.0,0.0,0.0,0.0,True,,,,-0.14805405107094957,0.08893392985296483,0.0719740828619731,0.5117719221928959,0.43259146472965926,0.1914434697133087,0.08893392985296483,0.27631784990937325,True,0.36655914990530575,0.17311765037643734,0.486684374750337,Rictor,RICTOR,C1554R,C1555R,targeting guide,Missense,8,0.0,0.0,0.0,100.0,30,23.33333333333333,90.0,0.0,66.66666666666667,187,44.38502673796791,98.39572192513369,2.6737967914438503,52.406417112299465,497,41.85110663983903,97.1830985915493,0.6036217303822937,54.929577464788736,0.9889661992699517,0.06197388821447676,0.9999935409454064,0.6297887018552233,0.97134426366257,0.028948149214985546,1.0,0.3109858315667019,0.6297887018552233,0.3109858315667019,0.021706247310895297,0.9967489269129558,0.06967218501868816,0.9999999999999999,0.00733338466554824,0.9926942497292647,0.02336739520547575,1.0,0.06967218501868816,0.02336739520547575,0.07190394021478651,0.9627971125220564,0.2130446596983898,0.9999999995778844,0.04136462422441824,0.9587380523801051,0.12853800585439057,1.0,0.2130446596983898,0.12853800585439057
gRNA_10664,Rictor,-0.4965873808705419,0.14235115859320666,-0.45745693589783576,0.22177623566374408,-0.6132513210912235,-0.24063364872053006,-0.45745693589783576,,False,-0.37339159948259654,-0.6765527513999591,,1877.6795327044792,-0.33063377059660576,-0.18713906557257834,-0.3736333468600147,-0.2971353943430663,-0.33063377059660576,-0.2971353943430663,True,-0.16498611643910635,-0.23355019891638643,-0.15179547661921747,0.0,0.0,0.0,0.0,True,,,,-0.039972115219649655,0.08690369227957048,-0.36709622221788835,-0.2639769291396501,-0.13969164495742195,-0.1447666438510079,-0.13969164495742195,-0.2026842278836525,True,-0.2826004100270349,-0.25907042673471387,-0.3090047706196463,Rictor,RICTOR,M1365T,M1366T,targeting guide,Missense,358,0.0,0.0,1.3966480446927374,89.3854748603352,660,11.363636363636363,91.36363636363636,0.303030303030303,85.75757575757575,1033,11.035818005808324,91.19070667957403,0.0,87.41529525653436,2680,9.402985074626866,90.85820895522389,0.0,89.58955223880596,0.4241455610348326,0.8323912381708667,0.8185780624186237,1.0,0.28394750395930457,0.7162094487070618,0.5647709353455427,1.0,0.8185780624186237,0.5647709353455427,0.3985802432520064,0.8848124651801632,0.6803145042269584,0.9999999999999999,0.2310678300929922,0.7691302329868608,0.41148177278158665,1.0,0.6803145042269584,0.41148177278158665,0.5556984543999492,0.6918510766841475,0.8291373764062735,0.9999999995778844,0.4286225478257369,0.5716422445169695,0.6976713332574764,1.0,0.8291373764062735,0.6976713332574764
gRNA_10909,Rtel1,0.5485885164497957,0.12512440191197946,0.18854858911335667,0.4162206376803795,-0.36654697788853097,0.18238703345339607,0.18854858911335667,0.3196205362888778,True,0.4196149183948586,0.45745943164888286,0.5574631462120357,2273.656407654982,-0.3319212580376936,0.12019274409049806,-0.05495322125739261,-0.08889391173486272,-0.05495322125739261,-0.1934372396475431,True,0.1206034554279378,0.15116089704901964,-0.010312340427035799,0.0,0.0,0.0,0.0,True,,,,0.46057193228240706,0.18191456403931447,0.34664461476510344,0.26552131518378413,-0.33373946636064483,0.18418259198199288,0.26552131518378413,0.3136631065676523,True,0.3525397376311957,0.5069340336551177,0.548720045850053,Rtel1,RTEL1,T44A,T44A,targeting guide,Missense,100,0.0,0.0,0.0,37.0,778,7.969151670951157,74.42159383033419,9.383033419023135,64.52442159383034,1701,9.465020576131687,80.59964726631394,1.763668430335097,74.66196355085243,2608,6.78680981595092,79.17944785276073,3.2975460122699385,76.91717791411043,0.22057645978730894,0.9273905307047775,0.5684122703375083,1.0,0.13269775997939598,0.867422663977464,0.34174217638529375,1.0,0.5684122703375083,0.34174217638529375,0.02046269753447111,0.9925637894236395,0.06632736442207877,0.9999999999999999,0.008199429565564601,0.991830292834812,0.0259074413164058,1.0,0.06632736442207877,0.0259074413164058,0.08530953719203667,0.9799227197209012,0.2410094665699564,0.9999999995778844,0.03768258156792478,0.9623949735693216,0.12214354025465275,1.0,0.2410094665699564,0.12214354025465275
gRNA_10969,Runx1,0.2906745469042348,0.7519912745138603,0.4638876113778952,1.5159263835161305,0.2873685782700947,0.6619696789164431,0.4638876113778952,0.6619696789164431,True,1.3186540900936612,0.9407955543721881,1.0351395477542027,1903.3645191877551,0.4825109084409567,0.09340748661863095,0.10753299978502934,0.22781713161487235,0.10753299978502934,0.22781713161487235,True,0.5549519346211631,0.377909763903573,0.5644364557870326,0.0,0.0,0.0,0.0,True,,,,0.3089832325711061,0.8303392381276676,0.7832277525647402,0.8905227216141719,0.6126105582506246,0.6851367006256621,0.7832277525647402,0.6851367006256621,True,1.3197894888829889,1.485593354097753,1.1657894079400677,Runx1,RUNX1,R149G,R135G,targeting guide,Missense,356,0.0,0.2808988764044944,0.5617977528089888,69.9438202247191,1314,66.66666666666667,97.26027397260276,0.30441400304414,32.115677321156774,3000,68.8,97.83333333333331,0.1666666666666666,30.266666666666666,5378,65.28449237634808,97.0435105987356,0.2603198214949795,32.85608032725921,0.06842297676964146,0.9863106418391755,0.2734275102970879,1.0,0.033071701422342725,0.9669875894156837,0.13370924446022434,1.0,0.2734275102970879,0.13370924446022434,1.5779522836235734e-05,0.9999995924629631,0.00015213078426729837,0.9999999999999999,1.8094687560905793e-06,0.9999982451042636,1.860685119519265e-05,1.0,0.00015213078426729837,1.860685119519265e-05,0.0014871513520443745,0.9997764560639595,0.012425975741526329,0.9999999995778844,0.00041618310343799475,0.9995898291917605,0.0038167035827484396,1.0,0.012425975741526329,0.0038167035827484396
gRNA_10971,Runx1,1.2808319643596555,0.17924641687955248,0.653075736884912,0.8374250660371224,0.24367376652950654,0.6388505901381498,0.653075736884912,0.6388505901381498,True,1.2753143933337847,1.2729005146345844,1.0028817098937384,675.8362068411961,0.7312731605813272,0.01932483453071453,0.8550959273051107,0.5352313074723841,0.7312731605813272,0.5352313074723841,True,0.9765503681772081,1.2483366454254974,0.9838645723042625,0.0,0.0,0.0,0.0,True,,,,0.8597304643188477,0.6051757823491476,0.9460466536642096,0.6956552066452061,0.8965221792847027,0.8006260572524229,0.8597304643188477,0.8006260572524229,True,1.5427780811353016,1.6302121698807992,1.3576333095303719,Runx1,RUNX1,R149G,R135G,targeting guide,Missense,26,0.0,0.0,0.0,80.76923076923077,193,59.58549222797927,98.44559585492227,0.0,40.41450777202073,708,70.19774011299435,99.57627118644068,0.0,29.51977401129944,1029,62.48785228377065,99.31972789115646,0.0,37.41496598639456,0.01812085996328324,0.9948838834819069,0.110346943625314,1.0,0.008527114078984894,0.9915047923791915,0.050096795214036254,1.0,0.110346943625314,0.050096795214036254,2.1145618657319e-06,0.9999999911500868,3.278170993382164e-05,0.9999999999999999,1.68454261027672e-07,0.9999998390483443,2.639116756100195e-06,1.0,3.278170993382164e-05,2.639116756100195e-06,0.0013532846850195402,0.9997257371355778,0.011564432762894252,0.9999999995778844,0.00038540542273729305,0.9996196350595721,0.0036228109737305547,1.0,0.011564432762894252,0.0036228109737305547
gRNA_11071,Setbp1,0.9424860074563216,0.9792391467990434,1.2041167506956711,1.3602200367407877,0.8050316487577422,1.0582187180899134,0.9792391467990434,1.0582187180899134,True,2.0614737299098658,1.8454548755295166,1.5880219463902558,1249.467571634357,-0.30026088477403473,-0.1927115288713685,-0.28522857575014443,-0.2594003297985159,-0.28522857575014443,-0.2594003297985159,True,-0.11323494374922809,-0.1701874324325912,-0.10031071016552978,0.0,0.0,0.0,0.0,True,,,,0.5977741308835318,0.8363856715566553,1.0651474929414297,0.7542948229953548,0.7480082784161007,0.8003220793586145,0.7542948229953548,0.8003220793586145,True,1.5421911560315866,1.4308992665873956,1.357128359924203,Setbp1,SETBP1,I862T,I871T,targeting guide,Missense,44,0.0,0.0,0.0,56.81818181818182,267,20.59925093632959,95.50561797752808,1.1235955056179776,71.53558052434457,1134,24.603174603174605,96.29629629629628,7.142857142857143,63.49206349206349,2896,20.85635359116022,96.30524861878452,0.5524861878453039,77.65883977900552,0.37912625864822624,0.8634555577105975,0.7919526291762948,1.0,0.244175696784878,0.7559724470768332,0.5182019109793896,1.0,0.7919526291762948,0.5182019109793896,2.6222656737282274e-06,0.9999999876736767,3.5213281904350486e-05,0.9999999999999999,2.1630126906303944e-07,0.9999997932352956,3.01219545065566e-06,1.0,3.5213281904350486e-05,3.01219545065566e-06,1.5077966456008955e-05,0.9999998727956249,0.0005153923079508515,0.9999999995778844,1.531951227171902e-06,0.9999985148000724,5.979557451519771e-05,1.0,0.0005153923079508515,5.979557451519771e-05
gRNA_11223,Smad2,-0.310162920335077,0.29056246190432045,-0.6556988517776229,-0.642066188359626,-0.8067518768600015,-0.42482347508560137,-0.642066188359626,-0.6036699593330819,True,-0.7186790499296737,-1.0006198580885317,-0.7307950282989305,4008.9983069313075,-0.9713373191765833,-0.8037442530103766,-1.175743547207583,-0.9836083731315143,-0.9713373191765833,-0.9836083731315143,True,-1.106438903150893,-1.1276494197498366,-1.0884018244887004,0.0,0.0,0.0,0.0,True,,,,-0.6647777837593083,-0.41345194867594415,-0.2535822889453656,-0.3303138194095273,-0.9871130103955137,-0.5298477702371318,-0.41345194867594415,-0.5298477702371318,True,-1.026120858870539,-0.7765800682155478,-0.8524689672904996,Smad2,SMAD2,Y279C,Y279C,targeting guide,Missense,3323,0.0300932891965091,0.0300932891965091,0.3611194703581101,18.868492326211253,1325,16.30188679245283,74.0377358490566,0.2264150943396226,76.60377358490567,3278,24.618669920683345,86.3941427699817,0.0,72.87980475899938,5238,18.36578846888125,72.45131729667813,0.0,78.36960672012218,0.9855569176104999,0.06658195603455218,0.9999935409454064,0.6419183453587595,0.9673186926644047,0.032741434814372174,1.0,0.3327237700055118,0.6419183453587595,0.3327237700055118,0.9475992703347211,0.1276816373103666,0.9999998615455512,0.8890425116425525,0.9234361648354383,0.07671645576435925,1.0,0.5756743769532371,0.8890425116425525,0.5756743769532371,0.7666344606493228,0.4179193026306363,0.946915991808892,0.9999999995778844,0.6968809389817348,0.3033695642256411,0.9066686264952674,1.0,0.946915991808892,0.9066686264952674
gRNA_11284,Smad4,0.48231276424044794,-0.07949193926298734,-0.15272625466499862,0.18937047063735188,1.5902585639165054,0.4059447209732639,0.18937047063735188,,False,0.8387024732014019,0.45890218039505987,,593.4302085406861,-1.0789440065550664,-0.7106177316514702,-2.21106539131483,-1.3335423765071222,-1.0789440065550664,-1.3335423765071222,True,-1.58635049883324,-1.2778141184701848,-1.5658429168903563,0.0,0.0,0.0,0.0,True,,,,0.43303457195795025,0.5531907953067232,0.2002396760190759,0.48307093971931775,0.24372226908893324,0.3826516504184001,0.43303457195795025,0.3826516504184001,True,0.7357467901165979,0.8235969109202568,0.663319622849467,Smad4,SMAD4,L532P,L533P,targeting guide,Missense,78,0.0,1.2820512820512822,1.2820512820512822,67.94871794871794,105,28.571428571428573,86.66666666666667,0.0,58.095238095238095,606,31.18811881188119,92.73927392739274,2.8052805280528053,59.73597359735974,864,25.578703703703702,91.66666666666669,0.925925925925926,67.47685185185185,0.9869707496686754,0.004878491158600674,0.9999935409454064,0.141355831574562,0.995547358398559,0.004551775603954177,1.0,0.10067456629922178,0.141355831574562,0.10067456629922178,0.0025313679028461946,0.9999482888870274,0.010940164729542175,0.9999999999999999,0.00043595936749978286,0.9995669332523254,0.0019990331973160774,1.0,0.010940164729542175,0.0019990331973160774,0.009465078440420356,0.9886495004876706,0.05160306646973947,0.9999999995778844,0.007347864806005721,0.9927720625350664,0.036352594303396726,1.0,0.05160306646973947,0.036352594303396726
gRNA_11285,Smad4,0.0774006484682966,-0.05315372613991743,0.31253669696257086,1.4400376852522485,0.39407367088571066,0.43417899508578184,0.31253669696257086,0.5560121753922067,True,0.891631240853381,0.6751108594005983,0.8872980821340887,490.6902626075826,-0.09953813167760217,-0.037434171169247986,-0.5928452635308132,-0.2432725221258878,-0.09953813167760217,-0.2432725221258878,True,-0.09111671048133622,0.08894283417736927,-0.07830633780106894,0.0,0.0,0.0,0.0,True,,,,0.15612611125973302,-0.3519971044474936,0.17411046924801038,0.1841513333411708,0.03645508458983807,0.03976917879825173,0.15612611125973302,0.13771074960968807,True,0.07370414057902401,0.30013607210453647,0.2564386821057156,Smad4,SMAD4,L532P,L533P,targeting guide,Missense,46,0.0,6.521739130434782,6.521739130434782,58.69565217391305,191,57.068062827225134,96.3350785340314,0.0,39.26701570680628,351,62.39316239316239,96.86609686609688,0.2849002849002849,34.75783475783476,403,51.116625310173696,96.02977667493796,0.0,45.40942928039702,0.352809368757258,0.814768554141098,0.7537291059814147,1.0,0.2564466623868189,0.7437201486072308,0.538646600700017,1.0,0.7537291059814147,0.538646600700017,0.09151918200360439,0.9799726359195473,0.2164227197066368,0.9999999999999999,0.03917205357985373,0.9609034936360391,0.09819128097350002,1.0,0.2164227197066368,0.09819128097350002,0.010349783423323744,0.9959416438595727,0.05330847352287298,0.9999999995778844,0.00505630535485381,0.994995613334833,0.027958394315074006,1.0,0.05330847352287298,0.027958394315074006
gRNA_11305,Smad4,0.09247965874450766,0.14596508529120586,0.6212922387106852,0.19859733977571328,0.3775856785945791,0.28718400022333823,0.19859733977571328,0.28718400022333823,True,0.6160702720084734,0.47509922764805035,0.5122047655210245,819.2440480394863,0.1582971398464529,-0.24142099061712488,-0.5187390316664278,-0.20062096081236658,-0.24142099061712488,-0.3800800111417763,True,-0.03262288407160413,-0.10905412386759501,-0.2649630112720481,0.0,0.0,0.0,0.0,True,,,,-0.1608224968192323,0.5503760885113497,0.43462982534327693,0.05290296948044076,0.451697035483747,0.2657566843999164,0.43462982534327693,0.3724014797047036,True,0.5100442260432291,0.8266125380813091,0.6462926621050468,Smad4,SMAD4,D492G,D493G,targeting guide,Missense,101,0.0,0.0,1.98019801980198,75.24752475247524,455,0.6593406593406593,99.56043956043956,0.0,99.12087912087912,573,0.3490401396160558,100.0,0.0,99.65095986038396,995,0.100502512562814,99.69849246231156,0.0,99.8994974874372,0.31369324930285064,0.8400796080975391,0.6979210753720227,1.0,0.22497257592108094,0.775190167917958,0.4889577372620025,1.0,0.6979210753720227,0.4889577372620025,0.009604327498172801,0.997976360296449,0.03374978634871938,0.9999999999999999,0.003152580347277346,0.9968631243160927,0.011397790486310405,1.0,0.03374978634871938,0.011397790486310405,0.05004943946579622,0.996390924982869,0.17107808399217617,0.9999999995778844,0.015272045294797237,0.9847664412821355,0.06373130387234754,1.0,0.17107808399217617,0.06373130387234754
gRNA_11315,Smad4,1.5442969406039349,3.20621951614717,-0.36572330509828005,-0.8083091297223941,-2.801965934638147,0.15490361745845674,-0.36572330509828005,,False,0.36809373057604766,-0.5155215358848931,,216.7170734526401,-1.7825473027822096,-0.4515247269507372,-0.8732770563450435,-1.0357830286926635,-0.8732770563450435,-1.0357830286926635,True,-1.177993030394857,-0.9908067180249547,-1.1595876032541244,0.0,0.0,0.0,0.0,True,,,,0.9980909498052295,1.2142612328098474,0.3531102950710775,-0.8244758440115332,-1.5124655441502937,0.04570421790486549,0.3531102950710775,,False,0.0851636036326052,0.6725100538576345,,Smad4,SMAD4,K506E,K507E,targeting guide,Missense,56,0.0,0.0,1.7857142857142858,71.42857142857143,7,14.285714285714286,85.71428571428571,0.0,85.71428571428571,65,1.5384615384615383,23.07692307692308,0.0,63.07692307692308,259,1.5444015444015444,33.204633204633204,0.0,75.67567567567568,0.9343715962639786,0.02031165454619346,0.9999935409454064,0.3182159212236976,0.9752603045562082,0.024962602756594753,1.0,0.302772214079988,0.3182159212236976,0.302772214079988,0.0010005424692362086,0.13827555397387986,0.004762075549782461,0.918528117498881,0.07176883351043943,0.930876790558407,0.16062548452336445,1.0,0.004762075549782461,0.16062548452336445,0.0006218543207448759,0.09611777681260031,0.006994658966056086,0.9999999995778844,0.11860073632255036,1.0,0.28306586636082587,1.0,0.006994658966056086,0.28306586636082587
gRNA_11324,Smad4,1.013541581311397,-0.5913680609450426,-1.2312879029978294,0.03011418473483322,0.3144615183115407,-0.09290773591702021,0.03011418473483322,,False,-0.09646043122256723,0.17934022395910412,,1499.3610859612284,-0.36250363322210105,-0.22678546296589777,-0.07877769828271787,-0.2226889314902389,-0.22678546296589777,-0.2226889314902389,True,-0.06288766234215494,-0.08863030399262967,-0.0502226080010694,0.0,0.0,0.0,0.0,True,,,,-0.09778520095794699,0.2177590498613651,-0.4240560249742953,0.32887817793651164,0.17685157721997502,0.040329515817121894,0.17685157721997502,,False,0.07478604774929706,0.33931497537473465,,Smad4,SMAD4,Y352C,Y353C,targeting guide,Missense,491,0.2036659877800407,0.2036659877800407,0.4073319755600815,57.63747454175153,360,23.88888888888889,77.77777777777777,0.2777777777777778,61.388888888888886,1166,30.102915951972555,84.30531732418525,0.6861063464837049,58.23327615780446,2172,22.605893186003684,80.52486187845304,0.5524861878453039,64.3646408839779,0.3385488749795101,0.877322808186737,0.7315768792660678,1.0,0.21673245035975386,0.7834118244932391,0.47936118432510266,1.0,0.7315768792660678,0.47936118432510266,0.08484134938937472,0.9653136617701851,0.2044894062205442,0.9999999999999999,0.044526536071389115,0.9555661775523085,0.10942468995321769,1.0,0.2044894062205442,0.10942468995321769,0.14085144801709612,0.5064674931820627,0.33885224206062503,0.9999999995778844,0.25254183630402716,0.7480158801031815,0.4896906701161371,1.0,0.33885224206062503,0.4896906701161371
gRNA_11607,Smo,0.9942719530380293,0.9841809661652472,0.7944875902539098,-0.4018331298452839,0.2067789202016328,0.5155772599627071,0.7944875902539098,0.7449298574147047,True,1.0442227270653426,1.5211379651504782,1.150893071283415,1729.9908604256432,-0.8365955204586756,-0.7200226733593247,-1.1883327107253965,-0.914983634847799,-0.8365955204586756,-0.914983634847799,True,-1.012324563488762,-0.9396177824748626,-0.9947719694420426,0.0,0.0,0.0,0.0,True,,,,0.9756761633439934,0.24990500582975636,0.40869802061111465,0.251893443665007,0.06808358953135625,0.39085124459624554,0.251893443665007,0.39085124459624554,True,0.7515786902688094,0.4811722456674751,0.6769402904545242,Smo,SMO,I160V,I156V,targeting guide,Missense,135,0.7407407407407407,4.444444444444445,0.0,49.629629629629626,435,28.27586206896552,82.29885057471265,0.2298850574712643,57.93103448275862,1545,26.990291262135923,77.47572815533981,0.0647249190938511,53.333333333333336,2422,25.55739058629232,81.04872006606111,0.0412881915772089,59.08340214698596,0.9706080829106986,0.0977313425349531,0.9999935409454064,0.8338910556664577,0.9459235430298306,0.0541605597046499,1.0,0.46282660111246277,0.8338910556664577,0.46282660111246277,0.001456423477838619,0.9998431502592013,0.006678234483747813,0.9999999999999999,0.00037390822938382655,0.9996314295322979,0.0017356727684977628,1.0,0.006678234483747813,0.0017356727684977628,0.0037511668934951596,0.9929673624137234,0.025186406284896073,0.9999999995778844,0.0020536757335731202,0.9979623934119533,0.013547053961815669,1.0,0.025186406284896073,0.013547053961815669
gRNA_11608,Smo,0.09222044886087545,0.1317520099403177,-0.19985301569337896,0.4995877105854175,0.2867664067486419,0.16209471208837473,0.1317520099403177,0.25258164403381317,True,0.38157435966229614,0.35775747826913673,0.4639244372496202,1483.8430732942493,0.3974524549970371,0.7009500551610771,0.507773626067456,0.5353920454085234,0.507773626067456,0.5353920454085234,True,0.9767708097424036,0.9364439454265892,0.9840838790737688,0.0,0.0,0.0,0.0,True,,,,0.09018685051408852,-0.07762467526818001,-0.21144672569779532,0.5610622293932795,1.1278224208723053,0.2980000199627396,0.09018685051408852,,False,0.5723001448281023,0.17548614030479717,,Smo,SMO,I160V,I156V,targeting guide,Missense,108,0.0,2.7777777777777777,0.925925925925926,56.48148148148148,545,22.93577981651376,76.14678899082568,0.3669724770642202,61.46788990825688,869,20.59838895281933,75.48906789413118,0.0,62.94591484464903,1410,17.588652482269502,72.05673758865248,0.0709219858156028,64.32624113475177,0.019958543571718834,0.9975076381151136,0.11725644348384816,1.0,0.00799286163232797,0.992032732179238,0.047703428154846295,1.0,0.11725644348384816,0.047703428154846295,0.004850950973843063,0.9928421058272183,0.018423813799646385,0.9999999999999999,0.00332787199190123,0.9967182013535932,0.011916951132903454,1.0,0.018423813799646385,0.011916951132903454,0.11671250514785667,0.9840153291615023,0.2945228317825108,0.9999999995778844,0.04607627733561906,0.9540043527351203,0.13429984711777337,1.0,0.2945228317825108,0.13429984711777337
gRNA_11670,Socs1,0.38398456549418275,-0.5522258054294878,-1.216859919183797,1.0346928669121636,-0.48519954486656325,-0.16712156741470036,-0.48519954486656325,,False,-0.2355837757169207,-0.725252732037976,,674.2308951859914,0.8300010296108465,0.4671941556503908,0.8816104458184255,0.7262685436932209,0.8300010296108465,0.7262685436932209,True,1.238545441491303,1.3861109889100667,1.2445109395358822,0.0,0.0,0.0,0.0,True,,,,-0.37419690201427724,-0.030487049266275976,-0.050522440935516714,-0.04686826534798105,-0.757578041986825,-0.25193053991017517,-0.050522440935516714,-0.25193053991017517,True,-0.489514077402767,-0.0905071902913677,-0.39080975173694926,Socs1,SOCS1,F102S,F101S,targeting guide,Missense,22,0.0,0.0,0.0,63.63636363636363,18,0.0,44.44444444444444,0.0,94.44444444444444,186,1.075268817204301,50.53763440860215,0.0,97.31182795698923,272,0.3676470588235294,38.60294117647059,0.0,94.48529411764706,0.00770599032713301,0.9991446376974681,0.06036359089587525,1.0,0.002840787940920505,0.9971734473614181,0.02225283887054396,1.0,0.06036359089587525,0.02225283887054396,0.5416431970309141,0.6160672507840407,0.8051549346518525,0.9999999999999999,0.44818350039572324,0.5521108781189376,0.6767750849349073,1.0,0.8051549346518525,0.6767750849349073,0.18772502930579857,0.4150999460004334,0.4126640617598756,0.9999999995778844,0.3581841441513218,0.6424680429961405,0.6235057324115602,1.0,0.4126640617598756,0.6235057324115602
gRNA_11798,Sox9,-0.1873578608642749,-0.15476234699520935,-1.172519177240475,-0.01647476168925672,-0.12111942497827186,-0.3304467143534976,-0.15476234699520935,-0.3304467143534976,True,-0.5417577088451068,-0.14519607058427725,-0.3495693138781893,1005.4602000432365,-0.1561233726086662,-0.5369117745373928,-0.2292673148655396,-0.3074341540038662,-0.2292673148655396,-0.3074341540038662,True,-0.17911019164953496,-0.09209371831991396,-0.16584684349240644,0.0,0.0,0.0,0.0,True,,,,-0.5409756778088844,0.21457304127923904,-0.6157484607404594,-0.14228290864414167,-0.6496212007475314,-0.34681104133235563,-0.5409756778088844,-0.4871570619852542,True,-0.6727107810843173,-1.0176477410938702,-0.7815537568164995,Sox9,SOX9,M109T,M109T,targeting guide,Missense,10,0.0,0.0,0.0,70.0,131,42.74809160305343,100.0,0.0,56.48854961832061,306,46.07843137254902,98.36601307189542,0.326797385620915,43.790849673202615,839,38.61740166865316,93.4445768772348,0.0,54.35041716328963,0.4338515126783783,0.7956510364107301,0.8280617703912195,1.0,0.30871125858165444,0.691456488158569,0.6014271151642594,1.0,0.8280617703912195,0.6014271151642594,0.6675430933320354,0.36572783436882667,0.9330713869622502,0.9999999999999999,0.6762040570188248,0.32409458782469275,0.9046511345288878,1.0,0.9330713869622502,0.9046511345288878,0.6562343585666227,0.492816810781157,0.9104949033987091,0.9999999995778844,0.568618437720847,0.43170340380541056,0.792880683084522,1.0,0.9104949033987091,0.792880683084522
gRNA_12024,Stat3,-0.6825756638249331,0.6640143889253649,0.05696776672399919,-0.024988389084842015,-0.15045617231998687,-0.02740761391607957,-0.024988389084842015,,False,0.026327947354058308,0.08261196450996511,,1508.992955892457,0.6219259110988443,0.1744699043126599,0.48352607982077866,0.4266406317440943,0.48352607982077866,0.4266406317440943,True,0.8276253595690836,0.9026065923257252,0.8357062043142297,0.0,0.0,0.0,0.0,True,,,,-0.7096879102679001,1.3129601017640828,0.4674064276596873,-0.30224909863834004,0.12246133397226204,0.17817817089795843,0.12246133397226204,,False,0.34094631080879106,0.23649701783725233,,Stat3,STAT3,H410R,H410R,targeting guide,Missense,141,0.0,0.0,2.8368794326241136,59.57446808510638,289,10.034602076124568,97.2318339100346,0.0,89.27335640138408,609,10.83743842364532,95.40229885057472,0.0,87.19211822660098,1188,8.501683501683502,95.2020202020202,0.0,90.23569023569024,0.029072185934196745,0.9954454530047495,0.15182141543413855,1.0,0.012496225597229191,0.9875379052212084,0.06453172266210536,1.0,0.15182141543413855,0.06453172266210536,0.005245476679409169,0.8219993841627841,0.01933626697507694,0.9999999999999999,0.02045289204092577,0.9802695686149134,0.054930624338486354,1.0,0.01933626697507694,0.054930624338486354,0.221538317379498,0.8689996882174078,0.4602121952192887,0.9999999995778844,0.15870956819649118,0.8415108470611019,0.34694649791791093,1.0,0.4602121952192887,0.34694649791791093
gRNA_12026,Stat3,-0.5513378049472377,-0.6430650361961423,-1.4436023462585443,-0.5564717407365742,-0.8962117668480508,-0.8181377389973099,-0.6430650361961423,-0.8181377389973099,True,-1.4559970771553958,-1.0023732573579913,-1.0300398181367598,1359.1638680733479,0.9021964679565372,0.2240118599774128,0.37674153631051555,0.5009832880814885,0.37674153631051555,0.5009832880814885,True,0.9295814498203293,0.753589192061297,0.9371374419515394,0.0,0.0,0.0,0.0,True,,,,-0.2309683157968046,-0.25364127403229975,-0.5349120526958898,-0.5988414099829337,-0.11690610867938148,-0.34705383223746183,-0.25364127403229975,-0.34705383223746183,True,-0.6731795654270708,-0.4744779598518836,-0.5488227848440467,Stat3,STAT3,H410R,H410R,targeting guide,Missense,53,0.0,0.0,0.0,58.490566037735846,41,2.4390243902439024,100.0,0.0,97.5609756097561,244,8.60655737704918,97.95081967213116,0.0,90.1639344262295,389,8.740359897172237,97.17223650385604,0.0,89.46015424164524,0.02207198258692725,0.9960156523230326,0.12574341594976737,1.0,0.009667228505701307,0.9903649189692225,0.05345408703152487,1.0,0.12574341594976737,0.05345408703152487,0.7942411594843052,0.509763858170215,0.9999998615455512,0.9999999999999999,0.6567889817350282,0.34344743219422424,0.894193011514305,1.0,0.9999998615455512,0.894193011514305,0.9880560474519298,0.06097850538633758,0.9999999963825513,0.9999999995778844,0.9739195609030704,0.026153249483602103,1.0,0.57844834151967,0.9999999963825513,0.57844834151967
gRNA_12164,Syk,1.7457784596388262,1.879939494194319,0.7081640132585916,0.8891148953874477,0.9391615685698562,1.2324316862098081,0.9391615685698562,1.2324316862098081,True,2.3880582801211774,1.7751018209202638,1.8310995924295863,1296.556713520363,1.580750771617593,1.75303016768059,1.1408689412693755,1.4915499601891862,1.580750771617593,1.4915499601891862,True,2.288078845486948,2.433779229326181,2.2886415240516618,0.0,0.0,0.0,0.0,True,,,,1.5121783060434706,1.8079680552370991,1.1518485214491756,1.0686547526415195,1.0204760302195353,1.3122251331181602,1.1518485214491756,1.3122251331181602,True,2.530581295708328,2.182424849959608,2.2074706073626715,Syk,SYK,N451S,N457S,targeting guide,Missense,27,0.0,0.0,0.0,74.07407407407408,2539,0.0,89.8779046868846,0.0,95.90389917290273,3043,0.0,88.10384488991127,0.0,99.63851462372658,6434,0.0155424308361827,77.41684799502642,0.0,99.40938762822503,6.841267177166218e-05,0.9999915941593831,0.0025723164586144978,1.0,1.9491105954393425e-05,0.9999813670833034,0.0007328655838851928,1.0,0.0025723164586144978,0.0007328655838851928,4.1764643528284194e-10,0.99999999999627,2.617250994439143e-08,0.9999999999999999,2.507349587473761e-11,1.0,1.5712724081502236e-09,1.0,2.617250994439143e-08,1.5712724081502236e-09,1.1410222637533466e-06,0.9999998373055596,8.580487423425166e-05,0.9999999995778844,1.6784338441749446e-07,0.9999998530668163,1.051818542349632e-05,1.0,8.580487423425166e-05,1.051818542349632e-05
gRNA_12197,Tbl1xr1,-0.3409306318998775,0.7254370034710734,-0.5410723694419026,0.568526291841621,-0.339822288340098,0.014427601126163259,-0.339822288340098,,False,0.1047534229946637,-0.4700543263643216,,2546.559389039788,-1.0055686944501403,-0.6769441231550798,-0.8939631257311971,-0.8588253144454724,-0.8939631257311971,-0.8588253144454724,True,-0.9353071004953397,-1.0196740445151216,-0.9181509792505019,0.0,0.0,0.0,0.0,True,,,,-0.040735551516939444,-0.18122764822803716,-0.0922557038266157,0.1890267727781396,0.17604379793415237,0.010170333428139926,-0.040735551516939444,,False,0.016554243357709476,-0.07200629894435896,,Tbl1xr1,TBL1XR1,D370G,D370G,targeting guide,Missense,2059,0.0,0.0,0.3885381253035454,52.59834871296746,786,13.994910941475826,60.30534351145038,0.5089058524173028,76.20865139949109,2801,12.3527311674402,78.75758657622278,0.3570153516601214,83.86290610496252,3975,14.163522012578616,75.14465408805032,1.3836477987421385,78.86792452830188,0.9597869048213212,0.14127707373949594,0.9999935409454064,0.9158651676905254,0.9213548810118348,0.07873970971465716,1.0,0.5230802890570301,0.9158651676905254,0.5230802890570301,0.14227855890156443,0.9800203212029573,0.3146866949822837,0.9999999999999999,0.05810351892521921,0.9419887669422793,0.13654326947426512,1.0,0.3146866949822837,0.13654326947426512,0.14959606484311946,0.8535432322019427,0.3528567714083662,0.9999999995778844,0.13313646591580458,0.8671026613053625,0.3071123385542486,1.0,0.3528567714083662,0.3071123385542486
gRNA_12271,Tcf3,0.6032952399758552,-0.25982468257126423,-0.30135904250669526,0.4330438766716563,0.56309196128724,0.20764947057135838,0.4330438766716563,,False,0.46697259648535144,0.8866517900026879,,2276.8670309653917,0.19791678029043622,0.11029483805748852,-0.2514920336804098,0.018906528222504992,0.11029483805748852,0.15410580917396238,True,0.2684447073672899,0.38176389808613953,0.46386659413005055,0.0,0.0,0.0,0.0,True,,,,0.11633152475496686,-0.2506518388505096,-0.29111678789797807,0.6124338357448162,-0.032186750436255185,0.03096199666300805,-0.032186750436255185,,False,0.05669910043151798,-0.05584585887228525,,Tcf3,TCF3,Y187C,Y185C,targeting guide,Missense,530,0.1886792452830188,3.7735849056603774,0.0,82.83018867924528,911,22.28320526893524,83.97365532381998,0.0,64.76399560922064,2324,25.129087779690188,82.05679862306368,0.0,61.7039586919105,3120,22.756410256410252,84.35897435897436,0.0,65.48076923076923,0.15352930400959292,0.9549810476557752,0.4373258962697495,1.0,0.08677759840543081,0.9133213696976639,0.24718467424577262,1.0,0.4373258962697495,0.24718467424577262,0.08819059014359916,0.9572251066130445,0.20987127781008405,0.9999999999999999,0.05472682508603316,0.9454162522204235,0.1315988782156738,1.0,0.20987127781008405,0.1315988782156738,0.05869771988915753,0.9735659072574414,0.19359949717827393,0.9999999995778844,0.031138341590793074,0.9689403705103325,0.10453586105480532,1.0,0.19359949717827393,0.10453586105480532
gRNA_12272,Tcf3,0.09132677179809782,0.5888200408422445,0.05584037514118274,0.032177616729773185,0.3378526082495832,0.2212034825521763,0.09132677179809782,0.2212034825521763,True,0.49238133014097557,0.2867941338687404,0.42014279623682776,2889.0258754834663,0.27341270439142323,0.21106384696559527,-0.050279717911586835,0.1447322778151439,0.21106384696559527,0.24223827567850925,True,0.44100649239655204,0.5223866440481132,0.5841122995433023,0.0,0.0,0.0,0.0,True,,,,0.18171928114217326,-0.09663501801997675,0.3230038365164954,0.056803310260316195,0.19585089804085992,0.1321484615879736,0.18171928114217326,0.18934433148996116,True,0.25207145358720073,0.348516761307153,0.34220925084311854,Tcf3,TCF3,Y187C,Y185C,targeting guide,Missense,219,0.0,0.91324200913242,0.91324200913242,78.99543378995433,525,7.047619047619048,80.38095238095238,0.0,77.52380952380952,2401,8.371511870054144,76.75968346522282,0.0,74.88546438983757,3149,7.526198793267704,76.88154969831693,0.0,76.72276913305811,0.09345452849034477,0.9803461723323391,0.3411543952657246,1.0,0.0466227911108946,0.9534468240456958,0.17186440644800366,1.0,0.3411543952657246,0.17186440644800366,0.04340431967107102,0.9966627521818417,0.11826104490088916,0.9999999999999999,0.01308290637532902,0.9869512475724425,0.03904105394542628,1.0,0.11826104490088916,0.03904105394542628,0.07517817004089014,0.9930120349169373,0.2191239684912767,0.9999999995778844,0.025645723505155506,0.9744094435028705,0.09183611464703306,1.0,0.2191239684912767,0.09183611464703306
gRNA_12386,Tet2,0.2807261242859479,-0.7415467888399089,-0.017629241011656256,0.688481212676193,-0.6302813011785149,-0.08404999881358782,-0.017629241011656256,,False,-0.07985546708566288,0.09553037348442159,,2849.963291873484,0.3216078523971552,0.07547808109198437,-0.20375461855405438,0.06444377164502839,0.07547808109198437,0.19854296674456978,True,0.3308960580307504,0.333177254007456,0.524495526583244,0.0,0.0,0.0,0.0,True,,,,0.04246692412670812,0.2335561219903205,0.12671688372466422,0.33019969074474187,0.10139271852569598,0.16686646782242615,0.12671688372466422,0.16686646782242615,True,0.31910550384212877,0.2445416028145318,0.3048703895718484,Tet2,TET2,S1820P,S1898P,targeting guide,Missense,1422,0.0,0.070323488045007,0.070323488045007,88.60759493670886,1722,4.645760743321719,58.13008130081301,0.5226480836236934,90.12775842044137,1901,5.049973698053656,54.33982114676486,0.0,90.11046817464492,4516,4.251550044286979,50.55358724534987,0.0,91.18689105403011,0.1307216109235247,0.9642490518676078,0.39960427404264454,1.0,0.07171391059268784,0.9283764977166216,0.22028862913610492,1.0,0.39960427404264454,0.22028862913610492,0.028532216750030603,0.998800205537495,0.08582490798409205,0.9999999999999999,0.007157659761542498,0.9928636525792052,0.023002393763589563,1.0,0.08582490798409205,0.023002393763589563,0.23270208438583945,0.7508977089742082,0.475521650701498,0.9999999995778844,0.22208045498664342,0.7782144736515857,0.456296453961628,1.0,0.475521650701498,0.456296453961628
gRNA_12523,Trp53,0.734463790717151,0.5047656672463667,0.7076937154906862,0.04139773915303022,0.5378840682464782,0.5052409961707425,0.5378840682464782,0.5052409961707425,True,1.0248460750411312,1.0706905480565958,0.8164575536419669,1819.3532092320402,0.08311664116764604,-0.14868013974692584,-0.17905233608819868,-0.08153861155582616,-0.14868013974692584,-0.16386623791756227,True,0.1306907684972402,0.020365359895612972,0.0300335854709372,0.0,0.0,0.0,0.0,True,,,,0.6250905565335618,0.27308508476973875,0.5703410112917469,0.6295451787924027,0.766721676827707,0.5729567016430315,0.6250905565335618,0.5729567016430315,True,1.103190654300804,1.1866547479109917,0.9794428101771578,Trp53,TP53,I192T,I195T,targeting guide,Missense,629,0.0,0.1589825119236884,0.3179650238473768,42.766295707472175,904,9.402654867256636,95.2433628318584,0.331858407079646,89.15929203539822,2654,8.892238131122834,95.59155990957046,1.9969856819894496,87.67897513187641,4003,9.24306769922558,96.55258556082936,0.024981264051961,89.43292530602048,0.2192967212382415,0.9373625712825651,0.5684122703375083,1.0,0.1264944494540906,0.8736197410824239,0.3302910624634588,1.0,0.5684122703375083,0.3302910624634588,0.00011392876461730992,0.9999982152587803,0.0007836388951399102,0.9999999999999999,1.435469562513693e-05,0.9999858864779906,0.00010183708594436766,1.0,0.0007836388951399102,0.00010183708594436766,0.006674766798832883,0.9995753991885895,0.03983670343430419,0.9999999995778844,0.0015620586227349615,0.998445966249778,0.011294885425929721,1.0,0.03983670343430419,0.011294885425929721
gRNA_12536,Trp53,0.8173283345265926,0.6521504726282451,-0.32663904114647724,0.35656104412510853,0.4890069612630024,0.3976815542792943,0.4890069612630024,0.5787617031357372,True,0.8232121075461084,0.9848906088215825,0.9190402751067617,1638.4880960789726,0.4448699582858528,0.5498681190808437,0.4046396867306594,0.46645925469911864,0.4448699582858528,0.46645925469911864,True,0.8822339963288215,0.8486621304581068,0.8900337250986864,0.0,0.0,0.0,0.0,True,,,,1.117085185496092,0.16034112640908454,-0.17051055731550943,0.2008608508675419,0.46992079410265414,0.3555394799119726,0.2008608508675419,0.48705198921884313,True,0.6833982022404745,0.38470150668989156,0.8367431218438816,Trp53,TP53,N236S,N239S,targeting guide,Missense,584,0.0,0.0,0.3424657534246575,85.61643835616438,1271,0.0,78.91424075531079,0.0,99.6066089693155,1978,0.0505561172901921,91.55712841253792,0.0,99.3933265925177,2941,0.0,93.5056103366202,0.0,99.79598775926556,0.025757165915958703,0.99668890653718,0.13983253735741977,1.0,0.010544799064526723,0.9894849586047086,0.05697373088216264,1.0,0.13983253735741977,0.05697373088216264,0.0027610050097702774,0.9982238584160105,0.01166447060307443,0.9999999999999999,0.0012345172091876289,0.9987839063490639,0.0047365150066790655,1.0,0.01166447060307443,0.0047365150066790655,0.014788558062631628,0.9941587363603115,0.073164445151967,0.9999999995778844,0.005931753851435397,0.9940936698254832,0.030976936779718182,1.0,0.073164445151967,0.030976936779718182
gRNA_12548,Trp53,-0.6254887907633694,-0.5247725926886825,-0.020829388462426216,0.2981741011346843,-0.3620940930620716,-0.24700215276837306,-0.3620940930620716,-0.3832962162441374,True,-0.38533017703184275,-0.5091507379511501,-0.4233097056100309,529.2177423324965,0.6506880561646031,0.5527092932009764,0.20790814033355187,0.47043516323304374,0.5527092932009764,0.47043516323304374,True,0.8876866948102404,0.9991514878785671,0.8954583540156102,0.0,0.0,0.0,0.0,True,,,,-0.32843181099652996,-0.24065582318625034,-0.24688232423078668,-0.527561956277501,-0.5525866436938324,-0.3792237116769801,-0.32843181099652996,-0.3792237116769801,True,-0.7352936540207774,-0.6158601231706158,-0.6022614337864968,Trp53,TP53,H176R,H179R,targeting guide,Missense,107,0.0,0.0,0.0,66.35514018691589,289,5.536332179930795,98.96193771626298,0.0,93.77162629757784,494,5.2631578947368425,99.79757085020243,0.0,94.73684210526316,698,4.154727793696275,98.42406876790832,0.0,95.41547277936962,0.02306031933669777,0.9965607709969528,0.1294131353820651,1.0,0.009654524699567376,0.9903749339659479,0.05345408703152487,1.0,0.1294131353820651,0.05345408703152487,0.8603231321929603,0.47774301764876437,0.9999998615455512,0.9999999999999999,0.7155817618588245,0.2846277724231737,0.9209740730318775,1.0,0.9999998615455512,0.9209740730318775,0.5736870913064803,0.69174562131945,0.8459072405146533,0.9999999995778844,0.4385189289095317,0.5617444896779921,0.7076528638196735,1.0,0.8459072405146533,0.7076528638196735
gRNA_12556,Trp53,0.6946763226312233,1.2041856168512641,0.7531522368123761,1.149749825387584,1.4241972915438263,1.0451922586452547,1.149749825387584,1.0451922586452547,True,2.0370539611378193,2.1447730382588217,1.569846255268024,1687.7176535052515,0.1696384793779846,0.062195381286982064,0.0068363506173750995,0.07955673709411391,0.062195381286982064,0.07955673709411391,True,0.3516225015720995,0.314641299941744,0.36215372808105306,0.0,0.0,0.0,0.0,True,,,,1.2180325589368997,1.52170554462091,1.3885780049781842,1.3321226870770806,1.473251883287581,1.386738135780131,1.3885780049781842,1.386738135780131,True,2.674452125483438,2.6299323537319723,2.331247079649026,Trp53,TP53,L249P,L252P,targeting guide,Missense,617,0.0,0.0,0.9724473257698542,79.90275526742302,947,0.0,59.23970432946146,0.3167898627243928,98.83843717001056,3316,0.0301568154402895,69.63208685162847,0.060313630880579,99.30639324487336,6041,0.0,77.18920708491972,0.2151961595762291,98.52673398443966,0.12175694851118167,0.974002078223471,0.3862135066673369,1.0,0.062144129504627464,0.9379353581945608,0.20191462843726038,1.0,0.3862135066673369,0.20191462843726038,6.676419511466419e-11,0.9999999999999847,5.020667472622747e-09,0.9999999999999999,2.4226551992590786e-12,0.999999999998521,1.821836709842827e-10,1.0,5.020667472622747e-09,1.821836709842827e-10,1.4545016179806368e-05,0.9999997752869372,0.0005153923079508515,0.9999999995778844,1.5903078328510029e-06,0.999998460468965,5.979557451519771e-05,1.0,0.0005153923079508515,5.979557451519771e-05
gRNA_12558,Trp53,-0.177479562552276,-0.05725520558837527,0.20865362746129185,0.3644959141097785,0.3735339372720908,0.14238974214050196,0.20865362746129185,,False,0.34463486648447156,0.49275225430210645,,2176.8026044576295,0.5691774289148034,0.8571426104451215,0.7448160373645997,0.7237120255748416,0.7448160373645997,0.7237120255748416,True,1.2350393441193785,1.2672356754162077,1.2410228909569805,0.0,0.0,0.0,0.0,True,,,,0.11996342257897671,0.1703565474271617,0.47446807107129974,0.35675338796608747,0.014076973024429508,0.22712368041359104,0.1703565474271617,0.22712368041359104,True,0.43545103906038196,0.32703693325602723,0.4049660096366921,Trp53,TP53,K117R,K120R,targeting guide,Missense,409,0.0,0.0,0.2444987775061124,89.24205378973105,1260,7.142857142857143,90.23809523809524,0.7142857142857143,91.5079365079365,2422,0.0412881915772089,88.72832369942196,0.1651527663088356,99.0916597853014,3808,0.1050420168067226,78.72899159663865,6.696428571428571,85.0577731092437,0.007260400073199506,0.9993087770555,0.058083200585596045,1.0,0.002597555907342781,0.9974154988590901,0.020780447258742247,1.0,0.058083200585596045,0.020780447258742247,0.01628958106716426,0.9992009422330596,0.053727039309243524,0.9999999999999999,0.004018107266805809,0.99599709017036,0.013734621202899856,1.0,0.053727039309243524,0.013734621202899856,0.13658256808374744,0.9811803729759283,0.3325897391199359,0.9999999995778844,0.054912844915676134,0.9451753390834772,0.15281349779135422,1.0,0.3325897391199359,0.15281349779135422
gRNA_12567,Trp53,0.3125482416824163,0.6122666740638393,0.42834377536402946,0.32044238662549857,0.4709247871158909,0.4289051729703349,0.42834377536402946,0.4289051729703349,True,0.8817447849709328,0.8784011296939851,0.7099469280996737,2135.599605307374,-0.28994211854338947,-0.6462395552796969,-0.5593236779691193,-0.49850178393073524,-0.5593236779691193,-0.49850178393073524,True,-0.44114694794333464,-0.5526860433290142,-0.42653467912683973,0.0,0.0,0.0,0.0,True,,,,0.5137006474185181,0.017877005500101913,-0.08414817057306873,0.21263732900556656,0.6685774217761737,0.2657288466254583,0.21263732900556656,0.3531981009250901,True,0.5099904764482953,0.4069634668657623,0.6143931761575784,Trp53,TP53,Non-coding,,targeting guide,Intron,795,0.0,0.0,0.0,76.22641509433963,335,4.776119402985074,62.08955223880597,0.0,88.05970149253731,1569,6.246016571064372,58.50860420650096,0.0,84.38495857233907,2778,5.219582433405328,65.58675305975522,0.0,87.07703383729302,0.6800495625168881,0.5798528142555013,0.9999935409454064,1.0,0.553684825272793,0.4464956307291439,0.8638402253218679,1.0,0.9999935409454064,0.8638402253218679,0.0077279914601256884,0.9983223877224306,0.027412498009502444,0.9999999999999999,0.002644442741901732,0.9973720091011697,0.009653499718010208,1.0,0.027412498009502444,0.009653499718010208,0.016143407328245183,0.999488394686976,0.07781950199256653,0.9999999995778844,0.003596848717204579,0.9964161421043217,0.0211314862135769,1.0,0.07781950199256653,0.0211314862135769
gRNA_12579,Trp53,0.02130058272884397,0.3937124601800663,0.2899313431408419,0.8771139676746308,1.6042158207842598,0.6372548349017286,0.3937124601800663,0.6372548349017286,True,1.272322945499802,0.8176085639756993,1.000655168260757,807.4717625679849,-0.24214123471093513,0.6900741680072158,-0.05205780164379273,0.13195837721749595,-0.05205780164379273,-0.14709951817736394,True,0.4234879232956099,0.15520144345498726,0.05290967328044413,0.0,0.0,0.0,0.0,True,,,,0.7229291631903525,0.48675722029481955,0.7774393972037439,1.272907088467146,0.28342242059433553,0.7086910579500796,0.7229291631903525,0.7086910579500796,True,1.3652685973878045,1.3716064065926676,1.2049164750616914,Trp53,TP53,M243T,M246T,targeting guide,Missense,28,0.0,0.0,0.0,71.42857142857143,229,20.96069868995633,76.41921397379913,9.60698689956332,56.76855895196506,934,26.12419700214133,94.9678800856531,0.4282655246252677,68.52248394004283,1656,22.644927536231883,94.56521739130434,0.0603864734299516,72.76570048309179,0.09913377845673765,0.9611739415301233,0.34526487111569243,1.0,0.059911811862543345,0.9401861062292658,0.199352577524923,1.0,0.34526487111569243,0.199352577524923,7.534325005474015e-06,0.9999990112193494,8.584564248661301e-05,0.9999999999999999,1.232924071644505e-06,0.9999988675251457,1.3634689733480408e-05,1.0,8.584564248661301e-05,1.3634689733480408e-05,0.0013460630569650074,0.9992437679651561,0.011564432762894252,0.9999999995778844,0.0005677097789936813,0.9994450055881727,0.004782490915204831,1.0,0.011564432762894252,0.004782490915204831
gRNA_12580,Trp53,0.2617279492720705,1.2110348777589857,0.44944463682765506,0.8652853369640775,0.5479260696321013,0.6670837740909781,0.5479260696321013,0.6670837740909781,True,1.3282411173416209,1.0883184962282353,1.042275194601064,919.3084745472486,0.5489719512868296,0.546880284983032,0.28991423373206604,0.4619221566673093,0.546880284983032,0.4619221566673093,True,0.8760116631596847,0.9910171303938196,0.883843423442533,0.0,0.0,0.0,0.0,True,,,,0.6988502145326179,0.8562036906874848,0.4792708542032197,0.9652570505381312,1.082278331988676,0.816372028390026,0.8562036906874848,0.816372028390026,True,1.5731806397794466,1.6235452450828662,1.383789559990132,Trp53,TP53,M243T,M246T,targeting guide,Missense,189,0.5291005291005291,2.1164021164021163,1.058201058201058,46.03174603174603,655,37.55725190839695,89.61832061068702,11.450381679389311,39.847328244274806,1541,51.07073329007138,94.74367293964958,0.3244646333549643,44.64633354964309,2740,45.83941605839416,91.2043795620438,0.8759124087591241,48.02919708029197,0.02343683944348055,0.9968312951746828,0.1295919357463042,1.0,0.009630065798254452,0.9903986471618008,0.05345408703152487,1.0,0.1295919357463042,0.05345408703152487,2.4513031103573037e-06,0.9999999597588117,3.4136665536827634e-05,0.9999999999999999,2.3115292584114363e-07,0.9999997801567013,3.1040535755810717e-06,1.0,3.4136665536827634e-05,3.1040535755810717e-06,0.0013249033671162357,0.9999083465162414,0.011564432762894252,0.9999999995778844,0.0002842529264987748,0.9997187322523312,0.00321342234854899,1.0,0.011564432762894252,0.00321342234854899
gRNA_12583,Trp53,-0.7156060382863457,-0.7363989045354457,-0.3154311505672148,0.5609995242761301,-1.0374282624409588,-0.448772966310767,-0.7156060382863457,-0.7012160889574912,True,-0.7635754425689267,-1.129713313992084,-0.866900186400769,1116.2267042523636,-0.8059992277756948,-0.46529344430065495,-1.0416251882893184,-0.7709726201218894,-0.8059992277756948,-0.7709726201218894,True,-0.8148228768671222,-0.8969207792994065,-0.7982869879159463,0.0,0.0,0.0,0.0,True,,,,-0.6603855979992592,-1.357405804467344,-0.896157832256765,-0.8672930938719496,-1.2189994061462774,-1.000048346948319,-0.896157832256765,-1.000048346948319,True,-1.933991226664743,-1.689075215829962,-1.6335375938810066,Trp53,TP53,L254P,L257P,targeting guide,Missense,526,0.0,0.1901140684410646,0.1901140684410646,55.70342205323194,213,21.5962441314554,49.76525821596244,0.0,51.64319248826291,804,17.66169154228856,35.32338308457712,0.2487562189054726,36.19402985074627,516,23.25581395348837,53.29457364341085,2.131782945736434,48.64341085271318,0.9075253920539671,0.20041293389170403,0.9999935409454064,1.0,0.8668408389074799,0.13329183283512974,1.0,0.6425349890513947,0.9999935409454064,0.6425349890513947,0.9999756676969908,0.0002652606927566193,0.9999998615455512,0.01994760409529777,0.999949292848511,5.1622035079952555e-05,1.0,0.0048524712975155405,0.01994760409529777,0.0048524712975155405,0.6544952502066514,0.2882162015875265,0.9104949033987091,0.9999999995778844,0.7237548499122249,0.27656733763758395,0.9131516786562335,1.0,0.9104949033987091,0.9131516786562335
gRNA_12592,Trp53,0.014531543268399779,-0.4319843703006268,0.7711722918646421,-0.3121619786473456,1.1364218842691536,0.2355958740908446,0.014531543268399779,,False,0.5193617137935075,0.1519861153905877,,1169.7370927591883,-0.24688071832184033,0.4454209303335077,-0.7206141435238045,-0.17402464383737903,-0.24688071832184033,-0.4837474309228224,True,0.0038522249364205063,-0.11667315188385631,-0.40640421352525485,0.0,0.0,0.0,0.0,True,,,,-0.033478975499727594,0.05376626037145589,1.1142904365923691,1.2279355951742041,0.9621254635583073,0.6649277560393217,0.9621254635583073,0.839529438924084,True,1.2807697537676852,1.8237771193130852,1.4222572432238325,Trp53,TP53,D278G,D281G,targeting guide,Missense,92,0.0,1.0869565217391304,1.0869565217391304,78.26086956521739,260,0.0,16.53846153846154,0.0,92.3076923076923,905,0.4419889502762431,18.34254143646409,0.0,93.92265193370166,1953,0.1024065540194572,18.740399385560675,0.0,93.34357398873529,0.27082203873990296,0.7498484144532553,0.6450175440151914,1.0,0.24531898977215782,0.7548900367008504,0.5182019109793896,1.0,0.6450175440151914,0.5182019109793896,1.2577434050956647e-05,0.9997292709191464,0.00013511757723313428,0.9999999999999999,7.620170024842237e-06,0.9999930552416674,6.663218440327166e-05,1.0,0.00013511757723313428,6.663218440327166e-05,0.02914725264947572,0.9444609796762853,0.11912355430655296,0.9999999995778844,0.028449488171446616,0.9716943272539263,0.09904636622651784,1.0,0.11912355430655296,0.09904636622651784
gRNA_12597,Trp53,-0.6852446870887912,-0.1569245242119064,-0.6986016995461829,-0.9054710509383486,0.8667649237756071,-0.31589540760192436,-0.6852446870887912,-0.6115604904463072,True,-0.5144794182463331,-1.0764163361508268,-0.7418046089845826,1772.2640673460346,-0.08413031382380434,0.2994592811452596,0.049210394314493776,0.08817978721198301,0.049210394314493776,0.17433483772987668,True,0.36344845075621895,0.2965208029344061,0.4914665684074667,0.0,0.0,0.0,0.0,True,,,,-0.732081603865924,-0.09586272257462225,-0.23381372198336475,-0.30501051647399874,0.07421109838097449,-0.2585114933033871,-0.23381372198336475,-0.34169214122447744,True,-0.5022206815063209,-0.4369964506158436,-0.5399162695330569,Trp53,TP53,Non-coding,,targeting guide,Intron,172,0.0,0.5813953488372093,0.0,75.5813953488372,256,0.78125,32.8125,0.0,98.046875,653,0.7656967840735069,39.96937212863706,0.1531393568147013,98.31546707503828,1535,0.5863192182410424,28.729641693811075,0.260586319218241,98.56677524429968,0.11927149296577182,0.972126195540766,0.3862135066673369,1.0,0.06229281090085693,0.9377889132002484,0.20191462843726038,1.0,0.3862135066673369,0.20191462843726038,0.5625542251247186,0.6244826309748129,0.8327574356176938,0.9999999999999999,0.45937405495698946,0.5409148077780715,0.6875732700253705,1.0,0.8327574356176938,0.6875732700253705,0.4354807511334697,0.3884091251087457,0.7121238767195521,0.9999999995778844,0.5662642395534035,0.43421324218280594,0.792880683084522,1.0,0.7121238767195521,0.792880683084522
gRNA_12601,Trp53,-1.0904277896667938,0.6911202654821941,0.6470672953412417,0.6521415932845421,0.8998102310657595,0.35994231910138874,0.6521415932845421,0.7225348462934343,True,0.7524650714390547,1.2712606985919612,1.1196455318772978,1332.4086738199353,-0.2700779295954768,-0.2996836769680672,-0.11260720158756865,-0.22745626938370422,-0.2700779295954768,-0.22745626938370422,True,-0.06942575442106073,-0.14904476676133854,-0.05672704309382251,0.0,0.0,0.0,0.0,True,,,,0.790601712712714,0.7529425031203887,0.3789503000063374,0.7028598391275678,0.7065863147631939,0.6663881339460404,0.7065863147631939,0.6663881339460404,True,1.28358947346383,1.3407122940590608,1.1346454282167346,Trp53,TP53,I248T,I251T,targeting guide,Missense,423,0.0,0.0,0.7092198581560284,20.56737588652482,499,4.208416833667335,88.97795591182364,0.0,90.78156312625252,1062,5.83804143126177,95.48022598870055,0.0,93.22033898305084,2576,7.414596273291925,91.11024844720497,0.15527950310559,90.17857142857144,0.34561751978453686,0.8788022542678925,0.7425839282227764,1.0,0.2192793751020926,0.7808639907662847,0.4821581581192212,1.0,0.7425839282227764,0.4821581581192212,2.347734394186863e-05,0.9999997073165131,0.00021017812671768107,0.9999999999999999,2.4972100983415e-06,0.9999975647755404,2.34737749244101e-05,1.0,0.00021017812671768107,2.34737749244101e-05,0.006873017551286846,0.8714315468625592,0.04037897811381022,0.9999999995778844,0.0095042940995836,0.9905487977062187,0.04358066562735895,1.0,0.04037897811381022,0.04358066562735895
gRNA_12602,Trp53,0.17904511599728964,0.22729389417784096,0.3589731011078655,0.2585792012627987,0.6656303496105023,0.33790433243125945,0.2585792012627987,0.33790433243125945,True,0.7111520392239452,0.5803926950485412,0.5829743476737689,4236.417458085313,-0.424535178061066,0.09111770307810653,-0.7585149085694716,-0.3639774611841437,-0.424535178061066,-0.5915250433152688,True,-0.25665563882609127,-0.3645892347313379,-0.5534532584900537,0.0,0.0,0.0,0.0,True,,,,0.2315919937898628,0.22627116337003797,0.6679139555250583,0.5854616710457157,0.5898180070017107,0.46021135814647707,0.5854616710457157,0.46021135814647707,True,0.8855002440013449,1.1117412924445382,0.7921570964605216,Trp53,TP53,L262P,L265P,targeting guide,Missense,3261,0.9506286415210058,8.923643054277829,0.0306654400490647,58.295001533272,2467,0.1621402513173895,25.90190514795298,0.0,94.56830158086746,5898,0.3899626992200746,35.53747032892506,0.0169548999660902,95.13394370973212,11085,0.9562471808750564,30.76229138475417,0.04510599909788,93.54082092918358,0.4849078462615143,0.6241500934525848,0.8927899344247976,1.0,0.42685220427593806,0.5733592886201212,0.7565537256300797,1.0,0.8927899344247976,0.7565537256300797,0.000577342411330178,0.9999832433946593,0.003101153523716385,0.9999999999999999,9.349243247137886e-05,0.9999075497970953,0.0005246739493916187,1.0,0.003101153523716385,0.0005246739493916187,0.0358411198539876,0.9979127800283967,0.13612384914241757,0.9999999995778844,0.010037751309859476,0.9899910579661455,0.045472222801291116,1.0,0.13612384914241757,0.045472222801291116
gRNA_12604,Trp53,0.6442735945891593,0.8664925862699717,0.2830376668241617,1.5140944470769846,1.0205655186779026,0.8656927626876361,0.8664925862699717,0.8656927626876361,True,1.7005591365382404,1.6475371050358265,1.3193923687778046,1125.8585741835918,1.6159888135354246,1.5306744818614353,1.3445286414284199,1.4970639789417601,1.5306744818614353,1.4970639789417601,True,2.295640961522096,2.3638979687143995,2.296164711599476,0.0,0.0,0.0,0.0,True,,,,1.1234503988140978,0.928627242673181,-0.0307252490232457,0.7628845832467653,1.1683852870885671,0.790524452559873,0.928627242673181,0.9958368779556528,True,1.523273750384193,1.7604529191093483,1.681905663019916,Trp53,TP53,R277G,R280G,targeting guide,Missense,233,0.0,0.4291845493562232,0.8583690987124464,57.51072961373391,965,25.59585492227979,92.53886010362694,2.5906735751295336,69.01554404145078,2139,24.82468443197756,90.9303412809724,0.3740065451145395,70.26647966339411,3458,23.048004626952,91.26662810873336,2.1399652978600345,70.47426257952574,0.00011090383161398212,0.9999940980978871,0.0034749867239047736,1.0,2.9196071415641795e-05,0.9999716715311798,0.0009148102376901096,1.0,0.0034749867239047736,0.0009148102376901096,2.8623398186441935e-06,0.9999724452454634,3.711171626931782e-05,0.9999999999999999,7.210912595332709e-07,0.9999993262226221,8.472822299515934e-06,1.0,3.711171626931782e-05,8.472822299515934e-06,0.00017305726652612374,0.9999809464842995,0.002602781288552901,0.9999999995778844,3.281558162748203e-05,0.9999678655059172,0.0005875551758063449,1.0,0.002602781288552901,0.0005875551758063449
gRNA_12652,Trp53bp1,1.162682380890084,0.26309257963367905,0.9148349173030105,-0.674425016962624,0.6895640135121303,0.4711497748752559,0.6895640135121303,0.7575434728347259,True,0.9609377087863384,1.3369528309564995,1.1684927251865276,2389.2388468297236,-0.06664974530262252,-0.570421945760391,-0.26985422812386917,-0.3023086397289609,-0.26985422812386917,-0.3023086397289609,True,-0.17208088409258346,-0.1487325922589389,-0.15885372161535238,0.0,0.0,0.0,0.0,True,,,,0.6154239096338513,0.4360590466824819,0.6413679845906051,0.343832692229861,0.24886976781121323,0.45711068018960255,0.4360590466824819,0.45711068018960255,True,0.8795134082198819,0.8293143024087231,0.7870064386493062,Trp53bp1,TP53BP1,S890G,S900G,targeting guide,Missense,1259,0.3971405877680699,1.985702938840349,0.0,59.49166004765687,1111,46.62466246624663,76.41764176417642,0.0,35.733573357335736,2523,42.64764169639318,73.99920729290527,0.0396353547364248,37.13832738803012,3163,41.47960796711983,75.02371166613975,0.094846664558963,38.823901359468856,0.42452851641391387,0.7828277760051253,0.8185780624186237,1.0,0.3109695404298982,0.6892033599896733,0.6027038515548543,1.0,0.8185780624186237,0.6027038515548543,0.0007208647380576869,0.9999862121833212,0.0038175372043618345,0.9999999999999999,0.00011084585207277546,0.999890271212879,0.0006040295707154141,1.0,0.0038175372043618345,0.0006040295707154141,0.004573684593576227,0.973286458076651,0.02866175678641102,0.9999999995778844,0.0038755929062077163,0.9961550080863439,0.02174959601095674,1.0,0.02866175678641102,0.02174959601095674
gRNA_12831,Tsc1,-0.8559783034604258,0.04368609150253957,-0.18993035221355825,-0.025771333679189733,-0.15314841849214822,-0.2362284632685565,-0.15314841849214822,-0.3062071019613305,True,-0.365133514421787,-0.14236294530255555,-0.31574802040743705,1615.4786290210382,0.012297502333228277,-0.08758647722233412,0.027387791666214925,-0.015967061074296972,0.012297502333228277,0.019842646999721603,True,0.2206178608043542,0.24500901088595134,0.280681335768735,0.0,0.0,0.0,0.0,True,,,,0.6594414146776102,0.7699022565111132,0.5550142324262074,0.5832556417709142,0.5581243053032765,0.6251475701378244,0.5832556417709142,0.6251475701378244,True,1.203961570634602,1.1075710697950463,1.066139109575431,Tsc1,TSC1,S1035G,S1038G,targeting guide,Missense,52,0.0,23.07692307692308,1.9230769230769231,28.846153846153847,394,0.5076142131979695,95.93908629441624,0.7614213197969543,91.37055837563452,702,0.8547008547008547,92.16524216524216,0.4273504273504273,92.73504273504274,1545,1.035598705501618,91.19741100323624,0.2588996763754045,92.49190938511327,0.17882746166589455,0.9562507548370955,0.5017845193013161,1.0,0.09722175864401178,0.902877287668387,0.272801352613048,1.0,0.5017845193013161,0.272801352613048,4.621192137747298e-05,0.9999997466077584,0.00038612627639844085,0.9999999999999999,4.714910308238734e-06,0.9999953784385129,4.220967323566105e-05,1.0,0.00038612627639844085,4.220967323566105e-05,0.5672553708089181,0.7012064009866681,0.8430356498978387,0.9999999995778844,0.41876680842214475,0.5814942785610923,0.6905978945909054,1.0,0.8430356498978387,0.6905978945909054
gRNA_13011,Vhl,-1.1181022557907545,-0.47105870370947756,-1.1931835789630676,-0.6081983994818265,-1.379725688764071,-0.9540537253418394,-1.1181022557907545,-0.9540537253418394,True,-1.7107890237360126,-1.836263949566243,-1.219682061055237,1192.746559817123,0.049433713003372085,0.48387887842013777,0.36675985830828345,0.3000241499105978,0.36675985830828345,0.3000241499105978,True,0.6539791369950079,0.7396598006224856,0.6629538829636468,0.0,0.0,0.0,0.0,True,,,,-1.037814025154626,-0.8972350956473802,-0.7328969936351898,1.355767985799536,0.060554653899390895,-0.2503246949476538,-0.7328969936351898,,False,-0.48641348772050413,-1.3804510036440252,,Vhl,VHL,L135P,L169P,targeting guide,Missense,65,0.0,0.0,4.615384615384615,76.92307692307692,429,9.79020979020979,86.48018648018648,0.9324009324009324,86.7132867132867,239,16.736401673640167,95.39748953974896,0.0,80.3347280334728,441,18.140589569161,95.01133786848072,0.0,78.2312925170068,0.05166690038133312,0.9903067909233757,0.23405728365519582,1.0,0.024050191578846265,0.9759993491202934,0.10895026546561681,1.0,0.23405728365519582,0.10895026546561681,0.06335317918990585,0.07270984419505462,0.15880530250269734,0.6834725354335134,0.606489382125155,0.3994108385881801,0.856889723135147,1.0,0.15880530250269734,0.856889723135147,0.996175260517749,0.016576422896397332,0.9999999963825513,0.6497724430562678,0.99393196316184,0.006093834743597935,1.0,0.25458687373253597,0.6497724430562678,0.25458687373253597
gRNA_13599,controlsgRNA,-1.964385967697693,-1.8391752077022574,-1.093187112665717,-0.8243882867472655,-1.0564938592185389,-1.3555260868062944,-1.093187112665717,-1.3555260868062944,True,-2.4634004510374976,-1.7925273641156643,-1.7798525100626232,904.860669650406,-0.8493123707999518,-0.14338519050032597,-0.3501974022618832,-0.44763165452072035,-0.3501974022618832,-0.44763165452072035,True,-0.37138189298374724,-0.26085116808904846,-0.3571287628059222,0.0,0.0,0.0,0.0,True,,,,-0.9079972242253423,-0.4410231949537958,-0.5094637433435119,-1.0339158790633873,-0.9019230488167945,-0.7588646180805664,-0.9019230488167945,-0.7588646180805664,True,-1.468310044041186,-1.699973637239181,-1.2328978388633887,controlsgRNA,,Non-coding,,non-targeting control,,0,0.0,0.0,0.0,0.0,0,0.0,0.0,0.0,0.0,0,0.0,0.0,0.0,0.0,0,0.0,0.0,0.0,0.0,0.5739810105479828,0.5531172950967265,0.9899855961745024,1.0,0.5093170230474549,0.49414047942450173,0.8326226115906219,1.0,0.9899855961745024,0.8326226115906219,0.9978102248690586,0.009910206219012467,0.9999998615455512,0.23288984614679298,0.9967853594246252,0.003394308102188463,1.0,0.09250512879409654,0.23288984614679298,0.09250512879409654,0.9999153244653787,0.0009103199414801251,0.9999999963825513,0.0852241465064641,0.9998208875407903,0.00020309140717441004,1.0,0.019090592274394545,0.0852241465064641,0.019090592274394545
gRNA_13600,controlsgRNA,-0.9029202565125222,-0.7183500071191906,0.18440423490881844,-0.243392571202996,0.29346534058003093,-0.2773586518691719,-0.243392571202996,,False,-0.442237327583354,-0.30077949850656804,,1977.7439592122414,0.16896756949120104,-0.04638045351276075,0.024214841261225806,0.048933985746555365,0.024214841261225806,0.09659120537621342,True,0.30962540119995846,0.26163960934844865,0.3853951252206083,0.0,0.0,0.0,0.0,True,,,,0.12751483430299942,0.21597886303488822,0.433391411542047,0.22925613992625637,0.5875823591382541,0.31874472158888906,0.22925613992625637,0.31874472158888906,True,0.6123543277192507,0.43837925200547634,0.557161315942193,controlsgRNA,,Non-coding,,non-targeting control,,0,0.0,0.0,0.0,0.0,0,0.0,0.0,0.0,0.0,0,0.0,0.0,0.0,0.0,0,0.0,0.0,0.0,0.0,0.13793727004516382,0.969288846979917,0.40838120895261104,1.0,0.07220017072581292,0.9291553298121012,0.22028862913610492,1.0,0.40838120895261104,0.22028862913610492,0.005013128386263546,0.9998429679020691,0.01866273537856528,0.9999999999999999,0.0010192714740980176,0.99904425780088,0.004034169202745837,1.0,0.01866273537856528,0.004034169202745837,0.5382865333500796,0.5426855523566151,0.8159991913947431,0.9999999995778844,0.4972031375226714,0.5061253984868108,0.7710944988007056,1.0,0.8159991913947431,0.7710944988007056
gRNA_13601,controlsgRNA,-0.12115450768368162,0.02251383557555217,0.4046378203315369,-0.5289830650914019,-0.3852531747059269,-0.12164781831478426,-0.12115450768368162,,False,-0.15033740137125465,-0.08620013672665282,,2425.090807129296,-1.0044795020676436,-0.608868458732157,-0.6944660916711425,-0.7692713508236477,-0.6944660916711425,-0.7692713508236477,True,-0.8124896973083235,-0.7412767372003588,-0.7959658191687353,0.0,0.0,0.0,0.0,True,,,,0.3745338450912844,0.08918827806614715,-0.02174511048663941,0.3731941479136833,0.42754669661927774,0.24854357144075062,0.3731941479136833,0.31611574192259817,True,0.476808887834106,0.710476067713381,0.5527942146688454,controlsgRNA,,Non-coding,,non-targeting control,,0,0.0,0.0,0.0,0.0,0,0.0,0.0,0.0,0.0,0,0.0,0.0,0.0,0.0,0,0.0,0.0,0.0,0.0,0.9178524396602502,0.22505720551966027,0.9999935409454064,1.0,0.8608862807426756,0.141487597912611,1.0,0.6649917101892717,0.9999935409454064,0.6649917101892717,0.013833609694853874,0.9992044985499631,0.0468597950023879,0.9999999999999999,0.0034777120931738324,0.9966717109182714,0.012141728977341735,1.0,0.0468597950023879,0.012141728977341735,0.39183109473375616,0.8393489548797577,0.667819438126286,0.9999999995778844,0.2596889335802923,0.7421653119026546,0.49314666174843397,1.0,0.667819438126286,0.49314666174843397
gRNA_13602,controlsgRNA,-0.6228948668623866,-1.0577725778028488,-1.0125093405891223,-1.628492958247418,-0.32487954901738436,-0.9293098585038321,-1.0125093405891223,-0.9293098585038321,True,-1.6644034721379373,-1.6509038440466817,-1.1851571863010562,1839.1520529795655,-0.8848638925407025,-0.46512750452601337,-0.636505000057991,-0.6621654657082356,-0.636505000057991,-0.6621654657082356,True,-0.6656009819023646,-0.6603922673627363,-0.6498332618897559,0.0,0.0,0.0,0.0,True,,,,-1.1320525435683906,-0.6169408206877424,-0.6104162991277013,-1.002741287003325,-0.4478744632459217,-0.7620050827266163,-0.6169408206877424,-0.7620050827266163,True,-1.4743737005624014,-1.1612503500999556,-1.2381145879050488,controlsgRNA,,Non-coding,,non-targeting control,,0,0.0,0.0,0.0,0.0,0,0.0,0.0,0.0,0.0,0,0.0,0.0,0.0,0.0,0,0.0,0.0,0.0,0.0,0.8516083260114645,0.338058917519641,0.9999935409454064,1.0,0.7705024500900473,0.23225655525782102,1.0,0.9018238769676505,0.9999935409454064,0.9018238769676505,0.9976938937636184,0.011020844734556568,0.9999998615455512,0.24375515412901586,0.996269804988936,0.003936388459323257,1.0,0.09250512879409654,0.24375515412901586,0.09250512879409654,0.9920112544663972,0.023353953490595578,0.9999999963825513,0.6497724430562678,0.98986091899998,0.010427895667040594,1.0,0.3699595288371369,0.6497724430562678,0.3699595288371369
gRNA_13603,controlsgRNA,-0.3189042263388177,-0.8757093668188914,-0.8908407276573344,-0.43723876036908144,0.31894224659585446,-0.440750166917654,-0.43723876036908144,-0.6306732702960312,True,-0.7485356762443429,-0.6410613252728681,-0.7684724832839372,1862.1615200375,-0.9126998079707337,-1.1198486555118123,-1.833412595467104,-1.28865368631655,-1.1198486555118123,-1.28865368631655,True,-1.5247885965041177,-1.3348963912962843,-1.5045979247651924,0.0,0.0,0.0,0.0,True,,,,-0.08926961689427743,-0.7962488545240006,-0.11255327727773404,-0.5352519141968762,-0.4862760201694309,-0.40391993661246384,-0.4862760201694309,-0.40391993661246384,True,-0.7829774977372808,-0.9142448743173065,-0.6432853019987571,controlsgRNA,,Non-coding,,non-targeting control,,0,0.0,0.0,0.0,0.0,0,0.0,0.0,0.0,0.0,0,0.0,0.0,0.0,0.0,0,0.0,0.0,0.0,0.0,0.9964829652843996,0.005383693815632173,0.9999935409454064,0.141355831574562,0.9973803969885837,0.0031239067574897615,1.0,0.09035299544739618,0.141355831574562,0.09035299544739618,0.8259702069629987,0.33349742812201383,0.9999998615455512,0.9999999999999999,0.7645147999672621,0.23785904808595398,0.9646227006298341,1.0,0.9999998615455512,0.9646227006298341,0.7594752330167809,0.3420070532309828,0.946915991808892,0.9999999995778844,0.7321839254827974,0.2702578520664528,0.914621780669541,1.0,0.946915991808892,0.914621780669541
gRNA_13604,controlsgRNA,-0.012646749194493538,-0.26572086157211,-1.0120971943088155,-0.3483561178590065,-0.31154764204770813,-0.39007371299642674,-0.31154764204770813,-0.39007371299642674,True,-0.6535361645043309,-0.4204203958086792,-0.4327662803665777,3229.8870502719396,-0.966272175746663,-0.6393097317991943,-1.0249216717062786,-0.8768345264173787,-0.966272175746663,-0.8768345264173787,True,-0.960005556692928,-1.1205810324993855,-0.9427222919958106,0.0,0.0,0.0,0.0,True,,,,-0.5180789363134423,-0.642610783545455,-0.37159823776474465,-0.3145710101727931,-0.5213212880067307,-0.4736360511606332,-0.5180789363134423,-0.4736360511606332,True,-0.9175864235678973,-0.9743643127756108,-0.7590934752303522,controlsgRNA,,Non-coding,,non-targeting control,,0,0.0,0.0,0.0,0.0,0,0.0,0.0,0.0,0.0,0,0.0,0.0,0.0,0.0,0,0.0,0.0,0.0,0.0,0.9607775386302173,0.1270843180183678,0.9999935409454064,0.8800538868511406,0.9292334669248571,0.07210755334354327,1.0,0.5230802890570301,0.8800538868511406,0.5230802890570301,0.9526722437277488,0.27458280394163026,0.9999998615455512,0.9999999999999999,0.8724245592598456,0.12911729795337135,1.0,0.7830339359752844,0.9999998615455512,0.7830339359752844,0.7680086886792779,0.48925630350059657,0.946915991808892,0.9999999995778844,0.6480854596241302,0.3551024487014689,0.8730825758509138,1.0,0.946915991808892,0.8730825758509138
gRNA_13605,controlsgRNA,-2.188917653066157,-1.360450082765516,-1.2240349714765004,-1.6411903828915784,1.7824532804276005,-0.9264279619544302,-1.360450082765516,-1.603648272549938,True,-1.6590009874750609,-2.261686608791999,-2.12605496267907,666.2043369099677,-0.6755146585920447,-0.7944483687176451,-1.434535296474931,-0.9681661079282069,-0.7944483687176451,-0.9681661079282069,True,-1.0852608465368447,-0.8808016020189798,-1.0673327889085555,0.0,0.0,0.0,0.0,True,,,,-0.931389037485955,-1.1968922373844164,-1.294008681712648,-1.2570007700192183,-1.0240930165555806,-1.1406767486315637,-1.1968922373844164,-1.1406767486315637,True,-2.2055186664043562,-2.257576024985197,-1.8671409495608904,controlsgRNA,,Non-coding,,non-targeting control,,0,0.0,0.0,0.0,0.0,0,0.0,0.0,0.0,0.0,0,0.0,0.0,0.0,0.0,0,0.0,0.0,0.0,0.0,0.9653275750199586,0.06064787746575487,0.9999935409454064,0.6297887018552233,0.9608466143726965,0.040706758599847244,1.0,0.39245490342416833,0.6297887018552233,0.39245490342416833,0.9999998615455512,1.9102198008627453e-05,0.9999998615455512,0.0035912132256219614,0.999998429801309,1.932000951378483e-06,1.0,0.00036321617885915484,0.0035912132256219614,0.00036321617885915484,0.23027077969173881,0.0011332998205646821,0.475521650701498,0.0852241465064641,0.985598015304478,0.02036773414735567,1.0,0.505961376908021,0.0852241465064641,0.505961376908021
gRNA_13606,controlsgRNA,0.10829864274832755,-0.12708091963182477,0.13686496785924934,-0.0699755339595331,-0.28502659978478584,-0.04738388855371336,-0.0699755339595331,,False,-0.011120141257459016,0.003640549571061809,,5613.239754365913,0.1388042047793108,-0.008831235160573497,0.19110739115697437,0.10702678692523722,0.1388042047793108,0.16495579796814258,True,0.38929587803954036,0.4215486044904221,0.4786700440733784,0.0,0.0,0.0,0.0,True,,,,0.13469926049581632,-0.25720293399352306,0.5041159476022675,-0.15602007284065453,0.37566826365999695,0.12025209298478064,0.13469926049581632,,False,0.2291017655984296,0.25963128851728906,,controlsgRNA,,Non-coding,,non-targeting control,,0,0.0,0.0,0.0,0.0,0,0.0,0.0,0.0,0.0,0,0.0,0.0,0.0,0.0,0,0.0,0.0,0.0,0.0,0.11406648816911803,0.9765814899522897,0.37954866859812725,1.0,0.05772725498657899,0.9436003162553002,0.19587430217760604,1.0,0.37954866859812725,0.19587430217760604,0.04201931644213909,0.9858092175540182,0.11532308746163722,0.9999999999999999,0.019844756831021156,0.9809957737167434,0.05406977223524605,1.0,0.11532308746163722,0.05406977223524605,0.35643426617835955,0.9294208001737829,0.6417173496587459,0.9999999995778844,0.18055341572125938,0.821399947769529,0.38139373208535693,1.0,0.6417173496587459,0.38139373208535693
gRNA_13607,controlsgRNA,0.6189491904344102,-0.06649288478949578,-0.001674929208976683,-1.462302855301504,-0.05338691970207995,-0.19298167971352925,-0.05338691970207995,-0.39596439725051413,True,-0.2840618725811838,0.03276056470951386,-0.4409854943407009,5764.139049955159,0.021713051231453177,-0.036031596786554106,0.12821214715111032,0.037964533865336464,0.021713051231453177,0.07496259919128175,True,0.2945815154806679,0.2581483714408918,0.35588560266936603,0.0,0.0,0.0,0.0,True,,,,0.011296456490816918,-0.19718408707502677,0.22145434639967856,-0.07656957100460174,0.02927451126062289,-0.0023456687857020255,0.011296456490816918,,False,-0.007611842555394867,0.026353709588171136,,controlsgRNA,,Non-coding,,non-targeting control,,0,0.0,0.0,0.0,0.0,0,0.0,0.0,0.0,0.0,0,0.0,0.0,0.0,0.0,0,0.0,0.0,0.0,0.0,0.1477606528764132,0.967215037574631,0.4241069120727585,1.0,0.07779783441366778,0.9241545755537502,0.22778732038577454,1.0,0.4241069120727585,0.22778732038577454,0.15172720087501432,0.979823189552131,0.33168271819189177,0.9999999999999999,0.061695489374874415,0.939334350710714,0.14319446916637518,1.0,0.33168271819189177,0.14319446916637518,0.27202725944941575,0.4938797492946737,0.52722809047928,0.9999999995778844,0.33032603837883273,0.6739192011341554,0.5858612756152882,1.0,0.52722809047928,0.5858612756152882
gRNA_13608,controlsgRNA,0.41519001155325325,1.1916531739765017,0.04876626593968657,0.18476461701508823,-0.407849640004269,0.28650488569605215,0.18476461701508823,0.46009351712113244,True,0.6147971847358712,0.4508169645280653,0.7534637188521448,1102.8491071256574,0.31170033100050004,-0.46234994761768616,-0.8283103253335521,-0.3263199806502461,-0.46234994761768616,-0.6453301364756191,True,-0.20501086753188372,-0.41735959330279526,-0.626863565026275,0.0,0.0,0.0,0.0,True,,,,0.4435590869376838,0.3094143436590592,0.6855003287770645,0.39971544918003193,0.4255859829446852,0.45275503829970487,0.4255859829446852,0.45275503829970487,True,0.871103469141925,0.809516284264625,0.7797711110096464,controlsgRNA,,Non-coding,,non-targeting control,,0,0.0,0.0,0.0,0.0,0,0.0,0.0,0.0,0.0,0,0.0,0.0,0.0,0.0,0,0.0,0.0,0.0,0.0,0.42105441800546595,0.5751192122903475,0.8185780624186237,1.0,0.42216219511574987,0.5817247692661852,0.7558713588739141,1.0,0.8185780624186237,0.7558713588739141,0.0008862324050028591,0.9999876534952126,0.0043410529865774445,0.9999999999999999,0.0001339619307988731,0.9998788181008176,0.0007087938641237184,1.0,0.0043410529865774445,0.0007087938641237184,0.030567064305037406,0.9782400228197786,0.12226825722014963,0.9999999995778844,0.019221751100594174,0.9818634427254547,0.07450905581261247,1.0,0.12226825722014963,0.07450905581261247
gRNA_14579,controlsgRNA,0.33509032072730527,1.124924008750869,-0.2521486691869364,0.06780653491345985,0.31191175663422893,0.3175167903677853,0.31191175663422893,0.4599331552564657,True,0.6729329770808122,0.6740138255230537,0.7532399675149262,1727.315341000302,-0.2217758431808618,-0.12180022164083926,-0.25321397773562837,-0.19893001418577647,-0.2217758431808618,-0.19893001418577647,True,-0.030303861381747094,-0.08163939976492601,-0.01780654290679668,0.0,0.0,0.0,0.0,True,,,,0.2420165326913187,0.5988320251865595,0.15816487907945304,0.3989696743854959,0.02036469640430914,0.2836695615494273,0.2420165326913187,0.2836695615494273,True,0.5446306795089547,0.46250117982081007,0.49889659140466386,controlsgRNA,,,,safe-targeting control,,1387,0.0,0.0,0.0720980533525594,46.07065609228551,956,6.485355648535565,41.00418410041841,0.0,86.92468619246861,1682,1.248513674197384,38.10939357907253,0.0,94.11414982164092,3708,0.9169363538295576,37.94498381877023,0.0,93.79719525350592,0.32149300915607615,0.8953098174513248,0.7078771011716826,1.0,0.1991057230662267,0.8033394723150354,0.4511349731485626,1.0,0.7078771011716826,0.4511349731485626,0.007558673363327167,0.9995916878615477,0.027067249377247762,0.9999999999999999,0.0017999920077607233,0.9983139188287116,0.006635264656059138,1.0,0.027067249377247762,0.006635264656059138,0.031737067729247455,0.9888101161588885,0.12430351527288587,0.9999999995778844,0.015552239902416581,0.9855113938942288,0.06373130387234754,1.0,0.12430351527288587,0.06373130387234754
gRNA_14580,controlsgRNA,0.4376111928422489,-0.08671880524252375,-0.042068937755549145,-1.054923652724157,-0.4407088964478643,-0.23736181986556906,-0.08671880524252375,-0.4061050730425235,True,-0.3672581367071362,-0.025750953881906718,-0.4551346798311476,1360.234075843484,-0.31105400752951395,-0.46843815526150756,-0.6819450195970733,-0.4871457274626983,-0.46843815526150756,-0.4871457274626983,True,-0.4255728593218734,-0.42585566254211443,-0.4110407632650685,0.0,0.0,0.0,0.0,True,,,,-0.05014105395575917,0.09097590512375442,0.17225424987274257,-0.5999769433283639,-0.5258111408396166,-0.18253979662544856,-0.05014105395575917,,False,-0.3555333833167339,-0.08978622586928435,,controlsgRNA,,,,safe-targeting control,,1083,0.0,0.0,0.0,13.296398891966758,566,2.826855123674912,24.381625441696112,0.0,49.82332155477032,952,1.050420168067227,21.7436974789916,0.0,50.42016806722689,2343,0.8962868117797695,25.821596244131456,0.0,64.83141271873666,0.6680100785578322,0.595638639347503,0.9999935409454064,1.0,0.5397058659922863,0.4630630270341982,0.8547074018114322,1.0,0.9999935409454064,0.8547074018114322,0.3493207236205609,0.7087788332409151,0.6109050794480507,0.9999999999999999,0.3030451340888052,0.6998001279800646,0.5086829036490659,1.0,0.6109050794480507,0.5086829036490659,0.4500567316891382,0.5910893458204292,0.7231680816885296,0.9999999995778844,0.4176632398652307,0.5857758877220434,0.6905978945909054,1.0,0.7231680816885296,0.6905978945909054
gRNA_14581,controlsgRNA,-0.3935098343505763,-0.8829178421128246,-0.566843294475894,0.6355185236818498,1.122675237687712,-0.017015441913946595,-0.3935098343505763,,False,0.04580940648802736,-0.5642986151462525,,1502.0366053865696,-0.7488623065982115,-0.717812090915414,-0.8589573850279764,-0.775210594180534,-0.7488623065982115,-0.775210594180534,True,-0.8206349810734157,-0.8171864359844138,-0.8040691723981938,0.0,0.0,0.0,0.0,True,,,,0.41655980425840444,-0.15553665694254767,0.06257538485972372,0.7084189306927882,0.7279222066466192,0.3519879339029976,0.41655980425840444,0.4788690816143839,True,0.6765408236214205,0.7924534214885743,0.8231501729605843,controlsgRNA,,,,safe-targeting control,,851,0.0,0.0,0.117508813160987,70.27027027027027,486,21.19341563786008,82.09876543209876,0.0,73.45679012345678,1541,17.780661907852043,71.44711226476313,0.0648929266709928,75.14600908500974,2640,20.34090909090909,86.51515151515152,0.1136363636363636,75.68181818181819,0.9431887068521896,0.20904909785027734,0.9999935409454064,1.0,0.8828449518451178,0.11900982798137721,1.0,0.6214957683471921,0.9999935409454064,0.6214957683471921,0.002308071728944743,0.998662531075875,0.010091104303293297,0.9999999999999999,0.0008848056103433003,0.9992150214303229,0.003696521216545343,1.0,0.010091104303293297,0.003696521216545343,0.1023840888321815,0.6415379504925173,0.26733623195069617,0.9999999995778844,0.188014473841134,0.8175028445231847,0.39057150366998006,1.0,0.26733623195069617,0.39057150366998006
gRNA_14582,controlsgRNA,0.7144670809612164,0.32034127524227846,-0.20420640865405515,-0.1503581100618828,0.018768017220657286,0.13980237094164283,0.018768017220657286,,False,0.33978450736179366,0.15942291413150536,,996.8985378821444,-1.1008773886609573,-1.2596772322079914,-1.2675559954570899,-1.2093702054420128,-1.2596772322079914,-1.2093702054420128,True,-1.4160564885903022,-1.5300266067467736,-1.3964255512519088,0.0,0.0,0.0,0.0,True,,,,-0.10569558796627625,0.03388852545112574,0.17137599133913217,0.02313381383866548,-0.09204758586356794,0.006131031359815839,0.02313381383866548,,False,0.008755097980110822,0.048730754301944776,,controlsgRNA,,,,safe-targeting control,,770,0.0,0.0,0.2597402597402597,8.96103896103896,275,0.0,0.0,0.0,12.0,1205,0.0,0.0,0.0829875518672199,9.04564315352697,1637,0.0,0.0,0.1221747098350641,9.407452657299938,0.9984672504451239,0.013726879809644836,0.9999935409454064,0.27164772675928733,0.995014489499373,0.00531013364749778,1.0,0.10957472581677469,0.27164772675928733,0.10957472581677469,0.15025381216627853,0.9841857171560805,0.3303826513129867,0.9999999999999999,0.05705245647102346,0.9439285639016587,0.13518530536838078,1.0,0.3303826513129867,0.13518530536838078,0.11177228037713637,0.9715745800696592,0.2858937239578454,0.9999999995778844,0.055272967286234514,0.9461723141468371,0.15281349779135422,1.0,0.2858937239578454,0.15281349779135422
gRNA_14583,controlsgRNA,0.38612756117441754,0.41218059324077244,0.5482133057359808,0.7699896407177512,1.0524572410762363,0.6337936683890317,0.5482133057359808,0.6337936683890317,True,1.2658345450038202,1.0888227167474098,0.9958258365667035,318.3868116156071,-1.4808792383767058,-1.5315835321178137,-5.013207317489519,-2.6752233626613457,-1.5315835321178137,-2.6752233626613457,True,-3.426378209060671,-1.9094707528388277,-3.3963984773810934,0.0,0.0,0.0,0.0,True,,,,0.18008878354811667,-0.36073358229317415,1.1621961052077976,0.4950255134812888,1.1709714347514661,0.5295096509390991,0.4950255134812888,0.7520704592471673,True,1.0193024332823504,0.9407830386642835,1.2769757005743951,controlsgRNA,,,,safe-targeting control,,264,0.0,0.7575757575757576,0.0,10.227272727272728,54,1.851851851851852,1.851851851851852,0.0,9.25925925925926,505,0.7920792079207921,1.188118811881188,0.0,9.306930693069306,612,1.6339869281045751,1.96078431372549,0.0,10.294117647058824,0.9999935409454064,4.808831732436786e-05,0.9999935409454064,0.009866320421465841,1.0,1.4804918510419749e-05,1.0,0.003477678800682879,0.009866320421465841,0.003477678800682879,0.00013064112085488935,0.9950712603462698,0.0008469148524385931,0.9999999999999999,0.00013572648461943545,0.9999014826075717,0.0007087938641237184,1.0,0.0008469148524385931,0.0007087938641237184,0.002043778731501516,0.9999386185784621,0.015682873531521837,0.9999999995778844,0.0003820174244389016,0.9996483953901989,0.0036228109737305547,1.0,0.015682873531521837,0.0036228109737305547
gRNA_14584,controlsgRNA,-0.3292373998336608,-0.480297429876516,-0.6012234547375555,-1.1322723188967858,-1.0949515789381823,-0.7275964364565402,-0.6012234547375555,-0.7275964364565402,True,-1.286265794318439,-0.9289236330204192,-0.9037084265735399,1360.7691797285524,0.14209652822824229,0.5368950144930291,0.23107279690030624,0.3033547798738592,0.23107279690030624,0.3033547798738592,True,0.658546878125842,0.5503090530717109,0.6674981101399305,0.0,0.0,0.0,0.0,True,,,,-0.5905189499696877,-0.1708217010425823,-0.7949270133178582,-0.5788493039141921,-0.1240842037761105,-0.45184023440408616,-0.5788493039141921,-0.45184023440408616,True,-0.8755027317239894,-1.0892430980580028,-0.722887588843464,controlsgRNA,,,,safe-targeting control,,273,0.0,0.0,0.7326007326007326,80.95238095238095,396,13.131313131313131,38.13131313131313,0.2525252525252525,74.74747474747475,535,12.336448598130842,46.54205607476636,0.1869158878504672,76.6355140186916,947,5.913410770855332,23.442449841605068,0.5279831045406547,79.5142555438226,0.04826123581828058,0.991633436713138,0.22402746503300616,1.0,0.02218420313463768,0.9785606477599388,0.10172268754419228,1.0,0.22402746503300616,0.10172268754419228,0.88623198934995,0.24648105233905684,0.9999998615455512,0.9999999999999999,0.8421568116543903,0.16025471834074662,1.0,0.8993399118823989,0.9999998615455512,0.8993399118823989,0.9752437130111137,0.10195054355602112,0.9999999963825513,0.9999999995778844,0.9527463149603479,0.04832224768803828,1.0,0.7570485471125997,0.9999999963825513,0.7570485471125997
gRNA_14585,controlsgRNA,0.36852607052005537,0.6308192833093932,-0.022747010404342353,0.5473807059439022,-0.6960445461180479,0.1655869006501921,0.36852607052005537,,False,0.3881209149676929,0.7733958264438138,,1522.9056569042316,0.46184402352924636,0.1452120077349653,0.20455202514570284,0.27053601880330486,0.20455202514570284,0.27053601880330486,True,0.6135380940644035,0.5132994229327064,0.6227210236446357,0.0,0.0,0.0,0.0,True,,,,0.32667367669151953,-0.21887504295683957,-0.12725621459654712,-0.052455192044872596,-0.23794455165444994,-0.06197146491223794,-0.12725621459654712,-0.1591327503131773,True,-0.12273822933707322,-0.2355627997329076,-0.2366597024576978,controlsgRNA,,,,safe-targeting control,,1164,0.0,0.0,0.0859106529209622,26.374570446735397,475,33.68421052631579,52.0,0.0,33.26315789473684,2481,35.59048770656993,58.00080612656187,0.0,33.2124143490528,2651,28.40437570728027,46.43530743115805,0.0,33.421350433798565,0.05944793151650038,0.9900348789794717,0.2569243936805074,1.0,0.027454300127915027,0.9733823531276194,0.11865306721949484,1.0,0.2569243936805074,0.11865306721949484,0.23859747528462033,0.9411011374403805,0.45539416602546823,0.9999999999999999,0.1265268662344433,0.8752607280380791,0.2628403409069099,1.0,0.45539416602546823,0.2628403409069099,0.06882251075595822,0.9398986371092592,0.2130446596983898,0.9999999995778844,0.04585860733106917,0.9554196446513469,0.13429984711777337,1.0,0.2130446596983898,0.13429984711777337
gRNA_14586,controlsgRNA,-0.06223988955697275,-0.4719986496208235,0.33927066728888455,0.24460378649537973,-0.03947907675341134,0.0020313675706113295,-0.03947907675341134,,False,0.08151509347336112,0.057174695445387794,,2938.255432909745,-0.20618130669579968,-0.3024525801837916,-0.35512851058419637,-0.2879207991545959,-0.3024525801837916,-0.2879207991545959,True,-0.15234890188491207,-0.19422346122919698,-0.13922331629646043,0.0,0.0,0.0,0.0,True,,,,-0.04705225407303826,0.05764994486566109,0.2507756237595043,0.2557513117971312,-0.00675410162766973,0.10207410494431772,0.05764994486566109,,False,0.19400343202452044,0.11397918641740581,,controlsgRNA,,,,safe-targeting control,,2140,0.0,0.0,0.0934579439252336,68.22429906542057,1530,10.84967320261438,25.55555555555556,0.065359477124183,65.09803921568627,3091,12.00258815917179,24.13458427693303,0.3558718861209964,62.18052410223229,5355,7.899159663865547,18.59943977591037,2.0541549953314657,66.01307189542484,0.41565034409037416,0.841627749811704,0.8185780624186237,1.0,0.27545748382264007,0.7270906669179011,0.5647709353455427,1.0,0.8185780624186237,0.5647709353455427,0.05699944212469893,0.9957370443385313,0.14679308382799178,0.9999999999999999,0.017802116338710705,0.9826635424091109,0.04981518016912013,1.0,0.14679308382799178,0.04981518016912013,0.2597930251709232,0.9308876273858844,0.5152735324159966,0.9999999995778844,0.1382515508930507,0.8632968047969285,0.31504595839870947,1.0,0.5152735324159966,0.31504595839870947
gRNA_14587,controlsgRNA,-0.4682325618567552,-0.46620680043684953,-0.3002726022277794,0.9875266670386645,0.8025003766958793,0.11106301584263197,-0.3002726022277794,,False,0.2859089006278896,-0.4006279450863135,,975.4943824794146,-0.3421424542631188,-0.4988639753858477,-0.6978229677704607,-0.5129431324731425,-0.4988639753858477,-0.5129431324731425,True,-0.4609523128291029,-0.46831477194877236,-0.4462380893622812,0.0,0.0,0.0,0.0,True,,,,-0.8054474677902949,-0.2059964204284177,-0.24118107724492124,0.04473177190795677,0.09857342110721852,-0.22186395448969173,-0.2059964204284177,,False,-0.43146106063503853,-0.3844113184431877,,controlsgRNA,,,,safe-targeting control,,529,0.0,0.0,0.1890359168241966,27.599243856332706,382,26.963350785340317,44.76439790575916,0.2617801047120419,42.40837696335078,633,27.330173775671405,48.657187993680886,0.1579778830963665,42.96998420221169,936,17.628205128205128,38.35470085470085,0.0,50.0,0.6981446761118362,0.5647495903188224,0.9999935409454064,1.0,0.5721805494910261,0.4308652432995148,0.8745523845879098,1.0,0.9999935409454064,0.8745523845879098,0.42283792141863424,0.6391281123604999,0.7097636538098504,0.9999999999999999,0.36941580327501367,0.6351518947736358,0.5836148824848956,1.0,0.7097636538098504,0.5836148824848956,0.06715789021717565,0.8611446897244917,0.2130446596983898,0.9999999995778844,0.08125108128023933,0.9217906564253606,0.21299746146548504,1.0,0.2130446596983898,0.21299746146548504
gRNA_14588,controlsgRNA,0.37693092814161194,-0.47769782677973194,0.25536366197128596,-0.11456695595193914,-0.8356542527700809,-0.1591248890777708,-0.11456695595193914,,False,-0.22059297666197686,-0.07463620479258609,,2634.3164261909806,0.2246343675411467,0.10394744886175454,0.37700836904917967,0.23519672848402698,0.2246343675411467,0.23519672848402698,True,0.5650725690116629,0.5413242508395796,0.5745049908728076,0.0,0.0,0.0,0.0,True,,,,0.02722341398700502,-0.20195423830230463,-0.14734013842770075,0.1231544167904578,-0.15311346527591502,-0.07040600224569152,-0.14734013842770075,,False,-0.13902376127890217,-0.273528947783632,,controlsgRNA,,,,safe-targeting control,,1873,0.0,0.0,0.1067805659369994,37.21302722904432,985,0.8121827411167513,0.8121827411167513,0.0,44.46700507614213,2565,0.0,0.0,0.0,42.49512670565302,4033,0.0,0.0,0.0,43.11926605504587,0.06857586579486599,0.9880984470828202,0.2734275102970879,1.0,0.03220163021680422,0.9686712394979142,0.13239251579123834,1.0,0.2734275102970879,0.13239251579123834,0.2604446429970742,0.955562368254526,0.4896359288344995,0.9999999999999999,0.12149755702146564,0.8797379044243444,0.2552127454752574,1.0,0.4896359288344995,0.2552127454752574,0.3925215314518861,0.7174257972879219,0.667819438126286,0.9999999995778844,0.3231700431264659,0.6800400226713026,0.5758859536282046,1.0,0.667819438126286,0.5758859536282046
gRNA_14589,controlsgRNA,0.08116393652279091,0.026842981062794306,0.35773539072917704,-0.22801616408080994,1.1802270295894783,0.2835906347646861,0.08116393652279091,0.41149233447606015,True,0.6093340476348026,0.26895407125268633,0.6856509653035036,918.7733706621804,-0.3893963674580879,-0.30953954576455645,-1.4128527663513801,-0.7039295598580081,-0.3893963674580879,-0.7039295598580081,True,-0.7228777051481804,-0.3155531660990209,-0.7068151343047956,0.0,0.0,0.0,0.0,True,,,,-0.38731383007334685,-0.03994252039604447,-0.408857836271707,0.5941282702875029,-0.22132233903351614,-0.09266165109742233,-0.22132233903351614,-0.26435913144365364,True,-0.18199530387003393,-0.41338305223715605,-0.41145537277682126,controlsgRNA,,,,safe-targeting control,,612,0.0,0.0,0.1633986928104575,61.43790849673203,262,24.80916030534351,95.80152671755724,0.0,74.04580152671755,1089,25.252525252525253,90.26629935720844,0.0918273645546372,73.00275482093664,1678,23.837902264600714,90.2860548271752,0.0,74.43384982121573,0.716118008343952,0.1970598573050591,0.9999935409454064,1.0,0.7759398833280828,0.22997448568545614,1.0,0.9018238769676505,0.9999935409454064,0.9018238769676505,0.2163438015302662,0.8307596180915924,0.42813299671252675,0.9999999999999999,0.18858767275263977,0.8150510309909786,0.34661040167321366,1.0,0.42813299671252675,0.34661040167321366,0.037406868496206745,0.984901324614398,0.13948841306926013,0.9999999995778844,0.020355056088077198,0.980668012594347,0.07809694988894925,1.0,0.13948841306926013,0.07809694988894925
gRNA_14590,controlsgRNA,1.225417530362906,0.5699853060893236,0.264995751341377,1.5238186725176077,-0.21343681889679839,0.6741560882828832,0.5699853060893236,0.8960543150778036,True,1.3414990772641386,1.1270417608486296,1.3617555450944072,756.6368934865014,0.15257825613610673,-0.410035628786791,0.4794391222975358,0.07399391654895053,0.15257825613610673,0.3160086892168213,True,0.34399345707064716,0.44077023766714835,0.684762783597144,0.0,0.0,0.0,0.0,True,,,,1.0124643197820051,0.8896573917153852,0.6586206305244774,0.9365204677345809,0.6379424591991697,0.8270410537911237,0.8896573917153852,0.8270410537911237,True,1.5937805549957347,1.686785286060306,1.4015122966898217,controlsgRNA,,,,safe-targeting control,,585,0.0,0.1709401709401709,0.0,23.76068376068376,570,56.66666666666666,93.6842105263158,0.0,37.89473684210526,2013,58.81768504719325,86.83556880278192,0.1987083954297069,30.849478390462,2978,60.20819341840161,89.92612491605104,0.0,35.224983210208194,0.12223246620588588,0.9422645730194315,0.3862135066673369,1.0,0.07875625438869865,0.9229664330128381,0.22778732038577454,1.0,0.3862135066673369,0.22778732038577454,2.1796349690040983e-06,0.9999999936789795,3.278170993382164e-05,0.9999999999999999,1.7733336239851347e-07,0.9999999053300226,2.6670937704736425e-06,1.0,3.278170993382164e-05,2.6670937704736425e-06,0.0009981134118306355,0.99772028814796,0.010142990347251864,0.9999999995778844,0.0005506548146054151,0.9995419334512133,0.004782490915204831,1.0,0.010142990347251864,0.004782490915204831
gRNA_14591,controlsgRNA,0.3152699032317624,0.2308007322465178,1.2721876946924722,0.3377795854791128,0.2555982159656131,0.48232722632309555,0.3152699032317624,0.48232722632309555,True,0.9818912749473218,0.6799087892758807,0.7844861952720217,2381.747392438768,1.234612264330184,0.5542102691727749,1.1947604254882251,0.9945276529970614,1.1947604254882251,0.9945276529970614,True,1.6064452624873928,1.8951312563464875,1.6105168748186163,0.0,0.0,0.0,0.0,True,,,,0.18077099757962095,0.30885779289729315,0.7875455316822472,0.22342049980762077,0.8008882376700223,0.4602966119273608,0.30885779289729315,0.4602966119273608,True,0.885664853287765,0.5888562288745512,0.7922987148609333,controlsgRNA,,,,safe-targeting control,,692,0.1445086705202312,0.7225433526011561,0.1445086705202312,56.358381502890175,3076,16.87256176853056,90.53966189856958,0.1625487646293888,81.01430429128739,2735,20.54844606946984,95.57586837294332,0.2193784277879341,76.81901279707495,4143,15.49601737871108,93.19333816075309,0.1448225923244026,81.07651460294473,0.002465294338406347,0.9997573211682287,0.03310538111574238,1.0,0.0008486713924997482,0.9992874411353374,0.011396444413568046,1.0,0.03310538111574238,0.011396444413568046,0.0005151711552981415,0.9999642099367023,0.0028485934469426643,0.9999999999999999,0.00010396175853535153,0.9999094519438708,0.0005748473707248849,1.0,0.0028485934469426643,0.0005748473707248849,0.009606953864047241,0.9988275170973147,0.05160306646973947,0.9999999995778844,0.0031610927878526346,0.9972429803401905,0.018866204575120483,1.0,0.05160306646973947,0.018866204575120483
gRNA_14592,controlsgRNA,1.247522322944911,-2.5115838209321417,0.05824731895057137,0.47042935885884346,-1.2694708538111261,-0.4009711347977884,0.05824731895057137,,False,-0.6739647791813471,0.2287257411300951,,18.72863597738865,-1.4595055875841385,-0.21671019476440173,-0.9257444762391789,-0.8673200861959064,-0.9257444762391789,-0.8673200861959064,True,-0.94695712428949,-1.0640247911111103,-0.9297410307033659,0.0,0.0,0.0,0.0,True,,,,-0.3023039835324914,-1.549395146317072,-0.28431962554421414,0.538094235373175,-1.9799704633232726,-0.7155789966687751,-0.3023039835324914,-1.0289973046792626,True,-1.384733513135607,-0.5664687306278523,-1.681625843398453,controlsgRNA,,,,safe-targeting control,,7,0.0,0.0,0.0,0.0,2,100.0,100.0,0.0,0.0,16,87.5,100.0,0.0,12.5,3,100.0,100.0,0.0,0.0,0.8415739827685388,0.07319711799502075,0.9999935409454064,0.6712711308811659,0.9205956203547387,0.08311572064092088,1.0,0.5230802890570301,0.6712711308811659,0.5230802890570301,0.5240179352659504,0.006109022161639633,0.7944788050806345,0.18994211860274102,0.9560265992368019,0.05665487026717742,1.0,0.4853001636045316,0.18994211860274102,0.4853001636045316,0.08589167159673977,0.0655200156805051,0.2410094665699564,0.9999999995778844,0.5286888578345329,0.5070465237448787,0.7795569041011151,1.0,0.2410094665699564,0.7795569041011151
gRNA_14593,controlsgRNA,0.3824874860334232,0.28978066328307933,0.16665625384527527,-0.009611988077888331,0.3911850066613549,0.24409948434904888,0.28978066328307933,0.3075273524557832,True,0.535302821744993,0.6351644217444095,0.5405896453986723,1937.0760639470548,0.030397800794788845,0.4082114539748665,0.10968501329841887,0.1827647560226914,0.10968501329841887,0.1827647560226914,True,0.4931655484707537,0.380912890091666,0.5029681354451178,0.0,0.0,0.0,0.0,True,,,,0.041378663995392,0.4981756981275864,0.3895116236760001,-0.03027541782323871,0.07573142124058566,0.19490439784326508,0.07573142124058566,0.25119935175989105,True,0.37324156215632853,0.14815995780437982,0.4449590519341486,controlsgRNA,,,,safe-targeting control,,1392,0.0,0.2873563218390804,0.0718390804597701,79.66954022988506,1073,0.0,58.52749301025163,0.0931966449207828,98.22926374650513,1737,0.0,56.303972366148535,0.0575705238917674,98.84858952216466,3948,0.0,48.55623100303952,0.0253292806484295,98.7082066869301,0.08727366074396621,0.9823612074380639,0.3254124490856071,1.0,0.04323357863551301,0.9578624239376972,0.16255825566952892,1.0,0.3254124490856071,0.16255825566952892,0.023033709620653535,0.998089990572192,0.07217229014471441,0.9999999999999999,0.006792982897082127,0.9934789286834814,0.022018634218128275,1.0,0.07217229014471441,0.022018634218128275,0.07252584159945184,0.9950212887425889,0.2130446596983898,0.9999999995778844,0.022600949970572142,0.9778074543264675,0.08424797609382305,1.0,0.2130446596983898,0.08424797609382305
gRNA_14594,controlsgRNA,-0.6335464052156881,0.5464922455204045,0.9782472500001455,1.1175723243652829,1.2870587201079016,0.6591648269556092,0.9782472500001455,0.9823426349984337,True,1.31339603539243,1.8437136782630412,1.4821527917136166,566.6750142872737,-0.5458194304667668,-0.6764824331744743,-1.2010921435118243,-0.8077980023843551,-0.6764824331744743,-0.8077980023843551,True,-0.8653264798114257,-0.7161806142192345,-0.8485306069009476,0.0,0.0,0.0,0.0,True,,,,0.10042025430750094,0.09872333822098348,-0.1885731411256127,0.2336002224410133,0.13424868116680708,0.07568387100213843,0.10042025430750094,0.1417481240340762,True,0.14304877015906353,0.194831111275105,0.2631453231709932,controlsgRNA,,,,safe-targeting control,,409,0.0,0.0,0.0,49.38875305623472,200,0.0,0.0,0.0,48.0,732,0.0,0.0,0.0,51.09289617486339,1048,0.0,0.0,0.0,51.04961832061068,0.9135352981177045,0.16833498886590678,0.9999935409454064,0.9589993305088023,0.8848334184272718,0.11739473590517657,1.0,0.6214957683471921,0.9589993305088023,0.6214957683471921,0.06893308090302716,0.9932268148242497,0.16940417267672034,0.9999999999999999,0.02327052159067601,0.9773762761762789,0.061186826000658605,1.0,0.16940417267672034,0.061186826000658605,0.0006324957575689014,0.9852127351787163,0.006994658966056086,0.9999999995778844,0.0005723725829367484,0.9994898454068774,0.004782490915204831,1.0,0.006994658966056086,0.004782490915204831
gRNA_14595,controlsgRNA,-0.3337831541681562,-0.602254179872206,0.4055820208364778,0.4201787920483845,-0.770852786627244,-0.17622586155654876,-0.3337831541681562,,False,-0.2526509426413759,-0.4594530985715254,,2213.7247725273382,-0.7880857582023806,-0.7066193431365705,-0.8335507780294321,-0.7760852931227945,-0.7880857582023806,-0.7760852931227945,True,-0.8218345734567581,-0.8719226046780518,-0.8052625894839497,0.0,0.0,0.0,0.0,True,,,,-0.05039909674243205,-0.02120605044035216,0.19691636341143146,0.0017361643140824706,0.39938591161315934,0.10528665843117782,0.0017361643140824706,,False,0.20020627876723232,0.008281172008285619,,controlsgRNA,,,,safe-targeting control,,1865,0.0,0.0,0.4289544235924933,11.367292225201073,637,78.96389324960754,96.07535321821037,0.3139717425431711,17.111459968602826,2350,83.27659574468085,97.40425531914892,0.1276595744680851,14.340425531914894,3712,79.79525862068965,97.81788793103448,0.1346982758620689,18.66918103448276,0.9413812414104474,0.21575886436764702,0.9999935409454064,1.0,0.8789564588884642,0.12314392265678087,1.0,0.6338183618062768,0.9999935409454064,0.6338183618062768,0.06052042802969599,0.9944586007939882,0.15375460094030874,0.9999999999999999,0.02018847295101237,0.9802381151292802,0.05461054553655144,1.0,0.15375460094030874,0.05461054553655144,0.35840596656472506,0.6781787929218083,0.6417173496587459,0.9999999995778844,0.3333848055027523,0.6704279116114445,0.5885102669907739,1.0,0.6417173496587459,0.5885102669907739
gRNA_14596,controlsgRNA,-0.07639432503590507,-0.0917106756328202,0.21638519856772342,-0.03216864569134609,-0.08431783275118418,-0.013641256108706423,-0.07639432503590507,-0.07114786977781389,True,0.052134750493276025,-0.0076271362291871776,0.01222782120533586,2330.9125233572845,-1.0724970761904435,-1.1209329810351523,-1.15732924344792,-1.1169197668911721,-1.1209329810351523,-1.1169197668911721,True,-1.2892667595028906,-1.33640956319567,-1.2702885141279472,0.0,0.0,0.0,0.0,True,,,,-0.6035977225526369,0.06852845994673579,-0.021432425979706484,0.05836927763033435,0.10764822701881221,-0.0780968367872922,0.05836927763033435,,False,-0.1538733406494016,0.11533899511170881,,controlsgRNA,,,,safe-targeting control,,1387,0.0,0.0,0.0720980533525594,77.86589762076424,669,10.762331838565023,96.26307922272048,0.0,87.89237668161435,2170,10.046082949308756,95.2073732718894,0.0,89.03225806451613,3574,9.569110240626747,96.44655847789592,0.0,89.11583659764969,0.9959702611750997,0.0319272129337951,0.9999935409454064,0.4287368593966771,0.9872825084141889,0.013339714994247248,1.0,0.19291280145526787,0.4287368593966771,0.19291280145526787,0.20707672833839533,0.8895433754204439,0.4177258839924855,0.9999999999999999,0.1317793191466144,0.8706340387809548,0.27224738461058795,1.0,0.4177258839924855,0.27224738461058795,0.3173400488031038,0.9504934659667351,0.5936311360694877,0.9999999995778844,0.14751048061596472,0.8539857572914689,0.332119405458699,1.0,0.5936311360694877,0.332119405458699
gRNA_14657,controlsgRNA,-0.6654474409958198,0.031854043051906644,0.5545707553063306,-0.6226725038233928,-0.8456364062951236,-0.30946631055121976,-0.6226725038233928,,False,-0.5024272513426372,-0.9665757614255607,,5249.369112519505,-0.6122646231328118,-0.03533797133443621,0.05984508083665489,-0.19591917121019772,-0.03533797133443621,-0.323801297233624,True,-0.026174687186554555,0.1785338992923176,-0.18817775923002986,0.0,0.0,0.0,0.0,True,,,,-0.3602558531499185,-0.14844319523275015,-0.3507803529096905,-0.34236175088212717,-0.2434461277752458,-0.2890574559899464,-0.34236175088212717,-0.2890574559899464,True,-0.5611992871321249,-0.6421929336552837,-0.452482728734976,controlsgRNA,,,,non-targeting control,,0,0.0,0.0,0.0,0.0,0,0.0,0.0,0.0,0.0,0,0.0,0.0,0.0,0.0,0,0.0,0.0,0.0,0.0,0.30513937573049543,0.8241262746155401,0.6979210753720227,1.0,0.22745275391660724,0.7750847572963677,0.4915071004174961,1.0,0.6979210753720227,0.4915071004174961,0.7475043004109925,0.6907456167259189,0.9999998615455512,0.9999999999999999,0.5348158449309834,0.4676909879684629,0.7764121918689181,1.0,0.9999998615455512,0.7764121918689181,0.5058055980248343,0.48532355874528554,0.7821295217707562,0.9999999995778844,0.5275850266922181,0.47550581309464746,0.7795569041011151,1.0,0.7821295217707562,0.7795569041011151
gRNA_14658,controlsgRNA,-1.4341922423629896,-0.5977035403454267,-0.8909663189839379,-1.0954819064003438,-0.9556500859118418,-0.9947988188009079,-0.9556500859118418,-0.9947988188009079,True,-1.787170926669266,-1.5510918687203161,-1.2765332904015319,7639.143063234296,-0.7994902083265438,-0.1227546830431833,-0.3931945010940315,-0.43847979748791954,-0.3931945010940315,-0.43847979748791954,True,-0.358830719706214,-0.32085344628639456,-0.34464220083396613,0.0,0.0,0.0,0.0,True,,,,0.19372011558754204,-0.48995585063869507,-0.5051296828159415,-0.3690553429947907,-0.9602481132560545,-0.42613377482358794,-0.48995585063869507,-0.5810972474263705,True,-0.8258683117126996,-0.9212011339392903,-0.937601484655036,controlsgRNA,,,,non-targeting control,,0,0.0,0.0,0.0,0.0,0,0.0,0.0,0.0,0.0,0,0.0,0.0,0.0,0.0,0,0.0,0.0,0.0,0.0,0.5725373766058695,0.5794266645714934,0.9899855961745024,1.0,0.49671324211141055,0.5077788070560152,0.8184859362775826,1.0,0.9899855961745024,0.8184859362775826,0.7612321889611324,0.1982814941631535,0.9999998615455512,0.9999999999999999,0.8116576191842915,0.19122319000037113,1.0,0.9460515715807836,0.9999998615455512,0.9460515715807836,0.99872221068857,0.014800294217984166,0.9999999963825513,0.6497724430562678,0.996004778825328,0.0041837354439763,1.0,0.224726360990727,0.6497724430562678,0.224726360990727
gRNA_14659,controlsgRNA,-0.2827609329735089,-0.34061753828916674,-0.6904847703155919,-0.26961106257893175,-0.3742242366330602,-0.3915397081580519,-0.34061753828916674,-0.3915397081580519,True,-0.6562843604373789,-0.47145032546324156,-0.43481176903965774,3705.594404097612,-0.7681488055160911,-0.4512775752581471,-0.635196577843531,-0.6182076528725897,-0.635196577843531,-0.6182076528725897,True,-0.605315716974803,-0.6585663694337132,-0.5898583352539146,0.0,0.0,0.0,0.0,True,,,,-0.031262399488327104,-0.2598411818504307,-0.6521074141999417,0.044205216715154136,-0.4790027852572535,-0.27560171281615975,-0.2598411818504307,-0.35555344519898824,True,-0.5352187351949595,-0.4861981107597893,-0.5629418254221021,controlsgRNA,,,,non-targeting control,,0,0.0,0.0,0.0,0.0,0,0.0,0.0,0.0,0.0,0,0.0,0.0,0.0,0.0,0,0.0,0.0,0.0,0.0,0.8216029006242714,0.4119599534477029,0.9999935409454064,1.0,0.7177833210542857,0.2851121258312566,1.0,0.9835060487390137,0.9999935409454064,0.9835060487390137,0.5935470860767137,0.5951105325762052,0.8650143580032726,0.9999999999999999,0.4980402894913704,0.5039795593459391,0.7343652896029619,1.0,0.8650143580032726,0.7343652896029619,0.8363900873068704,0.5575640715668384,0.9931458502545153,0.9999999995778844,0.6613608495277514,0.34084874143092214,0.8818144660370019,1.0,0.9931458502545153,0.8818144660370019
gRNA_14660,controlsgRNA,-0.6742072600854713,-0.32893189050352184,-0.9938430637678637,-0.768451485334996,-1.035922211363597,-0.7602711822110899,-0.768451485334996,-0.7602711822110899,True,-1.347518795519674,-1.2224793638966784,-0.9492991789076799,3791.211025708531,0.40621349698745424,1.0046637337370252,1.0640380940793353,0.8249717749346049,1.0046637337370252,0.8249717749346049,True,1.373910466744971,1.6298520888524621,1.379179128659753,0.0,0.0,0.0,0.0,True,,,,-0.8867575073420753,-0.621949631595223,-0.6756828638655484,-0.054396607501826795,-0.3215674632366931,-0.5120708147082733,-0.621949631595223,-0.5120708147082733,True,-0.9917968449207238,-1.1707188811534597,-0.8229389689714744,controlsgRNA,,,,non-targeting control,,0,0.0,0.0,0.0,0.0,0,0.0,0.0,0.0,0.0,0,0.0,0.0,0.0,0.0,0,0.0,0.0,0.0,0.0,0.005413552197474804,0.9992452245407633,0.0496462347865982,1.0,0.002057849321408124,0.9981331186865819,0.01865479529602261,1.0,0.0496462347865982,0.01865479529602261,0.9213790035391828,0.13359903480913501,0.9999998615455512,0.9133315834224502,0.9139677373240731,0.08769596235172139,1.0,0.588829386123588,0.9133315834224502,0.588829386123588,0.9854496456107861,0.09915486071753819,0.9999999963825513,0.9999999995778844,0.9615759766366943,0.039241932471975,1.0,0.6706803004301182,0.9999999963825513,0.6706803004301182
gRNA_14661,controlsgRNA,0.374701774451501,1.3030223767775695,-0.3233440013486752,-0.5770739964532243,0.2096360531196697,0.19738844130936814,0.2096360531196697,,False,0.4477369812358257,0.49447682572201956,,4407.115597422084,-0.6779547928414491,-0.671689171102265,-0.7597954545680133,-0.7031464728372425,-0.6779547928414491,-0.7031464728372425,True,-0.7218037525226325,-0.7182352862027852,-0.7057467102047273,0.0,0.0,0.0,0.0,True,,,,-0.21208228802457085,0.12194442394349962,-0.002893386453112368,-0.26086607848729754,0.1102512321846473,-0.048729219367366766,-0.002893386453112368,,False,-0.09716990184302209,-0.00047041514735875136,,controlsgRNA,,,,non-targeting control,,0,0.0,0.0,0.0,0.0,0,0.0,0.0,0.0,0.0,0,0.0,0.0,0.0,0.0,0,0.0,0.0,0.0,0.0,0.8982789997459718,0.31387264532808806,0.9999935409454064,1.0,0.8084012931622442,0.19365181212499283,1.0,0.8046360460836547,0.9999935409454064,0.8046360460836547,0.20886294199624275,0.9595958496497967,0.4177258839924855,0.9999999999999999,0.09832298945763451,0.9029719076455955,0.2076935058206212,1.0,0.4177258839924855,0.2076935058206212,0.03746896202126403,0.9200647384413696,0.13948841306926013,0.9999999995778844,0.04237990018917707,0.9611821012531937,0.12882997844314878,1.0,0.13948841306926013,0.12882997844314878
gRNA_14662,controlsgRNA,-0.7114814348635705,-0.7826779965598873,-0.11220468042017993,-0.619274712042599,-0.4050755056077607,-0.5261428658987994,-0.619274712042599,-0.5261428658987994,True,-0.9086152414400556,-0.9606112036536799,-0.6226222350812219,8836.705558017034,0.9434886279822554,0.8373179752306767,0.9824850475776374,0.9210972169301899,0.9434886279822554,0.9210972169301899,True,1.505740222666849,1.5444824752285475,1.5103302474171452,0.0,0.0,0.0,0.0,True,,,,-0.9520020292915128,-0.6836008888206525,-1.131181273692982,-0.8204627815049101,-1.161649718117279,-0.9497793382854672,-0.9520020292915128,-0.9497793382854672,True,-1.8369310662910445,-1.7946416912965877,-1.5500337712549512,controlsgRNA,,,,non-targeting control,,0,0.0,0.0,0.0,0.0,0,0.0,0.0,0.0,0.0,0,0.0,0.0,0.0,0.0,0,0.0,0.0,0.0,0.0,0.0034703903955753375,0.9997753371049825,0.04209247705601055,1.0,0.0011457913106169223,0.9990154855276838,0.01396249121802689,1.0,0.04209247705601055,0.01396249121802689,0.9999737222443812,0.0007428490246907331,0.9999998615455512,0.046551872213952614,0.9998900206290677,0.0001297740254829333,1.0,0.009759006716316583,0.046551872213952614,0.009759006716316583,0.9099971179743875,0.3460204149774986,0.9999999963825513,0.9999999995778844,0.8124926574405049,0.1897033576811647,0.9637136883205989,1.0,0.9999999963825513,0.9637136883205989
gRNA_14663,controlsgRNA,-0.5656334910261559,-0.8409758569556115,-1.071030968226652,0.4484800702491513,-0.22432475283550454,-0.4506969997589545,-0.5656334910261559,-0.675491267260981,True,-0.7671822900100161,-0.8664482347762728,-0.8310065949520213,5100.610232470532,-1.2257310464877964,-0.7733098133417704,-0.706685665345076,-0.901908841724881,-0.7733098133417704,-0.901908841724881,True,-0.9943933399714492,-0.8513028331530929,-0.9769330528140087,0.0,0.0,0.0,0.0,True,,,,-0.43013450837960004,0.0012682244362333603,-0.8764133041568032,-0.5095268322349149,-0.497498039065032,-0.4624608918800234,-0.497498039065032,-0.5783931709590875,True,-0.8960092574206133,-0.935458698587917,-0.9331096371390901,controlsgRNA,,,,non-targeting control,,0,0.0,0.0,0.0,0.0,0,0.0,0.0,0.0,0.0,0,0.0,0.0,0.0,0.0,0,0.0,0.0,0.0,0.0,0.9641652874517548,0.10421237111334547,0.9999935409454064,0.8518228595351717,0.9407380073008124,0.061122409488147754,1.0,0.48897927590518203,0.8518228595351717,0.48897927590518203,0.8761783845859359,0.22278951217414805,0.9999998615455512,0.9999999999999999,0.8489557571378923,0.15356116657813818,1.0,0.8788617254692167,0.9999998615455512,0.8788617254692167,0.6827000525577241,0.29241874062814005,0.9233640998622455,0.9999999995778844,0.727474098181577,0.2763383824170753,0.9131516786562335,1.0,0.9233640998622455,0.9131516786562335
gRNA_14664,controlsgRNA,-0.012821323561997338,-0.25000276713659797,-0.23781824979029814,0.70307493255877,-1.1904292083541261,-0.19759932325684992,-0.23781824979029814,-0.42276788721075487,True,-0.29271823758033644,-0.2909942131653631,-0.478384141040126,5159.471659828039,0.5128115226992281,0.2773689499714425,0.03988418886616165,0.2766882205122774,0.2773689499714425,0.2766882205122774,True,0.6219754362793113,0.614915148168626,0.6311149318566774,0.0,0.0,0.0,0.0,True,,,,-0.23071814299453824,-0.09792470585380987,-0.34393876801267537,-0.01123340740618055,-0.16694092349996215,-0.17015118955343322,-0.16694092349996215,-0.17015118955343322,True,-0.33161327386557754,-0.3105817823900636,-0.25496286419508507,controlsgRNA,,,,non-targeting control,,0,0.0,0.0,0.0,0.0,0,0.0,0.0,0.0,0.0,0,0.0,0.0,0.0,0.0,0,0.0,0.0,0.0,0.0,0.05636072377305453,0.989086491252227,0.249313319278453,1.0,0.026835721626242946,0.9739864591186984,0.11732827129613195,1.0,0.249313319278453,0.11732827129613195,0.48372185813689694,0.8717120313928077,0.7593599680393857,0.9999999999999999,0.27986741721209696,0.7223585485335269,0.47831885850794753,1.0,0.7593599680393857,0.47831885850794753,0.32814298462984787,0.5326363845574991,0.6077919321222798,0.9999999995778844,0.37669631276779697,0.6277650109624342,0.6438082436395075,1.0,0.6077919321222798,0.6438082436395075
gRNA_14665,controlsgRNA,0.12624538888258252,-0.20606690099393138,-0.02971084073892961,0.26081958201600053,0.009134912025490853,0.032084428238242584,0.009134912025490853,,False,0.1378534097682591,0.14251275124749513,,3690.076391430632,-0.8362139234725882,-0.5504896251143129,-0.9332956742681024,-0.7733330742850012,-0.8362139234725882,-0.7733330742850012,True,-0.8180600853493688,-0.9390852654181219,-0.8015075317994468,0.0,0.0,0.0,0.0,True,,,,-0.4941124740110917,-0.2070746508807739,0.1505085245184748,0.16613161113537592,-0.23154409866018705,-0.1232182175796404,-0.2070746508807739,,False,-0.24099438346448335,-0.38644957836346566,,controlsgRNA,,,,non-targeting control,,0,0.0,0.0,0.0,0.0,0,0.0,0.0,0.0,0.0,0,0.0,0.0,0.0,0.0,0,0.0,0.0,0.0,0.0,0.928764635682654,0.2059427064316989,0.9999935409454064,1.0,0.8768672124861216,0.125795602249068,1.0,0.6338183618062768,0.9999935409454064,0.6338183618062768,0.2972532599811187,0.864998507817466,0.5326872444951349,0.9999999999999999,0.19702161908437876,0.8055047246049651,0.3596122756103224,1.0,0.5326872444951349,0.3596122756103224,0.24839366639890192,0.9634624620418557,0.4994439495507333,0.9999999995778844,0.10985723850568241,0.8915357282092471,0.26822286803984796,1.0,0.4994439495507333,0.26822286803984796
gRNA_14666,controlsgRNA,-0.020447077920835912,0.6897672705861718,-0.20527982743273335,-0.1678884586172174,-0.026728131095882318,0.05388475510390058,-0.026728131095882318,-0.10508587376666725,True,0.1787209182018488,0.07955798345330554,-0.0351255429552843,3917.495542584638,-0.5332365296641491,-0.537234901670995,-0.795082680393963,-0.621851370576369,-0.537234901670995,-0.621851370576369,True,-0.6103128374620046,-0.5218612449942941,-0.5948297314146596,0.0,0.0,0.0,0.0,True,,,,-0.20832961066299677,0.0006288953211324812,-0.002284871682568008,-0.0005227554362406782,-0.019627471308754255,-0.046027162753885444,-0.002284871682568008,-0.05769117727263992,True,-0.09195273016569164,0.0006799059783220317,-0.06815112535609937,controlsgRNA,,,,non-targeting control,,0,0.0,0.0,0.0,0.0,0,0.0,0.0,0.0,0.0,0,0.0,0.0,0.0,0.0,0,0.0,0.0,0.0,0.0,0.8277999139985761,0.4021956837526749,0.9999935409454064,1.0,0.7253581748091685,0.27711355761271617,1.0,0.9816026220880771,0.9999935409454064,0.9816026220880771,0.2254013246159441,0.9717844927263117,0.43912382412225376,0.9999999999999999,0.09376294336709157,0.9073238019868046,0.2014563811772939,1.0,0.43912382412225376,0.2014563811772939,0.185302427529227,0.9500594884364861,0.40984536912346675,0.9999999995778844,0.09994693539248889,0.9016596493560616,0.25440823638685234,1.0,0.40984536912346675,0.25440823638685234
gRNA_14667,controlsgRNA,0.3265795236763755,-0.6728855880665744,-0.7119427881504977,-0.43086978539068727,-0.5818385951365552,-0.4141914466135878,-0.5818385951365552,-0.5993841891860787,True,-0.6987479490831696,-0.8948950278411606,-0.7248151352402106,3581.4503027617784,-1.1713811298948071,-1.0188832037706466,-1.0454671396222117,-1.0785771577625551,-1.0454671396222117,-1.0785771577625551,True,-1.236682379156783,-1.231097285534033,-1.2179748292293489,0.0,0.0,0.0,0.0,True,,,,-0.26858976826178116,-0.47331687507863407,-0.5627400349463055,0.3339793846997694,-0.1711074599984688,-0.22835495071708403,-0.26858976826178116,-0.3689385345712974,True,-0.44399397408557456,-0.502736220031677,-0.5851763225508504,controlsgRNA,,,,non-targeting control,,0,0.0,0.0,0.0,0.0,0,0.0,0.0,0.0,0.0,0,0.0,0.0,0.0,0.0,0,0.0,0.0,0.0,0.0,0.994108732709348,0.04106079539859182,0.9999935409454064,0.5258529726011545,0.982795081970981,0.01788455670621173,1.0,0.2490590119087263,0.5258529726011545,0.2490590119087263,0.4739761439493755,0.6576486202079097,0.7519621524260134,0.9999999999999999,0.41408454200254874,0.5900055815391589,0.6329097064754403,1.0,0.7519621524260134,0.6329097064754403,0.755781086891379,0.44518435296568226,0.946915991808892,0.9999999995778844,0.6806204308756709,0.3221641138777561,0.8977622114263222,1.0,0.946915991808892,0.8977622114263222
gRNA_14668,controlsgRNA,0.4795704345748142,-0.3613932042209826,0.4080170058167989,0.7437660756598773,0.9807631595041868,0.4501446942669389,0.4795704345748142,0.6530291688889193,True,0.9215609914463384,0.968325524134597,1.0226649417858005,3995.6207098046016,-1.2598976473387937,-1.3464098797720165,-1.6854945514964879,-1.4306006928690993,-1.3464098797720165,-1.4306006928690993,True,-1.7194596309272756,-1.651061667001535,-1.698266825808943,0.0,0.0,0.0,0.0,True,,,,0.38588192100966723,0.2525720647968365,0.8925370815091289,0.22102441446383872,0.49367088170512285,0.44913727269691883,0.38588192100966723,0.44913727269691883,True,0.8641182327320344,0.7344607171198339,0.7737614986215482,controlsgRNA,,,,non-targeting control,,0,0.0,0.0,0.0,0.0,0,0.0,0.0,0.0,0.0,0,0.0,0.0,0.0,0.0,0,0.0,0.0,0.0,0.0,0.9998334070026604,0.0011939705589361482,0.9999935409454064,0.0748221550266653,0.999656904351235,0.0004276840552844631,1.0,0.02680153413115969,0.0748221550266653,0.02680153413115969,0.0007973987179290781,0.9999695519529019,0.0040516475397477485,0.9999999999999999,0.00015013017181300962,0.9998649124065874,0.000773273213721803,1.0,0.0040516475397477485,0.000773273213721803,0.00876995231596789,0.9944959621487558,0.049216448817969057,0.9999999995778844,0.003761900933763628,0.9964795131169216,0.021597485721233534,1.0,0.049216448817969057,0.021597485721233534
gRNA_14669,controlsgRNA,0.31978837452433895,0.13114516167332707,-0.8268422920615068,0.03208025117719679,-0.1406212738653308,-0.09688995571039496,0.03208025117719679,,False,-0.10392561291424725,0.18279149985691498,,3562.7216667843895,-0.8155627260337793,-0.7097047294635813,-0.9350921902134031,-0.8201198819035879,-0.8155627260337793,-0.8201198819035879,True,-0.8822251315710073,-0.9102666025899857,-0.8653422672750596,0.0,0.0,0.0,0.0,True,,,,-0.400188372108373,-0.24267886925223542,-0.1670766652464025,-0.5217432490547421,-0.6031933699338923,-0.38697610511912905,-0.400188372108373,-0.38697610511912905,True,-0.7502620922452422,-0.7515069343060572,-0.6151392387032862,controlsgRNA,,,,non-targeting control,,0,0.0,0.0,0.0,0.0,0,0.0,0.0,0.0,0.0,0,0.0,0.0,0.0,0.0,0,0.0,0.0,0.0,0.0,0.9543992239543343,0.1733700854869124,0.9999935409454064,0.9729425692996876,0.9052406225064726,0.09651538214495553,1.0,0.5498452073712617,0.9729425692996876,0.5498452073712617,0.8632867729346414,0.43558320516992766,0.9999998615455512,0.9999999999999999,0.7390582847408903,0.26314785676861047,0.9419861527544907,1.0,0.9999998615455512,0.9419861527544907,0.3328190315552512,0.8211178092546758,0.6134311561998749,0.9999999995778844,0.23108668594647713,0.7713498143624811,0.46714297804234084,1.0,0.6134311561998749,0.46714297804234084
gRNA_14670,controlsgRNA,-0.09167918529029805,-1.0707262715097028,-0.5860252779104693,-0.27445717236032124,-0.15115387860636434,-0.43480835713543114,-0.27445717236032124,-0.43480835713543114,True,-0.7373969918162528,-0.35531097665971484,-0.49518409065399993,8126.622702531468,-0.0009983110992861938,0.302407674923201,0.32840430173948754,0.20993788852113413,0.302407674923201,0.31540598833134426,True,0.5304317222384342,0.6498565879649998,0.6839404737719262,0.0,0.0,0.0,0.0,True,,,,-0.06709676920728551,-0.4988853653984334,-0.17727776666276862,0.07259689538566134,0.14217024865707534,-0.10569855144515014,-0.06709676920728551,,False,-0.20716714775923864,-0.12183888654243519,,controlsgRNA,,,,non-targeting control,,0,0.0,0.0,0.0,0.0,0,0.0,0.0,0.0,0.0,0,0.0,0.0,0.0,0.0,0,0.0,0.0,0.0,0.0,0.07750780545854721,0.9847350931406095,0.2984720952152491,1.0,0.03776176325714676,0.9630784155846703,0.14637549468749672,1.0,0.2984720952152491,0.14637549468749672,0.2820447938845114,0.8915928924432285,0.517975358481323,0.9999999999999999,0.17135714026420723,0.8303291096152865,0.3270572829408219,1.0,0.517975358481323,0.3270572829408219,0.8057412176991345,0.40945466249456736,0.9718782962925148,0.9999999995778844,0.7098790498338984,0.2926966304288464,0.9131516786562335,1.0,0.9718782962925148,0.9131516786562335
gRNA_14671,controlsgRNA,-0.9181715332761973,-0.7179196616505962,-0.8491574592433171,-1.0838767105849643,-0.5657880613672458,-0.8269826852244642,-0.8491574592433171,-0.8269826852244642,True,-1.4725780631543854,-1.3641523900759396,-1.0423810848716302,2322.885965081261,-1.3239218582277643,-0.9946501533489928,-1.1253856643836249,-1.147985891986794,-1.1253856643836249,-1.147985891986794,True,-1.3318719179684555,-1.342623264869886,-1.3126743484831749,0.0,0.0,0.0,0.0,True,,,,0.03087970570904366,-0.3381793511211946,-0.4444324495020227,-0.4564325228666586,-0.49570730105292676,-0.3407743837667518,-0.4444324495020227,-0.4336879061357007,True,-0.6610551115769217,-0.8351448332951675,-0.6927340441388249,controlsgRNA,,,,non-targeting control,,0,0.0,0.0,0.0,0.0,0,0.0,0.0,0.0,0.0,0,0.0,0.0,0.0,0.0,0,0.0,0.0,0.0,0.0,0.9966070194913439,0.02235589865751577,0.9999935409454064,0.3362327158090372,0.9910271127182606,0.009514897775525756,1.0,0.15554789406946454,0.3362327158090372,0.15554789406946454,0.7667688657422445,0.5369197407575071,0.9999998615455512,0.9999999999999999,0.6339961685661325,0.3681845469592032,0.8755330482104038,1.0,0.9999998615455512,0.8755330482104038,0.9946084730485335,0.0667070087585653,0.9999999963825513,0.9999999995778844,0.9789345746536924,0.02153027135778813,1.0,0.505961376908021,0.9999999963825513,0.505961376908021
gRNA_14672,controlsgRNA,-0.7346640612921459,-0.5706483388022644,-0.8617343700957685,-0.7765890377577084,-0.2507158383143622,-0.6388703292524499,-0.7346640612921459,-0.6388703292524499,True,-1.1199373279249012,-1.1631681830863199,-0.7799097592633042,2024.2979972131789,-0.3086470360800297,-0.4596726566294407,-0.5732520635654191,-0.44719058542496315,-0.4596726566294407,-0.44719058542496315,True,-0.3707769955702089,-0.4136234445147324,-0.3565269793013997,0.0,0.0,0.0,0.0,True,,,,-0.3544324541922373,-0.6507911618935143,-0.8374116109783484,-0.6405089806954859,-0.9158235450124947,-0.6797935505544161,-0.6507911618935143,-0.6797935505544161,True,-1.3156384338552636,-1.2252401897642724,-1.1015497861926016,controlsgRNA,,,,non-targeting control,,0,0.0,0.0,0.0,0.0,0,0.0,0.0,0.0,0.0,0,0.0,0.0,0.0,0.0,0,0.0,0.0,0.0,0.0,0.6250580889604291,0.6614678758186638,0.9999935409454064,1.0,0.4825643828798336,0.5211102441306269,0.8100187855482922,1.0,0.9999935409454064,0.8100187855482922,0.9955832525249609,0.031418547915974884,0.9999998615455512,0.45436053909255986,0.9895634010799422,0.010760022668361567,1.0,0.18639069855395174,0.45436053909255986,0.18639069855395174,0.9635097396318714,0.21246817148832225,0.9999999963825513,0.9999999995778844,0.9050663274237768,0.09616908924658074,1.0,0.9772858799111989,0.9999999963825513,0.9772858799111989
gRNA_14673,controlsgRNA,-0.6671314789946087,-0.12206024942180921,-0.3209340273515747,-0.14778680038705774,-0.8458086800043796,-0.42074424723188597,-0.3209340273515747,-0.42074424723188597,True,-0.7110320141883489,-0.43689746121642614,-0.4755605760219581,6269.277117459584,-0.7682642407838888,-0.20630155186167515,-0.47030359375977115,-0.4816231288017783,-0.47030359375977115,-0.4816231288017783,True,-0.4179989765036596,-0.4284588744511273,-0.4035058695075865,0.0,0.0,0.0,0.0,True,,,,-0.2577158402088411,-0.3766088651407465,-0.08001843809228082,-0.5657268725372234,-0.3417403619791653,-0.32436207559165137,-0.3417403619791653,-0.32436207559165137,True,-0.629365979327234,-0.6410182755911891,-0.5111286175543376,controlsgRNA,,,,non-targeting control,,0,0.0,0.0,0.0,0.0,0,0.0,0.0,0.0,0.0,0,0.0,0.0,0.0,0.0,0,0.0,0.0,0.0,0.0,0.6456983306837889,0.5530452364323384,0.9999935409454064,1.0,0.5499512302285419,0.4527250844662679,0.8615902606913822,1.0,0.9999935409454064,0.8615902606913822,0.7797332593660999,0.5761758614700281,0.9999998615455512,0.9999999999999999,0.616066623030493,0.3859781258459318,0.8590331643741007,1.0,0.9999998615455512,0.8590331643741007,0.8242046106636225,0.4621012887447178,0.9838124876492764,0.9999999995778844,0.700017584244095,0.30279286401634153,0.9076090057785507,1.0,0.9838124876492764,0.9076090057785507
gRNA_14674,controlsgRNA,-0.5932472764090132,0.45022277914828923,-0.9153579631104448,0.25781186653220056,-1.1372075007653195,-0.38755561892085755,-0.5932472764090132,,False,-0.6488156742335173,-0.9149220756829951,,3622.653301912033,-0.13183520368233898,-0.21742070698801572,0.11159361938638644,-0.07922076376132274,-0.13183520368233898,-0.17462795533517733,True,0.133869545131916,0.04387240031035225,0.015350570758391519,0.0,0.0,0.0,0.0,True,,,,-0.1700406304866849,0.5759044876471405,0.0006271770266359756,0.5497674476053932,-0.08377446851099093,0.17449680265629877,0.0006271770266359756,,False,0.3338382694641409,0.006184770135049356,,controlsgRNA,,,,non-targeting control,,0,0.0,0.0,0.0,0.0,0,0.0,0.0,0.0,0.0,0,0.0,0.0,0.0,0.0,0,0.0,0.0,0.0,0.0,0.21415048029202682,0.9386255316575924,0.5684122703375083,1.0,0.12413343813239253,0.8779000521626443,0.32863530761464754,1.0,0.5684122703375083,0.32863530761464754,0.025019028904304345,0.9913486820682377,0.07710782678703634,0.9999999999999999,0.01164925681273673,0.9889618462735862,0.03561073627308139,1.0,0.07710782678703634,0.03561073627308139,0.5210966154194759,0.27784138995051016,0.7997237852968284,0.9999999995778844,0.6524899037609223,0.3517645610510902,0.8730825758509138,1.0,0.7997237852968284,0.8730825758509138
gRNA_14675,controlsgRNA,0.016284825909874644,-0.13598635015921992,0.16121750571870005,0.003980162246083863,0.3973395561071838,0.08856713996452449,0.016284825909874644,0.1447055124954606,True,0.24373749637166284,0.15506386596512978,0.3134059287759826,3049.5570410039404,-0.4535688224826807,-0.49424672735421515,-0.3540912993612091,-0.43396894973270167,-0.4535688224826807,-0.43396894973270167,True,-0.3526443870743346,-0.4051055685535171,-0.3384877143904264,0.0,0.0,0.0,0.0,True,,,,-0.3343644816728157,0.16858650624024066,0.21604971372626355,-0.32933556099434996,-0.2718980882187081,-0.11019238218387391,-0.2718980882187081,,False,-0.21584390395147107,-0.5089901854589417,,controlsgRNA,,,,non-targeting control,,0,0.0,0.0,0.0,0.0,0,0.0,0.0,0.0,0.0,0,0.0,0.0,0.0,0.0,0,0.0,0.0,0.0,0.0,0.612916945005255,0.6909370137998285,0.9999935409454064,1.0,0.4598904213601085,0.5431201205620965,0.7824380019520398,1.0,0.9999935409454064,0.7824380019520398,0.28347858063925857,0.8804612508713184,0.517975358481323,0.9999999999999999,0.18430099495403635,0.8176606160308959,0.34305531734018646,1.0,0.517975358481323,0.34305531734018646,0.17762920240131388,0.9770335676356692,0.39755107204103585,0.9999999995778844,0.07300595735882277,0.9280657782758096,0.19468255295686074,1.0,0.39755107204103585,0.19468255295686074
gRNA_14676,controlsgRNA,-0.2779083975822298,-0.33352659246198973,1.5827045404782214,-0.48127113521693266,-0.3811695633766188,0.021765770368090086,-0.33352659246198973,-0.36846892215944277,True,0.11850976230230836,-0.4590027245588704,-0.40262132757401675,5322.143240888786,1.1439290810869904,0.46239484146386184,0.874922539869998,0.8270821541402835,0.874922539869998,0.8270821541402835,True,1.3768047137810469,1.4487987755008966,1.3820584766042834,0.0,0.0,0.0,0.0,True,,,,-0.3761060853394559,-0.06701764803190953,0.7598195300202384,-0.3294351104606182,0.1697643981471515,0.03140501686708126,-0.06701764803190953,,False,0.05755449052573145,-0.12168931784841275,,controlsgRNA,,,,non-targeting control,,0,0.0,0.0,0.0,0.0,0,0.0,0.0,0.0,0.0,0,0.0,0.0,0.0,0.0,0,0.0,0.0,0.0,0.0,0.005612382193601078,0.999326964422912,0.05024418344747632,1.0,0.002083780325619547,0.9980883209533825,0.01865479529602261,1.0,0.05024418344747632,0.01865479529602261,0.07094185221609148,0.9209737512581375,0.17264515547840442,0.9999999999999999,0.06352206490829994,0.9397550581361388,0.14652942580074096,1.0,0.17264515547840442,0.14652942580074096,0.1149019528765875,0.7648902390741558,0.2919130694702493,0.9999999995778844,0.18316698672935028,0.8374369788687787,0.3847530000571827,1.0,0.2919130694702493,0.3847530000571827
gRNA_14677,controlsgRNA,-1.0475800155116464,-1.2125752764533577,-0.8580610408269709,-0.1953135071668076,-1.0902015536064376,-0.880746278713044,-1.0475800155116464,-0.880746278713044,True,-1.5733648139152578,-1.7124676714291158,-1.117396899646254,2580.2709337990877,-0.16369238226516097,-0.05138008551758654,-0.5724457762594412,-0.2625060813473962,-0.16369238226516097,-0.2625060813473962,True,-0.11749427884452672,-0.0005841640585864598,-0.10454811892810137,0.0,0.0,0.0,0.0,True,,,,-0.857690116806808,-0.5279635652559649,-0.5830976221441697,-0.6611480876758662,-0.7373752277497553,-0.6734549239265128,-0.6611480876758662,-0.6734549239265128,True,-1.303399717926339,-1.244818663617733,-1.0910204448009864,controlsgRNA,,,,non-targeting control,,0,0.0,0.0,0.0,0.0,0,0.0,0.0,0.0,0.0,0,0.0,0.0,0.0,0.0,0,0.0,0.0,0.0,0.0,0.3823085098185402,0.8073222806166254,0.7941878436009454,1.0,0.27680091154268094,0.7258667587375646,0.5647709353455427,1.0,0.7941878436009454,0.5647709353455427,0.9973986908183073,0.04357145976864717,0.9999998615455512,0.5119646522816043,0.9878449659861934,0.012519331630131558,1.0,0.1873515073542243,0.5119646522816043,0.1873515073542243,0.990983623638407,0.029949366894916014,0.9999999963825513,0.7211753869457487,0.9882328675880363,0.01218970851279968,1.0,0.38194420006772334,0.7211753869457487,0.38194420006772334
gRNA_14678,controlsgRNA,-0.8351802663853385,-0.11272912955380142,0.00057352411184431,-0.4808357074208251,-0.06529229535321424,-0.29869277492026697,-0.11272912955380142,-0.3735093496782948,True,-0.4822308771794991,-0.07141004426434473,-0.40965418666330805,3966.7251000109163,-0.27692131934921554,-0.5915935355879613,-0.5490154469321312,-0.47251010062310267,-0.5490154469321312,-0.47251010062310267,True,-0.4055010544596789,-0.5383009484457888,-0.39107228464088856,0.0,0.0,0.0,0.0,True,,,,-0.2890821528642056,-0.29414883011028614,-0.08408825160296503,-0.07212058249433108,0.13424868116680708,-0.12103822718099615,-0.08408825160296503,-0.18485995426794696,True,-0.23678522511157762,-0.1539591605316734,-0.2793961703700046,controlsgRNA,,,,non-targeting control,,0,0.0,0.0,0.0,0.0,0,0.0,0.0,0.0,0.0,0,0.0,0.0,0.0,0.0,0,0.0,0.0,0.0,0.0,0.652009626076449,0.6201781956158396,0.9999935409454064,1.0,0.5190080957514832,0.4843641916393102,0.837280458786827,1.0,0.9999935409454064,0.837280458786827,0.35888183860494666,0.904979374556057,0.6218413424675573,0.9999999999999999,0.20076243154760587,0.8013576525861315,0.3646699239705305,1.0,0.6218413424675573,0.3646699239705305,0.6483803268270155,0.6373161186324989,0.909667921219992,0.9999999995778844,0.5032958458140055,0.49971247558858256,0.7710944988007056,1.0,0.909667921219992,0.7710944988007056
gRNA_14679,controlsgRNA,-0.32510028358399706,-1.1376157080322737,-0.4260902061850292,-0.5824666807670007,-0.29143141724239724,-0.5525408591621396,-0.4260902061850292,-0.5525408591621396,True,-0.9581016651513834,-0.6214909101934052,-0.6594550962158693,4516.2767899760065,-0.22795451930012242,-0.3655828706778921,-0.8564951681944499,-0.48334418605748813,-0.3655828706778921,-0.48334418605748813,True,-0.42035929395175226,-0.2823215272799717,-0.40585403644285256,0.0,0.0,0.0,0.0,True,,,,-0.6710838173928356,-0.34463086761586226,-0.3174599881055528,-0.055977910329411684,-0.8575411174193694,-0.44933874017260644,-0.34463086761586226,-0.44933874017260644,True,-0.8706728089198676,-0.6464824152616484,-0.7187322586278525,controlsgRNA,,,,non-targeting control,,0,0.0,0.0,0.0,0.0,0,0.0,0.0,0.0,0.0,0,0.0,0.0,0.0,0.0,0,0.0,0.0,0.0,0.0,0.6190439238330419,0.5251955087086595,0.9999935409454064,1.0,0.5474966059732491,0.45541190567402634,0.8613335725771618,1.0,0.9999935409454064,0.8613335725771618,0.8732226521718637,0.23259709018265656,0.9999998615455512,0.9999999999999999,0.8392609325688352,0.1629022221024885,1.0,0.9007534633902304,0.9999998615455512,0.9007534633902304,0.9178185000917076,0.26713633634541506,0.9999999963825513,0.9999999995778844,0.8457856936304945,0.15584378884539807,0.9785089870925106,1.0,0.9999999963825513,0.9785089870925106
gRNA_14680,controlsgRNA,-0.9397562452476695,-0.8217984952557141,0.04801818663368472,0.3708936853079291,-1.3076059826978974,-0.5300497702519336,-0.8217984952557141,,False,-0.9159392346803797,-1.3161258682021542,,1846.1084034854528,-0.8252153744994142,-0.9449900610643854,-0.96387960512595,-0.9113616802299166,-0.9449900610643854,-0.9113616802299166,True,-1.0073572896502971,-1.0908819271997723,-0.9898302662845623,0.0,0.0,0.0,0.0,True,,,,-0.29604499306080906,-0.35178194436428945,-0.08723829273695381,0.028738771814435952,-0.29018513764684495,-0.19930231919889224,-0.29018513764684495,-0.25631259195222433,True,-0.3878987148106986,-0.5435595670118929,-0.3980889503165669,controlsgRNA,,,,non-targeting control,,0,0.0,0.0,0.0,0.0,0,0.0,0.0,0.0,0.0,0,0.0,0.0,0.0,0.0,0,0.0,0.0,0.0,0.0,0.9785385970731776,0.10726116611325459,0.9999935409454064,0.8580893289060367,0.9474772278946004,0.053680253060082374,1.0,0.46282660111246277,0.8580893289060367,0.46282660111246277,0.5333471596076339,0.8195394310828797,0.7989582948703998,0.9999999999999999,0.3402766217327433,0.661788390093256,0.5587074662511419,1.0,0.7989582948703998,0.5587074662511419,0.6977654062418429,0.14627489194736332,0.9270667367640327,0.9999999995778844,0.8222139037634026,0.18190214918489644,0.9691298677587441,1.0,0.9270667367640327,0.9691298677587441
gRNA_14681,controlsgRNA,-1.4898914175449698,-0.9824657113520019,-0.061657944071427495,-0.6786498393458081,-1.1311426972631526,-0.8687615219154721,-0.9824657113520019,-0.8687615219154721,True,-1.550897850345512,-1.5981646022618585,-1.1006746860122911,4594.40195719597,-0.7943666831008038,-0.7991125296478345,-0.7094138076899322,-0.7676310068128568,-0.7943666831008038,-0.7676310068128568,True,-0.8102400727960075,-0.8806876100697656,-0.7937277753408369,0.0,0.0,0.0,0.0,True,,,,-0.47095358040590873,-0.6861742279034676,-0.6105528736581753,-0.782007702871076,-0.6610700611334787,-0.6421516891944213,-0.6610700611334787,-0.6421516891944213,True,-1.2429589600094717,-1.2446711641905754,-1.0390214133853934,controlsgRNA,,,,non-targeting control,,0,0.0,0.0,0.0,0.0,0,0.0,0.0,0.0,0.0,0,0.0,0.0,0.0,0.0,0,0.0,0.0,0.0,0.0,0.9390054393712806,0.2239085346931584,0.9999935409454064,1.0,0.8737789639868077,0.12811222206722617,1.0,0.6338183618062768,0.9999935409454064,0.6338183618062768,0.9956853092341348,0.06404482388772156,0.9999998615455512,0.671027456023149,0.9809186447740625,0.019608545308003787,1.0,0.2542349322692905,0.671027456023149,0.2542349322692905,0.9758989752213625,0.030688314338116963,0.9999999963825513,0.7211753869457487,0.9829231751708244,0.017769305469988218,1.0,0.505961376908021,0.7211753869457487,0.505961376908021
gRNA_14682,controlsgRNA,-0.18648441290052273,-0.29969905741408753,-0.7667183228663458,-0.8708760322897787,-0.6236895637629122,-0.5494934778467294,-0.6236895637629122,-0.5494934778467294,True,-0.9523889580724784,-0.9683611306176986,-0.6552031149499032,3686.865768120223,0.09939825178410855,-0.4948999840499032,-0.03895508668716986,-0.14481893965098816,-0.03895508668716986,-0.26692753536853653,True,0.04390593781916928,0.1734862293898929,-0.11058063882469187,0.0,0.0,0.0,0.0,True,,,,-0.6355968546297294,-0.5024018612912315,-1.0640226222099598,-0.6441191626952514,-0.6409737819018797,-0.6974228565456103,-0.6409737819018797,-0.6974228565456103,True,-1.3496773638500534,-1.206681659799403,-1.13083451807149,controlsgRNA,,,,non-targeting control,,0,0.0,0.0,0.0,0.0,0,0.0,0.0,0.0,0.0,0,0.0,0.0,0.0,0.0,0,0.0,0.0,0.0,0.0,0.27119310423174164,0.8773891497106395,0.6450175440151914,1.0,0.1840860043613438,0.8185307276173439,0.4353228782381464,1.0,0.6450175440151914,0.4353228782381464,0.9973094099355324,0.02847829407265495,0.9999998615455512,0.44615994047159424,0.9912543837276822,0.009089176693888335,1.0,0.17840444754294593,0.44615994047159424,0.17840444754294593,0.9229574763906361,0.29667377643612575,0.9999999963825513,0.9999999995778844,0.841717802292744,0.16029545574957016,0.9784951469427959,1.0,0.9999999963825513,0.9784951469427959
gRNA_14683,controlsgRNA,-0.16163176282847133,-0.06797252495797375,-0.4719647625161866,0.7270560957667741,0.5972829910789411,0.1245540073086167,-0.06797252495797375,,False,0.31119949424656357,0.007156675242719873,,2444.3545469917526,-0.5290167905710037,-0.17510058537546652,-0.5025972828247263,-0.40223821959039885,-0.5025972828247263,-0.40223821959039885,True,-0.30912776626051414,-0.47352458743930786,-0.2951951097401085,0.0,0.0,0.0,0.0,True,,,,0.08748461293553034,-0.05815043651921119,-0.17966962161685043,0.8498803198399236,-0.3533983532131817,0.06922930428524214,-0.05815043651921119,,False,0.13058619535703345,-0.1049269626473845,,controlsgRNA,,,,non-targeting control,,0,0.0,0.0,0.0,0.0,0,0.0,0.0,0.0,0.0,0,0.0,0.0,0.0,0.0,0,0.0,0.0,0.0,0.0,0.5611540088816591,0.7001937312775582,0.9899855961745024,1.0,0.4282681058764729,0.5745245285394971,0.7565537256300797,1.0,0.9899855961745024,0.7565537256300797,0.05468657517070979,0.9522495787763066,0.1418079466495647,0.9999999999999999,0.04390976329085735,0.9585339154421221,0.10861888814054187,1.0,0.1418079466495647,0.10861888814054187,0.0934932323120618,0.9409687319414362,0.2584812893333473,0.9999999995778844,0.06297914673978286,0.9386718254482479,0.1703608573680457,1.0,0.2584812893333473,0.1703608573680457
gRNA_14684,controlsgRNA,0.006102198167421509,0.20672604221764063,-0.6051714527048315,-0.8735056765445801,-0.21736538039307232,-0.29664285385148437,-0.21736538039307232,,False,-0.478388037249487,-0.2550908003046773,,6132.82562676718,-0.24623668524335654,-0.09884326355305965,-0.24748376552840617,-0.19752123810827413,-0.24623668524335654,-0.19752123810827413,True,-0.028371817142572163,-0.11577440631745581,-0.01588444450280111,0.0,0.0,0.0,0.0,True,,,,0.45692678050813784,-0.04295352879883883,0.2664064596482498,-0.030798427805036784,0.467383610971272,0.2233929789047568,0.2664064596482498,,False,0.4282477442991419,0.5086072886458609,,controlsgRNA,,,,non-targeting control,,0,0.0,0.0,0.0,0.0,0,0.0,0.0,0.0,0.0,0,0.0,0.0,0.0,0.0,0,0.0,0.0,0.0,0.0,0.31316683053898353,0.8987831727090082,0.6979210753720227,1.0,0.19303566333558003,0.809072301054014,0.44470657084581483,1.0,0.6979210753720227,0.44470657084581483,0.01652059715336072,0.9982322134262827,0.05401516982316201,0.9999999999999999,0.004949851402218874,0.9952493609293401,0.01647030201092298,1.0,0.05401516982316201,0.01647030201092298,0.6043573044108449,0.5817005203400877,0.8673219330476247,0.9999999995778844,0.5110581218468101,0.4919174894284885,0.7710944988007056,1.0,0.8673219330476247,0.7710944988007056
gRNA_14685,controlsgRNA,0.05456635284725779,-0.27722366254491143,-0.07728554171130245,0.1590723939036238,0.3806623098820379,0.047958370475341135,0.05456635284725779,,False,0.1676111502024579,0.22226409297859498,,7805.025267605452,-0.6933862295594658,-0.4650818393367178,-0.7128787592083241,-0.6237822760348359,-0.6933862295594658,-0.6237822760348359,True,-0.6129609479935495,-0.739769793973967,-0.5974642099235264,0.0,0.0,0.0,0.0,True,,,,-0.44021556697709635,-0.2613594346363668,-0.17569100688843026,-0.4978078843567156,-0.384921557409175,-0.3519990900535568,-0.384921557409175,-0.3519990900535568,True,-0.6827279438313214,-0.7226469290597899,-0.5570375466326648,controlsgRNA,,,,non-targeting control,,0,0.0,0.0,0.0,0.0,0,0.0,0.0,0.0,0.0,0,0.0,0.0,0.0,0.0,0,0.0,0.0,0.0,0.0,0.8293947343061002,0.41365919513554983,0.9999935409454064,1.0,0.7215737137329568,0.28148640867163965,1.0,0.9816026220880771,0.9999935409454064,0.9816026220880771,0.8342306411357931,0.5463222033127064,0.9999998615455512,0.9999999999999999,0.6665838611979825,0.3356768725666804,0.8951268993230052,1.0,0.9999998615455512,0.8951268993230052,0.21855638364686694,0.9612544279343328,0.4565400013956776,0.9999999995778844,0.10081602984478988,0.9005176623920834,0.25440823638685234,1.0,0.4565400013956776,0.25440823638685234
gRNA_14686,controlsgRNA,-0.7133215449853033,0.2158321760930639,-0.418648650735314,0.14724280456841077,-0.7537842950594948,-0.3045359020237275,-0.418648650735314,,False,-0.4931845682709561,-0.6084278415135137,,3812.0800772261928,-0.10355480946228286,-0.6602898449010632,-0.18130533137165872,-0.3150499952450016,-0.18130533137165872,-0.3150499952450016,True,-0.18955481974294613,-0.0251629635792092,-0.17623770441660871,0.0,0.0,0.0,0.0,True,,,,0.29177643268351794,-0.02649664275604986,-0.07903929178472548,0.033812377892210276,-0.37536364826566093,-0.031062154446141604,-0.02649664275604986,,False,-0.06305806633642998,-0.045089421413777406,,controlsgRNA,,,,non-targeting control,,0,0.0,0.0,0.0,0.0,0,0.0,0.0,0.0,0.0,0,0.0,0.0,0.0,0.0,0,0.0,0.0,0.0,0.0,0.42975390903019306,0.7548722193952999,0.8244258663028193,1.0,0.3285167966862223,0.6746377252619448,0.6302158956837733,1.0,0.8244258663028193,0.6302158956837733,0.17391822249328015,0.9527086329075943,0.36532542825404096,0.9999999999999999,0.08954081916010959,0.9120706431313622,0.19460894800116302,1.0,0.36532542825404096,0.19460894800116302,0.6035602937258,0.5764792155786298,0.8673219330476247,0.9999999995778844,0.5188481600972833,0.48447366812308307,0.7710944988007056,1.0,0.8673219330476247,0.7710944988007056
gRNA_14687,controlsgRNA,-0.11892469439680206,-0.4050949552868099,-0.5020021731392051,0.03452270988358698,-0.08214156267796369,-0.21472813512343877,-0.11892469439680206,-0.2770408463751952,True,-0.3248283920623739,-0.08228587386767527,-0.2750526300001048,4301.1650281785705,-0.737741354337604,-0.8522202462982723,-0.791802397853041,-0.7939213328296391,-0.791802397853041,-0.7939213328296391,True,-0.8462955352203904,-0.8771091603372785,-0.8295976303762598,0.0,0.0,0.0,0.0,True,,,,-0.2312566964908273,-0.5712247236227229,-0.5376942888784702,-0.37155295478836986,-0.3638766897997545,-0.41512107071602894,-0.37155295478836986,-0.41512107071602894,True,-0.8046048164646291,-0.6973752565221015,-0.6618919453417352,controlsgRNA,,,,non-targeting control,,0,0.0,0.0,0.0,0.0,0,0.0,0.0,0.0,0.0,0,0.0,0.0,0.0,0.0,0,0.0,0.0,0.0,0.0,0.9508500165628496,0.19292453576412993,0.9999935409454064,1.0,0.8946246675015062,0.10727022404177328,1.0,0.6019940931299516,0.9999935409454064,0.6019940931299516,0.9071644671288234,0.39685301590818794,0.9999998615455512,0.9999999999999999,0.7874146407547598,0.21495024520465467,0.9901936619524738,1.0,0.9999998615455512,0.9901936619524738,0.5868765730392438,0.7874903919329247,0.8586209784543023,0.9999999995778844,0.38671587046772316,0.6159945281273328,0.6520411089500624,1.0,0.8586209784543023,0.6520411089500624
gRNA_14688,controlsgRNA,-0.515674812794475,0.08244818903486066,0.013700879997309507,-0.82034421345798,-0.4654619596335136,-0.34106638337075973,-0.4654619596335136,,False,-0.5616656403086744,-0.690604944593967,,3464.7976558169003,1.321712330762178,0.42183334616159857,1.070351069304905,0.9379655820762273,1.070351069304905,0.9379655820762273,True,1.5288740820680404,1.7215185010020984,1.5333450176442889,0.0,0.0,0.0,0.0,True,,,,-0.6120983227839989,-0.12077467476530349,-0.13622098655508025,-0.3386511966151697,-0.4238890825892458,-0.32632685266175965,-0.3386511966151697,-0.32632685266175965,True,-0.6331596005383123,-0.635178594533412,-0.5143923858347593,controlsgRNA,,,,non-targeting control,,0,0.0,0.0,0.0,0.0,0,0.0,0.0,0.0,0.0,0,0.0,0.0,0.0,0.0,0,0.0,0.0,0.0,0.0,0.0030618733449691636,0.9995044569882231,0.03837547925694685,1.0,0.0011511628397841318,0.9989746709724676,0.01396249121802689,1.0,0.03837547925694685,0.01396249121802689,0.7645119801618245,0.5541523898042382,0.9999998615455512,0.9999999999999999,0.616858921226083,0.38518270278455596,0.8590331643741007,1.0,0.9999998615455512,0.8590331643741007,0.6802473435409959,0.5743310597696426,0.9233640998622455,0.9999999995778844,0.559489443937947,0.442724382552561,0.792880683084522,1.0,0.9233640998622455,0.792880683084522
gRNA_14689,controlsgRNA,-0.018949118560704206,-0.8542308297503921,-0.4427652855362677,-1.143406009601954,-1.047936924044723,-0.7014576334988083,-0.8542308297503921,-0.7014576334988083,True,-1.237265256074133,-1.3730582952755028,-0.8672372111306191,1799.019261599447,-0.6338155918632684,-0.7544984906338011,-1.3416404670880673,-0.9099848498617122,-0.7544984906338011,-0.9099848498617122,True,-1.0054690568617857,-0.8250517080995183,-0.9879517537973329,0.0,0.0,0.0,0.0,True,,,,-0.1232533850876019,-0.8405953897166462,-0.5847383989731667,-0.3682466574125797,0.1790423818850715,-0.3475582898609846,-0.3682466574125797,-0.4792084577974986,True,-0.6741535798177113,-0.6911251145317074,-0.7683500185317308,controlsgRNA,,,,non-targeting control,,0,0.0,0.0,0.0,0.0,0,0.0,0.0,0.0,0.0,0,0.0,0.0,0.0,0.0,0,0.0,0.0,0.0,0.0,0.9536967182233614,0.08808896481863239,0.9999935409454064,0.770266297018739,0.9430315797660153,0.05899569434960513,1.0,0.4848205365839648,0.770266297018739,0.4848205365839648,0.6457311753928686,0.3500187959366903,0.9093442769577476,0.9999999999999999,0.6656754936466899,0.3385160522409004,0.8951268993230052,1.0,0.9093442769577476,0.8951268993230052,0.9459221960461092,0.0973421641275675,0.9999999963825513,0.9999999995778844,0.9422162921367369,0.05893321781799386,1.0,0.852264996137142,0.9999999963825513,0.852264996137142
gRNA_14690,controlsgRNA,-0.40281746547661995,-0.4961697014250573,-0.8641720149077601,-0.25013656588772304,-0.14618657748760264,-0.43189646503695267,-0.40281746547661995,-0.43189646503695267,True,-0.731938276649934,-0.5806374337532222,-0.4911211561637756,3997.761125344874,-0.6571801786739091,-0.41535401332824057,-0.29722489166523314,-0.45658636122246093,-0.41535401332824057,-0.45658636122246093,True,-0.38366268747826504,-0.3517769563349462,-0.36934633785885707,0.0,0.0,0.0,0.0,True,,,,-0.8017018738792827,-0.1570562674739311,-0.43966661010550306,-0.11224555304835575,-0.3319106923536824,-0.368516199372151,-0.3319106923536824,-0.368516199372151,True,-0.7146194277100829,-0.6224365136094043,-0.5844747649809611,controlsgRNA,,,,non-targeting control,,0,0.0,0.0,0.0,0.0,0,0.0,0.0,0.0,0.0,0,0.0,0.0,0.0,0.0,0,0.0,0.0,0.0,0.0,0.6212189586690602,0.6463059150437851,0.9999935409454064,1.0,0.48792369941022024,0.515326445631864,0.8117793593525356,1.0,0.9999935409454064,0.8117793593525356,0.7932128543754121,0.42252929002306916,0.9999998615455512,0.9999999999999999,0.6973497573442805,0.30607966233333395,0.910428849866144,1.0,0.9999998615455512,0.910428849866144,0.8478718562013282,0.46227401616307906,0.9931458502545153,0.9999999995778844,0.714358832425678,0.28793172751224605,0.9131516786562335,1.0,0.9931458502545153,0.9131516786562335
gRNA_14691,controlsgRNA,-0.429012674553656,-0.7324905385387817,-0.4420954114293516,-0.36124207822956844,-0.47168147770786095,-0.48730443609184376,-0.4420954114293516,-0.48730443609184376,True,-0.8358076240376072,-0.649586796430515,-0.568431354831473,2510.1723248551475,-1.1816064482193367,-0.8936548742310456,-0.9697734317617391,-1.0150115847373737,-0.9697734317617391,-1.0150115847373737,True,-1.149506353715684,-1.125467021162873,-1.1312475711420449,0.0,0.0,0.0,0.0,True,,,,-0.13988206158762542,-0.4895176477954591,-0.1543191812917254,-0.08121930696818776,-0.4651666499493309,-0.26602096951846577,-0.1543191812917254,-0.26602096951846577,True,-0.5167200914836781,-0.28672195612480594,-0.4142159172061544,controlsgRNA,,,,non-targeting control,,0,0.0,0.0,0.0,0.0,0,0.0,0.0,0.0,0.0,0,0.0,0.0,0.0,0.0,0,0.0,0.0,0.0,0.0,0.9896299571056577,0.05663525957105783,0.9999935409454064,0.6297887018552233,0.9742345461120219,0.026633168599175774,1.0,0.3109858315667019,0.6297887018552233,0.3109858315667019,0.6600127241678422,0.6957390316460249,0.925988001071301,0.9999999999999999,0.48022806874114005,0.5227007218365511,0.7108887946719239,1.0,0.925988001071301,0.7108887946719239,0.9103264777954014,0.4304645594058967,0.9999999963825513,0.9999999995778844,0.7744632548312478,0.22733375185292148,0.9406560104884236,1.0,0.9999999963825513,0.9406560104884236
gRNA_14692,controlsgRNA,0.9812466327980753,-0.2924326839087358,-0.3148836699912754,-0.19878370784688074,0.0958306504118922,0.054195444292615136,-0.19878370784688074,,False,0.17930334492958833,-0.22247212719280202,,5961.057279660273,-1.421640757071133,-0.7278340054228505,-1.206500069984156,-1.118658277492713,-1.206500069984156,-1.118658277492713,True,-1.2916510130731291,-1.455818091098869,-1.2726604939662727,0.0,0.0,0.0,0.0,True,,,,-0.10472992504753943,-0.3312178163106521,-0.5798343765616061,-0.3146049126230967,-0.08226076405969697,-0.2825295589205183,-0.3146049126230967,-0.2825295589205183,True,-0.5485951249790344,-0.5897220997872671,-0.441638982786799,controlsgRNA,,,,non-targeting control,,0,0.0,0.0,0.0,0.0,0,0.0,0.0,0.0,0.0,0,0.0,0.0,0.0,0.0,0,0.0,0.0,0.0,0.0,0.989489472488569,0.023347713899929252,0.9999935409454064,0.337643862552823,0.9879912182487742,0.012767300626101923,1.0,0.19202020141657292,0.337643862552823,0.19202020141657292,0.6942043404338155,0.6478190198375502,0.9561202637476727,0.9999999999999999,0.5253749689719334,0.4769178791353413,0.7656627454784765,1.0,0.9561202637476727,0.7656627454784765,0.1594711983390861,0.9109101825406167,0.36561689375302664,0.9999999995778844,0.11638440867346583,0.8866071859140083,0.2805162670591228,1.0,0.36561689375302664,0.2805162670591228
gRNA_14693,controlsgRNA,-0.17784840597128937,-0.4116696561439413,-0.2118451844877175,-1.2701981662090596,0.5442295797557518,-0.30546636661125115,-0.2118451844877175,-0.5178903532030019,True,-0.4949288434651818,-0.24540052805912613,-0.6111075850430939,1699.489938976753,-0.6731989208495114,-0.5945784419841976,-0.7290169382960782,-0.6655981003765957,-0.6731989208495114,-0.6655981003765957,True,-0.6703086158138911,-0.7115984859980733,-0.6545166617024871,0.0,0.0,0.0,0.0,True,,,,-0.33841061364748537,-0.20604998042372788,-0.48425105756510256,-0.5393531901227185,-0.5828158355405159,-0.4301761354599101,-0.48425105756510256,-0.4301761354599101,True,-0.833673362619536,-0.9104169355798645,-0.6869005040827365,controlsgRNA,,,,non-targeting control,,0,0.0,0.0,0.0,0.0,0,0.0,0.0,0.0,0.0,0,0.0,0.0,0.0,0.0,0,0.0,0.0,0.0,0.0,0.8665040279691761,0.3711655107225237,0.9999935409454064,1.0,0.7626904108487693,0.23936418712632612,1.0,0.9058995776386524,0.9999935409454064,0.9058995776386524,0.9138610589679712,0.3615517775607772,0.9999998615455512,0.9999999999999999,0.8079733554556464,0.19418661702043732,1.0,0.9482359480478497,0.9999998615455512,0.9482359480478497,0.5017691908991627,0.401558930704045,0.7796083296615091,0.9999999995778844,0.5479171834011552,0.45651551993511147,0.7913667348369521,1.0,0.7796083296615091,0.7913667348369521
gRNA_14694,controlsgRNA,0.3460200863497002,0.4517082237823476,-0.22491565012873976,-0.06044205523669801,-0.28925423341080786,0.04462327427116045,-0.06044205523669801,,False,0.1613590846673353,0.020375825973449536,,7936.660823332242,-0.38979730399754337,-0.6017780384458273,-0.2477455247833995,-0.4131069557422567,-0.38979730399754337,-0.4131069557422567,True,-0.3240335269450218,-0.3161126714245732,-0.31002413810348955,0.0,0.0,0.0,0.0,True,,,,0.36929719672513744,0.34459845527700456,0.22135848382859874,-0.13648022550323582,-0.011014804047974353,0.1575518212559061,0.22135848382859874,,False,0.3011206437142055,0.4234497201481474,,controlsgRNA,,,,non-targeting control,,0,0.0,0.0,0.0,0.0,0,0.0,0.0,0.0,0.0,0,0.0,0.0,0.0,0.0,0,0.0,0.0,0.0,0.0,0.5666818947779217,0.6992644710819129,0.9899855961745024,1.0,0.4309153148178718,0.5723118912981643,0.7565537256300797,1.0,0.9899855961745024,0.7565537256300797,0.03499628349145012,0.996158454778158,0.09972656421231903,0.9999999999999999,0.011373890885986825,0.9890106936680665,0.035343660934967325,1.0,0.09972656421231903,0.035343660934967325,0.20112289502197003,0.9471246245580671,0.4262544108368322,0.9999999995778844,0.1053241819054872,0.8960366584348531,0.26175514710827663,1.0,0.4262544108368322,0.26175514710827663
gRNA_14695,controlsgRNA,-0.9797457199325817,0.643172803961292,0.17815454308640297,-0.07525373438881455,-0.4104831633381999,-0.12883105412238025,-0.07525373438881455,,False,-0.1638032980872272,-0.005624918539718038,,2643.413192237141,-0.09569890947837108,-0.05546438954424645,0.5106720422694961,0.11983624774895955,-0.05546438954424645,-0.07558164951130876,True,0.4068632156644714,0.15044756376406476,0.15048684215450978,0.0,0.0,0.0,0.0,True,,,,-0.040304269484568445,-0.0640900090832942,0.02312856574500644,-0.06764269753309536,0.28202925072464996,0.026624168073739678,-0.040304269484568445,,False,0.0483235555431793,-0.07119101416085388,,controlsgRNA,,,,non-targeting control,,0,0.0,0.0,0.0,0.0,0,0.0,0.0,0.0,0.0,0,0.0,0.0,0.0,0.0,0,0.0,0.0,0.0,0.0,0.10137339967406349,0.9719587601981893,0.34969172731603554,1.0,0.05542979199022992,0.94592480475849,0.192977794336356,1.0,0.34969172731603554,0.192977794336356,0.12650928769240188,0.9859359256569071,0.288287831347534,0.9999999999999999,0.048261177345904446,0.9526334229349941,0.11707227536812949,1.0,0.288287831347534,0.11707227536812949,0.27960122692974826,0.6856629091582737,0.5376583869400785,0.9999999995778844,0.2755417035181341,0.7276736864175806,0.5128895075387051,1.0,0.5376583869400785,0.5128895075387051
gRNA_14696,controlsgRNA,-0.21535410525592474,-0.5769313997088755,0.06614872220447664,-0.8716763443708868,0.8351065688544527,-0.15254131165535154,-0.21535410525592474,,False,-0.20825121649058462,-0.25156016407838644,,3057.048495394896,0.09287329158919884,-0.3386413019075026,-0.31649234181007996,-0.18742011737612793,-0.31649234181007996,-0.32756682185879127,True,-0.01451879079479821,-0.21381589201652987,-0.19331534566965197,0.0,0.0,0.0,0.0,True,,,,0.13321584647699278,-0.3571131237008161,-0.2513651307091438,-0.4032646261281051,-0.031512242574976174,-0.1820078553272097,-0.2513651307091438,-0.2608137807782603,True,-0.354506303032284,-0.4701751953563541,-0.4055660516824717,controlsgRNA,,,,non-targeting control,,0,0.0,0.0,0.0,0.0,0,0.0,0.0,0.0,0.0,0,0.0,0.0,0.0,0.0,0,0.0,0.0,0.0,0.0,0.3114549886739185,0.8812931839875302,0.6979210753720227,1.0,0.20306751136127316,0.8000266250271815,0.4544844301895161,1.0,0.6979210753720227,0.4544844301895161,0.4489912368196396,0.8182167335662156,0.737208318970238,0.9999999999999999,0.3005608410354838,0.7018051772434507,0.5067752297279906,1.0,0.737208318970238,0.5067752297279906,0.2802687336177005,0.6409143972524846,0.5376583869400785,0.9999999995778844,0.3146180082775739,0.6895126690465884,0.5687325534248451,1.0,0.5376583869400785,0.5687325534248451
gRNA_14697,controlsgRNA,0.7260301616205453,0.4008710649971665,-0.7691458978194472,-1.0719031457473824,-0.7710939093993886,-0.2970483452697013,-0.7691458978194472,,False,-0.479148182914084,-1.223698350711714,,1246.2569483239477,-1.0603902745454776,-0.9330720991456765,-0.6244043788869947,-0.8726222508593829,-0.9330720991456765,-0.8726222508593829,True,-0.9542286962992793,-1.0742504593562472,-0.9369751698970541,0.0,0.0,0.0,0.0,True,,,,-0.2817002937475605,0.03343211989397686,-0.31816371978165947,-0.5873803343298386,0.5562746666789077,-0.11950751225723481,-0.2817002937475605,,False,-0.23382969764169773,-0.5275200299983224,,controlsgRNA,,,,non-targeting control,,0,0.0,0.0,0.0,0.0,0,0.0,0.0,0.0,0.0,0,0.0,0.0,0.0,0.0,0,0.0,0.0,0.0,0.0,0.9558161130650704,0.13740891086996562,0.9999935409454064,0.9064166752124048,0.9224445728589122,0.07960873254696638,1.0,0.5230802890570301,0.9064166752124048,0.5230802890570301,0.2291911106691451,0.7591834044080659,0.4410084667627173,0.9999999999999999,0.2258176622616868,0.7779652662466028,0.40432114766854405,1.0,0.4410084667627173,0.40432114766854405,0.32441877148256393,0.33916720787111476,0.6038686043437823,0.9999999995778844,0.5145527403198698,0.49239429445311506,0.7710944988007056,1.0,0.6038686043437823,0.7710944988007056
gRNA_14698,controlsgRNA,-0.1435958136739505,-0.17951888781620087,0.14270546026754402,-1.0081102413257321,-1.4675405306756841,-0.5312120026448047,-0.17951888781620087,-0.6996913683728919,True,-0.9181179883481643,-0.18865424209242954,-0.8647727587208902,4705.168461405097,-1.4942529978306311,-1.356676917065391,-1.4892102765672084,-1.44671339715441,-1.4892102765672084,-1.44671339715441,True,-1.741557150887407,-1.85033904542759,-1.7202505914942292,0.0,0.0,0.0,0.0,True,,,,-0.7340641046486986,-0.7441747532474452,-0.49341070850002405,-0.9230098473251765,-1.839085033739816,-0.946748889492232,-0.7441747532474452,-0.946748889492232,True,-1.831079830038338,-1.4017701987733753,-1.5449997738629426,controlsgRNA,,,,non-targeting control,,0,0.0,0.0,0.0,0.0,0,0.0,0.0,0.0,0.0,0,0.0,0.0,0.0,0.0,0,0.0,0.0,0.0,0.0,0.999933895622288,0.0011533372724197499,0.9999935409454064,0.0748221550266653,0.9997192277644742,0.000354627179860959,1.0,0.026667963925544116,0.0748221550266653,0.026667963925544116,0.9993558400484457,0.0025083273018626988,0.9999998615455512,0.11789138318754684,0.99929453072348,0.0008518522686882269,1.0,0.04003705662834667,0.11789138318754684,0.04003705662834667,0.7546088683036982,0.17208524068417427,0.946915991808892,0.9999999995778844,0.809244639801908,0.193108405574062,0.9628986853339158,1.0,0.946915991808892,0.9628986853339158
gRNA_14699,controlsgRNA,0.37808489211644986,-0.06647898379394646,0.35805260293979385,-0.1780330685047309,-0.33360119123084175,0.03160485030534492,-0.06647898379394646,,False,0.13695437943086847,0.009778469964773611,,1723.0345099197557,0.07762838804640246,-0.31680602947198977,0.48733150670637887,0.08271795509359718,0.07762838804640246,0.28247994737639065,True,0.35595790527621846,0.3361779986993796,0.6390170173191358,0.0,0.0,0.0,0.0,True,,,,-0.33001091270233324,-0.23638069624696378,-0.6581344620965449,-0.49361462435416303,-0.4811646063518313,-0.43986106035036726,-0.4811646063518313,-0.43986106035036726,True,-0.8523731617219928,-0.9045823852848356,-0.7029885128123983,controlsgRNA,,,,non-targeting control,,0,0.0,0.0,0.0,0.0,0,0.0,0.0,0.0,0.0,0,0.0,0.0,0.0,0.0,0,0.0,0.0,0.0,0.0,0.11774848622998131,0.9545069219154707,0.3862135066673369,1.0,0.07144723003480392,0.9300412132535414,0.22028862913610492,1.0,0.3862135066673369,0.22028862913610492,0.9210059101634888,0.33563989156767016,0.9999998615455512,0.9999999999999999,0.8229611835002864,0.17856803274049027,1.0,0.9224497810128774,0.9999998615455512,0.9224497810128774,0.23167042807228722,0.9413084569908774,0.475521650701498,0.9999999995778844,0.12112509786095199,0.8802420062173753,0.2864341936837607,1.0,0.475521650701498,0.2864341936837607
gRNA_14700,controlsgRNA,-0.09644296690671264,1.1346484797956584,-1.0190947695825932,-0.6117458834102648,-0.06301997634369988,-0.13113102328952242,-0.09644296690671264,-0.44757589906081763,True,-0.16811488524435592,-0.042820959276884805,-0.5129985167006049,2726.8893983077874,-0.42862627470016657,-0.57814830465919,-0.5959111832664703,-0.5342285875419422,-0.57814830465919,-0.5342285875419422,True,-0.4901439221278654,-0.5789557340360133,-0.4752794252207058,0.0,0.0,0.0,0.0,True,,,,-0.17075791507895596,0.4373741634743507,-0.7468096414372968,-0.3439915617610559,-0.243996071560117,-0.21363620527261498,-0.243996071560117,-0.37638879745935644,True,-0.4155747983082824,-0.45624490996996375,-0.5975522465499586,controlsgRNA,,,,non-targeting control,,0,0.0,0.0,0.0,0.0,0,0.0,0.0,0.0,0.0,0,0.0,0.0,0.0,0.0,0,0.0,0.0,0.0,0.0,0.7368308886440222,0.5539574072419104,0.9999935409454064,1.0,0.5987654508492285,0.40370343670849446,0.9005432380772397,1.0,0.9999935409454064,0.9005432380772397,0.4011203491542043,0.5955536752698383,0.6803145042269584,0.9999999999999999,0.4027366778873478,0.6017056126990821,0.623164571545855,1.0,0.6803145042269584,0.623164571545855,0.19746130275739107,0.5630010706678015,0.4226064596044167,0.9999999995778844,0.3073215548871514,0.6998148032252989,0.5582265924520239,1.0,0.4226064596044167,0.5582265924520239
gRNA_14701,controlsgRNA,-1.4998183701652092,-1.0682409524331524,-1.4326077541546929,-0.9986778935925861,-2.3825213338365216,-1.4763732608364326,-1.4326077541546929,-1.4763732608364326,True,-2.6899439764757385,-2.3883537583559966,-1.9484693869275822,2066.036100248502,-0.7431442246787331,-0.4578655005374827,-0.7225356114639044,-0.6411817788933734,-0.7225356114639044,-0.6411817788933734,True,-0.6368232280245569,-0.7804476389871541,-0.6212036509949593,0.0,0.0,0.0,0.0,True,,,,-2.2422897545850073,-1.591158541707172,-1.1953263296249645,-0.8550641638449562,-0.882803235958323,-1.3533284051440846,-1.1953263296249645,-1.3533284051440846,True,-2.6161096932389594,-2.2546158720624443,-2.220384959715417,controlsgRNA,,,,non-targeting control,,0,0.0,0.0,0.0,0.0,0,0.0,0.0,0.0,0.0,0,0.0,0.0,0.0,0.0,0,0.0,0.0,0.0,0.0,0.8437037082466969,0.37725587378652237,0.9999935409454064,1.0,0.7475368897005644,0.2551935764273733,1.0,0.9499814779452691,0.9999935409454064,0.9499814779452691,0.9999990265524107,7.546812394358491e-06,0.9999998615455512,0.0028376014602787924,1.0,1.2177044267198994e-06,1.0,0.00036321617885915484,0.0028376014602787924,0.00036321617885915484,0.9999863814454703,0.000301746771600023,0.9999999963825513,0.03781892870720289,0.9999557637099725,5.251625054686697e-05,1.0,0.006582036735207328,0.03781892870720289,0.006582036735207328
gRNA_14702,controlsgRNA,-0.8399171072426059,0.5860777356484321,0.21957302181991614,0.13844991650339009,0.19890587106299687,0.060617887558425856,0.19890587106299687,0.2857516362586838,True,0.19134303846020403,0.47564083019645775,0.5102062021272814,4121.9052266807075,-0.2821497748958452,-0.3380416822620849,-0.5732398490504619,-0.3978104354027973,-0.3380416822620849,-0.3978104354027973,True,-0.30305534987825117,-0.24388790980122188,-0.28915395312470477,0.0,0.0,0.0,0.0,True,,,,-0.44941462639298313,0.28231917141460877,-0.07188788171756554,-0.08143612890212935,-0.061452438214390455,-0.07637438076249195,-0.07188788171756554,-0.16604776880676714,True,-0.1505475965686893,-0.13089588598249535,-0.2481465109925025,controlsgRNA,,,,non-targeting control,,0,0.0,0.0,0.0,0.0,0,0.0,0.0,0.0,0.0,0,0.0,0.0,0.0,0.0,0,0.0,0.0,0.0,0.0,0.5507523748460303,0.7203075092248188,0.9814355115739687,1.0,0.4110754919387702,0.591861421605064,0.7436171472678489,1.0,0.9814355115739687,0.7436171472678489,0.24035945788137328,0.9182441621973513,0.45644018264341596,0.9999999999999999,0.13970707576774682,0.862250140882155,0.27873357998123316,1.0,0.45644018264341596,0.27873357998123316,0.13540783497920134,0.8868090625766161,0.3325897391199359,0.9999999995778844,0.09679277035706213,0.904724309870075,0.24927453187846138,1.0,0.3325897391199359,0.24927453187846138
gRNA_14703,controlsgRNA,-0.13822624369654896,0.6123419858433171,2.130262193800565,0.312169659455597,0.40465203552481227,0.6642399261855486,0.40465203552481227,0.8648564686560729,True,1.3229099597413159,0.8368121330444124,1.3182254959164847,1443.710281914131,-0.756353649636668,-0.739147433374242,-1.0443889727377982,-0.8466300185829029,-0.756353649636668,-0.8466300185829029,True,-0.9185820499407584,-0.827640575014118,-0.9015120264119095,0.0,0.0,0.0,0.0,True,,,,-0.26691485135868964,0.09060585845337686,0.14309702786193076,0.08988158178506123,-0.1450742709145524,-0.017680930834574636,0.08988158178506123,,False,-0.03722139789433289,0.17490906792297858,,controlsgRNA,,,,non-targeting control,,0,0.0,0.0,0.0,0.0,0,0.0,0.0,0.0,0.0,0,0.0,0.0,0.0,0.0,0,0.0,0.0,0.0,0.0,0.959158731489544,0.1514046259635332,0.9999935409454064,0.9488023227048081,0.9173311643288363,0.08425933612171604,1.0,0.5230802890570301,0.9488023227048081,0.5230802890570301,0.15993557207413325,0.9725079690064985,0.3451485095630894,0.9999999999999999,0.07008784432511353,0.9309659941892826,0.15780257165414782,1.0,0.3451485095630894,0.15780257165414782,0.0012101553363906745,0.9977351881221472,0.011564432762894252,0.9999999995778844,0.0008614338200424765,1.0,0.006891470560339812,1.0,0.011564432762894252,0.006891470560339812
gRNA_14704,controlsgRNA,0.34257478890769216,-0.6334772534717239,0.39520420289514446,0.7019519229835155,-1.2321338857046324,-0.08517604487800083,0.34257478890769216,,False,-0.08196638484013481,0.7278403809023203,,3449.2796431499214,0.723379451830106,0.7327663092242884,0.8847404223401673,0.7802953944648539,0.7327663092242884,0.7802953944648539,True,1.3126397333103121,1.2504203283412845,1.3182238065411,0.0,0.0,0.0,0.0,True,,,,-0.581656733391388,-0.6313571065829228,-0.898332555492778,0.0018734660307619863,-0.6468949243102796,-0.5512735707493213,-0.6313571065829228,-0.689560329944342,True,-1.0674901177671199,-1.188502536935527,-1.1177737666429437,controlsgRNA,,,,non-targeting control,,0,0.0,0.0,0.0,0.0,0,0.0,0.0,0.0,0.0,0,0.0,0.0,0.0,0.0,0,0.0,0.0,0.0,0.0,0.006161966235439578,0.9995247100090257,0.052656802375574574,1.0,0.002153542808119188,0.9980895880804115,0.018830978973321272,1.0,0.052656802375574574,0.018830978973321272,0.9350171443438036,0.0913808825759294,0.9999998615455512,0.7635380410788767,0.9431036763199363,0.05809230441969826,1.0,0.4853001636045316,0.7635380410788767,0.4853001636045316,0.1477534785774049,0.5157420432629399,0.35161587307027997,0.9999999995778844,0.24109538547752973,0.7646658837597973,0.47963949703466235,1.0,0.35161587307027997,0.47963949703466235
gRNA_14705,controlsgRNA,-0.5812910270488655,-0.3419744041002731,-0.19086769379560514,0.4341499269475648,0.09609384136194847,-0.11677787132704609,-0.19086769379560514,,False,-0.14120806120956908,-0.20857618353941484,,2718.3277361466958,-1.0634065242629518,-0.8231311234217304,-1.0847064279252863,-0.9904146918699895,-1.0634065242629518,-0.9904146918699895,True,-1.1157733240845404,-1.2561316245275762,-1.0976881934107952,0.0,0.0,0.0,0.0,True,,,,-0.514966955051845,-0.5200535672460125,-0.37465485803818305,-0.18380391070408975,-0.28171697842505183,-0.3750392538930364,-0.37465485803818305,-0.3750392538930364,True,-0.7272142397973836,-0.7032390169611226,-0.5953104667817533,controlsgRNA,,,,non-targeting control,,0,0.0,0.0,0.0,0.0,0,0.0,0.0,0.0,0.0,0,0.0,0.0,0.0,0.0,0,0.0,0.0,0.0,0.0,0.9864505509936067,0.07025588248722157,0.9999935409454064,0.6604052953798828,0.9671347030280925,0.03388212048664129,1.0,0.3352546658678191,0.6604052953798828,0.3352546658678191,0.8629487604255701,0.48143823031328403,0.9999998615455512,0.9999999999999999,0.7176739452083514,0.28502882833510346,0.9209740730318775,1.0,0.9999998615455512,0.9209740730318775,0.37255235481860616,0.8301212177831121,0.6545779692139996,0.9999999995778844,0.25630835460737855,0.745778147117717,0.4896906701161371,1.0,0.6545779692139996,0.4896906701161371
gRNA_14706,controlsgRNA,0.42686383244991294,-0.3850461807259926,-0.8542091724591426,-0.3099235965435258,-1.839256823273837,-0.5923143881105171,-0.3850461807259926,-0.8471089432506246,True,-1.0326622458136854,-0.5494413330460458,-1.0704630553321322,2251.7171483671837,-0.2502004872079669,-0.28924390166008107,-0.3355345615033091,-0.29165965012378575,-0.28924390166008107,-0.29165965012378575,True,-0.15747649142274966,-0.17579080356331717,-0.14432450987535636,0.0,0.0,0.0,0.0,True,,,,-0.15937190507567342,-0.7948801666718357,-1.1568662791563296,-1.1427230464782798,0.7177238780790018,-0.5072235038606234,-0.7948801666718357,-0.8134603493455297,True,-0.9824375840009487,-1.497622446034812,-1.3235889501654958,controlsgRNA,,,,non-targeting control,,0,0.0,0.0,0.0,0.0,0,0.0,0.0,0.0,0.0,0,0.0,0.0,0.0,0.0,0,0.0,0.0,0.0,0.0,0.42250681768323356,0.8408430049483061,0.8185780624186237,1.0,0.27940112961620867,0.7234929544758355,0.5647709353455427,1.0,0.8185780624186237,0.5647709353455427,0.4016750530276191,0.021343700191173,0.6803145042269584,0.4012615635940524,0.9052781129610797,0.10045996045490224,1.0,0.6512576746731593,0.4012615635940524,0.6512576746731593,0.7026968616429503,0.11842489286415506,0.9270667367640327,0.9999999995778844,0.8356835696065594,0.17000844984573787,0.9758292614039327,1.0,0.9270667367640327,0.9758292614039327
gRNA_14707,controlsgRNA,-1.5498750148351326,-1.0849199170151187,-0.4506684070352512,-1.424193491784913,-1.6220833489182738,-1.2263480359177379,-1.424193491784913,-1.2263480359177379,True,-2.221239628557398,-2.3735831787413186,-1.5996116424118911,6026.339953638599,-0.8557073512389689,-0.6824164687171854,-0.9656180479136245,-0.8345806226232595,-0.8557073512389689,-0.8345806226232595,True,-0.902057091559409,-0.966288265332705,-0.885072135706069,0.0,0.0,0.0,0.0,True,,,,-0.93870944464023,-0.8835204140463346,-0.19354999567855594,-0.6885103748218668,-1.3014342598597564,-0.8011448978093487,-0.8835204140463346,-0.8011448978093487,True,-1.5499454460568427,-1.6651857560416372,-1.3031312704142537,controlsgRNA,,,,non-targeting control,,0,0.0,0.0,0.0,0.0,0,0.0,0.0,0.0,0.0,0,0.0,0.0,0.0,0.0,0,0.0,0.0,0.0,0.0,0.9562171855846298,0.16042282594442192,0.9999935409454064,0.9589993305088023,0.9120221180022321,0.08970114000373808,1.0,0.5353591847842145,0.9589993305088023,0.5353591847842145,0.9934366096509014,0.0038670731380326564,0.9999998615455512,0.13218359090002535,0.9980734775575932,0.002120736564576672,1.0,0.0821486051110982,0.13218359090002535,0.0821486051110982,0.9993641317675145,0.0016423382700490072,0.9999999963825513,0.10291986492307112,0.9995598299591268,0.0004889321371933197,1.0,0.036111179539094526,0.10291986492307112,0.036111179539094526
gRNA_14708,controlsgRNA,0.13101172162695204,1.116140413770676,-0.680511972723291,-0.1606544152888738,-0.121712393643652,0.05685467074836224,-0.121712393643652,,False,0.1842884059461856,-0.08717946190401464,,4234.8121464301075,0.7248597359520645,0.53539742143214,0.7107280698056222,0.6569950757299422,0.7107280698056222,0.6569950757299422,True,1.1435414115084759,1.2196660540182496,1.1499959741429981,0.0,0.0,0.0,0.0,True,,,,0.10199512038327607,0.21528505525073782,-0.21851524490106017,0.08350811659125641,-0.05100936895416325,0.026252735674009375,0.08350811659125641,,False,0.04760638826169176,0.16286082848638075,,controlsgRNA,,,,non-targeting control,,0,0.0,0.0,0.0,0.0,0,0.0,0.0,0.0,0.0,0,0.0,0.0,0.0,0.0,0,0.0,0.0,0.0,0.0,0.010781028728310216,0.9990017194083902,0.07648427928008757,1.0,0.00398548275814236,0.9963012212719302,0.028727243418796358,1.0,0.07648427928008757,0.028727243418796358,0.11695093810276613,0.984938641380206,0.2681314190648784,0.9999999999999999,0.04540932054102236,0.9554785498337739,0.11086950989236628,1.0,0.2681314190648784,0.11086950989236628,0.13232024567229708,0.8632178017925239,0.3294861746541967,0.9999999995778844,0.12281640199411353,0.8808101984045464,0.2868258829179297,1.0,0.3294861746541967,0.2868258829179297
gRNA_14709,controlsgRNA,0.043362376512493014,-0.526260643340732,-0.18130291429822132,-0.2845401946887429,1.274368844197639,0.06512549367648716,-0.18130291429822132,,False,0.1997931241942562,-0.19178596107495355,,3211.6935181796193,-0.41588376942806143,-0.676722822251243,-0.4288258256179063,-0.5071441390990702,-0.4288258256179063,-0.5071441390990702,True,-0.4529993727413824,-0.37057681611112636,-0.43832608965765335,0.0,0.0,0.0,0.0,True,,,,1.193123509291028,0.1242770620886991,0.6380316957182811,-0.2078933183383981,-0.009597627197834434,0.3475882643123551,0.1242770620886991,,False,0.6680458751945856,0.2399294249240378,,controlsgRNA,,,,non-targeting control,,0,0.0,0.0,0.0,0.0,0,0.0,0.0,0.0,0.0,0,0.0,0.0,0.0,0.0,0,0.0,0.0,0.0,0.0,0.6965339940241326,0.5831345083184765,0.9999935409454064,1.0,0.561782737328206,0.44176285877236143,0.8656979886696946,1.0,0.9999935409454064,0.8656979886696946,0.0018136465147961048,0.9957354973444832,0.008118227256706374,0.9999999999999999,0.0013512307906008087,0.9991199963202615,0.005131947245110143,1.0,0.008118227256706374,0.005131947245110143,0.09424247165665214,0.8728200283825773,0.2586508711160672,0.9999999995778844,0.1058159105331331,0.8989711295763292,0.26175514710827663,1.0,0.2586508711160672,0.26175514710827663
gRNA_14710,controlsgRNA,-0.034804895681998835,-1.1888893541590881,-0.37310796306812943,-0.3659097577747784,-0.09342624598891561,-0.411227643334582,-0.3659097577747784,-0.411227643334582,True,-0.6931919197517437,-0.5158488389783265,-0.4622821519263801,2014.1310233968823,-0.7406679332847117,-0.5875445859318674,-1.0020870300512534,-0.7767665164226109,-0.7406679332847117,-0.7767665164226109,True,-0.8227688266521527,-0.805751221038193,-0.8061920333027737,0.0,0.0,0.0,0.0,True,,,,0.2086713843747199,-1.1518065117967347,-0.6873126844860542,-0.8708236575257706,1.7162764867615796,-0.15699899653445196,-0.6873126844860542,,False,-0.30621882114720683,-1.2942795640142095,,controlsgRNA,,,,non-targeting control,,0,0.0,0.0,0.0,0.0,0,0.0,0.0,0.0,0.0,0,0.0,0.0,0.0,0.0,0,0.0,0.0,0.0,0.0,0.9243363365367111,0.21112038576038297,0.9999935409454064,1.0,0.871146713984944,0.13108423501799354,1.0,0.6400996411268256,0.9999935409454064,0.6400996411268256,0.046342431256167216,0.07262441766548286,0.1253579435418624,0.6834725354335134,0.5568625960540036,1.0,0.7986508906467341,1.0,0.1253579435418624,0.7986508906467341,0.7582052508146891,0.3939353397499628,0.946915991808892,0.9999999995778844,0.685259985849347,0.31836909992876694,0.8977622114263222,1.0,0.946915991808892,0.8977622114263222
gRNA_14711,controlsgRNA,0.4737882260931732,-0.11188057123267618,-0.331103536664623,-0.704946768907112,-0.12667590714861282,-0.16016371157197015,-0.12667590714861282,-0.318651695988256,True,-0.22254038264833262,-0.09589252172692485,-0.3331118404182317,2502.145766579124,0.94886865010353,0.41963945995175406,0.7024772975935765,0.6903284692162869,0.7024772975935765,0.6903284692162869,True,1.1892559802649407,1.2081521346363226,1.1954752120737353,0.0,0.0,0.0,0.0,True,,,,0.25246866265980794,0.08260598192519138,-0.05147507423927707,-0.6410389128516741,-0.3036544012894728,-0.13221874875908496,-0.05147507423927707,,False,-0.25837274486373923,-0.09230802449850176,,controlsgRNA,,,,non-targeting control,,0,0.0,0.0,0.0,0.0,0,0.0,0.0,0.0,0.0,0,0.0,0.0,0.0,0.0,0,0.0,0.0,0.0,0.0,0.010474099248319137,0.9987248927535759,0.07573579456476914,1.0,0.004049318886160125,0.9961775307480162,0.028727243418796358,1.0,0.07573579456476914,0.028727243418796358,0.2718646857764389,0.789986818183366,0.5035523243937982,0.9999999999999999,0.2179865594360465,0.7842661240793343,0.3940526266728533,1.0,0.5035523243937982,0.3940526266728533,0.4220850350180373,0.7700175621352512,0.7022299697645222,0.9999999995778844,0.31693212294554274,0.6858666569857994,0.5701745369737994,1.0,0.7022299697645222,0.5701745369737994
gRNA_14712,controlsgRNA,-0.35784965659096096,-0.8043655701599876,-0.739769738527696,-0.20250437200398785,0.36202007079778303,-0.3484938532969698,-0.35784965659096096,-0.526122334320658,True,-0.5755893852011326,-0.5016999616310359,-0.6225935875715793,2018.9469583624964,-0.3709410318542273,-0.41945974312977474,-0.8324677931599467,-0.5409561893813163,-0.41945974312977474,-0.5409561893813163,True,-0.49937038798343975,-0.3575064857321853,-0.4844583947991107,0.0,0.0,0.0,0.0,True,,,,-0.23433838898244688,-0.4550734106453203,-0.9921388740509037,0.13460902173910946,-0.20862187513140334,-0.351112705414193,-0.23433838898244688,-0.47254313720251856,True,-0.6810164989960662,-0.43798826800829865,-0.757277992973361,controlsgRNA,,,,non-targeting control,,0,0.0,0.0,0.0,0.0,0,0.0,0.0,0.0,0.0,0,0.0,0.0,0.0,0.0,0,0.0,0.0,0.0,0.0,0.7126355392078104,0.4864328416924584,0.9999935409454064,1.0,0.618825005269466,0.3839984409613526,0.9124899768611988,1.0,0.9999935409454064,0.9124899768611988,0.6357890311635841,0.3237363366281618,0.9021006630849344,0.9999999999999999,0.6587538941209108,0.34545537531605597,0.894193011514305,1.0,0.9021006630849344,0.894193011514305,0.6653452681117558,0.5090531813241874,0.9133297617718211,0.9999999995778844,0.5926530995944086,0.41045336457569853,0.813275786304736,1.0,0.9133297617718211,0.813275786304736
gRNA_14713,controlsgRNA,0.6614042794780456,-1.0221198672872869,-0.7591774228277948,-0.334173767485677,-0.8783089737780749,-0.4664751503801575,-0.7591774228277948,-0.7484450078447085,True,-0.7967604567756822,-1.2061994723750997,-0.9327982337848559,3341.7237622512034,-0.7501195814271439,-0.47997563511560626,-0.4624328104502922,-0.5641760089976807,-0.47997563511560626,-0.5641760089976807,True,-0.5312148517281782,-0.4419561691973286,-0.5161389286599684,0.0,0.0,0.0,0.0,True,,,,-0.09500629589962634,-0.7259590620798732,-0.2716693687648926,-0.2616285046717321,-0.5166587975343866,-0.37418440579010215,-0.2716693687648926,-0.37418440579010215,True,-0.7255636861824829,-0.5085578199153038,-0.5938904450574658,controlsgRNA,,,,non-targeting control,,0,0.0,0.0,0.0,0.0,0,0.0,0.0,0.0,0.0,0,0.0,0.0,0.0,0.0,0,0.0,0.0,0.0,0.0,0.7710503497761686,0.4785824675342192,0.9999935409454064,1.0,0.6555601841495136,0.3468627232687841,0.9480408816931426,1.0,0.9999935409454064,0.9480408816931426,0.8178783095970243,0.4274455846382362,0.9999998615455512,0.9999999999999999,0.7120432219571009,0.2906303593510394,0.9200283555184534,1.0,0.9999998615455512,0.9200283555184534,0.6312228709795852,0.23280972036177058,0.8956218848616001,0.9999999995778844,0.757344610787987,0.24661974853045165,0.9336122085751709,1.0,0.8956218848616001,0.9336122085751709
gRNA_14714,controlsgRNA,-0.11870803998945634,-0.3178297142863487,-1.6393207617878631,-1.1366740387436736,-0.1667112793859255,-0.6758487668386535,-0.3178297142863487,-0.6758487668386535,True,-1.1892581513798814,-0.43144808238038135,-0.8315054106070126,3348.6801127570907,-0.6470877649884669,-0.5008774128610995,-0.9816826478330364,-0.7098826085608675,-0.6470877649884669,-0.7098826085608675,True,-0.731041922042237,-0.675160473188306,-0.7149373231986902,0.0,0.0,0.0,0.0,True,,,,-0.2866550728773291,-0.48502510465783866,-0.8436904123626294,-0.10805833586471071,-0.6198230462054205,-0.4686503943935857,-0.48502510465783866,-0.4686503943935857,True,-0.9079600422596174,-0.911880174873546,-0.7508116051592285,controlsgRNA,,,,non-targeting control,,0,0.0,0.0,0.0,0.0,0,0.0,0.0,0.0,0.0,0,0.0,0.0,0.0,0.0,0,0.0,0.0,0.0,0.0,0.8754991230311374,0.28138821174513445,0.9999935409454064,1.0,0.810679676964567,0.19180550346117903,1.0,0.8046360460836547,0.9999935409454064,0.8046360460836547,0.9064691462738674,0.21927222081051628,0.9999998615455512,0.9999999999999999,0.8643401545700032,0.1378591455566736,1.0,0.8227783925287186,0.9999998615455512,0.8227783925287186,0.8867677252749778,0.08691728232154174,0.9999999963825513,0.9999999995778844,0.9170204766522861,0.08536219248226051,1.0,0.9440054227449985,0.9999999963825513,0.9440054227449985
gRNA_14715,controlsgRNA,-0.830407525678227,-0.4451237602201047,-0.7175629158653837,0.2432666939036639,-0.560904385274324,-0.4621463786268751,-0.560904385274324,-0.6384996467595098,True,-0.788645618992537,-0.8581466594338469,-0.7793925496159152,2360.8783409211064,0.2525583251888906,0.0783742409955982,0.19435354807493188,0.1750953714198069,0.19435354807493188,0.1750953714198069,True,0.4826474891590919,0.49906748926716976,0.49250422131408866,0.0,0.0,0.0,0.0,True,,,,-0.7843830152917366,-0.49436514888589356,-0.9047016795725467,-0.02198730838734333,-0.8972085902821353,-0.620529148483931,-0.7843830152917366,-0.620529148483931,True,-1.20120983216964,-1.4777788932132507,-1.0031033626372048,controlsgRNA,,,,non-targeting control,,0,0.0,0.0,0.0,0.0,0,0.0,0.0,0.0,0.0,0,0.0,0.0,0.0,0.0,0,0.0,0.0,0.0,0.0,0.08741132275969767,0.9840937616166554,0.3254124490856071,1.0,0.04221415781728569,0.95899591834869,0.16196452387040225,1.0,0.3254124490856071,0.16196452387040225,0.9545420265993985,0.04038585472158475,0.9999998615455512,0.5061693791771955,0.9737270216843293,0.0271222169771163,1.0,0.3090288964665372,0.5061693791771955,0.3090288964665372,0.8101977345953051,0.37933203985985575,0.9732726779803026,0.9999999995778844,0.7415370637818394,0.2612208535868513,0.9201912078612924,1.0,0.9732726779803026,0.9201912078612924
gRNA_14716,controlsgRNA,-0.6002622508344866,-1.0955380191798225,0.437624410655494,-0.25617931787887227,0.0001313798380438368,-0.3028447594799287,-0.25617931787887227,,False,-0.49001430469660706,-0.3232256324026392,,3635.495795153671,-0.5172362532631354,-0.18690218167413641,-0.4930839606359629,-0.3990741318577449,-0.4930839606359629,-0.3990741318577449,True,-0.30478842690506713,-0.46024878465132135,-0.29087810856571417,0.0,0.0,0.0,0.0,True,,,,-0.3639076583586942,-0.30990422967307873,0.2764697089388589,0.144346069616473,0.0394868762499787,-0.04270184664529246,0.0394868762499787,,False,-0.08553215965160091,0.0796441750961219,,controlsgRNA,,,,non-targeting control,,0,0.0,0.0,0.0,0.0,0,0.0,0.0,0.0,0.0,0,0.0,0.0,0.0,0.0,0,0.0,0.0,0.0,0.0,0.5577546106711404,0.7084197854300032,0.9892251585488151,1.0,0.4220189982110271,0.5811660664074044,0.7558713588739141,1.0,0.9892251585488151,0.7558713588739141,0.16721571560830306,0.9336974427415695,0.35521530547300534,0.9999999999999999,0.09790789109683279,0.9035645508122336,0.2076935058206212,1.0,0.35521530547300534,0.2076935058206212,0.5075521364682567,0.4797416222977521,0.7821295217707562,0.9999999995778844,0.5138103703747229,0.4905073846795059,0.7710944988007056,1.0,0.7821295217707562,0.7710944988007056
gRNA_14717,controlsgRNA,-1.1309893003088192,0.9172594778717321,-1.5129093822455544,-1.8011670604783743,0.15937244499274789,-0.6736867640336536,-1.1309893003088192,,False,-1.1852051998617112,-1.8588861484812214,,6.9563505058872135,-0.44569978805910815,-0.37282939668168363,1.5030988225646953,0.2281898792746345,-0.37282939668168363,-0.4092645923703959,True,0.5554631336542885,-0.2924340251240984,-0.30478171482375976,0.0,0.0,0.0,0.0,True,,,,-0.8734606847286173,-0.705514348234354,-0.4404388274614961,-0.03306246582295092,-0.5511271645193988,-0.5207206981533634,-0.5511271645193988,-0.5207206981533634,True,-1.0084981703839941,-1.0368378580563986,-0.8373076297457345,controlsgRNA,,,,non-targeting control,,0,0.0,0.0,0.0,0.0,0,0.0,0.0,0.0,0.0,0,0.0,0.0,0.0,0.0,0,0.0,0.0,0.0,0.0,0.0652542920859442,0.8739429050651071,0.272617931381278,1.0,0.07840466860996903,0.9278790934543373,0.22778732038577454,1.0,0.272617931381278,0.22778732038577454,0.9247280454911762,0.13924495398254313,0.9999998615455512,0.918528117498881,0.9137183750842355,0.0876979936779812,1.0,0.588829386123588,0.918528117498881,0.588829386123588,0.4293448013822325,0.020765570133601877,0.708042304033857,0.6497724430562678,0.9035782632597403,0.1020986200113172,1.0,0.9936004058065925,0.6497724430562678,0.9936004058065925
gRNA_14718,controlsgRNA,0.24486824513820904,-0.7975422898398326,-0.04407015539777844,-0.7908018053420001,-0.7583693813890918,-0.4291830773660988,-0.7583693813890918,-0.5976959079921758,True,-0.7268516834898607,-1.2047810188163912,-0.7224594930460888,3784.7897790877123,-0.7696009623733393,-0.4312089975375909,-0.5347194558088957,-0.578509805239942,-0.5347194558088957,-0.578509805239942,True,-0.5508727156695271,-0.5183509504277408,-0.5356955972607683,0.0,0.0,0.0,0.0,True,,,,0.45567001505329024,-0.36848998454555343,-0.6032931516798675,0.35297645597231203,-0.17731454505739538,-0.0680902420514428,-0.17731454505739538,,False,-0.13455245655617928,-0.3301918175197912,,controlsgRNA,,,,non-targeting control,,0,0.0,0.0,0.0,0.0,0,0.0,0.0,0.0,0.0,0,0.0,0.0,0.0,0.0,0,0.0,0.0,0.0,0.0,0.7797724412170162,0.4598018887689105,0.9999935409454064,1.0,0.6706863852663063,0.3328947101348819,0.9552200032580725,1.0,0.9999935409454064,0.9552200032580725,0.16155887681676526,0.788984735752417,0.3451485095630894,0.9999999999999999,0.16332769173072043,0.8393751821077916,0.31492929277308146,1.0,0.3451485095630894,0.31492929277308146,0.730108681929988,0.3926590999684888,0.9390465765995937,0.9999999995778844,0.6896869235301846,0.31324917630474525,0.900424594608852,1.0,0.9390465765995937,0.900424594608852
gRNA_14719,controlsgRNA,0.10138720960025124,-1.2155762048353598,-0.4636658632257047,-0.07627429861274322,-0.7563112690737765,-0.48208808522946656,-0.4636658632257047,-0.627956908936896,True,-0.8260289053892835,-0.6874520378005611,-0.7646823709168927,3005.143418543276,0.33986367953958213,-0.1604906400091584,0.0055991630938785585,0.06165740087476743,0.0055991630938785585,0.17273142131673033,True,0.3270747327819341,0.23566150546311676,0.4892789076586322,0.0,0.0,0.0,0.0,True,,,,-0.052808940057554994,-0.6211980623008784,-0.7074862958019132,-0.6130242854857404,-0.42643141707008403,-0.4841898001432342,-0.6130242854857404,-0.4841898001432342,True,-0.9379637613360875,-1.153846629762477,-0.7766247217483342,controlsgRNA,,,,non-targeting control,,0,0.0,0.0,0.0,0.0,0,0.0,0.0,0.0,0.0,0,0.0,0.0,0.0,0.0,0,0.0,0.0,0.0,0.0,0.13365226048399306,0.9647217949764281,0.40468085276524207,1.0,0.07323425170748168,0.9282205612985255,0.22028862913610492,1.0,0.40468085276524207,0.22028862913610492,0.9252605951692296,0.2023375971326843,0.9999998615455512,0.9999999999999999,0.8868255210562994,0.11509683284061084,1.0,0.7212734858011612,0.9999998615455512,0.7212734858011612,0.7781836209280522,0.277604357365336,0.946915991808892,0.9999999995778844,0.7643757899463526,0.23892879970750053,0.9336122085751709,1.0,0.946915991808892,0.9336122085751709
gRNA_14720,controlsgRNA,-0.007574991307582676,0.09046259698615317,0.7458961587067717,-0.3674807210594923,-0.27914239035183935,0.036432130594802103,-0.007574991307582676,,False,0.1460037353949511,0.11317982262131113,,4364.842390501692,-0.4059276563533157,-0.5317862950655813,-0.5002655491075102,-0.47932650017546913,-0.5002655491075102,-0.47932650017546913,True,-0.41484930057017,-0.47027066243081583,-0.4003724075701679,0.0,0.0,0.0,0.0,True,,,,0.5636262338507794,-0.11129614233046953,0.25344196600621854,-0.12432186059731401,-0.22796153934523333,0.07069773151679622,-0.11129614233046953,,False,0.1334214568110169,-0.20539227769506552,,controlsgRNA,,,,non-targeting control,,0,0.0,0.0,0.0,0.0,0,0.0,0.0,0.0,0.0,0,0.0,0.0,0.0,0.0,0,0.0,0.0,0.0,0.0,0.6713161908049389,0.6350027850927928,0.9999935409454064,1.0,0.5210734770109509,0.48223686105766805,0.837280458786827,1.0,0.9999935409454064,0.837280458786827,0.06602742560519406,0.9771930561364325,0.16333100018126953,0.9999999999999999,0.03465122715195239,0.9662668343831805,0.08744202288009462,1.0,0.16333100018126953,0.08744202288009462,0.1698982322179236,0.9275588794448816,0.3848297308068631,0.9999999995778844,0.10781782200157553,0.8938307511532118,0.26496405929798955,1.0,0.3848297308068631,0.26496405929798955
gRNA_14721,controlsgRNA,-0.4290087350268224,0.06233930319616263,-0.2953703649144291,-0.08936385271783026,-1.2028893332815038,-0.39085859654888455,-0.2953703649144291,-0.5041580714851464,True,-0.6550075293786799,-0.39202245082612186,-0.5919470670245499,5007.502156468657,0.35546049006839836,0.04176480429447817,0.036693589623984973,0.1446396279956205,0.04176480429447817,0.1446396279956205,True,0.44087942922950274,0.2861305120576102,0.45095117625393066,0.0,0.0,0.0,0.0,True,,,,-0.7429536604914595,-0.1766000017540618,-0.3967082460599115,-0.18475725815754448,-0.08556991817633126,-0.3173178169278617,-0.18475725815754448,-0.3173178169278617,True,-0.615764818417003,-0.34426133649600893,-0.4994271231019945,controlsgRNA,,,,non-targeting control,,0,0.0,0.0,0.0,0.0,0,0.0,0.0,0.0,0.0,0,0.0,0.0,0.0,0.0,0,0.0,0.0,0.0,0.0,0.09917182468216698,0.9791373922654888,0.34526487111569243,1.0,0.05006122752491553,0.9510566236525937,0.17757567499403998,1.0,0.34526487111569243,0.17757567499403998,0.7218605176122759,0.5317944418346199,0.986980198626239,0.9999999999999999,0.5985329375870858,0.4039699730097728,0.8492391869160161,1.0,0.986980198626239,0.8492391869160161,0.7100938573463675,0.4065498557020392,0.9302971789624884,0.9999999995778844,0.6509653471662964,0.3521841516913831,0.8730825758509138,1.0,0.9302971789624884,0.8730825758509138
gRNA_14722,controlsgRNA,-0.1453751968308626,-0.6305245080304441,-0.016356100405578763,0.08240934447084823,-0.5573988139853573,-0.2534490549562789,-0.1453751968308626,-0.33741365481306074,True,-0.39741572194859404,-0.12871766252376768,-0.3592902175817603,3910.0040881936825,-0.5982806923972341,-0.569343844326448,-0.9661890341141314,-0.7112711902792711,-0.5982806923972341,-0.7112711902792711,True,-0.7329462710388651,-0.607050400016867,-0.7168318689305379,0.0,0.0,0.0,0.0,True,,,,-0.1117520546826783,-0.019959159683169723,-0.2263344470944217,0.44886260409203543,-0.009793905441653133,0.016204607438022513,-0.019959159683169723,-0.09195989172548072,True,0.02820531065975595,-0.03273112667462558,-0.1250762314882922,controlsgRNA,,,,non-targeting control,,0,0.0,0.0,0.0,0.0,0,0.0,0.0,0.0,0.0,0,0.0,0.0,0.0,0.0,0,0.0,0.0,0.0,0.0,0.8815622824324836,0.28508054755157536,0.9999935409454064,1.0,0.8124559511144626,0.19050773150202538,1.0,0.8046360460836547,0.9999935409454064,0.8046360460836547,0.13043135060804772,0.9735935255755512,0.2944466665448212,0.9999999999999999,0.06076812746033834,0.9404109221708573,0.14191811133594542,1.0,0.2944466665448212,0.14191811133594542,0.5988924536731892,0.7158816472896112,0.8673219330476247,0.9999999995778844,0.4351104878573614,0.5673871739083939,0.7051790665274478,1.0,0.8673219330476247,0.7051790665274478
gRNA_14723,controlsgRNA,-0.305018700083868,-1.2496630354090568,-0.23497471374340168,-0.9949228650974338,-0.5626928865050996,-0.669454440167772,-0.5626928865050996,-0.669454440167772,True,-1.1772711660121973,-0.861286233487896,-0.8225834693075871,3178.5170773053883,-0.6977976681950699,-0.7107850572776019,-0.4935048868853965,-0.634029204119356,-0.6977976681950699,-0.634029204119356,True,-0.6270139395875269,-0.7459259388175381,-0.6114448591066333,0.0,0.0,0.0,0.0,True,,,,-0.27881563061012177,-0.6841183742732246,-0.6615364808933238,-0.6448682891718815,-0.6121476024652617,-0.5762972754827628,-0.6448682891718815,-0.5762972754827628,True,-1.1158062644184614,-1.2140437390843362,-0.9296280629295891,controlsgRNA,,,,non-targeting control,,0,0.0,0.0,0.0,0.0,0,0.0,0.0,0.0,0.0,0,0.0,0.0,0.0,0.0,0,0.0,0.0,0.0,0.0,0.8373254593975852,0.40605004683209595,0.9999935409454064,1.0,0.730068587211619,0.273524049507183,1.0,0.9816026220880771,0.9999935409454064,0.9816026220880771,0.9851752886194723,0.10640940447747103,0.9999998615455512,0.8117415984199073,0.9594549171580637,0.0412421250833615,1.0,0.4253025866512618,0.8117415984199073,0.4253025866512618,0.9476597807313166,0.12442501074993838,0.9999999963825513,0.9999999995778844,0.9269418915461827,0.07449007202218161,1.0,0.9028887554936186,0.9999999963825513,0.9028887554936186
gRNA_14724,controlsgRNA,0.5086546915343301,0.08888151450431626,-0.6563212196530833,-0.6282292964031241,-0.3158264895028658,-0.20056815990408539,-0.3158264895028658,,False,-0.2982837026059996,-0.4279315779204301,,3384.532073056663,-0.3506671224104222,-0.10079440155726418,-0.11497219362384002,-0.18881123919717546,-0.11497219362384002,-0.18881123919717546,True,-0.01642662337604884,0.06740466291078093,-0.004000742562385311,0.0,0.0,0.0,0.0,True,,,,-0.34043911241926267,0.21630730653152097,-0.20697753701104937,-0.8301894952059267,-0.30761220940502915,-0.2937822095019494,-0.30761220940502915,-0.42130458851031694,True,-0.5703219124991155,-0.5765032682539531,-0.6721636293640393,controlsgRNA,,,,non-targeting control,,0,0.0,0.0,0.0,0.0,0,0.0,0.0,0.0,0.0,0,0.0,0.0,0.0,0.0,0,0.0,0.0,0.0,0.0,0.3068403932443818,0.8956150424915392,0.6979210753720227,1.0,0.1918376383937515,0.8103466920433807,0.44470657084581483,1.0,0.6979210753720227,0.44470657084581483,0.5735646840332578,0.48615960151743054,0.84403939066095,0.9999999999999999,0.5467628012459135,0.4573980469439974,0.7907031279556287,1.0,0.84403939066095,0.7907031279556287,0.4372289199074131,0.687376140721195,0.7121238767195521,0.9999999995778844,0.3731547653390529,0.6299038180403619,0.6436369348730434,1.0,0.7121238767195521,0.6436369348730434
gRNA_14725,controlsgRNA,-0.7770603165191297,-0.7152102722294917,-0.8444899013129815,-0.7358772986728792,0.5967393719273267,-0.4951796833614311,-0.7358772986728792,-0.7681594471836205,True,-0.8505707849842196,-1.1652979264358958,-0.960305597669443,4022.375904058014,-0.5363929706112085,-0.5399023449675647,-0.628008628433313,-0.5681013146706954,-0.5399023449675647,-0.5681013146706954,True,-0.5365981516959021,-0.5255836513682971,-0.5214945163149437,0.0,0.0,0.0,0.0,True,,,,-0.886570926328174,-0.6688235466823441,-0.5337913564640865,-0.579207416099803,-0.137914099293597,-0.561261468973601,-0.579207416099803,-0.561261468973601,True,-1.0867749023537148,-1.0899200643904772,-0.9046514947978891,controlsgRNA,,,,non-targeting control,,0,0.0,0.0,0.0,0.0,0,0.0,0.0,0.0,0.0,0,0.0,0.0,0.0,0.0,0,0.0,0.0,0.0,0.0,0.782504527030761,0.50684911288238,0.9999935409454064,1.0,0.6485646597676054,0.35475276058937644,0.9480408816931426,1.0,0.9999935409454064,0.9480408816931426,0.9651606820900649,0.10335880208649514,0.9999998615455512,0.8096439496775454,0.9483687157037993,0.05297551870136136,1.0,0.47425702456456836,0.8096439496775454,0.47425702456456836,0.7080435874432282,0.2506453120385281,0.9302971789624884,0.9999999995778844,0.7814431846514336,0.2220531541837208,0.9417392225286507,1.0,0.9302971789624884,0.9417392225286507
gRNA_14726,controlsgRNA,0.9420390782328306,0.3826721712770452,-0.29181662771551764,0.3988547568313523,0.5228011061078297,0.39091009694670803,0.3988547568313523,0.5615917781122645,True,0.8105181423889576,0.826635463631563,0.895083247094328,3395.7692546430962,-0.09380352281165175,-0.19419083017943503,-0.5454502158500089,-0.27781485628036523,-0.19419083017943503,-0.27781485628036523,True,-0.1384892622846961,-0.04314462525350071,-0.12543502376393273,0.0,0.0,0.0,0.0,True,,,,0.068791340010214,0.6033395099082354,0.3715204788744582,0.3910965428253166,0.2076787191235012,0.3284853181483451,0.3715204788744582,0.3284853181483451,True,0.6311616185201722,0.7073122055584883,0.5733418030655417,controlsgRNA,,,,non-targeting control,,0,0.0,0.0,0.0,0.0,0,0.0,0.0,0.0,0.0,0,0.0,0.0,0.0,0.0,0,0.0,0.0,0.0,0.0,0.39882570107208987,0.8079156854581996,0.8149916500168793,1.0,0.28538956839269447,0.7177123496145216,0.5647709353455427,1.0,0.8149916500168793,0.5647709353455427,0.004771537111545675,0.9998101370937459,0.018307121978991567,0.9999999999999999,0.0010121831901136616,0.9990517606879407,0.004034169202745837,1.0,0.018307121978991567,0.004034169202745837,0.01869620188990474,0.9945763257607787,0.08678730753832324,0.9999999995778844,0.007257612374782349,0.9930380127690974,0.036352594303396726,1.0,0.08678730753832324,0.036352594303396726
gRNA_14727,controlsgRNA,-0.5427979247144209,-0.19006844347547192,-0.5736121647236334,0.005026055254886287,-0.9401750188464142,-0.44832549930101084,-0.5427979247144209,-0.561663387939985,True,-0.7627366082749433,-0.8263621838034447,-0.6721836711616714,18707.766925870987,0.34429610014635137,0.6475149718519895,0.6627488074016706,0.5515199598000038,0.6475149718519895,0.5515199598000038,True,0.9988891893682207,1.131452430491305,1.0060883970427292,0.0,0.0,0.0,0.0,True,,,,-0.5178676206689325,-0.010324933765715177,-0.40300538847326123,-0.2530291207261323,-0.31935082133645853,-0.3007155769941,-0.31935082133645853,-0.3007155769941,True,-0.5837089630620447,-0.5986936470985162,-0.4718484909486903,controlsgRNA,,,,non-targeting control,,0,0.0,0.0,0.0,0.0,0,0.0,0.0,0.0,0.0,0,0.0,0.0,0.0,0.0,0,0.0,0.0,0.0,0.0,0.01776299746475137,0.9978629442095468,0.110346943625314,1.0,0.007079929000316376,0.9932711428122087,0.044367555068649284,1.0,0.110346943625314,0.044367555068649284,0.7203630690675592,0.6289834871230235,0.986980198626239,0.9999999999999999,0.5543568780477167,0.448159737506766,0.7986137400227643,1.0,0.986980198626239,0.7986137400227643,0.8171175433856175,0.4136458188194649,0.9784592239267267,0.9999999995778844,0.719842589390414,0.28217071767571134,0.9131516786562335,1.0,0.9784592239267267,0.9131516786562335
gRNA_14728,controlsgRNA,-0.5679129772165765,-0.08168988848002245,-0.6010292582745544,0.5461805715584309,-0.6884843328611168,-0.2785871770547678,-0.5679129772165765,-0.4847791142080675,True,-0.44454035559264077,-0.8704496945331127,-0.5649077979710131,2203.557798711042,-0.4431329219634828,-0.6113395151874329,-0.5947362082975167,-0.5497362151494775,-0.5947362082975167,-0.5497362151494775,True,-0.5114116190038147,-0.602104086735416,-0.4964376396099274,0.0,0.0,0.0,0.0,True,,,,-0.2859313179118356,0.12130265567629367,-0.3770398171454405,-0.2742616718563403,-0.012925510066185546,-0.16577113226070167,-0.2742616718563403,-0.2375395792449505,True,-0.323156193159455,-0.5134582449412934,-0.3669043623375457,controlsgRNA,,,,non-targeting control,,0,0.0,0.0,0.0,0.0,0,0.0,0.0,0.0,0.0,0,0.0,0.0,0.0,0.0,0,0.0,0.0,0.0,0.0,0.7543544848363247,0.5344286934397187,0.9999935409454064,1.0,0.6188429364351216,0.38438606850905027,0.9124899768611988,1.0,0.9999935409454064,0.9124899768611988,0.4294120653946041,0.846115472901573,0.7175952737260939,0.9999999999999999,0.2731358058029653,0.7290678340532514,0.4689454930681048,1.0,0.7175952737260939,0.4689454930681048,0.5246586672302127,0.5860639532471662,0.8019173125144714,0.9999999995778844,0.4833805398425436,0.5213542241631685,0.7701317075457474,1.0,0.8019173125144714,0.7701317075457474
gRNA_14729,controlsgRNA,-0.37889316630916425,-0.25803168080907907,-0.49001195936841546,-0.6487100038323198,-0.42218880847706663,-0.43956712375920903,-0.42218880847706663,-0.43956712375920903,True,-0.7463179101276699,-0.6146423115971753,-0.5018239510584354,4080.702227530453,-0.6608793481941958,-0.7362104801019649,-0.8105292256584863,-0.7358730179848824,-0.7362104801019649,-0.7358730179848824,True,-0.7666860684778386,-0.7995308630794637,-0.7503979796300936,0.0,0.0,0.0,0.0,True,,,,-0.5659060443178896,-0.752991124395043,-0.4971585726477255,-0.5533765304662249,-0.6232769502752343,-0.5985418444204235,-0.5659060443178896,-0.5985418444204235,True,-1.1587564137443354,-1.0647754833516612,-0.9665793891715995,controlsgRNA,,,,non-targeting control,,0,0.0,0.0,0.0,0.0,0,0.0,0.0,0.0,0.0,0,0.0,0.0,0.0,0.0,0,0.0,0.0,0.0,0.0,0.9192441912373421,0.2657932160841637,0.9999935409454064,1.0,0.8432796464712016,0.1591301498916709,1.0,0.7296699556008324,0.9999935409454064,0.7296699556008324,0.9920340277865857,0.10303577004363912,0.9999998615455512,0.8096439496775454,0.9661464148376773,0.03453300486100091,1.0,0.37098313793532406,0.8096439496775454,0.37098313793532406,0.8792968573538842,0.496202127857317,0.9999999963825513,0.9999999995778844,0.7217629344978996,0.2804258231828203,0.9131516786562335,1.0,0.9999999963825513,0.9131516786562335
gRNA_14730,controlsgRNA,-1.3156502518137545,-0.6570536544921335,-0.26239941497460445,-0.9716699489866506,-0.680213565400911,-0.7773973671336109,-0.680213565400911,-0.7773973671336109,True,-1.3796240254581709,-1.0675845954496022,-0.9731951767861826,4008.463203046239,-0.9367225770619383,-0.6364416895814413,-1.038047445863971,-0.870403904169117,-0.9367225770619383,-0.870403904169117,True,-0.9511863789204806,-1.0793446865816674,-0.9339485138507442,0.0,0.0,0.0,0.0,True,,,,-0.8272177150415874,-0.6272001774641279,-0.9174547584704469,-0.2581215179533152,-0.9014510906124871,-0.706289051908393,-0.8272177150415874,-0.706289051908393,True,-1.36679634762767,-1.5587525399011823,-1.1455625030593635,controlsgRNA,,,,non-targeting control,,0,0.0,0.0,0.0,0.0,0,0.0,0.0,0.0,0.0,0,0.0,0.0,0.0,0.0,0,0.0,0.0,0.0,0.0,0.9586225012877135,0.1335010927461444,0.9999935409454064,0.8963644798669697,0.9254430699350805,0.07620556432567183,1.0,0.5230802890570301,0.8963644798669697,0.5230802890570301,0.9938882452030804,0.018969452958817218,0.9999998615455512,0.3753954901323829,0.9928499018720891,0.007476011787859882,1.0,0.16535179013148915,0.3753954901323829,0.16535179013148915,0.9814557658489438,0.06873012607633291,0.9999999963825513,0.9999999995778844,0.9685432226878425,0.0323078928003428,1.0,0.6706803004301182,0.9999999963825513,0.6706803004301182
gRNA_14731,controlsgRNA,-0.8240598078593202,0.6015986687240719,0.10083377607417277,0.7914400005891258,0.11544665709138216,0.15705185892388646,0.11544665709138216,0.40232977561968813,True,0.37212088469840787,0.3291347063829634,0.6728665367816788,2266.1649532640267,-0.7148107206414602,-0.6120114759819834,-1.2596452127926172,-0.862155803138687,-0.7148107206414602,-0.862155803138687,True,-0.9398746478835455,-0.7696675849657917,-0.9226950136815114,0.0,0.0,0.0,0.0,True,,,,-0.5311692493876404,-0.07486792614768017,-0.13709367236103595,-0.03204084767034212,-0.49795426431568335,-0.25462519197647643,-0.13709367236103595,-0.25462519197647643,True,-0.494716952268684,-0.2541592842181746,-0.395285944010652,controlsgRNA,,,,non-targeting control,,0,0.0,0.0,0.0,0.0,0,0.0,0.0,0.0,0.0,0,0.0,0.0,0.0,0.0,0,0.0,0.0,0.0,0.0,0.9384271518344363,0.12498179315640927,0.9999935409454064,0.8800538868511406,0.9173392205936319,0.0839073365373808,1.0,0.5230802890570301,0.8800538868511406,0.5230802890570301,0.6079269371606417,0.6800587341688404,0.8724447647801576,0.9999999999999999,0.4596268181647403,0.5432603600283905,0.6875732700253705,1.0,0.8724447647801576,0.6875732700253705,0.0566343958571846,0.9121661803790475,0.1901297575205483,0.9999999995778844,0.04699192886476424,0.9543045064117194,0.13487759735230043,1.0,0.1901297575205483,0.13487759735230043
gRNA_14732,controlsgRNA,-0.809927949238989,-0.2458410309921015,-0.49043516288583533,-1.067443017317604,-0.6109892317010166,-0.6449272784271093,-0.6109892317010166,-0.6449272784271093,True,-1.1312918559098533,-0.9460666908190516,-0.7883609610506638,10156.806842480399,1.3972718931965766,0.967481268410648,1.2122530105515605,1.192335390719595,1.2122530105515605,1.192335390719595,True,1.8777256357377772,1.9195420883297893,1.8804007428415135,0.0,0.0,0.0,0.0,True,,,,-0.39589484797879637,-0.6272238372220904,-0.2895991150388661,-0.30768116816284097,-0.5462708783047003,-0.43333396934145885,-0.39589484797879637,-0.43333396934145885,True,-0.8397705559227155,-0.7433905635145085,-0.6921461058429769,controlsgRNA,,,,non-targeting control,,0,0.0,0.0,0.0,0.0,0,0.0,0.0,0.0,0.0,0,0.0,0.0,0.0,0.0,0,0.0,0.0,0.0,0.0,0.000978191592145686,0.9999437988659434,0.01671818357485354,1.0,0.0002974232172546106,0.9997632771538266,0.005083233167624254,1.0,0.01671818357485354,0.005083233167624254,0.9238353160288133,0.3440411384956787,0.9999998615455512,0.9999999999999999,0.821255066701967,0.1800640131312004,1.0,0.9224497810128774,0.9999998615455512,0.9224497810128774,0.9585770141706745,0.1912962586019632,0.9999999963825513,0.9999999995778844,0.9081718782785018,0.0929759278268456,1.0,0.9710819128581653,0.9999999963825513,0.9710819128581653
gRNA_14733,controlsgRNA,-1.135764859256892,-0.0689801296389132,-0.5586823130658184,-1.0272989940103707,-0.22765067811649942,-0.6036753948176988,-0.5586823130658184,-0.6036753948176988,True,-1.0539599098478527,-0.8542459854326209,-0.7308026123773147,3238.448712433032,-0.38067838005241117,-0.543842431586054,-0.24071665878744236,-0.3884124901419692,-0.38067838005241117,-0.3884124901419692,True,-0.2901666826931469,-0.3033872497966572,-0.2763316346064196,0.0,0.0,0.0,0.0,True,,,,-1.0637918968327666,-0.7259205588961913,-0.39330229776709924,-0.47375425372578367,-0.2923502012550123,-0.5898238416953706,-0.47375425372578367,-0.5898238416953706,True,-1.1419235625475446,-0.8905740397407149,-0.9520975727886904,controlsgRNA,,,,non-targeting control,,0,0.0,0.0,0.0,0.0,0,0.0,0.0,0.0,0.0,0,0.0,0.0,0.0,0.0,0,0.0,0.0,0.0,0.0,0.5392622095002737,0.7321305671181646,0.9701559367086264,1.0,0.39904375228960665,0.60422376515535,0.7283517032082141,1.0,0.9701559367086264,0.7283517032082141,0.9723365538942046,0.07948223448689241,0.9999998615455512,0.7115552420731321,0.9582437203171861,0.042982708225393476,1.0,0.4253025866512618,0.7115552420731321,0.4253025866512618,0.901763603192198,0.17677064478659196,0.9999999963825513,0.9999999995778844,0.8811251486962066,0.12095571495882568,0.9918183629738753,1.0,0.9999999963825513,0.9918183629738753
gRNA_14734,controlsgRNA,0.11727695518958568,-0.17392947766054645,-0.2940395387141585,0.7436890945147371,0.5601011778091779,0.19061964222775915,0.11727695518958568,,False,0.435047999311032,0.3323476515693655,,5516.921055053628,-0.7535866621208923,-0.4864770026622504,-0.7488398044784209,-0.6629678230871878,-0.7488398044784209,-0.6629678230871878,True,-0.6667013625636493,-0.8171550343669005,-0.6509279779785273,0.0,0.0,0.0,0.0,True,,,,0.024652875303155092,0.03712131302146072,-0.13511788257330393,0.06863586174863363,-0.06480105724468536,-0.01390177794894797,0.024652875303155092,,False,-0.029924552483758603,0.051602350158602144,,controlsgRNA,,,,non-targeting control,,0,0.0,0.0,0.0,0.0,0,0.0,0.0,0.0,0.0,0,0.0,0.0,0.0,0.0,0,0.0,0.0,0.0,0.0,0.8659881925515326,0.33974442934727145,0.9999935409454064,1.0,0.7782304653494623,0.2243565192095225,1.0,0.89742607683809,0.9999935409454064,0.89742607683809,0.1789644654517863,0.9813313440183262,0.3738368833881758,0.9999999999999999,0.06897331877617063,0.932047389297164,0.15717556278691006,1.0,0.3738368833881758,0.15717556278691006,0.06960374393311365,0.9724591959967669,0.2130446596983898,0.9999999995778844,0.03753842387415461,0.9636960552954367,0.12214354025465275,1.0,0.2130446596983898,0.12214354025465275
gRNA_14735,controlsgRNA,-1.099471109324359,0.02482185961081316,-0.9991549920943504,-0.4226554372246444,-0.5263791568480786,-0.6045677671761238,-0.5263791568480786,-0.761915173872858,True,-1.0556327762735982,-0.7975403207230005,-0.9515930243519287,2640.7376728117997,-0.24701351418749887,-0.6980500644114005,-0.6058642100006749,-0.5169759295331914,-0.6058642100006749,-0.5169759295331914,True,-0.466483030202898,-0.6176331682806623,-0.4517403355435911,0.0,0.0,0.0,0.0,True,,,,-1.0409758996491005,-0.5786807079412715,-1.066318973324924,-0.6707197794627323,-0.8955201415239618,-0.8504431003803979,-0.8955201415239618,-0.8504431003803979,True,-1.6451311593811853,-1.687869741193844,-1.3850224489510279,controlsgRNA,,,,non-targeting control,,0,0.0,0.0,0.0,0.0,0,0.0,0.0,0.0,0.0,0,0.0,0.0,0.0,0.0,0,0.0,0.0,0.0,0.0,0.6893656323592223,0.5407605089527179,0.9999935409454064,1.0,0.5814464394208569,0.4221830433143494,0.8815478275090413,1.0,0.9999935409454064,0.8815478275090413,0.9997650509290164,0.0033011343176794663,0.9999998615455512,0.1275325038824556,0.9993021078531018,0.0007639808247154821,1.0,0.04003705662834667,0.1275325038824556,0.04003705662834667,0.9007285048878451,0.18133714274628426,0.9999999963825513,0.9999999995778844,0.8801755596510807,0.12137936828104362,0.9918183629738753,1.0,0.9999999963825513,0.9918183629738753
gRNA_14736,controlsgRNA,-0.5517181639261881,-0.7283628681665281,-1.044403034134728,-0.8164694628066435,0.5578491946844024,-0.516620866869937,-0.7283628681665281,-0.7852383822585218,True,-0.8907650331374599,-1.1521069312927374,-0.9841356682989065,4032.007773989242,-0.598589569817006,-0.44325701824760855,-0.3904510369171503,-0.47743254166058824,-0.44325701824760855,-0.47743254166058824,True,-0.412251860354973,-0.3907154872867607,-0.3977883385354774,0.0,0.0,0.0,0.0,True,,,,-0.5565577361855403,-0.7619619422645437,-0.679811691490897,-0.5360575112252961,-0.3747281464386803,-0.5818234055209914,-0.5565577361855403,-0.5818234055209914,True,-1.1264761996732768,-1.0471036751153628,-0.9388077343572807,controlsgRNA,,,,non-targeting control,,0,0.0,0.0,0.0,0.0,0,0.0,0.0,0.0,0.0,0,0.0,0.0,0.0,0.0,0,0.0,0.0,0.0,0.0,0.6625508542182525,0.6328530880171381,0.9999935409454064,1.0,0.5173900199715197,0.48595183923012486,0.837280458786827,1.0,0.9999935409454064,0.837280458786827,0.9875640006186168,0.11325968488464845,0.9999998615455512,0.8189546445505349,0.9587318702664087,0.04207082984191181,1.0,0.4253025866512618,0.8189546445505349,0.4253025866512618,0.7151759560414238,0.2226564249003255,0.9337019426096367,0.9999999995778844,0.7963127368902077,0.20655345045312312,0.950519330383232,1.0,0.9337019426096367,0.950519330383232
gRNA_14737,controlsgRNA,-1.1086214872803644,-1.212375802544863,-1.0852850907308411,-0.404793702948101,-0.9233764477930116,-0.9468905062594363,-1.0852850907308411,-0.9468905062594363,True,-1.6973606509384047,-1.778655982528466,-1.2096872917139774,2534.2519996832184,-1.337552112437661,-1.2236315614177462,-1.420952324202006,-1.3273786660191378,-1.337552112437661,-1.3273786660191378,True,-1.577897373080732,-1.6387006883718331,-1.5574333063916816,0.0,0.0,0.0,0.0,True,,,,-1.0924554852838564,-0.49985316841420974,-0.4496065878661482,-0.39741787047892607,-0.9568530035952346,-0.679237223127675,-0.49985316841420974,-0.679237223127675,True,-1.3145642684659689,-0.9399107762945049,-1.1006256488761852,controlsgRNA,,,,non-targeting control,,0,0.0,0.0,0.0,0.0,0,0.0,0.0,0.0,0.0,0,0.0,0.0,0.0,0.0,0,0.0,0.0,0.0,0.0,0.9995247196734192,0.0056391954085596545,0.9999935409454064,0.141355831574562,0.9982540173719165,0.001988712725151806,1.0,0.06820182580159943,0.141355831574562,0.06820182580159943,0.9899486622309716,0.02637563749954954,0.9999998615455512,0.43743400559709156,0.9875442421847278,0.012903656036256055,1.0,0.1873515073542243,0.43743400559709156,0.1873515073542243,0.9973698885941703,0.01940362905243753,0.9999999963825513,0.6497724430562678,0.9941390307894176,0.006074753013154152,1.0,0.25458687373253597,0.6497724430562678,0.25458687373253597
gRNA_14738,controlsgRNA,-0.3888182598406264,-0.14931943529218472,-0.09569071182388782,0.578898611525826,0.1964484065817563,0.02830372223017667,-0.09569071182388782,,False,0.13076599150973048,-0.041500434303558945,,3227.2115308465986,-0.846744938861985,-0.8254297352642747,-0.997090974536156,-0.8897552162208052,-0.846744938861985,-0.8897552162208052,True,-0.977725437587793,-0.9537812549675999,-0.960350953957276,0.0,0.0,0.0,0.0,True,,,,-0.5562768039468737,-0.3534981933718961,-0.15862927678163766,-0.30208963195962224,0.2758796541832918,-0.21892285037534762,-0.30208963195962224,-0.34262347651500746,True,-0.42578233243634744,-0.5660635257675435,-0.5414633471256827,controlsgRNA,,,,non-targeting control,,0,0.0,0.0,0.0,0.0,0,0.0,0.0,0.0,0.0,0,0.0,0.0,0.0,0.0,0,0.0,0.0,0.0,0.0,0.9755959481589243,0.11625766697893782,0.9999935409454064,0.8800538868511406,0.9420892252721291,0.05931315075229356,1.0,0.4848205365839648,0.8800538868511406,0.4848205365839648,0.4766155521773008,0.7014980941906547,0.7529724689859878,0.9999999999999999,0.38803670888065434,0.6148194452987615,0.6029000104922564,1.0,0.7529724689859878,0.6029000104922564,0.21434767382942513,0.9319256402523681,0.4502498623456081,0.9999999995778844,0.12203237886292645,0.8800517017725413,0.28677609032787715,1.0,0.4502498623456081,0.28677609032787715
gRNA_14739,controlsgRNA,-0.04125687021529812,-0.16491712834626734,-0.5320031513244846,-0.2229569786343805,0.22406228803320583,-0.14741436809744496,-0.16491712834626734,-0.24028353213010764,True,-0.19864010330028883,-0.16302199516611024,-0.2237655098858618,6837.557443402062,-0.7361810593311585,-0.5373310703903711,-0.7031262633628865,-0.658879464361472,-0.7031262633628865,-0.658879464361472,True,-0.6610944459998019,-0.7533619719068523,-0.6453499248676371,0.0,0.0,0.0,0.0,True,,,,-0.33967544435555513,-0.7425672086515943,-0.7036538919739076,-0.41557645870770693,-0.3563525845684198,-0.5115651176514368,-0.41557645870770693,-0.5115651176514368,True,-0.9908204374135408,-0.780596188923795,-0.8220989357490209,controlsgRNA,,,,non-targeting control,,0,0.0,0.0,0.0,0.0,0,0.0,0.0,0.0,0.0,0,0.0,0.0,0.0,0.0,0,0.0,0.0,0.0,0.0,0.8626020249638415,0.36949334504320014,0.9999935409454064,1.0,0.7615836238509098,0.24093073873368415,1.0,0.9058995776386524,0.9999935409454064,0.9058995776386524,0.9610596542503378,0.1948915792934454,0.9999998615455512,0.9999999999999999,0.9085407161135312,0.09280897514502495,1.0,0.61221359043034,0.9999998615455512,0.61221359043034,0.4773890879542566,0.8421834182995996,0.754194525507565,0.9999999995778844,0.2971614710980254,0.7052834582052501,0.5423918113245512,1.0,0.754194525507565,0.5423918113245512
gRNA_14740,controlsgRNA,-2.1135441658494094,-2.364855669527766,-1.495464247786145,-2.8768313304104463,-2.5012543256604802,-2.270389947846849,-2.364855669527766,-2.270389947846849,True,-4.178430082797691,-4.024842074205361,-3.056353083975959,219.92769676304957,-1.1803271401561133,-1.0699820433600258,-1.3095310415335828,-1.1866134083499071,-1.1803271401561133,-1.1866134083499071,True,-1.3848470299502704,-1.419293872967025,-1.3653767535974677,0.0,0.0,0.0,0.0,True,,,,-0.9018192398823325,-1.973823696108822,-0.030676270223326293,-0.9281544901132018,-1.948719529338833,-1.156638645133303,-0.9281544901132018,-1.156638645133303,True,-2.2363381369994086,-1.7495608987830862,-1.893655882114985,controlsgRNA,,,,non-targeting control,,0,0.0,0.0,0.0,0.0,0,0.0,0.0,0.0,0.0,0,0.0,0.0,0.0,0.0,0,0.0,0.0,0.0,0.0,0.9977673994434636,0.017426091047081104,0.9999935409454064,0.2914509792844343,0.9933209642169443,0.007019276157647206,1.0,0.12834508887794652,0.2914509792844343,0.12834508887794652,0.9847062058912559,0.00013214893453349314,0.9999998615455512,0.012421999846148356,0.9998764932830718,0.00017591725530107923,1.0,0.011024147998867632,0.012421999846148356,0.011024147998867632,0.9999999963825513,1.0136072747148605e-06,0.9999999963825513,0.0001952658010840345,0.9999999591868144,7.960151388093346e-08,1.0,2.9930169219230984e-05,0.0001952658010840345,2.9930169219230984e-05
gRNA_14741,controlsgRNA,-0.9648949364757904,-1.0256393421449765,0.10413898199709719,-0.31614708991950685,-1.1750353388065635,-0.6755155450699479,-0.9648949364757904,-0.8704291768367093,True,-1.188633484441319,-1.5673204809598198,-1.103001548570429,2982.1339514853416,-0.17640850855567772,-0.29326087657246186,-0.40149610927537377,-0.29038849813450446,-0.29326087657246186,-0.29038849813450446,True,-0.15573318961827776,-0.18139647587031058,-0.14259018229210754,0.0,0.0,0.0,0.0,True,,,,-0.7686364642362926,-1.0042982223029444,-0.25942504379272857,-0.4549330908726017,-0.41228283509457103,-0.5799151312598277,-0.4549330908726017,-0.5799151312598277,True,-1.1227916749382103,-0.8549949835075756,-0.93563782510972,controlsgRNA,,,,non-targeting control,,0,0.0,0.0,0.0,0.0,0,0.0,0.0,0.0,0.0,0,0.0,0.0,0.0,0.0,0,0.0,0.0,0.0,0.0,0.41896723178890194,0.8351256561863263,0.8185780624186237,1.0,0.2809671403332147,0.7219656497747772,0.5647709353455427,1.0,0.8185780624186237,0.5647709353455427,0.9675305332044849,0.08605704932872252,0.9999998615455512,0.7353966033545378,0.9533693107550381,0.04770376765775473,1.0,0.4450575260317063,0.7353966033545378,0.4450575260317063,0.9092223835996591,0.09672039234419974,0.9999999963825513,0.9999999995778844,0.9291800164532441,0.07213263514820627,1.0,0.9028887554936186,0.9999999963825513,0.9028887554936186
gRNA_14742,controlsgRNA,-0.15395885285802716,0.26949012552396123,0.16627061056130726,-0.2258908927728452,-0.6554667821166458,-0.11991115833244992,-0.15395885285802716,,False,-0.14708180952110997,-0.1437855994578002,,3438.577565448556,0.37487250824001206,0.2712961787797336,0.42111201494403755,0.3557602339879277,0.37487250824001206,0.3557602339879277,True,0.7304175304880974,0.7509809709186849,0.7389987846061655,0.0,0.0,0.0,0.0,True,,,,-0.42398254012074377,0.20008848769556237,-0.5759231835747787,0.20254732975501347,0.2360092194685714,-0.07225213735527504,0.20008848769556237,,False,-0.14258830680255616,0.38324145063795534,,controlsgRNA,,,,non-targeting control,,0,0.0,0.0,0.0,0.0,0,0.0,0.0,0.0,0.0,0,0.0,0.0,0.0,0.0,0,0.0,0.0,0.0,0.0,0.04343700367890961,0.993911292518108,0.20938863311884634,1.0,0.01889402509956246,0.9818345942234147,0.09107889022353187,1.0,0.20938863311884634,0.09107889022353187,0.16110609064292614,0.8325594618739796,0.3451485095630894,0.9999999999999999,0.13738966318985135,0.8647273436997134,0.27624873454216103,1.0,0.3451485095630894,0.27624873454216103,0.4083634819183147,0.8303951160745653,0.6854672732200282,0.9999999995778844,0.2691630864974045,0.7329536110863774,0.5064621645444605,1.0,0.6854672732200282,0.5064621645444605
gRNA_14743,controlsgRNA,0.0611299183090418,0.039331198961336564,-0.19326641190554042,0.5983713446901913,0.9857435713282365,0.29826192427665316,0.0611299183090418,0.42114400832220156,True,0.6368372613047987,0.23378591889141934,0.6991178511741628,2569.568856097723,-0.2490294772100602,-0.23115311765256785,-0.8262088026882644,-0.43546379918363076,-0.2490294772100602,-0.43546379918363076,True,-0.35469447531491693,-0.11967173625563697,-0.3405272491253848,0.0,0.0,0.0,0.0,True,,,,-0.2526935353132593,0.2068937110230086,-0.13336844249275073,-0.2582616877351721,-0.3555932814887733,-0.15860464720138936,-0.2526935353132593,-0.24997923675748884,True,-0.3093190356806247,-0.4726863782454706,-0.3875683655094147,controlsgRNA,,,,non-targeting control,,0,0.0,0.0,0.0,0.0,0,0.0,0.0,0.0,0.0,0,0.0,0.0,0.0,0.0,0,0.0,0.0,0.0,0.0,0.563983044178755,0.5824699893116143,0.9899855961745024,1.0,0.4879312106746624,0.5152413417919398,0.8117793593525356,1.0,0.9899855961745024,0.8117793593525356,0.4157569327591945,0.8567925465784121,0.7010072050110185,0.9999999999999999,0.2616579217417072,0.7403566616827849,0.45547860451334216,1.0,0.7010072050110185,0.45547860451334216,0.03290169735872032,0.9890798953936966,0.12623508374366163,0.9999999995778844,0.015593829670893547,0.9848727403612716,0.06373130387234754,1.0,0.12623508374366163,0.06373130387234754
gRNA_14744,controlsgRNA,0.15172797273205865,0.5322467900214314,-0.2361352485707068,-0.9036491668690844,0.535384451610395,0.015914959784818782,0.15172797273205865,,False,0.10754166754259895,0.3928237188768655,,2782.0050984698173,-1.0968121824847494,-0.9078836616437485,-1.1746956145134517,-1.0597971528806498,-1.0968121824847494,-1.0597971528806498,True,-1.2109268309023782,-1.3027490859943274,-1.192351866157363,0.0,0.0,0.0,0.0,True,,,,-0.01719351938564577,-0.0404696248434486,-0.01792835874395747,0.058068432662653637,-0.38092469504259546,-0.07968955307059873,-0.01792835874395747,-0.11412904950391183,True,-0.1569485812797539,-0.02889215129472075,-0.16190228929490202,controlsgRNA,,,,non-targeting control,,0,0.0,0.0,0.0,0.0,0,0.0,0.0,0.0,0.0,0,0.0,0.0,0.0,0.0,0,0.0,0.0,0.0,0.0,0.9927402132294741,0.044158430616519403,0.9999935409454064,0.5258529726011545,0.9808293923772944,0.019893201448103668,1.0,0.2618250990497114,0.5258529726011545,0.2618250990497114,0.27101954243463877,0.9392527895689056,0.5035523243937982,0.9999999999999999,0.13627240693398907,0.8650813913135657,0.275475403264408,1.0,0.5035523243937982,0.275475403264408,0.15296716420096726,0.8120609002087916,0.3528567714083662,0.9999999995778844,0.13702886408512271,0.8657479654378704,0.3141637371707691,1.0,0.3528567714083662,0.3141637371707691
gRNA_14745,controlsgRNA,-0.40402191559556294,-0.40449917723143275,-0.36426530089041886,-0.6867068998794739,-1.6259536033169197,-0.6970893793827616,-0.40449917723143275,-0.6970893793827616,True,-1.2290764035386776,-0.5835895472329035,-0.8611422289987524,2277.9372387355284,-1.112048346206615,-1.0877661170999533,-1.5122328311912954,-1.2373490981659545,-1.112048346206615,-1.2373490981659545,True,-1.4544277098007188,-1.3240110910860792,-1.4345992439409532,0.0,0.0,0.0,0.0,True,,,,-0.7981897897037012,-0.7286594565133185,-0.8183405606021952,-0.5427540715191912,-0.8895005334734604,-0.7554888823623733,-0.7981897897037012,-0.7554888823623733,True,-1.4617921225841597,-1.5038788747623988,-1.2272902718127827,controlsgRNA,,,,non-targeting control,,0,0.0,0.0,0.0,0.0,0,0.0,0.0,0.0,0.0,0,0.0,0.0,0.0,0.0,0,0.0,0.0,0.0,0.0,0.9982065832500878,0.008503749751751217,0.9999935409454064,0.1998381191661536,0.9966677914445867,0.0037120085753787383,1.0,0.09304768162282703,0.1998381191661536,0.09304768162282703,0.99927901038771,0.01627553012478612,0.9999998615455512,0.33997774038442113,0.9962425254829533,0.003918681430908098,1.0,0.09250512879409654,0.33997774038442113,0.09250512879409654,0.9486887193379081,0.1166168536362771,0.9999999963825513,0.9999999995778844,0.9264795140900861,0.0752139721177458,1.0,0.9028887554936186,0.9999999963825513,0.9028887554936186
gRNA_14746,controlsgRNA,0.7123496975213476,0.07741348394478745,-0.13554053808414177,-0.5384288437964372,-0.2828919626818802,-0.03341963261926484,-0.13554053808414177,,False,0.015057647299871163,-0.11145368814101599,,12164.516619256463,-0.6766639186049143,-0.38916798893473165,-0.22047504933829823,-0.42876898562598137,-0.38916798893473165,-0.42876898562598137,True,-0.3455129764429749,-0.3152344647897484,-0.3313930150482275,0.0,0.0,0.0,0.0,True,,,,0.25081097328599467,0.506131098529665,-0.014054531904464021,0.09498885125917556,-0.11983990743496642,0.14360729674708095,0.09498885125917556,,False,0.2741963454007254,0.18456372259202253,,controlsgRNA,,,,non-targeting control,,0,0.0,0.0,0.0,0.0,0,0.0,0.0,0.0,0.0,0,0.0,0.0,0.0,0.0,0,0.0,0.0,0.0,0.0,0.5719818727383057,0.6675512265275001,0.9899855961745024,1.0,0.45041929281267606,0.5530300299524471,0.769807518625301,1.0,0.9899855961745024,0.769807518625301,0.034931859653252684,0.9955449175046378,0.09972656421231903,0.9999999999999999,0.012095656902667925,0.9882530039101634,0.036677153188735,1.0,0.09972656421231903,0.036677153188735,0.2385675185176323,0.8749903397798704,0.4848723619601608,0.9999999995778844,0.16974001651618836,0.8327341843117299,0.36469854977192473,1.0,0.4848723619601608,0.36469854977192473
gRNA_14747,controlsgRNA,-0.5157169654304041,0.45716245032998487,0.18507781504841364,0.02867819127718919,0.6597090130265032,0.16298210085033735,0.18507781504841364,0.3326568674205227,True,0.3832378836973651,0.4513667591842206,0.5756526112023151,5040.678597342889,0.20085752082569072,0.20424978469391314,0.16944534203737938,0.19151754918566108,0.20085752082569072,0.19151754918566108,True,0.5051694317544526,0.5081437570382222,0.5149102247790555,0.0,0.0,0.0,0.0,True,,,,-0.13851811918758586,0.09519598745769788,0.1286104906562729,0.041405154652526005,0.021942671874053195,0.029727237090592818,0.041405154652526005,0.07178857616013748,True,0.05431500801932474,0.08327044068276222,0.14693277329070287,controlsgRNA,,,,non-targeting control,,0,0.0,0.0,0.0,0.0,0,0.0,0.0,0.0,0.0,0,0.0,0.0,0.0,0.0,0,0.0,0.0,0.0,0.0,0.07779325885929365,0.9868212744730476,0.2984720952152491,1.0,0.03662178572573482,0.9643604740577697,0.14343532742579473,1.0,0.2984720952152491,0.14343532742579473,0.11611630013010542,0.9897308725327661,0.26785109723263584,0.9999999999999999,0.040650369963253996,0.9601207812783487,0.10122211328598346,1.0,0.26785109723263584,0.10122211328598346,0.08006201221511385,0.9662158276682751,0.22979630986933441,0.9999999995778844,0.042829115173919144,0.9582233108163212,0.12882997844314878,1.0,0.22979630986933441,0.12882997844314878
gRNA_14748,controlsgRNA,0.26103114403232053,-0.6961813904572944,0.38054218517355326,0.453713213606978,0.3839640970003285,0.15661384987117719,0.38054218517355326,0.36981265995329504,True,0.371299780557819,0.7944891760862061,0.6274957241637814,4209.127159946832,-0.2015160971052602,-0.13200471781775017,0.23940399326279346,-0.03137227388673896,-0.13200471781775017,-0.16676040746150517,True,0.19949061912069987,0.043635844017309515,0.026084853837754007,0.0,0.0,0.0,0.0,True,,,,-0.3412962308107444,0.27932083958736986,-0.12874448274904277,-0.28819528162142866,-0.03387870259449251,-0.10255877163766769,-0.12874448274904277,-0.1980286744439271,True,-0.201104813534662,-0.2383761846815789,-0.3012712481373492,controlsgRNA,,,,non-targeting control,,0,0.0,0.0,0.0,0.0,0,0.0,0.0,0.0,0.0,0,0.0,0.0,0.0,0.0,0,0.0,0.0,0.0,0.0,0.1819771712242302,0.9472254979414153,0.5045885525946864,1.0,0.10481269026473483,0.8971382127398355,0.28557660535898766,1.0,0.5045885525946864,0.28557660535898766,0.2902823202953674,0.9012409792683855,0.5247411174570102,0.9999999999999999,0.17505158834964463,0.826762871364501,0.3307507397963135,1.0,0.5247411174570102,0.3307507397963135,0.08252523338104865,0.9484836742620839,0.23507187690359313,0.9999999995778844,0.047733498264404615,0.9530789305518499,0.13494582967982055,1.0,0.23507187690359313,0.13494582967982055
gRNA_14749,controlsgRNA,-0.47435119462192654,-0.0421874346583122,-0.35722484009929223,-0.699026174785587,0.6872772365574376,-0.17710248152153607,-0.35722484009929223,-0.3931974110412795,True,-0.25429427918549935,-0.5006031451390873,-0.4371247456167531,3256.6422445253525,-0.6666837580364444,-0.6568285090933605,-0.5411915905178936,-0.6215679525492329,-0.6568285090933605,-0.6215679525492329,True,-0.6099241481767795,-0.6887536423440349,-0.5944430430357742,0.0,0.0,0.0,0.0,True,,,,-0.07187424313062521,-0.4849178622842507,-0.44399898812533795,-0.40405547911324907,-0.22229372005653822,-0.32542805854200024,-0.40405547911324907,-0.32542805854200024,True,-0.631424195291078,-0.7588172168140687,-0.5128993636576741,controlsgRNA,,,,non-targeting control,,0,0.0,0.0,0.0,0.0,0,0.0,0.0,0.0,0.0,0,0.0,0.0,0.0,0.0,0,0.0,0.0,0.0,0.0,0.830219924582884,0.4349050094307946,0.9999935409454064,1.0,0.7112694218733462,0.2915585059600019,1.0,0.9965999840087337,0.9999935409454064,0.9965999840087337,0.7767562800974859,0.5885502933103621,0.9999998615455512,0.9999999999999999,0.6090247788576824,0.3929309719065545,0.856889723135147,1.0,0.9999998615455512,0.856889723135147,0.38298162504412975,0.6993162852086179,0.6618586735872675,0.9999999995778844,0.34545324075257794,0.658647019721204,0.6069645725372397,1.0,0.6618586735872675,0.6069645725372397
gRNA_14750,controlsgRNA,-0.9286231163979426,-0.6522682656865495,-0.4823479329952128,-0.5723286652063067,0.42383474999553733,-0.4423466460580948,-0.5723286652063067,-0.6588919950715029,True,-0.7515284811292455,-0.8782010895026985,-0.8078457932428879,2611.8420630181145,-0.5292577255017517,-0.23535274351482993,-0.10690799034865667,-0.2905061531217461,-0.23535274351482993,-0.2905061531217461,True,-0.15589454573721004,-0.10058590948356076,-0.14275070777717982,0.0,0.0,0.0,0.0,True,,,,-0.5899316479231391,-0.7443080705345089,-0.24476729612462764,-0.7463799959785988,-0.30274858285168577,-0.5256271186825121,-0.5899316479231391,-0.5256271186825121,True,-1.0179715611686408,-1.11019288441101,-0.8454578773932008,controlsgRNA,,,,non-targeting control,,0,0.0,0.0,0.0,0.0,0,0.0,0.0,0.0,0.0,0,0.0,0.0,0.0,0.0,0,0.0,0.0,0.0,0.0,0.4152071832253263,0.8083767865224504,0.8185780624186237,1.0,0.2936985576443832,0.7095301053956995,0.5781709825878957,1.0,0.8185780624186237,0.5781709825878957,0.9574709114556786,0.15727355183557185,0.9999998615455512,0.9811490776700112,0.9213713206641262,0.07969341629043847,1.0,0.5762447024077858,0.9811490776700112,0.5762447024077858,0.7270601609989172,0.3520267799862986,0.9390465765995937,0.9999999995778844,0.7187346262876025,0.2838910568742824,0.9131516786562335,1.0,0.9390465765995937,0.9131516786562335
gRNA_14751,controlsgRNA,-0.28316923796111276,-0.4876457662753868,-0.6087268772787355,-0.07940050113706515,0.2676700759239073,-0.2382544613456786,-0.28316923796111276,-0.36473559566307506,True,-0.3689315076359921,-0.3706043265589237,-0.39741225372362016,2910.430030886196,0.31389884480794017,0.2837134602456391,0.6049844649816206,0.4008655900117333,0.31389884480794017,0.4008655900117333,True,0.7922765758349143,0.6658924692445423,0.8005393901073011,0.0,0.0,0.0,0.0,True,,,,0.14747406650019956,-0.10245202555361702,-0.15477138292686002,0.09745532994977128,-0.1177060995410709,-0.02600002231431542,-0.10245202555361702,,False,-0.053284025239992185,-0.18867358020593097,,controlsgRNA,,,,non-targeting control,,0,0.0,0.0,0.0,0.0,0,0.0,0.0,0.0,0.0,0,0.0,0.0,0.0,0.0,0,0.0,0.0,0.0,0.0,0.03395895197345522,0.9951367069849829,0.17254818840566435,1.0,0.0146459025489633,0.9860673993796871,0.07441701835689461,1.0,0.17254818840566435,0.07441701835689461,0.18866966301674556,0.9735324064042895,0.3896187625686377,0.9999999999999999,0.0799880052947981,0.921146180582475,0.17588005842598883,1.0,0.3896187625686377,0.17588005842598883,0.5810734225717998,0.7188011134311397,0.853451589402331,0.9999999995778844,0.4275002317887415,0.5757450568106122,0.6976713332574764,1.0,0.853451589402331,0.6976713332574764
gRNA_14752,controlsgRNA,0.38182341465650166,-0.8678604209813308,-0.27711137460974367,-0.23783256993388743,-0.5818041062727178,-0.31655701142823556,-0.27711137460974367,-0.49115211794941993,True,-0.5157196794643455,-0.3599702211562205,-0.5737999875959648,3488.342226759903,-0.8207484405266766,-0.7244391361844237,-0.9911629882302536,-0.8454501883137846,-0.8207484405266766,-0.8454501883137846,True,-0.916963989901937,-0.917503246273075,-0.8999022958710002,0.0,0.0,0.0,0.0,True,,,,-0.42139116031715174,-0.5471929870921566,-0.41043406922284287,-0.8281320250836187,-0.647678293765369,-0.5709657070962277,-0.5471929870921566,-0.5709657070962277,True,-1.1055119917362384,-1.0294007872969086,-0.9207715854952746,controlsgRNA,,,,non-targeting control,,0,0.0,0.0,0.0,0.0,0,0.0,0.0,0.0,0.0,0,0.0,0.0,0.0,0.0,0,0.0,0.0,0.0,0.0,0.9601927207775065,0.15487851659046453,0.9999935409454064,0.9546610202953224,0.9166932975177683,0.08509367289783626,1.0,0.5230802890570301,0.9546610202953224,0.5230802890570301,0.9834776333260807,0.1208602707063555,0.9999998615455512,0.8574238072752768,0.9522940691342091,0.048530208955585,1.0,0.4450575260317063,0.8574238072752768,0.4450575260317063,0.6229996990102158,0.5431367196634901,0.8873026016206104,0.9999999995778844,0.5501445910326288,0.45304509593719533,0.7913667348369521,1.0,0.8873026016206104,0.7913667348369521
gRNA_14753,controlsgRNA,-0.945313777181265,-1.256146092305542,-0.3722489753084362,-0.7617326553943713,0.009299378646097724,-0.6652284243087034,-0.7617326553943713,-0.8338603750474036,True,-1.1693489573304077,-1.2106849833325652,-1.0519774580371355,2886.8854599431934,-0.37338043306931057,-0.3401761793629321,-0.08012653762040302,-0.26456105001754854,-0.3401761793629321,-0.26456105001754854,True,-0.12031253395565253,-0.2468665919061806,-0.10735186614118826,0.0,0.0,0.0,0.0,True,,,,-1.0547283726788619,-1.2533698837617533,-0.4509058265125646,-0.8231393964487194,-0.3173573531907998,-0.7799001665185398,-0.8231393964487194,-0.7799001665185398,True,-1.508925798344835,-1.5510429882818584,-1.267840813716688,controlsgRNA,,,,non-targeting control,,0,0.0,0.0,0.0,0.0,0,0.0,0.0,0.0,0.0,0,0.0,0.0,0.0,0.0,0,0.0,0.0,0.0,0.0,0.38673640636445356,0.848269007989861,0.7989719164452447,1.0,0.2578627343776677,0.7449548842683271,0.538646600700017,1.0,0.7989719164452447,0.538646600700017,0.9932635325424332,0.006567147717647961,0.9999998615455512,0.18994211860274102,0.9966406559595918,0.003641494722784725,1.0,0.09250512879409654,0.18994211860274102,0.09250512879409654,0.9225170251661498,0.11551895851043588,0.9999999963825513,0.9999999995778844,0.9223352390716989,0.07924289609385482,1.0,0.9028887554936186,0.9999999963825513,0.9028887554936186
gRNA_14754,controlsgRNA,-0.07930377937261751,0.5402140200664689,-0.6216885335025987,-1.1742868150698378,-0.10795264557611849,-0.2886035506909407,-0.10795264557611849,-0.4958079433802931,True,-0.4633173324963733,-0.06302530015130299,-0.5802962151634089,828.8759179707148,-0.4395039656056892,-0.5146236051666913,-0.4628455505208946,-0.472324373764425,-0.4628455505208946,-0.472324373764425,True,-0.40524634222180184,-0.41805120515758143,-0.3908188836182957,0.0,0.0,0.0,0.0,True,,,,0.21285117931721684,-0.6465461513544563,-0.8293258979112761,-1.1748566743079585,-0.34977679220734836,-0.5575308672927645,-0.6465461513544563,-0.7501263789452598,True,-1.0795718003418788,-1.2172155278527008,-1.2183824069854188,controlsgRNA,,,,non-targeting control,,0,0.0,0.0,0.0,0.0,0,0.0,0.0,0.0,0.0,0,0.0,0.0,0.0,0.0,0,0.0,0.0,0.0,0.0,0.6715810653247944,0.6392587165987429,0.9999935409454064,1.0,0.5188947348135002,0.4843426460290412,0.837280458786827,1.0,0.9999935409454064,0.837280458786827,0.8213943782731734,0.04313704955519347,0.9999998615455512,0.5119646522816043,0.9433482028664086,0.059126561986375295,1.0,0.4853001636045316,0.5119646522816043,0.4853001636045316,0.46704473731230634,0.44516480647404477,0.740965490419524,0.9999999995778844,0.5079574006136535,0.49566243414853106,0.7710944988007056,1.0,0.740965490419524,0.7710944988007056
gRNA_14755,controlsgRNA,-1.660815412612449,-0.9471543012907255,-1.0505128451409034,-0.5214238296589583,-0.450180859781616,-0.9260174496969305,-0.9471543012907255,-0.9260174496969305,True,-1.658231429603344,-1.5361781831682646,-1.1805633205790163,1868.0476627732507,0.15420027279547763,-0.12666475783704437,-0.1229426049982376,-0.03180236334660145,-0.1229426049982376,-0.12480368141764098,True,0.19890077955958924,0.05628198594829899,0.08332954833084094,0.0,0.0,0.0,0.0,True,,,,-0.46671217717388064,-0.5390833360434893,-1.0175706545434826,-0.7097299664558517,-0.7999331255158723,-0.7066058519465153,-0.7097299664558517,-0.7066058519465153,True,-1.367408029921084,-1.3366566340188253,-1.1460887520325374,controlsgRNA,,,,non-targeting control,,0,0.0,0.0,0.0,0.0,0,0.0,0.0,0.0,0.0,0,0.0,0.0,0.0,0.0,0,0.0,0.0,0.0,0.0,0.18392293060594317,0.9511396593497694,0.5047811818090119,1.0,0.10308839961702343,0.8983767390657353,0.2830819745553214,1.0,0.5047811818090119,0.2830819745553214,0.9968745542530215,0.0267285315224864,0.9999998615455512,0.43743400559709156,0.9915404794810475,0.00880254260623625,1.0,0.17840444754294593,0.43743400559709156,0.17840444754294593,0.9924579164825483,0.02419365479464827,0.9999999963825513,0.6497724430562678,0.9898389486650925,0.010823284088320494,1.0,0.3699595288371369,0.6497724430562678,0.3699595288371369
gRNA_14756,controlsgRNA,0.30741735291346683,-0.7780491321662092,-0.3648525344601916,-0.2184909232165505,0.5291588631766911,-0.10496327475055864,-0.2184909232165505,,False,-0.11906008479598298,-0.25706660271649934,,2928.6235629785165,-0.6608758705963209,-0.6006578593087818,-0.7883128457996028,-0.6832821919015685,-0.6608758705963209,-0.6832821919015685,True,-0.6945611905853485,-0.6944017190157633,-0.6786443883434198,0.0,0.0,0.0,0.0,True,,,,0.3006465954232971,-0.3078219334805262,-0.3315667632369772,-0.02963970018216146,-0.2915236640858781,-0.13198109311244915,-0.2915236640858781,-0.24013801524638573,True,-0.25791387575552,-0.5460898839649633,-0.37122072633080166,controlsgRNA,,,,non-targeting control,,0,0.0,0.0,0.0,0.0,0,0.0,0.0,0.0,0.0,0,0.0,0.0,0.0,0.0,0,0.0,0.0,0.0,0.0,0.8816139876570595,0.3362334547523423,0.9999935409454064,1.0,0.7885667802959139,0.21424103192763133,1.0,0.8661787957504234,0.9999935409454064,0.8661787957504234,0.3322232904240547,0.8620307842079096,0.5864598929551388,0.9999999999999999,0.22113459319784762,0.7813077603240809,0.3978306557052187,1.0,0.5864598929551388,0.3978306557052187,0.31177921591079044,0.7708410068726881,0.5861449259122861,0.9999999995778844,0.25638151136089926,0.7470182165750856,0.4896906701161371,1.0,0.5861449259122861,0.4896906701161371
gRNA_14757,controlsgRNA,-1.1490076896404817,-1.0178452741743376,0.8183737066519795,-0.028765818831902247,0.16153193759871556,-0.24314262767920533,-0.028765818831902247,,False,-0.378095002297849,0.07598098197509717,,2500.540454923919,-1.2488928645995971,-1.4195795045566626,-1.5271631625217144,-1.3985451772259914,-1.4195795045566626,-1.3985451772259914,True,-1.6754975880440297,-1.753169583609182,-1.6545310920462646,0.0,0.0,0.0,0.0,True,,,,0.09832515883383125,-0.4332412565759696,-0.011269193910608852,0.08826872776069428,0.18076635302169883,-0.015430042174070829,0.08826872776069428,,False,-0.03287534810773173,0.17186016895342873,,controlsgRNA,,,,non-targeting control,,0,0.0,0.0,0.0,0.0,0,0.0,0.0,0.0,0.0,0,0.0,0.0,0.0,0.0,0,0.0,0.0,0.0,0.0,0.9998069315449515,0.0019477544681206695,0.9999935409454064,0.09154446000167146,0.9994390259778129,0.0006666684827576292,1.0,0.03133341868960857,0.09154446000167146,0.03133341868960857,0.14161432680549066,0.9597623515777262,0.3146866949822837,0.9999999999999999,0.06989882536759048,0.9311167686513977,0.15780257165414782,1.0,0.3146866949822837,0.15780257165414782,0.26649167400289553,0.35191852518803773,0.5191754892491643,0.9999999995778844,0.4457369582649198,0.5614809496981904,0.716226907297478,1.0,0.5191754892491643,0.716226907297478
gRNA_14758,controlsgRNA,-0.06813713130444132,-0.08568200423037499,-0.1763431088690719,-0.354187778117845,-0.9042237212438137,-0.31771474875310934,-0.1763431088690719,-0.31771474875310934,True,-0.517890006550711,-0.18307941048916748,-0.33180452712898356,3809.4045578008513,-0.14540085199599315,0.03099331510123392,-0.28558131506990925,-0.13332961732155615,-0.14540085199599315,-0.2154910835329512,True,0.05966279185232288,0.024941592740734486,-0.040402046527997046,0.0,0.0,0.0,0.0,True,,,,-0.10320111279296731,0.01264961399966395,-0.17332334022745632,-0.32918173367665793,-0.18462195902223044,-0.1555357063439296,-0.17332334022745632,-0.197582036429828,True,-0.30339347836955394,-0.3226469435823994,-0.3005293202080056,controlsgRNA,,,,non-targeting control,,0,0.0,0.0,0.0,0.0,0,0.0,0.0,0.0,0.0,0,0.0,0.0,0.0,0.0,0,0.0,0.0,0.0,0.0,0.26445362639719244,0.9168743902859716,0.6383547555085787,1.0,0.15987565085723104,0.8423854527680313,0.3928970243288815,1.0,0.6383547555085787,0.3928970243288815,0.44468752431550684,0.8910138398651523,0.735423973705066,0.9999999999999999,0.2480715170532582,0.7538631196842455,0.43383669959081433,1.0,0.735423973705066,0.43383669959081433,0.6955630139930588,0.592967995044395,0.9270667367640327,0.9999999995778844,0.5514310758704294,0.451483853042169,0.7913667348369521,1.0,0.9270667367640327,0.7913667348369521
gRNA_14759,controlsgRNA,-0.8510265550539268,-0.494655481511044,0.047161282202072934,-0.00017199167075463952,-0.4586650962499645,-0.3514715684567234,-0.4586650962499645,-0.45112978112142244,True,-0.5811714941371118,-0.6786735824228313,-0.517957213489461,3128.2173121089727,-1.539675936268122,-1.2697444135108709,-1.8667520772515367,-1.5587241423435099,-1.539675936268122,-1.5587241423435099,True,-1.8951725610468209,-1.9207636702286193,-1.8730752156460162,0.0,0.0,0.0,0.0,True,,,,-0.056898460313967836,-0.04739571762443739,-0.10602829818422749,0.036786187873929864,-0.2685245373918027,-0.0884121651281011,-0.056898460313967836,-0.11971175337860886,True,-0.17379033224518273,-0.10256025809483478,-0.17117593774206133,controlsgRNA,,,,non-targeting control,,0,0.0,0.0,0.0,0.0,0,0.0,0.0,0.0,0.0,0,0.0,0.0,0.0,0.0,0,0.0,0.0,0.0,0.0,0.9999583584281276,0.00025597689157064293,0.9999935409454064,0.02763977220943036,0.9999573283935018,8.441234777277887e-05,1.0,0.010579680920854952,0.02763977220943036,0.010579680920854952,0.3110537398918861,0.9465159260549957,0.5542948161106596,0.9999999999999999,0.14807496002268383,0.8534899667353115,0.29303255246594273,1.0,0.5542948161106596,0.29303255246594273,0.7018684544395113,0.5473412708563838,0.9270667367640327,0.9999999995778844,0.5848851524339751,0.41760600522603536,0.8085177107175537,1.0,0.9270667367640327,0.8085177107175537
gRNA_14760,controlsgRNA,-0.11354032955260165,0.6294364407453922,-0.4813393032446841,-0.37223257017983363,0.1433245037608783,-0.03887025169416978,-0.11354032955260165,,False,0.004839762844071327,-0.07283404242831204,,3144.27042866102,-1.2416625130534729,-0.9168839538226337,-1.6305796126672736,-1.2630420265144602,-1.2416625130534729,-1.2630420265144602,True,-1.4896638804001463,-1.5048871387427534,-1.4696540247264065,0.0,0.0,0.0,0.0,True,,,,0.21924968908615675,-0.25510597020203074,-0.8640130086948252,-0.2607843909700579,-0.49786201441920974,-0.3317031390399934,-0.2607843909700579,-0.4694413460715309,True,-0.6435402153936022,-0.48798112972459,-0.7521254860249502,controlsgRNA,,,,non-targeting control,,0,0.0,0.0,0.0,0.0,0,0.0,0.0,0.0,0.0,0,0.0,0.0,0.0,0.0,0,0.0,0.0,0.0,0.0,0.9976017331892122,0.005177864548389136,0.9999935409454064,0.141355831574562,0.9978609464426217,0.002625293202817073,1.0,0.08225918702160162,0.141355831574562,0.08225918702160162,0.6166984268107145,0.3941781093052727,0.8816677128548618,0.9999999999999999,0.6236471223753385,0.380391520492102,0.8652816162846025,1.0,0.8816677128548618,0.8652816162846025,0.2603775828697855,0.8735067918634303,0.5152735324159966,0.9999999995778844,0.1793778694104206,0.8229311720111513,0.38105129321083697,1.0,0.5152735324159966,0.38105129321083697
gRNA_14761,controlsgRNA,-0.5087178735476239,-0.7605140723559852,0.022817657690048204,0.10343409552590835,-0.11504541100376107,-0.25160512073828273,-0.11504541100376107,,False,-0.39395903078660727,-0.07547609522200299,,3104.67274116597,-0.0751671414705309,-0.11944182323739906,-0.07479436529410473,-0.08980111000067824,-0.0751671414705309,-0.08980111000067824,True,0.1193592923481914,0.12295245282764285,0.13108617035949216,0.0,0.0,0.0,0.0,True,,,,-0.2808928521752052,-0.2010626566027588,-0.27943768418114073,-0.6013376511201538,-0.21603091449607426,-0.31575235171506655,-0.27943768418114073,-0.31575235171506655,True,-0.6127421945647522,-0.5232428493785459,-0.4968266674150076,controlsgRNA,,,,non-targeting control,,0,0.0,0.0,0.0,0.0,0,0.0,0.0,0.0,0.0,0,0.0,0.0,0.0,0.0,0,0.0,0.0,0.0,0.0,0.22071327518424524,0.9420103401172677,0.5684122703375083,1.0,0.12483330788570157,0.8769477857809392,0.32863530761464754,1.0,0.5684122703375083,0.32863530761464754,0.7661503557228998,0.6067691322993103,0.9999998615455512,0.9999999999999999,0.5893229965496984,0.4134746541513128,0.8393388132677523,1.0,0.9999998615455512,0.8393388132677523,0.5721835313560335,0.7010462033485068,0.8459072405146533,0.9999999995778844,0.4280023635509441,0.57482476154849,0.6976713332574764,1.0,0.8459072405146533,0.6976713332574764
gRNA_14762,controlsgRNA,-0.43160072614201533,0.25076938255579995,-0.11146426242237538,-0.6473263059193834,-0.7819440334886009,-0.34431318908331504,-0.43160072614201533,-0.4930838319930938,True,-0.56775219399467,-0.6311641970682315,-0.5764952892582051,4408.185805192221,-0.46870713826664545,-0.4055076172682469,-0.23089268266914742,-0.36836914606801324,-0.4055076172682469,-0.36836914606801324,True,-0.2626785473746201,-0.33803635030151646,-0.24898500353387362,0.0,0.0,0.0,0.0,True,,,,-0.5572178874423233,-0.38675953678752345,-0.24823163310545554,-0.48272016342254376,-0.12405623702072553,-0.35979709155571427,-0.38675953678752345,-0.35979709155571427,True,-0.6977844427861748,-0.7261213993764076,-0.5699911128873952,controlsgRNA,,,,non-targeting control,,0,0.0,0.0,0.0,0.0,0,0.0,0.0,0.0,0.0,0,0.0,0.0,0.0,0.0,0,0.0,0.0,0.0,0.0,0.5209647592426225,0.7572330858149269,0.9417439878616638,1.0,0.37568122674027515,0.6267775264121672,0.6890543475821632,1.0,0.9417439878616638,0.6890543475821632,0.8297841713610054,0.5069030428557075,0.9999998615455512,0.9999999999999999,0.6833003250165004,0.31897759349074384,0.9046511345288878,1.0,0.9999998615455512,0.9046511345288878,0.6857658351951686,0.5406931653384148,0.9241862151734173,0.9999999995778844,0.5842342051435749,0.41874025272902593,0.8085177107175537,1.0,0.9241862151734173,0.8085177107175537
gRNA_14763,controlsgRNA,0.21988364162263083,-1.1684592224760038,0.08838568959756304,-1.4643145888618592,0.43873942194850285,-0.3771530116338333,0.08838568959756304,,False,-0.6293146528197747,0.2816312940513925,,1409.9987371548314,-0.4698081429656444,0.20003726683491627,-0.22931136825590331,-0.16636074812887716,-0.22931136825590331,-0.34955975561077385,True,0.01436275658847715,-0.0921551946486881,-0.22332194752706877,0.0,0.0,0.0,0.0,True,,,,-0.005226752595789802,-0.4822031809141338,-0.11490166907281509,-0.566926977261469,0.04311314978976795,-0.22522908601088795,-0.11490166907281509,-0.2923146449610519,True,-0.43795850734850955,-0.21220807540728354,-0.4578933731327386,controlsgRNA,,,,non-targeting control,,0,0.0,0.0,0.0,0.0,0,0.0,0.0,0.0,0.0,0,0.0,0.0,0.0,0.0,0,0.0,0.0,0.0,0.0,0.28826354264572296,0.8635772444989656,0.6732117517688934,1.0,0.20076999963620518,0.8013291443757385,0.4520330530731326,1.0,0.6732117517688934,0.4520330530731326,0.4985496967143288,0.7105983653227793,0.7714184607596198,0.9999999999999999,0.38322712801454967,0.6193383163633922,0.5995083063997579,1.0,0.7714184607596198,0.5995083063997579,0.38373720968623487,0.1934273262893942,0.6618586735872675,0.9999999995778844,0.6096028636811149,0.3965643577666661,0.8334933699785425,1.0,0.6618586735872675,0.8334933699785425
gRNA_14764,controlsgRNA,-0.6527508041081106,-0.7627641098442919,-0.12083782450119837,-0.32493742286293803,0.28627700961049746,-0.3150026303412083,-0.32493742286293803,-0.4653225403291347,True,-0.5128057927793175,-0.44392510898053833,-0.5377602312340383,5383.145083786566,0.13581678337833117,0.43214707304870364,0.5274156815203848,0.36512651264913987,0.43214707304870364,0.36512651264913987,True,0.7432627690032099,0.8309073953665023,0.7517778980178665,0.0,0.0,0.0,0.0,True,,,,-0.5549785191249715,-0.46181983176497693,-0.38888336755837294,0.11418596173775174,0.06971572712410984,-0.244356005917292,-0.38888336755837294,,False,-0.4748890528864478,-0.7301362360267877,,controlsgRNA,,,,non-targeting control,,0,0.0,0.0,0.0,0.0,0,0.0,0.0,0.0,0.0,0,0.0,0.0,0.0,0.0,0,0.0,0.0,0.0,0.0,0.038385770884682056,0.9937916546671933,0.18990855069263757,1.0,0.01707327021923593,0.9835778732425241,0.08446775792674618,1.0,0.18990855069263757,0.08446775792674618,0.5059639587834565,0.6511675411648988,0.7796821659941788,0.9999999999999999,0.427190905796005,0.5755509774132935,0.6476765345939431,1.0,0.7796821659941788,0.6476765345939431,0.6536079561738318,0.5789631291257947,0.9104949033987091,0.9999999995778844,0.5455190919925627,0.4576121630499507,0.7913667348369521,1.0,0.9104949033987091,0.7913667348369521
gRNA_14765,controlsgRNA,-0.3716811926790984,0.19356749572575102,-1.1627139399375719,-0.9327479535968253,-0.08618520254934729,-0.4719521586074184,-0.3716811926790984,-0.6383320721907108,True,-0.8070278110817787,-0.5259801416402639,-0.7791587344633504,3661.7158855220155,-0.06360853577849748,0.05378342714535986,-0.11480992515469357,-0.0415450112626104,-0.06360853577849748,-0.08920923046659553,True,0.18553937523065783,0.13908244050458501,0.1318937158069099,0.0,0.0,0.0,0.0,True,,,,-0.26957800884609384,-0.4497189277060479,-0.20661674213943285,-0.16915413397897205,0.07778430585464656,-0.20345670136318,-0.20661674213943285,-0.27376695316763666,True,-0.39592005857388646,-0.3855839591142775,-0.42708307456433575,controlsgRNA,,,,non-targeting control,,0,0.0,0.0,0.0,0.0,0,0.0,0.0,0.0,0.0,0,0.0,0.0,0.0,0.0,0,0.0,0.0,0.0,0.0,0.18722453143928447,0.9532689647110247,0.510119013196891,1.0,0.10314423009063572,0.898276089065475,0.2830819745553214,1.0,0.510119013196891,0.2830819745553214,0.5146449310856155,0.812222471826852,0.7856155186594155,0.9999999999999999,0.3359783545044378,0.6674099232916475,0.5540695670774939,1.0,0.7856155186594155,0.5540695670774939,0.7517185080850651,0.2593967108298132,0.946915991808892,0.9999999995778844,0.764767447449874,0.23910471150307316,0.9336122085751709,1.0,0.946915991808892,0.9336122085751709
gRNA_14766,controlsgRNA,1.684239729326617,-0.8139603395313407,-0.7763502382978101,-0.5951226332294103,0.3745478839938407,-0.025329119547620703,-0.5951226332294103,,False,0.03022435159861905,-0.9182141179327222,,1899.6187919922775,-0.39590542535537976,-0.6394445005290831,-0.4201397671313068,-0.48516323100525655,-0.4201397671313068,-0.48516323100525655,True,-0.4228539951099144,-0.3584554564867026,-0.40833589530370196,0.0,0.0,0.0,0.0,True,,,,0.08865815963425781,-0.14404191084470133,-0.32903127435060703,0.07344628787509881,1.159840265525604,0.16977430556793044,0.07344628787509881,,False,0.3247200008339485,0.14384019875733806,,controlsgRNA,,,,non-targeting control,,0,0.0,0.0,0.0,0.0,0,0.0,0.0,0.0,0.0,0,0.0,0.0,0.0,0.0,0,0.0,0.0,0.0,0.0,0.6726212311644959,0.6135349422963989,0.9999935409454064,1.0,0.5328988065157941,0.4705248485510108,0.8526380904252706,1.0,0.9999935409454064,0.8526380904252706,0.021865207000545752,0.9726717162211523,0.06967218501868816,0.9999999999999999,0.018903510597634503,0.9835105078787276,0.052262646946401266,1.0,0.06967218501868816,0.052262646946401266,0.06684559759899292,0.5330003525939263,0.2130446596983898,0.9999999995778844,0.2235042113080144,0.7986579356046795,0.4567259970207251,1.0,0.2130446596983898,0.4567259970207251
gRNA_14767,controlsgRNA,-0.31066656353072347,-0.7551865878615822,-0.9927103700364727,-0.015431135232328995,-0.6881603272986577,-0.552430996791953,-0.6881603272986577,-0.552430996791953,True,-0.9578957140494663,-1.0815345145430602,-0.6593018063280873,2328.237003931943,-0.0708401390140659,-0.0818013384401118,-0.38374687375153627,-0.17879611706857132,-0.0818013384401118,-0.17879611706857132,True,-0.002691538487676362,0.11369445768385993,0.00966363644477368,0.0,0.0,0.0,0.0,True,,,,-0.566665310628729,-0.4733616298671396,-0.48283450294511626,-0.062202044604304195,-0.6340379997417328,-0.4438202975574043,-0.48283450294511626,-0.4438202975574043,True,-0.8600177166574179,-0.907739116102133,-0.7095653570801712,controlsgRNA,,,,non-targeting control,,0,0.0,0.0,0.0,0.0,0,0.0,0.0,0.0,0.0,0,0.0,0.0,0.0,0.0,0,0.0,0.0,0.0,0.0,0.29544135124242393,0.8966557045404098,0.6841724180989851,1.0,0.18596132850852598,0.8168143197426552,0.43700912199503605,1.0,0.6841724180989851,0.43700912199503605,0.9049575243810669,0.2996221042134584,0.9999998615455512,0.9999999999999999,0.8310698828267629,0.1706377098512194,1.0,0.9165682700579786,0.9999998615455512,0.9165682700579786,0.8914345994069588,0.2753110715235786,0.9999999963825513,0.9999999995778844,0.832266744906191,0.1700423797466193,0.9751662726765732,1.0,0.9999999963825513,0.9751662726765732
gRNA_14768,controlsgRNA,-0.9490965417230425,-0.9144581950611443,0.601828863155516,0.6883594576752552,0.19339537131451312,-0.07599420892778048,0.19339537131451312,,False,-0.06475385585174705,0.46596757879607703,,5224.754333806365,-0.6579247105467717,-0.4468766388459816,-0.6234532843732685,-0.5760848779220072,-0.6234532843732685,-0.5760848779220072,True,-0.5475470864727706,-0.6421786507063062,-0.5323870878375595,0.0,0.0,0.0,0.0,True,,,,0.3665127479323851,-0.09767190265703254,0.39906173367720255,-0.17861156321828062,0.12727715455172478,0.12331363405719986,0.12727715455172478,,False,0.23501303529289777,0.2456007247942561,,controlsgRNA,,,,non-targeting control,,0,0.0,0.0,0.0,0.0,0,0.0,0.0,0.0,0.0,0,0.0,0.0,0.0,0.0,0,0.0,0.0,0.0,0.0,0.7817195462164533,0.49354351789081197,0.9999935409454064,1.0,0.6549075553329462,0.34823172423037724,0.9480408816931426,1.0,0.9999935409454064,0.9480408816931426,0.05031085430928255,0.9912957919108681,0.133011705114617,0.9999999999999999,0.019519132217198545,0.9810246226547844,0.053570757034063166,1.0,0.133011705114617,0.053570757034063166,0.13607220363096417,0.557666152202454,0.3325897391199359,0.9999999995778844,0.22619473107032584,0.7782139272426953,0.4597255074726622,1.0,0.3325897391199359,0.4597255074726622
gRNA_14769,controlsgRNA,0.058073632975934764,0.3414970125292886,-0.3167686177202676,0.7673168531913126,-0.8930027987494925,-0.00857678355464484,0.058073632975934764,,False,0.06162875377543957,0.22842084898345405,,1861.0913122673635,-0.29498316642383715,-0.739464369612891,-0.549276421177545,-0.5279079857380911,-0.549276421177545,-0.5279079857380911,True,-0.48147563019824957,-0.5386651369538737,-0.4666557561838118,0.0,0.0,0.0,0.0,True,,,,-0.05136681055471678,-0.0613263518710258,-0.19570229648758355,-0.1897743693799273,-0.5062052069067245,-0.2008750070399956,-0.1897743693799273,-0.2008750070399956,True,-0.3909352842226604,-0.35374555825751897,-0.3059994028903294,controlsgRNA,,,,non-targeting control,,0,0.0,0.0,0.0,0.0,0,0.0,0.0,0.0,0.0,0,0.0,0.0,0.0,0.0,0,0.0,0.0,0.0,0.0,0.7139384924390192,0.5166602185473441,0.9999935409454064,1.0,0.6065246774867142,0.39705043155119546,0.9049733283135101,1.0,0.9999935409454064,0.9049733283135101,0.5291747192008016,0.8063535062512617,0.7958787776780056,0.9999999999999999,0.3427726891355781,0.659446170775462,0.5603588309346843,1.0,0.7958787776780056,0.5603588309346843,0.15279589367675472,0.7869963624491203,0.3528567714083662,0.9999999995778844,0.15263450372057596,0.8502644305715014,0.33872329451168626,1.0,0.3528567714083662,0.33872329451168626
gRNA_14770,controlsgRNA,-0.42028889751774595,-0.45376929587773995,-0.14730235838778039,-0.03544195717749587,-0.3481709149327663,-0.28099468477870565,-0.3481709149327663,-0.28099468477870565,True,-0.4490535375654741,-0.48470968750484345,-0.2805693819521397,7871.913253238983,0.013758576457920325,0.7291493974850181,0.6222000424681939,0.4550360054703774,0.6222000424681939,0.4550360054703774,True,0.8665677572312794,1.0961255485227717,0.8744481331358142,0.0,0.0,0.0,0.0,True,,,,-0.5138029272020299,-0.5629801893080101,-0.4695631577689495,-0.8021910149451894,-1.0953823028014344,-0.6887839184051228,-0.5629801893080101,-0.6887839184051228,True,-1.33299717174605,-1.059244520108924,-1.1164840389721513,controlsgRNA,,,,non-targeting control,,0,0.0,0.0,0.0,0.0,0,0.0,0.0,0.0,0.0,0,0.0,0.0,0.0,0.0,0,0.0,0.0,0.0,0.0,0.026404548277597882,0.9938845659737865,0.13983253735741977,1.0,0.012393904697871353,0.9883952554605467,0.06453172266210536,1.0,0.13983253735741977,0.06453172266210536,0.9946322209419153,0.031415254774927154,0.9999998615455512,0.45436053909255986,0.9882846758070998,0.012060578765306898,1.0,0.1873515073542243,0.45436053909255986,0.1873515073542243,0.7011138697263768,0.7166599032401224,0.9270667367640327,0.9999999995778844,0.4927745431432249,0.5100981611342755,0.7710944988007056,1.0,0.9270667367640327,0.7710944988007056
gRNA_14771,controlsgRNA,-0.36077143625576785,0.0769641543321532,-0.6811454305228503,-0.6387981264908971,-0.9275176482089045,-0.5062536974292533,-0.6387981264908971,-0.652058160369605,True,-0.8713304445113133,-0.9948830310327077,-0.798310610697717,1684.5070301948422,-0.6285143012592963,-0.7457150441604412,-0.622265418451593,-0.6654982546237768,-0.6285143012592963,-0.6654982546237768,True,-0.6701716838950287,-0.6492412793813798,-0.6543804346858563,0.0,0.0,0.0,0.0,True,,,,-0.7325448604074575,-0.322655531813196,0.5039672098263897,-0.218132952963507,-0.9473453158287803,-0.3433422902373102,-0.322655531813196,-0.5551696652532352,True,-0.6660132641342695,-0.6049407892545711,-0.8945321606222365,controlsgRNA,,,,non-targeting control,,0,0.0,0.0,0.0,0.0,0,0.0,0.0,0.0,0.0,0,0.0,0.0,0.0,0.0,0,0.0,0.0,0.0,0.0,0.8708901866095337,0.3621069696149954,0.9999935409454064,1.0,0.7697313899490996,0.2326513725155907,1.0,0.9018238769676505,0.9999935409454064,0.9018238769676505,0.48469785194003345,0.2127011304944814,0.7593599680393857,0.9999999999999999,0.6898848074834258,0.3156234080005557,0.9069814252229655,1.0,0.7593599680393857,0.9069814252229655,0.8627709009523863,0.32207196799788135,0.9999999963825513,0.9999999995778844,0.7951386996360359,0.2071741169790849,0.950519330383232,1.0,0.9999999963825513,0.950519330383232
gRNA_14772,controlsgRNA,0.006985798006357787,0.04954795061029147,0.29702359372401316,-0.11851474854262582,0.137884070609548,0.0745853328815169,0.04954795061029147,0.1228603532375526,True,0.21752680593555915,0.21345468027881853,0.2829255922828225,4017.5599690923996,-0.31417122844893713,-0.5395753464774969,-0.394549988850849,-0.41609885459242774,-0.394549988850849,-0.41609885459242774,True,-0.3281367205113943,-0.32274502399016397,-0.3141062091271724,0.0,0.0,0.0,0.0,True,,,,-0.3836757972011262,0.003546506621484761,-0.3805923673915762,-0.04696434573434342,0.24807940485711003,-0.11192131976969022,-0.04696434573434342,,False,-0.21918216272798552,-0.08378105598006474,,controlsgRNA,,,,non-targeting control,,0,0.0,0.0,0.0,0.0,0,0.0,0.0,0.0,0.0,0,0.0,0.0,0.0,0.0,0,0.0,0.0,0.0,0.0,0.5853663676573249,0.7052910532866083,0.9962857833864204,1.0,0.43767373922455505,0.5656421893516388,0.7618765090205217,1.0,0.9962857833864204,0.7618765090205217,0.28792510916462705,0.876940193000118,0.5229944011879216,0.9999999999999999,0.1867416887441714,0.8158829090882934,0.3458860835852633,1.0,0.5229944011879216,0.3458860835852633,0.2017906519387131,0.9762595215978134,0.4262544108368322,0.9999999995778844,0.08157349588039853,0.9194398188670927,0.21299746146548504,1.0,0.4262544108368322,0.21299746146548504
gRNA_14773,controlsgRNA,0.03705829472453901,-0.9326744025911334,-0.000943487215753644,1.0721690373210035,0.1728997315821163,0.06970183476415436,0.03705829472453901,,False,0.20837206244356477,0.19153006603301068,,3748.93781878814,-0.5149466969264496,-0.012136723705929579,-0.2579537768119201,-0.2616790658147664,-0.2579537768119201,-0.2616790658147664,True,-0.11636008113841684,-0.1321255603966019,-0.1034197598789006,0.0,0.0,0.0,0.0,True,,,,-0.07395212687421138,-0.6511332999917806,0.24883798469193336,0.4340985948656025,0.05793186450131312,0.0031566034385713967,0.05793186450131312,,False,0.0030120276722744883,0.11451212025620917,,controlsgRNA,,,,non-targeting control,,0,0.0,0.0,0.0,0.0,0,0.0,0.0,0.0,0.0,0,0.0,0.0,0.0,0.0,0,0.0,0.0,0.0,0.0,0.3952737276102509,0.8148999933697081,0.8121471124669636,1.0,0.2804139724089829,0.7226976176903704,0.5647709353455427,1.0,0.8121471124669636,0.5647709353455427,0.09345684456950076,0.882605478751316,0.2196235847383268,0.9999999999999999,0.07565161312373583,0.9257528994700277,0.1683136481332821,1.0,0.2196235847383268,0.1683136481332821,0.0963757475730338,0.8252220378984512,0.26069986393856626,0.9999999995778844,0.10203977832226813,0.9011586398140206,0.25577971099448543,1.0,0.26069986393856626,0.25577971099448543
gRNA_14774,controlsgRNA,-1.200439247670442,-1.4937301561193432,-1.1623037555617088,-1.3042049034906211,-0.665593492906861,-1.1652543111497953,-1.200439247670442,-1.1652543111497953,True,-2.1067116066805136,-1.9808001002524798,-1.514368167344375,4189.863420084375,0.4709598767958289,0.42830018057316016,0.4854878067226905,0.46158262136389316,0.4709598767958289,0.46158262136389316,True,0.8755460127007951,0.8850705066300174,0.8833801700730171,0.0,0.0,0.0,0.0,True,,,,-0.9888764860424207,-0.7796846456710029,-0.4244972835924748,-0.37260157655231807,-0.7996421015533691,-0.6730604186823173,-0.7796846456710029,-0.6730604186823173,True,-1.30263800124864,-1.468897212615503,-1.0903651166611916,controlsgRNA,,,,non-targeting control,,0,0.0,0.0,0.0,0.0,0,0.0,0.0,0.0,0.0,0,0.0,0.0,0.0,0.0,0,0.0,0.0,0.0,0.0,0.02608526888311544,0.9969512933257259,0.13983253735741977,1.0,0.010606811600402619,0.9899598222073795,0.05697373088216264,1.0,0.13983253735741977,0.05697373088216264,0.9921069863773556,0.036039633522364424,0.9999998615455512,0.4866921030458361,0.9861669269703298,0.014584062186556179,1.0,0.2030965697090786,0.4866921030458361,0.2030965697090786,0.9998080717365285,0.002635418021320998,0.9999999963825513,0.14155959657381362,0.9994614940413683,0.0005762422266876785,1.0,0.036111179539094526,0.14155959657381362,0.036111179539094526
gRNA_14775,controlsgRNA,-0.563909668120534,-0.03696123271685725,0.38585291235582697,-1.2657527881443364,0.04955420851530156,-0.2862433136221198,-0.03696123271685725,,False,-0.4588927654286539,0.06159457376209374,,3460.516824736354,-0.02259801378130778,0.0030027117187225887,-0.3573102713815624,-0.1256351911480492,-0.02259801378130778,-0.1899541425814351,True,0.07021519404006962,0.1963124587320918,-0.005560090996737834,0.0,0.0,0.0,0.0,True,,,,-0.37247024299810455,-0.04924568102593043,-0.279938931644773,-0.13975460131367762,-0.31974378254616614,-0.2322306479057304,-0.279938931644773,-0.2322306479057304,True,-0.45147722869305795,-0.5241903950660471,-0.35808548819070485,controlsgRNA,,,,non-targeting control,,0,0.0,0.0,0.0,0.0,0,0.0,0.0,0.0,0.0,0,0.0,0.0,0.0,0.0,0,0.0,0.0,0.0,0.0,0.25938307951641343,0.9126059159099821,0.637438156197199,1.0,0.1598703390156649,0.842818301808919,0.3928970243288815,1.0,0.637438156197199,0.3928970243288815,0.6204827353812234,0.7810369894140566,0.8837178352399243,0.9999999999999999,0.4092564989516889,0.5935510905141093,0.630657555761619,1.0,0.8837178352399243,0.630657555761619,0.4533001405810605,0.4413274393947817,0.7252802249296968,0.9999999995778844,0.4866810712010595,0.5185083616503973,0.7710944988007056,1.0,0.7252802249296968,0.7710944988007056
gRNA_14776,controlsgRNA,0.5020361918092173,-0.26730828169724435,-1.246918926184423,-0.38813549364826927,-0.16269883832616322,-0.31260506960937645,-0.26730828169724435,-0.516265384964025,True,-0.5083112577188119,-0.34276165812707093,-0.6088402827941168,1347.9266864869146,-0.1390100169341156,-0.1381350711100909,0.13372182446742753,-0.047807754525592994,-0.1381350711100909,-0.13857254402210326,True,0.17695043250518977,0.0350809606952743,0.0645436608789529,0.0,0.0,0.0,0.0,True,,,,0.004077057644631588,-0.6544538593101886,-0.47639209183357256,-0.7243675588075813,0.4052659985650896,-0.2891740907483243,-0.47639209183357256,,False,-0.5614244872833597,-0.8955605430244412,,controlsgRNA,,,,non-targeting control,,0,0.0,0.0,0.0,0.0,0,0.0,0.0,0.0,0.0,0,0.0,0.0,0.0,0.0,0,0.0,0.0,0.0,0.0,0.19823983997908465,0.9459952056920269,0.5362458980729196,1.0,0.11248934935903132,0.8890261043842042,0.30428773639565304,1.0,0.5362458980729196,0.30428773639565304,0.45710605853864184,0.38890915427237743,0.7408270603902126,0.9999999999999999,0.5586308091491784,0.446433323405075,0.7986508906467341,1.0,0.7408270603902126,0.7986508906467341,0.5286751866609989,0.4095440817895001,0.8047848995325327,0.9999999995778844,0.5576045588000924,0.44592318380947155,0.792880683084522,1.0,0.8047848995325327,0.792880683084522
gRNA_14777,controlsgRNA,-0.838331664242655,-0.19001349295073916,-0.4547169998164131,-0.6168855854570022,-0.8890068367761548,-0.5977909158485929,-0.6168855854570022,-0.5977909158485929,True,-1.0429286993811853,-0.9564172787567286,-0.7225920565764755,2158.0739684802406,-0.808014373961843,-0.7281864318719771,-0.5452804592042074,-0.6938270883460093,-0.7281864318719771,-0.6938270883460093,True,-0.709022826294196,-0.788333336101093,-0.6930315780109875,0.0,0.0,0.0,0.0,True,,,,-0.7243939022913032,-0.8631226997580155,-0.43223458086403155,-0.5420761133108084,-0.6237539925349793,-0.6371162577518277,-0.6237539925349793,-0.6371162577518277,True,-1.233236473006658,-1.1741298000133227,-1.0306568606477793,controlsgRNA,,,,non-targeting control,,0,0.0,0.0,0.0,0.0,0,0.0,0.0,0.0,0.0,0,0.0,0.0,0.0,0.0,0,0.0,0.0,0.0,0.0,0.890585829273993,0.30663745206367576,0.9999935409454064,1.0,0.8077399647662558,0.19473904306811857,1.0,0.8046360460836547,0.9999935409454064,0.8046360460836547,0.9937821432448913,0.06424730961923766,0.9999998615455512,0.671027456023149,0.9788236502223784,0.021756204104890216,1.0,0.272677758114624,0.671027456023149,0.272677758114624,0.9467235378343902,0.2365685922826098,0.9999999963825513,0.9999999995778844,0.8831983943386958,0.11853486939691582,0.9918183629738753,1.0,0.9999999963825513,0.9918183629738753
gRNA_14778,controlsgRNA,-0.5608664186057956,-0.2252279642423607,-0.5355263518554063,-0.5558838690826167,-0.8247703768024682,-0.5404549961177295,-0.5558838690826167,-0.5404549961177295,True,-0.9354451649558424,-0.8493335358518289,-0.6425918100271677,2614.5175824434555,-0.12522910026913103,-0.4984676541035563,-0.22435112027055373,-0.28268262488108037,-0.22435112027055373,-0.28268262488108037,True,-0.14516508850920318,-0.08523318856854206,-0.13207648397032865,0.0,0.0,0.0,0.0,True,,,,-0.6104754915994003,-0.4030872497349875,-0.19353735766735541,-0.3534412191894128,-0.10512559464556276,-0.3331333825673437,-0.3534412191894128,-0.3331333825673437,True,-0.646301751175402,-0.6631372838536859,-0.5256989797194096,controlsgRNA,,,,non-targeting control,,0,0.0,0.0,0.0,0.0,0,0.0,0.0,0.0,0.0,0,0.0,0.0,0.0,0.0,0,0.0,0.0,0.0,0.0,0.40897570212354356,0.8206098236533944,0.8185780624186237,1.0,0.28398050749865017,0.7191064839907423,0.5647709353455427,1.0,0.8185780624186237,0.5647709353455427,0.7842503093665458,0.5420009300433193,0.9999998615455512,0.9999999999999999,0.6356928780889368,0.3668846515715393,0.8755330482104038,1.0,0.9999998615455512,0.8755330482104038,0.9251711918604539,0.353469847329722,0.9999999963825513,0.9999999995778844,0.8192298405551596,0.18261147024532387,0.9686491196501258,1.0,0.9999999963825513,0.9686491196501258
gRNA_14779,controlsgRNA,-0.057349964599561605,0.9853105753187092,-0.4374121003157145,-0.007768446009250648,0.42426182706989596,0.1814083782928157,-0.007768446009250648,,False,0.41778030379136843,0.11284022802023434,,2564.7529211321084,-0.9385502929995286,-0.7241772206588751,-0.7193939357360721,-0.794040483131492,-0.7241772206588751,-0.794040483131492,True,-0.8464589420655002,-0.7827384980051654,-0.82976019603072,0.0,0.0,0.0,0.0,True,,,,-0.33364500074871534,-0.15764639195971916,-0.20848911921264174,0.21874115723453694,-0.06338020068233484,-0.10888391107377485,-0.15764639195971916,-0.19079017815085278,True,-0.21331748819017482,-0.2930116320805101,-0.2892470979379657,controlsgRNA,,,,non-targeting control,,0,0.0,0.0,0.0,0.0,0,0.0,0.0,0.0,0.0,0,0.0,0.0,0.0,0.0,0,0.0,0.0,0.0,0.0,0.9424554163634344,0.20037938980003317,0.9999935409454064,1.0,0.8861074329950358,0.11562874223252684,1.0,0.6210915297061442,0.9999935409454064,0.6210915297061442,0.32323642379838957,0.9099355110297029,0.5732872422084645,0.9999999999999999,0.18279930347345513,0.819019765799476,0.34195292590059273,1.0,0.5732872422084645,0.34195292590059273,0.06761369115968532,0.9612341359900627,0.2130446596983898,0.9999999995778844,0.04271075464073509,0.9587112067191585,0.12882997844314878,1.0,0.2130446596983898,0.12882997844314878
gRNA_14780,controlsgRNA,0.05588883441469054,0.24225387580687827,-0.026523635105885172,-0.5917136948494248,-0.7731645872285129,-0.21865184139245084,-0.026523635105885172,,False,-0.3321838826487275,0.07991696017264147,,5231.175580427184,-0.7900231744292235,-0.6842442648863701,-0.8966719200608377,-0.7903131197921439,-0.7900231744292235,-0.7903131197921439,True,-0.8413471070605596,-0.8746262612173196,-0.824674675883065,0.0,0.0,0.0,0.0,True,,,,-0.04110929108194393,-0.13792229865223923,-0.1370466840115615,-0.5188730395151754,-0.027565208462385877,-0.17250330434466118,-0.1370466840115615,-0.17250330434466118,True,-0.3361547725926579,-0.25407045861577715,-0.258870054361498,controlsgRNA,,,,non-targeting control,,0,0.0,0.0,0.0,0.0,0,0.0,0.0,0.0,0.0,0,0.0,0.0,0.0,0.0,0,0.0,0.0,0.0,0.0,0.9438862957613032,0.2011468650985754,0.9999935409454064,1.0,0.8869413266625648,0.11510464500278494,1.0,0.6210915297061442,0.9999935409454064,0.6210915297061442,0.4547565385790925,0.8387308813920853,0.7402097770811202,0.9999999999999999,0.28484903862323263,0.7181226254496577,0.48463003856260395,1.0,0.7402097770811202,0.48463003856260395,0.49003658915261594,0.704469583008829,0.7677239896724316,0.9999999995778844,0.3813365636008484,0.6211626740671499,0.645867332945581,1.0,0.7677239896724316,0.645867332945581
gRNA_14781,controlsgRNA,-3.5666862701537556,-2.2960450706367563,-3.211640757924285,0.34809847039784503,-3.861287025573345,-2.5175121307780595,-3.211640757924285,-3.2339147810720354,True,-4.641692306217729,-5.511307080288871,-4.40074983519617,112.90691974940015,-1.1933407642187854,-2.5861339451901726,-1.5175606480013974,-1.7656784524701183,-1.5175606480013974,-1.7656784524701183,True,-2.17899686005212,-1.8899018745485265,-2.155438435427265,0.0,0.0,0.0,0.0,True,,,,-1.086765233237106,-0.16393139457937433,-0.8761357973064328,-0.5942903177517463,-1.4018616336431795,-0.8245968753035677,-0.8761357973064328,-0.8245968753035677,True,-1.5952268780408274,-1.6512260609739793,-1.3420882703829977,controlsgRNA,,,,non-targeting control,,0,0.0,0.0,0.0,0.0,0,0.0,0.0,0.0,0.0,0,0.0,0.0,0.0,0.0,0,0.0,0.0,0.0,0.0,0.999871207201248,0.000294040129887557,0.9999935409454064,0.02763977220943036,0.9999427145556338,0.00011652968072969724,1.0,0.01095378998859154,0.02763977220943036,0.01095378998859154,0.9903062108283008,0.003391821911767436,0.9999998615455512,0.1275325038824556,0.9979479153844556,0.002280342780205126,1.0,0.0821486051110982,0.1275325038824556,0.0821486051110982,0.9543977785894558,1.0386478781065664e-06,0.9999999963825513,0.0001952658010840345,1.0,4.7495864239932814e-06,1.0,0.0008929222477107369,0.0001952658010840345,0.0008929222477107369
gRNA_14782,controlsgRNA,-0.01757160506717711,-0.5687848973028974,-0.8026701024144396,-0.9343893328198579,-1.028673852093257,-0.6704179579395259,-0.8026701024144396,-0.6704179579395259,True,-1.1790774036390785,-1.2825474703644983,-0.8239278562060056,3375.970410895571,-0.6450791759527003,-0.3501414776156154,-0.048969687939930236,-0.3480634471694153,-0.3501414776156154,-0.3480634471694153,True,-0.2348306095752988,-0.2607731254704861,-0.2212804221825162,0.0,0.0,0.0,0.0,True,,,,-0.328611051957463,-0.48616320824364706,-0.44433150749874484,-0.9279123865649095,-0.8851684462489783,-0.6144373201027487,-0.48616320824364706,-0.6144373201027487,True,-1.1894476380191206,-0.9140316174700787,-0.9929839874965022,controlsgRNA,,,,non-targeting control,,0,0.0,0.0,0.0,0.0,0,0.0,0.0,0.0,0.0,0,0.0,0.0,0.0,0.0,0,0.0,0.0,0.0,0.0,0.47102783881521637,0.7276980939481386,0.8767646900718878,1.0,0.365633495095381,0.6371222887534208,0.6805851195834814,1.0,0.8767646900718878,0.6805851195834814,0.9817372281523259,0.061514127611249844,0.9999998615455512,0.671027456023149,0.9708669356336792,0.029777881832319237,1.0,0.3293083402632951,0.671027456023149,0.3293083402632951,0.9446595415723216,0.14241111136636958,0.9999999963825513,0.9999999995778844,0.9223489177362999,0.07870559948554812,1.0,0.9028887554936186,0.9999999963825513,0.9028887554936186
gRNA_14783,controlsgRNA,-0.6657792467100849,-0.9443154980913405,0.4304627273386418,-1.3020443713895093,-0.3949441248798475,-0.5753241027464281,-0.6657792467100849,-0.8267708102676956,True,-1.0008117770255403,-1.0422462777175319,-1.0420854578221528,4872.655977431459,-0.27703106526121435,-0.25039789522217953,-0.3088182670910659,-0.2787490758581533,-0.27703106526121435,-0.2787490758581533,True,-0.1397704833262898,-0.15874783957069605,-0.12670964929748907,0.0,0.0,0.0,0.0,True,,,,-0.43232117974616074,-0.5631184942487291,-0.2650669688668113,-0.624137585705664,0.03973809319704141,-0.3689812270740648,-0.43232117974616074,-0.4711610571418413,True,-0.7155173102131711,-0.8122499914057525,-0.7549821655577891,controlsgRNA,,,,non-targeting control,,0,0.0,0.0,0.0,0.0,0,0.0,0.0,0.0,0.0,0,0.0,0.0,0.0,0.0,0,0.0,0.0,0.0,0.0,0.4091425140419141,0.8493342149475845,0.8185780624186237,1.0,0.26783995783589276,0.7346991996939587,0.5563968184878214,1.0,0.8185780624186237,0.5563968184878214,0.7834964249789043,0.4214660025522833,0.9999998615455512,0.9999999999999999,0.7023404333197867,0.30054770215670923,0.911266271596634,1.0,0.9999998615455512,0.911266271596634,0.7714535185493032,0.1349301653772514,0.946915991808892,0.9999999995778844,0.8621262781535239,0.1402662206740396,0.9852871750325988,1.0,0.946915991808892,0.9852871750325988
gRNA_14784,controlsgRNA,-0.35314027314269963,-0.12820152266562884,-0.05485405978858262,-0.15485320400177097,0.21804718580438615,-0.09460037475885917,-0.12820152266562884,-0.1727622648996705,True,-0.09963349979948129,-0.09857062046751155,-0.1295537478506053,2397.8005089908156,-0.35391907322051985,-0.2058049335486863,-0.21870733836583472,-0.25947711504501364,-0.21870733836583472,-0.25947711504501364,True,-0.11334024969210908,-0.0773573136576771,-0.10041547401132518,0.0,0.0,0.0,0.0,True,,,,0.5428640732043449,-0.03796448675723152,0.1303958795270908,0.013505672132033965,-0.052514495448469985,0.11925732853155366,0.013505672132033965,,False,0.22718105938335725,0.030529955665161194,,controlsgRNA,,,,non-targeting control,,0,0.0,0.0,0.0,0.0,0,0.0,0.0,0.0,0.0,0,0.0,0.0,0.0,0.0,0,0.0,0.0,0.0,0.0,0.3777420311627438,0.8629820374961045,0.7919526291762948,1.0,0.2444400174876386,0.7573875591154497,0.5182019109793896,1.0,0.7919526291762948,0.5182019109793896,0.050007569780113004,0.9941317943689738,0.133011705114617,0.9999999999999999,0.01788576947561494,0.9825137238080155,0.04981518016912013,1.0,0.133011705114617,0.04981518016912013,0.426707329894572,0.8940702325373125,0.7067927578870444,0.9999999995778844,0.2380611826753623,0.7638364192090011,0.47866847425634346,1.0,0.7067927578870444,0.47866847425634346
gRNA_14785,controlsgRNA,-0.8506854404164366,0.10078433963583698,0.31421742750199444,0.20461626372058545,-0.676296258476458,-0.18147273360689553,0.10078433963583698,,False,-0.2624868771706558,0.3033961546483944,,5561.86978139936,-0.3388539861890742,-0.5060780178815566,-0.7011329503838537,-0.5153549848181614,-0.5060780178815566,-0.5153549848181614,True,-0.4642600105557678,-0.4783819391882364,-0.4495287596235571,0.0,0.0,0.0,0.0,True,,,,-0.5263803463979272,0.08152248793296661,-0.028180017487116713,-0.1862381309104632,-0.3268720503365469,-0.1972296114398175,-0.1862381309104632,-0.2669176362830135,True,-0.3838966993969299,-0.34706074136600673,-0.4157054055500296,controlsgRNA,,,,non-targeting control,,0,0.0,0.0,0.0,0.0,0,0.0,0.0,0.0,0.0,0,0.0,0.0,0.0,0.0,0,0.0,0.0,0.0,0.0,0.701483589507142,0.5589937649863739,0.9999935409454064,1.0,0.5772489840614372,0.4262615606085082,0.8787271984093133,1.0,0.9999935409454064,0.8787271984093133,0.4722459569731251,0.7865860792188659,0.7519621524260134,0.9999999999999999,0.32787916133891226,0.6748477768840342,0.5475957891763744,1.0,0.7519621524260134,0.5475957891763744,0.3959477080231826,0.6615403706887648,0.6706141361113362,0.9999999995778844,0.3504309155826852,0.652231024273338,0.612846624460882,1.0,0.6706141361113362,0.612846624460882
gRNA_14786,controlsgRNA,0.16965787449136627,-0.7690371945026362,0.7444703386504621,0.9907501857735208,-1.929022670952966,-0.1586362933080506,0.16965787449136627,,False,-0.21967704123299428,0.4242982593393041,,1242.51122112847,-1.2030357973653316,-1.195330452654363,-0.7296862027161934,-1.0426841509119626,-1.195330452654363,-1.0426841509119626,True,-1.1874574681011516,-1.4402309351143114,-1.1690033196446317,0.0,0.0,0.0,0.0,True,,,,0.06367929143280628,0.6729196084671301,-0.002288128911375947,-0.21915425565579846,-0.9550241061930425,-0.08797351817205612,-0.002288128911375947,,False,-0.17294338608424473,0.0006737485943269052,,controlsgRNA,,,,non-targeting control,,0,0.0,0.0,0.0,0.0,0,0.0,0.0,0.0,0.0,0,0.0,0.0,0.0,0.0,0,0.0,0.0,0.0,0.0,0.9866648183606793,0.044753444476694,0.9999935409454064,0.5258529726011545,0.9777872475099112,0.02313084097410454,1.0,0.2899065402087769,0.5258529726011545,0.2899065402087769,0.10511183188376874,0.5737056299877065,0.24396326412529043,0.9999999999999999,0.18009156221221423,0.8235575769434467,0.33857213695896277,1.0,0.24396326412529043,0.33857213695896277,0.06407284476093629,0.26708259347480484,0.20768439336303487,0.9999999995778844,0.25262237285329203,0.7578544929994508,0.4896906701161371,1.0,0.20768439336303487,0.4896906701161371
gRNA_14787,controlsgRNA,-0.6196924991541801,-1.1814972026576158,0.3708272188738947,-0.36867910016441247,-0.49614984442710386,-0.45903828550588355,-0.49614984442710386,-0.666504661600828,True,-0.7828190998482486,-0.7444751266289081,-0.8184676721994375,1698.4197312066165,-0.5090383494637312,-0.2519080405716194,-0.24863878211445983,-0.33652839071660345,-0.2519080405716194,-0.33652839071660345,True,-0.21901103418349865,-0.12368875982979086,-0.2055422832745522,0.0,0.0,0.0,0.0,True,,,,-0.42140308694865464,-0.5650284387612103,-0.03223551927096112,-1.0221946551778007,-0.7616746705063034,-0.5605072741329861,-0.5650284387612103,-0.5605072741329861,True,-1.0853186915763338,-1.0631164797239268,-0.9033986721568344,controlsgRNA,,,,non-targeting control,,0,0.0,0.0,0.0,0.0,0,0.0,0.0,0.0,0.0,0,0.0,0.0,0.0,0.0,0,0.0,0.0,0.0,0.0,0.48489698804268444,0.7779707183431294,0.8927899344247976,1.0,0.34604867786682875,0.6576136739826894,0.6473348401886946,1.0,0.8927899344247976,0.6473348401886946,0.930766554173395,0.0831940858823229,0.9999998615455512,0.7274645649244978,0.9417028681265184,0.05937182852608631,1.0,0.4853001636045316,0.7274645649244978,0.4853001636045316,0.7475206109962009,0.2885935004967344,0.946915991808892,0.9999999995778844,0.7528811623332359,0.2511624894505857,0.9311951218332128,1.0,0.946915991808892,0.9311951218332128
gRNA_14788,controlsgRNA,0.014740244618939,-0.46057293325752263,-0.27469426252408946,0.4215892642629259,-0.569367127995635,-0.17366096297907646,-0.27469426252408946,,False,-0.24784271132942823,-0.35572716990231834,,3181.727700615798,-0.327798279964717,-0.13194261871358562,0.04953908527219553,-0.1367339378020357,-0.13194261871358562,-0.2298704493391513,True,0.05499398899738172,0.043722503066991755,-0.06002088908782166,0.0,0.0,0.0,0.0,True,,,,-0.6554422789939798,-0.800047901481732,-0.480041331374288,-0.5895557254589004,-0.5842601731026336,-0.6218694820823067,-0.5895557254589004,-0.6218694820823067,True,-1.2037977685040349,-1.1094822499725971,-1.005329843366299,controlsgRNA,,,,non-targeting control,,0,0.0,0.0,0.0,0.0,0,0.0,0.0,0.0,0.0,0,0.0,0.0,0.0,0.0,0,0.0,0.0,0.0,0.0,0.2631633840718458,0.913099330550457,0.6383547555085787,1.0,0.16133654556928678,0.8409057347896514,0.3939126047665703,1.0,0.6383547555085787,0.3939126047665703,0.9942148144303548,0.07706692924252542,0.9999998615455512,0.7067601315899892,0.9756530106576711,0.024810897073982867,1.0,0.2915280406192987,0.7067601315899892,0.2915280406192987,0.44128952998844584,0.7780460554473323,0.7121238767195521,0.9999999995778844,0.3228948739571108,0.6801174842506477,0.5758859536282046,1.0,0.7121238767195521,0.5758859536282046
gRNA_14789,controlsgRNA,-0.05157773065591245,0.10633829345311938,-0.6104517928155767,0.6144758276571185,-0.7180441512127717,-0.1318519107148046,-0.05157773065591245,,False,-0.16946628117130402,0.03593645460574487,,2709.2309701005356,-1.1262243352220462,-0.8960174060965309,-1.4875283840888154,-1.1699233751357976,-1.1262243352220462,-1.1699233751357976,True,-1.361957741128637,-1.3437936266461399,-1.34260529494213,0.0,0.0,0.0,0.0,True,,,,-0.6682261007561892,-0.0027968399364378007,-0.20972552317214557,-0.4886523970869875,-0.34910929323051365,-0.3437020308364547,-0.34910929323051365,-0.3437020308364547,True,-0.6667078567107826,-0.6549483192030021,-0.5432549760267962,controlsgRNA,,,,non-targeting control,,0,0.0,0.0,0.0,0.0,0,0.0,0.0,0.0,0.0,0,0.0,0.0,0.0,0.0,0,0.0,0.0,0.0,0.0,0.995796709296165,0.015823158922232322,0.9999935409454064,0.2914509792844343,0.9930112830122774,0.007509553072645807,1.0,0.12834508887794652,0.2914509792844343,0.12834508887794652,0.758437461669722,0.48342185380132985,0.9999998615455512,0.9999999999999999,0.6519944591837618,0.35107405288969445,0.8937349072336197,1.0,0.9999998615455512,0.8937349072336197,0.30911568718593496,0.7437983804582837,0.5840577808136258,0.9999999995778844,0.27074174221658653,0.7318668329756564,0.5064621645444605,1.0,0.5840577808136258,0.5064621645444605
gRNA_14790,controlsgRNA,0.30204586086165147,0.2017523396027771,0.1765800363349973,-0.19656653948433592,-0.3231256043259053,0.032137218597836935,0.1765800363349973,,False,0.1379523720672755,0.4364495731590697,,2264.559641608822,-0.3343191991586502,-0.3016610757687191,-1.22887552729303,-0.6216186007401331,-0.3343191991586502,-0.6216186007401331,True,-0.6099936088575904,-0.23869319962719016,-0.5945121461448127,0.0,0.0,0.0,0.0,True,,,,-0.37779453528774265,-0.20123039122484937,0.375268307322475,-0.335352540437431,0.8026283596487596,0.05270384000424233,-0.20123039122484937,,False,0.0986785795908014,-0.37540173585972514,,controlsgRNA,,,,non-targeting control,,0,0.0,0.0,0.0,0.0,0,0.0,0.0,0.0,0.0,0,0.0,0.0,0.0,0.0,0,0.0,0.0,0.0,0.0,0.6790553645525352,0.29091841712106375,0.9999935409454064,1.0,0.7008982481594324,0.3031494730199137,0.9907433883757389,1.0,0.9999935409454064,0.9907433883757389,0.05058689848773997,0.9045365931162025,0.133011705114617,0.9999999999999999,0.057166126472267396,0.9449183263635252,0.13518530536838078,1.0,0.133011705114617,0.13518530536838078,0.2412190606677581,0.9484409808267008,0.48762562801654324,0.9999999995778844,0.11894789065162364,0.8825823172401441,0.28306586636082587,1.0,0.48762562801654324,0.28306586636082587
gRNA_14791,controlsgRNA,-0.8988101940773279,0.10308610411606448,-0.7477198549276285,-0.09933087040471689,-1.1795609707358923,-0.5644671572059001,-0.7477198549276285,-0.7313554725363913,True,-0.9804590402902252,-1.1860866078811423,-0.908953372753656,5525.48271721472,-0.901834414690139,-0.7884258634378369,-0.7950649873616471,-0.8284417551632077,-0.7950649873616471,-0.8284417551632077,True,-0.8936380363946739,-0.8816620908525058,-0.8766964204055753,0.0,0.0,0.0,0.0,True,,,,0.2217560001937787,-0.12702817161607194,-0.3909984084000802,-0.7717988671352747,-0.5553247090600564,-0.3246788312035409,-0.3909984084000802,-0.4612875390528708,True,-0.6299775758418076,-0.7341344564146298,-0.7385808772665038,controlsgRNA,,,,non-targeting control,,0,0.0,0.0,0.0,0.0,0,0.0,0.0,0.0,0.0,0,0.0,0.0,0.0,0.0,0,0.0,0.0,0.0,0.0,0.9622363852831326,0.1609611510971037,0.9999935409454064,0.9589993305088023,0.9149761429568771,0.08625260085514858,1.0,0.5230802890570301,0.9589993305088023,0.5230802890570301,0.6062017586986341,0.4194614076049882,0.8724447647801576,0.9999999999999999,0.6107618239367537,0.39240930917169453,0.856889723135147,1.0,0.8724447647801576,0.856889723135147,0.8403949852264473,0.1831638097798598,0.9931458502545153,0.9999999995778844,0.8516256916246734,0.15025851156810427,0.9822431289904209,1.0,0.9931458502545153,0.9822431289904209
gRNA_14792,controlsgRNA,-0.4819400729346272,0.0404061888976248,-0.8350464573666257,-0.3806442203749214,-0.16276463012832365,-0.3639978383813746,-0.3806442203749214,-0.4650988452011245,True,-0.6046535935084532,-0.5417140358726568,-0.5374481116155391,4617.946528138973,-0.7462634512318281,-0.4154979742452578,-0.4792888805817695,-0.5470167686862851,-0.4792888805817695,-0.5470167686862851,True,-0.5076820760644779,-0.4409978060120955,-0.4927272957233953,0.0,0.0,0.0,0.0,True,,,,-0.27231784264705766,-0.17145159131039034,-0.6056905877577713,0.04961328732435937,-0.2837805975166471,-0.2567254663815014,-0.27231784264705766,-0.33331015480796655,True,-0.49877219377837273,-0.5097836787476858,-0.5259926230240783,controlsgRNA,,,,non-targeting control,,0,0.0,0.0,0.0,0.0,0,0.0,0.0,0.0,0.0,0,0.0,0.0,0.0,0.0,0,0.0,0.0,0.0,0.0,0.7456517555456459,0.5033580789641292,0.9999935409454064,1.0,0.6289318680349545,0.37365702380489196,0.9237436811763394,1.0,0.9999935409454064,0.9237436811763394,0.6075712698891723,0.6784937677324032,0.8724447647801576,0.9999999999999999,0.46082038310211004,0.5420096863590383,0.6875732700253705,1.0,0.8724447647801576,0.6875732700253705,0.7508724867128735,0.5474372044038566,0.946915991808892,0.9999999995778844,0.6130546403606839,0.3891823064015357,0.8351758868681781,1.0,0.946915991808892,0.8351758868681781
gRNA_14793,controlsgRNA,-0.5290646402728294,-0.7215231808088087,0.21867640901902038,-0.44484519396448124,-0.0880239824735943,-0.31295611770013865,-0.44484519396448124,-0.4458642493799284,True,-0.5089693423841579,-0.6544138246444268,-0.5106102686857488,3996.6909175747383,-1.4403656309971145,-0.9941246286333832,-1.2708434193974811,-1.2351112263426598,-1.2708434193974811,-1.2351112263426598,True,-1.4513586149791529,-1.545608975984357,-1.4315459482975976,0.0,0.0,0.0,0.0,True,,,,-0.23558932828623633,-0.54759346635655,-0.305202297219884,-0.06746516995509483,-0.5625687202082316,-0.34368379640519936,-0.305202297219884,-0.34368379640519936,True,-0.6666726493957978,-0.5719476304423547,-0.5432246860975987,controlsgRNA,,,,non-targeting control,,0,0.0,0.0,0.0,0.0,0,0.0,0.0,0.0,0.0,0,0.0,0.0,0.0,0.0,0,0.0,0.0,0.0,0.0,0.9983245011596907,0.009581032996879209,0.9999935409454064,0.21190990628391662,0.9964629701244127,0.003968006868932304,1.0,0.09324816141990915,0.21190990628391662,0.09324816141990915,0.791871206212601,0.5180221143512049,0.9999998615455512,0.9999999999999999,0.6536624986416102,0.348838297470375,0.8937349072336197,1.0,0.9999998615455512,0.8937349072336197,0.6657915827265632,0.6102844958162819,0.9133297617718211,0.9999999995778844,0.5348619680501776,0.4680767882689957,0.7855785155736984,1.0,0.9133297617718211,0.7855785155736984
gRNA_14794,controlsgRNA,0.8541881227747105,-0.8533559636733689,-0.7867895060812345,-0.6665229919938853,-0.3441389264095121,-0.3593238530766581,-0.6665229919938853,-0.6627018470395002,True,-0.5958916086521673,-1.0435518644041166,-0.8131616423334204,1400.3668672236026,-0.3263687750691229,-0.4373732520063624,-0.565197167621091,-0.44297973156552545,-0.4373732520063624,-0.44297973156552545,True,-0.3650020849431362,-0.38250471520109985,-0.3507817969321525,0.0,0.0,0.0,0.0,True,,,,-0.4606299851777873,-0.5815175239493735,-1.2110542690065973,0.027924560936229255,-0.5533339642474125,-0.5557222362889883,-0.5533339642474125,-0.7016339355952926,True,-1.0760796683115712,-1.0410095371514023,-1.137829706705254,controlsgRNA,,,,non-targeting control,,0,0.0,0.0,0.0,0.0,0,0.0,0.0,0.0,0.0,0,0.0,0.0,0.0,0.0,0,0.0,0.0,0.0,0.0,0.6186275850813163,0.6725958166302775,0.9999935409454064,1.0,0.47261389504361007,0.5300231267490547,0.8004631735873755,1.0,0.9999935409454064,0.8004631735873755,0.8970341236240374,0.0694137530047719,0.9999998615455512,0.6834725354335134,0.9369493647573852,0.06688678220920406,1.0,0.5350942576736325,0.6834725354335134,0.5350942576736325,0.48949447208162433,0.3529745060202368,0.7677239896724316,0.9999999995778844,0.6242699995084795,0.37943117558711503,0.8473845480692719,1.0,0.7677239896724316,0.8473845480692719
gRNA_14795,controlsgRNA,0.517645961097275,0.3158900867335182,-0.2920658925990511,0.2804637845611261,-0.5109930387369976,0.062188180211174095,0.2804637845611261,,False,0.1942867534157117,0.6188093697059607,,3276.976192157945,0.04371517224791514,0.426831853465067,0.05790820084272453,0.17615174218523558,0.05790820084272453,0.17615174218523558,True,0.48409623256435874,0.3086585569035968,0.49394550683467886,0.0,0.0,0.0,0.0,True,,,,0.07485695010679434,0.012021055378560384,0.29445216729501666,-0.17817169495580812,-0.14785766085409252,0.011060163394094153,0.012021055378560384,,False,0.01827234048152771,0.02772347323001415,,controlsgRNA,,,,non-targeting control,,0,0.0,0.0,0.0,0.0,0,0.0,0.0,0.0,0.0,0,0.0,0.0,0.0,0.0,0,0.0,0.0,0.0,0.0,0.08626682114147663,0.9821955015302368,0.3254124490856071,1.0,0.042984455478437024,0.9580530206775768,0.16255825566952892,1.0,0.3254124490856071,0.16255825566952892,0.13077817370474773,0.9798649085217734,0.2944466665448212,0.9999999999999999,0.054949531595374426,0.9462282656377672,0.1315988782156738,1.0,0.2944466665448212,0.1315988782156738,0.16778066515899248,0.9278020966330883,0.38233654605927986,0.9999999995778844,0.10069964806684023,0.9010732911837311,0.25440823638685234,1.0,0.38233654605927986,0.25440823638685234
gRNA_14796,controlsgRNA,-0.40738982413017505,0.9763194622445892,0.6388858150912193,-0.002748952301613817,0.10859787775962197,0.26273287573272835,0.10859787775962197,,False,0.5702335034825446,0.31711220982444766,,2413.853625542863,0.7623670372988789,0.2903544216892866,0.4651864062686189,0.5059692884189281,0.4651864062686189,0.5059692884189281,True,0.9364194231379579,0.8770136517689443,0.9439402145453961,0.0,0.0,0.0,0.0,True,,,,0.07576474803825654,0.05352479719958175,0.04854728204258529,-0.020643206568882907,-0.23503151493419105,-0.015567578844530073,0.04854728204258529,,False,-0.03314090598617671,0.09677173993921082,,controlsgRNA,,,,non-targeting control,,0,0.0,0.0,0.0,0.0,0,0.0,0.0,0.0,0.0,0,0.0,0.0,0.0,0.0,0,0.0,0.0,0.0,0.0,0.021213603058716918,0.997022346858151,0.12271253461657786,1.0,0.008834787361019236,0.9915866368035937,0.05110584688835742,1.0,0.12271253461657786,0.05110584688835742,0.1705131740538189,0.9784660888653921,0.36018513170919053,0.9999999999999999,0.0685955945842219,0.9323932957023999,0.15717556278691006,1.0,0.36018513170919053,0.15717556278691006,0.040635714999769326,0.9763502827259525,0.14611708406972818,0.9999999995778844,0.02342592939554902,0.9773978829578098,0.08551601410414011,1.0,0.14611708406972818,0.08551601410414011
gRNA_14797,controlsgRNA,-0.7785011335696468,0.5622711009294777,0.436095511842857,0.04822743031675794,-0.38439146343025077,-0.02325971078216098,0.04822743031675794,,False,0.034103723715199326,0.2111366101650926,,2484.4873383718714,-0.4064653826414648,-0.5223143659926359,-0.9660757694376196,-0.6316185060239068,-0.5223143659926359,-0.6316185060239068,True,-0.623707824838645,-0.5010396975656813,-0.6081557636742397,0.0,0.0,0.0,0.0,True,,,,-0.7465322184045758,0.1763016202531556,-0.15928944244258608,-0.624721064350261,-0.4578818244516464,-0.3624245858791827,-0.4578818244516464,-0.4971061374122673,True,-0.7028576484689694,-0.8605691958261116,-0.7980805563665468,controlsgRNA,,,,non-targeting control,,0,0.0,0.0,0.0,0.0,0,0.0,0.0,0.0,0.0,0,0.0,0.0,0.0,0.0,0,0.0,0.0,0.0,0.0,0.794318663886274,0.36575594656299354,0.9999935409454064,1.0,0.7248646153719572,0.2784687074679226,1.0,0.9816026220880771,0.9999935409454064,0.9816026220880771,0.690186593712003,0.34453739639746206,0.954081467778357,0.9999999999999999,0.696871309752511,0.30613822336199115,0.910428849866144,1.0,0.954081467778357,0.910428849866144,0.18191555584397992,0.8291661259944242,0.4047352011676713,0.9999999995778844,0.153146170390922,0.8489562708725021,0.33872329451168626,1.0,0.4047352011676713,0.33872329451168626
gRNA_14798,controlsgRNA,-0.16350211382730967,-0.24370170111291173,-0.0038522905562692815,-0.22925705926989115,-0.8414315087984043,-0.2963489347129572,-0.22925705926989115,-0.2963489347129572,True,-0.4778370481314534,-0.27596571267169384,-0.3019930163175724,1921.0229473950073,-1.0132862265063958,-0.507743217445478,-0.67549225044174,-0.7321738981312046,-0.67549225044174,-0.7321738981312046,True,-0.7616129675660268,-0.7147988182048646,-0.7453509941790429,0.0,0.0,0.0,0.0,True,,,,-0.42436838202927457,-0.4705468508878588,-0.34031387240186767,-0.41447042182907307,-0.9462100574225976,-0.5191819169141343,-0.42436838202927457,-0.5191819169141343,True,-1.0055270683505064,-0.7972162212084962,-0.8347514998542006,controlsgRNA,,,,non-targeting control,,0,0.0,0.0,0.0,0.0,0,0.0,0.0,0.0,0.0,0,0.0,0.0,0.0,0.0,0,0.0,0.0,0.0,0.0,0.8864849827906386,0.2584050867700457,0.9999935409454064,1.0,0.8278254760916628,0.17457668706250468,1.0,0.7814385039940686,0.9999935409454064,0.7814385039940686,0.9569651509273592,0.16178522025409758,0.9999998615455512,0.9811490776700112,0.9154745993376128,0.08639837165108527,1.0,0.588829386123588,0.9811490776700112,0.588829386123588,0.6795223514242048,0.6407094582760963,0.9233640998622455,0.9999999995778844,0.5183427043672467,0.4848629997811904,0.7710944988007056,1.0,0.9233640998622455,0.7710944988007056
gRNA_14799,controlsgRNA,0.2628480541737472,-0.6199003800252658,0.6637232409235564,-1.319948389060518,-0.08252726847896776,-0.2191609484934896,-0.08252726847896776,,False,-0.33313826919868694,-0.018393038861772404,,2755.7850081014726,-0.20319840852458002,0.04164772385991916,-0.45439283428065974,-0.20531450631510686,-0.20319840852458002,-0.32879562140261986,True,-0.039059774713551966,-0.0557146645452139,-0.19499188864886757,0.0,0.0,0.0,0.0,True,,,,-0.1196733910714157,0.004140331333494198,-0.039688690031405356,-0.4438109441776401,-0.6073969758429277,-0.24128593395797893,-0.1196733910714157,-0.3026425002808472,True,-0.46896131162685284,-0.2212284195083079,-0.475049378824354,controlsgRNA,,,,non-targeting control,,0,0.0,0.0,0.0,0.0,0,0.0,0.0,0.0,0.0,0,0.0,0.0,0.0,0.0,0,0.0,0.0,0.0,0.0,0.3291644291020712,0.8622827766880397,0.7177716404008304,1.0,0.2215878266753255,0.7816245231590969,0.4844012955228046,1.0,0.7177716404008304,0.4844012955228046,0.5417664852843582,0.6879818738316094,0.8051549346518525,0.9999999999999999,0.41769757714689165,0.5851675241973353,0.635847323915916,1.0,0.8051549346518525,0.635847323915916,0.2904192088252715,0.40861019046397734,0.5543026523771679,0.9999999995778844,0.40935021443990116,0.5954269619740291,0.6810428346433753,1.0,0.5543026523771679,0.6810428346433753
gRNA_14800,controlsgRNA,0.17383947895286989,-0.2851718865944912,0.6646842087200269,-1.0687290801044855,0.39495191620970804,-0.02408507256327439,0.17383947895286989,,False,0.03255647721021456,0.43163873897986804,,4986.6331049509945,-0.06703336089505323,-0.35551731010516424,0.15713045747326357,-0.08847340450898462,-0.06703336089505323,-0.21127533550010874,True,0.12118015358193371,0.13430311085206464,-0.03465018667249739,0.0,0.0,0.0,0.0,True,,,,-0.17410505931055872,-0.16849286226975313,0.5538217190773784,-0.3189098384768117,-0.19901894883821936,-0.0613409979635929,-0.17410505931055872,-0.21513167722383572,True,-0.12152091424028627,-0.32412468581507536,-0.32968171710213345,controlsgRNA,,,,non-targeting control,,0,0.0,0.0,0.0,0.0,0,0.0,0.0,0.0,0.0,0,0.0,0.0,0.0,0.0,0,0.0,0.0,0.0,0.0,0.2204917897211055,0.9235731278458169,0.5684122703375083,1.0,0.13550219150313042,0.8670054464643568,0.34547796791894625,1.0,0.5684122703375083,0.34547796791894625,0.207209793440228,0.9078792223655359,0.4177258839924855,0.9999999999999999,0.14010810270333263,0.8619262317382491,0.27873357998123316,1.0,0.4177258839924855,0.27873357998123316,0.15068059492043853,0.7300805999853743,0.3528567714083662,0.9999999995778844,0.16368782556702477,0.8394461361087613,0.3557608231976954,1.0,0.3528567714083662,0.3557608231976954
gRNA_14801,controlsgRNA,-0.598453358615382,-1.331357737292105,-0.5878199554246524,-0.12408383025893485,0.18885708375164623,-0.49057155956788556,-0.5878199554246524,-0.6604287203977685,True,-0.841932265976855,-0.9053948380986491,-0.809989971021092,4198.425082245467,-0.7404871846558717,-0.8386418291170885,-0.7684187947092208,-0.7825159361607269,-0.7684187947092208,-0.7825159361607269,True,-0.830653779740879,-0.844477436355874,-0.8140363959939162,0.0,0.0,0.0,0.0,True,,,,-0.4777673895216628,-1.172152357253598,-0.652601167118991,-0.3664825220227738,-0.6235221397797144,-0.658505115139348,-0.6235221397797144,-0.658505115139348,True,-1.274534401560738,-1.1736915113548734,-1.0661867308594701,controlsgRNA,,,,non-targeting control,,0,0.0,0.0,0.0,0.0,0,0.0,0.0,0.0,0.0,0,0.0,0.0,0.0,0.0,0,0.0,0.0,0.0,0.0,0.9476195480169295,0.2029166732153411,0.9999935409454064,1.0,0.8883296867680196,0.11361975479363595,1.0,0.6210915297061442,0.9999935409454064,0.6210915297061442,0.9896882990212549,0.036243028950221835,0.9999998615455512,0.4866921030458361,0.9837494749052522,0.01709386478111404,1.0,0.22954618420353137,0.4866921030458361,0.22954618420353137,0.7697453681005323,0.24385501701953294,0.946915991808892,0.9999999995778844,0.7780426044199461,0.22618934843334354,0.9406560104884236,1.0,0.946915991808892,0.9406560104884236
gRNA_14802,controlsgRNA,-0.4167132271039235,-0.6302283174307614,-0.594514660084632,-0.7121323476370839,-0.43195396124327,-0.5571085026999342,-0.594514660084632,-0.5571085026999342,True,-0.966664298728062,-0.91714686861913,-0.6658282844526356,5774.841127656524,-1.0239936301427763,-0.7458837648701181,-0.7143558282133802,-0.8280777410754249,-0.7458837648701181,-0.8280777410754249,True,-0.8931388148842361,-0.8130298930025455,-0.8761997688025754,0.0,0.0,0.0,0.0,True,,,,0.16062343148927163,-0.2704101988222726,-0.281248213643141,-0.3617909191224346,-0.5653674956448914,-0.26363867914869366,-0.281248213643141,-0.36970420680818494,True,-0.5121203292942624,-0.5266654290588111,-0.5864482107451764,controlsgRNA,,,,non-targeting control,,0,0.0,0.0,0.0,0.0,0,0.0,0.0,0.0,0.0,0,0.0,0.0,0.0,0.0,0,0.0,0.0,0.0,0.0,0.9523855751512689,0.16697924321374252,0.9999935409454064,0.9589993305088023,0.9065221024315143,0.09499136951243797,1.0,0.5494885374873335,0.9589993305088023,0.5494885374873335,0.6009994748032479,0.651854300522078,0.8724447647801576,0.9999999999999999,0.47931453300504123,0.5239915388789024,0.7108887946719239,1.0,0.8724447647801576,0.7108887946719239,0.9455816226765822,0.33495756147257194,0.9999999963825513,0.9999999995778844,0.8431713500251752,0.15843585689609768,0.9784951469427959,1.0,0.9999999963825513,0.9784951469427959
gRNA_14803,controlsgRNA,0.2996503388796022,-0.3153951352722968,-0.006847709271313308,-0.9023595474866234,-0.12033765397386542,-0.20905794142489934,-0.12033765397386542,-0.33623501150102475,True,-0.31419888681581787,-0.08476621391510386,-0.35764566812656395,4712.124811910984,-0.43449369957606543,-0.5659894636918631,-0.9349483035690187,-0.6451438222789824,-0.5659894636918631,-0.6451438222789824,True,-0.64225691136201,-0.561988120450574,-0.6266093626546447,0.0,0.0,0.0,0.0,True,,,,-0.4715482233727993,-0.12385955992551996,-0.07608591348037068,-0.4826975662318766,0.0701809869633085,-0.21680205520945156,-0.12385955992551996,-0.2885478157526416,True,-0.4216874691319562,-0.22914184856810754,-0.4516361453407335,controlsgRNA,,,,non-targeting control,,0,0.0,0.0,0.0,0.0,0,0.0,0.0,0.0,0.0,0,0.0,0.0,0.0,0.0,0,0.0,0.0,0.0,0.0,0.8211733149099631,0.3544017916444005,0.9999935409454064,1.0,0.7455667879800311,0.2577077413574932,1.0,0.9499814779452691,0.9999935409454064,0.9499814779452691,0.5111348586847044,0.7549463200845523,0.784435538226322,0.9999999999999999,0.3666786634540109,0.6355235504634189,0.5817349259861101,1.0,0.784435538226322,0.5817349259861101,0.4928441465987552,0.6868335251966369,0.7689186685524148,0.9999999995778844,0.3892684854359758,0.6143927488234521,0.6534149576961022,1.0,0.7689186685524148,0.6534149576961022
gRNA_14804,controlsgRNA,-0.9458297851713463,-0.7389253570294231,-0.05933728154772094,-1.009651584342692,-1.0908541845404256,-0.7689196385263216,-0.9458297851713463,-0.7689196385263216,True,-1.3637314359804478,-1.5338530986947307,-0.9613662851952769,4368.58811769717,-0.5059022468072917,-0.5946476110291028,-0.626614999651244,-0.5757216191625462,-0.5946476110291028,-0.5757216191625462,True,-0.5470489008457184,-0.6019804496042773,-0.5318914667853938,0.0,0.0,0.0,0.0,True,,,,-0.6077485994078027,-0.3345771072795661,-0.21935973806908055,-0.3793159831299002,-0.22919906963203632,-0.35404009950367715,-0.3345771072795661,-0.35404009950367715,True,-0.686668755671904,-0.6274770377964025,-0.56042794751055,controlsgRNA,,,,non-targeting control,,0,0.0,0.0,0.0,0.0,0,0.0,0.0,0.0,0.0,0,0.0,0.0,0.0,0.0,0,0.0,0.0,0.0,0.0,0.7860593867237492,0.4992687859908457,0.9999935409454064,1.0,0.6538758124680513,0.3484903424153637,0.9480408816931426,1.0,0.9999935409454064,0.9480408816931426,0.8333046888569743,0.5168616729739648,0.9999998615455512,0.9999999999999999,0.6788882555969674,0.3236612621740784,0.9046511345288878,1.0,0.9999998615455512,0.9046511345288878,0.9710612405087553,0.07336439277087395,0.9999999963825513,0.9999999995778844,0.9640619240361501,0.03656558538528345,1.0,0.6706803004301182,0.9999999963825513,0.6706803004301182
gRNA_14805,controlsgRNA,-0.6391987699381235,-0.5434044074897799,-0.8694876349728884,-0.41143753534368904,-0.23450434915756166,-0.5396065393804086,-0.5434044074897799,-0.5396065393804086,True,-0.9338546239936966,-0.827426816890065,-0.6414079666617746,1919.4176357398026,1.8559223946614039,1.6521905039024853,1.6987572589253659,1.7356233858297516,1.6987572589253659,1.7356233858297516,True,2.622809583377238,2.598456806950057,2.6216491250276825,0.0,0.0,0.0,0.0,True,,,,-0.3522263764654398,-0.33335133911441434,-0.07688592488588392,0.15802324074789575,-0.3924629356409298,-0.19938066707175445,-0.33335133911441434,-0.28873164402666696,True,-0.388049990065716,-0.6251598762683436,-0.45194150969933505,controlsgRNA,,,,non-targeting control,,0,0.0,0.0,0.0,0.0,0,0.0,0.0,0.0,0.0,0,0.0,0.0,0.0,0.0,0,0.0,0.0,0.0,0.0,4.0756104483715275e-06,0.999999952092937,0.00021891850408395635,1.0,9.123628155250972e-07,1.0,4.900691694820522e-05,1.0,0.00021891850408395635,4.900691694820522e-05,0.49335857218400814,0.7833172089260276,0.7665405914925085,0.9999999999999999,0.34556738579817764,0.6565332394566702,0.5624819786152155,1.0,0.7665405914925085,0.5624819786152155,0.9275513039796413,0.32472054872715667,0.9999999963825513,0.9999999995778844,0.8325222700244148,0.16919714657172524,0.9751662726765732,1.0,0.9999999963825513,0.9751662726765732
gRNA_14806,controlsgRNA,-0.7520267643960383,0.8811845145056693,-0.05927016003827715,-1.2049738083449248,-0.23669865409419683,-0.27435697447355356,-0.23669865409419683,-0.5632423467183593,True,-0.4366102983632742,-0.28902885047059984,-0.6743867768614504,1711.7973283333226,-0.3943119101748319,-0.4119131099200848,-0.43986673640988605,-0.41536391883493423,-0.4119131099200848,-0.41536391883493423,True,-0.3271288041937447,-0.34697518949127276,-0.3131034813913196,0.0,0.0,0.0,0.0,True,,,,-0.1229392862038736,-0.03930116906695632,0.9719467099887348,-0.4137856005764596,-0.6237280039105759,-0.045561469953826136,-0.1229392862038736,-0.2999385149394663,True,-0.09105356348106919,-0.2274021861068797,-0.47055768268121956,controlsgRNA,,,,non-targeting control,,0,0.0,0.0,0.0,0.0,0,0.0,0.0,0.0,0.0,0,0.0,0.0,0.0,0.0,0,0.0,0.0,0.0,0.0,0.585582867362763,0.7207428842109787,0.9962857833864204,1.0,0.4288611919596583,0.5732534725485117,0.7565537256300797,1.0,0.9962857833864204,0.7565537256300797,0.09490413731206129,0.7304890342144141,0.22163947595860276,0.9999999999999999,0.16008674839313436,0.8461410874912167,0.3118788466104586,1.0,0.22163947595860276,0.3118788466104586,0.34537168622372244,0.37513933501324276,0.630387155437474,0.9999999995778844,0.498420507580044,0.5077423288950677,0.7710944988007056,1.0,0.630387155437474,0.7710944988007056
gRNA_14807,controlsgRNA,-0.5340710064884272,0.10806858987436463,-1.6588094088368064,-0.22899138687434037,-0.8310100039772171,-0.6289626432604852,-0.5340710064884272,-0.8132204515441978,True,-1.1013640999485896,-0.8110427612821337,-1.0231787751736512,5680.127739999444,-1.1775400822953466,-0.8951898904410838,-0.9176127776367038,-0.9967809167910447,-0.9176127776367038,-0.9967809167910447,True,-1.1245041851350939,-1.052677038471626,-1.1063741094734327,0.0,0.0,0.0,0.0,True,,,,-0.2328210134789075,-0.17264010882531575,-0.787386372990841,-0.0880539962159923,-0.5680793338932667,-0.36979616508086466,-0.2328210134789075,-0.36979616508086466,True,-0.7170908048123011,-0.43511985925011776,-0.5866009662399654,controlsgRNA,,,,non-targeting control,,0,0.0,0.0,0.0,0.0,0,0.0,0.0,0.0,0.0,0,0.0,0.0,0.0,0.0,0,0.0,0.0,0.0,0.0,0.9876881389517118,0.06398732026143389,0.9999935409454064,0.6331376952183985,0.9701492583955147,0.030697013123657673,1.0,0.3206132481804246,0.6331376952183985,0.3206132481804246,0.7839054757948569,0.40280141316364454,0.9999998615455512,0.9999999999999999,0.7028383477739997,0.30032427398590666,0.911266271596634,1.0,0.9999998615455512,0.911266271596634,0.8448537701230832,0.1281434936364219,0.9931458502545153,0.9999999995778844,0.8784095690178398,0.12639528710086073,0.9918183629738753,1.0,0.9931458502545153,0.9918183629738753
gRNA_14808,controlsgRNA,-0.6076197021660028,-0.6183572389605883,-0.6398709329306017,-0.15890436776427477,0.5622544964012308,-0.29249954908404735,-0.6076197021660028,-0.5061880604553669,True,-0.4706208811160207,-0.9401517452095968,-0.5947794907280909,6282.119610701221,0.32493418583104416,0.5175493460123382,0.3082752427218317,0.38358625818840464,0.32493418583104416,0.38358625818840464,True,0.7685791025180458,0.681292243184076,0.77696390735307,0.0,0.0,0.0,0.0,True,,,,-0.43124622092203435,-0.8671243132022863,-0.2948030295254001,-0.5052538025136375,-0.09370782910148344,-0.4384270390529683,-0.43124622092203435,-0.4384270390529683,True,-0.849604331764785,-0.8102179160897772,-0.7006064037705608,controlsgRNA,,,,non-targeting control,,0,0.0,0.0,0.0,0.0,0,0.0,0.0,0.0,0.0,0,0.0,0.0,0.0,0.0,0,0.0,0.0,0.0,0.0,0.03633899821499646,0.9949315247827063,0.18217951105118227,1.0,0.015614790381608672,0.9850326533431439,0.07828214911313147,1.0,0.18217951105118227,0.07828214911313147,0.8789617230605579,0.2755044396679589,0.9999998615455512,0.9999999999999999,0.8203920280721386,0.18204165648089948,1.0,0.9224497810128774,0.9999998615455512,0.9224497810128774,0.5403824432374762,0.5616244606281168,0.8159991913947431,0.9999999995778844,0.508541278959377,0.49511243192394677,0.7710944988007056,1.0,0.8159991913947431,0.7710944988007056
gRNA_14809,controlsgRNA,-0.6703974925934039,-0.0827405221282677,0.16076710458008076,-0.010321225586209803,-0.87944680389778,-0.29642778792511615,-0.0827405221282677,-0.41072651105141533,True,-0.4779848685899621,-0.018767388967186084,-0.46158292696591313,1572.13521433051,1.5889896327859407,1.5535059620415925,1.0316480143805855,1.3913812030693729,1.5535059620415925,1.3913812030693729,True,2.150703947354262,2.3957592073243568,2.1519738085325546,0.0,0.0,0.0,0.0,True,,,,-0.4268531064489034,-0.45222115667308127,-0.35975098189593496,-0.2385315841229302,-0.500941407351182,-0.39565964729840636,-0.4268531064489034,-0.39565964729840636,True,-0.7670284065003166,-0.8019132821998622,-0.6295638113215263,controlsgRNA,,,,non-targeting control,,0,0.0,0.0,0.0,0.0,0,0.0,0.0,0.0,0.0,0,0.0,0.0,0.0,0.0,0,0.0,0.0,0.0,0.0,0.00020593649729932896,0.9999877172207859,0.005530865927467692,1.0,5.893760897444066e-05,0.9999647379465227,0.0015828957838849777,1.0,0.005530865927467692,0.0015828957838849777,0.8933975831027747,0.4612328882473129,0.9999998615455512,0.9999999999999999,0.7485981575204776,0.25355314361625036,0.9507654778970974,1.0,0.9999998615455512,0.9507654778970974,0.6003479556852213,0.5736378596489806,0.8673219330476247,0.9999999995778844,0.5113755704698955,0.49257016509301116,0.7710944988007056,1.0,0.8673219330476247,0.7710944988007056
gRNA_14810,controlsgRNA,0.07310875067682818,-0.11439327533408733,-0.20176045282024144,-0.07387874900401933,0.28240437529936346,-0.006903870236431286,-0.07387874900401933,,False,0.06476484432867144,-0.00321123921732391,,4586.375398919947,0.14756142795853724,0.3398458566613879,0.4669656463762067,0.3181243103320439,0.3398458566613879,0.3181243103320439,True,0.6788023230420034,0.7021014197529973,0.6876492834703094,0.0,0.0,0.0,0.0,True,,,,-0.0771369052607471,-0.18557954817109418,-0.4043674946957477,-0.01416627686533462,-0.1134189029146121,-0.15893382558150715,-0.1134189029146121,-0.15893382558150715,True,-0.30995461826352527,-0.20940509129122073,-0.23632926078098346,controlsgRNA,,,,non-targeting control,,0,0.0,0.0,0.0,0.0,0,0.0,0.0,0.0,0.0,0,0.0,0.0,0.0,0.0,0,0.0,0.0,0.0,0.0,0.04921558963893391,0.9921954739134811,0.2256714841980384,1.0,0.022163225506029696,0.9786410713554646,0.10172268754419228,1.0,0.2256714841980384,0.10172268754419228,0.4537247938832867,0.8741819060668946,0.7402097770811202,0.9999999999999999,0.2629689101408583,0.7387467532676883,0.4556511991380771,1.0,0.7402097770811202,0.4556511991380771,0.3010494037632219,0.9471780136794825,0.5716897768432901,0.9999999995778844,0.14417477680778046,0.8575128192874768,0.3265645546971413,1.0,0.5716897768432901,0.3265645546971413
gRNA_14811,controlsgRNA,-0.0569618375532824,-1.1200858784599306,-0.40884424282721304,0.1056006427546798,-0.17753319319782282,-0.3315649018567138,-0.17753319319782282,-0.44085628800956217,True,-0.5438538947188153,-0.18516851046650232,-0.5036227092950681,5025.695688560978,-1.0782906183737881,-0.8320594176884653,-1.1110351030424235,-1.0071283797015589,-1.0782906183737881,-1.0071283797015589,True,-1.1386950536667197,-1.2769023178955237,-1.1204919258271602,0.0,0.0,0.0,0.0,True,,,,-0.2166856279894654,-0.4494925647677988,-0.5491985170853215,-0.10147926808761977,-0.09807742872924852,-0.28298668133189075,-0.2166856279894654,-0.28298668133189075,True,-0.5494777438278722,-0.4046179294729582,-0.44239832675981533,controlsgRNA,,,,non-targeting control,,0,0.0,0.0,0.0,0.0,0,0.0,0.0,0.0,0.0,0,0.0,0.0,0.0,0.0,0,0.0,0.0,0.0,0.0,0.9885706983133362,0.06091939371254148,0.9999935409454064,0.6297887018552233,0.9719012888974292,0.02884336682196807,1.0,0.3109858315667019,0.6297887018552233,0.3109858315667019,0.6856204891000428,0.6541463191806264,0.954081467778357,0.9999999999999999,0.5171020264235194,0.4846516700152692,0.7585342387402275,1.0,0.954081467778357,0.7585342387402275,0.6399218906783648,0.5019267402870857,0.9045512439664103,0.9999999995778844,0.5629982802135813,0.44072293683643027,0.792880683084522,1.0,0.9045512439664103,0.792880683084522
gRNA_14812,controlsgRNA,-0.8271436875141084,0.11667848446676032,0.5884926499626593,-0.8138629960239671,0.5127271575668254,-0.08462167830836609,0.11667848446676032,,False,-0.08092715361211422,0.33129708301444444,,2259.7437066432076,1.2344417515800992,0.8217467217105254,1.299037361303279,1.1184086115313012,1.2344417515800992,1.1184086115313012,True,1.7763398937930903,1.9505063870430734,1.779536917454674,0.0,0.0,0.0,0.0,True,,,,0.06601485463517495,-0.20559862728347486,-0.540877657648755,-0.19676618946822613,-0.1943002600385167,-0.21430557596075955,-0.19676618946822613,-0.28438568360974315,True,-0.4168672293322659,-0.3669627203443727,-0.4447222643342908,controlsgRNA,,,,non-targeting control,,0,0.0,0.0,0.0,0.0,0,0.0,0.0,0.0,0.0,0,0.0,0.0,0.0,0.0,0,0.0,0.0,0.0,0.0,0.001432911313266765,0.9999066826040127,0.021550986151532146,1.0,0.00045241355293913104,0.9996264745246264,0.006804299836204531,1.0,0.021550986151532146,0.006804299836204531,0.5272439489450699,0.7759033325834688,0.7958787776780056,0.9999999999999999,0.3619156261505363,0.6408318010238641,0.5766113365788206,1.0,0.7958787776780056,0.5766113365788206,0.18877185803909202,0.6773756745880264,0.4126640617598756,0.9999999995778844,0.2203803597712437,0.7831147213702072,0.45529129271421775,1.0,0.4126640617598756,0.45529129271421775
gRNA_14813,controlsgRNA,-0.8184279397799903,-0.15886533393133076,-0.6153855209955692,-0.9833703916991238,0.5080440989308576,-0.41360101749503125,-0.6153855209955692,-0.6440122966015035,True,-0.6976411139824511,-0.9537840328961855,-0.7870842958819493,2430.976949865047,-0.44485319811864743,-0.43380198325219926,-0.8478589663904283,-0.5755047159204251,-0.44485319811864743,-0.5755047159204251,True,-0.5467514322372641,-0.3929429498662469,-0.5315955294947482,0.0,0.0,0.0,0.0,True,,,,-0.45826441198998763,-0.24348681235301897,-0.7396815798724645,-0.48769890087974355,-0.2858715187689267,-0.44300064477282824,-0.45826441198998763,-0.44300064477282824,True,-0.8584351186942221,-0.8612924297541598,-0.708203799680119,controlsgRNA,,,,non-targeting control,,0,0.0,0.0,0.0,0.0,0,0.0,0.0,0.0,0.0,0,0.0,0.0,0.0,0.0,0,0.0,0.0,0.0,0.0,0.7627024705900826,0.44195395960275463,0.9999935409454064,1.0,0.6692952814028916,0.33416740586450705,0.9552200032580725,1.0,0.9999935409454064,0.9552200032580725,0.9145697153890179,0.3226291715216873,0.9999998615455512,0.9999999999999999,0.8231888180086908,0.17873224045142416,1.0,0.9224497810128774,0.9999998615455512,0.9224497810128774,0.6464813319633574,0.34101189265143433,0.909667921219992,0.9999999995778844,0.6832345664330878,0.3194653080688593,0.8977622114263222,1.0,0.909667921219992,0.8977622114263222
gRNA_14814,controlsgRNA,-0.9868783309604261,-0.020585148696668002,-0.24111585995825335,-1.2868501617483912,-0.5299450193263563,-0.613074904138019,-0.5299450193263563,-0.613074904138019,True,-1.071580495483425,-0.8037999134615822,-0.7439176555578876,2108.844411053962,-1.0651152391480563,-0.8551844802339457,-0.6322830366538771,-0.8508609186786263,-0.8551844802339457,-0.8508609186786263,True,-0.924384452669629,-0.9655586009516917,-0.9072845593582899,0.0,0.0,0.0,0.0,True,,,,-0.8319647818631105,-0.8201376472861293,-0.4603434692601325,-1.1580277090961848,-0.6970013975556139,-0.7934950010122341,-0.8201376472861293,-0.7934950010122341,True,-1.5351749099010565,-1.5453685566281565,-1.2904237266960512,controlsgRNA,,,,non-targeting control,,0,0.0,0.0,0.0,0.0,0,0.0,0.0,0.0,0.0,0,0.0,0.0,0.0,0.0,0,0.0,0.0,0.0,0.0,0.953326858055033,0.14577842643396063,0.9999935409454064,0.929028615918122,0.9168648372535928,0.08473329927541384,1.0,0.5230802890570301,0.929028615918122,0.5230802890570301,0.9989758885897575,0.008178773348761308,0.9999998615455512,0.21965848422387516,0.9977594771583486,0.002403283660165107,1.0,0.0821486051110982,0.21965848422387516,0.0821486051110982,0.8914488337265,0.1485657262856482,0.9999999963825513,0.9999999995778844,0.8891422906045974,0.11348034296004128,0.9949925632956209,1.0,0.9999999963825513,0.9949925632956209
gRNA_14815,controlsgRNA,-0.34474497839947876,-0.46733690784297494,-0.18548653092428602,-1.0370617158382829,-0.378754503913603,-0.48267692738372514,-0.378754503913603,-0.48267692738372514,True,-0.8271327655219095,-0.5383967863961822,-0.5619746373096072,2383.887807979041,-0.43045234814424455,-0.8569614559473051,-0.31034086195388594,-0.5325848886818119,-0.43045234814424455,-0.5325848886818119,True,-0.4878896966591283,-0.37284662174384103,-0.47303680412132765,0.0,0.0,0.0,0.0,True,,,,-0.32844639833472217,0.40655856445873617,-0.32593344910888494,-0.22983078989303762,-0.0500562257131011,-0.10554165971820192,-0.22983078989303762,-0.23356671576243646,True,-0.20686421884570005,-0.4294672152588175,-0.3603048829289425,controlsgRNA,,,,non-targeting control,,0,0.0,0.0,0.0,0.0,0,0.0,0.0,0.0,0.0,0,0.0,0.0,0.0,0.0,0,0.0,0.0,0.0,0.0,0.6958523707008515,0.47868998335819024,0.9999935409454064,1.0,0.6142802845831906,0.38980307983987594,0.9124899768611988,1.0,0.9999935409454064,0.9124899768611988,0.2837843719339163,0.8796201066106192,0.517975358481323,0.9999999999999999,0.1889764158058745,0.813325612898133,0.34661040167321366,1.0,0.517975358481323,0.34661040167321366,0.8798992286342603,0.3693516896741434,0.9999999963825513,0.9999999995778844,0.7766904784056593,0.2259410952172442,0.9406560104884236,1.0,0.9999999963825513,0.9406560104884236
gRNA_14816,controlsgRNA,-0.2565060631707115,-0.32281704925301613,-0.28728122347107155,-0.197226531960718,-0.8376796370297008,-0.38030210097704364,-0.28728122347107155,-0.38030210097704364,True,-0.6352180246400619,-0.37782259557408854,-0.4191320459389397,4970.5799883989475,0.019363833126951918,-0.20174864524494263,-0.08598533350369951,-0.08945671520723007,-0.08598533350369951,-0.14386698937432107,True,0.11983160727979007,0.1078557094287333,0.05732005371806062,0.0,0.0,0.0,0.0,True,,,,-0.08053294480105766,0.19272535804009028,-0.2792549938202243,-0.27791613320957115,-0.278778274627149,-0.14475139768358236,-0.27791613320957115,-0.22912058661450052,True,-0.2825709724969389,-0.5203665474198755,-0.3529192433546308,controlsgRNA,,,,non-targeting control,,0,0.0,0.0,0.0,0.0,0,0.0,0.0,0.0,0.0,0,0.0,0.0,0.0,0.0,0,0.0,0.0,0.0,0.0,0.22555865063742694,0.9378173415933695,0.5769391336032145,1.0,0.12947879096716736,0.8721961566934742,0.3357518993355512,1.0,0.5769391336032145,0.3357518993355512,0.39459255725709397,0.8775131507872365,0.6774739795829557,0.9999999999999999,0.23794175140738943,0.7648240353538098,0.41892082044286866,1.0,0.6774739795829557,0.41892082044286866,0.8064522033065548,0.5461116315294363,0.9718782962925148,0.9999999995778844,0.6453630775623633,0.3571861148502875,0.8728651696526928,1.0,0.9718782962925148,0.8728651696526928
gRNA_14817,controlsgRNA,-0.41401700104905487,0.3719707270068611,0.30668952916768255,0.2276418017863884,0.361218920567159,0.17070079549580724,0.30668952916768255,0.31688024463202275,True,0.3977075666734016,0.6648466135714016,0.5536396441352494,1578.556460951329,-1.1493626776948553,-1.3040711543692138,-1.4900706842660363,-1.3145015054433686,-1.3040711543692138,-1.3145015054433686,True,-1.5602371896742573,-1.591978146272444,-1.5398640346060883,0.0,0.0,0.0,0.0,True,,,,-0.36860332760947384,-0.4926548799375257,0.0049646794474050415,0.16324582621002998,-0.34376368397742246,-0.2073622771733974,-0.34376368397742246,,False,-0.4034610032747011,-0.6448431129678854,,controlsgRNA,,,,non-targeting control,,0,0.0,0.0,0.0,0.0,0,0.0,0.0,0.0,0.0,0,0.0,0.0,0.0,0.0,0,0.0,0.0,0.0,0.0,0.9993653042182451,0.004829053135832604,0.9999935409454064,0.141355831574562,0.9983672161591493,0.0018182533076916416,1.0,0.06820182580159943,0.141355831574562,0.06820182580159943,0.4621094677363,0.7498291879662795,0.7425348712343965,0.9999999999999999,0.3489810670052811,0.6543735163483883,0.5631820824268821,1.0,0.7425348712343965,0.5631820824268821,0.10888232218289204,0.976959971075774,0.280409268087448,0.9999999995778844,0.04740045903034788,0.9536281427624401,0.13494582967982055,1.0,0.280409268087448,0.13494582967982055
gRNA_14818,controlsgRNA,-0.6860616058207786,-1.23251233972667,-0.8801969009056527,-0.5001186169374661,-0.8157779764985853,-0.8229334879778307,-0.8157779764985853,-0.8229334879778307,True,-1.4649873236372297,-1.3055573183143807,-1.0367312796608998,3418.778721701031,0.7507836402301168,0.4871357970852008,0.6785080776487433,0.638809171654687,0.6785080776487433,0.638809171654687,True,1.118600633648961,1.1747031847683858,1.1251835871664693,0.0,0.0,0.0,0.0,True,,,,-0.7948046625241568,-0.6422285880695793,-0.9015932695858168,-0.32294548079744245,0.13911518503115897,-0.5044913631891672,-0.6422285880695793,-0.6653930002442489,True,-0.9771623255705789,-1.2090537140423068,-1.077628467057728,controlsgRNA,,,,non-targeting control,,0,0.0,0.0,0.0,0.0,0,0.0,0.0,0.0,0.0,0,0.0,0.0,0.0,0.0,0,0.0,0.0,0.0,0.0,0.011214942132402069,0.9988635235706037,0.07808922669968847,1.0,0.004198502055910836,0.9959746385900821,0.029234014315231,1.0,0.07808922669968847,0.029234014315231,0.8342322323383913,0.11010324872184912,0.9999998615455512,0.8117415984199073,0.8995968476739431,0.10244703757132301,1.0,0.6528828157087704,0.8117415984199073,0.6528828157087704,0.9930689900644887,0.05835326019473064,0.9999999963825513,0.9999999995778844,0.9795396619918596,0.020952459541372516,1.0,0.505961376908021,0.9999999963825513,0.505961376908021
gRNA_14819,controlsgRNA,-0.2768937111185348,0.17861521574914102,-0.5980597619761736,-0.6117611644799804,-0.4382279356746595,-0.34926547150004145,-0.4382279356746595,-0.48123564331233704,True,-0.5770358824768783,-0.6427977451706347,-0.5599636277784115,2147.371890778876,0.10019142486301662,0.10533773026887341,0.07856315087016705,0.09469743533401902,0.10019142486301662,0.09469743533401902,True,0.3723869788219953,0.3676646256769934,0.3828113133332784,0.0,0.0,0.0,0.0,True,,,,-0.37199693786692223,-0.5058982536337414,-0.4577991176501509,-0.7561937285742174,-0.5173721389811992,-0.5218520353412461,-0.5058982536337414,-0.5218520353412461,True,-1.0106825732957185,-0.951338254428433,-0.839186938337253,controlsgRNA,,,,non-targeting control,,0,0.0,0.0,0.0,0.0,0,0.0,0.0,0.0,0.0,0,0.0,0.0,0.0,0.0,0,0.0,0.0,0.0,0.0,0.11832659939960512,0.9764877780055196,0.3862135066673369,1.0,0.05956050427198126,0.9418192787654455,0.199352577524923,1.0,0.3862135066673369,0.199352577524923,0.972119861941549,0.19741284669818931,0.9999998615455512,0.9999999999999999,0.9168507765540717,0.08465628227968808,1.0,0.588829386123588,0.9999998615455512,0.588829386123588,0.7322925686873119,0.5824184883358537,0.9390465765995937,0.9999999995778844,0.5887951888848738,0.4138528982339368,0.8109413590502291,1.0,0.9390465765995937,0.8109413590502291
gRNA_14820,controlsgRNA,-0.0442171699302205,-0.49469204153336893,-0.3345649566264582,-0.8366635429236832,-0.7825002115755472,-0.4985275845178555,-0.49469204153336893,-0.4985275845178555,True,-0.8568468550444595,-0.7419160676457042,-0.5840909037731307,2498.935143268714,-0.1563897749796821,-0.16115679499652327,0.08579406866538741,-0.07725083377027264,-0.1563897749796821,-0.15877328498810267,True,0.13657117525721885,0.009606594988199605,0.036982281472855656,0.0,0.0,0.0,0.0,True,,,,-0.8038070879158847,-0.27541822741569166,-0.32929310173030035,-0.8852049617352339,-0.5804626623380336,-0.5748372082270289,-0.5804626623380336,-0.5748372082270289,True,-1.112987144531925,-1.0922929505317227,-0.9272026879244318,controlsgRNA,,,,non-targeting control,,0,0.0,0.0,0.0,0.0,0,0.0,0.0,0.0,0.0,0,0.0,0.0,0.0,0.0,0,0.0,0.0,0.0,0.0,0.21730078255756732,0.9393349316003028,0.5684122703375083,1.0,0.12498630050237924,0.8767455233052979,0.32863530761464754,1.0,0.5684122703375083,0.32863530761464754,0.9704874625621615,0.09384821598023474,0.9999998615455512,0.7671071567080057,0.9533152088180368,0.047652458869394246,1.0,0.4450575260317063,0.7671071567080057,0.4450575260317063,0.8799422812923849,0.35781423205940666,0.9999999963825513,0.9999999995778844,0.7870392419044757,0.21536056344083404,0.9454528912334915,1.0,0.9999999963825513,0.9454528912334915
gRNA_14821,controlsgRNA,-0.43848640911181364,-0.17801018902603838,0.14072821726691906,-0.6096579673699285,-1.1380308042576706,-0.4446914304997064,-0.43848640911181364,-0.5910463424413628,True,-0.7559240802655807,-0.6432514750775457,-0.7131814194404348,4291.533158247343,-0.3904660446415578,-0.4153640070940884,-0.4850772105058927,-0.43030242074717967,-0.4153640070940884,-0.43030242074717967,True,-0.3476159824063586,-0.35179090259492485,-0.3334851950945494,0.0,0.0,0.0,0.0,True,,,,0.4851263965429839,-0.2179048289114578,-0.14142955524722023,-0.15990221172159128,-0.3792048001097196,-0.082662999889401,-0.15990221172159128,-0.2246103489974972,True,-0.16268975726019222,-0.29727597742333284,-0.34542711068701515,controlsgRNA,,,,non-targeting control,,0,0.0,0.0,0.0,0.0,0,0.0,0.0,0.0,0.0,0,0.0,0.0,0.0,0.0,0,0.0,0.0,0.0,0.0,0.6045398772813091,0.7016158343715229,0.9999935409454064,1.0,0.44933407717685214,0.5530880725396616,0.769807518625301,1.0,0.9999935409454064,0.769807518625301,0.2560943650964742,0.8872427952881776,0.48387679033303665,0.9999999999999999,0.17248603202954638,0.8295070568384164,0.3275492325409568,1.0,0.48387679033303665,0.3275492325409568,0.7751407038647445,0.34311375158158397,0.946915991808892,0.9999999995778844,0.7285784670129523,0.27406626455652094,0.9131516786562335,1.0,0.946915991808892,0.9131516786562335
gRNA_14822,controlsgRNA,-1.6074130135321791,-0.436368320989008,-1.016412629525199,0.2609268680962059,-0.6813256538275696,-0.69611854995555,-0.6813256538275696,-0.935379904468489,True,-1.2272564592759774,-1.0695367797199093,-1.1936266619110687,2342.149704943718,-0.43301090311240553,-0.3822539465381777,-0.5702600330458975,-0.4618416275654935,-0.43301090311240553,-0.4618416275654935,True,-0.3908699415092869,-0.3764170748942292,-0.3765164901717946,0.0,0.0,0.0,0.0,True,,,,-0.6069695374545852,-0.13393539834477058,-0.6459012190794339,-0.24844032630597146,-0.14551421509704895,-0.3561521392563621,-0.24844032630597146,-0.3561521392563621,True,-0.6907467138923674,-0.4646462181542994,-0.5639363396109439,controlsgRNA,,,,non-targeting control,,0,0.0,0.0,0.0,0.0,0,0.0,0.0,0.0,0.0,0,0.0,0.0,0.0,0.0,0,0.0,0.0,0.0,0.0,0.6428167436204693,0.6550772181057669,0.9999935409454064,1.0,0.4950299134454567,0.5082566518391861,0.8184859362775826,1.0,0.9999935409454064,0.8184859362775826,0.787940723532281,0.4507314660595374,0.9999998615455512,0.9999999999999999,0.6828853689182386,0.3199140682874334,0.9046511345288878,1.0,0.9999998615455512,0.9046511345288878,0.8709121050019364,0.07961405264103749,0.9999999963825513,0.9999999995778844,0.925117596393998,0.07689707726450418,1.0,0.9028887554936186,0.9999999963825513,0.9028887554936186
gRNA_14823,controlsgRNA,-0.5536363331487876,-0.5605291091606972,-1.3678719057962023,-0.3238098832950644,-0.8001005675241065,-0.7211895597849717,-0.5605291091606972,-0.7211895597849717,True,-1.2742552823650262,-0.857487891562082,-0.8947689743812245,2610.771855247978,-0.35137115785401385,-0.3914297141607846,-0.31412160699440106,-0.3523074930030665,-0.35137115785401385,-0.3523074930030665,True,-0.24065104082384592,-0.2624891392891439,-0.22707089084081972,0.0,0.0,0.0,0.0,True,,,,-0.270572625461448,-0.5753276330692147,-0.5577406496097065,-1.1011767383436293,-0.8984860700551305,-0.6806607433078259,-0.5753276330692147,-0.6806607433078259,True,-1.3173128227075557,-1.0825858194400202,-1.102990314100144,controlsgRNA,,,,non-targeting control,,0,0.0,0.0,0.0,0.0,0,0.0,0.0,0.0,0.0,0,0.0,0.0,0.0,0.0,0,0.0,0.0,0.0,0.0,0.497249441854993,0.790157382067161,0.907600922997463,1.0,0.34513326684093015,0.6571723776136812,0.6473348401886946,1.0,0.907600922997463,0.6473348401886946,0.9889978858843459,0.02675793119343911,0.9999998615455512,0.43743400559709156,0.9875572090639143,0.012955157423430404,1.0,0.1873515073542243,0.43743400559709156,0.1873515073542243,0.9693467423554244,0.10925324132283068,0.9999999963825513,0.9999999995778844,0.9447963333890818,0.05674791469014323,1.0,0.852264996137142,0.9999999963825513,0.852264996137142
gRNA_14824,controlsgRNA,-1.231631907209801,-0.20863882941235226,-0.8075389010479065,-0.253578830420653,-0.6099840123226371,-0.6222744960826698,-0.6099840123226371,-0.6222744960826698,True,-1.088826310360442,-0.9443021068060907,-0.7567537559846315,3438.577565448556,0.5937193513827379,0.367903027407442,0.7802454680231615,0.5806226156044471,0.5937193513827379,0.5806226156044471,True,1.038801578135748,1.0563808588535122,1.0457953236203916,0.0,0.0,0.0,0.0,True,,,,-0.4985456854401959,-0.8385962141323322,-0.745848185017091,-0.5729370770155687,-0.7895862781503671,-0.6891026879511111,-0.745848185017091,-0.6891026879511111,True,-1.3336126567949673,-1.4049336123997809,-1.1170135595721162,controlsgRNA,,,,non-targeting control,,0,0.0,0.0,0.0,0.0,0,0.0,0.0,0.0,0.0,0,0.0,0.0,0.0,0.0,0,0.0,0.0,0.0,0.0,0.015174897682582763,0.9981727438020429,0.10010107945001961,1.0,0.006008649303999229,0.9943907903532128,0.03963600242638088,1.0,0.10010107945001961,0.03963600242638088,0.9975047880777093,0.03780098785576645,0.9999998615455512,0.49010935978510983,0.9893923819726412,0.010905838745178028,1.0,0.18639069855395174,0.49010935978510983,0.18639069855395174,0.9329076362211487,0.17043479918602233,0.9999999963825513,0.9999999995778844,0.8984819697361226,0.10305961655972634,0.9994947355644441,0.9936004058065925,0.9999999963825513,0.9936004058065925
gRNA_14825,controlsgRNA,-0.3126983200758347,0.5450857261773431,0.10617564105378582,0.462730318569643,0.00925153712567417,0.16210898057012227,0.10617564105378582,0.28081080573161155,True,0.3816011077611548,0.31286016270054934,0.503312309743946,4098.895759622774,-0.41317228503630404,-0.5393447427994261,-0.7688527985436459,-0.5737899421264587,-0.5393447427994261,-0.5737899421264587,True,-0.5443997321459376,-0.5248055197890781,-0.5292559355555612,0.0,0.0,0.0,0.0,True,,,,0.554117481626925,0.6551121519807173,0.23798617454237303,0.4938693190588604,0.5488228005969259,0.49798158556116034,0.5488228005969259,0.49798158556116034,True,0.9584275689622871,1.0424800867376969,0.8548987031576958,controlsgRNA,,,,non-targeting control,,0,0.0,0.0,0.0,0.0,0,0.0,0.0,0.0,0.0,0,0.0,0.0,0.0,0.0,0,0.0,0.0,0.0,0.0,0.7724022328243569,0.4657318719217868,0.9999935409454064,1.0,0.6634998483802934,0.3398174601611051,0.9552094573165129,1.0,0.9999935409454064,0.9552094573165129,0.00047507325498485816,0.9999936660183697,0.002706477937489495,0.9999999999999999,6.682921936894973e-05,0.999942694716391,0.00039262166379257967,1.0,0.002706477937489495,0.00039262166379257967,0.09627309191427592,0.979265705633363,0.26069986393856626,0.9999999995778844,0.042790026509664555,0.9580848986988726,0.12882997844314878,1.0,0.26069986393856626,0.12882997844314878
gRNA_14826,controlsgRNA,-0.45972460301790147,-0.9996280129973046,-0.4013404270653629,-0.17850436683839307,0.010159446070524155,-0.40580759276968753,-0.4013404270653629,-0.5097993524797405,True,-0.6830313398881342,-0.5780446083231802,-0.5998182910764164,4944.895001915672,-0.27824589369768676,-0.15186505500119682,-0.16939482305596484,-0.19983525725161613,-0.16939482305596484,-0.19983525725161613,True,-0.031545343032620514,-0.008541897208663093,-0.01904163362125807,0.0,0.0,0.0,0.0,True,,,,-0.5060763066745275,-0.6157116215585818,0.25859513564302133,-0.5263164337247586,-0.38970965988864614,-0.3558437772406985,-0.5060763066745275,-0.5094535054616285,True,-0.6901513238600276,-0.9516748414501822,-0.8185912538900971,controlsgRNA,,,,non-targeting control,,0,0.0,0.0,0.0,0.0,0,0.0,0.0,0.0,0.0,0,0.0,0.0,0.0,0.0,0,0.0,0.0,0.0,0.0,0.3219334688839301,0.8952202413798194,0.7078771011716826,1.0,0.1991712913368654,0.8028936690561936,0.4511349731485626,1.0,0.7078771011716826,0.4511349731485626,0.6895880855272626,0.3828189259804353,0.954081467778357,0.9999999999999999,0.6884668513358335,0.3153501301466186,0.9069814252229655,1.0,0.954081467778357,0.9069814252229655,0.7758004514081672,0.4625076587346124,0.946915991808892,0.9999999995778844,0.6684929096328095,0.33476527777050613,0.8881743251658529,1.0,0.946915991808892,0.8881743251658529
gRNA_14827,controlsgRNA,-0.5489902608857266,-0.041194922025759424,-0.2297899476029777,-0.022655866209659824,-0.829749091151685,-0.3344760175751617,-0.2297899476029777,-0.3344760175751617,True,-0.549311154461202,-0.2769011564698165,-0.35519136115096606,5302.344397141262,-0.6933543378023942,-0.4620905392851273,-0.3670816408562304,-0.507508839314584,-0.4620905392851273,-0.507508839314584,True,-0.45349953523112213,-0.41699759001979075,-0.4388236773959537,0.0,0.0,0.0,0.0,True,,,,-0.5406541259856879,-0.20061369777390867,0.0036773144861403733,-0.26285059477272327,-0.007568099995896133,-0.2016018408084151,-0.20061369777390867,-0.25292162963205395,True,-0.39233866582902865,-0.37423595396087084,-0.3924560897599911,controlsgRNA,,,,non-targeting control,,0,0.0,0.0,0.0,0.0,0,0.0,0.0,0.0,0.0,0,0.0,0.0,0.0,0.0,0,0.0,0.0,0.0,0.0,0.6900839812884658,0.5801082413858247,0.9999935409454064,1.0,0.5598456274801347,0.44346796972494723,0.8656979886696946,1.0,0.9999935409454064,0.8656979886696946,0.4880228242014051,0.7928073437351792,0.7613966053930635,0.9999999999999999,0.3305963939974388,0.671991268375901,0.5475957891763744,1.0,0.7613966053930635,0.5475957891763744,0.6993115098263374,0.5957411595943949,0.9270667367640327,0.9999999995778844,0.5558304360463724,0.44666919198388544,0.792880683084522,1.0,0.9270667367640327,0.792880683084522
gRNA_14828,controlsgRNA,0.2708692703050524,-0.5399311261459924,-0.4401150878006739,0.3751318097203661,0.8524623132710654,0.10368343586996354,0.2708692703050524,,False,0.2720749315948627,0.6019669501978073,,2000.7534262701759,-0.7808068116114428,-0.692203493969422,-0.6205040957939276,-0.6978381337915976,-0.692203493969422,-0.6978381337915976,True,-0.7145237127515791,-0.7381192912229617,-0.6985041468403701,0.0,0.0,0.0,0.0,True,,,,-0.1588146730838523,-0.33096312361621805,0.227614489879497,0.2907935927896473,0.6384278023816085,0.13341161767013648,0.227614489879497,,False,0.2545103744088548,0.43527591775432445,,controlsgRNA,,,,non-targeting control,,0,0.0,0.0,0.0,0.0,0,0.0,0.0,0.0,0.0,0,0.0,0.0,0.0,0.0,0,0.0,0.0,0.0,0.0,0.8917213063856325,0.31991619992386044,0.9999935409454064,1.0,0.8016485981734173,0.20031433225052986,1.0,0.818675966589122,0.9999935409454064,0.818675966589122,0.02959859790782247,0.9802635107665814,0.08832597470905752,0.9999999999999999,0.01701831557503125,0.9838171556490506,0.048476414062210225,1.0,0.08832597470905752,0.048476414062210225,0.09825608363831397,0.9088377562006003,0.2620162230355039,0.9999999995778844,0.07769805317300614,0.9239628518199947,0.20573569009190357,1.0,0.2620162230355039,0.20573569009190357
gRNA_14829,controlsgRNA,-0.8329301167417248,-0.588743687776423,-0.8661422674904639,-0.09274775670715246,-0.4897085843209735,-0.5740544826073476,-0.588743687776423,-0.5740544826073476,True,-0.9984317112558354,-0.9070163780084914,-0.6894728440406968,7428.847236402476,-0.28430197789532086,-0.18016483422632235,-0.16303050015078022,-0.20916577075747447,-0.18016483422632235,-0.20916577075747447,True,-0.04434153197664209,-0.023571404407626534,-0.03177194996071881,0.0,0.0,0.0,0.0,True,,,,-0.4859363966449468,-0.8478021318602139,-0.405633821994732,-0.9287475564730555,0.4909127070097766,-0.4354414399926343,-0.4859363966449468,-0.667029976743237,True,-0.8438396920530469,-0.9136028584881054,-1.0803477129480006,controlsgRNA,,,,non-targeting control,,0,0.0,0.0,0.0,0.0,0,0.0,0.0,0.0,0.0,0,0.0,0.0,0.0,0.0,0,0.0,0.0,0.0,0.0,0.330251313269531,0.8912773644380224,0.7177716404008304,1.0,0.20548743261582886,0.7967810398962193,0.4571791400210157,1.0,0.7177716404008304,0.4571791400210157,0.6401983283483972,0.10867150826613967,0.9049419979661554,0.8117415984199073,0.8505136972285181,0.15426828159831996,1.0,0.8788617254692167,0.8117415984199073,0.8788617254692167,0.9284084464212976,0.26421944173191136,0.9999999963825513,0.9999999995778844,0.8598416924098924,0.14190620153199973,0.9852871750325988,1.0,0.9999999963825513,0.9852871750325988
gRNA_14830,controlsgRNA,-1.3865503894013498,-0.14825445810964122,-0.8607374963182025,-0.6206290347642321,-0.8134278334219789,-0.7659198424030809,-0.8134278334219789,-0.7659198424030809,True,-1.3581079334466986,-1.3014318259190434,-0.9571806990813118,6635.288174846265,-1.0882840002608865,-1.0658710344529878,-0.8592385828350088,-1.004464539182961,-1.0658710344529878,-1.004464539182961,True,-1.135041770643088,-1.2595708385689703,-1.116857449283256,0.0,0.0,0.0,0.0,True,,,,-0.48220739258330514,-0.7370073369517919,-0.6923931770732936,-0.29949819213948037,-0.4872902521417107,-0.5396792701779164,-0.4872902521417107,-0.5396792701779164,True,-1.0451036672916596,-0.9161621531090943,-0.8688004575872246,controlsgRNA,,,,non-targeting control,,0,0.0,0.0,0.0,0.0,0,0.0,0.0,0.0,0.0,0,0.0,0.0,0.0,0.0,0,0.0,0.0,0.0,0.0,0.9897025284279726,0.06017964531706817,0.9999935409454064,0.6297887018552233,0.9729796091434794,0.02794051810851643,1.0,0.3109858315667019,0.6297887018552233,0.3109858315667019,0.9732923572966944,0.1614027153201024,0.9999998615455512,0.9811490776700112,0.9306716497348362,0.07041926023765827,1.0,0.5403600377420308,0.9811490776700112,0.5403600377420308,0.973224669220443,0.071550398932767,0.9999999963825513,0.9999999995778844,0.9632878204298284,0.03751899008615423,1.0,0.6706803004301182,0.9999999963825513,0.6706803004301182
gRNA_14831,controlsgRNA,0.9501883862135824,-0.330846187978678,-0.26644220154033554,-0.11808701081310449,0.23675855235277546,0.09431430764684795,-0.11808701081310449,,False,0.25451129922214216,-0.08081538584137457,,5010.712779779066,-1.1710883639557517,-0.9780782821842191,-1.2479036920050781,-1.132356779381683,-1.1710883639557517,-1.132356779381683,True,-1.3104376123649302,-1.4064011979997866,-1.2913503830397732,0.0,0.0,0.0,0.0,True,,,,0.2386230433794992,-0.12250469971725779,-0.2854499019774962,0.3105183882641985,0.5572454488969819,0.13968645576918512,0.2386230433794992,,False,0.2666259264838398,0.456086212372007,,controlsgRNA,,,,non-targeting control,,0,0.0,0.0,0.0,0.0,0,0.0,0.0,0.0,0.0,0,0.0,0.0,0.0,0.0,0,0.0,0.0,0.0,0.0,0.9960793243244135,0.026996585998047117,0.9999935409454064,0.37595245686169315,0.9890722285653054,0.011494953439871123,1.0,0.18008760389131426,0.37595245686169315,0.18008760389131426,0.031074329951444143,0.9868616321550291,0.09199959103734645,0.9999999999999999,0.015060590146440029,0.9855575752767286,0.04355986073124193,1.0,0.09199959103734645,0.04355986073124193,0.13710481266912253,0.9308153344940113,0.3325897391199359,0.9999999995778844,0.09247134573128257,0.9097737552477136,0.23978776548249825,1.0,0.3325897391199359,0.23978776548249825
gRNA_14832,controlsgRNA,-0.6634962314197634,-0.12584946356102938,0.09182540201945036,-0.3341540099071357,-0.006410924619479957,-0.20761704549759163,-0.12584946356102938,-0.2824776573768521,True,-0.31149774261628144,-0.09444176463486133,-0.2826385590759126,7561.552999899401,-1.090275071287808,-1.2410079238448788,-0.8281499002991455,-1.0531442984772774,-1.090275071287808,-1.0531442984772774,True,-1.2018028762658872,-1.2936265736551322,-1.1832748800877186,0.0,0.0,0.0,0.0,True,,,,-0.2513751797175736,0.17827550865820663,-0.08052564577225532,-0.22741498763194973,-0.06645895182221136,-0.08949985125715668,-0.08052564577225532,-0.1564436912359975,True,-0.1758904530339262,-0.14722449943893967,-0.2321928009176691,controlsgRNA,,,,non-targeting control,,0,0.0,0.0,0.0,0.0,0,0.0,0.0,0.0,0.0,0,0.0,0.0,0.0,0.0,0,0.0,0.0,0.0,0.0,0.9912650039671413,0.04270924897699044,0.9999935409454064,0.5258529726011545,0.9805474047313341,0.02019395710755753,1.0,0.2618250990497114,0.5258529726011545,0.2618250990497114,0.29751149293611256,0.9361818117420801,0.5326872444951349,0.9999999999999999,0.15217671322574444,0.849302978442084,0.2995730061407325,1.0,0.5326872444951349,0.2995730061407325,0.5488898656062109,0.7715451357306177,0.8222413923025311,0.9999999995778844,0.37488427855637374,0.6270756079875892,0.6436369348730434,1.0,0.8222413923025311,0.6436369348730434
gRNA_14833,controlsgRNA,-1.1054147310887175,0.3785582573857934,-0.8198391934992759,-0.15904608815608617,-0.3000966779024547,-0.4011676866521482,-0.3000966779024547,-0.5960991726616335,True,-0.6743332408386051,-0.4003191236900733,-0.7202315838973914,5146.094062701333,0.16505014725190326,0.2567408654221764,0.25987971666231796,0.22722357644546587,0.2567408654221764,0.22722357644546587,True,0.5541379125320619,0.5861287392847315,0.5636266241452133,0.0,0.0,0.0,0.0,True,,,,-0.6083525613506742,-0.15446316436050395,-0.8602346426786158,-0.3496748304740118,-0.45270202989161595,-0.48508544575108437,-0.45270202989161595,-0.48508544575108437,True,-0.9396930873890236,-0.8507774415458348,-0.7781125138087532,controlsgRNA,,,,non-targeting control,,0,0.0,0.0,0.0,0.0,0,0.0,0.0,0.0,0.0,0,0.0,0.0,0.0,0.0,0,0.0,0.0,0.0,0.0,0.06979189476966856,0.9886100089587107,0.2734275102970879,1.0,0.03239391343828172,0.9687142318400113,0.13239251579123834,1.0,0.2734275102970879,0.13239251579123834,0.9256596417835602,0.20721278030118015,0.9999998615455512,0.9999999999999999,0.8797469832749139,0.12185262797636409,1.0,0.7510916085100475,0.9999998615455512,0.7510916085100475,0.6608754289551604,0.3492750869605152,0.9133297617718211,0.9999999995778844,0.6719872918990775,0.33088031278855856,0.8896733160353983,1.0,0.9133297617718211,0.8896733160353983
gRNA_14834,controlsgRNA,-1.3080703018157727,0.13718205281336074,-0.45105165353617693,-1.228791523635925,-0.8198457693007903,-0.7341154390950608,-0.8198457693007903,-0.9519398120721663,True,-1.298486500776195,-1.3126980104868493,-1.2167325385996537,3798.7024800994864,1.8146704750286984,1.3503939044079312,1.5316719595620003,1.56557877966621,1.5316719595620003,1.56557877966621,True,2.38960452901295,2.365289944826988,2.389644570624354,0.0,0.0,0.0,0.0,True,,,,-0.7865119750564096,-0.04588501093609016,-0.2596036085899584,-0.4049236574584925,-0.6898912344752506,-0.43736309730324024,-0.4049236574584925,-0.43736309730324024,True,-0.847550056981897,-0.7604583994767323,-0.6988390483856634,controlsgRNA,,,,non-targeting control,,0,0.0,0.0,0.0,0.0,0,0.0,0.0,0.0,0.0,0,0.0,0.0,0.0,0.0,0,0.0,0.0,0.0,0.0,6.361712392395012e-05,0.9999973658251526,0.0025723164586144978,1.0,1.7063028501897378e-05,0.9999946434370979,0.0007128554129681572,1.0,0.0025723164586144978,0.0007128554129681572,0.8604127102515186,0.2654407916560753,0.9999998615455512,0.9999999999999999,0.8180937110081047,0.18399929142544097,1.0,0.9224497810128774,0.9999998615455512,0.9224497810128774,0.9219440369947021,0.05512698770394005,0.9999999963825513,0.9999999995778844,0.9555774039032938,0.04542253533484886,1.0,0.7425597080827465,0.9999999963825513,0.7425597080827465
