Guide_ID,Reads_in_input,Reads_lowqual,Reads_aligned_all_amplicons,Reads_aligned_WT,Reads_aligned_HDR,Reads_unaligned,WT,correct_edit,target_base_edit,byproduct_all,byproduct_INDEL,byproduct_sub,byproduct_ambiguous,corr_perc,target_base_edit_perc,WT_perc,byproduct_all_perc,byproduct_INDEL_perc,byproduct_sub_perc,byproduct_ambiguous_perc
gRNA_1000,2738,11,2727,1160,1565,2,10,6,1565,2711,3,2703,5,0.22002200220022003,57.38907224055739,0.3667033370003667,99.41327466079942,0.11001100110011001,99.11991199119912,0.18335166850018336
gRNA_1004,0,0,0,0,0,0,0,0,0,0,0,0,0,0.0,0.0,0.0,0.0,0.0,0.0,0.0
gRNA_10049,7524,17,7507,1668,5565,274,51,189,5565,7267,6,6984,277,2.5176501931530573,74.13081124284001,0.6793659251365393,96.8029838817104,0.0799254029572399,93.03316904222726,3.689889436525909
gRNA_1006,0,0,0,0,0,0,0,0,0,0,0,0,0,0.0,0.0,0.0,0.0,0.0,0.0,0.0
gRNA_10106,5137,58,5079,331,4733,15,6,73,4733,5000,42,4906,52,1.4372908052766293,93.1876353612916,0.11813349084465447,98.44457570387871,0.8269344359125812,96.5938176806458,1.0238235873203387
gRNA_10107,2229,0,2229,490,1727,12,36,97,1727,2096,16,2054,26,4.351727231942575,77.47868999551369,1.6150740242261103,94.03319874383132,0.7178106774338269,92.14894571556752,1.1664423508299686
gRNA_1019,1,0,1,1,0,0,0,0,0,1,0,1,0,0.0,0.0,0.0,100.0,0.0,100.0,0.0
gRNA_1023,0,0,0,0,0,0,0,0,0,0,0,0,0,0.0,0.0,0.0,0.0,0.0,0.0,0.0
gRNA_10271,1,0,1,0,1,0,0,0,1,1,0,1,0,0.0,100.0,0.0,100.0,0.0,100.0,0.0
gRNA_10272,0,0,0,0,0,0,0,0,0,0,0,0,0,0.0,0.0,0.0,0.0,0.0,0.0,0.0
gRNA_10278,1,0,1,0,1,0,0,0,1,1,0,1,0,0.0,100.0,0.0,100.0,0.0,100.0,0.0
gRNA_1032,0,0,0,0,0,0,0,0,0,0,0,0,0,0.0,0.0,0.0,0.0,0.0,0.0,0.0
gRNA_1034,0,0,0,0,0,0,0,0,0,0,0,0,0,0.0,0.0,0.0,0.0,0.0,0.0,0.0
gRNA_10342,2680,45,2635,44,2562,29,11,1149,2562,1475,51,1332,92,43.605313092979124,97.22960151802657,0.4174573055028463,55.977229601518026,1.935483870967742,50.55028462998102,3.49146110056926
gRNA_10343,2186,6,2180,719,1409,52,83,239,1409,1858,0,1785,73,10.963302752293577,64.63302752293578,3.8073394495412844,85.22935779816514,0.0,81.88073394495413,3.3486238532110093
gRNA_1036,810,19,791,5,785,1,1,72,785,718,12,696,10,9.102402022756005,99.24146649810366,0.1264222503160556,90.77117572692794,1.5170670037926675,87.98988621997472,1.2642225031605563
gRNA_10363,6278,1,6277,254,6008,15,21,2707,6008,3549,48,3479,22,43.12569698900749,95.71451330253306,0.3345547235940736,56.53974828739844,0.7646965110721682,55.424565875418196,0.35048590090807713
gRNA_10424,0,0,0,0,0,0,0,0,0,0,0,0,0,0.0,0.0,0.0,0.0,0.0,0.0,0.0
gRNA_10425,0,0,0,0,0,0,0,0,0,0,0,0,0,0.0,0.0,0.0,0.0,0.0,0.0,0.0
gRNA_10429,0,0,0,0,0,0,0,0,0,0,0,0,0,0.0,0.0,0.0,0.0,0.0,0.0,0.0
gRNA_10432,0,0,0,0,0,0,0,0,0,0,0,0,0,0.0,0.0,0.0,0.0,0.0,0.0,0.0
gRNA_10438,0,0,0,0,0,0,0,0,0,0,0,0,0,0.0,0.0,0.0,0.0,0.0,0.0,0.0
gRNA_10461,0,0,0,0,0,0,0,0,0,0,0,0,0,0.0,0.0,0.0,0.0,0.0,0.0,0.0
gRNA_10465,0,0,0,0,0,0,0,0,0,0,0,0,0,0.0,0.0,0.0,0.0,0.0,0.0,0.0
gRNA_10473,0,0,0,0,0,0,0,0,0,0,0,0,0,0.0,0.0,0.0,0.0,0.0,0.0,0.0
gRNA_10504,3354,0,3354,190,3135,29,82,996,3135,2276,0,2223,53,29.695885509838998,93.47048300536673,2.444841979725701,67.8592725104353,0.0,66.27906976744185,1.5802027429934407
gRNA_1052,0,0,0,0,0,0,0,0,0,0,0,0,0,0.0,0.0,0.0,0.0,0.0,0.0,0.0
gRNA_10547,3024,30,2994,33,2960,1,0,88,2960,2906,125,2752,29,2.9392117568470275,98.86439545758184,0.0,97.06078824315297,4.1750167000668,91.91716766867067,0.9686038744154977
gRNA_10548,2633,0,2633,41,2581,11,0,143,2581,2490,37,2412,41,5.431067223699203,98.02506646410939,0.0,94.5689327763008,1.4052411697683251,91.60653247246486,1.5571591340676034
gRNA_1055,0,0,0,0,0,0,0,0,0,0,0,0,0,0.0,0.0,0.0,0.0,0.0,0.0,0.0
gRNA_10596,2527,16,2511,121,2354,36,3,78,2354,2430,0,2385,45,3.106332138590203,93.74751095181203,0.11947431302270012,96.7741935483871,0.0,94.9820788530466,1.7921146953405018
gRNA_10598,2743,0,2743,257,2478,8,0,0,2478,2743,0,2732,11,0.0,90.3390448414145,0.0,100.0,0.0,99.5989792198323,0.4010207801676996
gRNA_10617,3802,2,3800,493,3303,4,102,1495,3303,2203,4,2174,25,39.3421052631579,86.92105263157895,2.6842105263157894,57.973684210526315,0.10526315789473684,57.21052631578947,0.6578947368421053
gRNA_1062,0,0,0,0,0,0,0,0,0,0,0,0,0,0.0,0.0,0.0,0.0,0.0,0.0,0.0
gRNA_10634,1303,90,1213,125,824,264,37,428,824,748,0,481,267,35.28441879637263,67.93075020610058,3.050288540807914,61.66529266281945,0.0,39.65375103050289,22.011541632316572
gRNA_10657,500,3,497,9,483,5,0,208,483,289,3,273,13,41.85110663983903,97.1830985915493,0.0,58.14889336016097,0.6036217303822937,54.929577464788736,2.6156941649899395
gRNA_10664,2681,1,2680,242,2435,3,24,252,2435,2404,0,2401,3,9.402985074626866,90.85820895522389,0.8955223880597015,89.70149253731343,0.0,89.58955223880596,0.11194029850746269
gRNA_10738,0,0,0,0,0,0,0,0,0,0,0,0,0,0.0,0.0,0.0,0.0,0.0,0.0,0.0
gRNA_10745,0,0,0,0,0,0,0,0,0,0,0,0,0,0.0,0.0,0.0,0.0,0.0,0.0,0.0
gRNA_10750,0,0,0,0,0,0,0,0,0,0,0,0,0,0.0,0.0,0.0,0.0,0.0,0.0,0.0
gRNA_10752,0,0,0,0,0,0,0,0,0,0,0,0,0,0.0,0.0,0.0,0.0,0.0,0.0,0.0
gRNA_10775,1,0,1,1,0,0,0,0,0,1,1,0,0,0.0,0.0,0.0,100.0,100.0,0.0,0.0
gRNA_10777,0,0,0,0,0,0,0,0,0,0,0,0,0,0.0,0.0,0.0,0.0,0.0,0.0,0.0
gRNA_10781,1,0,1,0,1,0,0,1,1,0,0,0,0,100.0,100.0,0.0,0.0,0.0,0.0,0.0
gRNA_10784,0,0,0,0,0,0,0,0,0,0,0,0,0,0.0,0.0,0.0,0.0,0.0,0.0,0.0
gRNA_10909,2637,29,2608,259,2065,284,14,177,2065,2417,86,2006,325,6.78680981595092,79.17944785276073,0.5368098159509203,92.67638036809817,3.2975460122699385,76.91717791411043,12.46165644171779
gRNA_10912,0,0,0,0,0,0,0,0,0,0,0,0,0,0.0,0.0,0.0,0.0,0.0,0.0,0.0
gRNA_10917,0,0,0,0,0,0,0,0,0,0,0,0,0,0.0,0.0,0.0,0.0,0.0,0.0,0.0
gRNA_10925,0,0,0,0,0,0,0,0,0,0,0,0,0,0.0,0.0,0.0,0.0,0.0,0.0,0.0
gRNA_10942,0,0,0,0,0,0,0,0,0,0,0,0,0,0.0,0.0,0.0,0.0,0.0,0.0,0.0
gRNA_10945,0,0,0,0,0,0,0,0,0,0,0,0,0,0.0,0.0,0.0,0.0,0.0,0.0,0.0
gRNA_10946,0,0,0,0,0,0,0,0,0,0,0,0,0,0.0,0.0,0.0,0.0,0.0,0.0,0.0
gRNA_10949,0,0,0,0,0,0,0,0,0,0,0,0,0,0.0,0.0,0.0,0.0,0.0,0.0,0.0
gRNA_10961,0,0,0,0,0,0,0,0,0,0,0,0,0,0.0,0.0,0.0,0.0,0.0,0.0,0.0
gRNA_10969,5378,0,5378,129,5219,30,32,3511,5219,1835,14,1767,54,65.28449237634808,97.0435105987356,0.5950167348456675,34.120490888806245,0.26031982149497956,32.85608032725921,1.004090740052064
gRNA_10971,1029,0,1029,6,1022,1,0,643,1022,386,0,385,1,62.48785228377065,99.31972789115646,0.0,37.51214771622935,0.0,37.414965986394556,0.09718172983479106
gRNA_10974,0,0,0,0,0,0,0,0,0,0,0,0,0,0.0,0.0,0.0,0.0,0.0,0.0,0.0
gRNA_11071,2914,18,2896,105,2789,2,3,604,2789,2289,16,2249,24,20.85635359116022,96.30524861878453,0.10359116022099447,79.04005524861878,0.5524861878453039,77.65883977900552,0.8287292817679558
gRNA_11077,0,0,0,0,0,0,0,0,0,0,0,0,0,0.0,0.0,0.0,0.0,0.0,0.0,0.0
gRNA_11100,0,0,0,0,0,0,0,0,0,0,0,0,0,0.0,0.0,0.0,0.0,0.0,0.0,0.0
gRNA_11101,0,0,0,0,0,0,0,0,0,0,0,0,0,0.0,0.0,0.0,0.0,0.0,0.0,0.0
gRNA_11110,0,0,0,0,0,0,0,0,0,0,0,0,0,0.0,0.0,0.0,0.0,0.0,0.0,0.0
gRNA_11118,1,0,1,1,0,0,0,0,0,1,0,1,0,0.0,0.0,0.0,100.0,0.0,100.0,0.0
gRNA_11120,0,0,0,0,0,0,0,0,0,0,0,0,0,0.0,0.0,0.0,0.0,0.0,0.0,0.0
gRNA_11149,0,0,0,0,0,0,0,0,0,0,0,0,0,0.0,0.0,0.0,0.0,0.0,0.0,0.0
gRNA_11151,0,0,0,0,0,0,0,0,0,0,0,0,0,0.0,0.0,0.0,0.0,0.0,0.0,0.0
gRNA_1116,0,0,0,0,0,0,0,0,0,0,0,0,0,0.0,0.0,0.0,0.0,0.0,0.0,0.0
gRNA_11160,0,0,0,0,0,0,0,0,0,0,0,0,0,0.0,0.0,0.0,0.0,0.0,0.0,0.0
gRNA_11163,0,0,0,0,0,0,0,0,0,0,0,0,0,0.0,0.0,0.0,0.0,0.0,0.0,0.0
gRNA_11165,0,0,0,0,0,0,0,0,0,0,0,0,0,0.0,0.0,0.0,0.0,0.0,0.0,0.0
gRNA_11186,0,0,0,0,0,0,0,0,0,0,0,0,0,0.0,0.0,0.0,0.0,0.0,0.0,0.0
gRNA_11188,0,0,0,0,0,0,0,0,0,0,0,0,0,0.0,0.0,0.0,0.0,0.0,0.0,0.0
gRNA_11223,5243,5,5238,1354,3795,89,82,962,3795,4194,0,4105,89,18.365788468881252,72.45131729667813,1.5654830087819778,80.06872852233677,0.0,78.36960672012218,1.6991218022145858
gRNA_1128,2,0,2,0,0,2,0,0,0,2,0,0,2,0.0,0.0,0.0,100.0,0.0,0.0,100.0
gRNA_11284,869,5,864,34,792,38,6,221,792,637,8,583,46,25.578703703703702,91.66666666666667,0.6944444444444444,73.72685185185185,0.9259259259259259,67.47685185185185,5.324074074074074
gRNA_11285,404,1,403,13,387,3,0,206,387,197,0,183,14,51.116625310173696,96.02977667493796,0.0,48.883374689826304,0.0,45.40942928039702,3.4739454094292803
gRNA_11305,995,0,995,3,992,0,0,1,992,994,0,994,0,0.10050251256281408,99.69849246231156,0.0,99.89949748743719,0.0,99.89949748743719,0.0
gRNA_11315,259,0,259,173,86,0,59,4,86,196,0,196,0,1.5444015444015444,33.204633204633204,22.77992277992278,75.67567567567568,0.0,75.67567567567568,0.0
gRNA_11324,2202,30,2172,212,1749,211,45,491,1749,1636,12,1398,226,22.605893186003684,80.52486187845304,2.0718232044198897,75.32228360957643,0.5524861878453039,64.3646408839779,10.405156537753223
gRNA_11361,0,0,0,0,0,0,0,0,0,0,0,0,0,0.0,0.0,0.0,0.0,0.0,0.0,0.0
gRNA_11371,0,0,0,0,0,0,0,0,0,0,0,0,0,0.0,0.0,0.0,0.0,0.0,0.0,0.0
gRNA_11372,0,0,0,0,0,0,0,0,0,0,0,0,0,0.0,0.0,0.0,0.0,0.0,0.0,0.0
gRNA_11374,0,0,0,0,0,0,0,0,0,0,0,0,0,0.0,0.0,0.0,0.0,0.0,0.0,0.0
gRNA_11375,0,0,0,0,0,0,0,0,0,0,0,0,0,0.0,0.0,0.0,0.0,0.0,0.0,0.0
gRNA_11380,0,0,0,0,0,0,0,0,0,0,0,0,0,0.0,0.0,0.0,0.0,0.0,0.0,0.0
gRNA_11386,0,0,0,0,0,0,0,0,0,0,0,0,0,0.0,0.0,0.0,0.0,0.0,0.0,0.0
gRNA_11398,0,0,0,0,0,0,0,0,0,0,0,0,0,0.0,0.0,0.0,0.0,0.0,0.0,0.0
gRNA_11401,1,0,1,0,0,1,0,0,0,1,0,0,1,0.0,0.0,0.0,100.0,0.0,0.0,100.0
gRNA_11407,2,0,2,1,1,0,0,0,1,2,0,2,0,0.0,50.0,0.0,100.0,0.0,100.0,0.0
gRNA_1141,0,0,0,0,0,0,0,0,0,0,0,0,0,0.0,0.0,0.0,0.0,0.0,0.0,0.0
gRNA_11411,1,0,1,1,0,0,0,0,0,1,0,1,0,0.0,0.0,0.0,100.0,0.0,100.0,0.0
gRNA_11416,0,0,0,0,0,0,0,0,0,0,0,0,0,0.0,0.0,0.0,0.0,0.0,0.0,0.0
gRNA_11422,1,0,1,1,0,0,0,0,0,1,0,1,0,0.0,0.0,0.0,100.0,0.0,100.0,0.0
gRNA_11423,2,0,2,0,1,1,0,1,1,1,0,0,1,50.0,50.0,0.0,50.0,0.0,0.0,50.0
gRNA_11425,0,0,0,0,0,0,0,0,0,0,0,0,0,0.0,0.0,0.0,0.0,0.0,0.0,0.0
gRNA_11432,0,0,0,0,0,0,0,0,0,0,0,0,0,0.0,0.0,0.0,0.0,0.0,0.0,0.0
gRNA_11467,0,0,0,0,0,0,0,0,0,0,0,0,0,0.0,0.0,0.0,0.0,0.0,0.0,0.0
gRNA_1147,0,0,0,0,0,0,0,0,0,0,0,0,0,0.0,0.0,0.0,0.0,0.0,0.0,0.0
gRNA_11474,0,0,0,0,0,0,0,0,0,0,0,0,0,0.0,0.0,0.0,0.0,0.0,0.0,0.0
gRNA_11478,0,0,0,0,0,0,0,0,0,0,0,0,0,0.0,0.0,0.0,0.0,0.0,0.0,0.0
gRNA_11482,0,0,0,0,0,0,0,0,0,0,0,0,0,0.0,0.0,0.0,0.0,0.0,0.0,0.0
gRNA_1149,1924,100,1824,290,1533,1,1,20,1533,1803,0,1802,1,1.0964912280701755,84.04605263157895,0.05482456140350877,98.84868421052632,0.0,98.79385964912281,0.05482456140350877
gRNA_11495,0,0,0,0,0,0,0,0,0,0,0,0,0,0.0,0.0,0.0,0.0,0.0,0.0,0.0
gRNA_11507,0,0,0,0,0,0,0,0,0,0,0,0,0,0.0,0.0,0.0,0.0,0.0,0.0,0.0
gRNA_11516,0,0,0,0,0,0,0,0,0,0,0,0,0,0.0,0.0,0.0,0.0,0.0,0.0,0.0
gRNA_11519,0,0,0,0,0,0,0,0,0,0,0,0,0,0.0,0.0,0.0,0.0,0.0,0.0,0.0
gRNA_11523,0,0,0,0,0,0,0,0,0,0,0,0,0,0.0,0.0,0.0,0.0,0.0,0.0,0.0
gRNA_11534,0,0,0,0,0,0,0,0,0,0,0,0,0,0.0,0.0,0.0,0.0,0.0,0.0,0.0
gRNA_11536,0,0,0,0,0,0,0,0,0,0,0,0,0,0.0,0.0,0.0,0.0,0.0,0.0,0.0
gRNA_1154,0,0,0,0,0,0,0,0,0,0,0,0,0,0.0,0.0,0.0,0.0,0.0,0.0,0.0
gRNA_11541,0,0,0,0,0,0,0,0,0,0,0,0,0,0.0,0.0,0.0,0.0,0.0,0.0,0.0
gRNA_1157,0,0,0,0,0,0,0,0,0,0,0,0,0,0.0,0.0,0.0,0.0,0.0,0.0,0.0
gRNA_11607,2422,0,2422,113,1963,346,20,619,1963,1783,1,1431,351,25.55739058629232,81.04872006606111,0.8257638315441783,73.6168455821635,0.04128819157720892,59.08340214698596,14.49215524360033
gRNA_11608,1418,8,1410,161,1016,233,21,248,1016,1141,1,907,233,17.588652482269502,72.05673758865248,1.4893617021276595,80.92198581560284,0.07092198581560284,64.32624113475177,16.52482269503546
gRNA_11670,273,1,272,167,105,0,1,1,105,270,0,257,13,0.36764705882352944,38.60294117647059,0.36764705882352944,99.26470588235294,0.0,94.48529411764706,4.779411764705882
gRNA_11798,841,2,839,1,784,54,0,324,784,515,0,456,59,38.61740166865316,93.44457687723481,0.0,61.38259833134684,0.0,54.35041716328963,7.032181168057211
gRNA_11817,1,0,1,1,0,0,0,0,0,1,0,1,0,0.0,0.0,0.0,100.0,0.0,100.0,0.0
gRNA_11821,0,0,0,0,0,0,0,0,0,0,0,0,0,0.0,0.0,0.0,0.0,0.0,0.0,0.0
gRNA_11827,0,0,0,0,0,0,0,0,0,0,0,0,0,0.0,0.0,0.0,0.0,0.0,0.0,0.0
gRNA_11829,0,0,0,0,0,0,0,0,0,0,0,0,0,0.0,0.0,0.0,0.0,0.0,0.0,0.0
gRNA_11835,0,0,0,0,0,0,0,0,0,0,0,0,0,0.0,0.0,0.0,0.0,0.0,0.0,0.0
gRNA_11839,0,0,0,0,0,0,0,0,0,0,0,0,0,0.0,0.0,0.0,0.0,0.0,0.0,0.0
gRNA_11848,0,0,0,0,0,0,0,0,0,0,0,0,0,0.0,0.0,0.0,0.0,0.0,0.0,0.0
gRNA_11850,0,0,0,0,0,0,0,0,0,0,0,0,0,0.0,0.0,0.0,0.0,0.0,0.0,0.0
gRNA_11863,1,0,1,1,0,0,0,0,0,1,0,1,0,0.0,0.0,0.0,100.0,0.0,100.0,0.0
gRNA_11866,0,0,0,0,0,0,0,0,0,0,0,0,0,0.0,0.0,0.0,0.0,0.0,0.0,0.0
gRNA_11872,0,0,0,0,0,0,0,0,0,0,0,0,0,0.0,0.0,0.0,0.0,0.0,0.0,0.0
gRNA_11948,1,0,1,1,0,0,1,0,0,0,0,0,0,0.0,0.0,100.0,0.0,0.0,0.0,0.0
gRNA_11970,0,0,0,0,0,0,0,0,0,0,0,0,0,0.0,0.0,0.0,0.0,0.0,0.0,0.0
gRNA_11971,1,0,1,1,0,0,0,0,0,1,0,1,0,0.0,0.0,0.0,100.0,0.0,100.0,0.0
gRNA_11980,0,0,0,0,0,0,0,0,0,0,0,0,0,0.0,0.0,0.0,0.0,0.0,0.0,0.0
gRNA_11982,0,0,0,0,0,0,0,0,0,0,0,0,0,0.0,0.0,0.0,0.0,0.0,0.0,0.0
gRNA_11983,0,0,0,0,0,0,0,0,0,0,0,0,0,0.0,0.0,0.0,0.0,0.0,0.0,0.0
gRNA_11986,0,0,0,0,0,0,0,0,0,0,0,0,0,0.0,0.0,0.0,0.0,0.0,0.0,0.0
gRNA_12024,1189,1,1188,54,1131,3,12,101,1131,1075,0,1072,3,8.501683501683502,95.20202020202021,1.0101010101010102,90.48821548821549,0.0,90.23569023569024,0.25252525252525254
gRNA_12026,394,5,389,8,378,3,4,34,378,351,0,348,3,8.740359897172237,97.17223650385604,1.0282776349614395,90.23136246786632,0.0,89.46015424164524,0.7712082262210797
gRNA_12164,6436,2,6434,1441,4981,12,0,1,4981,6433,0,6396,37,0.015542430836182779,77.41684799502642,0.0,99.98445756916382,0.0,99.40938762822505,0.5750699409387628
gRNA_12197,3975,0,3975,976,2987,12,146,563,2987,3266,55,3135,76,14.163522012578616,75.14465408805032,3.6729559748427674,82.16352201257861,1.3836477987421383,78.86792452830188,1.9119496855345912
gRNA_12271,3121,1,3120,152,2632,336,25,710,2632,2385,0,2043,342,22.756410256410255,84.35897435897436,0.8012820512820513,76.4423076923077,0.0,65.48076923076923,10.961538461538462
gRNA_12272,3206,57,3149,249,2421,479,17,237,2421,2895,0,2416,479,7.526198793267704,76.88154969831693,0.5398539218799618,91.93394728485234,0.0,76.72276913305811,15.21117815179422
gRNA_12349,0,0,0,0,0,0,0,0,0,0,0,0,0,0.0,0.0,0.0,0.0,0.0,0.0,0.0
gRNA_12351,0,0,0,0,0,0,0,0,0,0,0,0,0,0.0,0.0,0.0,0.0,0.0,0.0,0.0
gRNA_12364,0,0,0,0,0,0,0,0,0,0,0,0,0,0.0,0.0,0.0,0.0,0.0,0.0,0.0
gRNA_12371,0,0,0,0,0,0,0,0,0,0,0,0,0,0.0,0.0,0.0,0.0,0.0,0.0,0.0
gRNA_12377,1,0,1,1,0,0,1,0,0,0,0,0,0,0.0,0.0,100.0,0.0,0.0,0.0,0.0
gRNA_12386,4541,25,4516,2219,2283,14,182,192,2283,4142,0,4118,24,4.251550044286979,50.55358724534987,4.030115146147033,91.71833480956599,0.0,91.18689105403011,0.5314437555358724
gRNA_12496,0,0,0,0,0,0,0,0,0,0,0,0,0,0.0,0.0,0.0,0.0,0.0,0.0,0.0
gRNA_12497,0,0,0,0,0,0,0,0,0,0,0,0,0,0.0,0.0,0.0,0.0,0.0,0.0,0.0
gRNA_12503,0,0,0,0,0,0,0,0,0,0,0,0,0,0.0,0.0,0.0,0.0,0.0,0.0,0.0
gRNA_12504,0,0,0,0,0,0,0,0,0,0,0,0,0,0.0,0.0,0.0,0.0,0.0,0.0,0.0
gRNA_12505,0,0,0,0,0,0,0,0,0,0,0,0,0,0.0,0.0,0.0,0.0,0.0,0.0,0.0
gRNA_12506,0,0,0,0,0,0,0,0,0,0,0,0,0,0.0,0.0,0.0,0.0,0.0,0.0,0.0
gRNA_12507,0,0,0,0,0,0,0,0,0,0,0,0,0,0.0,0.0,0.0,0.0,0.0,0.0,0.0
gRNA_12511,0,0,0,0,0,0,0,0,0,0,0,0,0,0.0,0.0,0.0,0.0,0.0,0.0,0.0
gRNA_12512,1,0,1,1,0,0,1,0,0,0,0,0,0,0.0,0.0,100.0,0.0,0.0,0.0,0.0
gRNA_12513,1,0,1,0,0,1,0,0,0,1,0,0,1,0.0,0.0,0.0,100.0,0.0,0.0,100.0
gRNA_12514,0,0,0,0,0,0,0,0,0,0,0,0,0,0.0,0.0,0.0,0.0,0.0,0.0,0.0
gRNA_12515,1,0,1,1,0,0,0,0,0,1,0,1,0,0.0,0.0,0.0,100.0,0.0,100.0,0.0
gRNA_12516,3,0,3,3,0,0,1,0,0,2,0,2,0,0.0,0.0,33.333333333333336,66.66666666666667,0.0,66.66666666666667,0.0
gRNA_12517,0,0,0,0,0,0,0,0,0,0,0,0,0,0.0,0.0,0.0,0.0,0.0,0.0,0.0
gRNA_12518,0,0,0,0,0,0,0,0,0,0,0,0,0,0.0,0.0,0.0,0.0,0.0,0.0,0.0
gRNA_12519,0,0,0,0,0,0,0,0,0,0,0,0,0,0.0,0.0,0.0,0.0,0.0,0.0,0.0
gRNA_12520,0,0,0,0,0,0,0,0,0,0,0,0,0,0.0,0.0,0.0,0.0,0.0,0.0,0.0
gRNA_12523,4014,11,4003,134,3865,4,45,370,3865,3588,1,3580,7,9.24306769922558,96.55258556082937,1.1241568823382464,89.63277541843617,0.02498126405196103,89.43292530602048,0.1748688483637272
gRNA_12524,0,0,0,0,0,0,0,0,0,0,0,0,0,0.0,0.0,0.0,0.0,0.0,0.0,0.0
gRNA_12525,1,0,1,1,0,0,1,0,0,0,0,0,0,0.0,0.0,100.0,0.0,0.0,0.0,0.0
gRNA_12526,0,0,0,0,0,0,0,0,0,0,0,0,0,0.0,0.0,0.0,0.0,0.0,0.0,0.0
gRNA_12527,1,0,1,1,0,0,1,0,0,0,0,0,0,0.0,0.0,100.0,0.0,0.0,0.0,0.0
gRNA_12531,0,0,0,0,0,0,0,0,0,0,0,0,0,0.0,0.0,0.0,0.0,0.0,0.0,0.0
gRNA_12532,0,0,0,0,0,0,0,0,0,0,0,0,0,0.0,0.0,0.0,0.0,0.0,0.0,0.0
gRNA_12533,0,0,0,0,0,0,0,0,0,0,0,0,0,0.0,0.0,0.0,0.0,0.0,0.0,0.0
gRNA_12536,2946,5,2941,188,2750,3,0,0,2750,2941,0,2935,6,0.0,93.5056103366202,0.0,100.0,0.0,99.79598775926556,0.20401224073444407
gRNA_12539,14,0,14,14,0,0,1,0,0,13,0,13,0,0.0,0.0,7.142857142857143,92.85714285714286,0.0,92.85714285714286,0.0
gRNA_12540,0,0,0,0,0,0,0,0,0,0,0,0,0,0.0,0.0,0.0,0.0,0.0,0.0,0.0
gRNA_12541,0,0,0,0,0,0,0,0,0,0,0,0,0,0.0,0.0,0.0,0.0,0.0,0.0,0.0
gRNA_12542,0,0,0,0,0,0,0,0,0,0,0,0,0,0.0,0.0,0.0,0.0,0.0,0.0,0.0
gRNA_12543,1,0,1,1,0,0,1,0,0,0,0,0,0,0.0,0.0,100.0,0.0,0.0,0.0,0.0
gRNA_12544,1,0,1,0,0,1,0,0,0,1,0,0,1,0.0,0.0,0.0,100.0,0.0,0.0,100.0
gRNA_12545,0,0,0,0,0,0,0,0,0,0,0,0,0,0.0,0.0,0.0,0.0,0.0,0.0,0.0
gRNA_12546,0,0,0,0,0,0,0,0,0,0,0,0,0,0.0,0.0,0.0,0.0,0.0,0.0,0.0
gRNA_12548,698,0,698,10,687,1,1,29,687,668,0,666,2,4.154727793696275,98.42406876790831,0.14326647564469913,95.70200573065902,0.0,95.41547277936962,0.28653295128939826
gRNA_12550,0,0,0,0,0,0,0,0,0,0,0,0,0,0.0,0.0,0.0,0.0,0.0,0.0,0.0
gRNA_12551,0,0,0,0,0,0,0,0,0,0,0,0,0,0.0,0.0,0.0,0.0,0.0,0.0,0.0
gRNA_12552,1,0,1,0,0,1,0,0,0,1,0,0,1,0.0,0.0,0.0,100.0,0.0,0.0,100.0
gRNA_12553,1,0,1,1,0,0,0,0,0,1,0,1,0,0.0,0.0,0.0,100.0,0.0,100.0,0.0
gRNA_12554,0,0,0,0,0,0,0,0,0,0,0,0,0,0.0,0.0,0.0,0.0,0.0,0.0,0.0
gRNA_12555,1,0,1,1,0,0,1,0,0,0,0,0,0,0.0,0.0,100.0,0.0,0.0,0.0,0.0
gRNA_12556,6043,2,6041,1359,4663,19,5,0,4663,6036,13,5952,71,0.0,77.18920708491972,0.08276775368316504,99.91723224631683,0.2151961595762291,98.52673398443966,1.1753021023009436
gRNA_12558,3824,16,3808,807,2998,3,0,4,2998,3804,255,3239,310,0.10504201680672269,78.72899159663865,0.0,99.89495798319328,6.696428571428571,85.0577731092437,8.140756302521009
gRNA_12559,0,0,0,0,0,0,0,0,0,0,0,0,0,0.0,0.0,0.0,0.0,0.0,0.0,0.0
gRNA_12563,1,0,1,1,0,0,0,0,0,1,0,1,0,0.0,0.0,0.0,100.0,0.0,100.0,0.0
gRNA_12564,0,0,0,0,0,0,0,0,0,0,0,0,0,0.0,0.0,0.0,0.0,0.0,0.0,0.0
gRNA_12565,0,0,0,0,0,0,0,0,0,0,0,0,0,0.0,0.0,0.0,0.0,0.0,0.0,0.0
gRNA_12566,0,0,0,0,0,0,0,0,0,0,0,0,0,0.0,0.0,0.0,0.0,0.0,0.0,0.0
gRNA_12567,2861,83,2778,954,1822,2,193,145,1822,2440,0,2419,21,5.219582433405328,65.58675305975522,6.947444204463643,87.83297336213103,0.0,87.07703383729302,0.755939524838013
gRNA_12568,0,0,0,0,0,0,0,0,0,0,0,0,0,0.0,0.0,0.0,0.0,0.0,0.0,0.0
gRNA_12569,0,0,0,0,0,0,0,0,0,0,0,0,0,0.0,0.0,0.0,0.0,0.0,0.0,0.0
gRNA_12570,0,0,0,0,0,0,0,0,0,0,0,0,0,0.0,0.0,0.0,0.0,0.0,0.0,0.0
gRNA_12571,0,0,0,0,0,0,0,0,0,0,0,0,0,0.0,0.0,0.0,0.0,0.0,0.0,0.0
gRNA_12572,0,0,0,0,0,0,0,0,0,0,0,0,0,0.0,0.0,0.0,0.0,0.0,0.0,0.0
gRNA_12573,1,0,1,1,0,0,0,0,0,1,0,1,0,0.0,0.0,0.0,100.0,0.0,100.0,0.0
gRNA_12574,1,0,1,1,0,0,0,0,0,1,0,1,0,0.0,0.0,0.0,100.0,0.0,100.0,0.0
gRNA_12575,0,0,0,0,0,0,0,0,0,0,0,0,0,0.0,0.0,0.0,0.0,0.0,0.0,0.0
gRNA_12579,1694,38,1656,23,1566,67,2,375,1566,1279,1,1205,73,22.644927536231883,94.56521739130434,0.12077294685990338,77.23429951690821,0.06038647342995169,72.76570048309179,4.408212560386473
gRNA_12580,2742,2,2740,135,2499,106,7,1256,2499,1477,24,1316,137,45.839416058394164,91.2043795620438,0.25547445255474455,53.90510948905109,0.8759124087591241,48.02919708029197,5.0
gRNA_12583,516,0,516,187,275,54,61,120,275,335,11,251,73,23.25581395348837,53.29457364341085,11.821705426356589,64.92248062015504,2.131782945736434,48.64341085271318,14.147286821705427
gRNA_12592,1954,1,1953,1497,366,90,17,2,366,1934,0,1823,111,0.10240655401945725,18.740399385560675,0.8704557091653866,99.02713773681515,0.0,93.34357398873527,5.6835637480798775
gRNA_12593,0,0,0,0,0,0,0,0,0,0,0,0,0,0.0,0.0,0.0,0.0,0.0,0.0,0.0
gRNA_12594,0,0,0,0,0,0,0,0,0,0,0,0,0,0.0,0.0,0.0,0.0,0.0,0.0,0.0
gRNA_12597,1562,27,1535,1092,441,2,1,9,441,1525,4,1513,8,0.5863192182410424,28.729641693811075,0.06514657980456026,99.3485342019544,0.26058631921824105,98.56677524429968,0.5211726384364821
gRNA_12601,2576,0,2576,229,2347,0,46,191,2347,2339,4,2323,12,7.4145962732919255,91.11024844720497,1.7857142857142858,90.79968944099379,0.15527950310559005,90.17857142857143,0.4658385093167702
gRNA_12602,11089,4,11085,7142,3410,533,39,106,3410,10940,5,10369,566,0.9562471808750563,30.76229138475417,0.35182679296346414,98.69192602616148,0.04510599909788002,93.54082092918358,5.105999097880018
gRNA_12603,1,0,1,1,0,0,0,0,0,1,0,1,0,0.0,0.0,0.0,100.0,0.0,100.0,0.0
gRNA_12604,3460,2,3458,270,3156,32,84,797,3156,2577,74,2437,66,23.048004626951997,91.26662810873337,2.42914979757085,74.52284557547715,2.1399652978600345,70.47426257952574,1.9086176980913823
gRNA_12605,0,0,0,0,0,0,0,0,0,0,0,0,0,0.0,0.0,0.0,0.0,0.0,0.0,0.0
gRNA_12611,0,0,0,0,0,0,0,0,0,0,0,0,0,0.0,0.0,0.0,0.0,0.0,0.0,0.0
gRNA_12612,0,0,0,0,0,0,0,0,0,0,0,0,0,0.0,0.0,0.0,0.0,0.0,0.0,0.0
gRNA_12613,0,0,0,0,0,0,0,0,0,0,0,0,0,0.0,0.0,0.0,0.0,0.0,0.0,0.0
gRNA_12614,4,0,4,3,0,1,0,0,0,4,0,3,1,0.0,0.0,0.0,100.0,0.0,75.0,25.0
gRNA_12615,0,0,0,0,0,0,0,0,0,0,0,0,0,0.0,0.0,0.0,0.0,0.0,0.0,0.0
gRNA_12616,0,0,0,0,0,0,0,0,0,0,0,0,0,0.0,0.0,0.0,0.0,0.0,0.0,0.0
gRNA_12617,0,0,0,0,0,0,0,0,0,0,0,0,0,0.0,0.0,0.0,0.0,0.0,0.0,0.0
gRNA_12619,0,0,0,0,0,0,0,0,0,0,0,0,0,0.0,0.0,0.0,0.0,0.0,0.0,0.0
gRNA_12620,0,0,0,0,0,0,0,0,0,0,0,0,0,0.0,0.0,0.0,0.0,0.0,0.0,0.0
gRNA_12621,1,0,1,1,0,0,1,0,0,0,0,0,0,0.0,0.0,100.0,0.0,0.0,0.0,0.0
gRNA_12622,0,0,0,0,0,0,0,0,0,0,0,0,0,0.0,0.0,0.0,0.0,0.0,0.0,0.0
gRNA_12623,0,0,0,0,0,0,0,0,0,0,0,0,0,0.0,0.0,0.0,0.0,0.0,0.0,0.0
gRNA_12626,0,0,0,0,0,0,0,0,0,0,0,0,0,0.0,0.0,0.0,0.0,0.0,0.0,0.0
gRNA_12627,0,0,0,0,0,0,0,0,0,0,0,0,0,0.0,0.0,0.0,0.0,0.0,0.0,0.0
gRNA_12628,0,0,0,0,0,0,0,0,0,0,0,0,0,0.0,0.0,0.0,0.0,0.0,0.0,0.0
gRNA_12629,0,0,0,0,0,0,0,0,0,0,0,0,0,0.0,0.0,0.0,0.0,0.0,0.0,0.0
gRNA_12630,236,0,236,217,6,13,24,0,6,212,0,199,13,0.0,2.542372881355932,10.169491525423728,89.83050847457628,0.0,84.32203389830508,5.508474576271187
gRNA_12631,0,0,0,0,0,0,0,0,0,0,0,0,0,0.0,0.0,0.0,0.0,0.0,0.0,0.0
gRNA_12632,0,0,0,0,0,0,0,0,0,0,0,0,0,0.0,0.0,0.0,0.0,0.0,0.0,0.0
gRNA_12633,0,0,0,0,0,0,0,0,0,0,0,0,0,0.0,0.0,0.0,0.0,0.0,0.0,0.0
gRNA_12634,0,0,0,0,0,0,0,0,0,0,0,0,0,0.0,0.0,0.0,0.0,0.0,0.0,0.0
gRNA_12636,0,0,0,0,0,0,0,0,0,0,0,0,0,0.0,0.0,0.0,0.0,0.0,0.0,0.0
gRNA_12652,3168,5,3163,270,2373,520,80,1312,2373,1771,3,1228,540,41.479607967119826,75.02371166613975,2.5292443882390137,55.99114764464117,0.09484666455896301,38.823901359468856,17.072399620613343
gRNA_12831,1548,3,1545,85,1409,51,12,16,1409,1517,4,1429,84,1.035598705501618,91.19741100323624,0.7766990291262136,98.18770226537217,0.2588996763754045,92.49190938511327,5.436893203883495
gRNA_12833,1,0,1,1,0,0,0,0,0,1,0,1,0,0.0,0.0,0.0,100.0,0.0,100.0,0.0
gRNA_12838,0,0,0,0,0,0,0,0,0,0,0,0,0,0.0,0.0,0.0,0.0,0.0,0.0,0.0
gRNA_12848,0,0,0,0,0,0,0,0,0,0,0,0,0,0.0,0.0,0.0,0.0,0.0,0.0,0.0
gRNA_12863,0,0,0,0,0,0,0,0,0,0,0,0,0,0.0,0.0,0.0,0.0,0.0,0.0,0.0
gRNA_12866,0,0,0,0,0,0,0,0,0,0,0,0,0,0.0,0.0,0.0,0.0,0.0,0.0,0.0
gRNA_12867,0,0,0,0,0,0,0,0,0,0,0,0,0,0.0,0.0,0.0,0.0,0.0,0.0,0.0
gRNA_12870,0,0,0,0,0,0,0,0,0,0,0,0,0,0.0,0.0,0.0,0.0,0.0,0.0,0.0
gRNA_12881,2,0,2,1,1,0,0,0,1,2,0,2,0,0.0,50.0,0.0,100.0,0.0,100.0,0.0
gRNA_13011,441,0,441,13,419,9,2,80,419,359,0,345,14,18.140589569160998,95.01133786848072,0.45351473922902497,81.40589569160997,0.0,78.2312925170068,3.1746031746031744
gRNA_13017,0,0,0,0,0,0,0,0,0,0,0,0,0,0.0,0.0,0.0,0.0,0.0,0.0,0.0
gRNA_13026,0,0,0,0,0,0,0,0,0,0,0,0,0,0.0,0.0,0.0,0.0,0.0,0.0,0.0
gRNA_13039,0,0,0,0,0,0,0,0,0,0,0,0,0,0.0,0.0,0.0,0.0,0.0,0.0,0.0
gRNA_13043,0,0,0,0,0,0,0,0,0,0,0,0,0,0.0,0.0,0.0,0.0,0.0,0.0,0.0
gRNA_1322,4655,4,4651,260,3580,811,46,154,3580,4451,3,3624,824,3.3111158890561168,76.97269404429154,0.9890346162115674,95.69984949473232,0.06450225757901526,77.91872715545044,17.71662008170286
gRNA_1337,2185,0,2185,158,1650,377,29,448,1650,1708,0,1330,378,20.503432494279178,75.51487414187643,1.3272311212814645,78.16933638443936,0.0,60.869565217391305,17.299771167048053
gRNA_1343,1481,1,1480,663,810,7,191,14,810,1275,2,1262,11,0.9459459459459459,54.729729729729726,12.905405405405405,86.14864864864865,0.13513513513513514,85.27027027027027,0.7432432432432432
gRNA_13599,0,0,0,0,0,0,0,0,0,0,0,0,0,0.0,0.0,0.0,0.0,0.0,0.0,0.0
gRNA_13600,0,0,0,0,0,0,0,0,0,0,0,0,0,0.0,0.0,0.0,0.0,0.0,0.0,0.0
gRNA_13601,0,0,0,0,0,0,0,0,0,0,0,0,0,0.0,0.0,0.0,0.0,0.0,0.0,0.0
gRNA_13602,0,0,0,0,0,0,0,0,0,0,0,0,0,0.0,0.0,0.0,0.0,0.0,0.0,0.0
gRNA_13603,0,0,0,0,0,0,0,0,0,0,0,0,0,0.0,0.0,0.0,0.0,0.0,0.0,0.0
gRNA_13604,0,0,0,0,0,0,0,0,0,0,0,0,0,0.0,0.0,0.0,0.0,0.0,0.0,0.0
gRNA_13605,0,0,0,0,0,0,0,0,0,0,0,0,0,0.0,0.0,0.0,0.0,0.0,0.0,0.0
gRNA_13606,0,0,0,0,0,0,0,0,0,0,0,0,0,0.0,0.0,0.0,0.0,0.0,0.0,0.0
gRNA_13607,0,0,0,0,0,0,0,0,0,0,0,0,0,0.0,0.0,0.0,0.0,0.0,0.0,0.0
gRNA_13608,0,0,0,0,0,0,0,0,0,0,0,0,0,0.0,0.0,0.0,0.0,0.0,0.0,0.0
gRNA_13609,0,0,0,0,0,0,0,0,0,0,0,0,0,0.0,0.0,0.0,0.0,0.0,0.0,0.0
gRNA_13610,0,0,0,0,0,0,0,0,0,0,0,0,0,0.0,0.0,0.0,0.0,0.0,0.0,0.0
gRNA_13611,0,0,0,0,0,0,0,0,0,0,0,0,0,0.0,0.0,0.0,0.0,0.0,0.0,0.0
gRNA_13612,0,0,0,0,0,0,0,0,0,0,0,0,0,0.0,0.0,0.0,0.0,0.0,0.0,0.0
gRNA_13613,0,0,0,0,0,0,0,0,0,0,0,0,0,0.0,0.0,0.0,0.0,0.0,0.0,0.0
gRNA_13614,0,0,0,0,0,0,0,0,0,0,0,0,0,0.0,0.0,0.0,0.0,0.0,0.0,0.0
gRNA_13615,0,0,0,0,0,0,0,0,0,0,0,0,0,0.0,0.0,0.0,0.0,0.0,0.0,0.0
gRNA_13616,0,0,0,0,0,0,0,0,0,0,0,0,0,0.0,0.0,0.0,0.0,0.0,0.0,0.0
gRNA_13617,0,0,0,0,0,0,0,0,0,0,0,0,0,0.0,0.0,0.0,0.0,0.0,0.0,0.0
gRNA_13618,0,0,0,0,0,0,0,0,0,0,0,0,0,0.0,0.0,0.0,0.0,0.0,0.0,0.0
gRNA_13619,0,0,0,0,0,0,0,0,0,0,0,0,0,0.0,0.0,0.0,0.0,0.0,0.0,0.0
gRNA_13620,0,0,0,0,0,0,0,0,0,0,0,0,0,0.0,0.0,0.0,0.0,0.0,0.0,0.0
gRNA_13621,0,0,0,0,0,0,0,0,0,0,0,0,0,0.0,0.0,0.0,0.0,0.0,0.0,0.0
gRNA_13622,0,0,0,0,0,0,0,0,0,0,0,0,0,0.0,0.0,0.0,0.0,0.0,0.0,0.0
gRNA_13623,0,0,0,0,0,0,0,0,0,0,0,0,0,0.0,0.0,0.0,0.0,0.0,0.0,0.0
gRNA_13624,0,0,0,0,0,0,0,0,0,0,0,0,0,0.0,0.0,0.0,0.0,0.0,0.0,0.0
gRNA_13625,0,0,0,0,0,0,0,0,0,0,0,0,0,0.0,0.0,0.0,0.0,0.0,0.0,0.0
gRNA_13626,0,0,0,0,0,0,0,0,0,0,0,0,0,0.0,0.0,0.0,0.0,0.0,0.0,0.0
gRNA_13627,0,0,0,0,0,0,0,0,0,0,0,0,0,0.0,0.0,0.0,0.0,0.0,0.0,0.0
gRNA_13628,0,0,0,0,0,0,0,0,0,0,0,0,0,0.0,0.0,0.0,0.0,0.0,0.0,0.0
gRNA_13629,0,0,0,0,0,0,0,0,0,0,0,0,0,0.0,0.0,0.0,0.0,0.0,0.0,0.0
gRNA_13630,0,0,0,0,0,0,0,0,0,0,0,0,0,0.0,0.0,0.0,0.0,0.0,0.0,0.0
gRNA_13631,0,0,0,0,0,0,0,0,0,0,0,0,0,0.0,0.0,0.0,0.0,0.0,0.0,0.0
gRNA_13632,0,0,0,0,0,0,0,0,0,0,0,0,0,0.0,0.0,0.0,0.0,0.0,0.0,0.0
gRNA_13633,0,0,0,0,0,0,0,0,0,0,0,0,0,0.0,0.0,0.0,0.0,0.0,0.0,0.0
gRNA_13634,0,0,0,0,0,0,0,0,0,0,0,0,0,0.0,0.0,0.0,0.0,0.0,0.0,0.0
gRNA_13635,0,0,0,0,0,0,0,0,0,0,0,0,0,0.0,0.0,0.0,0.0,0.0,0.0,0.0
gRNA_13636,0,0,0,0,0,0,0,0,0,0,0,0,0,0.0,0.0,0.0,0.0,0.0,0.0,0.0
gRNA_13637,0,0,0,0,0,0,0,0,0,0,0,0,0,0.0,0.0,0.0,0.0,0.0,0.0,0.0
gRNA_13638,0,0,0,0,0,0,0,0,0,0,0,0,0,0.0,0.0,0.0,0.0,0.0,0.0,0.0
gRNA_13639,0,0,0,0,0,0,0,0,0,0,0,0,0,0.0,0.0,0.0,0.0,0.0,0.0,0.0
gRNA_13640,0,0,0,0,0,0,0,0,0,0,0,0,0,0.0,0.0,0.0,0.0,0.0,0.0,0.0
gRNA_13641,0,0,0,0,0,0,0,0,0,0,0,0,0,0.0,0.0,0.0,0.0,0.0,0.0,0.0
gRNA_13642,0,0,0,0,0,0,0,0,0,0,0,0,0,0.0,0.0,0.0,0.0,0.0,0.0,0.0
gRNA_13643,0,0,0,0,0,0,0,0,0,0,0,0,0,0.0,0.0,0.0,0.0,0.0,0.0,0.0
gRNA_13644,0,0,0,0,0,0,0,0,0,0,0,0,0,0.0,0.0,0.0,0.0,0.0,0.0,0.0
gRNA_13645,0,0,0,0,0,0,0,0,0,0,0,0,0,0.0,0.0,0.0,0.0,0.0,0.0,0.0
gRNA_13646,0,0,0,0,0,0,0,0,0,0,0,0,0,0.0,0.0,0.0,0.0,0.0,0.0,0.0
gRNA_13647,0,0,0,0,0,0,0,0,0,0,0,0,0,0.0,0.0,0.0,0.0,0.0,0.0,0.0
gRNA_13648,0,0,0,0,0,0,0,0,0,0,0,0,0,0.0,0.0,0.0,0.0,0.0,0.0,0.0
gRNA_13649,0,0,0,0,0,0,0,0,0,0,0,0,0,0.0,0.0,0.0,0.0,0.0,0.0,0.0
gRNA_13650,0,0,0,0,0,0,0,0,0,0,0,0,0,0.0,0.0,0.0,0.0,0.0,0.0,0.0
gRNA_13651,0,0,0,0,0,0,0,0,0,0,0,0,0,0.0,0.0,0.0,0.0,0.0,0.0,0.0
gRNA_13652,0,0,0,0,0,0,0,0,0,0,0,0,0,0.0,0.0,0.0,0.0,0.0,0.0,0.0
gRNA_13653,0,0,0,0,0,0,0,0,0,0,0,0,0,0.0,0.0,0.0,0.0,0.0,0.0,0.0
gRNA_13654,0,0,0,0,0,0,0,0,0,0,0,0,0,0.0,0.0,0.0,0.0,0.0,0.0,0.0
gRNA_13655,0,0,0,0,0,0,0,0,0,0,0,0,0,0.0,0.0,0.0,0.0,0.0,0.0,0.0
gRNA_13656,0,0,0,0,0,0,0,0,0,0,0,0,0,0.0,0.0,0.0,0.0,0.0,0.0,0.0
gRNA_13657,0,0,0,0,0,0,0,0,0,0,0,0,0,0.0,0.0,0.0,0.0,0.0,0.0,0.0
gRNA_13658,0,0,0,0,0,0,0,0,0,0,0,0,0,0.0,0.0,0.0,0.0,0.0,0.0,0.0
gRNA_13659,0,0,0,0,0,0,0,0,0,0,0,0,0,0.0,0.0,0.0,0.0,0.0,0.0,0.0
gRNA_13660,0,0,0,0,0,0,0,0,0,0,0,0,0,0.0,0.0,0.0,0.0,0.0,0.0,0.0
gRNA_13661,0,0,0,0,0,0,0,0,0,0,0,0,0,0.0,0.0,0.0,0.0,0.0,0.0,0.0
gRNA_13662,0,0,0,0,0,0,0,0,0,0,0,0,0,0.0,0.0,0.0,0.0,0.0,0.0,0.0
gRNA_13663,0,0,0,0,0,0,0,0,0,0,0,0,0,0.0,0.0,0.0,0.0,0.0,0.0,0.0
gRNA_13664,0,0,0,0,0,0,0,0,0,0,0,0,0,0.0,0.0,0.0,0.0,0.0,0.0,0.0
gRNA_13665,0,0,0,0,0,0,0,0,0,0,0,0,0,0.0,0.0,0.0,0.0,0.0,0.0,0.0
gRNA_13666,0,0,0,0,0,0,0,0,0,0,0,0,0,0.0,0.0,0.0,0.0,0.0,0.0,0.0
gRNA_13667,0,0,0,0,0,0,0,0,0,0,0,0,0,0.0,0.0,0.0,0.0,0.0,0.0,0.0
gRNA_13668,0,0,0,0,0,0,0,0,0,0,0,0,0,0.0,0.0,0.0,0.0,0.0,0.0,0.0
gRNA_13669,0,0,0,0,0,0,0,0,0,0,0,0,0,0.0,0.0,0.0,0.0,0.0,0.0,0.0
gRNA_13670,0,0,0,0,0,0,0,0,0,0,0,0,0,0.0,0.0,0.0,0.0,0.0,0.0,0.0
gRNA_13671,0,0,0,0,0,0,0,0,0,0,0,0,0,0.0,0.0,0.0,0.0,0.0,0.0,0.0
gRNA_13672,0,0,0,0,0,0,0,0,0,0,0,0,0,0.0,0.0,0.0,0.0,0.0,0.0,0.0
gRNA_13673,0,0,0,0,0,0,0,0,0,0,0,0,0,0.0,0.0,0.0,0.0,0.0,0.0,0.0
gRNA_13674,0,0,0,0,0,0,0,0,0,0,0,0,0,0.0,0.0,0.0,0.0,0.0,0.0,0.0
gRNA_13675,0,0,0,0,0,0,0,0,0,0,0,0,0,0.0,0.0,0.0,0.0,0.0,0.0,0.0
gRNA_13676,0,0,0,0,0,0,0,0,0,0,0,0,0,0.0,0.0,0.0,0.0,0.0,0.0,0.0
gRNA_13677,0,0,0,0,0,0,0,0,0,0,0,0,0,0.0,0.0,0.0,0.0,0.0,0.0,0.0
gRNA_13678,0,0,0,0,0,0,0,0,0,0,0,0,0,0.0,0.0,0.0,0.0,0.0,0.0,0.0
gRNA_13679,0,0,0,0,0,0,0,0,0,0,0,0,0,0.0,0.0,0.0,0.0,0.0,0.0,0.0
gRNA_1368,0,0,0,0,0,0,0,0,0,0,0,0,0,0.0,0.0,0.0,0.0,0.0,0.0,0.0
gRNA_13680,0,0,0,0,0,0,0,0,0,0,0,0,0,0.0,0.0,0.0,0.0,0.0,0.0,0.0
gRNA_13681,0,0,0,0,0,0,0,0,0,0,0,0,0,0.0,0.0,0.0,0.0,0.0,0.0,0.0
gRNA_13682,0,0,0,0,0,0,0,0,0,0,0,0,0,0.0,0.0,0.0,0.0,0.0,0.0,0.0
gRNA_13683,0,0,0,0,0,0,0,0,0,0,0,0,0,0.0,0.0,0.0,0.0,0.0,0.0,0.0
gRNA_13684,0,0,0,0,0,0,0,0,0,0,0,0,0,0.0,0.0,0.0,0.0,0.0,0.0,0.0
gRNA_13685,0,0,0,0,0,0,0,0,0,0,0,0,0,0.0,0.0,0.0,0.0,0.0,0.0,0.0
gRNA_13686,0,0,0,0,0,0,0,0,0,0,0,0,0,0.0,0.0,0.0,0.0,0.0,0.0,0.0
gRNA_13687,0,0,0,0,0,0,0,0,0,0,0,0,0,0.0,0.0,0.0,0.0,0.0,0.0,0.0
gRNA_13688,0,0,0,0,0,0,0,0,0,0,0,0,0,0.0,0.0,0.0,0.0,0.0,0.0,0.0
gRNA_13689,0,0,0,0,0,0,0,0,0,0,0,0,0,0.0,0.0,0.0,0.0,0.0,0.0,0.0
gRNA_13690,0,0,0,0,0,0,0,0,0,0,0,0,0,0.0,0.0,0.0,0.0,0.0,0.0,0.0
gRNA_13691,0,0,0,0,0,0,0,0,0,0,0,0,0,0.0,0.0,0.0,0.0,0.0,0.0,0.0
gRNA_13692,0,0,0,0,0,0,0,0,0,0,0,0,0,0.0,0.0,0.0,0.0,0.0,0.0,0.0
gRNA_13693,0,0,0,0,0,0,0,0,0,0,0,0,0,0.0,0.0,0.0,0.0,0.0,0.0,0.0
gRNA_13694,0,0,0,0,0,0,0,0,0,0,0,0,0,0.0,0.0,0.0,0.0,0.0,0.0,0.0
gRNA_13695,0,0,0,0,0,0,0,0,0,0,0,0,0,0.0,0.0,0.0,0.0,0.0,0.0,0.0
gRNA_13696,0,0,0,0,0,0,0,0,0,0,0,0,0,0.0,0.0,0.0,0.0,0.0,0.0,0.0
gRNA_13697,0,0,0,0,0,0,0,0,0,0,0,0,0,0.0,0.0,0.0,0.0,0.0,0.0,0.0
gRNA_13698,0,0,0,0,0,0,0,0,0,0,0,0,0,0.0,0.0,0.0,0.0,0.0,0.0,0.0
gRNA_13699,0,0,0,0,0,0,0,0,0,0,0,0,0,0.0,0.0,0.0,0.0,0.0,0.0,0.0
gRNA_13700,0,0,0,0,0,0,0,0,0,0,0,0,0,0.0,0.0,0.0,0.0,0.0,0.0,0.0
gRNA_13701,0,0,0,0,0,0,0,0,0,0,0,0,0,0.0,0.0,0.0,0.0,0.0,0.0,0.0
gRNA_13702,0,0,0,0,0,0,0,0,0,0,0,0,0,0.0,0.0,0.0,0.0,0.0,0.0,0.0
gRNA_13703,0,0,0,0,0,0,0,0,0,0,0,0,0,0.0,0.0,0.0,0.0,0.0,0.0,0.0
gRNA_13704,0,0,0,0,0,0,0,0,0,0,0,0,0,0.0,0.0,0.0,0.0,0.0,0.0,0.0
gRNA_13705,0,0,0,0,0,0,0,0,0,0,0,0,0,0.0,0.0,0.0,0.0,0.0,0.0,0.0
gRNA_13706,0,0,0,0,0,0,0,0,0,0,0,0,0,0.0,0.0,0.0,0.0,0.0,0.0,0.0
gRNA_13707,0,0,0,0,0,0,0,0,0,0,0,0,0,0.0,0.0,0.0,0.0,0.0,0.0,0.0
gRNA_13708,0,0,0,0,0,0,0,0,0,0,0,0,0,0.0,0.0,0.0,0.0,0.0,0.0,0.0
gRNA_13709,0,0,0,0,0,0,0,0,0,0,0,0,0,0.0,0.0,0.0,0.0,0.0,0.0,0.0
gRNA_13710,0,0,0,0,0,0,0,0,0,0,0,0,0,0.0,0.0,0.0,0.0,0.0,0.0,0.0
gRNA_13711,0,0,0,0,0,0,0,0,0,0,0,0,0,0.0,0.0,0.0,0.0,0.0,0.0,0.0
gRNA_13712,0,0,0,0,0,0,0,0,0,0,0,0,0,0.0,0.0,0.0,0.0,0.0,0.0,0.0
gRNA_13713,0,0,0,0,0,0,0,0,0,0,0,0,0,0.0,0.0,0.0,0.0,0.0,0.0,0.0
gRNA_13714,0,0,0,0,0,0,0,0,0,0,0,0,0,0.0,0.0,0.0,0.0,0.0,0.0,0.0
gRNA_13715,0,0,0,0,0,0,0,0,0,0,0,0,0,0.0,0.0,0.0,0.0,0.0,0.0,0.0
gRNA_13716,0,0,0,0,0,0,0,0,0,0,0,0,0,0.0,0.0,0.0,0.0,0.0,0.0,0.0
gRNA_13717,0,0,0,0,0,0,0,0,0,0,0,0,0,0.0,0.0,0.0,0.0,0.0,0.0,0.0
gRNA_13718,0,0,0,0,0,0,0,0,0,0,0,0,0,0.0,0.0,0.0,0.0,0.0,0.0,0.0
gRNA_13719,0,0,0,0,0,0,0,0,0,0,0,0,0,0.0,0.0,0.0,0.0,0.0,0.0,0.0
gRNA_13720,0,0,0,0,0,0,0,0,0,0,0,0,0,0.0,0.0,0.0,0.0,0.0,0.0,0.0
gRNA_13721,0,0,0,0,0,0,0,0,0,0,0,0,0,0.0,0.0,0.0,0.0,0.0,0.0,0.0
gRNA_13722,0,0,0,0,0,0,0,0,0,0,0,0,0,0.0,0.0,0.0,0.0,0.0,0.0,0.0
gRNA_13723,0,0,0,0,0,0,0,0,0,0,0,0,0,0.0,0.0,0.0,0.0,0.0,0.0,0.0
gRNA_13724,0,0,0,0,0,0,0,0,0,0,0,0,0,0.0,0.0,0.0,0.0,0.0,0.0,0.0
gRNA_13725,0,0,0,0,0,0,0,0,0,0,0,0,0,0.0,0.0,0.0,0.0,0.0,0.0,0.0
gRNA_13726,0,0,0,0,0,0,0,0,0,0,0,0,0,0.0,0.0,0.0,0.0,0.0,0.0,0.0
gRNA_13727,0,0,0,0,0,0,0,0,0,0,0,0,0,0.0,0.0,0.0,0.0,0.0,0.0,0.0
gRNA_13728,0,0,0,0,0,0,0,0,0,0,0,0,0,0.0,0.0,0.0,0.0,0.0,0.0,0.0
gRNA_13729,0,0,0,0,0,0,0,0,0,0,0,0,0,0.0,0.0,0.0,0.0,0.0,0.0,0.0
gRNA_13730,0,0,0,0,0,0,0,0,0,0,0,0,0,0.0,0.0,0.0,0.0,0.0,0.0,0.0
gRNA_13731,0,0,0,0,0,0,0,0,0,0,0,0,0,0.0,0.0,0.0,0.0,0.0,0.0,0.0
gRNA_1376,341,209,132,2,104,26,0,0,104,132,0,98,34,0.0,78.78787878787878,0.0,100.0,0.0,74.24242424242425,25.757575757575758
gRNA_1381,1614,0,1614,17,1525,72,1,597,1525,1016,37,724,255,36.98884758364312,94.48574969021065,0.061957868649318466,62.949194547707556,2.292441140024783,44.85749690210657,15.799256505576208
gRNA_1382,1139,0,1139,36,1076,27,5,244,1076,890,1,860,29,21.422300263388937,94.46883230904302,0.43898156277436345,78.1387181738367,0.08779631255487269,75.50482879719051,2.546093064091308
gRNA_1383,836,24,812,8,785,19,2,124,785,686,7,610,69,15.270935960591133,96.67487684729063,0.24630541871921183,84.48275862068965,0.8620689655172413,75.1231527093596,8.497536945812808
gRNA_13855,0,0,0,0,0,0,0,0,0,0,0,0,0,0.0,0.0,0.0,0.0,0.0,0.0,0.0
gRNA_13860,0,0,0,0,0,0,0,0,0,0,0,0,0,0.0,0.0,0.0,0.0,0.0,0.0,0.0
gRNA_13871,0,0,0,0,0,0,0,0,0,0,0,0,0,0.0,0.0,0.0,0.0,0.0,0.0,0.0
gRNA_1389,0,0,0,0,0,0,0,0,0,0,0,0,0,0.0,0.0,0.0,0.0,0.0,0.0,0.0
gRNA_13903,0,0,0,0,0,0,0,0,0,0,0,0,0,0.0,0.0,0.0,0.0,0.0,0.0,0.0
gRNA_13905,0,0,0,0,0,0,0,0,0,0,0,0,0,0.0,0.0,0.0,0.0,0.0,0.0,0.0
gRNA_13953,0,0,0,0,0,0,0,0,0,0,0,0,0,0.0,0.0,0.0,0.0,0.0,0.0,0.0
gRNA_1397,0,0,0,0,0,0,0,0,0,0,0,0,0,0.0,0.0,0.0,0.0,0.0,0.0,0.0
gRNA_14002,0,0,0,0,0,0,0,0,0,0,0,0,0,0.0,0.0,0.0,0.0,0.0,0.0,0.0
gRNA_1404,0,0,0,0,0,0,0,0,0,0,0,0,0,0.0,0.0,0.0,0.0,0.0,0.0,0.0
gRNA_14080,0,0,0,0,0,0,0,0,0,0,0,0,0,0.0,0.0,0.0,0.0,0.0,0.0,0.0
gRNA_14104,0,0,0,0,0,0,0,0,0,0,0,0,0,0.0,0.0,0.0,0.0,0.0,0.0,0.0
gRNA_14164,0,0,0,0,0,0,0,0,0,0,0,0,0,0.0,0.0,0.0,0.0,0.0,0.0,0.0
gRNA_14242,0,0,0,0,0,0,0,0,0,0,0,0,0,0.0,0.0,0.0,0.0,0.0,0.0,0.0
gRNA_14243,0,0,0,0,0,0,0,0,0,0,0,0,0,0.0,0.0,0.0,0.0,0.0,0.0,0.0
gRNA_14250,0,0,0,0,0,0,0,0,0,0,0,0,0,0.0,0.0,0.0,0.0,0.0,0.0,0.0
gRNA_14301,0,0,0,0,0,0,0,0,0,0,0,0,0,0.0,0.0,0.0,0.0,0.0,0.0,0.0
gRNA_14304,0,0,0,0,0,0,0,0,0,0,0,0,0,0.0,0.0,0.0,0.0,0.0,0.0,0.0
gRNA_14320,0,0,0,0,0,0,0,0,0,0,0,0,0,0.0,0.0,0.0,0.0,0.0,0.0,0.0
gRNA_14331,0,0,0,0,0,0,0,0,0,0,0,0,0,0.0,0.0,0.0,0.0,0.0,0.0,0.0
gRNA_14366,0,0,0,0,0,0,0,0,0,0,0,0,0,0.0,0.0,0.0,0.0,0.0,0.0,0.0
gRNA_14367,0,0,0,0,0,0,0,0,0,0,0,0,0,0.0,0.0,0.0,0.0,0.0,0.0,0.0
gRNA_14368,0,0,0,0,0,0,0,0,0,0,0,0,0,0.0,0.0,0.0,0.0,0.0,0.0,0.0
gRNA_14369,0,0,0,0,0,0,0,0,0,0,0,0,0,0.0,0.0,0.0,0.0,0.0,0.0,0.0
gRNA_14370,0,0,0,0,0,0,0,0,0,0,0,0,0,0.0,0.0,0.0,0.0,0.0,0.0,0.0
gRNA_14371,0,0,0,0,0,0,0,0,0,0,0,0,0,0.0,0.0,0.0,0.0,0.0,0.0,0.0
gRNA_14372,0,0,0,0,0,0,0,0,0,0,0,0,0,0.0,0.0,0.0,0.0,0.0,0.0,0.0
gRNA_14373,0,0,0,0,0,0,0,0,0,0,0,0,0,0.0,0.0,0.0,0.0,0.0,0.0,0.0
gRNA_14374,0,0,0,0,0,0,0,0,0,0,0,0,0,0.0,0.0,0.0,0.0,0.0,0.0,0.0
gRNA_14375,0,0,0,0,0,0,0,0,0,0,0,0,0,0.0,0.0,0.0,0.0,0.0,0.0,0.0
gRNA_14376,0,0,0,0,0,0,0,0,0,0,0,0,0,0.0,0.0,0.0,0.0,0.0,0.0,0.0
gRNA_14377,0,0,0,0,0,0,0,0,0,0,0,0,0,0.0,0.0,0.0,0.0,0.0,0.0,0.0
gRNA_14378,0,0,0,0,0,0,0,0,0,0,0,0,0,0.0,0.0,0.0,0.0,0.0,0.0,0.0
gRNA_14379,0,0,0,0,0,0,0,0,0,0,0,0,0,0.0,0.0,0.0,0.0,0.0,0.0,0.0
gRNA_14380,0,0,0,0,0,0,0,0,0,0,0,0,0,0.0,0.0,0.0,0.0,0.0,0.0,0.0
gRNA_14381,0,0,0,0,0,0,0,0,0,0,0,0,0,0.0,0.0,0.0,0.0,0.0,0.0,0.0
gRNA_14382,0,0,0,0,0,0,0,0,0,0,0,0,0,0.0,0.0,0.0,0.0,0.0,0.0,0.0
gRNA_14383,0,0,0,0,0,0,0,0,0,0,0,0,0,0.0,0.0,0.0,0.0,0.0,0.0,0.0
gRNA_14384,0,0,0,0,0,0,0,0,0,0,0,0,0,0.0,0.0,0.0,0.0,0.0,0.0,0.0
gRNA_14385,0,0,0,0,0,0,0,0,0,0,0,0,0,0.0,0.0,0.0,0.0,0.0,0.0,0.0
gRNA_14386,0,0,0,0,0,0,0,0,0,0,0,0,0,0.0,0.0,0.0,0.0,0.0,0.0,0.0
gRNA_14387,0,0,0,0,0,0,0,0,0,0,0,0,0,0.0,0.0,0.0,0.0,0.0,0.0,0.0
gRNA_14388,0,0,0,0,0,0,0,0,0,0,0,0,0,0.0,0.0,0.0,0.0,0.0,0.0,0.0
gRNA_14389,0,0,0,0,0,0,0,0,0,0,0,0,0,0.0,0.0,0.0,0.0,0.0,0.0,0.0
gRNA_14390,0,0,0,0,0,0,0,0,0,0,0,0,0,0.0,0.0,0.0,0.0,0.0,0.0,0.0
gRNA_14391,0,0,0,0,0,0,0,0,0,0,0,0,0,0.0,0.0,0.0,0.0,0.0,0.0,0.0
gRNA_14392,0,0,0,0,0,0,0,0,0,0,0,0,0,0.0,0.0,0.0,0.0,0.0,0.0,0.0
gRNA_14393,0,0,0,0,0,0,0,0,0,0,0,0,0,0.0,0.0,0.0,0.0,0.0,0.0,0.0
gRNA_14394,0,0,0,0,0,0,0,0,0,0,0,0,0,0.0,0.0,0.0,0.0,0.0,0.0,0.0
gRNA_14395,0,0,0,0,0,0,0,0,0,0,0,0,0,0.0,0.0,0.0,0.0,0.0,0.0,0.0
gRNA_14396,0,0,0,0,0,0,0,0,0,0,0,0,0,0.0,0.0,0.0,0.0,0.0,0.0,0.0
gRNA_14397,0,0,0,0,0,0,0,0,0,0,0,0,0,0.0,0.0,0.0,0.0,0.0,0.0,0.0
gRNA_14402,0,0,0,0,0,0,0,0,0,0,0,0,0,0.0,0.0,0.0,0.0,0.0,0.0,0.0
gRNA_14407,0,0,0,0,0,0,0,0,0,0,0,0,0,0.0,0.0,0.0,0.0,0.0,0.0,0.0
gRNA_14410,0,0,0,0,0,0,0,0,0,0,0,0,0,0.0,0.0,0.0,0.0,0.0,0.0,0.0
gRNA_14413,0,0,0,0,0,0,0,0,0,0,0,0,0,0.0,0.0,0.0,0.0,0.0,0.0,0.0
gRNA_14414,0,0,0,0,0,0,0,0,0,0,0,0,0,0.0,0.0,0.0,0.0,0.0,0.0,0.0
gRNA_14415,0,0,0,0,0,0,0,0,0,0,0,0,0,0.0,0.0,0.0,0.0,0.0,0.0,0.0
gRNA_14416,0,0,0,0,0,0,0,0,0,0,0,0,0,0.0,0.0,0.0,0.0,0.0,0.0,0.0
gRNA_14417,0,0,0,0,0,0,0,0,0,0,0,0,0,0.0,0.0,0.0,0.0,0.0,0.0,0.0
gRNA_14418,0,0,0,0,0,0,0,0,0,0,0,0,0,0.0,0.0,0.0,0.0,0.0,0.0,0.0
gRNA_14419,0,0,0,0,0,0,0,0,0,0,0,0,0,0.0,0.0,0.0,0.0,0.0,0.0,0.0
gRNA_14420,0,0,0,0,0,0,0,0,0,0,0,0,0,0.0,0.0,0.0,0.0,0.0,0.0,0.0
gRNA_14421,0,0,0,0,0,0,0,0,0,0,0,0,0,0.0,0.0,0.0,0.0,0.0,0.0,0.0
gRNA_14422,0,0,0,0,0,0,0,0,0,0,0,0,0,0.0,0.0,0.0,0.0,0.0,0.0,0.0
gRNA_14423,0,0,0,0,0,0,0,0,0,0,0,0,0,0.0,0.0,0.0,0.0,0.0,0.0,0.0
gRNA_14424,0,0,0,0,0,0,0,0,0,0,0,0,0,0.0,0.0,0.0,0.0,0.0,0.0,0.0
gRNA_14425,0,0,0,0,0,0,0,0,0,0,0,0,0,0.0,0.0,0.0,0.0,0.0,0.0,0.0
gRNA_14426,0,0,0,0,0,0,0,0,0,0,0,0,0,0.0,0.0,0.0,0.0,0.0,0.0,0.0
gRNA_14427,0,0,0,0,0,0,0,0,0,0,0,0,0,0.0,0.0,0.0,0.0,0.0,0.0,0.0
gRNA_14428,0,0,0,0,0,0,0,0,0,0,0,0,0,0.0,0.0,0.0,0.0,0.0,0.0,0.0
gRNA_14429,0,0,0,0,0,0,0,0,0,0,0,0,0,0.0,0.0,0.0,0.0,0.0,0.0,0.0
gRNA_14430,0,0,0,0,0,0,0,0,0,0,0,0,0,0.0,0.0,0.0,0.0,0.0,0.0,0.0
gRNA_14431,0,0,0,0,0,0,0,0,0,0,0,0,0,0.0,0.0,0.0,0.0,0.0,0.0,0.0
gRNA_14432,0,0,0,0,0,0,0,0,0,0,0,0,0,0.0,0.0,0.0,0.0,0.0,0.0,0.0
gRNA_14433,0,0,0,0,0,0,0,0,0,0,0,0,0,0.0,0.0,0.0,0.0,0.0,0.0,0.0
gRNA_14434,0,0,0,0,0,0,0,0,0,0,0,0,0,0.0,0.0,0.0,0.0,0.0,0.0,0.0
gRNA_14435,0,0,0,0,0,0,0,0,0,0,0,0,0,0.0,0.0,0.0,0.0,0.0,0.0,0.0
gRNA_14436,0,0,0,0,0,0,0,0,0,0,0,0,0,0.0,0.0,0.0,0.0,0.0,0.0,0.0
gRNA_14437,0,0,0,0,0,0,0,0,0,0,0,0,0,0.0,0.0,0.0,0.0,0.0,0.0,0.0
gRNA_14438,0,0,0,0,0,0,0,0,0,0,0,0,0,0.0,0.0,0.0,0.0,0.0,0.0,0.0
gRNA_14439,0,0,0,0,0,0,0,0,0,0,0,0,0,0.0,0.0,0.0,0.0,0.0,0.0,0.0
gRNA_14440,0,0,0,0,0,0,0,0,0,0,0,0,0,0.0,0.0,0.0,0.0,0.0,0.0,0.0
gRNA_14441,0,0,0,0,0,0,0,0,0,0,0,0,0,0.0,0.0,0.0,0.0,0.0,0.0,0.0
gRNA_14442,0,0,0,0,0,0,0,0,0,0,0,0,0,0.0,0.0,0.0,0.0,0.0,0.0,0.0
gRNA_14443,0,0,0,0,0,0,0,0,0,0,0,0,0,0.0,0.0,0.0,0.0,0.0,0.0,0.0
gRNA_14444,0,0,0,0,0,0,0,0,0,0,0,0,0,0.0,0.0,0.0,0.0,0.0,0.0,0.0
gRNA_14445,0,0,0,0,0,0,0,0,0,0,0,0,0,0.0,0.0,0.0,0.0,0.0,0.0,0.0
gRNA_14446,0,0,0,0,0,0,0,0,0,0,0,0,0,0.0,0.0,0.0,0.0,0.0,0.0,0.0
gRNA_14447,0,0,0,0,0,0,0,0,0,0,0,0,0,0.0,0.0,0.0,0.0,0.0,0.0,0.0
gRNA_14448,0,0,0,0,0,0,0,0,0,0,0,0,0,0.0,0.0,0.0,0.0,0.0,0.0,0.0
gRNA_14449,0,0,0,0,0,0,0,0,0,0,0,0,0,0.0,0.0,0.0,0.0,0.0,0.0,0.0
gRNA_14450,0,0,0,0,0,0,0,0,0,0,0,0,0,0.0,0.0,0.0,0.0,0.0,0.0,0.0
gRNA_14451,0,0,0,0,0,0,0,0,0,0,0,0,0,0.0,0.0,0.0,0.0,0.0,0.0,0.0
gRNA_14452,1,0,1,0,0,1,0,0,0,1,0,0,1,0.0,0.0,0.0,100.0,0.0,0.0,100.0
gRNA_14453,0,0,0,0,0,0,0,0,0,0,0,0,0,0.0,0.0,0.0,0.0,0.0,0.0,0.0
gRNA_14454,0,0,0,0,0,0,0,0,0,0,0,0,0,0.0,0.0,0.0,0.0,0.0,0.0,0.0
gRNA_14455,0,0,0,0,0,0,0,0,0,0,0,0,0,0.0,0.0,0.0,0.0,0.0,0.0,0.0
gRNA_14456,1,0,1,1,0,0,0,0,0,1,0,1,0,0.0,0.0,0.0,100.0,0.0,100.0,0.0
gRNA_14457,0,0,0,0,0,0,0,0,0,0,0,0,0,0.0,0.0,0.0,0.0,0.0,0.0,0.0
gRNA_14458,0,0,0,0,0,0,0,0,0,0,0,0,0,0.0,0.0,0.0,0.0,0.0,0.0,0.0
gRNA_14459,0,0,0,0,0,0,0,0,0,0,0,0,0,0.0,0.0,0.0,0.0,0.0,0.0,0.0
gRNA_14460,0,0,0,0,0,0,0,0,0,0,0,0,0,0.0,0.0,0.0,0.0,0.0,0.0,0.0
gRNA_14461,0,0,0,0,0,0,0,0,0,0,0,0,0,0.0,0.0,0.0,0.0,0.0,0.0,0.0
gRNA_14462,0,0,0,0,0,0,0,0,0,0,0,0,0,0.0,0.0,0.0,0.0,0.0,0.0,0.0
gRNA_14463,0,0,0,0,0,0,0,0,0,0,0,0,0,0.0,0.0,0.0,0.0,0.0,0.0,0.0
gRNA_14464,0,0,0,0,0,0,0,0,0,0,0,0,0,0.0,0.0,0.0,0.0,0.0,0.0,0.0
gRNA_14465,2,0,2,1,0,1,0,0,0,2,0,1,1,0.0,0.0,0.0,100.0,0.0,50.0,50.0
gRNA_14466,0,0,0,0,0,0,0,0,0,0,0,0,0,0.0,0.0,0.0,0.0,0.0,0.0,0.0
gRNA_14467,2,0,2,2,0,0,0,0,0,2,0,2,0,0.0,0.0,0.0,100.0,0.0,100.0,0.0
gRNA_14468,0,0,0,0,0,0,0,0,0,0,0,0,0,0.0,0.0,0.0,0.0,0.0,0.0,0.0
gRNA_14469,1,0,1,1,0,0,1,0,0,0,0,0,0,0.0,0.0,100.0,0.0,0.0,0.0,0.0
gRNA_14470,1,0,1,0,1,0,0,0,1,1,0,1,0,0.0,100.0,0.0,100.0,0.0,100.0,0.0
gRNA_14471,0,0,0,0,0,0,0,0,0,0,0,0,0,0.0,0.0,0.0,0.0,0.0,0.0,0.0
gRNA_14472,1,0,1,1,0,0,0,0,0,1,0,1,0,0.0,0.0,0.0,100.0,0.0,100.0,0.0
gRNA_14473,0,0,0,0,0,0,0,0,0,0,0,0,0,0.0,0.0,0.0,0.0,0.0,0.0,0.0
gRNA_14474,1,0,1,1,0,0,0,0,0,1,0,1,0,0.0,0.0,0.0,100.0,0.0,100.0,0.0
gRNA_14475,0,0,0,0,0,0,0,0,0,0,0,0,0,0.0,0.0,0.0,0.0,0.0,0.0,0.0
gRNA_14476,0,0,0,0,0,0,0,0,0,0,0,0,0,0.0,0.0,0.0,0.0,0.0,0.0,0.0
gRNA_14477,0,0,0,0,0,0,0,0,0,0,0,0,0,0.0,0.0,0.0,0.0,0.0,0.0,0.0
gRNA_14478,0,0,0,0,0,0,0,0,0,0,0,0,0,0.0,0.0,0.0,0.0,0.0,0.0,0.0
gRNA_14479,0,0,0,0,0,0,0,0,0,0,0,0,0,0.0,0.0,0.0,0.0,0.0,0.0,0.0
gRNA_14480,0,0,0,0,0,0,0,0,0,0,0,0,0,0.0,0.0,0.0,0.0,0.0,0.0,0.0
gRNA_14481,0,0,0,0,0,0,0,0,0,0,0,0,0,0.0,0.0,0.0,0.0,0.0,0.0,0.0
gRNA_14482,0,0,0,0,0,0,0,0,0,0,0,0,0,0.0,0.0,0.0,0.0,0.0,0.0,0.0
gRNA_14483,0,0,0,0,0,0,0,0,0,0,0,0,0,0.0,0.0,0.0,0.0,0.0,0.0,0.0
gRNA_14484,0,0,0,0,0,0,0,0,0,0,0,0,0,0.0,0.0,0.0,0.0,0.0,0.0,0.0
gRNA_14485,0,0,0,0,0,0,0,0,0,0,0,0,0,0.0,0.0,0.0,0.0,0.0,0.0,0.0
gRNA_14486,0,0,0,0,0,0,0,0,0,0,0,0,0,0.0,0.0,0.0,0.0,0.0,0.0,0.0
gRNA_14487,0,0,0,0,0,0,0,0,0,0,0,0,0,0.0,0.0,0.0,0.0,0.0,0.0,0.0
gRNA_14488,0,0,0,0,0,0,0,0,0,0,0,0,0,0.0,0.0,0.0,0.0,0.0,0.0,0.0
gRNA_14489,1,0,1,1,0,0,0,0,0,1,0,1,0,0.0,0.0,0.0,100.0,0.0,100.0,0.0
gRNA_14490,2,0,2,2,0,0,0,0,0,2,0,2,0,0.0,0.0,0.0,100.0,0.0,100.0,0.0
gRNA_14491,0,0,0,0,0,0,0,0,0,0,0,0,0,0.0,0.0,0.0,0.0,0.0,0.0,0.0
gRNA_14492,0,0,0,0,0,0,0,0,0,0,0,0,0,0.0,0.0,0.0,0.0,0.0,0.0,0.0
gRNA_14493,0,0,0,0,0,0,0,0,0,0,0,0,0,0.0,0.0,0.0,0.0,0.0,0.0,0.0
gRNA_14494,0,0,0,0,0,0,0,0,0,0,0,0,0,0.0,0.0,0.0,0.0,0.0,0.0,0.0
gRNA_14495,2,0,2,2,0,0,1,0,0,1,0,1,0,0.0,0.0,50.0,50.0,0.0,50.0,0.0
gRNA_14496,0,0,0,0,0,0,0,0,0,0,0,0,0,0.0,0.0,0.0,0.0,0.0,0.0,0.0
gRNA_14497,0,0,0,0,0,0,0,0,0,0,0,0,0,0.0,0.0,0.0,0.0,0.0,0.0,0.0
gRNA_14498,0,0,0,0,0,0,0,0,0,0,0,0,0,0.0,0.0,0.0,0.0,0.0,0.0,0.0
gRNA_14499,0,0,0,0,0,0,0,0,0,0,0,0,0,0.0,0.0,0.0,0.0,0.0,0.0,0.0
gRNA_14500,0,0,0,0,0,0,0,0,0,0,0,0,0,0.0,0.0,0.0,0.0,0.0,0.0,0.0
gRNA_14501,0,0,0,0,0,0,0,0,0,0,0,0,0,0.0,0.0,0.0,0.0,0.0,0.0,0.0
gRNA_14502,1,0,1,1,0,0,0,0,0,1,0,1,0,0.0,0.0,0.0,100.0,0.0,100.0,0.0
gRNA_14503,2,0,2,0,2,0,0,0,2,2,0,2,0,0.0,100.0,0.0,100.0,0.0,100.0,0.0
gRNA_14504,0,0,0,0,0,0,0,0,0,0,0,0,0,0.0,0.0,0.0,0.0,0.0,0.0,0.0
gRNA_14505,0,0,0,0,0,0,0,0,0,0,0,0,0,0.0,0.0,0.0,0.0,0.0,0.0,0.0
gRNA_14506,1,0,1,1,0,0,0,0,0,1,0,1,0,0.0,0.0,0.0,100.0,0.0,100.0,0.0
gRNA_14507,0,0,0,0,0,0,0,0,0,0,0,0,0,0.0,0.0,0.0,0.0,0.0,0.0,0.0
gRNA_14508,1,0,1,1,0,0,0,0,0,1,0,1,0,0.0,0.0,0.0,100.0,0.0,100.0,0.0
gRNA_14509,0,0,0,0,0,0,0,0,0,0,0,0,0,0.0,0.0,0.0,0.0,0.0,0.0,0.0
gRNA_14510,1,0,1,1,0,0,0,0,0,1,0,1,0,0.0,0.0,0.0,100.0,0.0,100.0,0.0
gRNA_14511,0,0,0,0,0,0,0,0,0,0,0,0,0,0.0,0.0,0.0,0.0,0.0,0.0,0.0
gRNA_14512,2,0,2,2,0,0,2,0,0,0,0,0,0,0.0,0.0,100.0,0.0,0.0,0.0,0.0
gRNA_14513,0,0,0,0,0,0,0,0,0,0,0,0,0,0.0,0.0,0.0,0.0,0.0,0.0,0.0
gRNA_14514,0,0,0,0,0,0,0,0,0,0,0,0,0,0.0,0.0,0.0,0.0,0.0,0.0,0.0
gRNA_14515,0,0,0,0,0,0,0,0,0,0,0,0,0,0.0,0.0,0.0,0.0,0.0,0.0,0.0
gRNA_14516,0,0,0,0,0,0,0,0,0,0,0,0,0,0.0,0.0,0.0,0.0,0.0,0.0,0.0
gRNA_14517,0,0,0,0,0,0,0,0,0,0,0,0,0,0.0,0.0,0.0,0.0,0.0,0.0,0.0
gRNA_14518,0,0,0,0,0,0,0,0,0,0,0,0,0,0.0,0.0,0.0,0.0,0.0,0.0,0.0
gRNA_14519,2,0,2,2,0,0,0,0,0,2,0,2,0,0.0,0.0,0.0,100.0,0.0,100.0,0.0
gRNA_14520,0,0,0,0,0,0,0,0,0,0,0,0,0,0.0,0.0,0.0,0.0,0.0,0.0,0.0
gRNA_14521,0,0,0,0,0,0,0,0,0,0,0,0,0,0.0,0.0,0.0,0.0,0.0,0.0,0.0
gRNA_14522,0,0,0,0,0,0,0,0,0,0,0,0,0,0.0,0.0,0.0,0.0,0.0,0.0,0.0
gRNA_14523,0,0,0,0,0,0,0,0,0,0,0,0,0,0.0,0.0,0.0,0.0,0.0,0.0,0.0
gRNA_14524,0,0,0,0,0,0,0,0,0,0,0,0,0,0.0,0.0,0.0,0.0,0.0,0.0,0.0
gRNA_14525,0,0,0,0,0,0,0,0,0,0,0,0,0,0.0,0.0,0.0,0.0,0.0,0.0,0.0
gRNA_14526,0,0,0,0,0,0,0,0,0,0,0,0,0,0.0,0.0,0.0,0.0,0.0,0.0,0.0
gRNA_14527,1,0,1,0,1,0,0,0,1,1,0,1,0,0.0,100.0,0.0,100.0,0.0,100.0,0.0
gRNA_14528,0,0,0,0,0,0,0,0,0,0,0,0,0,0.0,0.0,0.0,0.0,0.0,0.0,0.0
gRNA_14529,0,0,0,0,0,0,0,0,0,0,0,0,0,0.0,0.0,0.0,0.0,0.0,0.0,0.0
gRNA_14530,0,0,0,0,0,0,0,0,0,0,0,0,0,0.0,0.0,0.0,0.0,0.0,0.0,0.0
gRNA_14531,0,0,0,0,0,0,0,0,0,0,0,0,0,0.0,0.0,0.0,0.0,0.0,0.0,0.0
gRNA_14532,0,0,0,0,0,0,0,0,0,0,0,0,0,0.0,0.0,0.0,0.0,0.0,0.0,0.0
gRNA_14533,1,0,1,1,0,0,0,0,0,1,0,1,0,0.0,0.0,0.0,100.0,0.0,100.0,0.0
gRNA_14534,0,0,0,0,0,0,0,0,0,0,0,0,0,0.0,0.0,0.0,0.0,0.0,0.0,0.0
gRNA_14535,2,0,2,2,0,0,0,0,0,2,0,2,0,0.0,0.0,0.0,100.0,0.0,100.0,0.0
gRNA_14536,0,0,0,0,0,0,0,0,0,0,0,0,0,0.0,0.0,0.0,0.0,0.0,0.0,0.0
gRNA_14537,6,0,6,5,1,0,1,0,1,5,0,5,0,0.0,16.666666666666668,16.666666666666668,83.33333333333333,0.0,83.33333333333333,0.0
gRNA_14538,1,0,1,1,0,0,0,0,0,1,0,1,0,0.0,0.0,0.0,100.0,0.0,100.0,0.0
gRNA_14539,0,0,0,0,0,0,0,0,0,0,0,0,0,0.0,0.0,0.0,0.0,0.0,0.0,0.0
gRNA_14540,0,0,0,0,0,0,0,0,0,0,0,0,0,0.0,0.0,0.0,0.0,0.0,0.0,0.0
gRNA_14541,0,0,0,0,0,0,0,0,0,0,0,0,0,0.0,0.0,0.0,0.0,0.0,0.0,0.0
gRNA_14542,0,0,0,0,0,0,0,0,0,0,0,0,0,0.0,0.0,0.0,0.0,0.0,0.0,0.0
gRNA_14543,0,0,0,0,0,0,0,0,0,0,0,0,0,0.0,0.0,0.0,0.0,0.0,0.0,0.0
gRNA_14544,1,0,1,0,1,0,0,0,1,1,0,1,0,0.0,100.0,0.0,100.0,0.0,100.0,0.0
gRNA_14545,0,0,0,0,0,0,0,0,0,0,0,0,0,0.0,0.0,0.0,0.0,0.0,0.0,0.0
gRNA_14546,1,0,1,1,0,0,0,0,0,1,0,1,0,0.0,0.0,0.0,100.0,0.0,100.0,0.0
gRNA_14547,0,0,0,0,0,0,0,0,0,0,0,0,0,0.0,0.0,0.0,0.0,0.0,0.0,0.0
gRNA_14548,0,0,0,0,0,0,0,0,0,0,0,0,0,0.0,0.0,0.0,0.0,0.0,0.0,0.0
gRNA_14549,0,0,0,0,0,0,0,0,0,0,0,0,0,0.0,0.0,0.0,0.0,0.0,0.0,0.0
gRNA_14550,2,0,2,1,0,1,1,0,0,1,0,0,1,0.0,0.0,50.0,50.0,0.0,0.0,50.0
gRNA_14551,0,0,0,0,0,0,0,0,0,0,0,0,0,0.0,0.0,0.0,0.0,0.0,0.0,0.0
gRNA_14552,0,0,0,0,0,0,0,0,0,0,0,0,0,0.0,0.0,0.0,0.0,0.0,0.0,0.0
gRNA_14553,0,0,0,0,0,0,0,0,0,0,0,0,0,0.0,0.0,0.0,0.0,0.0,0.0,0.0
gRNA_14554,5,0,5,4,1,0,2,1,1,2,0,2,0,20.0,20.0,40.0,40.0,0.0,40.0,0.0
gRNA_14555,1,0,1,0,1,0,0,0,1,1,0,1,0,0.0,100.0,0.0,100.0,0.0,100.0,0.0
gRNA_14556,0,0,0,0,0,0,0,0,0,0,0,0,0,0.0,0.0,0.0,0.0,0.0,0.0,0.0
gRNA_14557,0,0,0,0,0,0,0,0,0,0,0,0,0,0.0,0.0,0.0,0.0,0.0,0.0,0.0
gRNA_14558,0,0,0,0,0,0,0,0,0,0,0,0,0,0.0,0.0,0.0,0.0,0.0,0.0,0.0
gRNA_14559,0,0,0,0,0,0,0,0,0,0,0,0,0,0.0,0.0,0.0,0.0,0.0,0.0,0.0
gRNA_14560,0,0,0,0,0,0,0,0,0,0,0,0,0,0.0,0.0,0.0,0.0,0.0,0.0,0.0
gRNA_14561,0,0,0,0,0,0,0,0,0,0,0,0,0,0.0,0.0,0.0,0.0,0.0,0.0,0.0
gRNA_14562,2,0,2,2,0,0,0,0,0,2,0,2,0,0.0,0.0,0.0,100.0,0.0,100.0,0.0
gRNA_14563,1,0,1,1,0,0,0,0,0,1,0,1,0,0.0,0.0,0.0,100.0,0.0,100.0,0.0
gRNA_14564,1,0,1,1,0,0,0,0,0,1,0,1,0,0.0,0.0,0.0,100.0,0.0,100.0,0.0
gRNA_14565,1,0,1,1,0,0,0,0,0,1,0,1,0,0.0,0.0,0.0,100.0,0.0,100.0,0.0
gRNA_14566,7,0,7,6,1,0,3,0,1,4,0,4,0,0.0,14.285714285714286,42.857142857142854,57.142857142857146,0.0,57.142857142857146,0.0
gRNA_14567,1,0,1,1,0,0,1,0,0,0,0,0,0,0.0,0.0,100.0,0.0,0.0,0.0,0.0
gRNA_14568,0,0,0,0,0,0,0,0,0,0,0,0,0,0.0,0.0,0.0,0.0,0.0,0.0,0.0
gRNA_14569,0,0,0,0,0,0,0,0,0,0,0,0,0,0.0,0.0,0.0,0.0,0.0,0.0,0.0
gRNA_14570,0,0,0,0,0,0,0,0,0,0,0,0,0,0.0,0.0,0.0,0.0,0.0,0.0,0.0
gRNA_14571,0,0,0,0,0,0,0,0,0,0,0,0,0,0.0,0.0,0.0,0.0,0.0,0.0,0.0
gRNA_14572,0,0,0,0,0,0,0,0,0,0,0,0,0,0.0,0.0,0.0,0.0,0.0,0.0,0.0
gRNA_14573,0,0,0,0,0,0,0,0,0,0,0,0,0,0.0,0.0,0.0,0.0,0.0,0.0,0.0
gRNA_14574,0,0,0,0,0,0,0,0,0,0,0,0,0,0.0,0.0,0.0,0.0,0.0,0.0,0.0
gRNA_14575,1,0,1,1,0,0,0,0,0,1,0,1,0,0.0,0.0,0.0,100.0,0.0,100.0,0.0
gRNA_14576,1,0,1,0,1,0,0,1,1,0,0,0,0,100.0,100.0,0.0,0.0,0.0,0.0,0.0
gRNA_14577,0,0,0,0,0,0,0,0,0,0,0,0,0,0.0,0.0,0.0,0.0,0.0,0.0,0.0
gRNA_14578,0,0,0,0,0,0,0,0,0,0,0,0,0,0.0,0.0,0.0,0.0,0.0,0.0,0.0
gRNA_14579,3708,0,3708,2300,1407,1,176,34,1407,3498,0,3478,20,0.9169363538295577,37.944983818770226,4.746494066882416,94.33656957928802,0.0,93.79719525350593,0.5393743257820928
gRNA_14580,2351,8,2343,1734,605,4,768,21,605,1554,0,1519,35,0.8962868117797695,25.821596244131456,32.778489116517285,66.32522407170295,0.0,64.83141271873666,1.4938113529662826
gRNA_14581,2641,1,2640,351,2284,5,97,537,2284,2006,3,1998,5,20.34090909090909,86.51515151515152,3.6742424242424243,75.98484848484848,0.11363636363636363,75.68181818181819,0.1893939393939394
gRNA_14582,1637,0,1637,1637,0,0,1481,0,0,156,2,154,0,0.0,0.0,90.470372632865,9.529627367135003,0.12217470983506414,9.407452657299938,0.0
gRNA_14583,612,0,612,596,12,4,535,10,12,67,0,63,4,1.6339869281045751,1.9607843137254901,87.41830065359477,10.947712418300654,0.0,10.294117647058824,0.6535947712418301
gRNA_14584,948,1,947,724,222,1,128,56,222,763,5,753,5,5.913410770855332,23.442449841605068,13.51636747624076,80.5702217529039,0.5279831045406547,79.5142555438226,0.5279831045406547
gRNA_14585,2651,0,2651,1417,1231,3,1009,753,1231,889,0,886,3,28.40437570728027,46.43530743115805,38.06110901546586,33.53451527725387,0.0,33.421350433798565,0.11316484345529988
gRNA_14586,5355,0,5355,4342,996,17,1239,423,996,3693,110,3535,48,7.899159663865547,18.599439775910366,23.137254901960784,68.96358543417367,2.0541549953314657,66.01307189542484,0.896358543417367
gRNA_14587,936,0,936,576,359,1,302,165,359,469,0,468,1,17.628205128205128,38.35470085470085,32.26495726495727,50.10683760683761,0.0,50.0,0.10683760683760683
gRNA_14588,4033,0,4033,4032,0,1,2293,0,0,1740,0,1739,1,0.0,0.0,56.855938507314654,43.144061492685346,0.0,43.11926605504587,0.024795437639474338
gRNA_14589,1678,0,1678,163,1515,0,29,400,1515,1249,0,1249,0,23.837902264600714,90.2860548271752,1.7282479141835518,74.43384982121573,0.0,74.43384982121573,0.0
gRNA_14590,2978,0,2978,267,2678,33,103,1793,2678,1082,0,1049,33,60.20819341840161,89.92612491605104,3.4586971121558094,36.333109469442576,0.0,35.224983210208194,1.1081262592343855
gRNA_14591,4143,0,4143,170,3861,112,21,642,3861,3480,6,3359,115,15.496017378711079,93.19333816075307,0.5068790731354091,83.99710354815352,0.14482259232440262,81.07651460294473,2.7757663528843834
gRNA_14592,3,0,3,0,3,0,0,3,3,0,0,0,0,100.0,100.0,0.0,0.0,0.0,0.0,0.0
gRNA_14593,3948,0,3948,2025,1917,6,41,0,1917,3907,1,3897,9,0.0,48.556231003039514,1.038500506585613,98.9614994934144,0.025329280648429583,98.7082066869301,0.22796352583586627
gRNA_14594,1048,0,1048,1046,0,2,511,0,0,537,0,535,2,0.0,0.0,48.75954198473283,51.24045801526717,0.0,51.04961832061068,0.19083969465648856
gRNA_14595,3874,162,3712,75,3631,6,43,2962,3631,707,5,693,9,79.79525862068965,97.81788793103448,1.1584051724137931,19.04633620689655,0.13469827586206898,18.669181034482758,0.24245689655172414
gRNA_14596,3576,2,3574,122,3447,5,5,342,3447,3227,0,3185,42,9.569110240626749,96.44655847789592,0.13989927252378287,90.29099048684947,0.0,89.11583659764969,1.1751538891997761
gRNA_14597,1,0,1,0,1,0,0,0,1,1,0,1,0,0.0,100.0,0.0,100.0,0.0,100.0,0.0
gRNA_14598,1,0,1,1,0,0,0,0,0,1,0,1,0,0.0,0.0,0.0,100.0,0.0,100.0,0.0
gRNA_14599,0,0,0,0,0,0,0,0,0,0,0,0,0,0.0,0.0,0.0,0.0,0.0,0.0,0.0
gRNA_14600,0,0,0,0,0,0,0,0,0,0,0,0,0,0.0,0.0,0.0,0.0,0.0,0.0,0.0
gRNA_14601,1,0,1,1,0,0,0,0,0,1,0,1,0,0.0,0.0,0.0,100.0,0.0,100.0,0.0
gRNA_14602,0,0,0,0,0,0,0,0,0,0,0,0,0,0.0,0.0,0.0,0.0,0.0,0.0,0.0
gRNA_14603,0,0,0,0,0,0,0,0,0,0,0,0,0,0.0,0.0,0.0,0.0,0.0,0.0,0.0
gRNA_14604,0,0,0,0,0,0,0,0,0,0,0,0,0,0.0,0.0,0.0,0.0,0.0,0.0,0.0
gRNA_14605,1,0,1,1,0,0,0,0,0,1,0,1,0,0.0,0.0,0.0,100.0,0.0,100.0,0.0
gRNA_14606,1,0,1,1,0,0,1,0,0,0,0,0,0,0.0,0.0,100.0,0.0,0.0,0.0,0.0
gRNA_14607,0,0,0,0,0,0,0,0,0,0,0,0,0,0.0,0.0,0.0,0.0,0.0,0.0,0.0
gRNA_14608,1,0,1,1,0,0,0,0,0,1,0,1,0,0.0,0.0,0.0,100.0,0.0,100.0,0.0
gRNA_14609,0,0,0,0,0,0,0,0,0,0,0,0,0,0.0,0.0,0.0,0.0,0.0,0.0,0.0
gRNA_14610,0,0,0,0,0,0,0,0,0,0,0,0,0,0.0,0.0,0.0,0.0,0.0,0.0,0.0
gRNA_14611,0,0,0,0,0,0,0,0,0,0,0,0,0,0.0,0.0,0.0,0.0,0.0,0.0,0.0
gRNA_14612,0,0,0,0,0,0,0,0,0,0,0,0,0,0.0,0.0,0.0,0.0,0.0,0.0,0.0
gRNA_14613,0,0,0,0,0,0,0,0,0,0,0,0,0,0.0,0.0,0.0,0.0,0.0,0.0,0.0
gRNA_14614,1,0,1,1,0,0,0,0,0,1,0,1,0,0.0,0.0,0.0,100.0,0.0,100.0,0.0
gRNA_14615,1,0,1,1,0,0,1,0,0,0,0,0,0,0.0,0.0,100.0,0.0,0.0,0.0,0.0
gRNA_14616,0,0,0,0,0,0,0,0,0,0,0,0,0,0.0,0.0,0.0,0.0,0.0,0.0,0.0
gRNA_14617,0,0,0,0,0,0,0,0,0,0,0,0,0,0.0,0.0,0.0,0.0,0.0,0.0,0.0
gRNA_14618,1,0,1,1,0,0,0,0,0,1,0,1,0,0.0,0.0,0.0,100.0,0.0,100.0,0.0
gRNA_14619,0,0,0,0,0,0,0,0,0,0,0,0,0,0.0,0.0,0.0,0.0,0.0,0.0,0.0
gRNA_14620,0,0,0,0,0,0,0,0,0,0,0,0,0,0.0,0.0,0.0,0.0,0.0,0.0,0.0
gRNA_14621,1,0,1,0,1,0,0,1,1,0,0,0,0,100.0,100.0,0.0,0.0,0.0,0.0,0.0
gRNA_14622,1,0,1,1,0,0,0,0,0,1,0,1,0,0.0,0.0,0.0,100.0,0.0,100.0,0.0
gRNA_14623,0,0,0,0,0,0,0,0,0,0,0,0,0,0.0,0.0,0.0,0.0,0.0,0.0,0.0
gRNA_14624,0,0,0,0,0,0,0,0,0,0,0,0,0,0.0,0.0,0.0,0.0,0.0,0.0,0.0
gRNA_14625,0,0,0,0,0,0,0,0,0,0,0,0,0,0.0,0.0,0.0,0.0,0.0,0.0,0.0
gRNA_14626,1,0,1,0,1,0,0,1,1,0,0,0,0,100.0,100.0,0.0,0.0,0.0,0.0,0.0
gRNA_14627,0,0,0,0,0,0,0,0,0,0,0,0,0,0.0,0.0,0.0,0.0,0.0,0.0,0.0
gRNA_14628,0,0,0,0,0,0,0,0,0,0,0,0,0,0.0,0.0,0.0,0.0,0.0,0.0,0.0
gRNA_14629,0,0,0,0,0,0,0,0,0,0,0,0,0,0.0,0.0,0.0,0.0,0.0,0.0,0.0
gRNA_14630,0,0,0,0,0,0,0,0,0,0,0,0,0,0.0,0.0,0.0,0.0,0.0,0.0,0.0
gRNA_14631,1,0,1,1,0,0,0,0,0,1,0,1,0,0.0,0.0,0.0,100.0,0.0,100.0,0.0
gRNA_14632,0,0,0,0,0,0,0,0,0,0,0,0,0,0.0,0.0,0.0,0.0,0.0,0.0,0.0
gRNA_14633,2,0,2,1,1,0,1,0,1,1,0,1,0,0.0,50.0,50.0,50.0,0.0,50.0,0.0
gRNA_14634,0,0,0,0,0,0,0,0,0,0,0,0,0,0.0,0.0,0.0,0.0,0.0,0.0,0.0
gRNA_14635,0,0,0,0,0,0,0,0,0,0,0,0,0,0.0,0.0,0.0,0.0,0.0,0.0,0.0
gRNA_14636,3,0,3,2,1,0,0,0,1,3,0,3,0,0.0,33.333333333333336,0.0,100.0,0.0,100.0,0.0
gRNA_14637,0,0,0,0,0,0,0,0,0,0,0,0,0,0.0,0.0,0.0,0.0,0.0,0.0,0.0
gRNA_14638,0,0,0,0,0,0,0,0,0,0,0,0,0,0.0,0.0,0.0,0.0,0.0,0.0,0.0
gRNA_14639,1,0,1,1,0,0,1,0,0,0,0,0,0,0.0,0.0,100.0,0.0,0.0,0.0,0.0
gRNA_14640,0,0,0,0,0,0,0,0,0,0,0,0,0,0.0,0.0,0.0,0.0,0.0,0.0,0.0
gRNA_14641,0,0,0,0,0,0,0,0,0,0,0,0,0,0.0,0.0,0.0,0.0,0.0,0.0,0.0
gRNA_14642,0,0,0,0,0,0,0,0,0,0,0,0,0,0.0,0.0,0.0,0.0,0.0,0.0,0.0
gRNA_14643,0,0,0,0,0,0,0,0,0,0,0,0,0,0.0,0.0,0.0,0.0,0.0,0.0,0.0
gRNA_14644,0,0,0,0,0,0,0,0,0,0,0,0,0,0.0,0.0,0.0,0.0,0.0,0.0,0.0
gRNA_14645,0,0,0,0,0,0,0,0,0,0,0,0,0,0.0,0.0,0.0,0.0,0.0,0.0,0.0
gRNA_14646,0,0,0,0,0,0,0,0,0,0,0,0,0,0.0,0.0,0.0,0.0,0.0,0.0,0.0
gRNA_14647,0,0,0,0,0,0,0,0,0,0,0,0,0,0.0,0.0,0.0,0.0,0.0,0.0,0.0
gRNA_14648,0,0,0,0,0,0,0,0,0,0,0,0,0,0.0,0.0,0.0,0.0,0.0,0.0,0.0
gRNA_14649,1,0,1,1,0,0,0,0,0,1,0,1,0,0.0,0.0,0.0,100.0,0.0,100.0,0.0
gRNA_14650,0,0,0,0,0,0,0,0,0,0,0,0,0,0.0,0.0,0.0,0.0,0.0,0.0,0.0
gRNA_14651,0,0,0,0,0,0,0,0,0,0,0,0,0,0.0,0.0,0.0,0.0,0.0,0.0,0.0
gRNA_14652,0,0,0,0,0,0,0,0,0,0,0,0,0,0.0,0.0,0.0,0.0,0.0,0.0,0.0
gRNA_14653,0,0,0,0,0,0,0,0,0,0,0,0,0,0.0,0.0,0.0,0.0,0.0,0.0,0.0
gRNA_14654,0,0,0,0,0,0,0,0,0,0,0,0,0,0.0,0.0,0.0,0.0,0.0,0.0,0.0
gRNA_14655,0,0,0,0,0,0,0,0,0,0,0,0,0,0.0,0.0,0.0,0.0,0.0,0.0,0.0
gRNA_14656,0,0,0,0,0,0,0,0,0,0,0,0,0,0.0,0.0,0.0,0.0,0.0,0.0,0.0
gRNA_14657,0,0,0,0,0,0,0,0,0,0,0,0,0,0.0,0.0,0.0,0.0,0.0,0.0,0.0
gRNA_14658,0,0,0,0,0,0,0,0,0,0,0,0,0,0.0,0.0,0.0,0.0,0.0,0.0,0.0
gRNA_14659,0,0,0,0,0,0,0,0,0,0,0,0,0,0.0,0.0,0.0,0.0,0.0,0.0,0.0
gRNA_14660,0,0,0,0,0,0,0,0,0,0,0,0,0,0.0,0.0,0.0,0.0,0.0,0.0,0.0
gRNA_14661,0,0,0,0,0,0,0,0,0,0,0,0,0,0.0,0.0,0.0,0.0,0.0,0.0,0.0
gRNA_14662,0,0,0,0,0,0,0,0,0,0,0,0,0,0.0,0.0,0.0,0.0,0.0,0.0,0.0
gRNA_14663,0,0,0,0,0,0,0,0,0,0,0,0,0,0.0,0.0,0.0,0.0,0.0,0.0,0.0
gRNA_14664,0,0,0,0,0,0,0,0,0,0,0,0,0,0.0,0.0,0.0,0.0,0.0,0.0,0.0
gRNA_14665,0,0,0,0,0,0,0,0,0,0,0,0,0,0.0,0.0,0.0,0.0,0.0,0.0,0.0
gRNA_14666,0,0,0,0,0,0,0,0,0,0,0,0,0,0.0,0.0,0.0,0.0,0.0,0.0,0.0
gRNA_14667,0,0,0,0,0,0,0,0,0,0,0,0,0,0.0,0.0,0.0,0.0,0.0,0.0,0.0
gRNA_14668,0,0,0,0,0,0,0,0,0,0,0,0,0,0.0,0.0,0.0,0.0,0.0,0.0,0.0
gRNA_14669,0,0,0,0,0,0,0,0,0,0,0,0,0,0.0,0.0,0.0,0.0,0.0,0.0,0.0
gRNA_14670,0,0,0,0,0,0,0,0,0,0,0,0,0,0.0,0.0,0.0,0.0,0.0,0.0,0.0
gRNA_14671,0,0,0,0,0,0,0,0,0,0,0,0,0,0.0,0.0,0.0,0.0,0.0,0.0,0.0
gRNA_14672,0,0,0,0,0,0,0,0,0,0,0,0,0,0.0,0.0,0.0,0.0,0.0,0.0,0.0
gRNA_14673,0,0,0,0,0,0,0,0,0,0,0,0,0,0.0,0.0,0.0,0.0,0.0,0.0,0.0
gRNA_14674,0,0,0,0,0,0,0,0,0,0,0,0,0,0.0,0.0,0.0,0.0,0.0,0.0,0.0
gRNA_14675,0,0,0,0,0,0,0,0,0,0,0,0,0,0.0,0.0,0.0,0.0,0.0,0.0,0.0
gRNA_14676,0,0,0,0,0,0,0,0,0,0,0,0,0,0.0,0.0,0.0,0.0,0.0,0.0,0.0
gRNA_14677,0,0,0,0,0,0,0,0,0,0,0,0,0,0.0,0.0,0.0,0.0,0.0,0.0,0.0
gRNA_14678,0,0,0,0,0,0,0,0,0,0,0,0,0,0.0,0.0,0.0,0.0,0.0,0.0,0.0
gRNA_14679,0,0,0,0,0,0,0,0,0,0,0,0,0,0.0,0.0,0.0,0.0,0.0,0.0,0.0
gRNA_14680,0,0,0,0,0,0,0,0,0,0,0,0,0,0.0,0.0,0.0,0.0,0.0,0.0,0.0
gRNA_14681,0,0,0,0,0,0,0,0,0,0,0,0,0,0.0,0.0,0.0,0.0,0.0,0.0,0.0
gRNA_14682,0,0,0,0,0,0,0,0,0,0,0,0,0,0.0,0.0,0.0,0.0,0.0,0.0,0.0
gRNA_14683,0,0,0,0,0,0,0,0,0,0,0,0,0,0.0,0.0,0.0,0.0,0.0,0.0,0.0
gRNA_14684,0,0,0,0,0,0,0,0,0,0,0,0,0,0.0,0.0,0.0,0.0,0.0,0.0,0.0
gRNA_14685,0,0,0,0,0,0,0,0,0,0,0,0,0,0.0,0.0,0.0,0.0,0.0,0.0,0.0
gRNA_14686,0,0,0,0,0,0,0,0,0,0,0,0,0,0.0,0.0,0.0,0.0,0.0,0.0,0.0
gRNA_14687,0,0,0,0,0,0,0,0,0,0,0,0,0,0.0,0.0,0.0,0.0,0.0,0.0,0.0
gRNA_14688,0,0,0,0,0,0,0,0,0,0,0,0,0,0.0,0.0,0.0,0.0,0.0,0.0,0.0
gRNA_14689,0,0,0,0,0,0,0,0,0,0,0,0,0,0.0,0.0,0.0,0.0,0.0,0.0,0.0
gRNA_1469,1,0,1,1,0,0,0,0,0,1,0,1,0,0.0,0.0,0.0,100.0,0.0,100.0,0.0
gRNA_14690,0,0,0,0,0,0,0,0,0,0,0,0,0,0.0,0.0,0.0,0.0,0.0,0.0,0.0
gRNA_14691,0,0,0,0,0,0,0,0,0,0,0,0,0,0.0,0.0,0.0,0.0,0.0,0.0,0.0
gRNA_14692,0,0,0,0,0,0,0,0,0,0,0,0,0,0.0,0.0,0.0,0.0,0.0,0.0,0.0
gRNA_14693,0,0,0,0,0,0,0,0,0,0,0,0,0,0.0,0.0,0.0,0.0,0.0,0.0,0.0
gRNA_14694,0,0,0,0,0,0,0,0,0,0,0,0,0,0.0,0.0,0.0,0.0,0.0,0.0,0.0
gRNA_14695,0,0,0,0,0,0,0,0,0,0,0,0,0,0.0,0.0,0.0,0.0,0.0,0.0,0.0
gRNA_14696,0,0,0,0,0,0,0,0,0,0,0,0,0,0.0,0.0,0.0,0.0,0.0,0.0,0.0
gRNA_14697,0,0,0,0,0,0,0,0,0,0,0,0,0,0.0,0.0,0.0,0.0,0.0,0.0,0.0
gRNA_14698,0,0,0,0,0,0,0,0,0,0,0,0,0,0.0,0.0,0.0,0.0,0.0,0.0,0.0
gRNA_14699,0,0,0,0,0,0,0,0,0,0,0,0,0,0.0,0.0,0.0,0.0,0.0,0.0,0.0
gRNA_14700,0,0,0,0,0,0,0,0,0,0,0,0,0,0.0,0.0,0.0,0.0,0.0,0.0,0.0
gRNA_14701,0,0,0,0,0,0,0,0,0,0,0,0,0,0.0,0.0,0.0,0.0,0.0,0.0,0.0
gRNA_14702,0,0,0,0,0,0,0,0,0,0,0,0,0,0.0,0.0,0.0,0.0,0.0,0.0,0.0
gRNA_14703,0,0,0,0,0,0,0,0,0,0,0,0,0,0.0,0.0,0.0,0.0,0.0,0.0,0.0
gRNA_14704,0,0,0,0,0,0,0,0,0,0,0,0,0,0.0,0.0,0.0,0.0,0.0,0.0,0.0
gRNA_14705,0,0,0,0,0,0,0,0,0,0,0,0,0,0.0,0.0,0.0,0.0,0.0,0.0,0.0
gRNA_14706,0,0,0,0,0,0,0,0,0,0,0,0,0,0.0,0.0,0.0,0.0,0.0,0.0,0.0
gRNA_14707,0,0,0,0,0,0,0,0,0,0,0,0,0,0.0,0.0,0.0,0.0,0.0,0.0,0.0
gRNA_14708,0,0,0,0,0,0,0,0,0,0,0,0,0,0.0,0.0,0.0,0.0,0.0,0.0,0.0
gRNA_14709,0,0,0,0,0,0,0,0,0,0,0,0,0,0.0,0.0,0.0,0.0,0.0,0.0,0.0
gRNA_14710,0,0,0,0,0,0,0,0,0,0,0,0,0,0.0,0.0,0.0,0.0,0.0,0.0,0.0
gRNA_14711,0,0,0,0,0,0,0,0,0,0,0,0,0,0.0,0.0,0.0,0.0,0.0,0.0,0.0
gRNA_14712,0,0,0,0,0,0,0,0,0,0,0,0,0,0.0,0.0,0.0,0.0,0.0,0.0,0.0
gRNA_14713,0,0,0,0,0,0,0,0,0,0,0,0,0,0.0,0.0,0.0,0.0,0.0,0.0,0.0
gRNA_14714,0,0,0,0,0,0,0,0,0,0,0,0,0,0.0,0.0,0.0,0.0,0.0,0.0,0.0
gRNA_14715,0,0,0,0,0,0,0,0,0,0,0,0,0,0.0,0.0,0.0,0.0,0.0,0.0,0.0
gRNA_14716,0,0,0,0,0,0,0,0,0,0,0,0,0,0.0,0.0,0.0,0.0,0.0,0.0,0.0
gRNA_14717,0,0,0,0,0,0,0,0,0,0,0,0,0,0.0,0.0,0.0,0.0,0.0,0.0,0.0
gRNA_14718,0,0,0,0,0,0,0,0,0,0,0,0,0,0.0,0.0,0.0,0.0,0.0,0.0,0.0
gRNA_14719,0,0,0,0,0,0,0,0,0,0,0,0,0,0.0,0.0,0.0,0.0,0.0,0.0,0.0
gRNA_14720,0,0,0,0,0,0,0,0,0,0,0,0,0,0.0,0.0,0.0,0.0,0.0,0.0,0.0
gRNA_14721,0,0,0,0,0,0,0,0,0,0,0,0,0,0.0,0.0,0.0,0.0,0.0,0.0,0.0
gRNA_14722,0,0,0,0,0,0,0,0,0,0,0,0,0,0.0,0.0,0.0,0.0,0.0,0.0,0.0
gRNA_14723,0,0,0,0,0,0,0,0,0,0,0,0,0,0.0,0.0,0.0,0.0,0.0,0.0,0.0
gRNA_14724,0,0,0,0,0,0,0,0,0,0,0,0,0,0.0,0.0,0.0,0.0,0.0,0.0,0.0
gRNA_14725,0,0,0,0,0,0,0,0,0,0,0,0,0,0.0,0.0,0.0,0.0,0.0,0.0,0.0
gRNA_14726,0,0,0,0,0,0,0,0,0,0,0,0,0,0.0,0.0,0.0,0.0,0.0,0.0,0.0
gRNA_14727,0,0,0,0,0,0,0,0,0,0,0,0,0,0.0,0.0,0.0,0.0,0.0,0.0,0.0
gRNA_14728,0,0,0,0,0,0,0,0,0,0,0,0,0,0.0,0.0,0.0,0.0,0.0,0.0,0.0
gRNA_14729,0,0,0,0,0,0,0,0,0,0,0,0,0,0.0,0.0,0.0,0.0,0.0,0.0,0.0
gRNA_1473,0,0,0,0,0,0,0,0,0,0,0,0,0,0.0,0.0,0.0,0.0,0.0,0.0,0.0
gRNA_14730,0,0,0,0,0,0,0,0,0,0,0,0,0,0.0,0.0,0.0,0.0,0.0,0.0,0.0
gRNA_14731,0,0,0,0,0,0,0,0,0,0,0,0,0,0.0,0.0,0.0,0.0,0.0,0.0,0.0
gRNA_14732,0,0,0,0,0,0,0,0,0,0,0,0,0,0.0,0.0,0.0,0.0,0.0,0.0,0.0
gRNA_14733,0,0,0,0,0,0,0,0,0,0,0,0,0,0.0,0.0,0.0,0.0,0.0,0.0,0.0
gRNA_14734,0,0,0,0,0,0,0,0,0,0,0,0,0,0.0,0.0,0.0,0.0,0.0,0.0,0.0
gRNA_14735,0,0,0,0,0,0,0,0,0,0,0,0,0,0.0,0.0,0.0,0.0,0.0,0.0,0.0
gRNA_14736,0,0,0,0,0,0,0,0,0,0,0,0,0,0.0,0.0,0.0,0.0,0.0,0.0,0.0
gRNA_14737,0,0,0,0,0,0,0,0,0,0,0,0,0,0.0,0.0,0.0,0.0,0.0,0.0,0.0
gRNA_14738,0,0,0,0,0,0,0,0,0,0,0,0,0,0.0,0.0,0.0,0.0,0.0,0.0,0.0
gRNA_14739,0,0,0,0,0,0,0,0,0,0,0,0,0,0.0,0.0,0.0,0.0,0.0,0.0,0.0
gRNA_14740,0,0,0,0,0,0,0,0,0,0,0,0,0,0.0,0.0,0.0,0.0,0.0,0.0,0.0
gRNA_14741,0,0,0,0,0,0,0,0,0,0,0,0,0,0.0,0.0,0.0,0.0,0.0,0.0,0.0
gRNA_14742,0,0,0,0,0,0,0,0,0,0,0,0,0,0.0,0.0,0.0,0.0,0.0,0.0,0.0
gRNA_14743,0,0,0,0,0,0,0,0,0,0,0,0,0,0.0,0.0,0.0,0.0,0.0,0.0,0.0
gRNA_14744,0,0,0,0,0,0,0,0,0,0,0,0,0,0.0,0.0,0.0,0.0,0.0,0.0,0.0
gRNA_14745,0,0,0,0,0,0,0,0,0,0,0,0,0,0.0,0.0,0.0,0.0,0.0,0.0,0.0
gRNA_14746,0,0,0,0,0,0,0,0,0,0,0,0,0,0.0,0.0,0.0,0.0,0.0,0.0,0.0
gRNA_14747,0,0,0,0,0,0,0,0,0,0,0,0,0,0.0,0.0,0.0,0.0,0.0,0.0,0.0
gRNA_14748,0,0,0,0,0,0,0,0,0,0,0,0,0,0.0,0.0,0.0,0.0,0.0,0.0,0.0
gRNA_14749,0,0,0,0,0,0,0,0,0,0,0,0,0,0.0,0.0,0.0,0.0,0.0,0.0,0.0
gRNA_14750,0,0,0,0,0,0,0,0,0,0,0,0,0,0.0,0.0,0.0,0.0,0.0,0.0,0.0
gRNA_14751,0,0,0,0,0,0,0,0,0,0,0,0,0,0.0,0.0,0.0,0.0,0.0,0.0,0.0
gRNA_14752,0,0,0,0,0,0,0,0,0,0,0,0,0,0.0,0.0,0.0,0.0,0.0,0.0,0.0
gRNA_14753,0,0,0,0,0,0,0,0,0,0,0,0,0,0.0,0.0,0.0,0.0,0.0,0.0,0.0
gRNA_14754,0,0,0,0,0,0,0,0,0,0,0,0,0,0.0,0.0,0.0,0.0,0.0,0.0,0.0
gRNA_14755,0,0,0,0,0,0,0,0,0,0,0,0,0,0.0,0.0,0.0,0.0,0.0,0.0,0.0
gRNA_14756,0,0,0,0,0,0,0,0,0,0,0,0,0,0.0,0.0,0.0,0.0,0.0,0.0,0.0
gRNA_14757,0,0,0,0,0,0,0,0,0,0,0,0,0,0.0,0.0,0.0,0.0,0.0,0.0,0.0
gRNA_14758,0,0,0,0,0,0,0,0,0,0,0,0,0,0.0,0.0,0.0,0.0,0.0,0.0,0.0
gRNA_14759,0,0,0,0,0,0,0,0,0,0,0,0,0,0.0,0.0,0.0,0.0,0.0,0.0,0.0
gRNA_14760,0,0,0,0,0,0,0,0,0,0,0,0,0,0.0,0.0,0.0,0.0,0.0,0.0,0.0
gRNA_14761,0,0,0,0,0,0,0,0,0,0,0,0,0,0.0,0.0,0.0,0.0,0.0,0.0,0.0
gRNA_14762,0,0,0,0,0,0,0,0,0,0,0,0,0,0.0,0.0,0.0,0.0,0.0,0.0,0.0
gRNA_14763,0,0,0,0,0,0,0,0,0,0,0,0,0,0.0,0.0,0.0,0.0,0.0,0.0,0.0
gRNA_14764,0,0,0,0,0,0,0,0,0,0,0,0,0,0.0,0.0,0.0,0.0,0.0,0.0,0.0
gRNA_14765,0,0,0,0,0,0,0,0,0,0,0,0,0,0.0,0.0,0.0,0.0,0.0,0.0,0.0
gRNA_14766,0,0,0,0,0,0,0,0,0,0,0,0,0,0.0,0.0,0.0,0.0,0.0,0.0,0.0
gRNA_14767,0,0,0,0,0,0,0,0,0,0,0,0,0,0.0,0.0,0.0,0.0,0.0,0.0,0.0
gRNA_14768,0,0,0,0,0,0,0,0,0,0,0,0,0,0.0,0.0,0.0,0.0,0.0,0.0,0.0
gRNA_14769,0,0,0,0,0,0,0,0,0,0,0,0,0,0.0,0.0,0.0,0.0,0.0,0.0,0.0
gRNA_14770,0,0,0,0,0,0,0,0,0,0,0,0,0,0.0,0.0,0.0,0.0,0.0,0.0,0.0
gRNA_14771,0,0,0,0,0,0,0,0,0,0,0,0,0,0.0,0.0,0.0,0.0,0.0,0.0,0.0
gRNA_14772,0,0,0,0,0,0,0,0,0,0,0,0,0,0.0,0.0,0.0,0.0,0.0,0.0,0.0
gRNA_14773,0,0,0,0,0,0,0,0,0,0,0,0,0,0.0,0.0,0.0,0.0,0.0,0.0,0.0
gRNA_14774,0,0,0,0,0,0,0,0,0,0,0,0,0,0.0,0.0,0.0,0.0,0.0,0.0,0.0
gRNA_14775,0,0,0,0,0,0,0,0,0,0,0,0,0,0.0,0.0,0.0,0.0,0.0,0.0,0.0
gRNA_14776,0,0,0,0,0,0,0,0,0,0,0,0,0,0.0,0.0,0.0,0.0,0.0,0.0,0.0
gRNA_14777,0,0,0,0,0,0,0,0,0,0,0,0,0,0.0,0.0,0.0,0.0,0.0,0.0,0.0
gRNA_14778,0,0,0,0,0,0,0,0,0,0,0,0,0,0.0,0.0,0.0,0.0,0.0,0.0,0.0
gRNA_14779,0,0,0,0,0,0,0,0,0,0,0,0,0,0.0,0.0,0.0,0.0,0.0,0.0,0.0
gRNA_14780,0,0,0,0,0,0,0,0,0,0,0,0,0,0.0,0.0,0.0,0.0,0.0,0.0,0.0
gRNA_14781,0,0,0,0,0,0,0,0,0,0,0,0,0,0.0,0.0,0.0,0.0,0.0,0.0,0.0
gRNA_14782,0,0,0,0,0,0,0,0,0,0,0,0,0,0.0,0.0,0.0,0.0,0.0,0.0,0.0
gRNA_14783,0,0,0,0,0,0,0,0,0,0,0,0,0,0.0,0.0,0.0,0.0,0.0,0.0,0.0
gRNA_14784,0,0,0,0,0,0,0,0,0,0,0,0,0,0.0,0.0,0.0,0.0,0.0,0.0,0.0
gRNA_14785,0,0,0,0,0,0,0,0,0,0,0,0,0,0.0,0.0,0.0,0.0,0.0,0.0,0.0
gRNA_14786,0,0,0,0,0,0,0,0,0,0,0,0,0,0.0,0.0,0.0,0.0,0.0,0.0,0.0
gRNA_14787,0,0,0,0,0,0,0,0,0,0,0,0,0,0.0,0.0,0.0,0.0,0.0,0.0,0.0
gRNA_14788,0,0,0,0,0,0,0,0,0,0,0,0,0,0.0,0.0,0.0,0.0,0.0,0.0,0.0
gRNA_14789,0,0,0,0,0,0,0,0,0,0,0,0,0,0.0,0.0,0.0,0.0,0.0,0.0,0.0
gRNA_14790,0,0,0,0,0,0,0,0,0,0,0,0,0,0.0,0.0,0.0,0.0,0.0,0.0,0.0
gRNA_14791,0,0,0,0,0,0,0,0,0,0,0,0,0,0.0,0.0,0.0,0.0,0.0,0.0,0.0
gRNA_14792,0,0,0,0,0,0,0,0,0,0,0,0,0,0.0,0.0,0.0,0.0,0.0,0.0,0.0
gRNA_14793,0,0,0,0,0,0,0,0,0,0,0,0,0,0.0,0.0,0.0,0.0,0.0,0.0,0.0
gRNA_14794,0,0,0,0,0,0,0,0,0,0,0,0,0,0.0,0.0,0.0,0.0,0.0,0.0,0.0
gRNA_14795,0,0,0,0,0,0,0,0,0,0,0,0,0,0.0,0.0,0.0,0.0,0.0,0.0,0.0
gRNA_14796,0,0,0,0,0,0,0,0,0,0,0,0,0,0.0,0.0,0.0,0.0,0.0,0.0,0.0
gRNA_14797,0,0,0,0,0,0,0,0,0,0,0,0,0,0.0,0.0,0.0,0.0,0.0,0.0,0.0
gRNA_14798,0,0,0,0,0,0,0,0,0,0,0,0,0,0.0,0.0,0.0,0.0,0.0,0.0,0.0
gRNA_14799,0,0,0,0,0,0,0,0,0,0,0,0,0,0.0,0.0,0.0,0.0,0.0,0.0,0.0
gRNA_14800,0,0,0,0,0,0,0,0,0,0,0,0,0,0.0,0.0,0.0,0.0,0.0,0.0,0.0
gRNA_14801,0,0,0,0,0,0,0,0,0,0,0,0,0,0.0,0.0,0.0,0.0,0.0,0.0,0.0
gRNA_14802,0,0,0,0,0,0,0,0,0,0,0,0,0,0.0,0.0,0.0,0.0,0.0,0.0,0.0
gRNA_14803,0,0,0,0,0,0,0,0,0,0,0,0,0,0.0,0.0,0.0,0.0,0.0,0.0,0.0
gRNA_14804,0,0,0,0,0,0,0,0,0,0,0,0,0,0.0,0.0,0.0,0.0,0.0,0.0,0.0
gRNA_14805,0,0,0,0,0,0,0,0,0,0,0,0,0,0.0,0.0,0.0,0.0,0.0,0.0,0.0
gRNA_14806,0,0,0,0,0,0,0,0,0,0,0,0,0,0.0,0.0,0.0,0.0,0.0,0.0,0.0
gRNA_14807,0,0,0,0,0,0,0,0,0,0,0,0,0,0.0,0.0,0.0,0.0,0.0,0.0,0.0
gRNA_14808,0,0,0,0,0,0,0,0,0,0,0,0,0,0.0,0.0,0.0,0.0,0.0,0.0,0.0
gRNA_14809,0,0,0,0,0,0,0,0,0,0,0,0,0,0.0,0.0,0.0,0.0,0.0,0.0,0.0
gRNA_1481,0,0,0,0,0,0,0,0,0,0,0,0,0,0.0,0.0,0.0,0.0,0.0,0.0,0.0
gRNA_14810,0,0,0,0,0,0,0,0,0,0,0,0,0,0.0,0.0,0.0,0.0,0.0,0.0,0.0
gRNA_14811,0,0,0,0,0,0,0,0,0,0,0,0,0,0.0,0.0,0.0,0.0,0.0,0.0,0.0
gRNA_14812,0,0,0,0,0,0,0,0,0,0,0,0,0,0.0,0.0,0.0,0.0,0.0,0.0,0.0
gRNA_14813,0,0,0,0,0,0,0,0,0,0,0,0,0,0.0,0.0,0.0,0.0,0.0,0.0,0.0
gRNA_14814,0,0,0,0,0,0,0,0,0,0,0,0,0,0.0,0.0,0.0,0.0,0.0,0.0,0.0
gRNA_14815,0,0,0,0,0,0,0,0,0,0,0,0,0,0.0,0.0,0.0,0.0,0.0,0.0,0.0
gRNA_14816,0,0,0,0,0,0,0,0,0,0,0,0,0,0.0,0.0,0.0,0.0,0.0,0.0,0.0
gRNA_14817,0,0,0,0,0,0,0,0,0,0,0,0,0,0.0,0.0,0.0,0.0,0.0,0.0,0.0
gRNA_14818,0,0,0,0,0,0,0,0,0,0,0,0,0,0.0,0.0,0.0,0.0,0.0,0.0,0.0
gRNA_14819,0,0,0,0,0,0,0,0,0,0,0,0,0,0.0,0.0,0.0,0.0,0.0,0.0,0.0
gRNA_1482,0,0,0,0,0,0,0,0,0,0,0,0,0,0.0,0.0,0.0,0.0,0.0,0.0,0.0
gRNA_14820,0,0,0,0,0,0,0,0,0,0,0,0,0,0.0,0.0,0.0,0.0,0.0,0.0,0.0
gRNA_14821,0,0,0,0,0,0,0,0,0,0,0,0,0,0.0,0.0,0.0,0.0,0.0,0.0,0.0
gRNA_14822,0,0,0,0,0,0,0,0,0,0,0,0,0,0.0,0.0,0.0,0.0,0.0,0.0,0.0
gRNA_14823,0,0,0,0,0,0,0,0,0,0,0,0,0,0.0,0.0,0.0,0.0,0.0,0.0,0.0
gRNA_14824,0,0,0,0,0,0,0,0,0,0,0,0,0,0.0,0.0,0.0,0.0,0.0,0.0,0.0
gRNA_14825,0,0,0,0,0,0,0,0,0,0,0,0,0,0.0,0.0,0.0,0.0,0.0,0.0,0.0
gRNA_14826,0,0,0,0,0,0,0,0,0,0,0,0,0,0.0,0.0,0.0,0.0,0.0,0.0,0.0
gRNA_14827,0,0,0,0,0,0,0,0,0,0,0,0,0,0.0,0.0,0.0,0.0,0.0,0.0,0.0
gRNA_14828,0,0,0,0,0,0,0,0,0,0,0,0,0,0.0,0.0,0.0,0.0,0.0,0.0,0.0
gRNA_14829,0,0,0,0,0,0,0,0,0,0,0,0,0,0.0,0.0,0.0,0.0,0.0,0.0,0.0
gRNA_14830,0,0,0,0,0,0,0,0,0,0,0,0,0,0.0,0.0,0.0,0.0,0.0,0.0,0.0
gRNA_14831,0,0,0,0,0,0,0,0,0,0,0,0,0,0.0,0.0,0.0,0.0,0.0,0.0,0.0
gRNA_14832,0,0,0,0,0,0,0,0,0,0,0,0,0,0.0,0.0,0.0,0.0,0.0,0.0,0.0
gRNA_14833,0,0,0,0,0,0,0,0,0,0,0,0,0,0.0,0.0,0.0,0.0,0.0,0.0,0.0
gRNA_14834,0,0,0,0,0,0,0,0,0,0,0,0,0,0.0,0.0,0.0,0.0,0.0,0.0,0.0
gRNA_14835,0,0,0,0,0,0,0,0,0,0,0,0,0,0.0,0.0,0.0,0.0,0.0,0.0,0.0
gRNA_14836,0,0,0,0,0,0,0,0,0,0,0,0,0,0.0,0.0,0.0,0.0,0.0,0.0,0.0
gRNA_14837,0,0,0,0,0,0,0,0,0,0,0,0,0,0.0,0.0,0.0,0.0,0.0,0.0,0.0
gRNA_14838,0,0,0,0,0,0,0,0,0,0,0,0,0,0.0,0.0,0.0,0.0,0.0,0.0,0.0
gRNA_14839,0,0,0,0,0,0,0,0,0,0,0,0,0,0.0,0.0,0.0,0.0,0.0,0.0,0.0
gRNA_14840,0,0,0,0,0,0,0,0,0,0,0,0,0,0.0,0.0,0.0,0.0,0.0,0.0,0.0
gRNA_14841,0,0,0,0,0,0,0,0,0,0,0,0,0,0.0,0.0,0.0,0.0,0.0,0.0,0.0
gRNA_14842,0,0,0,0,0,0,0,0,0,0,0,0,0,0.0,0.0,0.0,0.0,0.0,0.0,0.0
gRNA_14843,0,0,0,0,0,0,0,0,0,0,0,0,0,0.0,0.0,0.0,0.0,0.0,0.0,0.0
gRNA_14844,0,0,0,0,0,0,0,0,0,0,0,0,0,0.0,0.0,0.0,0.0,0.0,0.0,0.0
gRNA_14845,0,0,0,0,0,0,0,0,0,0,0,0,0,0.0,0.0,0.0,0.0,0.0,0.0,0.0
gRNA_14846,0,0,0,0,0,0,0,0,0,0,0,0,0,0.0,0.0,0.0,0.0,0.0,0.0,0.0
gRNA_14847,0,0,0,0,0,0,0,0,0,0,0,0,0,0.0,0.0,0.0,0.0,0.0,0.0,0.0
gRNA_14848,0,0,0,0,0,0,0,0,0,0,0,0,0,0.0,0.0,0.0,0.0,0.0,0.0,0.0
gRNA_14849,0,0,0,0,0,0,0,0,0,0,0,0,0,0.0,0.0,0.0,0.0,0.0,0.0,0.0
gRNA_14850,0,0,0,0,0,0,0,0,0,0,0,0,0,0.0,0.0,0.0,0.0,0.0,0.0,0.0
gRNA_14851,0,0,0,0,0,0,0,0,0,0,0,0,0,0.0,0.0,0.0,0.0,0.0,0.0,0.0
gRNA_14852,0,0,0,0,0,0,0,0,0,0,0,0,0,0.0,0.0,0.0,0.0,0.0,0.0,0.0
gRNA_14853,0,0,0,0,0,0,0,0,0,0,0,0,0,0.0,0.0,0.0,0.0,0.0,0.0,0.0
gRNA_14854,0,0,0,0,0,0,0,0,0,0,0,0,0,0.0,0.0,0.0,0.0,0.0,0.0,0.0
gRNA_14855,0,0,0,0,0,0,0,0,0,0,0,0,0,0.0,0.0,0.0,0.0,0.0,0.0,0.0
gRNA_14856,0,0,0,0,0,0,0,0,0,0,0,0,0,0.0,0.0,0.0,0.0,0.0,0.0,0.0
gRNA_14857,0,0,0,0,0,0,0,0,0,0,0,0,0,0.0,0.0,0.0,0.0,0.0,0.0,0.0
gRNA_14858,0,0,0,0,0,0,0,0,0,0,0,0,0,0.0,0.0,0.0,0.0,0.0,0.0,0.0
gRNA_14859,0,0,0,0,0,0,0,0,0,0,0,0,0,0.0,0.0,0.0,0.0,0.0,0.0,0.0
gRNA_1486,0,0,0,0,0,0,0,0,0,0,0,0,0,0.0,0.0,0.0,0.0,0.0,0.0,0.0
gRNA_14860,0,0,0,0,0,0,0,0,0,0,0,0,0,0.0,0.0,0.0,0.0,0.0,0.0,0.0
gRNA_14861,0,0,0,0,0,0,0,0,0,0,0,0,0,0.0,0.0,0.0,0.0,0.0,0.0,0.0
gRNA_14862,0,0,0,0,0,0,0,0,0,0,0,0,0,0.0,0.0,0.0,0.0,0.0,0.0,0.0
gRNA_14863,0,0,0,0,0,0,0,0,0,0,0,0,0,0.0,0.0,0.0,0.0,0.0,0.0,0.0
gRNA_14864,0,0,0,0,0,0,0,0,0,0,0,0,0,0.0,0.0,0.0,0.0,0.0,0.0,0.0
gRNA_14865,0,0,0,0,0,0,0,0,0,0,0,0,0,0.0,0.0,0.0,0.0,0.0,0.0,0.0
gRNA_14866,0,0,0,0,0,0,0,0,0,0,0,0,0,0.0,0.0,0.0,0.0,0.0,0.0,0.0
gRNA_14867,0,0,0,0,0,0,0,0,0,0,0,0,0,0.0,0.0,0.0,0.0,0.0,0.0,0.0
gRNA_14868,0,0,0,0,0,0,0,0,0,0,0,0,0,0.0,0.0,0.0,0.0,0.0,0.0,0.0
gRNA_14869,0,0,0,0,0,0,0,0,0,0,0,0,0,0.0,0.0,0.0,0.0,0.0,0.0,0.0
gRNA_14870,0,0,0,0,0,0,0,0,0,0,0,0,0,0.0,0.0,0.0,0.0,0.0,0.0,0.0
gRNA_14871,0,0,0,0,0,0,0,0,0,0,0,0,0,0.0,0.0,0.0,0.0,0.0,0.0,0.0
gRNA_14872,0,0,0,0,0,0,0,0,0,0,0,0,0,0.0,0.0,0.0,0.0,0.0,0.0,0.0
gRNA_14873,0,0,0,0,0,0,0,0,0,0,0,0,0,0.0,0.0,0.0,0.0,0.0,0.0,0.0
gRNA_14874,0,0,0,0,0,0,0,0,0,0,0,0,0,0.0,0.0,0.0,0.0,0.0,0.0,0.0
gRNA_14875,0,0,0,0,0,0,0,0,0,0,0,0,0,0.0,0.0,0.0,0.0,0.0,0.0,0.0
gRNA_14876,0,0,0,0,0,0,0,0,0,0,0,0,0,0.0,0.0,0.0,0.0,0.0,0.0,0.0
gRNA_14877,0,0,0,0,0,0,0,0,0,0,0,0,0,0.0,0.0,0.0,0.0,0.0,0.0,0.0
gRNA_14878,0,0,0,0,0,0,0,0,0,0,0,0,0,0.0,0.0,0.0,0.0,0.0,0.0,0.0
gRNA_14879,0,0,0,0,0,0,0,0,0,0,0,0,0,0.0,0.0,0.0,0.0,0.0,0.0,0.0
gRNA_14880,0,0,0,0,0,0,0,0,0,0,0,0,0,0.0,0.0,0.0,0.0,0.0,0.0,0.0
gRNA_14881,0,0,0,0,0,0,0,0,0,0,0,0,0,0.0,0.0,0.0,0.0,0.0,0.0,0.0
gRNA_14882,0,0,0,0,0,0,0,0,0,0,0,0,0,0.0,0.0,0.0,0.0,0.0,0.0,0.0
gRNA_14883,0,0,0,0,0,0,0,0,0,0,0,0,0,0.0,0.0,0.0,0.0,0.0,0.0,0.0
gRNA_14884,0,0,0,0,0,0,0,0,0,0,0,0,0,0.0,0.0,0.0,0.0,0.0,0.0,0.0
gRNA_14885,0,0,0,0,0,0,0,0,0,0,0,0,0,0.0,0.0,0.0,0.0,0.0,0.0,0.0
gRNA_14886,0,0,0,0,0,0,0,0,0,0,0,0,0,0.0,0.0,0.0,0.0,0.0,0.0,0.0
gRNA_14887,0,0,0,0,0,0,0,0,0,0,0,0,0,0.0,0.0,0.0,0.0,0.0,0.0,0.0
gRNA_14888,0,0,0,0,0,0,0,0,0,0,0,0,0,0.0,0.0,0.0,0.0,0.0,0.0,0.0
gRNA_14889,0,0,0,0,0,0,0,0,0,0,0,0,0,0.0,0.0,0.0,0.0,0.0,0.0,0.0
gRNA_14890,0,0,0,0,0,0,0,0,0,0,0,0,0,0.0,0.0,0.0,0.0,0.0,0.0,0.0
gRNA_14891,0,0,0,0,0,0,0,0,0,0,0,0,0,0.0,0.0,0.0,0.0,0.0,0.0,0.0
gRNA_14892,0,0,0,0,0,0,0,0,0,0,0,0,0,0.0,0.0,0.0,0.0,0.0,0.0,0.0
gRNA_14893,0,0,0,0,0,0,0,0,0,0,0,0,0,0.0,0.0,0.0,0.0,0.0,0.0,0.0
gRNA_14894,0,0,0,0,0,0,0,0,0,0,0,0,0,0.0,0.0,0.0,0.0,0.0,0.0,0.0
gRNA_14895,0,0,0,0,0,0,0,0,0,0,0,0,0,0.0,0.0,0.0,0.0,0.0,0.0,0.0
gRNA_14896,0,0,0,0,0,0,0,0,0,0,0,0,0,0.0,0.0,0.0,0.0,0.0,0.0,0.0
gRNA_14897,0,0,0,0,0,0,0,0,0,0,0,0,0,0.0,0.0,0.0,0.0,0.0,0.0,0.0
gRNA_14898,0,0,0,0,0,0,0,0,0,0,0,0,0,0.0,0.0,0.0,0.0,0.0,0.0,0.0
gRNA_14899,0,0,0,0,0,0,0,0,0,0,0,0,0,0.0,0.0,0.0,0.0,0.0,0.0,0.0
gRNA_14900,0,0,0,0,0,0,0,0,0,0,0,0,0,0.0,0.0,0.0,0.0,0.0,0.0,0.0
gRNA_14901,0,0,0,0,0,0,0,0,0,0,0,0,0,0.0,0.0,0.0,0.0,0.0,0.0,0.0
gRNA_14902,0,0,0,0,0,0,0,0,0,0,0,0,0,0.0,0.0,0.0,0.0,0.0,0.0,0.0
gRNA_14903,0,0,0,0,0,0,0,0,0,0,0,0,0,0.0,0.0,0.0,0.0,0.0,0.0,0.0
gRNA_14904,0,0,0,0,0,0,0,0,0,0,0,0,0,0.0,0.0,0.0,0.0,0.0,0.0,0.0
gRNA_14905,0,0,0,0,0,0,0,0,0,0,0,0,0,0.0,0.0,0.0,0.0,0.0,0.0,0.0
gRNA_14906,0,0,0,0,0,0,0,0,0,0,0,0,0,0.0,0.0,0.0,0.0,0.0,0.0,0.0
gRNA_14907,0,0,0,0,0,0,0,0,0,0,0,0,0,0.0,0.0,0.0,0.0,0.0,0.0,0.0
gRNA_14908,0,0,0,0,0,0,0,0,0,0,0,0,0,0.0,0.0,0.0,0.0,0.0,0.0,0.0
gRNA_14909,0,0,0,0,0,0,0,0,0,0,0,0,0,0.0,0.0,0.0,0.0,0.0,0.0,0.0
gRNA_14910,0,0,0,0,0,0,0,0,0,0,0,0,0,0.0,0.0,0.0,0.0,0.0,0.0,0.0
gRNA_14911,0,0,0,0,0,0,0,0,0,0,0,0,0,0.0,0.0,0.0,0.0,0.0,0.0,0.0
gRNA_14912,0,0,0,0,0,0,0,0,0,0,0,0,0,0.0,0.0,0.0,0.0,0.0,0.0,0.0
gRNA_14913,0,0,0,0,0,0,0,0,0,0,0,0,0,0.0,0.0,0.0,0.0,0.0,0.0,0.0
gRNA_14914,0,0,0,0,0,0,0,0,0,0,0,0,0,0.0,0.0,0.0,0.0,0.0,0.0,0.0
gRNA_14915,0,0,0,0,0,0,0,0,0,0,0,0,0,0.0,0.0,0.0,0.0,0.0,0.0,0.0
gRNA_14916,0,0,0,0,0,0,0,0,0,0,0,0,0,0.0,0.0,0.0,0.0,0.0,0.0,0.0
gRNA_14917,0,0,0,0,0,0,0,0,0,0,0,0,0,0.0,0.0,0.0,0.0,0.0,0.0,0.0
gRNA_14918,0,0,0,0,0,0,0,0,0,0,0,0,0,0.0,0.0,0.0,0.0,0.0,0.0,0.0
gRNA_14919,0,0,0,0,0,0,0,0,0,0,0,0,0,0.0,0.0,0.0,0.0,0.0,0.0,0.0
gRNA_14920,0,0,0,0,0,0,0,0,0,0,0,0,0,0.0,0.0,0.0,0.0,0.0,0.0,0.0
gRNA_14921,0,0,0,0,0,0,0,0,0,0,0,0,0,0.0,0.0,0.0,0.0,0.0,0.0,0.0
gRNA_14922,0,0,0,0,0,0,0,0,0,0,0,0,0,0.0,0.0,0.0,0.0,0.0,0.0,0.0
gRNA_14923,0,0,0,0,0,0,0,0,0,0,0,0,0,0.0,0.0,0.0,0.0,0.0,0.0,0.0
gRNA_14924,0,0,0,0,0,0,0,0,0,0,0,0,0,0.0,0.0,0.0,0.0,0.0,0.0,0.0
gRNA_14925,0,0,0,0,0,0,0,0,0,0,0,0,0,0.0,0.0,0.0,0.0,0.0,0.0,0.0
gRNA_14926,0,0,0,0,0,0,0,0,0,0,0,0,0,0.0,0.0,0.0,0.0,0.0,0.0,0.0
gRNA_14927,0,0,0,0,0,0,0,0,0,0,0,0,0,0.0,0.0,0.0,0.0,0.0,0.0,0.0
gRNA_14928,0,0,0,0,0,0,0,0,0,0,0,0,0,0.0,0.0,0.0,0.0,0.0,0.0,0.0
gRNA_14929,0,0,0,0,0,0,0,0,0,0,0,0,0,0.0,0.0,0.0,0.0,0.0,0.0,0.0
gRNA_14930,0,0,0,0,0,0,0,0,0,0,0,0,0,0.0,0.0,0.0,0.0,0.0,0.0,0.0
gRNA_14931,0,0,0,0,0,0,0,0,0,0,0,0,0,0.0,0.0,0.0,0.0,0.0,0.0,0.0
gRNA_14932,0,0,0,0,0,0,0,0,0,0,0,0,0,0.0,0.0,0.0,0.0,0.0,0.0,0.0
gRNA_14933,0,0,0,0,0,0,0,0,0,0,0,0,0,0.0,0.0,0.0,0.0,0.0,0.0,0.0
gRNA_14934,0,0,0,0,0,0,0,0,0,0,0,0,0,0.0,0.0,0.0,0.0,0.0,0.0,0.0
gRNA_14935,0,0,0,0,0,0,0,0,0,0,0,0,0,0.0,0.0,0.0,0.0,0.0,0.0,0.0
gRNA_14936,0,0,0,0,0,0,0,0,0,0,0,0,0,0.0,0.0,0.0,0.0,0.0,0.0,0.0
gRNA_14937,0,0,0,0,0,0,0,0,0,0,0,0,0,0.0,0.0,0.0,0.0,0.0,0.0,0.0
gRNA_14938,0,0,0,0,0,0,0,0,0,0,0,0,0,0.0,0.0,0.0,0.0,0.0,0.0,0.0
gRNA_14939,0,0,0,0,0,0,0,0,0,0,0,0,0,0.0,0.0,0.0,0.0,0.0,0.0,0.0
gRNA_14940,0,0,0,0,0,0,0,0,0,0,0,0,0,0.0,0.0,0.0,0.0,0.0,0.0,0.0
gRNA_14941,0,0,0,0,0,0,0,0,0,0,0,0,0,0.0,0.0,0.0,0.0,0.0,0.0,0.0
gRNA_14942,0,0,0,0,0,0,0,0,0,0,0,0,0,0.0,0.0,0.0,0.0,0.0,0.0,0.0
gRNA_14943,0,0,0,0,0,0,0,0,0,0,0,0,0,0.0,0.0,0.0,0.0,0.0,0.0,0.0
gRNA_14944,0,0,0,0,0,0,0,0,0,0,0,0,0,0.0,0.0,0.0,0.0,0.0,0.0,0.0
gRNA_14945,0,0,0,0,0,0,0,0,0,0,0,0,0,0.0,0.0,0.0,0.0,0.0,0.0,0.0
gRNA_14946,0,0,0,0,0,0,0,0,0,0,0,0,0,0.0,0.0,0.0,0.0,0.0,0.0,0.0
gRNA_14947,0,0,0,0,0,0,0,0,0,0,0,0,0,0.0,0.0,0.0,0.0,0.0,0.0,0.0
gRNA_14948,0,0,0,0,0,0,0,0,0,0,0,0,0,0.0,0.0,0.0,0.0,0.0,0.0,0.0
gRNA_14949,0,0,0,0,0,0,0,0,0,0,0,0,0,0.0,0.0,0.0,0.0,0.0,0.0,0.0
gRNA_14950,0,0,0,0,0,0,0,0,0,0,0,0,0,0.0,0.0,0.0,0.0,0.0,0.0,0.0
gRNA_14951,0,0,0,0,0,0,0,0,0,0,0,0,0,0.0,0.0,0.0,0.0,0.0,0.0,0.0
gRNA_14952,0,0,0,0,0,0,0,0,0,0,0,0,0,0.0,0.0,0.0,0.0,0.0,0.0,0.0
gRNA_14953,0,0,0,0,0,0,0,0,0,0,0,0,0,0.0,0.0,0.0,0.0,0.0,0.0,0.0
gRNA_14954,0,0,0,0,0,0,0,0,0,0,0,0,0,0.0,0.0,0.0,0.0,0.0,0.0,0.0
gRNA_14955,0,0,0,0,0,0,0,0,0,0,0,0,0,0.0,0.0,0.0,0.0,0.0,0.0,0.0
gRNA_14956,0,0,0,0,0,0,0,0,0,0,0,0,0,0.0,0.0,0.0,0.0,0.0,0.0,0.0
gRNA_14957,0,0,0,0,0,0,0,0,0,0,0,0,0,0.0,0.0,0.0,0.0,0.0,0.0,0.0
gRNA_14958,0,0,0,0,0,0,0,0,0,0,0,0,0,0.0,0.0,0.0,0.0,0.0,0.0,0.0
gRNA_14959,0,0,0,0,0,0,0,0,0,0,0,0,0,0.0,0.0,0.0,0.0,0.0,0.0,0.0
gRNA_14960,0,0,0,0,0,0,0,0,0,0,0,0,0,0.0,0.0,0.0,0.0,0.0,0.0,0.0
gRNA_14961,0,0,0,0,0,0,0,0,0,0,0,0,0,0.0,0.0,0.0,0.0,0.0,0.0,0.0
gRNA_14962,0,0,0,0,0,0,0,0,0,0,0,0,0,0.0,0.0,0.0,0.0,0.0,0.0,0.0
gRNA_14963,0,0,0,0,0,0,0,0,0,0,0,0,0,0.0,0.0,0.0,0.0,0.0,0.0,0.0
gRNA_14964,0,0,0,0,0,0,0,0,0,0,0,0,0,0.0,0.0,0.0,0.0,0.0,0.0,0.0
gRNA_14965,0,0,0,0,0,0,0,0,0,0,0,0,0,0.0,0.0,0.0,0.0,0.0,0.0,0.0
gRNA_14966,0,0,0,0,0,0,0,0,0,0,0,0,0,0.0,0.0,0.0,0.0,0.0,0.0,0.0
gRNA_14967,0,0,0,0,0,0,0,0,0,0,0,0,0,0.0,0.0,0.0,0.0,0.0,0.0,0.0
gRNA_14968,0,0,0,0,0,0,0,0,0,0,0,0,0,0.0,0.0,0.0,0.0,0.0,0.0,0.0
gRNA_14969,0,0,0,0,0,0,0,0,0,0,0,0,0,0.0,0.0,0.0,0.0,0.0,0.0,0.0
gRNA_1497,0,0,0,0,0,0,0,0,0,0,0,0,0,0.0,0.0,0.0,0.0,0.0,0.0,0.0
gRNA_14970,0,0,0,0,0,0,0,0,0,0,0,0,0,0.0,0.0,0.0,0.0,0.0,0.0,0.0
gRNA_14971,0,0,0,0,0,0,0,0,0,0,0,0,0,0.0,0.0,0.0,0.0,0.0,0.0,0.0
gRNA_14972,0,0,0,0,0,0,0,0,0,0,0,0,0,0.0,0.0,0.0,0.0,0.0,0.0,0.0
gRNA_14973,0,0,0,0,0,0,0,0,0,0,0,0,0,0.0,0.0,0.0,0.0,0.0,0.0,0.0
gRNA_14974,0,0,0,0,0,0,0,0,0,0,0,0,0,0.0,0.0,0.0,0.0,0.0,0.0,0.0
gRNA_14975,0,0,0,0,0,0,0,0,0,0,0,0,0,0.0,0.0,0.0,0.0,0.0,0.0,0.0
gRNA_14976,0,0,0,0,0,0,0,0,0,0,0,0,0,0.0,0.0,0.0,0.0,0.0,0.0,0.0
gRNA_14977,0,0,0,0,0,0,0,0,0,0,0,0,0,0.0,0.0,0.0,0.0,0.0,0.0,0.0
gRNA_14978,0,0,0,0,0,0,0,0,0,0,0,0,0,0.0,0.0,0.0,0.0,0.0,0.0,0.0
gRNA_14979,0,0,0,0,0,0,0,0,0,0,0,0,0,0.0,0.0,0.0,0.0,0.0,0.0,0.0
gRNA_14980,0,0,0,0,0,0,0,0,0,0,0,0,0,0.0,0.0,0.0,0.0,0.0,0.0,0.0
gRNA_14981,0,0,0,0,0,0,0,0,0,0,0,0,0,0.0,0.0,0.0,0.0,0.0,0.0,0.0
gRNA_14982,0,0,0,0,0,0,0,0,0,0,0,0,0,0.0,0.0,0.0,0.0,0.0,0.0,0.0
gRNA_14983,0,0,0,0,0,0,0,0,0,0,0,0,0,0.0,0.0,0.0,0.0,0.0,0.0,0.0
gRNA_14984,0,0,0,0,0,0,0,0,0,0,0,0,0,0.0,0.0,0.0,0.0,0.0,0.0,0.0
gRNA_14985,0,0,0,0,0,0,0,0,0,0,0,0,0,0.0,0.0,0.0,0.0,0.0,0.0,0.0
gRNA_14986,0,0,0,0,0,0,0,0,0,0,0,0,0,0.0,0.0,0.0,0.0,0.0,0.0,0.0
gRNA_14987,0,0,0,0,0,0,0,0,0,0,0,0,0,0.0,0.0,0.0,0.0,0.0,0.0,0.0
gRNA_14988,0,0,0,0,0,0,0,0,0,0,0,0,0,0.0,0.0,0.0,0.0,0.0,0.0,0.0
gRNA_14989,0,0,0,0,0,0,0,0,0,0,0,0,0,0.0,0.0,0.0,0.0,0.0,0.0,0.0
gRNA_14990,0,0,0,0,0,0,0,0,0,0,0,0,0,0.0,0.0,0.0,0.0,0.0,0.0,0.0
gRNA_14991,0,0,0,0,0,0,0,0,0,0,0,0,0,0.0,0.0,0.0,0.0,0.0,0.0,0.0
gRNA_14992,0,0,0,0,0,0,0,0,0,0,0,0,0,0.0,0.0,0.0,0.0,0.0,0.0,0.0
gRNA_14993,0,0,0,0,0,0,0,0,0,0,0,0,0,0.0,0.0,0.0,0.0,0.0,0.0,0.0
gRNA_14994,0,0,0,0,0,0,0,0,0,0,0,0,0,0.0,0.0,0.0,0.0,0.0,0.0,0.0
gRNA_14995,0,0,0,0,0,0,0,0,0,0,0,0,0,0.0,0.0,0.0,0.0,0.0,0.0,0.0
gRNA_14996,0,0,0,0,0,0,0,0,0,0,0,0,0,0.0,0.0,0.0,0.0,0.0,0.0,0.0
gRNA_14997,0,0,0,0,0,0,0,0,0,0,0,0,0,0.0,0.0,0.0,0.0,0.0,0.0,0.0
gRNA_14998,0,0,0,0,0,0,0,0,0,0,0,0,0,0.0,0.0,0.0,0.0,0.0,0.0,0.0
gRNA_14999,0,0,0,0,0,0,0,0,0,0,0,0,0,0.0,0.0,0.0,0.0,0.0,0.0,0.0
gRNA_15000,0,0,0,0,0,0,0,0,0,0,0,0,0,0.0,0.0,0.0,0.0,0.0,0.0,0.0
gRNA_15001,0,0,0,0,0,0,0,0,0,0,0,0,0,0.0,0.0,0.0,0.0,0.0,0.0,0.0
gRNA_15002,0,0,0,0,0,0,0,0,0,0,0,0,0,0.0,0.0,0.0,0.0,0.0,0.0,0.0
gRNA_15003,0,0,0,0,0,0,0,0,0,0,0,0,0,0.0,0.0,0.0,0.0,0.0,0.0,0.0
gRNA_15004,0,0,0,0,0,0,0,0,0,0,0,0,0,0.0,0.0,0.0,0.0,0.0,0.0,0.0
gRNA_15005,0,0,0,0,0,0,0,0,0,0,0,0,0,0.0,0.0,0.0,0.0,0.0,0.0,0.0
gRNA_15006,0,0,0,0,0,0,0,0,0,0,0,0,0,0.0,0.0,0.0,0.0,0.0,0.0,0.0
gRNA_15007,0,0,0,0,0,0,0,0,0,0,0,0,0,0.0,0.0,0.0,0.0,0.0,0.0,0.0
gRNA_15008,0,0,0,0,0,0,0,0,0,0,0,0,0,0.0,0.0,0.0,0.0,0.0,0.0,0.0
gRNA_15009,0,0,0,0,0,0,0,0,0,0,0,0,0,0.0,0.0,0.0,0.0,0.0,0.0,0.0
gRNA_15010,0,0,0,0,0,0,0,0,0,0,0,0,0,0.0,0.0,0.0,0.0,0.0,0.0,0.0
gRNA_15011,0,0,0,0,0,0,0,0,0,0,0,0,0,0.0,0.0,0.0,0.0,0.0,0.0,0.0
gRNA_1503,0,0,0,0,0,0,0,0,0,0,0,0,0,0.0,0.0,0.0,0.0,0.0,0.0,0.0
gRNA_1506,5,0,5,2,2,1,0,0,2,5,0,4,1,0.0,40.0,0.0,100.0,0.0,80.0,20.0
gRNA_1551,5558,29,5529,2348,3179,2,226,424,3179,4879,3,4863,13,7.6686561765237835,57.49683487068186,4.087538433713149,88.24380538976307,0.05425935973955507,87.95442213781877,0.23512389220473864
gRNA_1556,0,0,0,0,0,0,0,0,0,0,0,0,0,0.0,0.0,0.0,0.0,0.0,0.0,0.0
gRNA_1565,0,0,0,0,0,0,0,0,0,0,0,0,0,0.0,0.0,0.0,0.0,0.0,0.0,0.0
gRNA_1567,0,0,0,0,0,0,0,0,0,0,0,0,0,0.0,0.0,0.0,0.0,0.0,0.0,0.0
gRNA_1576,0,0,0,0,0,0,0,0,0,0,0,0,0,0.0,0.0,0.0,0.0,0.0,0.0,0.0
gRNA_1580,2,0,2,0,0,2,0,0,0,2,0,0,2,0.0,0.0,0.0,100.0,0.0,0.0,100.0
gRNA_1726,1365,0,1365,25,1320,20,8,254,1320,1103,0,1083,20,18.60805860805861,96.7032967032967,0.5860805860805861,80.8058608058608,0.0,79.34065934065934,1.465201465201465
gRNA_1891,1,0,1,1,0,0,1,0,0,0,0,0,0,0.0,0.0,100.0,0.0,0.0,0.0,0.0
gRNA_1899,0,0,0,0,0,0,0,0,0,0,0,0,0,0.0,0.0,0.0,0.0,0.0,0.0,0.0
gRNA_19,0,0,0,0,0,0,0,0,0,0,0,0,0,0.0,0.0,0.0,0.0,0.0,0.0,0.0
gRNA_1902,0,0,0,0,0,0,0,0,0,0,0,0,0,0.0,0.0,0.0,0.0,0.0,0.0,0.0
gRNA_1911,1,0,1,1,0,0,0,0,0,1,0,1,0,0.0,0.0,0.0,100.0,0.0,100.0,0.0
gRNA_1915,0,0,0,0,0,0,0,0,0,0,0,0,0,0.0,0.0,0.0,0.0,0.0,0.0,0.0
gRNA_1977,3922,0,3922,208,3711,3,37,1928,3711,1957,3,1922,32,49.158592554818966,94.62009178990311,0.9433962264150944,49.89801121876594,0.0764915859255482,49.005609382967876,0.815910249872514
gRNA_2,717,0,717,463,254,0,179,74,254,464,0,464,0,10.320781032078104,35.425383542538356,24.96513249651325,64.71408647140865,0.0,64.71408647140865,0.0
gRNA_21,0,0,0,0,0,0,0,0,0,0,0,0,0,0.0,0.0,0.0,0.0,0.0,0.0,0.0
gRNA_2117,0,0,0,0,0,0,0,0,0,0,0,0,0,0.0,0.0,0.0,0.0,0.0,0.0,0.0
gRNA_2134,3008,8,3000,249,2266,485,198,808,2266,1994,1,1508,485,26.933333333333334,75.53333333333333,6.6,66.46666666666667,0.03333333333333333,50.266666666666666,16.166666666666668
gRNA_2209,0,0,0,0,0,0,0,0,0,0,0,0,0,0.0,0.0,0.0,0.0,0.0,0.0,0.0
gRNA_2213,1,0,1,0,0,1,0,0,0,1,0,0,1,0.0,0.0,0.0,100.0,0.0,0.0,100.0
gRNA_2220,0,0,0,0,0,0,0,0,0,0,0,0,0,0.0,0.0,0.0,0.0,0.0,0.0,0.0
gRNA_2221,0,0,0,0,0,0,0,0,0,0,0,0,0,0.0,0.0,0.0,0.0,0.0,0.0,0.0
gRNA_2228,2,0,2,0,1,1,0,0,1,2,0,1,1,0.0,50.0,0.0,100.0,0.0,50.0,50.0
gRNA_2237,0,0,0,0,0,0,0,0,0,0,0,0,0,0.0,0.0,0.0,0.0,0.0,0.0,0.0
gRNA_2248,0,0,0,0,0,0,0,0,0,0,0,0,0,0.0,0.0,0.0,0.0,0.0,0.0,0.0
gRNA_2252,0,0,0,0,0,0,0,0,0,0,0,0,0,0.0,0.0,0.0,0.0,0.0,0.0,0.0
gRNA_2254,1,0,1,1,0,0,0,0,0,1,0,1,0,0.0,0.0,0.0,100.0,0.0,100.0,0.0
gRNA_2256,0,0,0,0,0,0,0,0,0,0,0,0,0,0.0,0.0,0.0,0.0,0.0,0.0,0.0
gRNA_2265,2336,0,2336,919,1260,157,197,187,1260,1952,0,1795,157,8.00513698630137,53.93835616438356,8.433219178082192,83.56164383561644,0.0,76.84075342465754,6.720890410958904
gRNA_2266,0,0,0,0,0,0,0,0,0,0,0,0,0,0.0,0.0,0.0,0.0,0.0,0.0,0.0
gRNA_2278,0,0,0,0,0,0,0,0,0,0,0,0,0,0.0,0.0,0.0,0.0,0.0,0.0,0.0
gRNA_2291,0,0,0,0,0,0,0,0,0,0,0,0,0,0.0,0.0,0.0,0.0,0.0,0.0,0.0
gRNA_2309,3,0,3,2,0,1,0,0,0,3,0,2,1,0.0,0.0,0.0,100.0,0.0,66.66666666666667,33.333333333333336
gRNA_2319,0,0,0,0,0,0,0,0,0,0,0,0,0,0.0,0.0,0.0,0.0,0.0,0.0,0.0
gRNA_2320,0,0,0,0,0,0,0,0,0,0,0,0,0,0.0,0.0,0.0,0.0,0.0,0.0,0.0
gRNA_2330,0,0,0,0,0,0,0,0,0,0,0,0,0,0.0,0.0,0.0,0.0,0.0,0.0,0.0
gRNA_2385,6052,140,5912,802,5096,14,14,1259,5096,4639,92,3777,770,21.295669824086602,86.19756427604871,0.2368064952638701,78.46752368064952,1.5561569688768606,63.88700947225981,13.024357239512856
gRNA_2394,0,0,0,0,0,0,0,0,0,0,0,0,0,0.0,0.0,0.0,0.0,0.0,0.0,0.0
gRNA_2401,1692,0,1692,545,1089,58,47,188,1089,1457,0,1399,58,11.11111111111111,64.36170212765957,2.7777777777777777,86.11111111111111,0.0,82.68321513002364,3.4278959810874703
gRNA_2420,0,0,0,0,0,0,0,0,0,0,0,0,0,0.0,0.0,0.0,0.0,0.0,0.0,0.0
gRNA_2421,0,0,0,0,0,0,0,0,0,0,0,0,0,0.0,0.0,0.0,0.0,0.0,0.0,0.0
gRNA_2430,1,0,1,1,0,0,1,0,0,0,0,0,0,0.0,0.0,100.0,0.0,0.0,0.0,0.0
gRNA_2432,1,0,1,0,0,1,0,0,0,1,0,0,1,0.0,0.0,0.0,100.0,0.0,0.0,100.0
gRNA_2433,1,0,1,1,0,0,0,0,0,1,0,1,0,0.0,0.0,0.0,100.0,0.0,100.0,0.0
gRNA_2436,0,0,0,0,0,0,0,0,0,0,0,0,0,0.0,0.0,0.0,0.0,0.0,0.0,0.0
gRNA_2443,0,0,0,0,0,0,0,0,0,0,0,0,0,0.0,0.0,0.0,0.0,0.0,0.0,0.0
gRNA_2444,0,0,0,0,0,0,0,0,0,0,0,0,0,0.0,0.0,0.0,0.0,0.0,0.0,0.0
gRNA_2447,1,0,1,0,1,0,0,0,1,1,0,1,0,0.0,100.0,0.0,100.0,0.0,100.0,0.0
gRNA_2448,0,0,0,0,0,0,0,0,0,0,0,0,0,0.0,0.0,0.0,0.0,0.0,0.0,0.0
gRNA_2449,0,0,0,0,0,0,0,0,0,0,0,0,0,0.0,0.0,0.0,0.0,0.0,0.0,0.0
gRNA_2450,0,0,0,0,0,0,0,0,0,0,0,0,0,0.0,0.0,0.0,0.0,0.0,0.0,0.0
gRNA_2451,1,0,1,1,0,0,0,0,0,1,0,1,0,0.0,0.0,0.0,100.0,0.0,100.0,0.0
gRNA_2452,0,0,0,0,0,0,0,0,0,0,0,0,0,0.0,0.0,0.0,0.0,0.0,0.0,0.0
gRNA_2453,0,0,0,0,0,0,0,0,0,0,0,0,0,0.0,0.0,0.0,0.0,0.0,0.0,0.0
gRNA_2454,0,0,0,0,0,0,0,0,0,0,0,0,0,0.0,0.0,0.0,0.0,0.0,0.0,0.0
gRNA_2455,0,0,0,0,0,0,0,0,0,0,0,0,0,0.0,0.0,0.0,0.0,0.0,0.0,0.0
gRNA_2456,0,0,0,0,0,0,0,0,0,0,0,0,0,0.0,0.0,0.0,0.0,0.0,0.0,0.0
gRNA_2459,0,0,0,0,0,0,0,0,0,0,0,0,0,0.0,0.0,0.0,0.0,0.0,0.0,0.0
gRNA_2460,0,0,0,0,0,0,0,0,0,0,0,0,0,0.0,0.0,0.0,0.0,0.0,0.0,0.0
gRNA_2461,0,0,0,0,0,0,0,0,0,0,0,0,0,0.0,0.0,0.0,0.0,0.0,0.0,0.0
gRNA_2462,1,0,1,1,0,0,0,0,0,1,0,1,0,0.0,0.0,0.0,100.0,0.0,100.0,0.0
gRNA_2463,1,0,1,1,0,0,0,0,0,1,0,1,0,0.0,0.0,0.0,100.0,0.0,100.0,0.0
gRNA_2464,0,0,0,0,0,0,0,0,0,0,0,0,0,0.0,0.0,0.0,0.0,0.0,0.0,0.0
gRNA_2465,0,0,0,0,0,0,0,0,0,0,0,0,0,0.0,0.0,0.0,0.0,0.0,0.0,0.0
gRNA_2467,0,0,0,0,0,0,0,0,0,0,0,0,0,0.0,0.0,0.0,0.0,0.0,0.0,0.0
gRNA_2468,0,0,0,0,0,0,0,0,0,0,0,0,0,0.0,0.0,0.0,0.0,0.0,0.0,0.0
gRNA_2469,0,0,0,0,0,0,0,0,0,0,0,0,0,0.0,0.0,0.0,0.0,0.0,0.0,0.0
gRNA_2470,1,0,1,1,0,0,0,0,0,1,0,1,0,0.0,0.0,0.0,100.0,0.0,100.0,0.0
gRNA_2471,0,0,0,0,0,0,0,0,0,0,0,0,0,0.0,0.0,0.0,0.0,0.0,0.0,0.0
gRNA_2474,553,0,553,7,546,0,0,3,546,550,3,529,18,0.5424954792043399,98.73417721518987,0.0,99.45750452079567,0.5424954792043399,95.66003616636527,3.2549728752260396
gRNA_2475,0,0,0,0,0,0,0,0,0,0,0,0,0,0.0,0.0,0.0,0.0,0.0,0.0,0.0
gRNA_2476,0,0,0,0,0,0,0,0,0,0,0,0,0,0.0,0.0,0.0,0.0,0.0,0.0,0.0
gRNA_2477,0,0,0,0,0,0,0,0,0,0,0,0,0,0.0,0.0,0.0,0.0,0.0,0.0,0.0
gRNA_2478,0,0,0,0,0,0,0,0,0,0,0,0,0,0.0,0.0,0.0,0.0,0.0,0.0,0.0
gRNA_2479,0,0,0,0,0,0,0,0,0,0,0,0,0,0.0,0.0,0.0,0.0,0.0,0.0,0.0
gRNA_2480,0,0,0,0,0,0,0,0,0,0,0,0,0,0.0,0.0,0.0,0.0,0.0,0.0,0.0
gRNA_2481,0,0,0,0,0,0,0,0,0,0,0,0,0,0.0,0.0,0.0,0.0,0.0,0.0,0.0
gRNA_2482,0,0,0,0,0,0,0,0,0,0,0,0,0,0.0,0.0,0.0,0.0,0.0,0.0,0.0
gRNA_2483,0,0,0,0,0,0,0,0,0,0,0,0,0,0.0,0.0,0.0,0.0,0.0,0.0,0.0
gRNA_2484,1,0,1,1,0,0,1,0,0,0,0,0,0,0.0,0.0,100.0,0.0,0.0,0.0,0.0
gRNA_2485,0,0,0,0,0,0,0,0,0,0,0,0,0,0.0,0.0,0.0,0.0,0.0,0.0,0.0
gRNA_2486,0,0,0,0,0,0,0,0,0,0,0,0,0,0.0,0.0,0.0,0.0,0.0,0.0,0.0
gRNA_2487,0,0,0,0,0,0,0,0,0,0,0,0,0,0.0,0.0,0.0,0.0,0.0,0.0,0.0
gRNA_2488,3,0,3,2,1,0,1,1,1,1,0,1,0,33.333333333333336,33.333333333333336,33.333333333333336,33.333333333333336,0.0,33.333333333333336,0.0
gRNA_2489,0,0,0,0,0,0,0,0,0,0,0,0,0,0.0,0.0,0.0,0.0,0.0,0.0,0.0
gRNA_2490,0,0,0,0,0,0,0,0,0,0,0,0,0,0.0,0.0,0.0,0.0,0.0,0.0,0.0
gRNA_2491,0,0,0,0,0,0,0,0,0,0,0,0,0,0.0,0.0,0.0,0.0,0.0,0.0,0.0
gRNA_2492,1,0,1,1,0,0,0,0,0,1,0,1,0,0.0,0.0,0.0,100.0,0.0,100.0,0.0
gRNA_2493,1,0,1,1,0,0,0,0,0,1,0,1,0,0.0,0.0,0.0,100.0,0.0,100.0,0.0
gRNA_2495,1,0,1,0,1,0,0,0,1,1,0,1,0,0.0,100.0,0.0,100.0,0.0,100.0,0.0
gRNA_2496,0,0,0,0,0,0,0,0,0,0,0,0,0,0.0,0.0,0.0,0.0,0.0,0.0,0.0
gRNA_2497,0,0,0,0,0,0,0,0,0,0,0,0,0,0.0,0.0,0.0,0.0,0.0,0.0,0.0
gRNA_2498,0,0,0,0,0,0,0,0,0,0,0,0,0,0.0,0.0,0.0,0.0,0.0,0.0,0.0
gRNA_2499,0,0,0,0,0,0,0,0,0,0,0,0,0,0.0,0.0,0.0,0.0,0.0,0.0,0.0
gRNA_2500,0,0,0,0,0,0,0,0,0,0,0,0,0,0.0,0.0,0.0,0.0,0.0,0.0,0.0
gRNA_2501,0,0,0,0,0,0,0,0,0,0,0,0,0,0.0,0.0,0.0,0.0,0.0,0.0,0.0
gRNA_2502,0,0,0,0,0,0,0,0,0,0,0,0,0,0.0,0.0,0.0,0.0,0.0,0.0,0.0
gRNA_2503,0,0,0,0,0,0,0,0,0,0,0,0,0,0.0,0.0,0.0,0.0,0.0,0.0,0.0
gRNA_2532,0,0,0,0,0,0,0,0,0,0,0,0,0,0.0,0.0,0.0,0.0,0.0,0.0,0.0
gRNA_2569,4661,1,4660,195,4463,2,1,0,4463,4659,1,4649,9,0.0,95.7725321888412,0.02145922746781116,99.97854077253218,0.02145922746781116,99.76394849785407,0.19313304721030042
gRNA_2658,2187,1,2186,1210,975,1,229,373,975,1584,2,1574,8,17.063129002744738,44.602012808783165,10.475754803293688,72.46111619396157,0.09149130832570906,72.00365965233303,0.36596523330283626
gRNA_2677,1,0,1,1,0,0,0,0,0,1,0,1,0,0.0,0.0,0.0,100.0,0.0,100.0,0.0
gRNA_2682,0,0,0,0,0,0,0,0,0,0,0,0,0,0.0,0.0,0.0,0.0,0.0,0.0,0.0
gRNA_2690,0,0,0,0,0,0,0,0,0,0,0,0,0,0.0,0.0,0.0,0.0,0.0,0.0,0.0
gRNA_2695,0,0,0,0,0,0,0,0,0,0,0,0,0,0.0,0.0,0.0,0.0,0.0,0.0,0.0
gRNA_2703,1066,0,1066,74,990,2,1,23,990,1042,0,1036,6,2.1575984990619137,92.87054409005628,0.09380863039399624,97.74859287054409,0.0,97.18574108818011,0.5628517823639775
gRNA_2707,0,0,0,0,0,0,0,0,0,0,0,0,0,0.0,0.0,0.0,0.0,0.0,0.0,0.0
gRNA_2719,5,0,5,3,1,1,2,1,1,2,0,1,1,20.0,20.0,40.0,40.0,0.0,20.0,20.0
gRNA_2736,0,0,0,0,0,0,0,0,0,0,0,0,0,0.0,0.0,0.0,0.0,0.0,0.0,0.0
gRNA_2738,2,0,2,1,0,1,0,0,0,2,0,1,1,0.0,0.0,0.0,100.0,0.0,50.0,50.0
gRNA_2747,2039,2,2037,458,1533,46,51,288,1533,1698,0,1651,47,14.138438880706921,75.25773195876289,2.503681885125184,83.3578792341679,0.0,81.05056455571919,2.307314678448699
gRNA_2749,0,0,0,0,0,0,0,0,0,0,0,0,0,0.0,0.0,0.0,0.0,0.0,0.0,0.0
gRNA_2760,0,0,0,0,0,0,0,0,0,0,0,0,0,0.0,0.0,0.0,0.0,0.0,0.0,0.0
gRNA_2764,0,0,0,0,0,0,0,0,0,0,0,0,0,0.0,0.0,0.0,0.0,0.0,0.0,0.0
gRNA_2770,0,0,0,0,0,0,0,0,0,0,0,0,0,0.0,0.0,0.0,0.0,0.0,0.0,0.0
gRNA_2772,6,0,6,3,3,0,1,1,3,4,0,4,0,16.666666666666668,50.0,16.666666666666668,66.66666666666667,0.0,66.66666666666667,0.0
gRNA_2773,0,0,0,0,0,0,0,0,0,0,0,0,0,0.0,0.0,0.0,0.0,0.0,0.0,0.0
gRNA_2775,6413,6,6407,81,6272,54,9,118,6272,6280,23,6142,115,1.8417356016856563,97.89292960824099,0.1404713594506009,98.01779303886374,0.3589823630404245,95.86389886062119,1.7949118152021226
gRNA_2795,0,0,0,0,0,0,0,0,0,0,0,0,0,0.0,0.0,0.0,0.0,0.0,0.0,0.0
gRNA_2800,0,0,0,0,0,0,0,0,0,0,0,0,0,0.0,0.0,0.0,0.0,0.0,0.0,0.0
gRNA_2808,0,0,0,0,0,0,0,0,0,0,0,0,0,0.0,0.0,0.0,0.0,0.0,0.0,0.0
gRNA_2810,3156,14,3142,34,3103,5,3,57,3103,3082,0,3074,8,1.8141311266709101,98.75875238701464,0.09548058561425843,98.09038828771483,0.0,97.83577339274348,0.2546148949713558
gRNA_2831,0,0,0,0,0,0,0,0,0,0,0,0,0,0.0,0.0,0.0,0.0,0.0,0.0,0.0
gRNA_2853,0,0,0,0,0,0,0,0,0,0,0,0,0,0.0,0.0,0.0,0.0,0.0,0.0,0.0
gRNA_2854,0,0,0,0,0,0,0,0,0,0,0,0,0,0.0,0.0,0.0,0.0,0.0,0.0,0.0
gRNA_2863,1,0,1,1,0,0,0,0,0,1,0,1,0,0.0,0.0,0.0,100.0,0.0,100.0,0.0
gRNA_2867,1,0,1,1,0,0,0,0,0,1,0,1,0,0.0,0.0,0.0,100.0,0.0,100.0,0.0
gRNA_2869,0,0,0,0,0,0,0,0,0,0,0,0,0,0.0,0.0,0.0,0.0,0.0,0.0,0.0
gRNA_2871,0,0,0,0,0,0,0,0,0,0,0,0,0,0.0,0.0,0.0,0.0,0.0,0.0,0.0
gRNA_289,3,0,3,3,0,0,0,0,0,3,0,3,0,0.0,0.0,0.0,100.0,0.0,100.0,0.0
gRNA_295,0,0,0,0,0,0,0,0,0,0,0,0,0,0.0,0.0,0.0,0.0,0.0,0.0,0.0
gRNA_3011,3443,0,3443,833,2597,13,0,3,2597,3440,0,3394,46,0.08713331397037467,75.42840546035434,0.0,99.91286668602963,0.0,98.57682253848388,1.336044147545745
gRNA_3012,4519,0,4519,1469,3048,2,2,8,3048,4509,1,4468,40,0.17703031644169065,67.44855056428413,0.04425757911042266,99.77871210444789,0.02212878955521133,98.87143173268423,0.8851515822084532
gRNA_303,0,0,0,0,0,0,0,0,0,0,0,0,0,0.0,0.0,0.0,0.0,0.0,0.0,0.0
gRNA_3031,4424,43,4381,215,4160,6,30,1,4160,4350,22,4291,37,0.022825838849577722,94.95548961424332,0.6847751654873316,99.29239899566309,0.5021684546907099,97.945674503538,0.8445560374343757
gRNA_304,0,0,0,0,0,0,0,0,0,0,0,0,0,0.0,0.0,0.0,0.0,0.0,0.0,0.0
gRNA_3052,1,0,1,1,0,0,0,0,0,1,0,1,0,0.0,0.0,0.0,100.0,0.0,100.0,0.0
gRNA_3057,0,0,0,0,0,0,0,0,0,0,0,0,0,0.0,0.0,0.0,0.0,0.0,0.0,0.0
gRNA_3065,1,0,1,0,1,0,0,0,1,1,0,1,0,0.0,100.0,0.0,100.0,0.0,100.0,0.0
gRNA_3067,0,0,0,0,0,0,0,0,0,0,0,0,0,0.0,0.0,0.0,0.0,0.0,0.0,0.0
gRNA_3073,1,0,1,0,1,0,0,0,1,1,0,1,0,0.0,100.0,0.0,100.0,0.0,100.0,0.0
gRNA_3077,1,0,1,1,0,0,0,0,0,1,0,1,0,0.0,0.0,0.0,100.0,0.0,100.0,0.0
gRNA_3084,1814,0,1814,7,1804,3,0,0,1804,1814,4,1807,3,0.0,99.44873208379272,0.0,100.0,0.2205071664829107,99.6141124586549,0.16538037486218302
gRNA_3086,1826,0,1826,74,1751,1,1,14,1751,1811,1,1796,14,0.7667031763417306,95.89266155531216,0.054764512595837894,99.17853231106243,0.054764512595837894,98.35706462212487,0.7667031763417306
gRNA_3090,1,0,1,1,0,0,1,0,0,0,0,0,0,0.0,0.0,100.0,0.0,0.0,0.0,0.0
gRNA_3092,0,0,0,0,0,0,0,0,0,0,0,0,0,0.0,0.0,0.0,0.0,0.0,0.0,0.0
gRNA_3105,0,0,0,0,0,0,0,0,0,0,0,0,0,0.0,0.0,0.0,0.0,0.0,0.0,0.0
gRNA_3107,6548,0,6548,672,4561,1315,94,1264,4561,5190,1,3872,1317,19.303604153940135,69.65485644471595,1.4355528405620037,79.26084300549786,0.015271838729383017,59.132559560171046,20.113011606597436
gRNA_311,0,0,0,0,0,0,0,0,0,0,0,0,0,0.0,0.0,0.0,0.0,0.0,0.0,0.0
gRNA_3110,0,0,0,0,0,0,0,0,0,0,0,0,0,0.0,0.0,0.0,0.0,0.0,0.0,0.0
gRNA_3118,1,0,1,1,0,0,0,0,0,1,0,1,0,0.0,0.0,0.0,100.0,0.0,100.0,0.0
gRNA_319,0,0,0,0,0,0,0,0,0,0,0,0,0,0.0,0.0,0.0,0.0,0.0,0.0,0.0
gRNA_324,0,0,0,0,0,0,0,0,0,0,0,0,0,0.0,0.0,0.0,0.0,0.0,0.0,0.0
gRNA_335,0,0,0,0,0,0,0,0,0,0,0,0,0,0.0,0.0,0.0,0.0,0.0,0.0,0.0
gRNA_338,1,0,1,1,0,0,1,0,0,0,0,0,0,0.0,0.0,100.0,0.0,0.0,0.0,0.0
gRNA_349,0,0,0,0,0,0,0,0,0,0,0,0,0,0.0,0.0,0.0,0.0,0.0,0.0,0.0
gRNA_3522,3165,0,3165,216,2733,216,1,10,2733,3154,2,2930,222,0.315955766192733,86.35071090047393,0.0315955766192733,99.65244865718799,0.0631911532385466,92.57503949447077,7.014218009478673
gRNA_3523,2853,2,2851,119,2527,205,1,23,2527,2827,1,2595,231,0.8067344791301297,88.635566467906,0.035075412136092596,99.15819010873378,0.035075412136092596,91.02069449316029,8.10242020343739
gRNA_3524,1631,84,1547,97,1412,38,11,175,1412,1361,0,1319,42,11.312217194570136,91.27343244990304,0.7110536522301228,87.97672915319974,0.0,85.2617970265029,2.7149321266968327
gRNA_3525,1440,7,1433,480,943,10,50,86,943,1297,0,1286,11,6.001395673412421,65.8060013956734,3.4891835310537336,90.50942079553384,0.0,89.74180041870203,0.7676203768318214
gRNA_3570,4730,43,4687,987,3693,7,5,0,3693,4682,2,4659,21,0.0,78.79240452314913,0.10667804565820355,99.8933219543418,0.042671218263281414,99.40260294431405,0.44804779176445486
gRNA_3579,1945,10,1935,29,1845,61,0,100,1845,1835,37,1687,111,5.167958656330749,95.34883720930233,0.0,94.83204134366925,1.9121447028423773,87.18346253229974,5.736434108527132
gRNA_3580,3197,39,3158,150,2992,16,0,26,2992,3132,3,3019,110,0.8233058898036733,94.743508549715,0.0,99.17669411019632,0.09499683343888538,95.59848005066497,3.4832172260924636
gRNA_362,0,0,0,0,0,0,0,0,0,0,0,0,0,0.0,0.0,0.0,0.0,0.0,0.0,0.0
gRNA_366,1,0,1,1,0,0,1,0,0,0,0,0,0,0.0,0.0,100.0,0.0,0.0,0.0,0.0
gRNA_3677,9442,0,9442,5049,4379,14,304,301,4379,8837,136,8633,68,3.187883922897691,46.37788604109299,3.219656852361788,93.59245922474052,1.4403728023723787,91.43190002118196,0.7201864011861894
gRNA_3686,3546,0,3546,485,2676,385,196,868,2676,2482,54,2010,418,24.478285391990976,75.46531302876481,5.527354765933446,69.99435984207558,1.5228426395939085,56.68358714043993,11.787930062041736
gRNA_3698,8809,0,8809,1294,7420,95,100,80,7420,8629,218,8198,213,0.9081621069360881,84.23203541832217,1.1352026336701102,97.9566352593938,2.47474174140084,93.06391190827563,2.4179816097173346
gRNA_3703,1027,16,1011,346,665,0,127,138,665,746,1,734,11,13.649851632047477,65.77645895153313,12.561819980217606,73.78832838773492,0.09891196834817013,72.60138476755688,1.0880316518298714
gRNA_381,0,0,0,0,0,0,0,0,0,0,0,0,0,0.0,0.0,0.0,0.0,0.0,0.0,0.0
gRNA_382,0,0,0,0,0,0,0,0,0,0,0,0,0,0.0,0.0,0.0,0.0,0.0,0.0,0.0
gRNA_383,1,0,1,1,0,0,0,0,0,1,0,1,0,0.0,0.0,0.0,100.0,0.0,100.0,0.0
gRNA_389,0,0,0,0,0,0,0,0,0,0,0,0,0,0.0,0.0,0.0,0.0,0.0,0.0,0.0
gRNA_390,0,0,0,0,0,0,0,0,0,0,0,0,0,0.0,0.0,0.0,0.0,0.0,0.0,0.0
gRNA_3905,1026,0,1026,58,967,1,3,660,967,363,0,308,55,64.32748538011695,94.24951267056531,0.29239766081871343,35.380116959064324,0.0,30.019493177387915,5.360623781676413
gRNA_3906,39,17,22,9,10,3,0,0,10,22,0,15,7,0.0,45.45454545454545,0.0,100.0,0.0,68.18181818181819,31.818181818181817
gRNA_3909,7575,10,7565,235,7315,15,1,312,7315,7252,92,7112,48,4.124256444150694,96.69530733641771,0.013218770654329148,95.86252478519498,1.2161269001982815,94.0118968935889,0.634500991407799
gRNA_3918,0,0,0,0,0,0,0,0,0,0,0,0,0,0.0,0.0,0.0,0.0,0.0,0.0,0.0
gRNA_3922,0,0,0,0,0,0,0,0,0,0,0,0,0,0.0,0.0,0.0,0.0,0.0,0.0,0.0
gRNA_3930,0,0,0,0,0,0,0,0,0,0,0,0,0,0.0,0.0,0.0,0.0,0.0,0.0,0.0
gRNA_3936,0,0,0,0,0,0,0,0,0,0,0,0,0,0.0,0.0,0.0,0.0,0.0,0.0,0.0
gRNA_3963,0,0,0,0,0,0,0,0,0,0,0,0,0,0.0,0.0,0.0,0.0,0.0,0.0,0.0
gRNA_3981,1,0,1,0,1,0,0,0,1,1,0,1,0,0.0,100.0,0.0,100.0,0.0,100.0,0.0
gRNA_3983,1,0,1,1,0,0,0,0,0,1,0,1,0,0.0,0.0,0.0,100.0,0.0,100.0,0.0
gRNA_3993,2,0,2,1,0,1,0,0,0,2,0,1,1,0.0,0.0,0.0,100.0,0.0,50.0,50.0
gRNA_3997,0,0,0,0,0,0,0,0,0,0,0,0,0,0.0,0.0,0.0,0.0,0.0,0.0,0.0
gRNA_4,1,0,1,0,0,1,0,0,0,1,0,0,1,0.0,0.0,0.0,100.0,0.0,0.0,100.0
gRNA_4001,0,0,0,0,0,0,0,0,0,0,0,0,0,0.0,0.0,0.0,0.0,0.0,0.0,0.0
gRNA_4007,0,0,0,0,0,0,0,0,0,0,0,0,0,0.0,0.0,0.0,0.0,0.0,0.0,0.0
gRNA_4008,0,0,0,0,0,0,0,0,0,0,0,0,0,0.0,0.0,0.0,0.0,0.0,0.0,0.0
gRNA_4016,0,0,0,0,0,0,0,0,0,0,0,0,0,0.0,0.0,0.0,0.0,0.0,0.0,0.0
gRNA_4029,0,0,0,0,0,0,0,0,0,0,0,0,0,0.0,0.0,0.0,0.0,0.0,0.0,0.0
gRNA_4033,4357,10,4347,1593,2750,4,3,18,2750,4326,22,4152,152,0.4140786749482402,63.262019783758916,0.06901311249137336,99.51690821256038,0.5060961582700713,95.51414768806073,3.4966643662295835
gRNA_4046,0,0,0,0,0,0,0,0,0,0,0,0,0,0.0,0.0,0.0,0.0,0.0,0.0,0.0
gRNA_4057,0,0,0,0,0,0,0,0,0,0,0,0,0,0.0,0.0,0.0,0.0,0.0,0.0,0.0
gRNA_4063,2,0,2,1,0,1,0,0,0,2,0,1,1,0.0,0.0,0.0,100.0,0.0,50.0,50.0
gRNA_4068,0,0,0,0,0,0,0,0,0,0,0,0,0,0.0,0.0,0.0,0.0,0.0,0.0,0.0
gRNA_4070,2,0,2,2,0,0,1,0,0,1,0,1,0,0.0,0.0,50.0,50.0,0.0,50.0,0.0
gRNA_4078,1,0,1,0,1,0,0,0,1,1,0,1,0,0.0,100.0,0.0,100.0,0.0,100.0,0.0
gRNA_4080,0,0,0,0,0,0,0,0,0,0,0,0,0,0.0,0.0,0.0,0.0,0.0,0.0,0.0
gRNA_4081,0,0,0,0,0,0,0,0,0,0,0,0,0,0.0,0.0,0.0,0.0,0.0,0.0,0.0
gRNA_4082,0,0,0,0,0,0,0,0,0,0,0,0,0,0.0,0.0,0.0,0.0,0.0,0.0,0.0
gRNA_4084,0,0,0,0,0,0,0,0,0,0,0,0,0,0.0,0.0,0.0,0.0,0.0,0.0,0.0
gRNA_4096,0,0,0,0,0,0,0,0,0,0,0,0,0,0.0,0.0,0.0,0.0,0.0,0.0,0.0
gRNA_4195,5805,0,5805,587,5210,8,223,1607,5210,3975,0,3965,10,27.68303186907838,89.75021533161068,3.8415159345391903,68.47545219638243,0.0,68.30318690783807,0.17226528854435832
gRNA_4437,2,0,2,1,0,1,1,0,0,1,0,0,1,0.0,0.0,50.0,50.0,0.0,0.0,50.0
gRNA_4440,2314,0,2314,166,1917,231,6,233,1917,2075,0,1844,231,10.069144338807261,82.84356093344857,0.25929127052722556,89.67156439066551,0.0,79.68885047536733,9.982713915298184
gRNA_4454,0,0,0,0,0,0,0,0,0,0,0,0,0,0.0,0.0,0.0,0.0,0.0,0.0,0.0
gRNA_4456,0,0,0,0,0,0,0,0,0,0,0,0,0,0.0,0.0,0.0,0.0,0.0,0.0,0.0
gRNA_4461,1498,1,1497,20,1472,5,1,319,1472,1177,4,1164,9,21.309285237140948,98.32999331997328,0.06680026720106881,78.62391449565798,0.26720106880427524,77.75551102204409,0.6012024048096193
gRNA_4577,921,0,921,97,734,90,26,419,734,476,1,375,100,45.49402823018458,79.69598262757872,2.823018458197611,51.68295331161781,0.10857763300760044,40.71661237785016,10.857763300760043
gRNA_4578,2599,0,2599,481,1762,356,78,595,1762,1926,3,1567,356,22.893420546363988,67.79530588687958,3.0011542901115815,74.10542516352443,0.11542901115813775,60.29242016160062,13.69757599076568
gRNA_4621,209,50,159,41,117,1,0,4,117,155,0,116,39,2.5157232704402515,73.58490566037736,0.0,97.48427672955975,0.0,72.95597484276729,24.528301886792452
gRNA_4628,1300,0,1300,200,1082,18,64,247,1082,989,4,949,36,19.0,83.23076923076923,4.923076923076923,76.07692307692308,0.3076923076923077,73.0,2.769230769230769
gRNA_4735,2260,0,2260,164,2021,75,10,646,2021,1604,6,1416,182,28.58407079646018,89.42477876106194,0.4424778761061947,70.97345132743362,0.26548672566371684,62.65486725663717,8.053097345132743
gRNA_4741,1,0,1,1,0,0,1,0,0,0,0,0,0,0.0,0.0,100.0,0.0,0.0,0.0,0.0
gRNA_4744,0,0,0,0,0,0,0,0,0,0,0,0,0,0.0,0.0,0.0,0.0,0.0,0.0,0.0
gRNA_4754,0,0,0,0,0,0,0,0,0,0,0,0,0,0.0,0.0,0.0,0.0,0.0,0.0,0.0
gRNA_4758,0,0,0,0,0,0,0,0,0,0,0,0,0,0.0,0.0,0.0,0.0,0.0,0.0,0.0
gRNA_4759,1,0,1,0,1,0,0,0,1,1,0,1,0,0.0,100.0,0.0,100.0,0.0,100.0,0.0
gRNA_4763,0,0,0,0,0,0,0,0,0,0,0,0,0,0.0,0.0,0.0,0.0,0.0,0.0,0.0
gRNA_4770,3458,15,3443,383,3043,17,17,448,3043,2978,3,2926,49,13.01190821957595,88.38222480395004,0.49375544583212316,86.49433633459192,0.08713331397037467,84.98402555910543,1.4231774615161197
gRNA_4782,2379,1,2378,576,1788,14,19,96,1788,2263,9,2225,29,4.037005887300253,75.1892346509672,0.798990748528175,95.16400336417158,0.37846930193439865,93.56602186711523,1.2195121951219512
gRNA_4829,1580,32,1548,646,901,1,22,7,901,1519,4,1362,153,0.45219638242894056,58.20413436692507,1.421188630490956,98.1266149870801,0.25839793281653745,87.98449612403101,9.883720930232558
gRNA_4888,33,8,25,0,20,5,0,2,20,23,0,18,5,8.0,80.0,0.0,92.0,0.0,72.0,20.0
gRNA_516,0,0,0,0,0,0,0,0,0,0,0,0,0,0.0,0.0,0.0,0.0,0.0,0.0,0.0
gRNA_5191,0,0,0,0,0,0,0,0,0,0,0,0,0,0.0,0.0,0.0,0.0,0.0,0.0,0.0
gRNA_5194,23310,4,23306,771,22312,223,145,3312,22312,19849,20,19597,232,14.21093280700249,95.73500386166653,0.6221573843645413,85.16690980863297,0.08581481163648846,84.08564318201321,0.9954518149832661
gRNA_5200,0,0,0,0,0,0,0,0,0,0,0,0,0,0.0,0.0,0.0,0.0,0.0,0.0,0.0
gRNA_5208,0,0,0,0,0,0,0,0,0,0,0,0,0,0.0,0.0,0.0,0.0,0.0,0.0,0.0
gRNA_5216,0,0,0,0,0,0,0,0,0,0,0,0,0,0.0,0.0,0.0,0.0,0.0,0.0,0.0
gRNA_522,0,0,0,0,0,0,0,0,0,0,0,0,0,0.0,0.0,0.0,0.0,0.0,0.0,0.0
gRNA_5228,2060,15,2045,771,1273,1,34,2,1273,2009,1,2002,6,0.097799511002445,62.24938875305624,1.662591687041565,98.239608801956,0.0488997555012225,97.89731051344744,0.293398533007335
gRNA_523,0,0,0,0,0,0,0,0,0,0,0,0,0,0.0,0.0,0.0,0.0,0.0,0.0,0.0
gRNA_5236,1727,11,1716,15,1681,20,2,125,1681,1589,1,1568,20,7.284382284382285,97.96037296037296,0.11655011655011654,92.5990675990676,0.05827505827505827,91.37529137529137,1.1655011655011656
gRNA_525,1,0,1,1,0,0,0,0,0,1,0,1,0,0.0,0.0,0.0,100.0,0.0,100.0,0.0
gRNA_526,2,0,2,2,0,0,0,0,0,2,0,2,0,0.0,0.0,0.0,100.0,0.0,100.0,0.0
gRNA_5287,0,0,0,0,0,0,0,0,0,0,0,0,0,0.0,0.0,0.0,0.0,0.0,0.0,0.0
gRNA_5291,1,0,1,0,0,1,0,0,0,1,0,0,1,0.0,0.0,0.0,100.0,0.0,0.0,100.0
gRNA_5297,2,0,2,1,0,1,0,0,0,2,0,1,1,0.0,0.0,0.0,100.0,0.0,50.0,50.0
gRNA_5299,1,0,1,1,0,0,1,0,0,0,0,0,0,0.0,0.0,100.0,0.0,0.0,0.0,0.0
gRNA_5305,0,0,0,0,0,0,0,0,0,0,0,0,0,0.0,0.0,0.0,0.0,0.0,0.0,0.0
gRNA_5315,3,0,3,1,0,2,0,0,0,3,0,1,2,0.0,0.0,0.0,100.0,0.0,33.333333333333336,66.66666666666667
gRNA_5318,0,0,0,0,0,0,0,0,0,0,0,0,0,0.0,0.0,0.0,0.0,0.0,0.0,0.0
gRNA_5322,1,0,1,1,0,0,0,0,0,1,0,1,0,0.0,0.0,0.0,100.0,0.0,100.0,0.0
gRNA_533,1,0,1,1,0,0,0,0,0,1,0,1,0,0.0,0.0,0.0,100.0,0.0,100.0,0.0
gRNA_5343,0,0,0,0,0,0,0,0,0,0,0,0,0,0.0,0.0,0.0,0.0,0.0,0.0,0.0
gRNA_5351,0,0,0,0,0,0,0,0,0,0,0,0,0,0.0,0.0,0.0,0.0,0.0,0.0,0.0
gRNA_5353,1,0,1,1,0,0,0,0,0,1,0,1,0,0.0,0.0,0.0,100.0,0.0,100.0,0.0
gRNA_5373,8563,1,8562,279,8120,163,9,618,8120,7935,11,7622,302,7.217939733707078,94.83765475356225,0.1051156271899089,92.67694463910301,0.1284746554543331,89.02125671572063,3.527213267928054
gRNA_5374,1397,0,1397,28,1358,11,0,94,1358,1303,0,1269,34,6.728704366499642,97.2083035075161,0.0,93.27129563350036,0.0,90.83750894774516,2.4337866857551895
gRNA_538,1,0,1,0,1,0,0,0,1,1,0,1,0,0.0,100.0,0.0,100.0,0.0,100.0,0.0
gRNA_5501,2815,8,2807,112,2636,59,2,0,2636,2805,5,2713,87,0.0,93.90808692554329,0.07125044531528323,99.92874955468471,0.17812611328820804,96.65122907018169,3.09939437121482
gRNA_553,0,0,0,0,0,0,0,0,0,0,0,0,0,0.0,0.0,0.0,0.0,0.0,0.0,0.0
gRNA_5621,2882,17,2865,869,1911,85,18,213,1911,2634,281,1931,422,7.43455497382199,66.70157068062828,0.6282722513089005,91.93717277486911,9.808027923211169,67.39965095986038,14.729493891797556
gRNA_5624,338,27,311,20,270,21,1,0,270,310,0,286,24,0.0,86.81672025723472,0.3215434083601286,99.67845659163987,0.0,91.96141479099678,7.717041800643087
gRNA_5625,1761,0,1761,299,1210,252,11,55,1210,1695,2,1437,256,3.1232254400908577,68.71095968199886,0.6246450880181715,96.25212947189097,0.1135718341851221,81.60136286201022,14.537194775695628
gRNA_568,1,0,1,0,0,1,0,0,0,1,0,0,1,0.0,0.0,0.0,100.0,0.0,0.0,100.0
gRNA_574,0,0,0,0,0,0,0,0,0,0,0,0,0,0.0,0.0,0.0,0.0,0.0,0.0,0.0
gRNA_5740,5349,0,5349,635,3515,1199,70,499,3515,4780,2,3571,1207,9.328846513366985,65.71321742381754,1.3086558235184147,89.3624976631146,0.03739016638624042,66.76014208263227,22.564965414096093
gRNA_5781,0,0,0,0,0,0,0,0,0,0,0,0,0,0.0,0.0,0.0,0.0,0.0,0.0,0.0
gRNA_5783,0,0,0,0,0,0,0,0,0,0,0,0,0,0.0,0.0,0.0,0.0,0.0,0.0,0.0
gRNA_5786,0,0,0,0,0,0,0,0,0,0,0,0,0,0.0,0.0,0.0,0.0,0.0,0.0,0.0
gRNA_5795,0,0,0,0,0,0,0,0,0,0,0,0,0,0.0,0.0,0.0,0.0,0.0,0.0,0.0
gRNA_5803,0,0,0,0,0,0,0,0,0,0,0,0,0,0.0,0.0,0.0,0.0,0.0,0.0,0.0
gRNA_5805,0,0,0,0,0,0,0,0,0,0,0,0,0,0.0,0.0,0.0,0.0,0.0,0.0,0.0
gRNA_5906,0,0,0,0,0,0,0,0,0,0,0,0,0,0.0,0.0,0.0,0.0,0.0,0.0,0.0
gRNA_5911,0,0,0,0,0,0,0,0,0,0,0,0,0,0.0,0.0,0.0,0.0,0.0,0.0,0.0
gRNA_592,0,0,0,0,0,0,0,0,0,0,0,0,0,0.0,0.0,0.0,0.0,0.0,0.0,0.0
gRNA_5920,0,0,0,0,0,0,0,0,0,0,0,0,0,0.0,0.0,0.0,0.0,0.0,0.0,0.0
gRNA_5932,0,0,0,0,0,0,0,0,0,0,0,0,0,0.0,0.0,0.0,0.0,0.0,0.0,0.0
gRNA_5941,1,0,1,1,0,0,1,0,0,0,0,0,0,0.0,0.0,100.0,0.0,0.0,0.0,0.0
gRNA_5952,0,0,0,0,0,0,0,0,0,0,0,0,0,0.0,0.0,0.0,0.0,0.0,0.0,0.0
gRNA_5954,0,0,0,0,0,0,0,0,0,0,0,0,0,0.0,0.0,0.0,0.0,0.0,0.0,0.0
gRNA_5960,0,0,0,0,0,0,0,0,0,0,0,0,0,0.0,0.0,0.0,0.0,0.0,0.0,0.0
gRNA_5964,0,0,0,0,0,0,0,0,0,0,0,0,0,0.0,0.0,0.0,0.0,0.0,0.0,0.0
gRNA_605,0,0,0,0,0,0,0,0,0,0,0,0,0,0.0,0.0,0.0,0.0,0.0,0.0,0.0
gRNA_6080,1303,67,1236,186,658,392,6,5,658,1225,10,782,433,0.4045307443365696,53.236245954692556,0.4854368932038835,99.11003236245955,0.8090614886731392,63.26860841423948,35.032362459546924
gRNA_6081,316,0,316,12,272,32,3,14,272,299,1,266,32,4.430379746835443,86.07594936708861,0.9493670886075949,94.62025316455696,0.31645569620253167,84.17721518987342,10.126582278481013
gRNA_6087,2602,0,2602,496,2100,6,1,40,2100,2561,2,2545,14,1.5372790161414296,80.70714834742506,0.03843197540353574,98.42428900845503,0.07686395080707148,97.80937740199846,0.5380476556495004
gRNA_610,0,0,0,0,0,0,0,0,0,0,0,0,0,0.0,0.0,0.0,0.0,0.0,0.0,0.0
gRNA_6101,0,0,0,0,0,0,0,0,0,0,0,0,0,0.0,0.0,0.0,0.0,0.0,0.0,0.0
gRNA_6111,1834,0,1834,88,1642,104,14,233,1642,1587,0,1480,107,12.704471101417667,89.53107960741549,0.7633587786259542,86.53217011995638,0.0,80.6979280261723,5.834242093784079
gRNA_6118,0,0,0,0,0,0,0,0,0,0,0,0,0,0.0,0.0,0.0,0.0,0.0,0.0,0.0
gRNA_6125,443,0,443,15,423,5,3,14,423,426,0,421,5,3.160270880361174,95.48532731376976,0.6772009029345373,96.16252821670429,0.0,95.03386004514672,1.1286681715575622
gRNA_6127,1,0,1,0,1,0,0,1,1,0,0,0,0,100.0,100.0,0.0,0.0,0.0,0.0,0.0
gRNA_6129,0,0,0,0,0,0,0,0,0,0,0,0,0,0.0,0.0,0.0,0.0,0.0,0.0,0.0
gRNA_613,0,0,0,0,0,0,0,0,0,0,0,0,0,0.0,0.0,0.0,0.0,0.0,0.0,0.0
gRNA_6148,0,0,0,0,0,0,0,0,0,0,0,0,0,0.0,0.0,0.0,0.0,0.0,0.0,0.0
gRNA_6152,0,0,0,0,0,0,0,0,0,0,0,0,0,0.0,0.0,0.0,0.0,0.0,0.0,0.0
gRNA_6158,0,0,0,0,0,0,0,0,0,0,0,0,0,0.0,0.0,0.0,0.0,0.0,0.0,0.0
gRNA_6160,0,0,0,0,0,0,0,0,0,0,0,0,0,0.0,0.0,0.0,0.0,0.0,0.0,0.0
gRNA_6166,0,0,0,0,0,0,0,0,0,0,0,0,0,0.0,0.0,0.0,0.0,0.0,0.0,0.0
gRNA_617,0,0,0,0,0,0,0,0,0,0,0,0,0,0.0,0.0,0.0,0.0,0.0,0.0,0.0
gRNA_6170,0,0,0,0,0,0,0,0,0,0,0,0,0,0.0,0.0,0.0,0.0,0.0,0.0,0.0
gRNA_6176,0,0,0,0,0,0,0,0,0,0,0,0,0,0.0,0.0,0.0,0.0,0.0,0.0,0.0
gRNA_6178,0,0,0,0,0,0,0,0,0,0,0,0,0,0.0,0.0,0.0,0.0,0.0,0.0,0.0
gRNA_6179,0,0,0,0,0,0,0,0,0,0,0,0,0,0.0,0.0,0.0,0.0,0.0,0.0,0.0
gRNA_6181,2,0,2,2,0,0,0,0,0,2,0,2,0,0.0,0.0,0.0,100.0,0.0,100.0,0.0
gRNA_6197,0,0,0,0,0,0,0,0,0,0,0,0,0,0.0,0.0,0.0,0.0,0.0,0.0,0.0
gRNA_6215,0,0,0,0,0,0,0,0,0,0,0,0,0,0.0,0.0,0.0,0.0,0.0,0.0,0.0
gRNA_6218,0,0,0,0,0,0,0,0,0,0,0,0,0,0.0,0.0,0.0,0.0,0.0,0.0,0.0
gRNA_627,0,0,0,0,0,0,0,0,0,0,0,0,0,0.0,0.0,0.0,0.0,0.0,0.0,0.0
gRNA_634,0,0,0,0,0,0,0,0,0,0,0,0,0,0.0,0.0,0.0,0.0,0.0,0.0,0.0
gRNA_635,0,0,0,0,0,0,0,0,0,0,0,0,0,0.0,0.0,0.0,0.0,0.0,0.0,0.0
gRNA_636,0,0,0,0,0,0,0,0,0,0,0,0,0,0.0,0.0,0.0,0.0,0.0,0.0,0.0
gRNA_6370,0,0,0,0,0,0,0,0,0,0,0,0,0,0.0,0.0,0.0,0.0,0.0,0.0,0.0
gRNA_6374,0,0,0,0,0,0,0,0,0,0,0,0,0,0.0,0.0,0.0,0.0,0.0,0.0,0.0
gRNA_6380,2,0,2,0,1,1,0,1,1,1,0,0,1,50.0,50.0,0.0,50.0,0.0,0.0,50.0
gRNA_6382,0,0,0,0,0,0,0,0,0,0,0,0,0,0.0,0.0,0.0,0.0,0.0,0.0,0.0
gRNA_6400,1,0,1,0,1,0,0,0,1,1,0,1,0,0.0,100.0,0.0,100.0,0.0,100.0,0.0
gRNA_6406,0,0,0,0,0,0,0,0,0,0,0,0,0,0.0,0.0,0.0,0.0,0.0,0.0,0.0
gRNA_6407,2,0,2,2,0,0,0,0,0,2,0,2,0,0.0,0.0,0.0,100.0,0.0,100.0,0.0
gRNA_6414,0,0,0,0,0,0,0,0,0,0,0,0,0,0.0,0.0,0.0,0.0,0.0,0.0,0.0
gRNA_6433,0,0,0,0,0,0,0,0,0,0,0,0,0,0.0,0.0,0.0,0.0,0.0,0.0,0.0
gRNA_6435,0,0,0,0,0,0,0,0,0,0,0,0,0,0.0,0.0,0.0,0.0,0.0,0.0,0.0
gRNA_6436,0,0,0,0,0,0,0,0,0,0,0,0,0,0.0,0.0,0.0,0.0,0.0,0.0,0.0
gRNA_6441,0,0,0,0,0,0,0,0,0,0,0,0,0,0.0,0.0,0.0,0.0,0.0,0.0,0.0
gRNA_6452,0,0,0,0,0,0,0,0,0,0,0,0,0,0.0,0.0,0.0,0.0,0.0,0.0,0.0
gRNA_6455,0,0,0,0,0,0,0,0,0,0,0,0,0,0.0,0.0,0.0,0.0,0.0,0.0,0.0
gRNA_646,0,0,0,0,0,0,0,0,0,0,0,0,0,0.0,0.0,0.0,0.0,0.0,0.0,0.0
gRNA_6461,0,0,0,0,0,0,0,0,0,0,0,0,0,0.0,0.0,0.0,0.0,0.0,0.0,0.0
gRNA_6465,0,0,0,0,0,0,0,0,0,0,0,0,0,0.0,0.0,0.0,0.0,0.0,0.0,0.0
gRNA_6470,0,0,0,0,0,0,0,0,0,0,0,0,0,0.0,0.0,0.0,0.0,0.0,0.0,0.0
gRNA_6472,709,8,701,133,506,62,0,2,506,699,1,624,74,0.28530670470756064,72.18259629101284,0.0,99.71469329529243,0.14265335235378032,89.01569186875892,10.556348074179743
gRNA_6478,0,0,0,0,0,0,0,0,0,0,0,0,0,0.0,0.0,0.0,0.0,0.0,0.0,0.0
gRNA_6480,329,0,329,1,326,2,0,16,326,313,0,311,2,4.86322188449848,99.08814589665654,0.0,95.13677811550151,0.0,94.52887537993921,0.60790273556231
gRNA_6483,0,0,0,0,0,0,0,0,0,0,0,0,0,0.0,0.0,0.0,0.0,0.0,0.0,0.0
gRNA_6497,3,0,3,1,1,1,1,0,1,2,0,1,1,0.0,33.333333333333336,33.333333333333336,66.66666666666667,0.0,33.333333333333336,33.333333333333336
gRNA_6498,0,0,0,0,0,0,0,0,0,0,0,0,0,0.0,0.0,0.0,0.0,0.0,0.0,0.0
gRNA_6519,0,0,0,0,0,0,0,0,0,0,0,0,0,0.0,0.0,0.0,0.0,0.0,0.0,0.0
gRNA_6520,0,0,0,0,0,0,0,0,0,0,0,0,0,0.0,0.0,0.0,0.0,0.0,0.0,0.0
gRNA_6530,0,0,0,0,0,0,0,0,0,0,0,0,0,0.0,0.0,0.0,0.0,0.0,0.0,0.0
gRNA_6532,0,0,0,0,0,0,0,0,0,0,0,0,0,0.0,0.0,0.0,0.0,0.0,0.0,0.0
gRNA_6537,0,0,0,0,0,0,0,0,0,0,0,0,0,0.0,0.0,0.0,0.0,0.0,0.0,0.0
gRNA_655,0,0,0,0,0,0,0,0,0,0,0,0,0,0.0,0.0,0.0,0.0,0.0,0.0,0.0
gRNA_6556,0,0,0,0,0,0,0,0,0,0,0,0,0,0.0,0.0,0.0,0.0,0.0,0.0,0.0
gRNA_656,0,0,0,0,0,0,0,0,0,0,0,0,0,0.0,0.0,0.0,0.0,0.0,0.0,0.0
gRNA_6564,0,0,0,0,0,0,0,0,0,0,0,0,0,0.0,0.0,0.0,0.0,0.0,0.0,0.0
gRNA_6566,2,0,2,2,0,0,1,0,0,1,0,1,0,0.0,0.0,50.0,50.0,0.0,50.0,0.0
gRNA_6568,0,0,0,0,0,0,0,0,0,0,0,0,0,0.0,0.0,0.0,0.0,0.0,0.0,0.0
gRNA_6570,0,0,0,0,0,0,0,0,0,0,0,0,0,0.0,0.0,0.0,0.0,0.0,0.0,0.0
gRNA_6573,0,0,0,0,0,0,0,0,0,0,0,0,0,0.0,0.0,0.0,0.0,0.0,0.0,0.0
gRNA_6580,0,0,0,0,0,0,0,0,0,0,0,0,0,0.0,0.0,0.0,0.0,0.0,0.0,0.0
gRNA_6594,0,0,0,0,0,0,0,0,0,0,0,0,0,0.0,0.0,0.0,0.0,0.0,0.0,0.0
gRNA_6602,0,0,0,0,0,0,0,0,0,0,0,0,0,0.0,0.0,0.0,0.0,0.0,0.0,0.0
gRNA_6610,0,0,0,0,0,0,0,0,0,0,0,0,0,0.0,0.0,0.0,0.0,0.0,0.0,0.0
gRNA_6611,0,0,0,0,0,0,0,0,0,0,0,0,0,0.0,0.0,0.0,0.0,0.0,0.0,0.0
gRNA_6628,1,0,1,0,1,0,0,0,1,1,0,1,0,0.0,100.0,0.0,100.0,0.0,100.0,0.0
gRNA_6629,3326,0,3326,1678,1507,141,6,10,1507,3310,21,3075,214,0.30066145520144316,45.309681298857484,0.1803968731208659,99.5189416716777,0.6313890559230306,92.45339747444378,6.4341551413108835
gRNA_663,1,0,1,1,0,0,0,0,0,1,0,1,0,0.0,0.0,0.0,100.0,0.0,100.0,0.0
gRNA_6630,1,0,1,0,1,0,0,0,1,1,0,1,0,0.0,100.0,0.0,100.0,0.0,100.0,0.0
gRNA_6634,0,0,0,0,0,0,0,0,0,0,0,0,0,0.0,0.0,0.0,0.0,0.0,0.0,0.0
gRNA_6635,0,0,0,0,0,0,0,0,0,0,0,0,0,0.0,0.0,0.0,0.0,0.0,0.0,0.0
gRNA_6647,0,0,0,0,0,0,0,0,0,0,0,0,0,0.0,0.0,0.0,0.0,0.0,0.0,0.0
gRNA_6651,0,0,0,0,0,0,0,0,0,0,0,0,0,0.0,0.0,0.0,0.0,0.0,0.0,0.0
gRNA_6652,0,0,0,0,0,0,0,0,0,0,0,0,0,0.0,0.0,0.0,0.0,0.0,0.0,0.0
gRNA_6653,0,0,0,0,0,0,0,0,0,0,0,0,0,0.0,0.0,0.0,0.0,0.0,0.0,0.0
gRNA_6666,0,0,0,0,0,0,0,0,0,0,0,0,0,0.0,0.0,0.0,0.0,0.0,0.0,0.0
gRNA_6669,0,0,0,0,0,0,0,0,0,0,0,0,0,0.0,0.0,0.0,0.0,0.0,0.0,0.0
gRNA_6687,4,0,4,3,0,1,0,0,0,4,0,3,1,0.0,0.0,0.0,100.0,0.0,75.0,25.0
gRNA_6690,0,0,0,0,0,0,0,0,0,0,0,0,0,0.0,0.0,0.0,0.0,0.0,0.0,0.0
gRNA_6696,0,0,0,0,0,0,0,0,0,0,0,0,0,0.0,0.0,0.0,0.0,0.0,0.0,0.0
gRNA_6704,0,0,0,0,0,0,0,0,0,0,0,0,0,0.0,0.0,0.0,0.0,0.0,0.0,0.0
gRNA_6706,0,0,0,0,0,0,0,0,0,0,0,0,0,0.0,0.0,0.0,0.0,0.0,0.0,0.0
gRNA_6712,3575,17,3558,522,2659,377,42,232,2659,3284,21,2866,397,6.520517144463182,74.73299606520517,1.1804384485666104,92.29904440697021,0.5902192242833052,80.55087127599775,11.157953906689151
gRNA_672,0,0,0,0,0,0,0,0,0,0,0,0,0,0.0,0.0,0.0,0.0,0.0,0.0,0.0
gRNA_6720,0,0,0,0,0,0,0,0,0,0,0,0,0,0.0,0.0,0.0,0.0,0.0,0.0,0.0
gRNA_6722,1,0,1,0,1,0,0,0,1,1,0,1,0,0.0,100.0,0.0,100.0,0.0,100.0,0.0
gRNA_6743,5771,51,5720,164,5206,350,8,1194,5206,4518,22,4126,370,20.874125874125873,91.01398601398601,0.13986013986013987,78.98601398601399,0.38461538461538464,72.13286713286713,6.468531468531468
gRNA_6745,2905,0,2905,195,2379,331,14,681,2379,2210,0,1866,344,23.44234079173838,81.89328743545612,0.4819277108433735,76.07573149741825,0.0,64.23407917383821,11.841652323580034
gRNA_6781,1925,0,1925,297,907,721,23,136,907,1766,3,1035,728,7.064935064935065,47.116883116883116,1.1948051948051948,91.74025974025975,0.15584415584415584,53.76623376623377,37.81818181818182
gRNA_6782,385,7,378,32,183,163,0,11,183,367,2,181,184,2.9100529100529102,48.41269841269841,0.0,97.08994708994709,0.5291005291005291,47.883597883597886,48.67724867724868
gRNA_6797,400,0,400,46,289,65,14,187,289,199,1,128,70,46.75,72.25,3.5,49.75,0.25,32.0,17.5
gRNA_6833,1290,12,1278,8,1229,41,0,45,1229,1233,0,1184,49,3.5211267605633805,96.1658841940532,0.0,96.47887323943662,0.0,92.64475743348983,3.8341158059467917
gRNA_6834,725,2,723,7,713,3,0,1,713,722,17,673,32,0.13831258644536654,98.61687413554634,0.0,99.86168741355463,2.351313969571231,93.08437067773167,4.426002766251729
gRNA_6835,1331,0,1331,87,1241,3,7,65,1241,1259,1,1253,5,4.883546205860255,93.2381667918858,0.5259203606311045,94.59053343350864,0.07513148009015777,94.1397445529677,0.3756574004507889
gRNA_6842,2441,0,2441,1405,1020,16,146,0,1020,2295,0,2267,28,0.0,41.786153215895126,5.981155264235968,94.01884473576403,0.0,92.87177386317083,1.1470708725931995
gRNA_6849,8264,28,8236,2693,4632,911,688,1248,4632,6300,5,5371,924,15.15298688683827,56.240893637688195,8.353569694026227,76.4934434191355,0.06070908207867897,65.21369596891695,11.219038368139874
gRNA_687,0,0,0,0,0,0,0,0,0,0,0,0,0,0.0,0.0,0.0,0.0,0.0,0.0,0.0
gRNA_690,0,0,0,0,0,0,0,0,0,0,0,0,0,0.0,0.0,0.0,0.0,0.0,0.0,0.0
gRNA_694,1,0,1,0,0,1,0,0,0,1,0,0,1,0.0,0.0,0.0,100.0,0.0,0.0,100.0
gRNA_7011,0,0,0,0,0,0,0,0,0,0,0,0,0,0.0,0.0,0.0,0.0,0.0,0.0,0.0
gRNA_7015,1,0,1,1,0,0,0,0,0,1,0,1,0,0.0,0.0,0.0,100.0,0.0,100.0,0.0
gRNA_7021,1,0,1,1,0,0,1,0,0,0,0,0,0,0.0,0.0,100.0,0.0,0.0,0.0,0.0
gRNA_7023,0,0,0,0,0,0,0,0,0,0,0,0,0,0.0,0.0,0.0,0.0,0.0,0.0,0.0
gRNA_703,0,0,0,0,0,0,0,0,0,0,0,0,0,0.0,0.0,0.0,0.0,0.0,0.0,0.0
gRNA_7030,0,0,0,0,0,0,0,0,0,0,0,0,0,0.0,0.0,0.0,0.0,0.0,0.0,0.0
gRNA_7034,0,0,0,0,0,0,0,0,0,0,0,0,0,0.0,0.0,0.0,0.0,0.0,0.0,0.0
gRNA_7043,0,0,0,0,0,0,0,0,0,0,0,0,0,0.0,0.0,0.0,0.0,0.0,0.0,0.0
gRNA_7045,1,0,1,0,1,0,0,0,1,1,0,1,0,0.0,100.0,0.0,100.0,0.0,100.0,0.0
gRNA_705,0,0,0,0,0,0,0,0,0,0,0,0,0,0.0,0.0,0.0,0.0,0.0,0.0,0.0
gRNA_7056,1,0,1,0,1,0,0,0,1,1,0,1,0,0.0,100.0,0.0,100.0,0.0,100.0,0.0
gRNA_7059,0,0,0,0,0,0,0,0,0,0,0,0,0,0.0,0.0,0.0,0.0,0.0,0.0,0.0
gRNA_7065,0,0,0,0,0,0,0,0,0,0,0,0,0,0.0,0.0,0.0,0.0,0.0,0.0,0.0
gRNA_707,0,0,0,0,0,0,0,0,0,0,0,0,0,0.0,0.0,0.0,0.0,0.0,0.0,0.0
gRNA_710,0,0,0,0,0,0,0,0,0,0,0,0,0,0.0,0.0,0.0,0.0,0.0,0.0,0.0
gRNA_722,1,0,1,1,0,0,1,0,0,0,0,0,0,0.0,0.0,100.0,0.0,0.0,0.0,0.0
gRNA_725,0,0,0,0,0,0,0,0,0,0,0,0,0,0.0,0.0,0.0,0.0,0.0,0.0,0.0
gRNA_726,0,0,0,0,0,0,0,0,0,0,0,0,0,0.0,0.0,0.0,0.0,0.0,0.0,0.0
gRNA_7276,2,0,2,1,1,0,0,0,1,2,0,2,0,0.0,50.0,0.0,100.0,0.0,100.0,0.0
gRNA_7277,1,0,1,0,0,1,0,0,0,1,0,0,1,0.0,0.0,0.0,100.0,0.0,0.0,100.0
gRNA_7281,1,0,1,1,0,0,0,0,0,1,0,1,0,0.0,0.0,0.0,100.0,0.0,100.0,0.0
gRNA_731,0,0,0,0,0,0,0,0,0,0,0,0,0,0.0,0.0,0.0,0.0,0.0,0.0,0.0
gRNA_733,0,0,0,0,0,0,0,0,0,0,0,0,0,0.0,0.0,0.0,0.0,0.0,0.0,0.0
gRNA_735,0,0,0,0,0,0,0,0,0,0,0,0,0,0.0,0.0,0.0,0.0,0.0,0.0,0.0
gRNA_7361,0,0,0,0,0,0,0,0,0,0,0,0,0,0.0,0.0,0.0,0.0,0.0,0.0,0.0
gRNA_7365,0,0,0,0,0,0,0,0,0,0,0,0,0,0.0,0.0,0.0,0.0,0.0,0.0,0.0
gRNA_7371,0,0,0,0,0,0,0,0,0,0,0,0,0,0.0,0.0,0.0,0.0,0.0,0.0,0.0
gRNA_7372,0,0,0,0,0,0,0,0,0,0,0,0,0,0.0,0.0,0.0,0.0,0.0,0.0,0.0
gRNA_7379,0,0,0,0,0,0,0,0,0,0,0,0,0,0.0,0.0,0.0,0.0,0.0,0.0,0.0
gRNA_7393,3628,2,3626,415,2996,215,219,2637,2996,770,13,526,231,72.72476558190844,82.62548262548262,6.039713182570326,21.235521235521237,0.35852178709321564,14.50634307777165,6.370656370656371
gRNA_7394,0,0,0,0,0,0,0,0,0,0,0,0,0,0.0,0.0,0.0,0.0,0.0,0.0,0.0
gRNA_7409,0,0,0,0,0,0,0,0,0,0,0,0,0,0.0,0.0,0.0,0.0,0.0,0.0,0.0
gRNA_742,0,0,0,0,0,0,0,0,0,0,0,0,0,0.0,0.0,0.0,0.0,0.0,0.0,0.0
gRNA_7420,0,0,0,0,0,0,0,0,0,0,0,0,0,0.0,0.0,0.0,0.0,0.0,0.0,0.0
gRNA_7426,0,0,0,0,0,0,0,0,0,0,0,0,0,0.0,0.0,0.0,0.0,0.0,0.0,0.0
gRNA_7429,2986,0,2986,2247,716,23,25,2,716,2959,30,2876,53,0.06697923643670463,23.978566644340255,0.8372404554588078,99.0957803081045,1.0046885465505693,96.31614199598124,1.7749497655726725
gRNA_7434,0,0,0,0,0,0,0,0,0,0,0,0,0,0.0,0.0,0.0,0.0,0.0,0.0,0.0
gRNA_7436,0,0,0,0,0,0,0,0,0,0,0,0,0,0.0,0.0,0.0,0.0,0.0,0.0,0.0
gRNA_7444,0,0,0,0,0,0,0,0,0,0,0,0,0,0.0,0.0,0.0,0.0,0.0,0.0,0.0
gRNA_7446,0,0,0,0,0,0,0,0,0,0,0,0,0,0.0,0.0,0.0,0.0,0.0,0.0,0.0
gRNA_7447,0,0,0,0,0,0,0,0,0,0,0,0,0,0.0,0.0,0.0,0.0,0.0,0.0,0.0
gRNA_7448,0,0,0,0,0,0,0,0,0,0,0,0,0,0.0,0.0,0.0,0.0,0.0,0.0,0.0
gRNA_7450,0,0,0,0,0,0,0,0,0,0,0,0,0,0.0,0.0,0.0,0.0,0.0,0.0,0.0
gRNA_7462,0,0,0,0,0,0,0,0,0,0,0,0,0,0.0,0.0,0.0,0.0,0.0,0.0,0.0
gRNA_748,0,0,0,0,0,0,0,0,0,0,0,0,0,0.0,0.0,0.0,0.0,0.0,0.0,0.0
gRNA_7481,455,0,455,19,436,0,11,266,436,178,3,173,2,58.46153846153846,95.82417582417582,2.4175824175824174,39.120879120879124,0.6593406593406593,38.02197802197802,0.43956043956043955
gRNA_750,0,0,0,0,0,0,0,0,0,0,0,0,0,0.0,0.0,0.0,0.0,0.0,0.0,0.0
gRNA_7510,1508,4,1504,55,1436,13,8,247,1436,1249,0,1235,14,16.42287234042553,95.47872340425532,0.5319148936170213,83.04521276595744,0.0,82.11436170212765,0.9308510638297872
gRNA_7511,2550,256,2294,553,1728,13,32,96,1728,2166,0,2151,15,4.184829991281604,75.32693984306887,1.3949433304272014,94.4202266782912,0.0,93.76634699215344,0.6538796861377506
gRNA_7512,2134,5,2129,41,2077,11,4,230,2077,1895,1,1846,48,10.803193987787694,97.55753875058713,0.18788163457022075,89.00892437764209,0.04697040864255519,86.70737435415688,2.2545796148426493
gRNA_7513,1870,10,1860,588,1257,15,209,166,1257,1485,4,1465,16,8.924731182795698,67.58064516129032,11.236559139784946,79.83870967741936,0.21505376344086022,78.76344086021506,0.8602150537634409
gRNA_7514,4253,3,4250,44,4178,28,0,844,4178,3406,0,3377,29,19.858823529411765,98.30588235294118,0.0,80.14117647058823,0.0,79.45882352941176,0.6823529411764706
gRNA_7558,1397,0,1397,8,1379,10,0,293,1379,1104,6,1079,19,20.973514674302077,98.71152469577666,0.0,79.02648532569792,0.4294917680744452,77.23693629205441,1.3600572655690766
gRNA_756,1,0,1,0,0,1,0,0,0,1,0,0,1,0.0,0.0,0.0,100.0,0.0,0.0,100.0
gRNA_7645,0,0,0,0,0,0,0,0,0,0,0,0,0,0.0,0.0,0.0,0.0,0.0,0.0,0.0
gRNA_7653,0,0,0,0,0,0,0,0,0,0,0,0,0,0.0,0.0,0.0,0.0,0.0,0.0,0.0
gRNA_766,0,0,0,0,0,0,0,0,0,0,0,0,0,0.0,0.0,0.0,0.0,0.0,0.0,0.0
gRNA_7660,0,0,0,0,0,0,0,0,0,0,0,0,0,0.0,0.0,0.0,0.0,0.0,0.0,0.0
gRNA_7669,1,0,1,0,1,0,0,0,1,1,0,1,0,0.0,100.0,0.0,100.0,0.0,100.0,0.0
gRNA_7670,0,0,0,0,0,0,0,0,0,0,0,0,0,0.0,0.0,0.0,0.0,0.0,0.0,0.0
gRNA_7674,0,0,0,0,0,0,0,0,0,0,0,0,0,0.0,0.0,0.0,0.0,0.0,0.0,0.0
gRNA_7687,0,0,0,0,0,0,0,0,0,0,0,0,0,0.0,0.0,0.0,0.0,0.0,0.0,0.0
gRNA_7690,0,0,0,0,0,0,0,0,0,0,0,0,0,0.0,0.0,0.0,0.0,0.0,0.0,0.0
gRNA_7701,0,0,0,0,0,0,0,0,0,0,0,0,0,0.0,0.0,0.0,0.0,0.0,0.0,0.0
gRNA_7709,0,0,0,0,0,0,0,0,0,0,0,0,0,0.0,0.0,0.0,0.0,0.0,0.0,0.0
gRNA_7710,2,0,2,2,0,0,0,0,0,2,0,2,0,0.0,0.0,0.0,100.0,0.0,100.0,0.0
gRNA_7712,0,0,0,0,0,0,0,0,0,0,0,0,0,0.0,0.0,0.0,0.0,0.0,0.0,0.0
gRNA_7713,1,0,1,0,1,0,0,0,1,1,0,1,0,0.0,100.0,0.0,100.0,0.0,100.0,0.0
gRNA_7718,0,0,0,0,0,0,0,0,0,0,0,0,0,0.0,0.0,0.0,0.0,0.0,0.0,0.0
gRNA_772,0,0,0,0,0,0,0,0,0,0,0,0,0,0.0,0.0,0.0,0.0,0.0,0.0,0.0
gRNA_7721,0,0,0,0,0,0,0,0,0,0,0,0,0,0.0,0.0,0.0,0.0,0.0,0.0,0.0
gRNA_7730,0,0,0,0,0,0,0,0,0,0,0,0,0,0.0,0.0,0.0,0.0,0.0,0.0,0.0
gRNA_7731,1,0,1,1,0,0,1,0,0,0,0,0,0,0.0,0.0,100.0,0.0,0.0,0.0,0.0
gRNA_7734,0,0,0,0,0,0,0,0,0,0,0,0,0,0.0,0.0,0.0,0.0,0.0,0.0,0.0
gRNA_775,0,0,0,0,0,0,0,0,0,0,0,0,0,0.0,0.0,0.0,0.0,0.0,0.0,0.0
gRNA_7750,0,0,0,0,0,0,0,0,0,0,0,0,0,0.0,0.0,0.0,0.0,0.0,0.0,0.0
gRNA_7753,0,0,0,0,0,0,0,0,0,0,0,0,0,0.0,0.0,0.0,0.0,0.0,0.0,0.0
gRNA_7754,0,0,0,0,0,0,0,0,0,0,0,0,0,0.0,0.0,0.0,0.0,0.0,0.0,0.0
gRNA_7762,1,0,1,1,0,0,0,0,0,1,0,1,0,0.0,0.0,0.0,100.0,0.0,100.0,0.0
gRNA_7812,1689,1,1688,286,862,540,21,74,862,1593,3,1048,542,4.38388625592417,51.06635071090047,1.2440758293838863,94.37203791469194,0.17772511848341233,62.08530805687204,32.10900473933649
gRNA_7813,4173,8,4165,584,2484,1097,86,403,2484,3676,2,2568,1106,9.675870348139256,59.639855942376954,2.064825930372149,88.25930372148859,0.04801920768307323,61.65666266506603,26.554621848739497
gRNA_7816,1522,16,1506,196,1226,84,62,611,1226,833,2,744,87,40.571049136786186,81.40770252324037,4.116865869853918,55.312084993359896,0.13280212483399734,49.40239043824701,5.776892430278885
gRNA_7839,4826,0,4826,1027,1427,2372,352,498,1427,3976,13,1548,2415,10.319104848736012,29.569001243265646,7.293825113966017,82.38707003729797,0.26937422295897223,32.076253626191466,50.041442188147535
gRNA_7843,1258,0,1258,55,1203,0,4,0,1203,1254,0,1254,0,0.0,95.62798092209857,0.3179650238473768,99.68203497615262,0.0,99.68203497615262,0.0
gRNA_7883,0,0,0,0,0,0,0,0,0,0,0,0,0,0.0,0.0,0.0,0.0,0.0,0.0,0.0
gRNA_7893,1,0,1,0,1,0,0,0,1,1,0,1,0,0.0,100.0,0.0,100.0,0.0,100.0,0.0
gRNA_7900,0,0,0,0,0,0,0,0,0,0,0,0,0,0.0,0.0,0.0,0.0,0.0,0.0,0.0
gRNA_7902,2175,2,2173,1126,886,161,18,0,886,2155,6,1954,195,0.0,40.7731247123792,0.8283479061205706,99.17165209387943,0.2761159687068569,89.92176714219973,8.973768982972848
gRNA_7909,1,0,1,1,0,0,0,0,0,1,0,1,0,0.0,0.0,0.0,100.0,0.0,100.0,0.0
gRNA_7910,1,0,1,0,1,0,0,0,1,1,0,1,0,0.0,100.0,0.0,100.0,0.0,100.0,0.0
gRNA_7914,1,0,1,1,0,0,1,0,0,0,0,0,0,0.0,0.0,100.0,0.0,0.0,0.0,0.0
gRNA_7918,5658,7,5651,674,4963,14,32,1,4963,5618,1,5423,194,0.01769598301185631,87.82516368784286,0.5662714563794019,99.41603256060874,0.01769598301185631,95.96531587329676,3.433020704300124
gRNA_7928,0,0,0,0,0,0,0,0,0,0,0,0,0,0.0,0.0,0.0,0.0,0.0,0.0,0.0
gRNA_7931,1,0,1,0,0,1,0,0,0,1,0,0,1,0.0,0.0,0.0,100.0,0.0,0.0,100.0
gRNA_7943,0,0,0,0,0,0,0,0,0,0,0,0,0,0.0,0.0,0.0,0.0,0.0,0.0,0.0
gRNA_7951,0,0,0,0,0,0,0,0,0,0,0,0,0,0.0,0.0,0.0,0.0,0.0,0.0,0.0
gRNA_7952,0,0,0,0,0,0,0,0,0,0,0,0,0,0.0,0.0,0.0,0.0,0.0,0.0,0.0
gRNA_7954,1,0,1,0,0,1,0,0,0,1,0,0,1,0.0,0.0,0.0,100.0,0.0,0.0,100.0
gRNA_7955,0,0,0,0,0,0,0,0,0,0,0,0,0,0.0,0.0,0.0,0.0,0.0,0.0,0.0
gRNA_796,0,0,0,0,0,0,0,0,0,0,0,0,0,0.0,0.0,0.0,0.0,0.0,0.0,0.0
gRNA_7961,0,0,0,0,0,0,0,0,0,0,0,0,0,0.0,0.0,0.0,0.0,0.0,0.0,0.0
gRNA_7964,1,0,1,0,0,1,0,0,0,1,0,0,1,0.0,0.0,0.0,100.0,0.0,0.0,100.0
gRNA_7973,0,0,0,0,0,0,0,0,0,0,0,0,0,0.0,0.0,0.0,0.0,0.0,0.0,0.0
gRNA_7974,0,0,0,0,0,0,0,0,0,0,0,0,0,0.0,0.0,0.0,0.0,0.0,0.0,0.0
gRNA_7977,0,0,0,0,0,0,0,0,0,0,0,0,0,0.0,0.0,0.0,0.0,0.0,0.0,0.0
gRNA_7993,0,0,0,0,0,0,0,0,0,0,0,0,0,0.0,0.0,0.0,0.0,0.0,0.0,0.0
gRNA_7996,0,0,0,0,0,0,0,0,0,0,0,0,0,0.0,0.0,0.0,0.0,0.0,0.0,0.0
gRNA_7997,1,0,1,1,0,0,0,0,0,1,0,1,0,0.0,0.0,0.0,100.0,0.0,100.0,0.0
gRNA_8005,0,0,0,0,0,0,0,0,0,0,0,0,0,0.0,0.0,0.0,0.0,0.0,0.0,0.0
gRNA_804,0,0,0,0,0,0,0,0,0,0,0,0,0,0.0,0.0,0.0,0.0,0.0,0.0,0.0
gRNA_808,1,0,1,0,1,0,0,1,1,0,0,0,0,100.0,100.0,0.0,0.0,0.0,0.0,0.0
gRNA_8103,0,0,0,0,0,0,0,0,0,0,0,0,0,0.0,0.0,0.0,0.0,0.0,0.0,0.0
gRNA_8107,0,0,0,0,0,0,0,0,0,0,0,0,0,0.0,0.0,0.0,0.0,0.0,0.0,0.0
gRNA_8113,0,0,0,0,0,0,0,0,0,0,0,0,0,0.0,0.0,0.0,0.0,0.0,0.0,0.0
gRNA_8114,0,0,0,0,0,0,0,0,0,0,0,0,0,0.0,0.0,0.0,0.0,0.0,0.0,0.0
gRNA_8121,0,0,0,0,0,0,0,0,0,0,0,0,0,0.0,0.0,0.0,0.0,0.0,0.0,0.0
gRNA_8129,0,0,0,0,0,0,0,0,0,0,0,0,0,0.0,0.0,0.0,0.0,0.0,0.0,0.0
gRNA_8139,0,0,0,0,0,0,0,0,0,0,0,0,0,0.0,0.0,0.0,0.0,0.0,0.0,0.0
gRNA_8143,1,0,1,1,0,0,0,0,0,1,0,1,0,0.0,0.0,0.0,100.0,0.0,100.0,0.0
gRNA_8148,1,0,1,1,0,0,0,0,0,1,0,1,0,0.0,0.0,0.0,100.0,0.0,100.0,0.0
gRNA_8150,0,0,0,0,0,0,0,0,0,0,0,0,0,0.0,0.0,0.0,0.0,0.0,0.0,0.0
gRNA_8169,0,0,0,0,0,0,0,0,0,0,0,0,0,0.0,0.0,0.0,0.0,0.0,0.0,0.0
gRNA_8172,1,0,1,1,0,0,0,0,0,1,0,1,0,0.0,0.0,0.0,100.0,0.0,100.0,0.0
gRNA_8173,0,0,0,0,0,0,0,0,0,0,0,0,0,0.0,0.0,0.0,0.0,0.0,0.0,0.0
gRNA_8175,0,0,0,0,0,0,0,0,0,0,0,0,0,0.0,0.0,0.0,0.0,0.0,0.0,0.0
gRNA_8183,0,0,0,0,0,0,0,0,0,0,0,0,0,0.0,0.0,0.0,0.0,0.0,0.0,0.0
gRNA_8186,0,0,0,0,0,0,0,0,0,0,0,0,0,0.0,0.0,0.0,0.0,0.0,0.0,0.0
gRNA_8202,1,0,1,1,0,0,0,0,0,1,0,1,0,0.0,0.0,0.0,100.0,0.0,100.0,0.0
gRNA_8218,1,0,1,0,0,1,0,0,0,1,0,0,1,0.0,0.0,0.0,100.0,0.0,0.0,100.0
gRNA_8228,24279,195,24084,902,23074,108,35,1453,23074,22596,20,22412,164,6.033050988207939,95.80634446105299,0.14532469689420363,93.82162431489786,0.08304268393954492,93.05763162265404,0.6809500083042684
gRNA_8495,0,0,0,0,0,0,0,0,0,0,0,0,0,0.0,0.0,0.0,0.0,0.0,0.0,0.0
gRNA_8496,0,0,0,0,0,0,0,0,0,0,0,0,0,0.0,0.0,0.0,0.0,0.0,0.0,0.0
gRNA_8497,0,0,0,0,0,0,0,0,0,0,0,0,0,0.0,0.0,0.0,0.0,0.0,0.0,0.0
gRNA_8498,0,0,0,0,0,0,0,0,0,0,0,0,0,0.0,0.0,0.0,0.0,0.0,0.0,0.0
gRNA_8499,1,0,1,0,1,0,0,0,1,1,0,1,0,0.0,100.0,0.0,100.0,0.0,100.0,0.0
gRNA_85,1358,131,1227,357,786,84,100,56,786,1071,6,973,92,4.563977180114099,64.05867970660147,8.149959250203748,87.28606356968216,0.4889975550122249,79.29910350448247,7.497962510187449
gRNA_8500,0,0,0,0,0,0,0,0,0,0,0,0,0,0.0,0.0,0.0,0.0,0.0,0.0,0.0
gRNA_8501,0,0,0,0,0,0,0,0,0,0,0,0,0,0.0,0.0,0.0,0.0,0.0,0.0,0.0
gRNA_8502,0,0,0,0,0,0,0,0,0,0,0,0,0,0.0,0.0,0.0,0.0,0.0,0.0,0.0
gRNA_8503,1,0,1,1,0,0,1,0,0,0,0,0,0,0.0,0.0,100.0,0.0,0.0,0.0,0.0
gRNA_8504,0,0,0,0,0,0,0,0,0,0,0,0,0,0.0,0.0,0.0,0.0,0.0,0.0,0.0
gRNA_8505,0,0,0,0,0,0,0,0,0,0,0,0,0,0.0,0.0,0.0,0.0,0.0,0.0,0.0
gRNA_8506,0,0,0,0,0,0,0,0,0,0,0,0,0,0.0,0.0,0.0,0.0,0.0,0.0,0.0
gRNA_8507,1,0,1,0,1,0,0,0,1,1,0,1,0,0.0,100.0,0.0,100.0,0.0,100.0,0.0
gRNA_8508,0,0,0,0,0,0,0,0,0,0,0,0,0,0.0,0.0,0.0,0.0,0.0,0.0,0.0
gRNA_8509,0,0,0,0,0,0,0,0,0,0,0,0,0,0.0,0.0,0.0,0.0,0.0,0.0,0.0
gRNA_8510,0,0,0,0,0,0,0,0,0,0,0,0,0,0.0,0.0,0.0,0.0,0.0,0.0,0.0
gRNA_8511,0,0,0,0,0,0,0,0,0,0,0,0,0,0.0,0.0,0.0,0.0,0.0,0.0,0.0
gRNA_8512,0,0,0,0,0,0,0,0,0,0,0,0,0,0.0,0.0,0.0,0.0,0.0,0.0,0.0
gRNA_8514,0,0,0,0,0,0,0,0,0,0,0,0,0,0.0,0.0,0.0,0.0,0.0,0.0,0.0
gRNA_8515,0,0,0,0,0,0,0,0,0,0,0,0,0,0.0,0.0,0.0,0.0,0.0,0.0,0.0
gRNA_8516,6,0,6,5,1,0,0,0,1,6,0,6,0,0.0,16.666666666666668,0.0,100.0,0.0,100.0,0.0
gRNA_8517,0,0,0,0,0,0,0,0,0,0,0,0,0,0.0,0.0,0.0,0.0,0.0,0.0,0.0
gRNA_8518,0,0,0,0,0,0,0,0,0,0,0,0,0,0.0,0.0,0.0,0.0,0.0,0.0,0.0
gRNA_8519,0,0,0,0,0,0,0,0,0,0,0,0,0,0.0,0.0,0.0,0.0,0.0,0.0,0.0
gRNA_8520,0,0,0,0,0,0,0,0,0,0,0,0,0,0.0,0.0,0.0,0.0,0.0,0.0,0.0
gRNA_8521,0,0,0,0,0,0,0,0,0,0,0,0,0,0.0,0.0,0.0,0.0,0.0,0.0,0.0
gRNA_8522,2,0,2,0,2,0,0,0,2,2,0,2,0,0.0,100.0,0.0,100.0,0.0,100.0,0.0
gRNA_8523,1,0,1,1,0,0,0,0,0,1,0,1,0,0.0,0.0,0.0,100.0,0.0,100.0,0.0
gRNA_8524,0,0,0,0,0,0,0,0,0,0,0,0,0,0.0,0.0,0.0,0.0,0.0,0.0,0.0
gRNA_8525,0,0,0,0,0,0,0,0,0,0,0,0,0,0.0,0.0,0.0,0.0,0.0,0.0,0.0
gRNA_8526,0,0,0,0,0,0,0,0,0,0,0,0,0,0.0,0.0,0.0,0.0,0.0,0.0,0.0
gRNA_8527,1,0,1,1,0,0,0,0,0,1,0,1,0,0.0,0.0,0.0,100.0,0.0,100.0,0.0
gRNA_8528,1,0,1,1,0,0,0,0,0,1,0,1,0,0.0,0.0,0.0,100.0,0.0,100.0,0.0
gRNA_8529,0,0,0,0,0,0,0,0,0,0,0,0,0,0.0,0.0,0.0,0.0,0.0,0.0,0.0
gRNA_8530,0,0,0,0,0,0,0,0,0,0,0,0,0,0.0,0.0,0.0,0.0,0.0,0.0,0.0
gRNA_8531,1,0,1,1,0,0,0,0,0,1,0,1,0,0.0,0.0,0.0,100.0,0.0,100.0,0.0
gRNA_8532,0,0,0,0,0,0,0,0,0,0,0,0,0,0.0,0.0,0.0,0.0,0.0,0.0,0.0
gRNA_8533,0,0,0,0,0,0,0,0,0,0,0,0,0,0.0,0.0,0.0,0.0,0.0,0.0,0.0
gRNA_8534,0,0,0,0,0,0,0,0,0,0,0,0,0,0.0,0.0,0.0,0.0,0.0,0.0,0.0
gRNA_8694,1,0,1,1,0,0,1,0,0,0,0,0,0,0.0,0.0,100.0,0.0,0.0,0.0,0.0
gRNA_8699,2577,5,2572,565,1934,73,30,5,1934,2537,56,2309,172,0.19440124416796267,75.19440124416796,1.166407465007776,98.63919129082426,2.177293934681182,89.77449455676516,6.687402799377916
gRNA_871,9361,0,9361,6069,3280,12,15,6,3280,9340,1,9303,36,0.06409571626962932,35.03899156073069,0.16023929067407328,99.7756649930563,0.010682619378271552,99.38040807606025,0.3845742976177759
gRNA_8775,7886,52,7834,1113,6640,81,117,972,6640,6745,3,6661,81,12.407454684707684,84.75874393668624,1.4934899157518509,86.09905539954046,0.038294613224406436,85.02680622925709,1.0339545570589737
gRNA_8803,10240,7,10233,95,10101,37,12,30,10101,10191,16,10047,128,0.2931691586045148,98.71005570214014,0.11726766344180592,99.58956317795368,0.15635688458907457,98.18235121665201,1.2508550767125965
gRNA_8867,3538,0,3538,1882,1463,193,477,555,1463,2506,0,2313,193,15.686828716789146,41.35104578858112,13.482193329564726,70.83097795364613,0.0,65.37591859807802,5.4550593555681175
gRNA_895,1361,1,1360,12,1348,0,0,6,1348,1354,21,1318,15,0.4411764705882353,99.11764705882354,0.0,99.55882352941177,1.5441176470588236,96.91176470588235,1.1029411764705883
gRNA_896,1814,0,1814,977,833,4,77,0,833,1737,1,1717,19,0.0,45.92061742006615,4.244762954796031,95.75523704520397,0.05512679162072767,94.65270121278941,1.047409040793826
gRNA_8999,818,66,752,4,747,1,0,1,747,751,0,713,38,0.13297872340425532,99.33510638297872,0.0,99.86702127659575,0.0,94.81382978723404,5.053191489361702
gRNA_9105,11260,0,11260,2187,9064,9,79,63,9064,11118,35,10991,92,0.5595026642984015,80.49733570159857,0.7015985790408525,98.73889875666075,0.3108348134991119,97.61101243339255,0.8170515097690941
gRNA_9114,1230,10,1220,14,1205,1,0,93,1205,1127,13,1103,11,7.622950819672131,98.77049180327869,0.0,92.37704918032787,1.0655737704918034,90.40983606557377,0.9016393442622951
gRNA_9115,913,12,901,329,572,0,1,0,572,900,1,874,25,0.0,63.4850166481687,0.11098779134295228,99.88901220865705,0.11098779134295228,97.0033296337403,2.774694783573807
gRNA_937,2,0,2,1,1,0,0,0,1,2,0,2,0,0.0,50.0,0.0,100.0,0.0,100.0,0.0
gRNA_944,2,0,2,1,1,0,1,1,1,0,0,0,0,50.0,50.0,50.0,0.0,0.0,0.0,0.0
gRNA_946,0,0,0,0,0,0,0,0,0,0,0,0,0,0.0,0.0,0.0,0.0,0.0,0.0,0.0
gRNA_953,0,0,0,0,0,0,0,0,0,0,0,0,0,0.0,0.0,0.0,0.0,0.0,0.0,0.0
gRNA_958,0,0,0,0,0,0,0,0,0,0,0,0,0,0.0,0.0,0.0,0.0,0.0,0.0,0.0
gRNA_9710,0,0,0,0,0,0,0,0,0,0,0,0,0,0.0,0.0,0.0,0.0,0.0,0.0,0.0
gRNA_9719,0,0,0,0,0,0,0,0,0,0,0,0,0,0.0,0.0,0.0,0.0,0.0,0.0,0.0
gRNA_9723,0,0,0,0,0,0,0,0,0,0,0,0,0,0.0,0.0,0.0,0.0,0.0,0.0,0.0
gRNA_9732,0,0,0,0,0,0,0,0,0,0,0,0,0,0.0,0.0,0.0,0.0,0.0,0.0,0.0
gRNA_9736,0,0,0,0,0,0,0,0,0,0,0,0,0,0.0,0.0,0.0,0.0,0.0,0.0,0.0
gRNA_9742,0,0,0,0,0,0,0,0,0,0,0,0,0,0.0,0.0,0.0,0.0,0.0,0.0,0.0
gRNA_9745,2801,7,2794,45,2747,2,3,143,2747,2648,49,2509,90,5.118110236220472,98.31782390837509,0.1073729420186113,94.77451682176091,1.7537580529706513,89.79957050823192,3.2211882605583395
gRNA_990,0,0,0,0,0,0,0,0,0,0,0,0,0,0.0,0.0,0.0,0.0,0.0,0.0,0.0
gRNA_996,0,0,0,0,0,0,0,0,0,0,0,0,0,0.0,0.0,0.0,0.0,0.0,0.0,0.0
