Guide_ID,Reads_in_input,Reads_lowqual,Reads_aligned_all_amplicons,Reads_aligned_WT,Reads_aligned_HDR,Reads_unaligned,WT,correct_edit,target_base_edit,byproduct_all,byproduct_INDEL,byproduct_sub,byproduct_ambiguous,corr_perc,target_base_edit_perc,WT_perc,byproduct_all_perc,byproduct_INDEL_perc,byproduct_sub_perc,byproduct_ambiguous_perc
gRNA_1000,0,0,0,0,0,0,0,0,0,0,0,0,0,0.0,0.0,0.0,0.0,0.0,0.0,0.0
gRNA_1004,4500,0,4500,3833,287,380,3633,243,287,624,0,244,380,5.4,6.377777777777778,80.73333333333333,13.866666666666665,0.0,5.422222222222222,8.444444444444445
gRNA_10049,1,0,1,1,0,0,1,0,0,0,0,0,0,0.0,0.0,100.0,0.0,0.0,0.0,0.0
gRNA_1006,5017,6,5011,3037,1566,408,708,146,1566,4157,111,3638,408,2.9135901017760926,31.25124725603672,14.128916383955298,82.9574935142686,2.2151267212133305,72.60027938535222,8.142087407703054
gRNA_10106,0,0,0,0,0,0,0,0,0,0,0,0,0,0.0,0.0,0.0,0.0,0.0,0.0,0.0
gRNA_10107,0,0,0,0,0,0,0,0,0,0,0,0,0,0.0,0.0,0.0,0.0,0.0,0.0,0.0
gRNA_1019,7601,4,7597,1946,4885,766,1363,4643,4885,1591,1,824,766,61.11623009082533,64.30169803869948,17.94129261550612,20.942477293668553,0.013163090693694878,10.84638673160458,10.082927471370278
gRNA_1023,21176,1,21175,5917,14731,527,3102,141,14731,17932,998,16276,658,0.665879574970484,69.56788665879576,14.649350649350648,84.68476977567887,4.71310507674144,76.8642266824085,3.1074380165289255
gRNA_10271,16956,538,16418,15867,170,381,914,0,170,15504,1282,13665,557,0.0,1.035448897551468,5.567060543306127,94.43293945669387,7.808502862711658,83.23181873553416,3.392617858448045
gRNA_10272,9090,537,8553,2505,5891,157,17,618,5891,7918,1138,6246,534,7.2255349000350755,68.8764176312405,0.19876066877119142,92.57570443119373,13.30527300362446,73.0270080673448,6.243423360224483
gRNA_10278,4365,378,3987,299,3650,38,89,16,3650,3882,96,3697,89,0.401304238776022,91.54752947078003,2.2322548281916226,97.36644093303235,2.407825432656132,92.7263606721846,2.2322548281916226
gRNA_1032,11316,0,11316,2490,8745,81,691,174,8745,10451,91,10279,81,1.5376458112407212,77.27995758218452,6.106398020501945,92.35595616825734,0.8041710851891127,90.83598444680099,0.7158006362672322
gRNA_1034,18179,1,18178,3349,14032,797,3021,9500,14032,5657,119,4739,799,52.260974804708994,77.19221036417647,16.618989987897457,31.120035207393553,0.6546374738695125,26.069974694685882,4.395423038838156
gRNA_10342,0,0,0,0,0,0,0,0,0,0,0,0,0,0.0,0.0,0.0,0.0,0.0,0.0,0.0
gRNA_10343,0,0,0,0,0,0,0,0,0,0,0,0,0,0.0,0.0,0.0,0.0,0.0,0.0,0.0
gRNA_1036,0,0,0,0,0,0,0,0,0,0,0,0,0,0.0,0.0,0.0,0.0,0.0,0.0,0.0
gRNA_10363,0,0,0,0,0,0,0,0,0,0,0,0,0,0.0,0.0,0.0,0.0,0.0,0.0,0.0
gRNA_10424,23185,1427,21758,2010,19534,214,128,0,19534,21630,423,20836,371,0.0,89.7784722860557,0.5882893648313264,99.41171063516867,1.944112510341024,95.76247816894934,1.7051199558782977
gRNA_10425,13579,748,12831,6061,6621,149,3785,2958,6621,6088,46,4214,1828,23.053542202478372,51.60158989946224,29.498869924401838,47.44758787311979,0.3585067414854649,32.842334969994546,14.246746161639779
gRNA_10429,4292,0,4292,2791,1383,118,2243,1379,1383,670,0,552,118,32.12954333643989,32.22273998136067,52.26001863932899,15.610438024231128,0.0,12.861136999068034,2.749301025163094
gRNA_10432,17793,0,17793,17181,609,3,14079,353,609,3361,0,3358,3,1.9839262631371888,3.4226943179902207,79.1266228292025,18.889450907660315,0.0,18.872590344517505,0.016860563142808968
gRNA_10438,15361,1639,13722,743,11918,1061,386,361,11918,12975,133,11776,1066,2.630811835009474,86.85322839236262,2.813001020259437,94.55618714473108,0.9692464655298062,85.81839382014283,7.768546859058446
gRNA_10461,29875,501,29374,13992,14288,1094,11128,9086,14288,9160,3100,4541,1519,30.93211683802002,48.64165588615783,37.883842854224824,31.184040307755158,10.553550759174781,15.459249676584735,5.171239871995643
gRNA_10465,7423,29,7394,477,6815,102,16,4511,6815,2867,76,2688,103,61.00892615634298,92.16932648093048,0.21639166892074654,38.77468217473628,1.027860427373546,36.35380037868542,1.3930213686773059
gRNA_10473,9541,768,8773,2885,5673,215,325,8,5673,8440,0,8159,281,0.09118887495725522,64.66431095406361,3.704548045138493,96.20426307990425,0.0,93.00125384703067,3.2030092328735895
gRNA_10504,0,0,0,0,0,0,0,0,0,0,0,0,0,0.0,0.0,0.0,0.0,0.0,0.0,0.0
gRNA_1052,6574,1073,5501,5155,275,71,504,65,275,4932,231,3862,839,1.1816033448463916,4.999091074350118,9.161970550808944,89.65642610434466,4.199236502454099,70.2054171968733,15.251772405017268
gRNA_10547,0,0,0,0,0,0,0,0,0,0,0,0,0,0.0,0.0,0.0,0.0,0.0,0.0,0.0
gRNA_10548,0,0,0,0,0,0,0,0,0,0,0,0,0,0.0,0.0,0.0,0.0,0.0,0.0,0.0
gRNA_1055,15527,9,15518,13765,1183,570,1857,115,1183,13546,1655,11269,622,0.7410748807836061,7.623405077973966,11.96674829230571,87.29217682691069,10.665034153885811,72.61889418739528,4.008248485629592
gRNA_10596,0,0,0,0,0,0,0,0,0,0,0,0,0,0.0,0.0,0.0,0.0,0.0,0.0,0.0
gRNA_10598,1,0,1,0,1,0,0,0,1,1,0,1,0,0.0,100.0,0.0,100.0,0.0,100.0,0.0
gRNA_10617,2,0,2,1,1,0,0,1,1,1,0,1,0,50.0,50.0,0.0,50.0,0.0,50.0,0.0
gRNA_1062,5166,337,4829,3732,787,310,2774,630,787,1425,37,1078,310,13.04617933319528,16.297370055912197,57.44460550838683,29.509215158417888,0.7662041830606751,22.323462414578586,6.419548560778629
gRNA_10634,0,0,0,0,0,0,0,0,0,0,0,0,0,0.0,0.0,0.0,0.0,0.0,0.0,0.0
gRNA_10657,0,0,0,0,0,0,0,0,0,0,0,0,0,0.0,0.0,0.0,0.0,0.0,0.0,0.0
gRNA_10664,0,0,0,0,0,0,0,0,0,0,0,0,0,0.0,0.0,0.0,0.0,0.0,0.0,0.0
gRNA_10738,2353,0,2353,2183,170,0,2148,167,170,38,1,23,14,7.097322566935826,7.2248193795155125,91.28771780705482,1.6149596260093497,0.042498937526561836,0.9774755631109222,0.5949851253718658
gRNA_10745,13899,1142,12757,7720,4454,583,277,0,4454,12480,12,10198,2270,0.0,34.914164772281886,2.1713569020929686,97.82864309790703,0.09406600297875677,79.94042486478013,17.794152230148157
gRNA_10750,11985,898,11087,3392,7562,133,1590,884,7562,8613,877,7575,161,7.9733020654820965,68.20600703526652,14.341120230901055,77.68557770361684,7.910165058176243,68.32326147740598,1.452151168034635
gRNA_10752,6279,0,6279,1014,3102,2163,633,2865,3102,2781,26,592,2163,45.62828475871954,49.402771141901574,10.081223124701385,44.290492116579074,0.4140786749482402,9.428252906513777,34.448160535117054
gRNA_10775,15309,4,15305,2847,11941,517,1430,10811,11941,3064,578,1773,713,70.63704671675923,78.02025481868671,9.343351845802026,20.019601437438745,3.7765436131983012,11.584449526298595,4.658608297941849
gRNA_10777,9195,0,9195,7575,1551,69,5734,1177,1551,2284,27,2188,69,12.800435019032083,16.867862969004893,62.359978249048396,24.83958673191952,0.2936378466557912,23.795541054921152,0.7504078303425775
gRNA_10781,15795,0,15795,5103,9132,1560,3879,7598,9132,4318,243,2474,1601,48.10383032605255,57.815764482431156,24.558404558404558,27.337765115542894,1.5384615384615385,15.663184552073442,10.136119025007915
gRNA_10784,14645,45,14600,907,13611,82,454,160,13611,13986,47,13857,82,1.095890410958904,93.22602739726027,3.1095890410958904,95.79452054794521,0.3219178082191781,94.91095890410959,0.5616438356164383
gRNA_10909,0,0,0,0,0,0,0,0,0,0,0,0,0,0.0,0.0,0.0,0.0,0.0,0.0,0.0
gRNA_10912,246,0,246,246,0,0,135,0,0,111,0,110,1,0.0,0.0,54.87804878048781,45.1219512195122,0.0,44.71544715447154,0.40650406504065045
gRNA_10917,8497,850,7647,311,6667,669,7,370,6667,7270,9,6220,1041,4.838498757682752,87.18451680397543,0.09153916568588989,95.06996207663136,0.11769321302471558,81.33908722374787,13.613181639858768
gRNA_10925,1683,6,1677,1002,667,8,12,0,667,1665,100,1471,94,0.0,39.77340488968396,0.7155635062611807,99.28443649373881,5.963029218843173,87.71615980918307,5.605247465712582
gRNA_10942,5322,0,5322,5286,15,21,4848,13,15,461,276,162,23,0.24426907177752724,0.2818489289740699,91.0935738444194,8.662157083803082,5.186020293122886,3.0439684329199546,0.4321683577602405
gRNA_10945,4289,2,4287,389,3233,665,7,212,3233,4068,46,3357,665,4.945183111733146,75.41404245393049,0.16328434802892466,94.89153254023793,1.073011429904362,78.30650804758572,15.512013062747842
gRNA_10946,4800,291,4509,242,4266,1,4,864,4266,3641,176,3407,58,19.16167664670659,94.61077844311377,0.08871146595697493,80.74961188733644,3.9033045021068977,75.55999112885341,1.2863162563761366
gRNA_10949,7547,332,7215,2548,3883,784,85,475,3883,6655,73,5723,859,6.583506583506583,53.81843381843382,1.178101178101178,92.23839223839224,1.0117810117810118,79.32085932085931,11.905751905751906
gRNA_10961,8432,52,8380,1080,6885,415,929,5399,6885,2052,44,1591,417,64.4272076372315,82.15990453460621,11.085918854415274,24.48687350835322,0.5250596658711217,18.985680190930786,4.976133651551313
gRNA_10969,0,0,0,0,0,0,0,0,0,0,0,0,0,0.0,0.0,0.0,0.0,0.0,0.0,0.0
gRNA_10971,0,0,0,0,0,0,0,0,0,0,0,0,0,0.0,0.0,0.0,0.0,0.0,0.0,0.0
gRNA_10974,5533,681,4852,1773,2576,503,158,104,2576,4590,36,4046,508,2.1434460016488046,53.09150865622424,3.2563891178895297,94.60016488046166,0.741962077493817,83.38829348722176,10.469909315746085
gRNA_11071,0,0,0,0,0,0,0,0,0,0,0,0,0,0.0,0.0,0.0,0.0,0.0,0.0,0.0
gRNA_11077,13021,2497,10524,1754,8273,497,588,1049,8273,8887,0,7952,935,9.967692892436336,78.61079437476245,5.587229190421892,84.44507791714177,0.0,75.56062333713417,8.884454580007601
gRNA_11100,6613,0,6613,3423,2588,602,3401,2584,2588,628,0,26,602,39.0745501285347,39.13503704823832,51.42900347799788,9.496446393467412,0.0,0.39316497807349154,9.103281415393921
gRNA_11101,5354,773,4581,642,3910,29,37,1,3910,4543,0,4513,30,0.021829294913774284,85.35254311285746,0.8076839118096486,99.17048679327658,0.0,98.51560794586335,0.6548788474132285
gRNA_11110,7868,0,7868,6524,1152,192,5850,755,1152,1263,475,586,202,9.595831215048296,14.641586171835282,74.35180477885103,16.05236400610066,6.0371123538383324,7.447890188103711,2.567361464158617
gRNA_11118,3310,461,2849,1411,1362,76,217,201,1362,2431,338,2006,87,7.055107055107055,47.806247806247804,7.616707616707617,85.32818532818533,11.863811863811865,70.4106704106704,3.0537030537030536
gRNA_11120,10726,0,10726,2737,5813,2176,2436,5311,5813,2979,330,431,2218,49.51519671825471,54.19541301510349,22.711169121760207,27.773634159985082,3.0766362110758902,4.018273354465784,20.67872459444341
gRNA_11149,22403,0,22403,3825,17697,881,3002,11374,17697,8027,225,6911,891,50.76998616256751,78.99388474757845,13.399991072624202,35.830022764808284,1.004329777261974,30.848547069588893,3.9771459179574165
gRNA_11151,17187,867,16320,7164,6204,2952,6792,5951,6204,3577,15,610,2952,36.46446078431372,38.01470588235294,41.61764705882353,21.917892156862745,0.09191176470588235,3.7377450980392157,18.088235294117645
gRNA_1116,4600,0,4600,4276,276,48,3937,272,276,391,0,343,48,5.913043478260869,6.0,85.58695652173913,8.5,0.0,7.4565217391304355,1.0434782608695654
gRNA_11160,17107,304,16803,15905,862,36,30,36,862,16737,836,15725,176,0.21424745581146223,5.130036303041123,0.17853954650955187,99.60721299767899,4.975302029399512,93.5844789620901,1.047432006189371
gRNA_11163,3963,168,3795,102,3514,179,4,2670,3514,1121,99,749,273,70.35573122529645,92.59552042160738,0.10540184453227931,29.538866930171277,2.608695652173913,19.7364953886693,7.1936758893280635
gRNA_11165,9015,429,8586,8272,314,0,766,17,314,7803,152,7060,591,0.197996738877242,3.6571162357325884,8.92150011646867,90.88050314465409,1.7703237829023992,82.22688096901933,6.883298392732355
gRNA_11186,5337,26,5311,205,4708,398,15,1,4708,5295,20,4852,423,0.018828845791752966,88.64620598757296,0.28243268687629447,99.69873846733195,0.3765769158350593,91.35755978158538,7.964601769911504
gRNA_11188,821,319,502,95,323,84,0,9,323,493,4,395,94,1.7928286852589643,64.34262948207171,0.0,98.20717131474103,0.796812749003984,78.68525896414343,18.725099601593627
gRNA_11223,0,0,0,0,0,0,0,0,0,0,0,0,0,0.0,0.0,0.0,0.0,0.0,0.0,0.0
gRNA_1128,10587,27,10560,9213,775,572,8310,737,775,1513,520,345,648,6.979166666666667,7.339015151515152,78.69318181818183,14.327651515151516,4.924242424242424,3.2670454545454546,6.136363636363637
gRNA_11284,0,0,0,0,0,0,0,0,0,0,0,0,0,0.0,0.0,0.0,0.0,0.0,0.0,0.0
gRNA_11285,0,0,0,0,0,0,0,0,0,0,0,0,0,0.0,0.0,0.0,0.0,0.0,0.0,0.0
gRNA_11305,2,0,2,0,2,0,0,0,2,2,0,2,0,0.0,100.0,0.0,100.0,0.0,100.0,0.0
gRNA_11315,0,0,0,0,0,0,0,0,0,0,0,0,0,0.0,0.0,0.0,0.0,0.0,0.0,0.0
gRNA_11324,0,0,0,0,0,0,0,0,0,0,0,0,0,0.0,0.0,0.0,0.0,0.0,0.0,0.0
gRNA_11361,529,0,529,486,26,17,430,20,26,79,0,62,17,3.780718336483932,4.914933837429111,81.28544423440454,14.933837429111533,0.0,11.720226843100189,3.213610586011342
gRNA_11371,9419,0,9419,4720,4244,455,240,36,4244,9143,191,8359,593,0.38220617899989384,45.057861768765264,2.5480411933326255,97.06975262766748,2.027816116360548,88.74615139611424,6.295785115192695
gRNA_11372,0,0,0,0,0,0,0,0,0,0,0,0,0,0.0,0.0,0.0,0.0,0.0,0.0,0.0
gRNA_11374,200,1,199,159,40,0,0,14,40,185,0,26,159,7.035175879396985,20.100502512562816,0.0,92.96482412060301,0.0,13.06532663316583,79.89949748743719
gRNA_11375,71,2,69,0,3,66,0,3,3,66,0,0,66,4.3478260869565215,4.3478260869565215,0.0,95.65217391304348,0.0,0.0,95.65217391304348
gRNA_11380,4602,3,4599,364,4071,164,23,688,4071,3888,867,2854,167,14.959773863883452,88.51924331376387,0.5001087192868015,84.54011741682974,18.851924331376384,62.05696890628397,3.6312241791693847
gRNA_11386,6062,653,5409,215,5194,0,1,963,5194,4445,1813,2437,195,17.803660565723796,96.02514327971899,0.018487705675725642,82.17785172860049,33.518210390090594,45.05453873174339,3.6051026067665006
gRNA_11398,11835,31,11804,208,11325,271,14,812,11325,10978,511,9961,506,6.879024059640799,95.94205354117248,0.11860386309725517,93.00237207726194,4.329041003049813,84.38664859369706,4.28668248051508
gRNA_11401,35416,253,35163,32416,2508,239,1372,1,2508,33790,2772,30222,796,0.0028438984159485825,7.132497227199044,3.901828626681455,96.09532747490259,7.88328640900947,85.94829792679806,2.2637431390950717
gRNA_11407,23523,45,23478,12417,11042,19,2943,2403,11042,18132,2237,14638,1257,10.235113723485817,47.031263310333074,12.535139279325325,77.22974699718885,9.528068830394412,62.347729789590254,5.3539483772041905
gRNA_1141,19481,38,19443,13718,5430,295,13312,4123,5430,2008,0,1713,295,21.205575271305868,27.92778892146274,68.46680039088618,10.327624337807952,0.0,8.810368770251504,1.517255567556447
gRNA_11411,8257,0,8257,8235,0,22,4368,0,0,3889,126,3396,367,0.0,0.0,52.900569214000235,47.09943078599976,1.5259779580961608,41.12873925154415,4.444713576359453
gRNA_11416,9870,51,9819,1237,8217,365,217,2258,8217,7344,241,6616,487,22.996231795498524,83.68469294225481,2.210001018433649,74.79376718606783,2.4544250942051127,67.37957022100011,4.959771870862614
gRNA_11422,5902,0,5902,5247,281,374,4792,245,281,865,61,430,374,4.1511352084039315,4.7610979329041,81.1928159945781,14.65604879701796,1.0335479498475093,7.285665875974246,6.336834971196205
gRNA_11423,13491,0,13491,2012,11281,198,1792,11045,11281,654,56,234,364,81.86939441108888,83.61870876880883,13.282929360314283,4.847676228596843,0.41509154250982133,1.734489659773182,2.698095026313839
gRNA_11425,4,0,4,1,3,0,0,3,3,1,1,0,0,75.0,75.0,0.0,25.0,25.0,0.0,0.0
gRNA_11432,14286,81,14205,11273,2614,318,10939,2318,2614,948,153,447,348,16.318197817669837,18.401971136923617,77.00809574093628,6.673706441393875,1.0770855332629357,3.146779303062302,2.4498416050686376
gRNA_11467,18144,51,18093,3053,11448,3592,1265,9672,11448,7156,701,2083,4372,53.457138119714806,63.273089039960205,6.9916542309180345,39.55120764936716,3.874426573813077,11.512739733598629,24.164041341955453
gRNA_1147,14771,3,14768,3064,11539,165,1622,1987,11539,11159,1404,9552,203,13.454767063921993,78.1351570964247,10.983206933911159,75.56202600216685,9.507042253521126,64.68039003250271,1.374593716143012
gRNA_11474,9109,994,8115,1200,6896,19,338,493,6896,7284,1601,4410,1273,6.07516943930992,84.97843499691928,4.1651263093037585,89.75970425138632,19.72889710412816,54.34380776340111,15.686999383857057
gRNA_11478,1021,173,848,416,358,74,6,1,358,841,33,730,78,0.1179245283018868,42.21698113207547,0.7075471698113208,99.1745283018868,3.891509433962264,86.08490566037736,9.19811320754717
gRNA_11482,3098,3,3095,2720,375,0,94,1,375,3000,3,2954,43,0.03231017770597738,12.116316639741518,3.037156704361874,96.93053311793214,0.09693053311793215,95.44426494345718,1.3893376413570273
gRNA_1149,1,0,1,0,1,0,0,0,1,1,0,1,0,0.0,100.0,0.0,100.0,0.0,100.0,0.0
gRNA_11495,15008,0,15008,1641,12847,520,431,10442,12847,4135,772,2414,949,69.57622601279317,85.60101279317696,2.8718017057569294,27.551972281449892,5.143923240938166,16.084754797441363,6.323294243070363
gRNA_11507,12368,0,12368,3949,8403,16,60,0,8403,12308,55,11485,768,0.0,67.94146183699871,0.48512289780077616,99.51487710219922,0.44469598965071155,92.86060802069858,6.2095730918499354
gRNA_11516,441,0,441,5,436,0,0,52,436,389,0,389,0,11.791383219954648,98.86621315192744,0.0,88.20861678004536,0.0,88.20861678004536,0.0
gRNA_11519,1325,106,1219,431,597,191,10,28,597,1181,48,810,323,2.2969647251845777,48.974569319114025,0.8203445447087777,96.88269073010665,3.937653814602133,66.44790812141099,26.497128794093523
gRNA_11523,275,0,275,252,21,2,86,13,21,176,0,174,2,4.7272727272727275,7.636363636363637,31.272727272727273,64.0,0.0,63.272727272727266,0.7272727272727273
gRNA_11534,4902,49,4853,2181,2672,0,15,23,2672,4815,515,4068,232,0.47393364928909953,55.05872656089017,0.30908716257984753,99.21697918813105,10.6119925819081,83.82443849165465,4.780548114568308
gRNA_11536,6244,241,6003,3058,2944,1,2,46,2944,5955,50,4444,1461,0.7662835249042145,49.042145593869726,0.03331667499583542,99.20039980009994,0.8329168748958855,74.0296518407463,24.33783108445777
gRNA_1154,2660,0,2660,2616,34,10,2219,0,34,441,0,431,10,0.0,1.2781954887218046,83.42105263157895,16.57894736842105,0.0,16.20300751879699,0.37593984962406013
gRNA_11541,14022,988,13034,233,10932,1869,0,454,10932,12580,220,9365,2995,3.483197790394353,83.87294767531073,0.0,96.51680220960564,1.6878932023937394,71.85054472916987,22.978364278042044
gRNA_1157,3207,0,3207,2801,402,4,2301,1,402,905,0,901,4,0.031181789834736514,12.53507951356408,71.74929840972872,28.219519800436544,0.0,28.094792641097598,0.12472715933894606
gRNA_11607,0,0,0,0,0,0,0,0,0,0,0,0,0,0.0,0.0,0.0,0.0,0.0,0.0,0.0
gRNA_11608,0,0,0,0,0,0,0,0,0,0,0,0,0,0.0,0.0,0.0,0.0,0.0,0.0,0.0
gRNA_11670,0,0,0,0,0,0,0,0,0,0,0,0,0,0.0,0.0,0.0,0.0,0.0,0.0,0.0
gRNA_11798,0,0,0,0,0,0,0,0,0,0,0,0,0,0.0,0.0,0.0,0.0,0.0,0.0,0.0
gRNA_11817,13613,306,13307,12091,1096,120,3234,483,1096,9590,190,8614,786,3.6296685954760655,8.23626662658751,24.30299842188322,72.06733298264072,1.4278199443901705,64.73284737356279,5.906665664687758
gRNA_11821,28216,1046,27170,9801,16642,727,32,689,16642,26449,886,24303,1260,2.5358851674641145,61.25138019874862,0.11777695988222305,97.34633787265366,3.260949576739051,89.44792050055209,4.637467795362532
gRNA_11827,8561,0,8561,1811,6377,373,194,19,6377,8348,27,7923,398,0.22193668963906085,74.48896156991006,2.266090409998832,97.51197290036211,0.31538371685550753,92.54759957948838,4.648989604018222
gRNA_11829,5527,0,5527,4638,778,111,3412,306,778,1809,638,1047,124,5.536457390989686,14.07635245160123,61.733309209335985,32.730233399674326,11.543332730233399,18.94336891622942,2.243531753211507
gRNA_11835,12027,508,11519,511,11003,5,121,1642,11003,9756,155,9562,39,14.25470961020922,95.52044448302804,1.0504384061116416,84.69485198367914,1.3456029169198716,83.01067801024395,0.3385710565153225
gRNA_11839,4876,0,4876,4778,47,51,2190,9,47,2677,5,2620,52,0.18457752255947496,0.9639048400328137,44.91386382280558,54.901558654634954,0.10254306808859721,53.732567678424935,1.0664479081214109
gRNA_11848,5408,1,5407,1446,3275,686,442,2820,3275,2145,151,1307,687,52.15461438875531,60.569631958572224,8.174588496393564,39.67079711485112,2.792676160532643,24.172369151100426,12.705751803218051
gRNA_11850,26145,650,25495,3943,18485,3067,202,17356,18485,7937,1655,791,5491,68.07609335163758,72.50441262992744,0.7923122180819768,31.131594430280447,6.4914689154736225,3.1025691312021966,21.537556383604628
gRNA_11863,14893,107,14786,12258,2203,325,365,7,2203,14414,117,13866,431,0.047342080346273505,14.89922900040579,2.4685513323414043,97.48410658731233,0.7912890572162857,93.77789801163262,2.914919518463411
gRNA_11866,15045,181,14864,2323,12211,330,115,975,12211,13774,2120,9842,1812,6.559472551130248,82.15150699677072,0.7736813778256189,92.66684607104413,14.262648008611409,66.21367061356297,12.190527448869751
gRNA_11872,3141,0,3141,45,3090,6,7,1901,3090,1233,4,1185,44,60.52212671123846,98.37631327602674,0.22285896211397643,39.25501432664756,0.1273479783508437,37.72683858643744,1.4008277618592806
gRNA_11948,19847,88,19759,19263,126,370,18784,100,126,875,0,505,370,0.5060984867655246,0.6376840933245609,95.06553975403614,4.4283617591983395,0.0,2.555797358165899,1.8725644010324407
gRNA_11970,18657,809,17848,4159,13318,371,2409,10704,13318,4735,958,2764,1013,59.97310623038996,74.61900493052443,13.497310623038997,26.529583146571046,5.367548184670552,15.48632900044823,5.675705961452263
gRNA_11971,10685,0,10685,10354,307,24,9938,296,307,451,35,392,24,2.7702386523163316,2.8731867103416002,93.00889096864763,4.220870379036032,0.32756200280767434,3.668694431445952,0.22461394478240523
gRNA_11980,15590,17,15573,4432,10625,516,3514,10294,10625,1765,1,1248,516,66.10158607846914,68.22705965453028,22.564695305978297,11.33371861555256,0.006421370320426378,8.013870159892122,3.3134270853400114
gRNA_11982,3259,512,2747,2415,322,10,166,91,322,2490,157,2284,49,3.312704768838733,11.721878412813979,6.042955951947579,90.6443392792137,5.715325809974518,83.14524936294139,1.7837641062977794
gRNA_11983,7753,5,7748,4845,2685,218,751,1930,2685,5067,154,4121,792,24.909654104284975,34.65410428497677,9.692823954568922,65.3975219411461,1.987609705730511,53.187919463087255,10.221992772328342
gRNA_11986,13227,2809,10418,7065,3263,90,1090,1748,3263,7580,1149,6261,170,16.77865233250144,31.320790938759842,10.462660779420235,72.75868688807833,11.028988289498944,60.09790746784412,1.6317911307352657
gRNA_12024,0,0,0,0,0,0,0,0,0,0,0,0,0,0.0,0.0,0.0,0.0,0.0,0.0,0.0
gRNA_12026,0,0,0,0,0,0,0,0,0,0,0,0,0,0.0,0.0,0.0,0.0,0.0,0.0,0.0
gRNA_12164,0,0,0,0,0,0,0,0,0,0,0,0,0,0.0,0.0,0.0,0.0,0.0,0.0,0.0
gRNA_12197,0,0,0,0,0,0,0,0,0,0,0,0,0,0.0,0.0,0.0,0.0,0.0,0.0,0.0
gRNA_12271,0,0,0,0,0,0,0,0,0,0,0,0,0,0.0,0.0,0.0,0.0,0.0,0.0,0.0
gRNA_12272,16,0,16,16,0,0,7,0,0,9,0,9,0,0.0,0.0,43.75,56.25,0.0,56.25,0.0
gRNA_12349,20542,581,19961,9606,8236,2119,48,0,8236,19913,657,9909,9347,0.0,41.26045789289114,0.24046891438304693,99.75953108561694,3.291418265617955,49.64180151295025,46.82631130704875
gRNA_12351,5967,26,5941,2485,3299,157,976,1630,3299,3335,11,3102,222,27.436458508668576,55.5293721595691,16.42821073893284,56.13533075239858,0.1851540144756775,52.213432082141054,3.736744655781855
gRNA_12364,19103,213,18890,8777,9039,1074,31,0,9039,18859,307,15245,3307,0.0,47.850714663843306,0.1641079936474325,99.83589200635257,1.625198517734251,80.70407623080995,17.50661725780836
gRNA_12371,12981,0,12981,8995,2111,1875,5053,24,2111,7904,1,5729,2174,0.18488560203374163,16.262229412217856,38.92612279485402,60.88899160311224,0.007703566751405901,44.13373391880441,16.74755411755643
gRNA_12377,23789,21,23768,12365,9197,2206,5727,6757,9197,11284,1504,6662,3118,28.428980141366544,38.694883877482326,24.095422416694714,47.475597441938746,6.327835745540222,28.02928306967351,13.118478626725008
gRNA_12386,0,0,0,0,0,0,0,0,0,0,0,0,0,0.0,0.0,0.0,0.0,0.0,0.0,0.0
gRNA_12496,1151,0,1151,506,640,5,36,0,640,1115,8,1100,7,0.0,55.60382276281495,3.127715030408341,96.87228496959166,0.6950477845351868,95.56907037358819,0.6081668114682884
gRNA_12497,697,38,659,245,101,313,2,5,101,652,8,327,317,0.7587253414264037,15.326251896813353,0.30349013657056145,98.93778452200304,1.2139605462822458,49.6206373292868,48.10318664643399
gRNA_12503,3952,0,3952,1100,2623,229,480,1962,2623,1510,0,1281,229,49.64574898785425,66.37145748987854,12.145748987854251,38.2085020242915,0.0,32.413967611336034,5.794534412955466
gRNA_12504,8843,117,8726,2741,5094,891,1740,4373,5094,2613,380,1312,921,50.11460004584002,58.37726335090534,19.94040797616319,29.944991977996793,4.354801741920697,15.035526014210406,10.55466422186569
gRNA_12505,26248,131,26117,652,25345,120,370,360,25345,25387,539,24300,548,1.3784125282383122,97.04407091166674,1.416701765133821,97.20488570662786,2.0637898686679175,93.04284565608607,2.0982501818738752
gRNA_12506,13489,38,13451,2358,11090,3,53,1028,11090,12370,133,12146,91,7.642554456917701,82.44740168017248,0.3940227492379749,91.96342279384433,0.9887740688424653,90.29811909895174,0.6765296260501078
gRNA_12507,9291,13,9278,39,8828,411,0,8,8828,9270,16,8842,412,0.08622547962923044,95.1498167708558,0.0,99.91377452037077,0.17245095925846088,95.30071136020695,4.440612200905368
gRNA_12511,10843,0,10843,1010,9770,63,281,768,9770,9794,377,9250,167,7.08291063358849,90.10421470072858,2.591533708383289,90.32555565802822,3.4768975375818503,85.30849395923637,1.5401641612099972
gRNA_12512,18056,1126,16930,1375,15197,358,346,7094,15197,9490,793,8317,380,41.901949202598935,89.76373301831069,2.043709391612522,56.05434140578854,4.683992911990549,49.12581216774956,2.244536326048435
gRNA_12513,16624,283,16341,8016,6197,2128,425,57,6197,15859,108,12963,2788,0.3488158619423536,37.92301572731167,2.6008200232543905,97.05036411480326,0.6609142647328804,79.32807049752158,17.0613793525488
gRNA_12514,11198,257,10941,9549,876,516,6019,831,876,4091,701,1363,2027,7.595283794899918,8.00658075130244,55.013252901928524,37.391463303171555,6.407092587514852,12.457727812814186,18.526642902842518
gRNA_12515,21121,1075,20046,14336,5541,169,12174,4935,5541,2937,474,2191,272,24.6183777312182,27.641424723136787,60.73032026339419,14.65130200538761,2.36456150853038,10.929861318966378,1.356879177890851
gRNA_12516,23786,217,23569,18469,4937,163,9220,1409,4937,12940,517,12249,174,5.978191692477407,20.947006661292374,39.11918197632483,54.90262633119776,2.193559336416479,51.97080911366626,0.738257881115024
gRNA_12517,12647,6,12641,5271,7080,290,3929,6133,7080,2579,21,2257,301,48.516731271260184,56.00822719721541,31.08140178783324,20.401866940906572,0.16612609761885927,17.85460011075073,2.381140732536983
gRNA_12518,7647,3411,4236,1782,2079,375,744,966,2079,2526,244,1901,381,22.804532577903682,49.079320113314445,17.56373937677054,59.63172804532578,5.760151085930123,44.87724268177526,8.994334277620396
gRNA_12519,11035,1559,9476,4903,3414,1159,2821,2772,3414,3883,475,2245,1163,29.252849303503588,36.02785985647953,29.769945124525115,40.9772055719713,5.012663571127058,23.691430983537355,12.27311101730688
gRNA_12520,3337,1,3336,2992,324,20,118,34,324,3184,804,2295,85,1.0191846522781776,9.712230215827338,3.537170263788969,95.44364508393285,24.100719424460433,68.79496402877699,2.547961630695444
gRNA_12523,0,0,0,0,0,0,0,0,0,0,0,0,0,0.0,0.0,0.0,0.0,0.0,0.0,0.0
gRNA_12524,10289,63,10226,8794,453,979,1199,2,453,9025,925,6744,1356,0.019557989438685704,4.429884607862312,11.72501466849208,88.25542734206924,9.045570115392138,65.94954038724819,13.260316839428906
gRNA_12525,25088,530,24558,22514,1978,66,47,0,1978,24511,1636,22602,273,0.0,8.054401824252789,0.19138366316475283,99.80861633683524,6.6617802752667155,92.03518201807965,1.1116540434888835
gRNA_12526,22277,1,22276,19049,3227,0,524,0,3227,21752,794,20087,871,0.0,14.486442808403662,2.352307416053151,97.64769258394685,3.5643742144011488,90.17328066080086,3.9100377087448375
gRNA_12527,25192,47,25145,24358,548,239,5752,26,548,19367,2179,16927,261,0.10340027838536489,2.1793597136607676,22.875323125869954,77.02127659574468,8.665738715450388,67.31755816265658,1.0379797176377012
gRNA_12531,11994,904,11090,549,10124,417,148,5872,10124,5070,376,3972,722,52.948602344454464,91.28944995491433,1.3345356176735799,45.716862037871955,3.3904418394950406,35.81605049594229,6.510369702434627
gRNA_12532,3534,71,3463,20,3160,283,4,1526,3160,1933,8,1642,283,44.065838868033495,91.25036095870632,0.11550678602367889,55.81865434594282,0.23101357204735778,47.41553566272019,8.172105111175282
gRNA_12533,3149,70,3079,121,2684,274,5,2031,2684,1043,132,631,280,65.96297499188049,87.17115946735953,0.16239038648911985,33.8746346216304,4.2871062033127645,20.493666774926925,9.093861643390712
gRNA_12536,0,0,0,0,0,0,0,0,0,0,0,0,0,0.0,0.0,0.0,0.0,0.0,0.0,0.0
gRNA_12539,20240,84,20156,7414,10818,1924,5727,8875,10818,5554,281,3140,2133,44.03155387973804,53.67136336574717,28.413375669775746,27.55507045048621,1.3941258186148044,15.57848779519746,10.582456836673943
gRNA_12540,20162,0,20162,6580,11586,1996,6530,10761,11586,2871,431,441,1999,53.37268128161888,57.46453724828886,32.38765995436961,14.239658764011507,2.1376847534966767,2.187283007638131,9.9146910028767
gRNA_12541,16282,0,16282,1925,12605,1752,1750,7532,12605,7000,34,5126,1840,46.259673258813415,77.41677926544651,10.748065348237319,42.992261392949274,0.20881955533718216,31.482618842893995,11.300822994718093
gRNA_12542,13399,51,13348,4881,8440,27,2140,5,8440,11203,50,11126,27,0.03745879532514235,63.230446508840274,16.032364399160922,83.93017680551394,0.3745879532514234,83.35331135750674,0.20227749475576867
gRNA_12543,1862,0,1862,1789,61,12,1530,57,61,275,28,232,15,3.061224489795918,3.2760472610096674,82.16970998925886,14.76906552094522,1.5037593984962405,12.459720730397422,0.8055853920515575
gRNA_12544,13023,0,13023,7764,5140,119,3994,2591,5140,6438,775,5245,418,19.895569377255626,39.46863241956539,30.668816708899637,49.43561391384473,5.951009751977271,40.274898256930044,3.2097059049374184
gRNA_12545,26714,5903,20811,12975,7345,491,119,47,7345,20645,2413,17260,972,0.22584210273413097,35.29383499111047,0.5718129835183317,99.20234491374754,11.594829657392724,82.9369083657681,4.670606890586709
gRNA_12546,26422,260,26162,2785,22032,1345,1079,13447,22032,11636,546,8924,2166,51.398975613485206,84.21374512651938,4.124302423362129,44.47672196315266,2.0869964070025224,34.11054200749179,8.27918354865836
gRNA_12548,0,0,0,0,0,0,0,0,0,0,0,0,0,0.0,0.0,0.0,0.0,0.0,0.0,0.0
gRNA_12550,10015,0,10015,9824,72,119,5516,36,72,4463,79,4241,143,0.35946080878681974,0.7189216175736395,55.07738392411383,44.563155267099354,0.7888167748377435,42.346480279580625,1.4278582126809785
gRNA_12551,616,0,616,585,5,26,357,4,5,255,0,229,26,0.6493506493506493,0.8116883116883116,57.95454545454546,41.396103896103895,0.0,37.17532467532468,4.220779220779221
gRNA_12552,12949,0,12949,386,11950,613,21,11047,11950,1881,264,912,705,85.31160707390532,92.28511854197235,0.16217468530388446,14.526218240790795,2.03876747239169,7.0430149046258395,5.444435863773264
gRNA_12553,40408,1284,39124,5329,29473,4322,1400,1494,29473,36230,1070,29526,5634,3.8186279521521316,75.33227686330642,3.578366220222881,92.60300582762498,2.7348941825989166,75.46774358450055,14.400368060525508
gRNA_12554,5157,6,5151,1689,3320,142,926,3143,3320,1082,671,264,147,61.01727819840808,64.45350417394681,17.977091826829742,21.005629974762183,13.026596777324793,5.12521840419336,2.8538147932440303
gRNA_12555,28024,73,27951,24669,2691,591,1774,38,2691,26139,49,23217,2873,0.13595220206790454,9.627562520124505,6.34682122285428,93.51722657507781,0.1753067868770348,83.06321777396157,10.278702014239204
gRNA_12556,1,0,1,0,1,0,0,0,1,1,0,1,0,0.0,100.0,0.0,100.0,0.0,100.0,0.0
gRNA_12558,1,0,1,1,0,0,0,0,0,1,0,1,0,0.0,0.0,0.0,100.0,0.0,100.0,0.0
gRNA_12559,5501,90,5411,571,4560,280,9,1905,4560,3497,246,2955,296,35.206061726113475,84.27277767510627,0.16632785067455183,64.62761042321198,4.546294585104417,54.61097763814452,5.470338199963038
gRNA_12563,18265,1139,17126,7432,6766,2928,2216,0,6766,14910,1193,10605,3112,0.0,39.50718206236132,12.939390400560551,87.06060959943946,6.966016582973257,61.923391334812564,18.171201681653628
gRNA_12564,34804,1229,33575,5252,26140,2183,1653,0,26140,31922,1567,26727,3628,0.0,77.85554728220401,4.923306031273269,95.07669396872673,4.667163067758749,79.60387192851825,10.805658972449738
gRNA_12565,14603,694,13909,7428,4500,1981,3733,1317,4500,8859,1855,4939,2065,9.468689337838809,32.353152634984546,26.83873750808829,63.6925731540729,13.336688475088074,35.509382414264145,14.846502264720684
gRNA_12566,8314,0,8314,5391,2902,21,1172,1117,2902,6025,230,5735,60,13.43516959345682,34.90497955256194,14.096704354101517,72.46812605244166,2.7664180899687274,68.98003367813327,0.7216742843396681
gRNA_12567,125,0,125,0,124,1,0,0,124,125,0,124,1,0.0,99.2,0.0,100.0,0.0,99.2,0.8
gRNA_12568,30296,223,30073,4298,20272,5503,1883,5069,20272,23121,326,16844,5951,16.855651248628337,67.40930402686796,6.261430519070263,76.8829182323014,1.0840288630997905,56.01037475476341,19.7885146144382
gRNA_12569,30207,1239,28968,4346,23625,997,2415,8,23625,26545,670,24774,1101,0.027616680475006903,81.55550952775477,8.336785418392708,91.63559790113229,2.312896989781828,85.52195526097763,3.800745650372825
gRNA_12570,18934,0,18934,6760,12055,119,5578,11280,12055,2076,82,1875,119,59.57536706453999,63.66853279814091,29.460230273581917,10.964402661878104,0.4330833421358403,9.902820323228054,0.6284989965142073
gRNA_12571,19689,400,19289,2954,15752,583,602,1,15752,18686,1255,16448,983,0.005184301933744621,81.66312406034527,3.120949764114262,96.873865933952,6.5062989268494995,85.27139820623152,5.096168800870963
gRNA_12572,18145,1141,17004,982,15753,269,125,1623,15753,15256,270,14171,815,9.544812985179957,92.64290755116443,0.7351211479651847,89.72006586685485,1.5878616796047988,83.33921430251705,4.792989884733004
gRNA_12573,18198,1,18197,15391,2481,325,1849,4,2481,16344,436,14753,1155,0.02198164532615266,13.634115513546188,10.161015552014069,89.81700280265979,2.3959993405506403,81.07380337418256,6.3472000879265815
gRNA_12574,22502,89,22413,20452,1106,855,7856,498,1106,14059,194,12649,1216,2.221924775799759,4.9346361486637225,35.051086423058045,62.72698880114219,0.8655690893677777,56.43599696604649,5.425422745727926
gRNA_12575,9680,192,9488,8776,30,682,1577,3,30,7908,620,6606,682,0.031618887015177066,0.31618887015177066,16.62099494097808,83.34738617200674,6.534569983136594,69.6247892074199,7.188026981450253
gRNA_12579,0,0,0,0,0,0,0,0,0,0,0,0,0,0.0,0.0,0.0,0.0,0.0,0.0,0.0
gRNA_12580,0,0,0,0,0,0,0,0,0,0,0,0,0,0.0,0.0,0.0,0.0,0.0,0.0,0.0
gRNA_12583,0,0,0,0,0,0,0,0,0,0,0,0,0,0.0,0.0,0.0,0.0,0.0,0.0,0.0
gRNA_12592,100,0,100,100,0,0,69,0,0,31,0,31,0,0.0,0.0,69.0,31.0,0.0,31.0,0.0
gRNA_12593,8876,0,8876,12,8262,602,9,6995,8262,1872,58,1211,603,78.80802163136548,93.0824695808923,0.1013970256872465,21.090581342947274,0.6534474988733664,13.643533123028392,6.793600721045516
gRNA_12594,18341,2,18339,52,17148,1139,8,7303,17148,11028,137,9749,1142,39.82223676318229,93.50564371012597,0.04362288020066525,60.13414035661705,0.7470418234363924,53.15993238453569,6.227166148644964
gRNA_12597,0,0,0,0,0,0,0,0,0,0,0,0,0,0.0,0.0,0.0,0.0,0.0,0.0,0.0
gRNA_12601,0,0,0,0,0,0,0,0,0,0,0,0,0,0.0,0.0,0.0,0.0,0.0,0.0,0.0
gRNA_12602,0,0,0,0,0,0,0,0,0,0,0,0,0,0.0,0.0,0.0,0.0,0.0,0.0,0.0
gRNA_12603,31312,1,31311,6652,24220,439,1470,16676,24220,13165,1982,10583,600,53.25923796748746,77.35300693047172,4.694835680751173,42.04592635176136,6.330043754591038,33.79962313563924,1.916259461531091
gRNA_12604,0,0,0,0,0,0,0,0,0,0,0,0,0,0.0,0.0,0.0,0.0,0.0,0.0,0.0
gRNA_12605,15939,69,15870,3501,11376,993,753,2,11376,15115,678,12810,1627,0.01260239445494644,71.68241965973536,4.744801512287335,95.24259609325772,4.272211720226843,80.71833648393195,10.252047889098929
gRNA_12611,17307,1424,15883,9029,6655,199,1109,8,6655,14766,946,12793,1027,0.05036831832777183,41.90014480891519,6.98230812818737,92.96732355348486,5.956053642259019,80.54523704589813,6.466032865327708
gRNA_12612,1810,313,1497,284,1157,56,257,973,1157,267,0,208,59,64.99665998663995,77.2879091516366,17.167668670674683,17.835671342685373,0.0,13.894455577822312,3.9412157648630597
gRNA_12613,6561,0,6561,5311,502,748,3428,303,502,2830,3,1557,1270,4.618198445358939,7.651272671848804,52.248132906569126,43.13366864807194,0.04572473708276177,23.73113854595336,19.356805365035818
gRNA_12614,10623,0,10623,557,9969,97,92,2667,9969,7864,295,7444,125,25.105902287489414,93.84354702061565,0.8660453732467288,74.02805233926387,2.776993316388967,70.07436693965923,1.176692083215664
gRNA_12615,9156,0,9156,37,9057,62,34,29,9057,9093,3,9028,62,0.31673219746614245,98.91874180865007,0.37134119702927043,99.31192660550458,0.0327653997378768,98.60200961118393,0.6771515945827872
gRNA_12616,1191,0,1191,1186,1,4,0,0,1,1191,0,1187,4,0.0,0.08396305625524769,0.0,100.0,0.0,99.664147774979,0.33585222502099077
gRNA_12617,9423,394,9029,5145,3187,697,1416,491,3187,7122,1164,5176,782,5.438033004762432,35.29737512459852,15.682799867094916,78.87916712814264,12.8917931110865,57.32639273452209,8.660981282534056
gRNA_12619,2741,207,2534,1753,716,65,506,520,716,1508,852,411,245,20.520915548539858,28.25572217837411,19.968429360694554,59.51065509076558,33.622730860299924,16.219415943172848,9.668508287292818
gRNA_12620,4731,0,4731,4196,525,10,1933,1,525,2797,0,2787,10,0.02113718030014796,11.097019657577679,40.858169520186,59.120693299513846,0.0,58.90932149651237,0.2113718030014796
gRNA_12621,20804,367,20437,18635,29,1773,5608,0,29,14829,1088,11807,1934,0.0,0.14189949601213486,27.44042667710525,72.55957332289475,5.3236776434897495,57.77266722121642,9.46322845818858
gRNA_12622,21716,0,21716,21584,65,67,899,10,65,20807,2538,17808,461,0.046048996131884325,0.2993184748572481,4.139804752256401,95.81414625161172,11.687235218272242,82.0040523116596,2.1228587216798673
gRNA_12623,12881,10,12871,1532,10762,577,525,5907,10762,6439,294,5410,735,45.89386994017559,83.61432678113589,4.078937145520939,50.02719291430348,2.2842048014917253,42.03247610908243,5.710512003729314
gRNA_12626,709,0,709,72,627,10,11,6,627,692,0,682,10,0.846262341325811,88.43441466854725,1.5514809590973202,97.60225669957687,0.0,96.19181946403384,1.4104372355430184
gRNA_12627,127,0,127,49,74,4,24,43,74,60,0,56,4,33.85826771653544,58.26771653543307,18.89763779527559,47.24409448818898,0.0,44.09448818897638,3.149606299212598
gRNA_12628,15223,464,14759,4191,9772,796,1045,361,9772,13353,525,10131,2697,2.4459651737922625,66.2104478623213,7.080425503082864,90.47360932312488,3.5571515685344535,68.64286198251915,18.27359577207128
gRNA_12629,16747,0,16747,16487,124,136,3389,86,124,13272,4815,8169,288,0.5135248104138055,0.7404311219919986,20.236460261539378,79.25001492804682,28.75141816444736,48.77888577058578,1.719710993013674
gRNA_12630,16979,0,16979,15931,1040,8,2581,3,1040,14395,647,13156,592,0.01766888509335061,6.125213499028211,15.201130808645974,84.78120030626067,3.8105895517992816,77.48395076270688,3.4866599917545207
gRNA_12631,16552,747,15805,9245,6161,399,843,34,6161,14928,1498,12131,1299,0.21512179689971528,38.981335020563115,5.333755140778234,94.45112306232205,9.478013286934514,76.75419171148371,8.218918063903828
gRNA_12632,12844,14,12830,9320,3315,195,5961,1698,3315,5171,27,3105,2039,13.234606391270459,25.837879968823067,46.461418550272796,40.30397505845674,0.21044427123928294,24.201091192517538,15.892439594699923
gRNA_12633,13362,27,13335,6002,6500,833,3949,3593,6500,5793,207,4728,858,26.94413198350206,48.74390701162355,29.613798275215597,43.44206974128234,1.5523059617547807,35.455568053993254,6.434195725534309
gRNA_12634,19696,662,19034,1618,16649,767,10,5,16649,19019,15,18091,913,0.02626878217925817,87.46979090049385,0.05253756435851634,99.92119365346223,0.0788063465377745,95.04570768099191,4.7966796259325415
gRNA_12636,44023,3485,40538,15889,23215,1434,3146,6097,23215,31295,134,28350,2811,15.040209186442349,57.26725541467266,7.760619665499038,77.19917114805861,0.330554048053678,69.9343825546401,6.934234545364842
gRNA_12652,183,0,183,0,179,4,0,166,179,17,0,13,4,90.7103825136612,97.81420765027322,0.0,9.289617486338798,0.0,7.103825136612022,2.185792349726776
gRNA_12831,0,0,0,0,0,0,0,0,0,0,0,0,0,0.0,0.0,0.0,0.0,0.0,0.0,0.0
gRNA_12833,12350,36,12314,11795,461,58,1231,2,461,11081,1138,9530,413,0.016241676140977747,3.743706350495371,9.996751664771804,89.98700665908721,9.24151372421634,77.39158681175897,3.353906123111905
gRNA_12838,3159,0,3159,1060,1711,388,192,413,1711,2554,251,1662,641,13.073757518201962,54.162709718265276,6.077872744539412,80.84836973725864,7.945552389996835,52.611585944919284,20.291231402342515
gRNA_12848,24842,23,24819,24621,24,174,411,0,24,24408,645,23019,744,0.0,0.09670010878762239,1.6559893629880333,98.34401063701196,2.5988154236673515,92.74749184092832,2.997703372416294
gRNA_12863,20274,425,19849,1992,17651,206,3,59,17651,19787,956,18140,691,0.2972441936621492,88.92639427678976,0.01511411154214318,99.6876416947957,4.81636354476296,91.3899944581591,3.4812836918736463
gRNA_12866,10036,293,9743,1372,7930,441,156,381,7930,9206,574,7843,789,3.910499846043313,81.39176844914297,1.6011495432618288,94.48835061069487,5.891409216873653,80.4988196654008,8.098121728420404
gRNA_12867,15037,109,14928,7068,7851,9,260,0,7851,14668,404,13357,907,0.0,52.592443729903536,1.7416934619506965,98.2583065380493,2.7063236870310825,89.47615219721328,6.07583065380493
gRNA_12870,12780,644,12136,9050,3030,56,1418,1267,3030,9451,546,8130,775,10.440013183915623,24.967040210942653,11.684245220830586,77.87574159525379,4.499011206328279,66.99077125906395,6.385959129861569
gRNA_12881,23798,15,23783,13515,10266,2,777,367,10266,22639,2320,19604,715,1.5431190346045496,43.165286128747425,3.267039481982929,95.18984148341252,9.75486692175083,82.42862548879451,3.006349072867174
gRNA_13011,0,0,0,0,0,0,0,0,0,0,0,0,0,0.0,0.0,0.0,0.0,0.0,0.0,0.0
gRNA_13017,1275,0,1275,655,524,96,0,0,524,1275,3,581,691,0.0,41.09803921568628,0.0,100.0,0.2352941176470588,45.568627450980394,54.196078431372555
gRNA_13026,361,0,361,13,348,0,7,60,348,294,2,292,0,16.62049861495845,96.39889196675901,1.9390581717451523,81.4404432132964,0.554016620498615,80.88642659279779,0.0
gRNA_13039,8643,11,8632,1059,6600,973,949,6000,6600,1683,64,630,989,69.5088044485635,76.45968489341983,10.993975903614457,19.497219647822057,0.7414272474513438,7.298424467099165,11.457367933271549
gRNA_13043,6521,236,6285,430,5792,63,38,4263,5792,1984,361,1543,80,67.82816229116945,92.15592680986475,0.6046141607000796,31.567223548130467,5.7438345266507564,24.55051710421639,1.2728719172633254
gRNA_1322,0,0,0,0,0,0,0,0,0,0,0,0,0,0.0,0.0,0.0,0.0,0.0,0.0,0.0
gRNA_1337,0,0,0,0,0,0,0,0,0,0,0,0,0,0.0,0.0,0.0,0.0,0.0,0.0,0.0
gRNA_1343,0,0,0,0,0,0,0,0,0,0,0,0,0,0.0,0.0,0.0,0.0,0.0,0.0,0.0
gRNA_13599,0,0,0,0,0,0,0,0,0,0,0,0,0,0.0,0.0,0.0,0.0,0.0,0.0,0.0
gRNA_13600,0,0,0,0,0,0,0,0,0,0,0,0,0,0.0,0.0,0.0,0.0,0.0,0.0,0.0
gRNA_13601,0,0,0,0,0,0,0,0,0,0,0,0,0,0.0,0.0,0.0,0.0,0.0,0.0,0.0
gRNA_13602,0,0,0,0,0,0,0,0,0,0,0,0,0,0.0,0.0,0.0,0.0,0.0,0.0,0.0
gRNA_13603,0,0,0,0,0,0,0,0,0,0,0,0,0,0.0,0.0,0.0,0.0,0.0,0.0,0.0
gRNA_13604,0,0,0,0,0,0,0,0,0,0,0,0,0,0.0,0.0,0.0,0.0,0.0,0.0,0.0
gRNA_13605,0,0,0,0,0,0,0,0,0,0,0,0,0,0.0,0.0,0.0,0.0,0.0,0.0,0.0
gRNA_13606,0,0,0,0,0,0,0,0,0,0,0,0,0,0.0,0.0,0.0,0.0,0.0,0.0,0.0
gRNA_13607,0,0,0,0,0,0,0,0,0,0,0,0,0,0.0,0.0,0.0,0.0,0.0,0.0,0.0
gRNA_13608,0,0,0,0,0,0,0,0,0,0,0,0,0,0.0,0.0,0.0,0.0,0.0,0.0,0.0
gRNA_13609,0,0,0,0,0,0,0,0,0,0,0,0,0,0.0,0.0,0.0,0.0,0.0,0.0,0.0
gRNA_13610,0,0,0,0,0,0,0,0,0,0,0,0,0,0.0,0.0,0.0,0.0,0.0,0.0,0.0
gRNA_13611,0,0,0,0,0,0,0,0,0,0,0,0,0,0.0,0.0,0.0,0.0,0.0,0.0,0.0
gRNA_13612,0,0,0,0,0,0,0,0,0,0,0,0,0,0.0,0.0,0.0,0.0,0.0,0.0,0.0
gRNA_13613,0,0,0,0,0,0,0,0,0,0,0,0,0,0.0,0.0,0.0,0.0,0.0,0.0,0.0
gRNA_13614,0,0,0,0,0,0,0,0,0,0,0,0,0,0.0,0.0,0.0,0.0,0.0,0.0,0.0
gRNA_13615,0,0,0,0,0,0,0,0,0,0,0,0,0,0.0,0.0,0.0,0.0,0.0,0.0,0.0
gRNA_13616,0,0,0,0,0,0,0,0,0,0,0,0,0,0.0,0.0,0.0,0.0,0.0,0.0,0.0
gRNA_13617,0,0,0,0,0,0,0,0,0,0,0,0,0,0.0,0.0,0.0,0.0,0.0,0.0,0.0
gRNA_13618,0,0,0,0,0,0,0,0,0,0,0,0,0,0.0,0.0,0.0,0.0,0.0,0.0,0.0
gRNA_13619,0,0,0,0,0,0,0,0,0,0,0,0,0,0.0,0.0,0.0,0.0,0.0,0.0,0.0
gRNA_13620,0,0,0,0,0,0,0,0,0,0,0,0,0,0.0,0.0,0.0,0.0,0.0,0.0,0.0
gRNA_13621,0,0,0,0,0,0,0,0,0,0,0,0,0,0.0,0.0,0.0,0.0,0.0,0.0,0.0
gRNA_13622,0,0,0,0,0,0,0,0,0,0,0,0,0,0.0,0.0,0.0,0.0,0.0,0.0,0.0
gRNA_13623,0,0,0,0,0,0,0,0,0,0,0,0,0,0.0,0.0,0.0,0.0,0.0,0.0,0.0
gRNA_13624,0,0,0,0,0,0,0,0,0,0,0,0,0,0.0,0.0,0.0,0.0,0.0,0.0,0.0
gRNA_13625,0,0,0,0,0,0,0,0,0,0,0,0,0,0.0,0.0,0.0,0.0,0.0,0.0,0.0
gRNA_13626,0,0,0,0,0,0,0,0,0,0,0,0,0,0.0,0.0,0.0,0.0,0.0,0.0,0.0
gRNA_13627,0,0,0,0,0,0,0,0,0,0,0,0,0,0.0,0.0,0.0,0.0,0.0,0.0,0.0
gRNA_13628,0,0,0,0,0,0,0,0,0,0,0,0,0,0.0,0.0,0.0,0.0,0.0,0.0,0.0
gRNA_13629,0,0,0,0,0,0,0,0,0,0,0,0,0,0.0,0.0,0.0,0.0,0.0,0.0,0.0
gRNA_13630,0,0,0,0,0,0,0,0,0,0,0,0,0,0.0,0.0,0.0,0.0,0.0,0.0,0.0
gRNA_13631,0,0,0,0,0,0,0,0,0,0,0,0,0,0.0,0.0,0.0,0.0,0.0,0.0,0.0
gRNA_13632,0,0,0,0,0,0,0,0,0,0,0,0,0,0.0,0.0,0.0,0.0,0.0,0.0,0.0
gRNA_13633,0,0,0,0,0,0,0,0,0,0,0,0,0,0.0,0.0,0.0,0.0,0.0,0.0,0.0
gRNA_13634,0,0,0,0,0,0,0,0,0,0,0,0,0,0.0,0.0,0.0,0.0,0.0,0.0,0.0
gRNA_13635,0,0,0,0,0,0,0,0,0,0,0,0,0,0.0,0.0,0.0,0.0,0.0,0.0,0.0
gRNA_13636,0,0,0,0,0,0,0,0,0,0,0,0,0,0.0,0.0,0.0,0.0,0.0,0.0,0.0
gRNA_13637,0,0,0,0,0,0,0,0,0,0,0,0,0,0.0,0.0,0.0,0.0,0.0,0.0,0.0
gRNA_13638,0,0,0,0,0,0,0,0,0,0,0,0,0,0.0,0.0,0.0,0.0,0.0,0.0,0.0
gRNA_13639,0,0,0,0,0,0,0,0,0,0,0,0,0,0.0,0.0,0.0,0.0,0.0,0.0,0.0
gRNA_13640,0,0,0,0,0,0,0,0,0,0,0,0,0,0.0,0.0,0.0,0.0,0.0,0.0,0.0
gRNA_13641,0,0,0,0,0,0,0,0,0,0,0,0,0,0.0,0.0,0.0,0.0,0.0,0.0,0.0
gRNA_13642,0,0,0,0,0,0,0,0,0,0,0,0,0,0.0,0.0,0.0,0.0,0.0,0.0,0.0
gRNA_13643,0,0,0,0,0,0,0,0,0,0,0,0,0,0.0,0.0,0.0,0.0,0.0,0.0,0.0
gRNA_13644,0,0,0,0,0,0,0,0,0,0,0,0,0,0.0,0.0,0.0,0.0,0.0,0.0,0.0
gRNA_13645,0,0,0,0,0,0,0,0,0,0,0,0,0,0.0,0.0,0.0,0.0,0.0,0.0,0.0
gRNA_13646,0,0,0,0,0,0,0,0,0,0,0,0,0,0.0,0.0,0.0,0.0,0.0,0.0,0.0
gRNA_13647,0,0,0,0,0,0,0,0,0,0,0,0,0,0.0,0.0,0.0,0.0,0.0,0.0,0.0
gRNA_13648,0,0,0,0,0,0,0,0,0,0,0,0,0,0.0,0.0,0.0,0.0,0.0,0.0,0.0
gRNA_13649,0,0,0,0,0,0,0,0,0,0,0,0,0,0.0,0.0,0.0,0.0,0.0,0.0,0.0
gRNA_13650,0,0,0,0,0,0,0,0,0,0,0,0,0,0.0,0.0,0.0,0.0,0.0,0.0,0.0
gRNA_13651,0,0,0,0,0,0,0,0,0,0,0,0,0,0.0,0.0,0.0,0.0,0.0,0.0,0.0
gRNA_13652,0,0,0,0,0,0,0,0,0,0,0,0,0,0.0,0.0,0.0,0.0,0.0,0.0,0.0
gRNA_13653,0,0,0,0,0,0,0,0,0,0,0,0,0,0.0,0.0,0.0,0.0,0.0,0.0,0.0
gRNA_13654,0,0,0,0,0,0,0,0,0,0,0,0,0,0.0,0.0,0.0,0.0,0.0,0.0,0.0
gRNA_13655,0,0,0,0,0,0,0,0,0,0,0,0,0,0.0,0.0,0.0,0.0,0.0,0.0,0.0
gRNA_13656,0,0,0,0,0,0,0,0,0,0,0,0,0,0.0,0.0,0.0,0.0,0.0,0.0,0.0
gRNA_13657,0,0,0,0,0,0,0,0,0,0,0,0,0,0.0,0.0,0.0,0.0,0.0,0.0,0.0
gRNA_13658,0,0,0,0,0,0,0,0,0,0,0,0,0,0.0,0.0,0.0,0.0,0.0,0.0,0.0
gRNA_13659,0,0,0,0,0,0,0,0,0,0,0,0,0,0.0,0.0,0.0,0.0,0.0,0.0,0.0
gRNA_13660,0,0,0,0,0,0,0,0,0,0,0,0,0,0.0,0.0,0.0,0.0,0.0,0.0,0.0
gRNA_13661,0,0,0,0,0,0,0,0,0,0,0,0,0,0.0,0.0,0.0,0.0,0.0,0.0,0.0
gRNA_13662,0,0,0,0,0,0,0,0,0,0,0,0,0,0.0,0.0,0.0,0.0,0.0,0.0,0.0
gRNA_13663,0,0,0,0,0,0,0,0,0,0,0,0,0,0.0,0.0,0.0,0.0,0.0,0.0,0.0
gRNA_13664,0,0,0,0,0,0,0,0,0,0,0,0,0,0.0,0.0,0.0,0.0,0.0,0.0,0.0
gRNA_13665,0,0,0,0,0,0,0,0,0,0,0,0,0,0.0,0.0,0.0,0.0,0.0,0.0,0.0
gRNA_13666,0,0,0,0,0,0,0,0,0,0,0,0,0,0.0,0.0,0.0,0.0,0.0,0.0,0.0
gRNA_13667,0,0,0,0,0,0,0,0,0,0,0,0,0,0.0,0.0,0.0,0.0,0.0,0.0,0.0
gRNA_13668,0,0,0,0,0,0,0,0,0,0,0,0,0,0.0,0.0,0.0,0.0,0.0,0.0,0.0
gRNA_13669,0,0,0,0,0,0,0,0,0,0,0,0,0,0.0,0.0,0.0,0.0,0.0,0.0,0.0
gRNA_13670,0,0,0,0,0,0,0,0,0,0,0,0,0,0.0,0.0,0.0,0.0,0.0,0.0,0.0
gRNA_13671,0,0,0,0,0,0,0,0,0,0,0,0,0,0.0,0.0,0.0,0.0,0.0,0.0,0.0
gRNA_13672,0,0,0,0,0,0,0,0,0,0,0,0,0,0.0,0.0,0.0,0.0,0.0,0.0,0.0
gRNA_13673,0,0,0,0,0,0,0,0,0,0,0,0,0,0.0,0.0,0.0,0.0,0.0,0.0,0.0
gRNA_13674,0,0,0,0,0,0,0,0,0,0,0,0,0,0.0,0.0,0.0,0.0,0.0,0.0,0.0
gRNA_13675,0,0,0,0,0,0,0,0,0,0,0,0,0,0.0,0.0,0.0,0.0,0.0,0.0,0.0
gRNA_13676,0,0,0,0,0,0,0,0,0,0,0,0,0,0.0,0.0,0.0,0.0,0.0,0.0,0.0
gRNA_13677,0,0,0,0,0,0,0,0,0,0,0,0,0,0.0,0.0,0.0,0.0,0.0,0.0,0.0
gRNA_13678,0,0,0,0,0,0,0,0,0,0,0,0,0,0.0,0.0,0.0,0.0,0.0,0.0,0.0
gRNA_13679,0,0,0,0,0,0,0,0,0,0,0,0,0,0.0,0.0,0.0,0.0,0.0,0.0,0.0
gRNA_1368,18153,60,18093,1520,16572,1,791,787,16572,16515,0,16514,1,4.349748521527663,91.59343392472226,4.3718565190957825,91.27839495937656,0.0,91.27286795998452,0.005526999392030067
gRNA_13680,0,0,0,0,0,0,0,0,0,0,0,0,0,0.0,0.0,0.0,0.0,0.0,0.0,0.0
gRNA_13681,0,0,0,0,0,0,0,0,0,0,0,0,0,0.0,0.0,0.0,0.0,0.0,0.0,0.0
gRNA_13682,0,0,0,0,0,0,0,0,0,0,0,0,0,0.0,0.0,0.0,0.0,0.0,0.0,0.0
gRNA_13683,0,0,0,0,0,0,0,0,0,0,0,0,0,0.0,0.0,0.0,0.0,0.0,0.0,0.0
gRNA_13684,0,0,0,0,0,0,0,0,0,0,0,0,0,0.0,0.0,0.0,0.0,0.0,0.0,0.0
gRNA_13685,0,0,0,0,0,0,0,0,0,0,0,0,0,0.0,0.0,0.0,0.0,0.0,0.0,0.0
gRNA_13686,0,0,0,0,0,0,0,0,0,0,0,0,0,0.0,0.0,0.0,0.0,0.0,0.0,0.0
gRNA_13687,0,0,0,0,0,0,0,0,0,0,0,0,0,0.0,0.0,0.0,0.0,0.0,0.0,0.0
gRNA_13688,0,0,0,0,0,0,0,0,0,0,0,0,0,0.0,0.0,0.0,0.0,0.0,0.0,0.0
gRNA_13689,0,0,0,0,0,0,0,0,0,0,0,0,0,0.0,0.0,0.0,0.0,0.0,0.0,0.0
gRNA_13690,0,0,0,0,0,0,0,0,0,0,0,0,0,0.0,0.0,0.0,0.0,0.0,0.0,0.0
gRNA_13691,0,0,0,0,0,0,0,0,0,0,0,0,0,0.0,0.0,0.0,0.0,0.0,0.0,0.0
gRNA_13692,0,0,0,0,0,0,0,0,0,0,0,0,0,0.0,0.0,0.0,0.0,0.0,0.0,0.0
gRNA_13693,0,0,0,0,0,0,0,0,0,0,0,0,0,0.0,0.0,0.0,0.0,0.0,0.0,0.0
gRNA_13694,0,0,0,0,0,0,0,0,0,0,0,0,0,0.0,0.0,0.0,0.0,0.0,0.0,0.0
gRNA_13695,0,0,0,0,0,0,0,0,0,0,0,0,0,0.0,0.0,0.0,0.0,0.0,0.0,0.0
gRNA_13696,0,0,0,0,0,0,0,0,0,0,0,0,0,0.0,0.0,0.0,0.0,0.0,0.0,0.0
gRNA_13697,0,0,0,0,0,0,0,0,0,0,0,0,0,0.0,0.0,0.0,0.0,0.0,0.0,0.0
gRNA_13698,0,0,0,0,0,0,0,0,0,0,0,0,0,0.0,0.0,0.0,0.0,0.0,0.0,0.0
gRNA_13699,0,0,0,0,0,0,0,0,0,0,0,0,0,0.0,0.0,0.0,0.0,0.0,0.0,0.0
gRNA_13700,0,0,0,0,0,0,0,0,0,0,0,0,0,0.0,0.0,0.0,0.0,0.0,0.0,0.0
gRNA_13701,0,0,0,0,0,0,0,0,0,0,0,0,0,0.0,0.0,0.0,0.0,0.0,0.0,0.0
gRNA_13702,0,0,0,0,0,0,0,0,0,0,0,0,0,0.0,0.0,0.0,0.0,0.0,0.0,0.0
gRNA_13703,0,0,0,0,0,0,0,0,0,0,0,0,0,0.0,0.0,0.0,0.0,0.0,0.0,0.0
gRNA_13704,0,0,0,0,0,0,0,0,0,0,0,0,0,0.0,0.0,0.0,0.0,0.0,0.0,0.0
gRNA_13705,0,0,0,0,0,0,0,0,0,0,0,0,0,0.0,0.0,0.0,0.0,0.0,0.0,0.0
gRNA_13706,0,0,0,0,0,0,0,0,0,0,0,0,0,0.0,0.0,0.0,0.0,0.0,0.0,0.0
gRNA_13707,0,0,0,0,0,0,0,0,0,0,0,0,0,0.0,0.0,0.0,0.0,0.0,0.0,0.0
gRNA_13708,0,0,0,0,0,0,0,0,0,0,0,0,0,0.0,0.0,0.0,0.0,0.0,0.0,0.0
gRNA_13709,0,0,0,0,0,0,0,0,0,0,0,0,0,0.0,0.0,0.0,0.0,0.0,0.0,0.0
gRNA_13710,0,0,0,0,0,0,0,0,0,0,0,0,0,0.0,0.0,0.0,0.0,0.0,0.0,0.0
gRNA_13711,0,0,0,0,0,0,0,0,0,0,0,0,0,0.0,0.0,0.0,0.0,0.0,0.0,0.0
gRNA_13712,0,0,0,0,0,0,0,0,0,0,0,0,0,0.0,0.0,0.0,0.0,0.0,0.0,0.0
gRNA_13713,0,0,0,0,0,0,0,0,0,0,0,0,0,0.0,0.0,0.0,0.0,0.0,0.0,0.0
gRNA_13714,0,0,0,0,0,0,0,0,0,0,0,0,0,0.0,0.0,0.0,0.0,0.0,0.0,0.0
gRNA_13715,0,0,0,0,0,0,0,0,0,0,0,0,0,0.0,0.0,0.0,0.0,0.0,0.0,0.0
gRNA_13716,0,0,0,0,0,0,0,0,0,0,0,0,0,0.0,0.0,0.0,0.0,0.0,0.0,0.0
gRNA_13717,0,0,0,0,0,0,0,0,0,0,0,0,0,0.0,0.0,0.0,0.0,0.0,0.0,0.0
gRNA_13718,0,0,0,0,0,0,0,0,0,0,0,0,0,0.0,0.0,0.0,0.0,0.0,0.0,0.0
gRNA_13719,0,0,0,0,0,0,0,0,0,0,0,0,0,0.0,0.0,0.0,0.0,0.0,0.0,0.0
gRNA_13720,0,0,0,0,0,0,0,0,0,0,0,0,0,0.0,0.0,0.0,0.0,0.0,0.0,0.0
gRNA_13721,0,0,0,0,0,0,0,0,0,0,0,0,0,0.0,0.0,0.0,0.0,0.0,0.0,0.0
gRNA_13722,0,0,0,0,0,0,0,0,0,0,0,0,0,0.0,0.0,0.0,0.0,0.0,0.0,0.0
gRNA_13723,0,0,0,0,0,0,0,0,0,0,0,0,0,0.0,0.0,0.0,0.0,0.0,0.0,0.0
gRNA_13724,0,0,0,0,0,0,0,0,0,0,0,0,0,0.0,0.0,0.0,0.0,0.0,0.0,0.0
gRNA_13725,0,0,0,0,0,0,0,0,0,0,0,0,0,0.0,0.0,0.0,0.0,0.0,0.0,0.0
gRNA_13726,0,0,0,0,0,0,0,0,0,0,0,0,0,0.0,0.0,0.0,0.0,0.0,0.0,0.0
gRNA_13727,0,0,0,0,0,0,0,0,0,0,0,0,0,0.0,0.0,0.0,0.0,0.0,0.0,0.0
gRNA_13728,0,0,0,0,0,0,0,0,0,0,0,0,0,0.0,0.0,0.0,0.0,0.0,0.0,0.0
gRNA_13729,0,0,0,0,0,0,0,0,0,0,0,0,0,0.0,0.0,0.0,0.0,0.0,0.0,0.0
gRNA_13730,0,0,0,0,0,0,0,0,0,0,0,0,0,0.0,0.0,0.0,0.0,0.0,0.0,0.0
gRNA_13731,0,0,0,0,0,0,0,0,0,0,0,0,0,0.0,0.0,0.0,0.0,0.0,0.0,0.0
gRNA_1376,0,0,0,0,0,0,0,0,0,0,0,0,0,0.0,0.0,0.0,0.0,0.0,0.0,0.0
gRNA_1381,0,0,0,0,0,0,0,0,0,0,0,0,0,0.0,0.0,0.0,0.0,0.0,0.0,0.0
gRNA_1382,1,0,1,0,1,0,0,0,1,1,0,1,0,0.0,100.0,0.0,100.0,0.0,100.0,0.0
gRNA_1383,0,0,0,0,0,0,0,0,0,0,0,0,0,0.0,0.0,0.0,0.0,0.0,0.0,0.0
gRNA_13855,8386,0,8386,4168,3499,719,4039,3441,3499,906,18,165,723,41.03267350345814,41.72430240877653,48.16360601001669,10.80372048652516,0.21464345337467208,1.9675649892678275,8.621512043882662
gRNA_13860,18577,13,18564,2238,15667,659,709,14927,15667,2928,281,1942,705,80.40831717302306,84.39452704158586,3.819219995690584,15.77246283128636,1.5136823960353372,10.46110751993105,3.797672915319974
gRNA_13871,3243,1,3242,1053,1530,659,0,8,1530,3234,20,2524,690,0.24676125848241826,47.19309068476249,0.0,99.75323874151758,0.6169031462060457,77.85317705120296,21.283158544108574
gRNA_1389,19915,0,19915,13014,6215,686,5467,5595,6215,8853,965,6539,1349,28.094401205121766,31.20763243786091,27.451669595782075,44.45392919909616,4.8455937735375345,32.83454682400201,6.773788601556616
gRNA_13903,18837,14,18823,573,17633,617,430,16935,17633,1458,691,128,639,89.96971789831589,93.67794719226478,2.284439249853902,7.745842851830208,3.671040748021038,0.6800191255379058,3.3947829782712637
gRNA_13905,7055,0,7055,4214,2740,101,3669,2658,2740,728,0,627,101,37.67540751240255,38.83770375620127,52.00566973777463,10.31892274982282,0.0,8.887313961729271,1.4316087880935506
gRNA_13953,216,0,216,216,0,0,112,0,0,104,0,104,0,0.0,0.0,51.85185185185185,48.148148148148145,0.0,48.148148148148145,0.0
gRNA_1397,1267,299,968,11,952,5,0,107,952,861,199,646,16,11.053719008264464,98.34710743801654,0.0,88.94628099173553,20.55785123966942,66.73553719008265,1.6528925619834711
gRNA_14002,14275,968,13307,1864,11087,356,425,10485,11087,2397,1278,690,429,78.79311640489968,83.31705117607274,3.1938077703464343,18.013075824753887,9.603967836477043,5.185240850680093,3.223867137596754
gRNA_1404,4566,6,4560,4514,5,41,1138,2,5,3420,973,1653,794,0.043859649122807015,0.10964912280701754,24.95614035087719,75.0,21.337719298245613,36.25,17.412280701754383
gRNA_14080,7477,0,7477,56,7406,15,50,538,7406,6889,18,6856,15,7.195399224287816,99.05042129196202,0.6687174000267487,92.13588337568544,0.24073826400962955,91.69452989166778,0.2006152200080246
gRNA_14104,12098,12,12086,1733,10328,25,467,2136,10328,9483,980,8444,59,17.673341055767004,85.45424458050637,3.8639748469303328,78.46268409730266,8.108555353301341,69.86596061558828,0.48816812841303986
gRNA_14164,10649,1008,9641,3399,6117,125,0,0,6117,9641,602,8198,841,0.0,63.44777512706151,0.0,100.0,6.244165542993466,85.03267295923659,8.72316149776994
gRNA_14242,10614,28,10586,1208,8943,435,350,7985,8943,2251,227,994,1030,75.42981296051389,84.47950122803704,3.3062535424145096,21.263933497071605,2.1443415832231247,9.389760060457206,9.729831853391271
gRNA_14243,9891,936,8955,3221,4887,847,1618,3720,4887,3617,884,1880,853,41.541038525963145,54.57286432160804,18.068118369625907,40.39084310441095,9.871580122836404,20.99385817978783,9.525404801786712
gRNA_14250,6837,6,6831,1473,5315,43,509,2276,5315,4046,373,3438,235,33.31869418825941,77.80705606792563,7.451324842629191,59.22998096911141,5.460401112575026,50.329380764163375,3.440199092373005
gRNA_14301,10846,53,10793,883,9906,4,53,1163,9906,9577,1,9572,4,10.775502640600388,91.78171036783101,0.4910590197350135,88.73343833966459,0.00926526452330214,88.6871120170481,0.03706105809320856
gRNA_14304,6208,0,6208,5994,70,144,5942,68,70,198,0,54,144,1.095360824742268,1.1275773195876289,95.71520618556701,3.1894329896907214,0.0,0.8698453608247423,2.3195876288659796
gRNA_14320,4048,4,4044,3569,361,114,747,301,361,2996,17,2513,466,7.443125618199802,8.926805143422355,18.47181008902077,74.08506429277942,0.42037586547972305,62.14144411473789,11.52324431256182
gRNA_14331,16951,22,16929,7303,7935,1691,1191,4227,7935,11511,231,9553,1727,24.968988126882863,46.872231082757395,7.035264930001772,67.99574694311536,1.364522417153996,56.42979502628626,10.201429499675113
gRNA_14366,23311,2103,21208,8080,11993,1135,2294,8660,11993,10254,2462,6372,1420,40.83364768012071,56.549415314975484,10.816672953602415,48.349679366276874,11.608826857789513,30.04526593738212,6.695586571105243
gRNA_14367,15700,1038,14662,2732,10039,1891,395,9401,10039,4866,1712,1228,1926,64.11812849543035,68.46951302687219,2.6940390124130404,33.187832492156595,11.67644250443323,8.375392170235985,13.135997817487382
gRNA_14368,14947,2974,11973,2952,8677,344,1282,8461,8677,2230,78,1724,428,70.66733483671595,72.4713939697653,10.707425039672597,18.62524012361146,0.6514657980456027,14.399064561931011,3.574709763634845
gRNA_14369,8927,301,8626,2240,5545,841,898,5472,5545,2256,466,947,843,63.436123348017624,64.28240204034314,10.410387201483886,26.15348945049849,5.4022722003246,10.978437282633898,9.772779967539995
gRNA_14370,6793,0,6793,6395,370,28,6255,368,370,170,1,141,28,5.417341380833211,5.44678345355513,92.08008243780363,2.502576181363168,0.014721036360959812,2.0756661268953334,0.41218901810687475
gRNA_14371,43438,891,42547,20254,20875,1418,409,0,20875,42138,89,39024,3025,0.0,49.063388723059205,0.9612898676757468,99.03871013232425,0.20918043575340212,91.71974522292994,7.109784473640915
gRNA_14372,9983,172,9811,8816,899,96,1731,0,899,8080,1360,6153,567,0.0,9.163184181021302,17.64346142085414,82.35653857914585,13.861991642034452,62.715319539292636,5.779227397818775
gRNA_14373,24570,76,24494,21222,3150,122,311,63,3150,24120,311,23432,377,0.2572058463297134,12.860292316485669,1.269698701722871,98.47309545194742,1.269698701722871,95.66424430472769,1.5391524454968564
gRNA_14374,8480,336,8144,2754,4387,1003,2001,519,4387,5624,551,4068,1005,6.3727897838899805,53.86787819253438,24.57023575638507,69.05697445972496,6.765717092337918,49.950884086444006,12.340373280943027
gRNA_14375,8657,1452,7205,3333,2842,1030,1000,223,2842,5982,56,4499,1427,3.0950728660652325,39.44482997918112,13.879250520471894,83.02567661346288,0.7772380291464261,62.44274809160305,19.805690492713392
gRNA_14376,21172,16,21156,20181,890,85,339,0,890,20817,58,19313,1446,0.0,4.206844394025336,1.6023823028927964,98.39761769710721,0.27415390432974096,91.28852335034978,6.83494044242768
gRNA_14377,17744,0,17744,16569,1058,117,2059,706,1058,14979,217,14643,119,3.9788097385031556,5.962578899909829,11.603922452660054,84.4172678088368,1.2229486023444545,82.5236699729486,0.6706492335437331
gRNA_14378,10277,312,9965,2893,6111,961,116,612,6111,9237,28,8247,962,6.141495233316608,61.324636226793785,1.1640742599096838,92.6944305067737,0.2809834420471651,82.75965880582037,9.653788258906172
gRNA_14379,3684,419,3265,2853,285,127,170,5,285,3090,261,2693,136,0.1531393568147014,8.728943338437979,5.206738131699847,94.64012251148544,7.993874425727412,82.48085758039817,4.165390505359878
gRNA_14380,7273,585,6688,1390,4823,475,39,50,4823,6599,32,5373,1194,0.7476076555023924,72.11423444976076,0.5831339712918661,98.66925837320574,0.4784688995215311,80.33791866028707,17.85287081339713
gRNA_14381,10187,1,10186,2172,7575,439,948,1357,7575,7881,84,7357,440,13.32220695071667,74.36677793049283,9.306891812291381,77.37090123699195,0.8246612998232868,72.22658550952288,4.319654427645788
gRNA_14382,1587,6,1581,1432,145,4,9,137,145,1435,278,109,1048,8.66540164452878,9.171410499683745,0.5692599620493358,90.76533839342189,17.583807716635043,6.8943706514864,66.28716002530044
gRNA_14383,1367,0,1367,157,1181,29,118,650,1181,599,0,570,29,47.549378200438916,86.39356254572056,8.632040965618142,43.81858083394294,0.0,41.69714703730797,2.121433796634967
gRNA_14384,7964,686,7278,6083,1041,154,4217,815,1041,2246,194,1274,778,11.198131354767792,14.303380049464137,57.94174223687827,30.860126408353945,2.665567463588898,17.504809013465238,10.689749931299808
gRNA_14385,15126,1776,13350,3336,9860,154,695,8385,9860,4270,943,1591,1736,62.80898876404495,73.85767790262172,5.205992509363296,31.98501872659176,7.0636704119850195,11.917602996254683,13.003745318352061
gRNA_14386,7789,25,7764,2536,4796,432,526,3639,4796,3599,213,2481,905,46.870170015455955,61.77228232869655,6.774858320453375,46.35497166409068,2.743431221020093,31.955177743431225,11.656362699639361
gRNA_14387,9306,3,9303,8318,623,362,2918,67,623,6318,1011,4906,401,0.7201977856605396,6.696764484574869,31.366225948618727,67.91357626572074,10.867462108997097,52.7356766634419,4.3104374932817375
gRNA_14388,12714,775,11939,10368,668,903,266,9,668,11664,254,10345,1065,0.0753831979227741,5.5951084680459,2.2279922941619903,97.69662450791523,2.1274813635982914,86.64879805678868,8.920345087528268
gRNA_14389,4433,0,4433,3843,550,40,1195,305,550,2933,0,2893,40,6.8802165576359124,12.40694789081886,26.956914053688248,66.16286938867584,0.0,65.2605459057072,0.9023234829686443
gRNA_14390,14104,1404,12700,6907,5219,574,762,6,5219,11932,443,10325,1164,0.047244094488188976,41.09448818897638,6.0,93.95275590551181,3.4881889763779523,81.2992125984252,9.165354330708661
gRNA_14391,13553,1427,12126,684,10800,642,343,1,10800,11782,0,11006,776,0.008246742536698003,89.06481939633845,2.8286326900874155,97.16312056737588,0.0,90.76364835889822,6.3994722084776505
gRNA_14392,15221,653,14568,11142,3348,78,834,248,3348,13486,877,12511,98,1.7023613399231192,22.98187808896211,5.724876441515651,92.57276221856124,6.020043931905547,85.88001098297639,0.6727073036792971
gRNA_14393,18815,1,18814,8206,10418,190,0,0,10418,18814,657,17416,741,0.0,55.37365791431912,0.0,100.0,3.492080365685128,92.56936324014032,3.9385563941745505
gRNA_14394,7089,277,6812,5587,828,397,3227,331,828,3254,9,2845,400,4.859072225484439,12.155020551967116,47.37228420434527,47.76864357017029,0.13211978860833823,41.764533176746916,5.871990604815033
gRNA_14395,29026,14,29012,7453,19357,2202,131,310,19357,28571,2294,18067,8210,1.0685233696401488,66.72066731007858,0.45153729491245004,98.4799393354474,7.907072935337102,62.27423135254377,28.298635047566524
gRNA_14396,16241,0,16241,2879,11472,1890,171,676,11472,15394,262,13134,1998,4.162305276768672,70.6360445785358,1.0528908318453296,94.78480389138599,1.6132011575641894,80.86940459331322,12.30219814050859
gRNA_14397,5711,2,5709,828,4309,572,63,12,4309,5634,544,4443,647,0.21019442984760903,75.47731651777895,1.1035207566999474,98.68628481345245,9.52881415309161,77.82448765107725,11.332983009283588
gRNA_14402,8322,23,8299,114,8043,142,4,1089,8043,7206,230,6831,145,13.122062899144476,96.91529099891552,0.04819857814194481,86.82973852271358,2.7714182431618264,82.31112182190626,1.7471984576454995
gRNA_14407,10676,0,10676,515,9848,313,273,18,9848,10385,2,10002,381,0.16860247283626825,92.24428624953165,2.557137504683402,97.27426002248033,0.018733608092918696,93.68677407268639,3.5687523417010114
gRNA_14410,15665,0,15665,15304,291,70,696,0,291,14969,52,14747,170,0.0,1.8576444302585382,4.443025853814236,95.55697414618577,0.33195020746887965,94.13980210660708,1.0852218321097988
gRNA_14413,461,0,461,434,24,3,434,1,24,26,0,23,3,0.21691973969631237,5.206073752711497,94.14316702819957,5.639913232104121,0.0,4.989154013015185,0.6507592190889371
gRNA_14414,0,0,0,0,0,0,0,0,0,0,0,0,0,0.0,0.0,0.0,0.0,0.0,0.0,0.0
gRNA_14415,0,0,0,0,0,0,0,0,0,0,0,0,0,0.0,0.0,0.0,0.0,0.0,0.0,0.0
gRNA_14416,0,0,0,0,0,0,0,0,0,0,0,0,0,0.0,0.0,0.0,0.0,0.0,0.0,0.0
gRNA_14417,5,0,5,5,0,0,2,0,0,3,0,3,0,0.0,0.0,40.0,60.0,0.0,60.0,0.0
gRNA_14418,79,0,79,0,79,0,0,75,79,4,0,4,0,94.9367088607595,100.0,0.0,5.063291139240507,0.0,5.063291139240507,0.0
gRNA_14419,4,0,4,0,4,0,0,0,4,4,0,4,0,0.0,100.0,0.0,100.0,0.0,100.0,0.0
gRNA_14420,844,0,844,844,0,0,55,0,0,789,5,783,1,0.0,0.0,6.516587677725119,93.48341232227489,0.5924170616113744,92.77251184834124,0.11848341232227488
gRNA_14421,0,0,0,0,0,0,0,0,0,0,0,0,0,0.0,0.0,0.0,0.0,0.0,0.0,0.0
gRNA_14422,1,0,1,0,1,0,0,0,1,1,0,1,0,0.0,100.0,0.0,100.0,0.0,100.0,0.0
gRNA_14423,0,0,0,0,0,0,0,0,0,0,0,0,0,0.0,0.0,0.0,0.0,0.0,0.0,0.0
gRNA_14424,0,0,0,0,0,0,0,0,0,0,0,0,0,0.0,0.0,0.0,0.0,0.0,0.0,0.0
gRNA_14425,0,0,0,0,0,0,0,0,0,0,0,0,0,0.0,0.0,0.0,0.0,0.0,0.0,0.0
gRNA_14426,32,0,32,0,32,0,0,32,32,0,0,0,0,100.0,100.0,0.0,0.0,0.0,0.0,0.0
gRNA_14427,450,0,450,0,450,0,0,382,450,68,0,68,0,84.88888888888889,100.0,0.0,15.11111111111111,0.0,15.11111111111111,0.0
gRNA_14428,0,0,0,0,0,0,0,0,0,0,0,0,0,0.0,0.0,0.0,0.0,0.0,0.0,0.0
gRNA_14429,0,0,0,0,0,0,0,0,0,0,0,0,0,0.0,0.0,0.0,0.0,0.0,0.0,0.0
gRNA_14430,0,0,0,0,0,0,0,0,0,0,0,0,0,0.0,0.0,0.0,0.0,0.0,0.0,0.0
gRNA_14431,1801,0,1801,1800,1,0,0,0,1,1801,0,1758,43,0.0,0.055524708495280406,0.0,100.0,0.0,97.61243753470295,2.3875624652970573
gRNA_14432,0,0,0,0,0,0,0,0,0,0,0,0,0,0.0,0.0,0.0,0.0,0.0,0.0,0.0
gRNA_14433,0,0,0,0,0,0,0,0,0,0,0,0,0,0.0,0.0,0.0,0.0,0.0,0.0,0.0
gRNA_14434,0,0,0,0,0,0,0,0,0,0,0,0,0,0.0,0.0,0.0,0.0,0.0,0.0,0.0
gRNA_14435,0,0,0,0,0,0,0,0,0,0,0,0,0,0.0,0.0,0.0,0.0,0.0,0.0,0.0
gRNA_14436,15,0,15,0,15,0,0,7,15,8,0,8,0,46.666666666666664,100.0,0.0,53.333333333333336,0.0,53.333333333333336,0.0
gRNA_14437,0,0,0,0,0,0,0,0,0,0,0,0,0,0.0,0.0,0.0,0.0,0.0,0.0,0.0
gRNA_14438,0,0,0,0,0,0,0,0,0,0,0,0,0,0.0,0.0,0.0,0.0,0.0,0.0,0.0
gRNA_14439,0,0,0,0,0,0,0,0,0,0,0,0,0,0.0,0.0,0.0,0.0,0.0,0.0,0.0
gRNA_14440,0,0,0,0,0,0,0,0,0,0,0,0,0,0.0,0.0,0.0,0.0,0.0,0.0,0.0
gRNA_14441,0,0,0,0,0,0,0,0,0,0,0,0,0,0.0,0.0,0.0,0.0,0.0,0.0,0.0
gRNA_14442,0,0,0,0,0,0,0,0,0,0,0,0,0,0.0,0.0,0.0,0.0,0.0,0.0,0.0
gRNA_14443,15,0,15,0,15,0,0,13,15,2,0,2,0,86.66666666666667,100.0,0.0,13.333333333333334,0.0,13.333333333333334,0.0
gRNA_14444,0,0,0,0,0,0,0,0,0,0,0,0,0,0.0,0.0,0.0,0.0,0.0,0.0,0.0
gRNA_14445,1769,0,1769,1542,222,5,100,0,222,1669,706,958,5,0.0,12.549462973431316,5.652911249293386,94.3470887507066,39.90955342001131,54.15488976823064,0.2826455624646693
gRNA_14446,13308,146,13162,148,12988,26,21,114,12988,13027,75,12923,29,0.866129767512536,98.67801246011244,0.15955022033125663,98.9743200121562,0.5698222154687738,98.18416654003951,0.22033125664792583
gRNA_14447,4007,359,3648,559,2774,315,327,1570,2774,1751,109,1270,372,43.03728070175439,76.04166666666666,8.963815789473683,47.99890350877193,2.987938596491228,34.81359649122807,10.197368421052632
gRNA_14448,9669,4,9665,3030,6581,54,485,1348,6581,7832,361,6822,649,13.947232281427832,68.09105018106571,5.0181065700982925,81.03466114847387,3.7351267459906885,70.58458354888774,6.714950853595447
gRNA_14449,8290,0,8290,1045,5450,1795,192,133,5450,7965,436,5714,1815,1.6043425814234018,65.74185765983113,2.316043425814234,96.07961399276238,5.259348612786489,68.9264173703257,21.89384800965018
gRNA_14450,32434,0,32434,17928,14065,441,10607,7475,14065,14352,265,13563,524,23.04680273786767,43.36498735894432,32.7033360054264,44.24986125670593,0.8170438428809275,41.81722883393969,1.6155885798853056
gRNA_14451,1265,0,1265,305,448,512,250,0,448,1015,0,501,514,0.0,35.41501976284585,19.76284584980237,80.23715415019763,0.0,39.60474308300395,40.63241106719367
gRNA_14452,5906,0,5906,5480,260,166,4206,178,260,1522,0,1356,166,3.0138841855739926,4.402302742973248,71.21571283440569,25.770402980020318,0.0,22.959701997968168,2.8107009820521505
gRNA_14453,10218,103,10115,1884,8021,210,40,1500,8021,8575,1680,4728,2167,14.829461196243205,79.29807217004449,0.3954522985664854,84.77508650519032,16.608996539792386,46.74246169055858,21.42362827483935
gRNA_14454,23493,12,23481,1157,20937,1387,0,0,20937,23481,75,21459,1947,0.0,89.16570844512584,0.0,100.0,0.3194071802734125,91.3887824198288,8.29181039989779
gRNA_14455,34806,958,33848,3417,29992,439,1156,15666,29992,17026,1307,13624,2095,46.28338454266131,88.60789411486645,3.415268258095013,50.30134719924367,3.8613802883479083,40.250531789175135,6.189435121720634
gRNA_14456,14096,88,14008,10481,3266,261,4264,1676,3266,8068,536,7190,342,11.96459166190748,23.315248429468873,30.439748715019988,57.59565962307253,3.826384922901199,51.32781267846944,2.4414620217018843
gRNA_14457,12918,1,12917,6538,4913,1466,6107,4251,4913,2559,737,323,1499,32.91011844855616,38.03514748006503,47.27877990245413,19.811101648989705,5.705659208794612,2.5005806301772857,11.604861810017807
gRNA_14458,18572,7,18565,15257,584,2724,14128,481,584,3956,270,947,2739,2.590896848909238,3.145704282251548,76.10018852679774,21.308914624293024,1.454349582547805,5.100996498788042,14.753568542957177
gRNA_14459,9629,300,9329,4890,3540,899,2927,2214,3540,4188,766,2507,915,23.732447207632116,37.94618930217601,31.375281380641013,44.892271411726874,8.210955086290063,26.873191124450642,9.808125200986172
gRNA_14460,1935,0,1935,1410,521,4,1342,514,521,79,59,16,4,26.56330749354005,26.925064599483207,69.35400516795866,4.082687338501292,3.049095607235142,0.8268733850129198,0.20671834625322996
gRNA_14461,8717,0,8717,8261,212,244,3993,46,212,4678,586,3559,533,0.5277044854881267,2.432029367901801,45.8070437076976,53.665251806814275,6.722496271653092,40.828266605483535,6.114488929677641
gRNA_14462,21025,450,20575,5467,14947,161,880,1418,14947,18277,914,16447,916,6.891859052247875,72.6464155528554,4.277035236938032,88.8311057108141,4.44228432563791,79.93681652490888,4.452004860267315
gRNA_14463,13675,2,13673,3257,10232,184,1806,4193,10232,7674,739,6135,800,30.666276603525194,74.83361369121626,13.208513128062604,56.1252102684122,5.404812404007899,44.86945074233892,5.850947122065384
gRNA_14464,11115,0,11115,10587,527,1,10519,517,527,79,0,78,1,4.651372019793072,4.741340530814215,94.6378767431399,0.7107512370670265,0.0,0.7017543859649122,0.00899685110211426
gRNA_14465,23025,365,22660,1828,20493,339,707,12913,20493,9040,1,7742,1297,56.98587819947043,90.4368932038835,3.120035304501324,39.894086496028244,0.00441306266548985,34.16593115622242,5.723742277140335
gRNA_14466,1742,0,1742,1271,466,5,186,225,466,1331,37,1268,26,12.916188289322616,26.75086107921929,10.677382319173363,76.40642939150402,2.123995407577497,72.78989667049368,1.4925373134328357
gRNA_14467,13422,10,13412,588,12405,419,146,1844,12405,11422,622,9092,1708,13.748881598568447,92.49179838950194,1.0885773933790635,85.1625410080525,4.637637936176558,67.79003877124963,12.734864300626306
gRNA_14468,12036,480,11556,5140,5455,961,2140,4960,5455,4456,373,2945,1138,42.92142609899619,47.204915195569406,18.51851851851852,38.56005538248529,3.227760470751125,25.48459674627899,9.847698165455174
gRNA_14469,7050,3,7047,5123,1669,255,331,32,1669,6684,172,5390,1122,0.454093940683979,23.68383709379878,4.697034198949908,94.84887186036612,2.440754931176387,76.48644813395771,15.921668795232014
gRNA_14470,22129,46,22083,2583,17425,2075,575,3456,17425,18052,141,14906,3005,15.650047547887516,78.90685142417244,2.603812887741702,81.74613956437078,0.6385002037766607,67.49988679074401,13.607752569850112
gRNA_14471,9135,0,9135,462,7826,847,24,3460,7826,5651,242,2826,2583,37.876299945265465,85.6704980842912,0.2627257799671593,61.86097427476738,2.649151614668856,30.935960591133004,28.27586206896552
gRNA_14472,23345,235,23110,20646,1570,894,6638,570,1570,15902,798,12960,2144,2.4664647338814367,6.793595845954132,28.72349632193856,68.81003894418001,3.4530506274340116,56.07961921246214,9.27736910428386
gRNA_14473,3860,0,3860,391,3420,49,30,27,3420,3803,0,3735,68,0.6994818652849741,88.60103626943005,0.7772020725388601,98.52331606217616,0.0,96.76165803108809,1.7616580310880827
gRNA_14474,12611,188,12423,11281,1093,49,10370,1056,1093,997,0,936,61,8.500362231345086,8.798196892860018,83.47420107864446,8.025436690010466,0.0,7.534411977783144,0.4910247122273203
gRNA_14475,29558,14,29544,25670,3480,394,147,0,3480,29397,57,27113,2227,0.0,11.779041429731924,0.4975629569455727,99.50243704305443,0.19293257514216086,91.77159490928784,7.537909558624424
gRNA_14476,1260,0,1260,79,1180,1,51,48,1180,1161,0,1159,2,3.8095238095238098,93.65079365079364,4.0476190476190474,92.14285714285714,0.0,91.98412698412697,0.15873015873015872
gRNA_14477,13558,71,13487,9384,3349,754,41,1232,3349,12214,2058,7094,3062,9.134722325202047,24.831319047972123,0.3039964410172759,90.56128123378068,15.259138429598874,52.59879884333062,22.703343960851193
gRNA_14478,1856,93,1763,860,825,78,97,7,825,1659,2,1579,78,0.39705048213272826,46.79523539421441,5.501985252410663,94.10096426545661,0.11344299489506524,89.563244469654,4.424276800907544
gRNA_14479,8720,576,8144,208,7305,631,3,4287,7305,3854,405,2799,650,52.63998035363458,89.69793713163064,0.03683693516699411,47.32318271119843,4.972986247544204,34.3688605108055,7.981335952848722
gRNA_14480,4532,207,4325,3447,859,19,2524,818,859,983,636,327,20,18.91329479768786,19.86127167630058,58.358381502890175,22.728323699421964,14.705202312138729,7.5606936416184976,0.46242774566473993
gRNA_14481,31155,1279,29876,18148,9619,2109,4223,968,9619,24685,4397,17945,2343,3.2400589101620034,32.19641183558709,14.135091712411299,82.6248493774267,14.717498995849512,60.064935064935064,7.84241531664212
gRNA_14482,9919,574,9345,476,8071,798,9,822,8071,8514,463,7086,965,8.796147672552166,86.36704119850187,0.09630818619582665,91.107544141252,4.954521134296415,75.82664526484751,10.326377742108079
gRNA_14483,15784,440,15344,9229,5602,513,5943,4970,5602,4431,653,3199,579,32.39051094890511,36.50938477580814,38.731751824817515,28.87773722627737,4.255735140771637,20.8485401459854,3.7734619395203337
gRNA_14484,13300,217,13083,9179,3833,71,6,2,3833,13075,1,12152,922,0.015287013681877244,29.297561721317738,0.04586104104563173,99.93885194527249,0.007643506840938622,92.88389513108615,7.0473133073454095
gRNA_14485,3288,1,3287,3285,0,2,1062,0,0,2225,43,2166,16,0.0,0.0,32.30909644052327,67.69090355947672,1.3081837541831458,65.89595375722543,0.4867660480681472
gRNA_14486,12929,88,12841,10579,2106,156,1601,0,2106,11240,148,10641,451,0.0,16.400591854216962,12.467876333618877,87.53212366638112,1.1525582119772604,82.86737793006776,3.5121875243361105
gRNA_14487,1645,299,1346,298,1045,3,15,275,1045,1056,1,1052,3,20.430906389301633,77.63744427934621,1.1144130757800892,78.45468053491828,0.07429420505200594,78.15750371471026,0.22288261515601782
gRNA_14488,9618,541,9077,3334,5049,694,1275,1885,5049,5917,93,5128,696,20.766773162939298,55.624104880467115,14.046491131431091,65.18673570562962,1.0245675884102678,56.49443648782637,7.667731629392971
gRNA_14489,10949,1,10948,10243,580,125,9024,94,580,1830,43,1645,142,0.8586043112897334,5.297771282426013,82.42601388381439,16.71538180489587,0.39276580197296307,15.025575447570333,1.2970405553525757
gRNA_14490,3716,0,3716,2779,936,1,317,440,936,2959,2411,512,36,11.840688912809473,25.18837459634015,8.530678148546825,79.6286329386437,64.8815931108719,13.778256189451021,0.9687836383207751
gRNA_14491,6630,0,6630,1576,5053,1,1029,1881,5053,3720,489,3215,16,28.3710407239819,76.21417797888385,15.520361990950226,56.10859728506787,7.375565610859729,48.49170437405731,0.24132730015082957
gRNA_14492,4705,140,4565,984,3567,14,338,794,3567,3433,324,3065,44,17.39320920043812,78.13800657174151,7.404162102957283,75.2026286966046,7.097480832420591,67.14129244249726,0.9638554216867471
gRNA_14493,6555,0,6555,2134,3893,528,1172,368,3893,5015,454,4031,530,5.614035087719298,59.38977879481312,17.879481311975592,76.5064836003051,6.926010678871091,61.49504195270785,8.085430968726163
gRNA_14494,14520,568,13952,2750,10764,438,1433,3205,10764,9314,1,8875,438,22.97161697247706,77.15022935779817,10.270928899082568,66.75745412844036,0.007167431192660551,63.610951834862384,3.1393348623853212
gRNA_14495,16171,151,16020,3665,11797,558,1567,0,11797,14453,194,13571,688,0.0,73.63920099875156,9.781523096129838,90.21847690387015,1.2109862671660425,84.71285892634207,4.294631710362047
gRNA_14496,17949,0,17949,16287,1092,570,15402,815,1092,1732,0,1162,570,4.540642932753914,6.083904395788066,85.8097944175163,9.64956264972979,0.0,6.473898267312943,3.175664382416848
gRNA_14497,7531,0,7531,1285,5678,568,521,16,5678,6994,56,5796,1142,0.21245518523436463,75.39503386004515,6.918071969193998,92.86947284557164,0.7435931483202762,76.96189085114858,15.163988846102775
gRNA_14498,9034,49,8985,8726,191,68,88,0,191,8897,0,8414,483,0.0,2.125765164162493,0.9794101279910962,99.0205898720089,0.0,93.64496382860322,5.375626043405676
gRNA_14499,1562,39,1523,1435,84,4,0,0,84,1523,34,1471,18,0.0,5.51543007222587,0.0,100.0,2.2324359816152333,96.58568614576494,1.1818778726198294
gRNA_14500,4694,0,4694,4358,264,72,2368,255,264,2071,47,351,1673,5.4324669791222835,5.624201107797188,50.447379633574776,44.12015338730294,1.0012782275244994,7.477631018321261,35.64124414145718
gRNA_14501,7203,169,7034,4970,1873,191,4540,915,1873,1579,16,1370,193,13.00824566391811,26.627807790730735,64.54364515211827,22.448109183963606,0.2274665908444697,19.476826841057722,2.743815752061416
gRNA_14502,14745,0,14745,4607,9725,413,3460,8697,9725,2588,1279,873,436,58.98270600203459,65.95456086809088,23.465581553068837,17.551712444896577,8.674126822651747,5.920651068158698,2.9569345540861307
gRNA_14503,17613,0,17613,549,16883,181,4,1,16883,17608,0,17427,181,0.005677624481916766,95.85533412820077,0.022710497927667064,99.97161187759042,0.0,98.94396184636348,1.0276500312269348
gRNA_14504,11669,0,11669,11658,8,3,10556,8,8,1105,0,1097,8,0.06855771702802296,0.06855771702802296,90.4619076184763,9.469534664495672,0.0,9.40097694746765,0.06855771702802296
gRNA_14505,8305,66,8239,5513,2702,24,3860,2649,2702,1730,150,1550,30,32.15196018934336,32.79524214103653,46.850345915766475,20.99769389489016,1.8206092972448111,18.812962738196383,0.36412185944896225
gRNA_14506,12158,15,12143,10119,2010,14,3269,758,2010,8116,989,7113,14,6.242279502594087,16.552746438277197,26.92085975459112,66.83686074281479,8.144610063411019,58.576957918142135,0.11529276126163222
gRNA_14507,12094,366,11728,3154,8211,363,2129,4979,8211,4620,438,3508,674,42.45395634379263,70.0119372442019,18.153137789904502,39.39290586630286,3.734652114597544,29.911323328785812,5.746930422919508
gRNA_14508,12158,385,11773,7698,4045,30,3352,480,4045,7941,2798,5081,62,4.077125626433364,34.35827741442283,28.471927291259664,67.45094708230698,23.76624479741782,43.15807355814151,0.5266287267476428
gRNA_14509,12163,402,11761,1768,9993,0,1023,872,9993,9866,583,9283,0,7.414335515687441,84.96726468837684,8.69823994558286,83.8874245387297,4.957061474364425,78.93036306436527,0.0
gRNA_14510,9791,141,9650,6249,3365,36,1785,0,3365,7865,111,7711,43,0.0,34.87046632124352,18.497409326424872,81.50259067357513,1.150259067357513,79.90673575129533,0.44559585492227977
gRNA_14511,6906,19,6887,6294,592,1,2199,585,592,4103,84,3025,994,8.494264556410629,8.5959053288805,31.929722665892264,59.57601277769711,1.2196892696384491,43.92333381733701,14.432989690721648
gRNA_14512,11964,0,11964,3792,7016,1156,3306,6019,7016,2639,0,1483,1156,50.30926111668338,58.642594450016716,27.632898696088265,22.057840187228354,0.0,12.39551989301237,9.66232029421598
gRNA_14513,8335,666,7669,3826,3496,347,652,1081,3496,5936,985,4138,813,14.095710001303951,45.58612596166384,8.501760333811449,77.4025296648846,12.843917068718216,53.95749119833094,10.601121397835442
gRNA_14514,4136,0,4136,3032,881,223,3014,880,881,242,0,19,223,21.27659574468085,21.300773694390713,72.87234042553192,5.851063829787234,0.0,0.4593810444874275,5.391682785299807
gRNA_14515,13182,0,13182,5791,6418,973,3,0,6418,13179,74,12097,1008,0.0,48.68760430890609,0.02275830678197542,99.97724169321802,0.5613715672887271,91.76907904718556,7.6467910787437425
gRNA_14516,2405,0,2405,364,1581,460,44,961,1581,1400,532,359,509,39.95841995841996,65.73804573804574,1.8295218295218296,58.21205821205822,22.12058212058212,14.927234927234927,21.164241164241165
gRNA_14517,4531,0,4531,16,4515,0,14,932,4515,3585,830,2699,56,20.569410726109027,99.64687706907968,0.30898256455528583,79.1216067093357,18.318252041491945,59.5674244096226,1.2359302582211433
gRNA_14518,4912,125,4787,187,4567,33,27,3502,4567,1258,291,829,138,73.15646542719865,95.40421976185502,0.5640275746814288,26.279506998119906,6.078963860455399,17.317735533737206,2.882807603927303
gRNA_14519,14314,95,14219,12257,1570,392,1169,12,1570,13038,88,12074,876,0.08439412054293552,11.041564104367396,8.221393909557634,91.69421196989943,0.6188902173148604,84.91455095295028,6.160770799634292
gRNA_14520,11935,0,11935,11286,28,621,2284,0,28,9651,58,8955,638,0.0,0.23460410557184752,19.136992040217844,80.86300795978215,0.48596564725596986,75.03142019271051,5.345622119815668
gRNA_14521,7064,0,7064,4106,2886,72,3717,2654,2886,693,0,581,112,37.57078142695357,40.85503963759909,52.61891279728199,9.81030577576444,0.0,8.22480181200453,1.5855039637599093
gRNA_14522,4365,120,4245,3274,960,11,3,0,960,4242,0,4201,41,0.0,22.614840989399294,0.0706713780918728,99.92932862190813,0.0,98.96348645465253,0.9658421672555949
gRNA_14523,11995,896,11099,1922,8651,526,944,246,8651,9909,9,9341,559,2.2164158933237226,77.94395891521759,8.505270745112172,89.27831336156412,0.0810883863411118,84.16073520136949,5.0364897738535
gRNA_14524,32795,966,31829,15369,16368,92,4485,5,16368,27339,1852,24866,621,0.015708944673096862,51.42480128184989,14.090923371767886,85.89336768355902,5.818593106915078,78.12372364824532,1.9510509283986301
gRNA_14525,12813,856,11957,7811,3515,631,2591,836,3515,8530,54,7843,633,6.991720331186753,29.3970059379443,21.669315045579996,71.33896462323325,0.45161829890440747,65.5933762649494,5.2939700593794425
gRNA_14526,16967,1206,15761,11339,3244,1178,21,1,3244,15739,4425,10061,1253,0.006344775077723494,20.58245035213502,0.1332402766321934,99.86041494829009,28.075629718926464,63.83478205697608,7.950003172387539
gRNA_14527,33375,255,33120,17541,14946,633,3056,3860,14946,26204,590,24972,642,11.654589371980677,45.1268115942029,9.227053140096618,79.11835748792271,1.7814009661835748,75.39855072463769,1.9384057971014494
gRNA_14528,11321,1,11320,1768,9413,139,183,3192,9413,7945,830,6332,783,28.19787985865724,83.15371024734982,1.6166077738515903,70.18551236749117,7.332155477031802,55.936395759717314,6.91696113074205
gRNA_14529,20266,387,19879,3686,16018,175,2409,2184,16018,15286,1,14627,658,10.986468132199809,80.5774938377182,12.11831581065446,76.89521605714573,0.005030434126465114,73.58015996780523,3.3100256552140452
gRNA_14530,8116,0,8116,3541,3603,972,1726,2848,3603,3542,307,2239,996,35.09117792015771,44.39379004435683,21.2666338097585,43.642188270083786,3.782651552488911,27.58748151798916,12.272055199605717
gRNA_14531,9616,0,9616,6667,2420,529,4698,1953,2420,2965,466,1901,598,20.30990016638935,25.16638935108153,48.856073211314474,30.83402662229617,4.846089850249584,19.769134775374376,6.218801996672213
gRNA_14532,20120,0,20120,4516,15045,559,1147,10704,15045,8269,3112,4530,627,53.20079522862823,74.77634194831015,5.70079522862823,41.09840954274354,15.467196819085489,22.514910536779322,3.1163021868787277
gRNA_14533,13634,511,13123,8679,3920,524,996,1,3920,12126,68,11089,969,0.007620208793720947,29.87121847138612,7.589727958546064,92.40265183266021,0.5181741979730246,84.50049531357159,7.383982321115598
gRNA_14534,10845,98,10747,1895,6987,1865,1307,5335,6987,4105,193,1983,1929,49.6417604912999,65.01349213734066,12.161533451195684,38.19670605750442,1.7958500046524613,18.45166092863125,17.94919512422071
gRNA_14535,15228,63,15165,12503,2598,64,1707,0,2598,13458,202,13090,166,0.0,17.13155291790307,11.256181998021761,88.74381800197824,1.332014507088691,86.31717771183646,1.0946257830530828
gRNA_14536,20237,1,20236,2568,16821,847,1935,2025,16821,16276,1386,11824,3066,10.006918363312908,83.1241352045859,9.562166436054556,80.43091520063254,6.849179679778612,58.430519865586085,15.151215655267839
gRNA_14537,14396,45,14351,7238,7018,95,5817,5573,7018,2961,27,2707,227,38.83353076440666,48.90251550414605,40.533760713539124,20.632708522054212,0.18814019928924813,18.862797017629436,1.5817713051355307
gRNA_14538,17685,8,17677,8986,8272,419,6,0,8272,17671,509,16692,470,0.0,46.79527069072806,0.03394241104259772,99.9660575889574,2.879447870113707,94.42778752050688,2.658822198336822
gRNA_14539,9144,393,8751,5624,3048,79,890,16,3048,7845,0,7710,135,0.18283624728602446,34.830305107987655,10.17026625528511,89.64689749742887,0.0,88.10421666095304,1.5426808364758313
gRNA_14540,4474,0,4474,3984,476,14,3834,413,476,227,46,161,20,9.231113097898971,10.639248994188645,85.69512740277156,5.073759499329459,1.0281627179257935,3.5985695127402773,0.44702726866338843
gRNA_14541,15590,0,15590,8359,6571,660,7197,6218,6571,2175,999,427,749,39.88454137267479,42.14881334188583,46.16420782552918,13.951250801796022,6.407953816549069,2.738935214881334,4.804361770365619
gRNA_14542,1219,0,1219,1064,155,0,907,153,155,159,0,159,0,12.551271534044298,12.715340442986053,74.40525020508613,13.043478260869565,0.0,13.043478260869565,0.0
gRNA_14543,7432,0,7432,4265,3165,2,3015,1159,3165,3258,0,3256,2,15.594725511302476,42.586114101184066,40.56781485468245,43.83745963401507,0.0,43.810548977395044,0.026910656620021525
gRNA_14544,5317,59,5258,61,4680,517,36,0,4680,5222,667,3880,675,0.0,89.00722708254088,0.6846709775580069,99.31532902244199,12.685431723088628,73.79231647014073,12.837580829212628
gRNA_14545,5432,241,5191,564,4200,427,34,411,4200,4746,734,3534,478,7.917549605085725,80.90926603737238,0.6549797726834907,91.42747062223079,14.139857445578889,68.07936813716047,9.208245039491429
gRNA_14546,14891,0,14891,670,14039,182,311,11446,14039,3134,1,2668,465,76.86522060304883,94.27842320864951,2.088509838157276,21.046269558793902,0.006715465717547512,17.91686253441676,3.122691558659593
gRNA_14547,7288,54,7234,3621,2306,1307,1273,632,2306,5329,438,3138,1753,8.736521979541056,31.87724633674316,17.597456455626208,73.66602156483273,6.054741498479403,43.378490461708594,24.232789604644733
gRNA_14548,4850,5,4845,3914,826,105,2005,434,826,2406,9,1585,812,8.957688338493291,17.048503611971107,41.38286893704851,49.6594427244582,0.18575851393188852,32.71413828689371,16.75954592363261
gRNA_14549,16440,208,16232,4319,11100,813,3247,1281,11100,11704,1,9966,1737,7.89181862986693,68.38344011828487,20.003696402168554,72.10448496796451,0.006160670280926565,61.39724001971415,10.701084277969443
gRNA_14550,5511,9,5502,2930,2111,461,2074,2070,2111,1358,297,555,506,37.6226826608506,38.36786623046165,37.69538349691021,24.681933842239186,5.39803707742639,10.087241003271538,9.196655761541257
gRNA_14551,11842,777,11065,3164,6749,1152,1891,5259,6749,3915,874,1871,1170,47.52824220515138,60.99412562132851,17.08992318120199,35.38183461364663,7.89877993673746,16.90917306823317,10.573881608676006
gRNA_14552,6633,114,6519,1493,4985,41,656,4178,4985,1685,727,900,58,64.08958429206933,76.46878355576008,10.062893081761008,25.847522626169656,11.152017180549164,13.805798435342846,0.8897070102776499
gRNA_14553,8888,0,8888,8840,9,39,6373,4,9,2511,1161,1194,156,0.045004500450045004,0.10126012601260126,71.7034203420342,28.251575157515752,13.062556255625562,13.433843384338434,1.7551755175517552
gRNA_14554,18381,0,18381,17776,597,8,16060,576,597,1745,0,1737,8,3.1336706381589683,3.2479190468418477,87.37283064033512,9.493498721505903,0.0,9.449975518198139,0.04352320330776345
gRNA_14555,7092,159,6933,1185,5746,2,707,950,5746,5276,374,4875,27,13.70258185489687,82.8789845665657,10.197605654117986,76.09981249098514,5.394490119717294,70.31588057118131,0.38944180008654267
gRNA_14556,15588,0,15588,1232,13777,579,271,28,13777,15289,66,13710,1513,0.1796253528355145,88.38208878624583,1.7385168078008724,98.08185783936362,0.4234026173979984,87.95227097767514,9.70618424429048
gRNA_14557,12871,0,12871,3003,9386,482,2114,7588,9386,3169,109,2539,521,58.9542382099293,72.92362675782768,16.424520239297646,24.621241550773057,0.8468650454510139,19.726516976147927,4.047859529174112
gRNA_14558,12941,0,12941,7956,4479,506,7162,4134,4479,1645,299,800,546,31.944981067923656,34.610926512634265,55.34348195657214,12.711536975504211,2.3104860520825286,6.18190248048837,4.219148442933313
gRNA_14559,10413,0,10413,5127,5226,60,4295,5133,5226,985,130,783,72,49.29415154134255,50.187265917603,41.24651877460867,9.459329684048786,1.2484394506866416,7.519446845289542,0.6914433880726015
gRNA_14560,4,0,4,0,4,0,0,4,4,0,0,0,0,100.0,100.0,0.0,0.0,0.0,0.0,0.0
gRNA_14561,16023,22,16001,644,15336,21,630,7322,15336,8049,1227,6673,149,45.759640022498594,95.84400974939066,3.9372539216298983,50.3031060558715,7.668270733079183,41.70364352227986,0.9311918005124679
gRNA_14562,19137,0,19137,16848,2255,34,7766,1882,2255,9489,1521,3777,4191,9.834352301823692,11.78345613210012,40.58107331347651,49.5845743846998,7.947954224800126,19.736635836337985,21.899984323561686
gRNA_14563,10326,499,9827,2333,5233,2261,1945,3816,5233,4066,119,1523,2424,38.83178996641905,53.25124656558461,19.79240866999084,41.37580136359011,1.2109494250534243,15.498117431566094,24.66673450697059
gRNA_14564,5250,0,5250,4370,868,12,798,567,868,3885,221,3643,21,10.8,16.53333333333333,15.2,74.0,4.20952380952381,69.39047619047619,0.4
gRNA_14565,11545,0,11545,11480,29,36,7237,23,29,4285,25,4223,37,0.1992204417496752,0.2511909917713296,62.685145084452145,37.11563447379818,0.21654395842356,36.57860545690775,0.32048505846686876
gRNA_14566,11622,73,11549,11500,2,47,3132,0,2,8417,841,6882,694,0.0,0.01731751666810979,27.11923110225994,72.88076889774007,7.282015758940168,59.5895748549658,6.009178283834098
gRNA_14567,12388,3,12385,738,11004,643,260,10889,11004,1236,367,147,722,87.920872022608,88.84941461445297,2.0993136859103756,9.979814291481631,2.9632620104965683,1.186919660880097,5.829632620104966
gRNA_14568,6632,0,6632,237,6022,373,200,1760,6022,4672,1866,2431,375,26.537997587454765,90.8021712907117,3.0156815440289506,70.44632086851628,28.13630880579011,36.65560916767189,5.654402895054282
gRNA_14569,6178,0,6178,551,5621,6,54,2985,5621,3139,16,3007,116,48.31660731628359,90.9841372612496,0.8740692780835222,50.80932340563289,0.2589834898025251,48.67270961476206,1.877630301068307
gRNA_14570,11697,6,11691,973,10700,18,74,1,10700,11616,33,11462,121,0.008553588230262595,91.52339406380977,0.632965529039432,99.3584808827303,0.2822684115986656,98.04122829526986,1.034984175861774
gRNA_14571,2606,0,2606,15,2375,216,2,1129,2375,1475,184,1069,222,43.3231005372218,91.13584036838066,0.07674597083653108,56.600153491941676,7.060629316960859,41.020721412125866,8.51880276285495
gRNA_14572,7677,365,7312,1657,5451,204,155,3570,5451,3587,660,2554,373,48.82385120350109,74.54868708971554,2.11980306345733,49.056345733041574,9.026258205689278,34.9288840262582,5.1012035010940915
gRNA_14573,18095,235,17860,2468,14833,559,1410,13139,14833,3311,437,1594,1280,73.5666293393057,83.0515117581187,7.894736842105263,18.538633818589027,2.4468085106382977,8.924972004479283,7.166853303471445
gRNA_14574,6775,117,6658,4790,1851,17,2502,650,1851,3506,3,3481,22,9.762691498948634,27.801141483929108,37.57885250826074,52.65845599279063,0.04505857614899369,52.28296785821568,0.33042955842595373
gRNA_14575,18822,0,18822,6115,12707,0,3146,10082,12707,5594,16,5578,0,53.56497715439379,67.51142280310275,16.714483051747955,29.720539793858254,0.08500690681117841,29.635532887047074,0.0
gRNA_14576,20602,185,20417,1921,18482,14,1422,18435,18482,560,414,75,71,90.29240338933242,90.52260371259244,6.964784248420434,2.7428123622471468,2.0277219963755693,0.36734094137238577,0.34774942449919183
gRNA_14577,9233,67,9166,245,8606,315,8,63,8606,9095,49,8724,322,0.6873227143792275,93.89046476107353,0.08727907484180668,99.22539821077898,0.5345843334060659,95.17783111499018,3.512982762382719
gRNA_14578,4214,87,4127,1370,2731,26,1055,2516,2731,556,18,512,26,60.96438090622729,66.17397625393748,25.56336321783378,13.472255875938938,0.43615216864550516,12.406106130361037,0.6299975769323964
gRNA_14579,0,0,0,0,0,0,0,0,0,0,0,0,0,0.0,0.0,0.0,0.0,0.0,0.0,0.0
gRNA_14580,0,0,0,0,0,0,0,0,0,0,0,0,0,0.0,0.0,0.0,0.0,0.0,0.0,0.0
gRNA_14581,0,0,0,0,0,0,0,0,0,0,0,0,0,0.0,0.0,0.0,0.0,0.0,0.0,0.0
gRNA_14582,0,0,0,0,0,0,0,0,0,0,0,0,0,0.0,0.0,0.0,0.0,0.0,0.0,0.0
gRNA_14583,0,0,0,0,0,0,0,0,0,0,0,0,0,0.0,0.0,0.0,0.0,0.0,0.0,0.0
gRNA_14584,0,0,0,0,0,0,0,0,0,0,0,0,0,0.0,0.0,0.0,0.0,0.0,0.0,0.0
gRNA_14585,0,0,0,0,0,0,0,0,0,0,0,0,0,0.0,0.0,0.0,0.0,0.0,0.0,0.0
gRNA_14586,0,0,0,0,0,0,0,0,0,0,0,0,0,0.0,0.0,0.0,0.0,0.0,0.0,0.0
gRNA_14587,0,0,0,0,0,0,0,0,0,0,0,0,0,0.0,0.0,0.0,0.0,0.0,0.0,0.0
gRNA_14588,0,0,0,0,0,0,0,0,0,0,0,0,0,0.0,0.0,0.0,0.0,0.0,0.0,0.0
gRNA_14589,1,0,1,1,0,0,1,0,0,0,0,0,0,0.0,0.0,100.0,0.0,0.0,0.0,0.0
gRNA_14590,0,0,0,0,0,0,0,0,0,0,0,0,0,0.0,0.0,0.0,0.0,0.0,0.0,0.0
gRNA_14591,0,0,0,0,0,0,0,0,0,0,0,0,0,0.0,0.0,0.0,0.0,0.0,0.0,0.0
gRNA_14592,0,0,0,0,0,0,0,0,0,0,0,0,0,0.0,0.0,0.0,0.0,0.0,0.0,0.0
gRNA_14593,0,0,0,0,0,0,0,0,0,0,0,0,0,0.0,0.0,0.0,0.0,0.0,0.0,0.0
gRNA_14594,0,0,0,0,0,0,0,0,0,0,0,0,0,0.0,0.0,0.0,0.0,0.0,0.0,0.0
gRNA_14595,0,0,0,0,0,0,0,0,0,0,0,0,0,0.0,0.0,0.0,0.0,0.0,0.0,0.0
gRNA_14596,0,0,0,0,0,0,0,0,0,0,0,0,0,0.0,0.0,0.0,0.0,0.0,0.0,0.0
gRNA_14597,8144,400,7744,773,6929,42,128,519,6929,7097,383,6665,49,6.701962809917355,89.47572314049587,1.6528925619834711,91.64514462809917,4.945764462809917,86.06663223140497,0.6327479338842975
gRNA_14598,7844,0,7844,6185,1220,439,2633,867,1220,4344,51,3852,441,11.053034166241714,15.553289138194797,33.5670576236614,55.379908210096886,0.6501784803671596,49.10759816420194,5.622131565527791
gRNA_14599,24809,547,24262,13193,9793,1276,11104,5531,9793,7627,595,5383,1649,22.796966449591956,40.36353144835545,45.76704311268651,31.43599043772154,2.452394691286786,22.186959030582802,6.796636715851949
gRNA_14600,16580,7,16573,6264,9482,827,4209,9278,9482,3086,168,1878,1040,55.98262233753696,57.21354009533579,25.396729620467024,18.62064804199602,1.0136969770108009,11.331684064442165,6.275267000543051
gRNA_14601,6619,0,6619,5808,780,31,4956,769,780,894,0,863,31,11.618069194742409,11.784257440701012,74.87535881553104,13.506571989726545,0.0,13.038223296570479,0.4683486931560659
gRNA_14602,13367,26,13341,5862,7444,35,3551,12,7444,9778,7,9656,115,0.08994827973914998,55.79791619818605,26.617195112810133,73.29285660745072,0.05246982984783749,72.37838243010269,0.8620043475001874
gRNA_14603,4082,492,3590,121,3447,22,75,566,3447,2949,38,2799,112,15.76601671309192,96.016713091922,2.0891364902506964,82.14484679665738,1.0584958217270195,77.966573816156,3.1197771587743732
gRNA_14604,26453,119,26334,5618,20713,3,2519,15942,20713,7873,2081,5765,27,60.53770790612896,78.65497076023392,9.565580618212197,29.896711475658844,7.902331586542114,21.89185083921926,0.10252904989747096
gRNA_14605,26342,654,25688,8991,16412,285,1526,897,16412,23265,1752,20330,1183,3.4919028340080973,63.88975397072563,5.9405169729056375,90.56758019308626,6.820305200872003,79.14201183431953,4.605263157894736
gRNA_14606,21127,72,21055,11227,9237,591,6704,8242,9237,6109,1216,4237,656,39.14509617668012,43.870814533365,31.84041795298029,29.014485870339584,5.775350273094277,20.123486107812873,3.115649489432439
gRNA_14607,5968,0,5968,4598,1358,12,3663,1124,1358,1181,374,751,56,18.83378016085791,22.754691689008045,61.37734584450401,19.78887399463807,6.266756032171582,12.583780160857907,0.938337801608579
gRNA_14608,9064,0,9064,4277,4684,103,1629,4478,4684,2957,622,1308,1027,49.40423654015887,51.67696381288614,17.972197705207414,32.62356575463372,6.862312444836717,14.43071491615181,11.33053839364519
gRNA_14609,13360,16,13344,6000,7335,9,4601,6426,7335,2317,0,2301,16,48.156474820143885,54.96852517985612,34.479916067146284,17.36360911270983,0.0,17.243705035971225,0.1199040767386091
gRNA_14610,5356,699,4657,274,4351,32,33,3979,4351,645,0,372,273,85.44127120463818,93.42924629589865,0.7086106935795576,13.850118101782263,0.0,7.987975091260468,5.8621430105217955
gRNA_14611,15243,1056,14187,6716,6925,546,4977,5738,6925,3472,89,2826,557,40.44547825474025,48.81229294424473,35.081412560795094,24.47310918446465,0.627334884048777,19.91964474518926,3.9261295552266158
gRNA_14612,15689,515,15174,2507,12248,419,1830,1472,12248,11872,590,10357,925,9.70080400685383,80.71701594833267,12.060102807433768,78.2390931857124,3.8882298668775537,68.25490971398445,6.095953604850402
gRNA_14613,2988,0,2988,2979,2,7,2895,2,2,91,0,84,7,0.06693440428380187,0.06693440428380187,96.8875502008032,3.0455153949129854,0.0,2.8112449799196786,0.23427041499330656
gRNA_14614,9139,0,9139,1480,7483,176,935,5827,7483,2377,480,1719,178,63.75971112813218,81.87985556406609,10.230878651931285,26.009410219936534,5.252215778531568,18.80949775686618,1.9476966845387897
gRNA_14615,22183,0,22183,6337,13202,2644,5324,10937,13202,5922,461,2705,2756,49.30352071406032,59.514042284632374,24.000360636523464,26.696118649416217,2.0781679664608035,12.194022449623585,12.42392823333183
gRNA_14616,2574,0,2574,2564,4,6,2512,4,4,58,0,52,6,0.1554001554001554,0.1554001554001554,97.59129759129759,2.253302253302253,0.0,2.0202020202020203,0.2331002331002331
gRNA_14617,10799,0,10799,8795,2003,1,7683,1982,2003,1134,972,147,15,18.35355125474581,18.548013704972682,71.14547643300305,10.500972312251134,9.000833410500972,1.36123715158811,0.13890175016205206
gRNA_14618,10470,1596,8874,7770,82,1022,7435,78,82,1361,57,281,1023,0.878972278566599,0.9240477800315527,83.78408834798287,15.336939373450528,0.6423258958755916,3.1665539779130043,11.528059499661934
gRNA_14619,3851,33,3818,1187,2336,295,781,2322,2336,715,392,23,300,60.8171817705605,61.18386589837611,20.45573598742797,18.727082242011527,10.267155578837087,0.6024096385542169,7.85751702462022
gRNA_14620,14231,751,13480,429,12923,128,292,943,12923,12245,750,11041,454,6.995548961424332,95.8679525222552,2.166172106824926,90.83827893175074,5.563798219584569,81.90652818991097,3.367952522255193
gRNA_14621,4980,0,4980,1465,3478,37,805,3455,3478,720,664,18,38,69.37751004016064,69.83935742971887,16.164658634538153,14.457831325301203,13.333333333333334,0.3614457831325301,0.7630522088353414
gRNA_14622,9920,0,9920,8896,855,169,8859,465,855,596,2,425,169,4.6875,8.618951612903226,89.30443548387098,6.008064516129032,0.020161290322580645,4.284274193548387,1.7036290322580645
gRNA_14623,13581,504,13077,1845,11219,13,1686,1626,11219,9765,25,9726,14,12.434044505620555,85.7918482832454,12.89286533608626,74.67309015829319,0.19117534602737632,74.37485661849048,0.10705819377533074
gRNA_14624,20753,125,20628,4211,16306,111,2371,3529,16306,14728,78,14534,116,17.10781462090363,79.04789606360288,11.494085708745395,71.39809967035097,0.37812681791739383,70.45763040527439,0.5623424471592011
gRNA_14625,27479,394,27085,1611,25380,94,851,1977,25380,24257,1507,21887,863,7.299243123500092,93.70500276906036,3.141960494738785,89.55879638176111,5.563965294443419,80.80856562673067,3.1862654605870406
gRNA_14626,16409,651,15758,2707,13043,8,1743,4104,13043,9911,789,9083,39,26.043914202309935,82.77065617464146,11.061048356390405,62.895037441299664,5.0069805812920425,57.64056352328976,0.24749333671785761
gRNA_14627,5424,159,5265,5021,241,3,2743,1,241,2521,0,2518,3,0.01899335232668566,4.577397910731245,52.09876543209877,47.88224121557455,0.0,47.825261158594486,0.056980056980056974
gRNA_14628,15939,4,15935,651,14367,917,25,13585,14367,2325,68,794,1463,85.25258864135552,90.16002510197679,0.15688735487919672,14.590524003765296,0.4267336052714152,4.982742390963288,9.181048007530594
gRNA_14629,11569,0,11569,11568,0,1,7597,0,0,3972,358,3611,3,0.0,0.0,65.66686835508688,34.33313164491313,3.0944766185495722,31.21272365805169,0.025931368311867924
gRNA_14630,9263,0,9263,279,8494,490,64,5177,8494,4022,566,2478,978,55.88902083558243,91.6981539458059,0.6909208679693404,43.42005829644823,6.110331426103855,26.751592356687897,10.558134513656482
gRNA_14631,1243,0,1243,1173,10,60,1161,10,10,72,7,5,60,0.8045052292839904,0.8045052292839904,93.40305711987128,5.792437650844731,0.5631536604987932,0.4022526146419952,4.827031375703942
gRNA_14632,2625,0,2625,699,1925,1,165,39,1925,2421,120,2278,23,1.4857142857142858,73.33333333333333,6.2857142857142865,92.22857142857143,4.571428571428571,86.78095238095239,0.8761904761904762
gRNA_14633,3935,0,3935,230,3584,121,226,3303,3584,406,0,284,122,83.93900889453622,91.08005082592122,5.743329097839898,10.31766200762389,0.0,7.21728081321474,3.100381194409149
gRNA_14634,5288,16,5272,1091,3803,378,1061,3756,3803,455,27,50,378,71.2443095599393,72.13581183611532,20.125189681335357,8.630500758725342,0.5121396054628224,0.9484066767830045,7.169954476479515
gRNA_14635,16162,666,15496,11471,3753,272,9724,3669,3753,2103,0,1825,278,23.677077955601444,24.219153329891586,62.751677852349,13.571244192049562,0.0,11.777232834279815,1.794011357769747
gRNA_14636,11456,0,11456,11398,29,29,2683,7,29,8766,0,8737,29,0.061103351955307264,0.25314245810055863,23.42004189944134,76.51885474860335,0.0,76.26571229050279,0.25314245810055863
gRNA_14637,3215,0,3215,2743,411,61,222,407,411,2586,2491,7,88,12.65940902021773,12.783825816485225,6.905132192846033,80.43545878693624,77.4805598755832,0.2177293934681182,2.7371695178849147
gRNA_14638,7969,0,7969,584,6799,586,563,6643,6799,763,3,174,586,83.3605220228385,85.31810766721044,7.064876396034634,9.574601581126867,0.037645877776383486,2.183460911030242,7.353494792320241
gRNA_14639,9094,0,9094,7747,1193,154,7064,74,1193,1956,467,1334,155,0.8137233340664175,13.11853969650319,77.67758961952936,21.508687046404223,5.135254013635364,14.66901253573785,1.7044204970310093
gRNA_14640,2427,0,2427,2379,33,15,1808,31,33,588,76,497,15,1.277297074577668,1.3597033374536465,74.49526163988463,24.2274412855377,3.1314379892871855,20.477956324680676,0.6180469715698393
gRNA_14641,15207,17,15190,1308,13644,238,1291,13007,13644,892,0,654,238,85.62870309414087,89.82225148123766,8.499012508229098,5.87228439763002,0.0,4.305464121132324,1.566820276497696
gRNA_14642,18666,404,18262,4278,13905,79,3885,4143,13905,10234,227,9886,121,22.6864527434016,76.14171503668821,21.273683057715477,56.039864198882924,1.243018289343993,54.13426787865513,0.6625780308838024
gRNA_14643,14766,1051,13715,1576,11711,428,1501,72,11711,12142,120,11591,431,0.5249726576740794,85.38826102807145,10.944221655122128,88.5308056872038,0.8749544294567991,84.51330659861466,3.1425446591323367
gRNA_14644,2650,0,2650,1073,1523,54,952,1517,1523,181,0,7,174,57.24528301886792,57.471698113207545,35.924528301886795,6.830188679245283,0.0,0.2641509433962264,6.566037735849056
gRNA_14645,9383,1,9382,670,8644,68,471,8296,8644,615,6,384,225,88.42464293327649,92.13387337454701,5.020251545512684,6.5551055212108285,0.06395224898742273,4.092943935195055,2.3982093370283524
gRNA_14646,5701,967,4734,857,3019,858,480,497,3019,3757,93,2559,1105,10.498521335023236,63.77270806928602,10.139416983523446,79.36206168145333,1.964512040557668,54.055766793409376,23.34178284748627
gRNA_14647,25472,1,25471,24812,657,2,22428,654,657,2389,230,2157,2,2.567625927525421,2.5794040281104,88.05307997330297,9.379294099171608,0.9029877115150563,8.468454320599898,0.007852067056652664
gRNA_14648,2875,76,2799,344,2256,199,338,15,2256,2446,0,2247,199,0.5359056806002144,80.60021436227224,12.075741336191497,87.38835298320828,0.0,80.27867095391211,7.109682029296177
gRNA_14649,20513,311,20202,3883,15423,896,3424,726,15423,16052,114,15040,898,3.5937035937035935,76.34392634392636,16.94881694881695,79.45747945747947,0.5643005643005643,74.44807444807445,4.4451044451044455
gRNA_14650,3682,0,3682,367,3192,123,134,2957,3192,591,0,214,377,80.30961434003258,86.69201520912547,3.639326453014666,16.051059206952743,0.0,5.81205866376969,10.239000543183053
gRNA_14651,2035,2,2033,1098,916,19,565,7,916,1461,0,1442,19,0.3443187407771766,45.05656665027053,27.79144121987211,71.86424003935072,0.0,70.92966060009837,0.9345794392523363
gRNA_14652,27118,1,27117,25163,1824,130,11793,1594,1824,13730,857,12430,443,5.878231367776672,6.726407788472176,43.48932404026994,50.63244459195339,3.160379097982815,45.83840395323966,1.6336615407309067
gRNA_14653,4089,24,4065,2494,1064,507,2288,772,1064,1005,164,208,633,18.99138991389914,26.174661746617467,56.28536285362854,24.723247232472325,4.0344403444034445,5.116851168511685,15.571955719557195
gRNA_14654,7119,170,6949,3501,3351,97,714,1803,3351,4432,198,4129,105,25.946179306375015,48.22276586559217,10.274859692042021,63.77896100158296,2.849330838969636,59.41862138437185,1.5110087782414736
gRNA_14655,16661,1456,15205,10496,3781,928,1365,156,3781,13684,1193,11463,1028,1.0259782966129563,24.866820124958895,8.977310095363366,89.99671160802367,7.846103255508057,75.38967444919435,6.760933903321275
gRNA_14656,9906,6,9900,1014,8603,283,537,6086,8603,3277,85,2881,311,61.474747474747474,86.8989898989899,5.424242424242425,33.101010101010104,0.8585858585858586,29.1010101010101,3.1414141414141414
gRNA_14657,0,0,0,0,0,0,0,0,0,0,0,0,0,0.0,0.0,0.0,0.0,0.0,0.0,0.0
gRNA_14658,0,0,0,0,0,0,0,0,0,0,0,0,0,0.0,0.0,0.0,0.0,0.0,0.0,0.0
gRNA_14659,0,0,0,0,0,0,0,0,0,0,0,0,0,0.0,0.0,0.0,0.0,0.0,0.0,0.0
gRNA_14660,0,0,0,0,0,0,0,0,0,0,0,0,0,0.0,0.0,0.0,0.0,0.0,0.0,0.0
gRNA_14661,0,0,0,0,0,0,0,0,0,0,0,0,0,0.0,0.0,0.0,0.0,0.0,0.0,0.0
gRNA_14662,0,0,0,0,0,0,0,0,0,0,0,0,0,0.0,0.0,0.0,0.0,0.0,0.0,0.0
gRNA_14663,0,0,0,0,0,0,0,0,0,0,0,0,0,0.0,0.0,0.0,0.0,0.0,0.0,0.0
gRNA_14664,0,0,0,0,0,0,0,0,0,0,0,0,0,0.0,0.0,0.0,0.0,0.0,0.0,0.0
gRNA_14665,0,0,0,0,0,0,0,0,0,0,0,0,0,0.0,0.0,0.0,0.0,0.0,0.0,0.0
gRNA_14666,0,0,0,0,0,0,0,0,0,0,0,0,0,0.0,0.0,0.0,0.0,0.0,0.0,0.0
gRNA_14667,0,0,0,0,0,0,0,0,0,0,0,0,0,0.0,0.0,0.0,0.0,0.0,0.0,0.0
gRNA_14668,0,0,0,0,0,0,0,0,0,0,0,0,0,0.0,0.0,0.0,0.0,0.0,0.0,0.0
gRNA_14669,0,0,0,0,0,0,0,0,0,0,0,0,0,0.0,0.0,0.0,0.0,0.0,0.0,0.0
gRNA_14670,0,0,0,0,0,0,0,0,0,0,0,0,0,0.0,0.0,0.0,0.0,0.0,0.0,0.0
gRNA_14671,0,0,0,0,0,0,0,0,0,0,0,0,0,0.0,0.0,0.0,0.0,0.0,0.0,0.0
gRNA_14672,0,0,0,0,0,0,0,0,0,0,0,0,0,0.0,0.0,0.0,0.0,0.0,0.0,0.0
gRNA_14673,0,0,0,0,0,0,0,0,0,0,0,0,0,0.0,0.0,0.0,0.0,0.0,0.0,0.0
gRNA_14674,0,0,0,0,0,0,0,0,0,0,0,0,0,0.0,0.0,0.0,0.0,0.0,0.0,0.0
gRNA_14675,0,0,0,0,0,0,0,0,0,0,0,0,0,0.0,0.0,0.0,0.0,0.0,0.0,0.0
gRNA_14676,0,0,0,0,0,0,0,0,0,0,0,0,0,0.0,0.0,0.0,0.0,0.0,0.0,0.0
gRNA_14677,0,0,0,0,0,0,0,0,0,0,0,0,0,0.0,0.0,0.0,0.0,0.0,0.0,0.0
gRNA_14678,0,0,0,0,0,0,0,0,0,0,0,0,0,0.0,0.0,0.0,0.0,0.0,0.0,0.0
gRNA_14679,0,0,0,0,0,0,0,0,0,0,0,0,0,0.0,0.0,0.0,0.0,0.0,0.0,0.0
gRNA_14680,0,0,0,0,0,0,0,0,0,0,0,0,0,0.0,0.0,0.0,0.0,0.0,0.0,0.0
gRNA_14681,0,0,0,0,0,0,0,0,0,0,0,0,0,0.0,0.0,0.0,0.0,0.0,0.0,0.0
gRNA_14682,0,0,0,0,0,0,0,0,0,0,0,0,0,0.0,0.0,0.0,0.0,0.0,0.0,0.0
gRNA_14683,0,0,0,0,0,0,0,0,0,0,0,0,0,0.0,0.0,0.0,0.0,0.0,0.0,0.0
gRNA_14684,0,0,0,0,0,0,0,0,0,0,0,0,0,0.0,0.0,0.0,0.0,0.0,0.0,0.0
gRNA_14685,0,0,0,0,0,0,0,0,0,0,0,0,0,0.0,0.0,0.0,0.0,0.0,0.0,0.0
gRNA_14686,0,0,0,0,0,0,0,0,0,0,0,0,0,0.0,0.0,0.0,0.0,0.0,0.0,0.0
gRNA_14687,0,0,0,0,0,0,0,0,0,0,0,0,0,0.0,0.0,0.0,0.0,0.0,0.0,0.0
gRNA_14688,0,0,0,0,0,0,0,0,0,0,0,0,0,0.0,0.0,0.0,0.0,0.0,0.0,0.0
gRNA_14689,0,0,0,0,0,0,0,0,0,0,0,0,0,0.0,0.0,0.0,0.0,0.0,0.0,0.0
gRNA_1469,14618,117,14501,11823,2678,0,513,0,2678,13988,69,12495,1424,0.0,18.46769188331839,3.537687056065099,96.4623129439349,0.47582925315495483,86.1664712778429,9.82001241293704
gRNA_14690,0,0,0,0,0,0,0,0,0,0,0,0,0,0.0,0.0,0.0,0.0,0.0,0.0,0.0
gRNA_14691,0,0,0,0,0,0,0,0,0,0,0,0,0,0.0,0.0,0.0,0.0,0.0,0.0,0.0
gRNA_14692,0,0,0,0,0,0,0,0,0,0,0,0,0,0.0,0.0,0.0,0.0,0.0,0.0,0.0
gRNA_14693,0,0,0,0,0,0,0,0,0,0,0,0,0,0.0,0.0,0.0,0.0,0.0,0.0,0.0
gRNA_14694,0,0,0,0,0,0,0,0,0,0,0,0,0,0.0,0.0,0.0,0.0,0.0,0.0,0.0
gRNA_14695,0,0,0,0,0,0,0,0,0,0,0,0,0,0.0,0.0,0.0,0.0,0.0,0.0,0.0
gRNA_14696,0,0,0,0,0,0,0,0,0,0,0,0,0,0.0,0.0,0.0,0.0,0.0,0.0,0.0
gRNA_14697,0,0,0,0,0,0,0,0,0,0,0,0,0,0.0,0.0,0.0,0.0,0.0,0.0,0.0
gRNA_14698,0,0,0,0,0,0,0,0,0,0,0,0,0,0.0,0.0,0.0,0.0,0.0,0.0,0.0
gRNA_14699,0,0,0,0,0,0,0,0,0,0,0,0,0,0.0,0.0,0.0,0.0,0.0,0.0,0.0
gRNA_14700,0,0,0,0,0,0,0,0,0,0,0,0,0,0.0,0.0,0.0,0.0,0.0,0.0,0.0
gRNA_14701,0,0,0,0,0,0,0,0,0,0,0,0,0,0.0,0.0,0.0,0.0,0.0,0.0,0.0
gRNA_14702,0,0,0,0,0,0,0,0,0,0,0,0,0,0.0,0.0,0.0,0.0,0.0,0.0,0.0
gRNA_14703,0,0,0,0,0,0,0,0,0,0,0,0,0,0.0,0.0,0.0,0.0,0.0,0.0,0.0
gRNA_14704,0,0,0,0,0,0,0,0,0,0,0,0,0,0.0,0.0,0.0,0.0,0.0,0.0,0.0
gRNA_14705,0,0,0,0,0,0,0,0,0,0,0,0,0,0.0,0.0,0.0,0.0,0.0,0.0,0.0
gRNA_14706,0,0,0,0,0,0,0,0,0,0,0,0,0,0.0,0.0,0.0,0.0,0.0,0.0,0.0
gRNA_14707,0,0,0,0,0,0,0,0,0,0,0,0,0,0.0,0.0,0.0,0.0,0.0,0.0,0.0
gRNA_14708,0,0,0,0,0,0,0,0,0,0,0,0,0,0.0,0.0,0.0,0.0,0.0,0.0,0.0
gRNA_14709,0,0,0,0,0,0,0,0,0,0,0,0,0,0.0,0.0,0.0,0.0,0.0,0.0,0.0
gRNA_14710,0,0,0,0,0,0,0,0,0,0,0,0,0,0.0,0.0,0.0,0.0,0.0,0.0,0.0
gRNA_14711,0,0,0,0,0,0,0,0,0,0,0,0,0,0.0,0.0,0.0,0.0,0.0,0.0,0.0
gRNA_14712,0,0,0,0,0,0,0,0,0,0,0,0,0,0.0,0.0,0.0,0.0,0.0,0.0,0.0
gRNA_14713,0,0,0,0,0,0,0,0,0,0,0,0,0,0.0,0.0,0.0,0.0,0.0,0.0,0.0
gRNA_14714,0,0,0,0,0,0,0,0,0,0,0,0,0,0.0,0.0,0.0,0.0,0.0,0.0,0.0
gRNA_14715,0,0,0,0,0,0,0,0,0,0,0,0,0,0.0,0.0,0.0,0.0,0.0,0.0,0.0
gRNA_14716,0,0,0,0,0,0,0,0,0,0,0,0,0,0.0,0.0,0.0,0.0,0.0,0.0,0.0
gRNA_14717,0,0,0,0,0,0,0,0,0,0,0,0,0,0.0,0.0,0.0,0.0,0.0,0.0,0.0
gRNA_14718,0,0,0,0,0,0,0,0,0,0,0,0,0,0.0,0.0,0.0,0.0,0.0,0.0,0.0
gRNA_14719,0,0,0,0,0,0,0,0,0,0,0,0,0,0.0,0.0,0.0,0.0,0.0,0.0,0.0
gRNA_14720,0,0,0,0,0,0,0,0,0,0,0,0,0,0.0,0.0,0.0,0.0,0.0,0.0,0.0
gRNA_14721,0,0,0,0,0,0,0,0,0,0,0,0,0,0.0,0.0,0.0,0.0,0.0,0.0,0.0
gRNA_14722,0,0,0,0,0,0,0,0,0,0,0,0,0,0.0,0.0,0.0,0.0,0.0,0.0,0.0
gRNA_14723,0,0,0,0,0,0,0,0,0,0,0,0,0,0.0,0.0,0.0,0.0,0.0,0.0,0.0
gRNA_14724,0,0,0,0,0,0,0,0,0,0,0,0,0,0.0,0.0,0.0,0.0,0.0,0.0,0.0
gRNA_14725,0,0,0,0,0,0,0,0,0,0,0,0,0,0.0,0.0,0.0,0.0,0.0,0.0,0.0
gRNA_14726,0,0,0,0,0,0,0,0,0,0,0,0,0,0.0,0.0,0.0,0.0,0.0,0.0,0.0
gRNA_14727,0,0,0,0,0,0,0,0,0,0,0,0,0,0.0,0.0,0.0,0.0,0.0,0.0,0.0
gRNA_14728,0,0,0,0,0,0,0,0,0,0,0,0,0,0.0,0.0,0.0,0.0,0.0,0.0,0.0
gRNA_14729,0,0,0,0,0,0,0,0,0,0,0,0,0,0.0,0.0,0.0,0.0,0.0,0.0,0.0
gRNA_1473,17821,333,17488,481,16010,997,11,1492,16010,15985,325,14362,1298,8.53156450137237,91.54849039341264,0.06290027447392497,91.4055352241537,1.8584172003659651,82.1248856358646,7.422232387923147
gRNA_14730,0,0,0,0,0,0,0,0,0,0,0,0,0,0.0,0.0,0.0,0.0,0.0,0.0,0.0
gRNA_14731,0,0,0,0,0,0,0,0,0,0,0,0,0,0.0,0.0,0.0,0.0,0.0,0.0,0.0
gRNA_14732,0,0,0,0,0,0,0,0,0,0,0,0,0,0.0,0.0,0.0,0.0,0.0,0.0,0.0
gRNA_14733,0,0,0,0,0,0,0,0,0,0,0,0,0,0.0,0.0,0.0,0.0,0.0,0.0,0.0
gRNA_14734,0,0,0,0,0,0,0,0,0,0,0,0,0,0.0,0.0,0.0,0.0,0.0,0.0,0.0
gRNA_14735,0,0,0,0,0,0,0,0,0,0,0,0,0,0.0,0.0,0.0,0.0,0.0,0.0,0.0
gRNA_14736,0,0,0,0,0,0,0,0,0,0,0,0,0,0.0,0.0,0.0,0.0,0.0,0.0,0.0
gRNA_14737,0,0,0,0,0,0,0,0,0,0,0,0,0,0.0,0.0,0.0,0.0,0.0,0.0,0.0
gRNA_14738,0,0,0,0,0,0,0,0,0,0,0,0,0,0.0,0.0,0.0,0.0,0.0,0.0,0.0
gRNA_14739,0,0,0,0,0,0,0,0,0,0,0,0,0,0.0,0.0,0.0,0.0,0.0,0.0,0.0
gRNA_14740,0,0,0,0,0,0,0,0,0,0,0,0,0,0.0,0.0,0.0,0.0,0.0,0.0,0.0
gRNA_14741,0,0,0,0,0,0,0,0,0,0,0,0,0,0.0,0.0,0.0,0.0,0.0,0.0,0.0
gRNA_14742,0,0,0,0,0,0,0,0,0,0,0,0,0,0.0,0.0,0.0,0.0,0.0,0.0,0.0
gRNA_14743,0,0,0,0,0,0,0,0,0,0,0,0,0,0.0,0.0,0.0,0.0,0.0,0.0,0.0
gRNA_14744,0,0,0,0,0,0,0,0,0,0,0,0,0,0.0,0.0,0.0,0.0,0.0,0.0,0.0
gRNA_14745,0,0,0,0,0,0,0,0,0,0,0,0,0,0.0,0.0,0.0,0.0,0.0,0.0,0.0
gRNA_14746,0,0,0,0,0,0,0,0,0,0,0,0,0,0.0,0.0,0.0,0.0,0.0,0.0,0.0
gRNA_14747,0,0,0,0,0,0,0,0,0,0,0,0,0,0.0,0.0,0.0,0.0,0.0,0.0,0.0
gRNA_14748,0,0,0,0,0,0,0,0,0,0,0,0,0,0.0,0.0,0.0,0.0,0.0,0.0,0.0
gRNA_14749,0,0,0,0,0,0,0,0,0,0,0,0,0,0.0,0.0,0.0,0.0,0.0,0.0,0.0
gRNA_14750,0,0,0,0,0,0,0,0,0,0,0,0,0,0.0,0.0,0.0,0.0,0.0,0.0,0.0
gRNA_14751,0,0,0,0,0,0,0,0,0,0,0,0,0,0.0,0.0,0.0,0.0,0.0,0.0,0.0
gRNA_14752,0,0,0,0,0,0,0,0,0,0,0,0,0,0.0,0.0,0.0,0.0,0.0,0.0,0.0
gRNA_14753,0,0,0,0,0,0,0,0,0,0,0,0,0,0.0,0.0,0.0,0.0,0.0,0.0,0.0
gRNA_14754,0,0,0,0,0,0,0,0,0,0,0,0,0,0.0,0.0,0.0,0.0,0.0,0.0,0.0
gRNA_14755,0,0,0,0,0,0,0,0,0,0,0,0,0,0.0,0.0,0.0,0.0,0.0,0.0,0.0
gRNA_14756,0,0,0,0,0,0,0,0,0,0,0,0,0,0.0,0.0,0.0,0.0,0.0,0.0,0.0
gRNA_14757,0,0,0,0,0,0,0,0,0,0,0,0,0,0.0,0.0,0.0,0.0,0.0,0.0,0.0
gRNA_14758,0,0,0,0,0,0,0,0,0,0,0,0,0,0.0,0.0,0.0,0.0,0.0,0.0,0.0
gRNA_14759,0,0,0,0,0,0,0,0,0,0,0,0,0,0.0,0.0,0.0,0.0,0.0,0.0,0.0
gRNA_14760,0,0,0,0,0,0,0,0,0,0,0,0,0,0.0,0.0,0.0,0.0,0.0,0.0,0.0
gRNA_14761,0,0,0,0,0,0,0,0,0,0,0,0,0,0.0,0.0,0.0,0.0,0.0,0.0,0.0
gRNA_14762,0,0,0,0,0,0,0,0,0,0,0,0,0,0.0,0.0,0.0,0.0,0.0,0.0,0.0
gRNA_14763,0,0,0,0,0,0,0,0,0,0,0,0,0,0.0,0.0,0.0,0.0,0.0,0.0,0.0
gRNA_14764,0,0,0,0,0,0,0,0,0,0,0,0,0,0.0,0.0,0.0,0.0,0.0,0.0,0.0
gRNA_14765,0,0,0,0,0,0,0,0,0,0,0,0,0,0.0,0.0,0.0,0.0,0.0,0.0,0.0
gRNA_14766,0,0,0,0,0,0,0,0,0,0,0,0,0,0.0,0.0,0.0,0.0,0.0,0.0,0.0
gRNA_14767,0,0,0,0,0,0,0,0,0,0,0,0,0,0.0,0.0,0.0,0.0,0.0,0.0,0.0
gRNA_14768,0,0,0,0,0,0,0,0,0,0,0,0,0,0.0,0.0,0.0,0.0,0.0,0.0,0.0
gRNA_14769,0,0,0,0,0,0,0,0,0,0,0,0,0,0.0,0.0,0.0,0.0,0.0,0.0,0.0
gRNA_14770,0,0,0,0,0,0,0,0,0,0,0,0,0,0.0,0.0,0.0,0.0,0.0,0.0,0.0
gRNA_14771,0,0,0,0,0,0,0,0,0,0,0,0,0,0.0,0.0,0.0,0.0,0.0,0.0,0.0
gRNA_14772,0,0,0,0,0,0,0,0,0,0,0,0,0,0.0,0.0,0.0,0.0,0.0,0.0,0.0
gRNA_14773,0,0,0,0,0,0,0,0,0,0,0,0,0,0.0,0.0,0.0,0.0,0.0,0.0,0.0
gRNA_14774,0,0,0,0,0,0,0,0,0,0,0,0,0,0.0,0.0,0.0,0.0,0.0,0.0,0.0
gRNA_14775,0,0,0,0,0,0,0,0,0,0,0,0,0,0.0,0.0,0.0,0.0,0.0,0.0,0.0
gRNA_14776,0,0,0,0,0,0,0,0,0,0,0,0,0,0.0,0.0,0.0,0.0,0.0,0.0,0.0
gRNA_14777,0,0,0,0,0,0,0,0,0,0,0,0,0,0.0,0.0,0.0,0.0,0.0,0.0,0.0
gRNA_14778,0,0,0,0,0,0,0,0,0,0,0,0,0,0.0,0.0,0.0,0.0,0.0,0.0,0.0
gRNA_14779,0,0,0,0,0,0,0,0,0,0,0,0,0,0.0,0.0,0.0,0.0,0.0,0.0,0.0
gRNA_14780,0,0,0,0,0,0,0,0,0,0,0,0,0,0.0,0.0,0.0,0.0,0.0,0.0,0.0
gRNA_14781,0,0,0,0,0,0,0,0,0,0,0,0,0,0.0,0.0,0.0,0.0,0.0,0.0,0.0
gRNA_14782,0,0,0,0,0,0,0,0,0,0,0,0,0,0.0,0.0,0.0,0.0,0.0,0.0,0.0
gRNA_14783,0,0,0,0,0,0,0,0,0,0,0,0,0,0.0,0.0,0.0,0.0,0.0,0.0,0.0
gRNA_14784,0,0,0,0,0,0,0,0,0,0,0,0,0,0.0,0.0,0.0,0.0,0.0,0.0,0.0
gRNA_14785,0,0,0,0,0,0,0,0,0,0,0,0,0,0.0,0.0,0.0,0.0,0.0,0.0,0.0
gRNA_14786,0,0,0,0,0,0,0,0,0,0,0,0,0,0.0,0.0,0.0,0.0,0.0,0.0,0.0
gRNA_14787,0,0,0,0,0,0,0,0,0,0,0,0,0,0.0,0.0,0.0,0.0,0.0,0.0,0.0
gRNA_14788,0,0,0,0,0,0,0,0,0,0,0,0,0,0.0,0.0,0.0,0.0,0.0,0.0,0.0
gRNA_14789,0,0,0,0,0,0,0,0,0,0,0,0,0,0.0,0.0,0.0,0.0,0.0,0.0,0.0
gRNA_14790,0,0,0,0,0,0,0,0,0,0,0,0,0,0.0,0.0,0.0,0.0,0.0,0.0,0.0
gRNA_14791,0,0,0,0,0,0,0,0,0,0,0,0,0,0.0,0.0,0.0,0.0,0.0,0.0,0.0
gRNA_14792,0,0,0,0,0,0,0,0,0,0,0,0,0,0.0,0.0,0.0,0.0,0.0,0.0,0.0
gRNA_14793,0,0,0,0,0,0,0,0,0,0,0,0,0,0.0,0.0,0.0,0.0,0.0,0.0,0.0
gRNA_14794,0,0,0,0,0,0,0,0,0,0,0,0,0,0.0,0.0,0.0,0.0,0.0,0.0,0.0
gRNA_14795,0,0,0,0,0,0,0,0,0,0,0,0,0,0.0,0.0,0.0,0.0,0.0,0.0,0.0
gRNA_14796,0,0,0,0,0,0,0,0,0,0,0,0,0,0.0,0.0,0.0,0.0,0.0,0.0,0.0
gRNA_14797,0,0,0,0,0,0,0,0,0,0,0,0,0,0.0,0.0,0.0,0.0,0.0,0.0,0.0
gRNA_14798,0,0,0,0,0,0,0,0,0,0,0,0,0,0.0,0.0,0.0,0.0,0.0,0.0,0.0
gRNA_14799,0,0,0,0,0,0,0,0,0,0,0,0,0,0.0,0.0,0.0,0.0,0.0,0.0,0.0
gRNA_14800,0,0,0,0,0,0,0,0,0,0,0,0,0,0.0,0.0,0.0,0.0,0.0,0.0,0.0
gRNA_14801,0,0,0,0,0,0,0,0,0,0,0,0,0,0.0,0.0,0.0,0.0,0.0,0.0,0.0
gRNA_14802,0,0,0,0,0,0,0,0,0,0,0,0,0,0.0,0.0,0.0,0.0,0.0,0.0,0.0
gRNA_14803,0,0,0,0,0,0,0,0,0,0,0,0,0,0.0,0.0,0.0,0.0,0.0,0.0,0.0
gRNA_14804,0,0,0,0,0,0,0,0,0,0,0,0,0,0.0,0.0,0.0,0.0,0.0,0.0,0.0
gRNA_14805,0,0,0,0,0,0,0,0,0,0,0,0,0,0.0,0.0,0.0,0.0,0.0,0.0,0.0
gRNA_14806,0,0,0,0,0,0,0,0,0,0,0,0,0,0.0,0.0,0.0,0.0,0.0,0.0,0.0
gRNA_14807,0,0,0,0,0,0,0,0,0,0,0,0,0,0.0,0.0,0.0,0.0,0.0,0.0,0.0
gRNA_14808,0,0,0,0,0,0,0,0,0,0,0,0,0,0.0,0.0,0.0,0.0,0.0,0.0,0.0
gRNA_14809,0,0,0,0,0,0,0,0,0,0,0,0,0,0.0,0.0,0.0,0.0,0.0,0.0,0.0
gRNA_1481,8822,208,8614,2918,5694,2,2563,4,5694,6047,0,6045,2,0.046436034362665427,66.10169491525424,29.75388901787787,70.19967494775946,0.0,70.17645693057813,0.023218017181332713
gRNA_14810,0,0,0,0,0,0,0,0,0,0,0,0,0,0.0,0.0,0.0,0.0,0.0,0.0,0.0
gRNA_14811,0,0,0,0,0,0,0,0,0,0,0,0,0,0.0,0.0,0.0,0.0,0.0,0.0,0.0
gRNA_14812,0,0,0,0,0,0,0,0,0,0,0,0,0,0.0,0.0,0.0,0.0,0.0,0.0,0.0
gRNA_14813,0,0,0,0,0,0,0,0,0,0,0,0,0,0.0,0.0,0.0,0.0,0.0,0.0,0.0
gRNA_14814,0,0,0,0,0,0,0,0,0,0,0,0,0,0.0,0.0,0.0,0.0,0.0,0.0,0.0
gRNA_14815,0,0,0,0,0,0,0,0,0,0,0,0,0,0.0,0.0,0.0,0.0,0.0,0.0,0.0
gRNA_14816,0,0,0,0,0,0,0,0,0,0,0,0,0,0.0,0.0,0.0,0.0,0.0,0.0,0.0
gRNA_14817,0,0,0,0,0,0,0,0,0,0,0,0,0,0.0,0.0,0.0,0.0,0.0,0.0,0.0
gRNA_14818,0,0,0,0,0,0,0,0,0,0,0,0,0,0.0,0.0,0.0,0.0,0.0,0.0,0.0
gRNA_14819,0,0,0,0,0,0,0,0,0,0,0,0,0,0.0,0.0,0.0,0.0,0.0,0.0,0.0
gRNA_1482,12923,733,12190,219,11933,38,187,7430,11933,4573,53,4479,41,60.951599671862176,97.89171452009843,1.5340442986054141,37.5143560295324,0.43478260869565216,36.74323215750615,0.3363412633305988
gRNA_14820,0,0,0,0,0,0,0,0,0,0,0,0,0,0.0,0.0,0.0,0.0,0.0,0.0,0.0
gRNA_14821,0,0,0,0,0,0,0,0,0,0,0,0,0,0.0,0.0,0.0,0.0,0.0,0.0,0.0
gRNA_14822,0,0,0,0,0,0,0,0,0,0,0,0,0,0.0,0.0,0.0,0.0,0.0,0.0,0.0
gRNA_14823,0,0,0,0,0,0,0,0,0,0,0,0,0,0.0,0.0,0.0,0.0,0.0,0.0,0.0
gRNA_14824,0,0,0,0,0,0,0,0,0,0,0,0,0,0.0,0.0,0.0,0.0,0.0,0.0,0.0
gRNA_14825,0,0,0,0,0,0,0,0,0,0,0,0,0,0.0,0.0,0.0,0.0,0.0,0.0,0.0
gRNA_14826,0,0,0,0,0,0,0,0,0,0,0,0,0,0.0,0.0,0.0,0.0,0.0,0.0,0.0
gRNA_14827,0,0,0,0,0,0,0,0,0,0,0,0,0,0.0,0.0,0.0,0.0,0.0,0.0,0.0
gRNA_14828,0,0,0,0,0,0,0,0,0,0,0,0,0,0.0,0.0,0.0,0.0,0.0,0.0,0.0
gRNA_14829,0,0,0,0,0,0,0,0,0,0,0,0,0,0.0,0.0,0.0,0.0,0.0,0.0,0.0
gRNA_14830,0,0,0,0,0,0,0,0,0,0,0,0,0,0.0,0.0,0.0,0.0,0.0,0.0,0.0
gRNA_14831,0,0,0,0,0,0,0,0,0,0,0,0,0,0.0,0.0,0.0,0.0,0.0,0.0,0.0
gRNA_14832,0,0,0,0,0,0,0,0,0,0,0,0,0,0.0,0.0,0.0,0.0,0.0,0.0,0.0
gRNA_14833,0,0,0,0,0,0,0,0,0,0,0,0,0,0.0,0.0,0.0,0.0,0.0,0.0,0.0
gRNA_14834,0,0,0,0,0,0,0,0,0,0,0,0,0,0.0,0.0,0.0,0.0,0.0,0.0,0.0
gRNA_14835,0,0,0,0,0,0,0,0,0,0,0,0,0,0.0,0.0,0.0,0.0,0.0,0.0,0.0
gRNA_14836,0,0,0,0,0,0,0,0,0,0,0,0,0,0.0,0.0,0.0,0.0,0.0,0.0,0.0
gRNA_14837,0,0,0,0,0,0,0,0,0,0,0,0,0,0.0,0.0,0.0,0.0,0.0,0.0,0.0
gRNA_14838,0,0,0,0,0,0,0,0,0,0,0,0,0,0.0,0.0,0.0,0.0,0.0,0.0,0.0
gRNA_14839,0,0,0,0,0,0,0,0,0,0,0,0,0,0.0,0.0,0.0,0.0,0.0,0.0,0.0
gRNA_14840,0,0,0,0,0,0,0,0,0,0,0,0,0,0.0,0.0,0.0,0.0,0.0,0.0,0.0
gRNA_14841,0,0,0,0,0,0,0,0,0,0,0,0,0,0.0,0.0,0.0,0.0,0.0,0.0,0.0
gRNA_14842,0,0,0,0,0,0,0,0,0,0,0,0,0,0.0,0.0,0.0,0.0,0.0,0.0,0.0
gRNA_14843,0,0,0,0,0,0,0,0,0,0,0,0,0,0.0,0.0,0.0,0.0,0.0,0.0,0.0
gRNA_14844,0,0,0,0,0,0,0,0,0,0,0,0,0,0.0,0.0,0.0,0.0,0.0,0.0,0.0
gRNA_14845,0,0,0,0,0,0,0,0,0,0,0,0,0,0.0,0.0,0.0,0.0,0.0,0.0,0.0
gRNA_14846,0,0,0,0,0,0,0,0,0,0,0,0,0,0.0,0.0,0.0,0.0,0.0,0.0,0.0
gRNA_14847,0,0,0,0,0,0,0,0,0,0,0,0,0,0.0,0.0,0.0,0.0,0.0,0.0,0.0
gRNA_14848,0,0,0,0,0,0,0,0,0,0,0,0,0,0.0,0.0,0.0,0.0,0.0,0.0,0.0
gRNA_14849,0,0,0,0,0,0,0,0,0,0,0,0,0,0.0,0.0,0.0,0.0,0.0,0.0,0.0
gRNA_14850,0,0,0,0,0,0,0,0,0,0,0,0,0,0.0,0.0,0.0,0.0,0.0,0.0,0.0
gRNA_14851,0,0,0,0,0,0,0,0,0,0,0,0,0,0.0,0.0,0.0,0.0,0.0,0.0,0.0
gRNA_14852,0,0,0,0,0,0,0,0,0,0,0,0,0,0.0,0.0,0.0,0.0,0.0,0.0,0.0
gRNA_14853,0,0,0,0,0,0,0,0,0,0,0,0,0,0.0,0.0,0.0,0.0,0.0,0.0,0.0
gRNA_14854,0,0,0,0,0,0,0,0,0,0,0,0,0,0.0,0.0,0.0,0.0,0.0,0.0,0.0
gRNA_14855,0,0,0,0,0,0,0,0,0,0,0,0,0,0.0,0.0,0.0,0.0,0.0,0.0,0.0
gRNA_14856,0,0,0,0,0,0,0,0,0,0,0,0,0,0.0,0.0,0.0,0.0,0.0,0.0,0.0
gRNA_14857,0,0,0,0,0,0,0,0,0,0,0,0,0,0.0,0.0,0.0,0.0,0.0,0.0,0.0
gRNA_14858,0,0,0,0,0,0,0,0,0,0,0,0,0,0.0,0.0,0.0,0.0,0.0,0.0,0.0
gRNA_14859,0,0,0,0,0,0,0,0,0,0,0,0,0,0.0,0.0,0.0,0.0,0.0,0.0,0.0
gRNA_1486,9877,118,9759,8995,740,24,8843,736,740,180,0,156,24,7.541756327492571,7.582744133620248,90.61379239676197,1.8444512757454659,0.0,1.5985244389794036,0.24592683676606208
gRNA_14860,0,0,0,0,0,0,0,0,0,0,0,0,0,0.0,0.0,0.0,0.0,0.0,0.0,0.0
gRNA_14861,0,0,0,0,0,0,0,0,0,0,0,0,0,0.0,0.0,0.0,0.0,0.0,0.0,0.0
gRNA_14862,0,0,0,0,0,0,0,0,0,0,0,0,0,0.0,0.0,0.0,0.0,0.0,0.0,0.0
gRNA_14863,0,0,0,0,0,0,0,0,0,0,0,0,0,0.0,0.0,0.0,0.0,0.0,0.0,0.0
gRNA_14864,0,0,0,0,0,0,0,0,0,0,0,0,0,0.0,0.0,0.0,0.0,0.0,0.0,0.0
gRNA_14865,0,0,0,0,0,0,0,0,0,0,0,0,0,0.0,0.0,0.0,0.0,0.0,0.0,0.0
gRNA_14866,0,0,0,0,0,0,0,0,0,0,0,0,0,0.0,0.0,0.0,0.0,0.0,0.0,0.0
gRNA_14867,0,0,0,0,0,0,0,0,0,0,0,0,0,0.0,0.0,0.0,0.0,0.0,0.0,0.0
gRNA_14868,0,0,0,0,0,0,0,0,0,0,0,0,0,0.0,0.0,0.0,0.0,0.0,0.0,0.0
gRNA_14869,0,0,0,0,0,0,0,0,0,0,0,0,0,0.0,0.0,0.0,0.0,0.0,0.0,0.0
gRNA_14870,0,0,0,0,0,0,0,0,0,0,0,0,0,0.0,0.0,0.0,0.0,0.0,0.0,0.0
gRNA_14871,0,0,0,0,0,0,0,0,0,0,0,0,0,0.0,0.0,0.0,0.0,0.0,0.0,0.0
gRNA_14872,0,0,0,0,0,0,0,0,0,0,0,0,0,0.0,0.0,0.0,0.0,0.0,0.0,0.0
gRNA_14873,0,0,0,0,0,0,0,0,0,0,0,0,0,0.0,0.0,0.0,0.0,0.0,0.0,0.0
gRNA_14874,0,0,0,0,0,0,0,0,0,0,0,0,0,0.0,0.0,0.0,0.0,0.0,0.0,0.0
gRNA_14875,0,0,0,0,0,0,0,0,0,0,0,0,0,0.0,0.0,0.0,0.0,0.0,0.0,0.0
gRNA_14876,0,0,0,0,0,0,0,0,0,0,0,0,0,0.0,0.0,0.0,0.0,0.0,0.0,0.0
gRNA_14877,0,0,0,0,0,0,0,0,0,0,0,0,0,0.0,0.0,0.0,0.0,0.0,0.0,0.0
gRNA_14878,0,0,0,0,0,0,0,0,0,0,0,0,0,0.0,0.0,0.0,0.0,0.0,0.0,0.0
gRNA_14879,0,0,0,0,0,0,0,0,0,0,0,0,0,0.0,0.0,0.0,0.0,0.0,0.0,0.0
gRNA_14880,0,0,0,0,0,0,0,0,0,0,0,0,0,0.0,0.0,0.0,0.0,0.0,0.0,0.0
gRNA_14881,0,0,0,0,0,0,0,0,0,0,0,0,0,0.0,0.0,0.0,0.0,0.0,0.0,0.0
gRNA_14882,0,0,0,0,0,0,0,0,0,0,0,0,0,0.0,0.0,0.0,0.0,0.0,0.0,0.0
gRNA_14883,0,0,0,0,0,0,0,0,0,0,0,0,0,0.0,0.0,0.0,0.0,0.0,0.0,0.0
gRNA_14884,0,0,0,0,0,0,0,0,0,0,0,0,0,0.0,0.0,0.0,0.0,0.0,0.0,0.0
gRNA_14885,0,0,0,0,0,0,0,0,0,0,0,0,0,0.0,0.0,0.0,0.0,0.0,0.0,0.0
gRNA_14886,0,0,0,0,0,0,0,0,0,0,0,0,0,0.0,0.0,0.0,0.0,0.0,0.0,0.0
gRNA_14887,0,0,0,0,0,0,0,0,0,0,0,0,0,0.0,0.0,0.0,0.0,0.0,0.0,0.0
gRNA_14888,0,0,0,0,0,0,0,0,0,0,0,0,0,0.0,0.0,0.0,0.0,0.0,0.0,0.0
gRNA_14889,0,0,0,0,0,0,0,0,0,0,0,0,0,0.0,0.0,0.0,0.0,0.0,0.0,0.0
gRNA_14890,0,0,0,0,0,0,0,0,0,0,0,0,0,0.0,0.0,0.0,0.0,0.0,0.0,0.0
gRNA_14891,0,0,0,0,0,0,0,0,0,0,0,0,0,0.0,0.0,0.0,0.0,0.0,0.0,0.0
gRNA_14892,0,0,0,0,0,0,0,0,0,0,0,0,0,0.0,0.0,0.0,0.0,0.0,0.0,0.0
gRNA_14893,0,0,0,0,0,0,0,0,0,0,0,0,0,0.0,0.0,0.0,0.0,0.0,0.0,0.0
gRNA_14894,0,0,0,0,0,0,0,0,0,0,0,0,0,0.0,0.0,0.0,0.0,0.0,0.0,0.0
gRNA_14895,0,0,0,0,0,0,0,0,0,0,0,0,0,0.0,0.0,0.0,0.0,0.0,0.0,0.0
gRNA_14896,0,0,0,0,0,0,0,0,0,0,0,0,0,0.0,0.0,0.0,0.0,0.0,0.0,0.0
gRNA_14897,0,0,0,0,0,0,0,0,0,0,0,0,0,0.0,0.0,0.0,0.0,0.0,0.0,0.0
gRNA_14898,0,0,0,0,0,0,0,0,0,0,0,0,0,0.0,0.0,0.0,0.0,0.0,0.0,0.0
gRNA_14899,0,0,0,0,0,0,0,0,0,0,0,0,0,0.0,0.0,0.0,0.0,0.0,0.0,0.0
gRNA_14900,0,0,0,0,0,0,0,0,0,0,0,0,0,0.0,0.0,0.0,0.0,0.0,0.0,0.0
gRNA_14901,0,0,0,0,0,0,0,0,0,0,0,0,0,0.0,0.0,0.0,0.0,0.0,0.0,0.0
gRNA_14902,0,0,0,0,0,0,0,0,0,0,0,0,0,0.0,0.0,0.0,0.0,0.0,0.0,0.0
gRNA_14903,0,0,0,0,0,0,0,0,0,0,0,0,0,0.0,0.0,0.0,0.0,0.0,0.0,0.0
gRNA_14904,0,0,0,0,0,0,0,0,0,0,0,0,0,0.0,0.0,0.0,0.0,0.0,0.0,0.0
gRNA_14905,0,0,0,0,0,0,0,0,0,0,0,0,0,0.0,0.0,0.0,0.0,0.0,0.0,0.0
gRNA_14906,0,0,0,0,0,0,0,0,0,0,0,0,0,0.0,0.0,0.0,0.0,0.0,0.0,0.0
gRNA_14907,0,0,0,0,0,0,0,0,0,0,0,0,0,0.0,0.0,0.0,0.0,0.0,0.0,0.0
gRNA_14908,0,0,0,0,0,0,0,0,0,0,0,0,0,0.0,0.0,0.0,0.0,0.0,0.0,0.0
gRNA_14909,0,0,0,0,0,0,0,0,0,0,0,0,0,0.0,0.0,0.0,0.0,0.0,0.0,0.0
gRNA_14910,0,0,0,0,0,0,0,0,0,0,0,0,0,0.0,0.0,0.0,0.0,0.0,0.0,0.0
gRNA_14911,0,0,0,0,0,0,0,0,0,0,0,0,0,0.0,0.0,0.0,0.0,0.0,0.0,0.0
gRNA_14912,0,0,0,0,0,0,0,0,0,0,0,0,0,0.0,0.0,0.0,0.0,0.0,0.0,0.0
gRNA_14913,0,0,0,0,0,0,0,0,0,0,0,0,0,0.0,0.0,0.0,0.0,0.0,0.0,0.0
gRNA_14914,0,0,0,0,0,0,0,0,0,0,0,0,0,0.0,0.0,0.0,0.0,0.0,0.0,0.0
gRNA_14915,0,0,0,0,0,0,0,0,0,0,0,0,0,0.0,0.0,0.0,0.0,0.0,0.0,0.0
gRNA_14916,0,0,0,0,0,0,0,0,0,0,0,0,0,0.0,0.0,0.0,0.0,0.0,0.0,0.0
gRNA_14917,0,0,0,0,0,0,0,0,0,0,0,0,0,0.0,0.0,0.0,0.0,0.0,0.0,0.0
gRNA_14918,0,0,0,0,0,0,0,0,0,0,0,0,0,0.0,0.0,0.0,0.0,0.0,0.0,0.0
gRNA_14919,0,0,0,0,0,0,0,0,0,0,0,0,0,0.0,0.0,0.0,0.0,0.0,0.0,0.0
gRNA_14920,0,0,0,0,0,0,0,0,0,0,0,0,0,0.0,0.0,0.0,0.0,0.0,0.0,0.0
gRNA_14921,0,0,0,0,0,0,0,0,0,0,0,0,0,0.0,0.0,0.0,0.0,0.0,0.0,0.0
gRNA_14922,0,0,0,0,0,0,0,0,0,0,0,0,0,0.0,0.0,0.0,0.0,0.0,0.0,0.0
gRNA_14923,0,0,0,0,0,0,0,0,0,0,0,0,0,0.0,0.0,0.0,0.0,0.0,0.0,0.0
gRNA_14924,0,0,0,0,0,0,0,0,0,0,0,0,0,0.0,0.0,0.0,0.0,0.0,0.0,0.0
gRNA_14925,0,0,0,0,0,0,0,0,0,0,0,0,0,0.0,0.0,0.0,0.0,0.0,0.0,0.0
gRNA_14926,0,0,0,0,0,0,0,0,0,0,0,0,0,0.0,0.0,0.0,0.0,0.0,0.0,0.0
gRNA_14927,0,0,0,0,0,0,0,0,0,0,0,0,0,0.0,0.0,0.0,0.0,0.0,0.0,0.0
gRNA_14928,0,0,0,0,0,0,0,0,0,0,0,0,0,0.0,0.0,0.0,0.0,0.0,0.0,0.0
gRNA_14929,0,0,0,0,0,0,0,0,0,0,0,0,0,0.0,0.0,0.0,0.0,0.0,0.0,0.0
gRNA_14930,0,0,0,0,0,0,0,0,0,0,0,0,0,0.0,0.0,0.0,0.0,0.0,0.0,0.0
gRNA_14931,0,0,0,0,0,0,0,0,0,0,0,0,0,0.0,0.0,0.0,0.0,0.0,0.0,0.0
gRNA_14932,0,0,0,0,0,0,0,0,0,0,0,0,0,0.0,0.0,0.0,0.0,0.0,0.0,0.0
gRNA_14933,0,0,0,0,0,0,0,0,0,0,0,0,0,0.0,0.0,0.0,0.0,0.0,0.0,0.0
gRNA_14934,0,0,0,0,0,0,0,0,0,0,0,0,0,0.0,0.0,0.0,0.0,0.0,0.0,0.0
gRNA_14935,0,0,0,0,0,0,0,0,0,0,0,0,0,0.0,0.0,0.0,0.0,0.0,0.0,0.0
gRNA_14936,0,0,0,0,0,0,0,0,0,0,0,0,0,0.0,0.0,0.0,0.0,0.0,0.0,0.0
gRNA_14937,0,0,0,0,0,0,0,0,0,0,0,0,0,0.0,0.0,0.0,0.0,0.0,0.0,0.0
gRNA_14938,0,0,0,0,0,0,0,0,0,0,0,0,0,0.0,0.0,0.0,0.0,0.0,0.0,0.0
gRNA_14939,0,0,0,0,0,0,0,0,0,0,0,0,0,0.0,0.0,0.0,0.0,0.0,0.0,0.0
gRNA_14940,0,0,0,0,0,0,0,0,0,0,0,0,0,0.0,0.0,0.0,0.0,0.0,0.0,0.0
gRNA_14941,0,0,0,0,0,0,0,0,0,0,0,0,0,0.0,0.0,0.0,0.0,0.0,0.0,0.0
gRNA_14942,0,0,0,0,0,0,0,0,0,0,0,0,0,0.0,0.0,0.0,0.0,0.0,0.0,0.0
gRNA_14943,0,0,0,0,0,0,0,0,0,0,0,0,0,0.0,0.0,0.0,0.0,0.0,0.0,0.0
gRNA_14944,0,0,0,0,0,0,0,0,0,0,0,0,0,0.0,0.0,0.0,0.0,0.0,0.0,0.0
gRNA_14945,0,0,0,0,0,0,0,0,0,0,0,0,0,0.0,0.0,0.0,0.0,0.0,0.0,0.0
gRNA_14946,0,0,0,0,0,0,0,0,0,0,0,0,0,0.0,0.0,0.0,0.0,0.0,0.0,0.0
gRNA_14947,0,0,0,0,0,0,0,0,0,0,0,0,0,0.0,0.0,0.0,0.0,0.0,0.0,0.0
gRNA_14948,0,0,0,0,0,0,0,0,0,0,0,0,0,0.0,0.0,0.0,0.0,0.0,0.0,0.0
gRNA_14949,0,0,0,0,0,0,0,0,0,0,0,0,0,0.0,0.0,0.0,0.0,0.0,0.0,0.0
gRNA_14950,0,0,0,0,0,0,0,0,0,0,0,0,0,0.0,0.0,0.0,0.0,0.0,0.0,0.0
gRNA_14951,0,0,0,0,0,0,0,0,0,0,0,0,0,0.0,0.0,0.0,0.0,0.0,0.0,0.0
gRNA_14952,0,0,0,0,0,0,0,0,0,0,0,0,0,0.0,0.0,0.0,0.0,0.0,0.0,0.0
gRNA_14953,0,0,0,0,0,0,0,0,0,0,0,0,0,0.0,0.0,0.0,0.0,0.0,0.0,0.0
gRNA_14954,0,0,0,0,0,0,0,0,0,0,0,0,0,0.0,0.0,0.0,0.0,0.0,0.0,0.0
gRNA_14955,0,0,0,0,0,0,0,0,0,0,0,0,0,0.0,0.0,0.0,0.0,0.0,0.0,0.0
gRNA_14956,0,0,0,0,0,0,0,0,0,0,0,0,0,0.0,0.0,0.0,0.0,0.0,0.0,0.0
gRNA_14957,0,0,0,0,0,0,0,0,0,0,0,0,0,0.0,0.0,0.0,0.0,0.0,0.0,0.0
gRNA_14958,0,0,0,0,0,0,0,0,0,0,0,0,0,0.0,0.0,0.0,0.0,0.0,0.0,0.0
gRNA_14959,0,0,0,0,0,0,0,0,0,0,0,0,0,0.0,0.0,0.0,0.0,0.0,0.0,0.0
gRNA_14960,0,0,0,0,0,0,0,0,0,0,0,0,0,0.0,0.0,0.0,0.0,0.0,0.0,0.0
gRNA_14961,0,0,0,0,0,0,0,0,0,0,0,0,0,0.0,0.0,0.0,0.0,0.0,0.0,0.0
gRNA_14962,0,0,0,0,0,0,0,0,0,0,0,0,0,0.0,0.0,0.0,0.0,0.0,0.0,0.0
gRNA_14963,0,0,0,0,0,0,0,0,0,0,0,0,0,0.0,0.0,0.0,0.0,0.0,0.0,0.0
gRNA_14964,0,0,0,0,0,0,0,0,0,0,0,0,0,0.0,0.0,0.0,0.0,0.0,0.0,0.0
gRNA_14965,0,0,0,0,0,0,0,0,0,0,0,0,0,0.0,0.0,0.0,0.0,0.0,0.0,0.0
gRNA_14966,0,0,0,0,0,0,0,0,0,0,0,0,0,0.0,0.0,0.0,0.0,0.0,0.0,0.0
gRNA_14967,0,0,0,0,0,0,0,0,0,0,0,0,0,0.0,0.0,0.0,0.0,0.0,0.0,0.0
gRNA_14968,0,0,0,0,0,0,0,0,0,0,0,0,0,0.0,0.0,0.0,0.0,0.0,0.0,0.0
gRNA_14969,0,0,0,0,0,0,0,0,0,0,0,0,0,0.0,0.0,0.0,0.0,0.0,0.0,0.0
gRNA_1497,11642,0,11642,1356,9492,794,923,4364,9492,6355,1547,3272,1536,37.48496821851916,81.53238275210445,7.928191032468648,54.5868407490122,13.288094829067171,28.10513657447174,13.193609345473286
gRNA_14970,0,0,0,0,0,0,0,0,0,0,0,0,0,0.0,0.0,0.0,0.0,0.0,0.0,0.0
gRNA_14971,0,0,0,0,0,0,0,0,0,0,0,0,0,0.0,0.0,0.0,0.0,0.0,0.0,0.0
gRNA_14972,0,0,0,0,0,0,0,0,0,0,0,0,0,0.0,0.0,0.0,0.0,0.0,0.0,0.0
gRNA_14973,0,0,0,0,0,0,0,0,0,0,0,0,0,0.0,0.0,0.0,0.0,0.0,0.0,0.0
gRNA_14974,0,0,0,0,0,0,0,0,0,0,0,0,0,0.0,0.0,0.0,0.0,0.0,0.0,0.0
gRNA_14975,0,0,0,0,0,0,0,0,0,0,0,0,0,0.0,0.0,0.0,0.0,0.0,0.0,0.0
gRNA_14976,0,0,0,0,0,0,0,0,0,0,0,0,0,0.0,0.0,0.0,0.0,0.0,0.0,0.0
gRNA_14977,0,0,0,0,0,0,0,0,0,0,0,0,0,0.0,0.0,0.0,0.0,0.0,0.0,0.0
gRNA_14978,0,0,0,0,0,0,0,0,0,0,0,0,0,0.0,0.0,0.0,0.0,0.0,0.0,0.0
gRNA_14979,0,0,0,0,0,0,0,0,0,0,0,0,0,0.0,0.0,0.0,0.0,0.0,0.0,0.0
gRNA_14980,0,0,0,0,0,0,0,0,0,0,0,0,0,0.0,0.0,0.0,0.0,0.0,0.0,0.0
gRNA_14981,0,0,0,0,0,0,0,0,0,0,0,0,0,0.0,0.0,0.0,0.0,0.0,0.0,0.0
gRNA_14982,0,0,0,0,0,0,0,0,0,0,0,0,0,0.0,0.0,0.0,0.0,0.0,0.0,0.0
gRNA_14983,0,0,0,0,0,0,0,0,0,0,0,0,0,0.0,0.0,0.0,0.0,0.0,0.0,0.0
gRNA_14984,0,0,0,0,0,0,0,0,0,0,0,0,0,0.0,0.0,0.0,0.0,0.0,0.0,0.0
gRNA_14985,0,0,0,0,0,0,0,0,0,0,0,0,0,0.0,0.0,0.0,0.0,0.0,0.0,0.0
gRNA_14986,0,0,0,0,0,0,0,0,0,0,0,0,0,0.0,0.0,0.0,0.0,0.0,0.0,0.0
gRNA_14987,0,0,0,0,0,0,0,0,0,0,0,0,0,0.0,0.0,0.0,0.0,0.0,0.0,0.0
gRNA_14988,0,0,0,0,0,0,0,0,0,0,0,0,0,0.0,0.0,0.0,0.0,0.0,0.0,0.0
gRNA_14989,0,0,0,0,0,0,0,0,0,0,0,0,0,0.0,0.0,0.0,0.0,0.0,0.0,0.0
gRNA_14990,0,0,0,0,0,0,0,0,0,0,0,0,0,0.0,0.0,0.0,0.0,0.0,0.0,0.0
gRNA_14991,0,0,0,0,0,0,0,0,0,0,0,0,0,0.0,0.0,0.0,0.0,0.0,0.0,0.0
gRNA_14992,0,0,0,0,0,0,0,0,0,0,0,0,0,0.0,0.0,0.0,0.0,0.0,0.0,0.0
gRNA_14993,0,0,0,0,0,0,0,0,0,0,0,0,0,0.0,0.0,0.0,0.0,0.0,0.0,0.0
gRNA_14994,0,0,0,0,0,0,0,0,0,0,0,0,0,0.0,0.0,0.0,0.0,0.0,0.0,0.0
gRNA_14995,0,0,0,0,0,0,0,0,0,0,0,0,0,0.0,0.0,0.0,0.0,0.0,0.0,0.0
gRNA_14996,0,0,0,0,0,0,0,0,0,0,0,0,0,0.0,0.0,0.0,0.0,0.0,0.0,0.0
gRNA_14997,0,0,0,0,0,0,0,0,0,0,0,0,0,0.0,0.0,0.0,0.0,0.0,0.0,0.0
gRNA_14998,0,0,0,0,0,0,0,0,0,0,0,0,0,0.0,0.0,0.0,0.0,0.0,0.0,0.0
gRNA_14999,0,0,0,0,0,0,0,0,0,0,0,0,0,0.0,0.0,0.0,0.0,0.0,0.0,0.0
gRNA_15000,0,0,0,0,0,0,0,0,0,0,0,0,0,0.0,0.0,0.0,0.0,0.0,0.0,0.0
gRNA_15001,0,0,0,0,0,0,0,0,0,0,0,0,0,0.0,0.0,0.0,0.0,0.0,0.0,0.0
gRNA_15002,0,0,0,0,0,0,0,0,0,0,0,0,0,0.0,0.0,0.0,0.0,0.0,0.0,0.0
gRNA_15003,0,0,0,0,0,0,0,0,0,0,0,0,0,0.0,0.0,0.0,0.0,0.0,0.0,0.0
gRNA_15004,0,0,0,0,0,0,0,0,0,0,0,0,0,0.0,0.0,0.0,0.0,0.0,0.0,0.0
gRNA_15005,0,0,0,0,0,0,0,0,0,0,0,0,0,0.0,0.0,0.0,0.0,0.0,0.0,0.0
gRNA_15006,0,0,0,0,0,0,0,0,0,0,0,0,0,0.0,0.0,0.0,0.0,0.0,0.0,0.0
gRNA_15007,0,0,0,0,0,0,0,0,0,0,0,0,0,0.0,0.0,0.0,0.0,0.0,0.0,0.0
gRNA_15008,0,0,0,0,0,0,0,0,0,0,0,0,0,0.0,0.0,0.0,0.0,0.0,0.0,0.0
gRNA_15009,0,0,0,0,0,0,0,0,0,0,0,0,0,0.0,0.0,0.0,0.0,0.0,0.0,0.0
gRNA_15010,0,0,0,0,0,0,0,0,0,0,0,0,0,0.0,0.0,0.0,0.0,0.0,0.0,0.0
gRNA_15011,0,0,0,0,0,0,0,0,0,0,0,0,0,0.0,0.0,0.0,0.0,0.0,0.0,0.0
gRNA_1503,10955,95,10860,5711,2553,2596,530,587,2553,9743,1794,4326,3623,5.405156537753223,23.508287292817677,4.880294659300184,89.7145488029466,16.519337016574585,39.834254143646405,33.360957642725594
gRNA_1506,10006,0,10006,4718,3648,1640,3313,3255,3648,3438,30,1751,1657,32.53048171097341,36.45812512492505,33.11013391964821,34.35938436937837,0.2998201079352389,17.49950029982011,16.560063961623026
gRNA_1551,0,0,0,0,0,0,0,0,0,0,0,0,0,0.0,0.0,0.0,0.0,0.0,0.0,0.0
gRNA_1556,20668,281,20387,14630,5168,589,7082,3765,5168,9540,1691,6704,1145,18.46765095403934,25.349487418452938,34.737823122578114,46.794525923382544,8.294501397949674,32.88370039731201,5.616324128120861
gRNA_1565,8562,2472,6090,2105,3965,20,1,6,3965,6083,50,5985,48,0.09852216748768472,65.10673234811166,0.016420361247947456,99.88505747126437,0.8210180623973727,98.27586206896551,0.7881773399014778
gRNA_1567,3375,0,3375,2039,1161,175,902,743,1161,1730,0,1555,175,22.014814814814816,34.4,26.725925925925925,51.25925925925926,0.0,46.074074074074076,5.185185185185185
gRNA_1576,6446,1168,5278,1126,3963,189,437,1460,3963,3381,6,3149,226,27.661993179234557,75.08525956801819,8.27965138309966,64.05835543766578,0.11367942402425162,59.66275104206139,4.281924971580144
gRNA_1580,15615,0,15615,13709,761,1145,10731,513,761,4371,0,2921,1450,3.2853025936599423,4.873519052193403,68.7223823246878,27.992315081652258,0.0,18.706372078130006,9.285943003522254
gRNA_1726,0,0,0,0,0,0,0,0,0,0,0,0,0,0.0,0.0,0.0,0.0,0.0,0.0,0.0
gRNA_1891,10782,71,10711,8736,1975,0,8608,1152,1975,951,0,951,0,10.755298291476052,18.4389879563066,80.36597890019605,8.878722808327886,0.0,8.878722808327886,0.0
gRNA_1899,17344,796,16548,3839,12458,251,1451,640,12458,14457,437,13755,265,3.86753686246072,75.28402223833696,8.768431230360164,87.36403190717911,2.6408025138989606,83.12182741116752,1.6014019821126422
gRNA_19,16863,0,16863,5918,10938,7,448,1549,10938,14866,178,14433,255,9.1857913775722,64.86390322006761,2.65670402656704,88.15750459586076,1.055565439127083,85.58975271304038,1.512186443693293
gRNA_1902,8159,445,7714,6278,1055,381,5338,964,1055,1412,378,650,384,12.496759139227379,13.676432460461498,69.19885921700804,18.304381643764582,4.900181488203267,8.426238008815142,4.977962146746176
gRNA_1911,3886,0,3886,865,3015,6,135,325,3015,3426,41,3282,103,8.36335563561503,77.58620689655173,3.4740092640247044,88.16263510036026,1.0550694801852805,84.45702521873392,2.6505404014410705
gRNA_1915,6905,132,6773,414,6330,29,131,3731,6330,2911,0,2761,150,55.08637236084453,93.45932378561938,1.9341503026723754,42.97947733648309,0.0,40.76480141739259,2.2146759190905065
gRNA_1977,3,0,3,0,3,0,0,3,3,0,0,0,0,100.0,100.0,0.0,0.0,0.0,0.0,0.0
gRNA_2,0,0,0,0,0,0,0,0,0,0,0,0,0,0.0,0.0,0.0,0.0,0.0,0.0,0.0
gRNA_21,8206,21,8185,653,7400,132,1,160,7400,8024,274,7260,490,1.9547953573610264,90.40928527794746,0.012217470983506415,98.03298717165548,3.3475870494807576,88.69883934025657,5.9865607819181434
gRNA_2117,7270,685,6585,5946,250,389,15,0,250,6570,47,5919,604,0.0,3.7965072133637054,0.22779043280182232,99.77220956719817,0.7137433561123766,89.88610478359908,9.172361427486713
gRNA_2134,0,0,0,0,0,0,0,0,0,0,0,0,0,0.0,0.0,0.0,0.0,0.0,0.0,0.0
gRNA_2209,5013,26,4987,3017,1851,119,1378,44,1851,3565,545,2686,334,0.8822939643071986,37.116502907559656,27.631842791257267,71.48586324443554,10.928413876077803,53.860036093844,6.697413274513736
gRNA_2213,6013,537,5476,959,4020,497,243,3357,4020,1876,374,882,620,61.30387143900657,73.41124908692477,4.43754565376187,34.258582907231556,6.829802775748722,16.106647187728267,11.322132943754564
gRNA_2220,4533,396,4137,416,3683,38,16,127,3683,3994,76,3561,357,3.0698573845781967,89.02586415276771,0.38675368624607204,96.54338892917573,1.837080009668842,86.0768672951414,8.629441624365482
gRNA_2221,12103,7,12096,2459,9617,20,508,8529,9617,3059,856,1427,776,70.5109126984127,79.5056216931217,4.19973544973545,25.289351851851855,7.076719576719577,11.79728835978836,6.415343915343915
gRNA_2228,9265,0,9265,2537,6089,639,899,514,6089,7852,380,6796,676,5.547760388559094,65.72045331894225,9.703184025903939,84.74905558553696,4.101457096600107,73.35132218024825,7.296276308688614
gRNA_2237,53868,3182,50686,2542,45331,2813,159,554,45331,49973,114,45243,4616,1.0930039853213904,89.43495245235371,0.313696089650002,98.59329992502862,0.22491417748490708,89.26133449078641,9.10705125675729
gRNA_2248,17735,482,17253,1802,14453,998,4,1,14453,17248,122,15996,1130,0.00579609343302614,83.77093838752681,0.02318437373210456,99.97101953283487,0.7071233988291892,92.71431055468614,6.5495855793195386
gRNA_2252,10168,212,9956,3377,6201,378,2646,3155,6201,4155,6,3422,727,31.689433507432703,62.2840498192045,26.57693852952993,41.733627963037364,0.06026516673362796,34.37123342707915,7.3021293692245886
gRNA_2254,17041,3006,14035,6417,6782,836,169,1179,6782,12687,549,8053,4085,8.400427502671892,48.322052012825075,1.2041325258282864,90.39543997149983,3.9116494478090487,57.37798361239758,29.105806911293197
gRNA_2256,14488,51,14437,6822,7018,597,1563,4546,7018,8328,1172,6174,982,31.48853639952899,48.61120731453904,10.826348964466302,57.685114636004705,8.118030061647156,42.765117406663435,6.8019671676941185
gRNA_2265,0,0,0,0,0,0,0,0,0,0,0,0,0,0.0,0.0,0.0,0.0,0.0,0.0,0.0
gRNA_2266,9763,0,9763,1854,7665,244,486,1060,7665,8217,1143,5868,1206,10.857318447198606,78.51070367714841,4.9779780805080405,84.16470347229335,11.707466967120762,60.10447608317116,12.352760422001435
gRNA_2278,6069,0,6069,5935,121,13,1031,0,121,5038,127,4725,186,0.0,1.993738671939364,16.987971659251937,83.01202834074807,2.0926017465809856,77.85467128027682,3.064755313890262
gRNA_2291,10820,15,10805,2000,8030,775,714,2294,8030,7797,27,6978,792,21.230911614993058,74.31744562702453,6.608051827857474,72.16103655714947,0.24988431281813975,64.5812124016659,7.329939842665432
gRNA_2309,1797,0,1797,1560,232,5,1117,230,232,450,0,445,5,12.799109627156371,12.910406232609905,62.15915414579855,25.041736227045075,0.0,24.76349471341124,0.27824151363383415
gRNA_2319,20939,600,20339,5846,14138,355,81,0,14138,20258,28,18242,1988,0.0,69.51177540685383,0.39824966812527657,99.60175033187473,0.13766655194454006,89.68975859186784,9.774325188062344
gRNA_2320,7896,136,7760,2733,4940,87,2443,1886,4940,3431,56,3283,92,24.304123711340207,63.65979381443299,31.4819587628866,44.2139175257732,0.7216494845360825,42.30670103092783,1.1855670103092784
gRNA_2330,14440,1919,12521,7996,3206,1319,1577,443,3206,10501,267,7703,2531,3.53805606580944,25.60498362750579,12.5948406676783,83.86710326651226,2.1324175385352606,61.52064531586934,20.214040412107657
gRNA_2385,0,0,0,0,0,0,0,0,0,0,0,0,0,0.0,0.0,0.0,0.0,0.0,0.0,0.0
gRNA_2394,19707,1443,18264,3925,11226,3113,2623,4653,11226,10988,3085,3559,4344,25.476346911957947,61.46517739816032,14.361585632939114,60.16206745510293,16.891151992991677,19.486421375383266,23.78449408672799
gRNA_2401,0,0,0,0,0,0,0,0,0,0,0,0,0,0.0,0.0,0.0,0.0,0.0,0.0,0.0
gRNA_2420,13890,316,13574,1718,11160,696,135,104,11160,13335,262,11197,1876,0.7661706203035215,82.21600117872403,0.9945484013555326,98.23928097834094,1.930160601149256,82.48858111094741,13.820539266244293
gRNA_2421,9144,14,9130,1348,7706,76,1013,4125,7706,3992,177,3739,76,45.18072289156627,84.40306681270536,11.095290251916758,43.72398685651698,1.9386637458926617,40.95290251916758,0.8324205914567361
gRNA_2430,17740,5,17735,14518,3208,9,628,0,3208,17107,96,16934,77,0.0,18.08852551451931,3.541020580772484,96.45897941922752,0.5413025091626728,95.48350718917395,0.43416972089089373
gRNA_2432,11735,5,11730,1474,9281,975,602,7679,9281,3449,11,1985,1453,65.46462063086103,79.12190963341858,5.1321398124467175,29.40323955669224,0.0937766410912191,16.92242114236999,12.387041773231031
gRNA_2433,18193,0,18193,11825,6166,202,6207,1803,6166,10183,0,9981,202,9.910405100862969,33.89215632386083,34.11751772659814,55.97207717253889,0.0,54.86176001758918,1.110317154949706
gRNA_2436,4495,642,3853,1013,2758,82,49,12,2758,3792,49,3644,99,0.3114456267843239,71.58058655593045,1.2717363093693226,98.41681806384635,1.2717363093693226,94.57565533350636,2.569426420970672
gRNA_2443,4291,0,4291,4006,277,8,3730,272,277,289,0,281,8,6.338848753204382,6.4553717082265205,86.92612444651596,6.7350268002796545,0.0,6.548590072244233,0.186436728035423
gRNA_2444,1979,2,1977,1892,22,63,830,0,22,1147,0,1084,63,0.0,1.112797167425392,41.982802225594334,58.01719777440566,0.0,54.83055134041477,3.1866464339908953
gRNA_2447,14427,0,14427,8321,5989,117,5081,542,5989,8804,0,8659,145,3.7568448048797394,41.51244194912317,35.218687183752685,61.024468011367574,0.0,60.01940805434255,1.0050599570250225
gRNA_2448,4963,19,4944,3090,1795,59,168,0,1795,4776,0,4696,80,0.0,36.30663430420712,3.3980582524271843,96.60194174757282,0.0,94.98381877022653,1.6181229773462782
gRNA_2449,9857,521,9336,317,8625,394,27,431,8625,8878,0,8473,405,4.6165381319622965,92.38431876606684,0.28920308483290486,95.0942587832048,0.0,90.75621251071122,4.338046272493573
gRNA_2450,11085,0,11085,895,10144,46,859,9203,10144,1023,850,124,49,83.02210193955796,91.51105096977898,7.749210645015787,9.22868741542625,7.668019846639602,1.1186287776274244,0.4420387911592241
gRNA_2451,20622,1877,18745,10902,7081,762,1002,514,7081,17229,833,15411,985,2.7420645505468126,37.775406775140034,5.345425446785809,91.91251000266737,4.443851693785009,82.21392371299014,5.254734595892238
gRNA_2452,15319,138,15181,2701,11889,591,1336,8357,11889,5488,1307,3267,914,55.04907450102101,78.31499901192281,8.800474277056846,36.15045122192214,8.609446018048878,21.52032145444964,6.020683749423621
gRNA_2453,13507,610,12897,11113,1757,27,41,210,1757,12646,800,11484,362,1.6282856478250758,13.623323253469799,0.31790338838489574,98.05381096379003,6.202992944095526,89.04396371249128,2.8068543072032255
gRNA_2454,2367,0,2367,2196,158,13,789,103,158,1475,623,796,56,4.351499788762146,6.675116180819603,33.33333333333333,62.31516687790452,26.320236586396284,33.6290663286861,2.3658639628221376
gRNA_2455,17203,147,17056,3148,13520,388,694,9466,13520,6896,80,6426,390,55.499530956848034,79.26829268292683,4.068949343339588,40.431519699812384,0.46904315196998125,37.67589118198874,2.2865853658536586
gRNA_2456,9474,844,8630,531,7559,540,256,6434,7559,1940,100,1236,604,74.55388180764774,87.58980301274623,2.966396292004635,22.479721900347624,1.1587485515643106,14.322132097334878,6.998841251448436
gRNA_2459,17276,37,17239,3510,13695,34,2980,13528,13695,731,280,416,35,78.47322930564418,79.44196299089275,17.286385521201925,4.2403851731538955,1.6242241429317246,2.413133012355705,0.20302801786646557
gRNA_2460,12981,377,12604,972,10782,850,5,131,10782,12468,287,10425,1756,1.0393525864804825,85.54427165979054,0.03966994604887337,98.92097746747064,2.2770549032053315,82.71183751190098,13.932085052364329
gRNA_2461,22700,327,22373,6054,15892,427,219,29,15892,22125,1058,20181,886,0.12962052473964153,71.03204755732357,0.9788584454476378,98.89152102981272,4.728914316363474,90.20247619898986,3.9601305144593932
gRNA_2462,10025,174,9851,2361,7446,44,1395,1152,7446,7304,1,7258,45,11.694244239163536,75.58623490001015,14.160998883362094,74.14475687747438,0.010151253679829459,73.67779920820222,0.4568064155923256
gRNA_2463,23388,636,22752,21722,548,482,905,1,548,21846,0,20055,1791,0.004395218002812939,2.4085794655414907,3.97767229254571,96.01793248945147,0.0,88.1460970464135,7.871835443037975
gRNA_2464,26316,533,25783,13945,10929,909,11,0,10929,25772,29,24428,1315,0.0,42.38839545436916,0.0426637707016251,99.95733622929838,0.11247721366792073,94.74459915448163,5.100259861148819
gRNA_2465,6815,3,6812,5286,1481,45,126,1,1481,6685,2,6031,652,0.01467997651203758,21.741045214327656,1.849677040516735,98.13564298297123,0.02935995302407516,88.53493834409865,9.571344685848503
gRNA_2467,17783,432,17351,13908,2227,1216,5,0,2227,17346,210,14875,2261,0.0,12.834995101146909,0.028816782894357674,99.97118321710565,1.2103048815630224,85.72992911071408,13.03094922482854
gRNA_2468,16409,1572,14837,4199,9710,928,2432,6552,9710,5853,279,4126,1448,44.159870593785804,65.44449686594325,16.39145379793759,39.44867560827661,1.8804340500101098,27.808856237783917,9.759385320482577
gRNA_2469,15044,0,15044,9833,1995,3216,5081,1035,1995,8928,324,5348,3256,6.879819197022069,13.261100771071524,33.774262164318,59.34591863865993,2.153682531241691,35.54905610210051,21.643180005317735
gRNA_2470,10035,0,10035,1476,8206,353,958,3039,8206,6038,0,5634,404,30.284005979073243,81.77379172894868,9.546586945690084,60.16940707523667,0.0,56.14349775784754,4.0259093173891385
gRNA_2471,10658,62,10596,6786,3504,306,2,0,3504,10594,0,10180,414,0.0,33.069082672706685,0.01887504718761797,99.98112495281238,0.0,96.07399018497547,3.9071347678369195
gRNA_2474,0,0,0,0,0,0,0,0,0,0,0,0,0,0.0,0.0,0.0,0.0,0.0,0.0,0.0
gRNA_2475,7273,1,7272,3104,3943,225,1219,3400,3943,2653,1,2427,225,46.754675467546754,54.22167216721672,16.762926292629263,36.48239823982398,0.01375137513751375,33.37458745874587,3.094059405940594
gRNA_2476,19424,0,19424,3283,15274,867,741,2,15274,18681,195,17473,1013,0.010296540362438222,78.63467874794068,3.8148682042833606,96.1748352553542,1.0039126853377265,89.95572487644151,5.215197693574959
gRNA_2477,1318,0,1318,1062,252,4,983,244,252,91,0,87,4,18.512898330804248,19.119878603945374,74.58270106221548,6.904400606980274,0.0,6.600910470409711,0.30349013657056145
gRNA_2478,6065,64,6001,2689,2552,760,140,213,2552,5648,141,4744,763,3.5494084319280117,42.52624562572905,2.332944509248459,94.11764705882352,2.349608398600233,79.0534910848192,12.7145475754041
gRNA_2479,8499,593,7906,821,7048,37,568,2247,7048,5091,0,4633,458,28.421452061725272,89.14748292436124,7.184416898558058,64.39413103971667,0.0,58.60106248418923,5.793068555527448
gRNA_2480,9721,0,9721,794,7955,972,275,907,7955,8539,1,7566,972,9.330315811130543,81.83314473819566,2.8289270651167575,87.8407571237527,0.010287007509515483,77.83149881699414,9.99897129924905
gRNA_2481,13155,50,13105,3919,8136,1050,663,7992,8136,4450,1747,1587,1116,60.98435711560472,62.08317436093094,5.059137733689432,33.95650515070584,13.330789774895077,12.109881724532622,8.51583365127814
gRNA_2482,17115,0,17115,13110,1655,2350,10459,1028,1655,5628,0,3267,2361,6.006427110721589,9.669880222027462,61.11013730645632,32.88343558282209,0.0,19.08851884312007,13.794916739702016
gRNA_2483,8379,318,8061,4476,2773,812,3778,2666,2773,1617,268,517,832,33.07281974941074,34.40019848654013,46.86763428854981,20.05954596203945,3.32464954720258,6.413596327999008,10.321300086837862
gRNA_2484,31878,3,31875,23935,4266,3674,20671,3914,4266,7290,877,2660,3753,12.27921568627451,13.383529411764705,64.85019607843138,22.870588235294118,2.751372549019608,8.345098039215685,11.774117647058823
gRNA_2485,14933,240,14693,7629,4852,2212,6548,4629,4852,3516,433,859,2224,31.504798203226024,33.022527734295245,44.56543932484857,23.929762471925407,2.9469815558429184,5.8463213775267135,15.136459538555775
gRNA_2486,1133,0,1133,42,1083,8,25,1065,1083,43,16,19,8,93.9982347749338,95.58693733451015,2.206531332744925,3.795233892321271,1.412180052956752,1.6769638128861428,0.706090026478376
gRNA_2487,10492,0,10492,1662,7054,1776,1440,5900,7054,3152,127,1243,1782,56.23332062523828,67.23217689668319,13.724742661075103,30.041936713686617,1.210446054136485,11.84712161646969,16.98436904308044
gRNA_2488,14160,519,13641,2880,10286,475,2474,10195,10286,972,4,263,705,74.73792243970382,75.40502895682135,18.13650025657943,7.125577303716736,0.029323363389780806,1.9280111428780882,5.168242797448867
gRNA_2489,10278,1623,8655,7782,855,18,419,236,855,8000,1559,6394,47,2.726747544771808,9.878682842287695,4.841132293471982,92.43212016175622,18.01270941652224,73.87637203928365,0.5430387059503178
gRNA_2490,9181,0,9181,8967,193,21,6237,11,193,2933,589,2322,22,0.11981265657335803,2.1021675198780088,67.933776277094,31.94641106633264,6.415423156518897,25.291362596667028,0.23962531314671606
gRNA_2491,24685,564,24121,24096,6,19,12014,1,6,12106,262,11824,20,0.00414576510094938,0.024874590605696283,49.80722192280586,50.1886323120932,1.0861904564487375,49.01952655362547,0.0829153020189876
gRNA_2492,7931,0,7931,5939,1971,21,5604,1944,1971,383,0,362,21,24.51141091917791,24.85184718194427,70.6594376497289,4.8291514310931785,0.0,4.5643676711637875,0.264783759929391
gRNA_2493,10968,268,10700,4985,5703,12,4277,5563,5703,860,72,221,567,51.99065420560748,53.299065420560744,39.97196261682243,8.037383177570094,0.6728971962616822,2.065420560747664,5.299065420560748
gRNA_2495,22256,683,21573,3773,17585,215,100,349,17585,21124,91,19572,1461,1.6177629444212673,81.5139294488481,0.4635423909516525,97.91869466462708,0.42182357576600377,90.72451675705743,6.772354331803642
gRNA_2496,12530,0,12530,686,11831,13,566,3740,11831,8224,78,7824,322,29.848363926576216,94.42138866719873,4.517158818834797,65.63447725458899,0.6225059856344772,62.44213886671987,2.569832402234637
gRNA_2497,9703,2,9701,4003,5416,282,1917,5289,5416,2495,1041,656,798,54.52015256159159,55.82929594887125,19.760849396969384,25.71899804143903,10.730852489434078,6.762189465003608,8.22595608700134
gRNA_2498,15186,0,15186,2965,11243,978,2314,10791,11243,2081,407,636,1038,71.05887001185303,74.03529566706176,15.237718951666007,13.70341103648097,2.680100092190175,4.188067957329119,6.835242986961674
gRNA_2499,8832,0,8832,4393,3763,676,2654,3694,3763,2484,1623,132,729,41.82518115942029,42.60643115942029,30.04981884057971,28.125,18.376358695652172,1.4945652173913044,8.254076086956522
gRNA_2500,5641,615,5026,1908,2529,589,900,2486,2529,1640,2,489,1149,49.462793473935534,50.3183446080382,17.906884202148827,32.63032232391564,0.03979307600477517,9.72940708316753,22.861122164743335
gRNA_2501,12225,112,12113,777,10653,683,408,7363,10653,4342,134,3359,849,60.78593246924792,87.94683398002147,3.3682820110624947,35.845785519689585,1.106249484025427,27.730537439115,7.008998596549162
gRNA_2502,14874,0,14874,13017,1811,46,6066,356,1811,8452,406,7824,222,2.3934382143337367,12.17560844426516,40.782573618394515,56.82398816727174,2.7295952669087,52.60185558693021,1.4925373134328357
gRNA_2503,4153,258,3895,1242,2643,10,150,11,2643,3734,0,3724,10,0.28241335044929394,67.85622593068035,3.8510911424903727,95.86649550706034,0.0,95.60975609756098,0.25673940949935814
gRNA_2532,4325,166,4159,1815,1455,889,10,151,1455,3998,449,2478,1071,3.6306804520317386,34.98437124308728,0.24044241404183697,96.12887713392642,10.795864390478481,59.5816301995672,25.75138254388074
gRNA_2569,0,0,0,0,0,0,0,0,0,0,0,0,0,0.0,0.0,0.0,0.0,0.0,0.0,0.0
gRNA_2658,164,0,164,164,0,0,94,0,0,70,0,70,0,0.0,0.0,57.3170731707317,42.68292682926829,0.0,42.68292682926829,0.0
gRNA_2677,8268,235,8033,6745,1274,14,4673,1164,1274,2196,0,2181,15,14.490227810282585,15.859579235652932,58.172538279596665,27.33723391012075,0.0,27.150504170297523,0.18672973982322918
gRNA_2682,11183,121,11062,3551,7397,114,0,0,7397,11062,0,10547,515,0.0,66.86855903091666,0.0,100.0,0.0,95.34442234677275,4.655577653227264
gRNA_2690,8061,0,8061,8028,8,25,7317,4,8,740,0,715,25,0.049621635032874326,0.09924327006574865,90.77037588388538,9.180002481081752,0.0,8.869867262126286,0.3101352189554646
gRNA_2695,3450,79,3371,2674,420,277,473,83,420,2815,278,1853,684,2.4621773954316226,12.459210916641945,14.031444675170574,83.5063779293978,8.246811035301098,54.9688519727084,20.29071492138831
gRNA_2703,0,0,0,0,0,0,0,0,0,0,0,0,0,0.0,0.0,0.0,0.0,0.0,0.0,0.0
gRNA_2707,9958,7,9951,1099,8843,9,643,18,8843,9290,0,8848,442,0.18088634308109736,88.86544065923023,6.46166214450809,93.35745151241082,0.0,88.91568686564165,4.441764646769169
gRNA_2719,18263,1455,16808,5042,11030,736,2350,2404,11030,12054,108,11074,872,14.302712993812468,65.62351261304141,13.981437410756783,71.71584959543075,0.6425511661113755,65.88529271775346,5.188005711565921
gRNA_2736,8,0,8,0,8,0,0,4,8,4,0,4,0,50.0,100.0,0.0,50.0,0.0,50.0,0.0
gRNA_2738,14742,10,14732,10867,2955,910,2582,1917,2955,10233,1298,5987,2948,13.012489818083084,20.0583763236492,17.52647298398045,69.46103719793646,8.81075210426283,40.63942438229704,20.010860711376598
gRNA_2747,0,0,0,0,0,0,0,0,0,0,0,0,0,0.0,0.0,0.0,0.0,0.0,0.0,0.0
gRNA_2749,7754,0,7754,423,7273,58,191,174,7273,7389,0,7032,357,2.244003095176683,93.79675006448285,2.4632447768893475,95.29275212793397,0.0,90.68867681196802,4.604075315965953
gRNA_2760,22397,268,22129,1551,19567,1011,3,396,19567,21730,60,20642,1028,1.7895069817886033,88.4224321026707,0.013556871074156086,98.19693614713724,0.2711374214831217,93.28031090424331,4.645487821410818
gRNA_2764,15129,31,15098,705,14108,285,50,9193,14108,5855,89,5373,393,60.88885945158299,93.44284011127301,0.3311696913498477,38.779970857067156,0.5894820506027288,35.58749503245463,2.6029937740098026
gRNA_2770,17429,145,17284,6096,9459,1729,3689,9335,9459,4260,1946,487,1827,54.009488544318444,54.72691506595695,21.34343901874566,24.647072436935893,11.258967831520481,2.8176348067576953,10.570469798657719
gRNA_2772,22908,104,22804,7568,15235,1,4587,14879,15235,3338,1026,2264,48,65.24732503069637,66.8084546570777,20.11489212418874,14.637782845114891,4.499210664795649,9.928082792492546,0.2104893878266971
gRNA_2773,25199,2455,22744,137,21598,1009,29,469,21598,22246,0,21160,1086,2.0620823074217376,94.96130847696097,0.1275061554695744,97.81041153710869,0.0,93.03552585297221,4.774885684136476
gRNA_2775,0,0,0,0,0,0,0,0,0,0,0,0,0,0.0,0.0,0.0,0.0,0.0,0.0,0.0
gRNA_2795,10614,0,10614,10355,43,216,7195,20,43,3399,73,3086,240,0.1884303749764462,0.4051253061993594,67.78782739777652,32.023742227247034,0.6877708686640286,29.07480685886565,2.2611644997173546
gRNA_2800,14714,1751,12963,6547,6380,36,2153,0,6380,10810,184,10588,38,0.0,49.21700223713646,16.608809689115173,83.39119031088482,1.4194245159299546,81.67862377536063,0.2931420195942297
gRNA_2808,13291,21,13270,1939,10275,1056,39,38,10275,13193,2,12069,1122,0.2863602110022608,77.43029389600603,0.293896006028636,99.4197437829691,0.015071590052750564,90.94951017332329,8.455162019593066
gRNA_2810,0,0,0,0,0,0,0,0,0,0,0,0,0,0.0,0.0,0.0,0.0,0.0,0.0,0.0
gRNA_2831,20798,257,20541,2582,17090,869,365,12647,17090,7529,1412,5052,1065,61.56954383915097,83.19945474903851,1.7769339370040407,36.653522223844995,6.874056764519741,24.594713012998394,5.184752446326859
gRNA_2853,9571,1609,7962,5917,1338,707,2629,4,1338,5329,192,4268,869,0.050238633509168545,16.80482290881688,33.019341873901034,66.9304194925898,2.4114544084400906,53.60462195428284,10.914343129866868
gRNA_2854,6432,3,6429,1334,5051,44,519,1110,5051,4800,206,4285,309,17.26551563229118,78.5658733862187,8.0727951469902,74.66168922071861,3.204230829055841,66.65111214807902,4.806346243583761
gRNA_2863,12177,584,11593,5012,4870,1711,4917,4762,4870,1914,0,201,1713,41.07651168808764,42.0081083412404,42.413525403260586,16.509962908651772,0.0,1.733804882256534,14.776158026395239
gRNA_2867,33407,2023,31384,10967,20011,406,993,462,20011,29929,1820,24318,3791,1.4720876879938822,63.7617894468519,3.1640326280907467,95.36387968391537,5.799133316339536,77.4853428498598,12.079403517716033
gRNA_2869,21976,821,21155,17014,3697,444,2958,355,3697,17842,215,16049,1578,1.678090285984401,17.47577404868825,13.98251004490664,84.33939966910896,1.0163082013708344,75.86386197116522,7.459229496572914
gRNA_2871,17540,729,16811,1293,14441,1077,46,869,14441,15896,664,14114,1118,5.169234429837606,85.90208791862472,0.2736303610731069,94.55713520908928,3.949794777229195,83.95693296056153,6.650407471298554
gRNA_289,17186,581,16605,9487,7078,40,1291,824,7078,14490,580,12964,946,4.962360734718458,42.62571514604035,7.774766636555254,87.26287262872629,3.4929238181270703,78.07286961758506,5.697079193014153
gRNA_295,1444,0,1444,990,453,1,114,198,453,1132,208,554,370,13.71191135734072,31.371191135734072,7.894736842105263,78.39335180055402,14.40443213296399,38.365650969529085,25.62326869806094
gRNA_3011,0,0,0,0,0,0,0,0,0,0,0,0,0,0.0,0.0,0.0,0.0,0.0,0.0,0.0
gRNA_3012,0,0,0,0,0,0,0,0,0,0,0,0,0,0.0,0.0,0.0,0.0,0.0,0.0,0.0
gRNA_303,7741,229,7512,354,6742,416,106,0,6742,7406,200,6788,418,0.0,89.74973375931843,1.4110756123535677,98.58892438764644,2.6624068157614484,90.36208732694355,5.564430244941427
gRNA_3031,1,0,1,1,0,0,1,0,0,0,0,0,0,0.0,0.0,100.0,0.0,0.0,0.0,0.0
gRNA_304,11738,10,11728,1766,8198,1764,1370,6118,8198,4240,407,1878,1955,52.16575716234652,69.90109140518418,11.681446111869032,36.15279672578445,3.4703274215552526,16.012960436562075,16.669508867667123
gRNA_3052,22845,29,22816,4886,17197,733,3823,4195,17197,14798,58,13866,874,18.386220196353438,75.37254558204769,16.75578541374474,64.85799438990182,0.25420757363253854,60.77314165497896,3.8306451612903225
gRNA_3057,713,0,713,580,62,71,61,39,62,613,89,242,282,5.46984572230014,8.695652173913043,8.55539971949509,85.97475455820476,12.482468443197755,33.94109396914446,39.55119214586255
gRNA_3065,13219,524,12695,2692,9310,693,2146,8860,9310,1689,392,578,719,69.79125640015754,73.33595903899173,16.90429302875148,13.304450571090982,3.0878298542733362,4.552973611658133,5.663647105159511
gRNA_3067,10097,183,9914,9667,92,155,9501,82,92,331,0,176,155,0.8271131732902965,0.9279806334476498,95.83417389550131,3.3387129312083923,0.0,1.775267298769417,1.5634456324389752
gRNA_3073,10827,0,10827,4668,5399,760,4062,4922,5399,1843,79,1004,760,45.460423016532744,49.86607555186109,37.51731781656969,17.022259166897573,0.7296573381361411,9.273113512515009,7.019488316246421
gRNA_3077,8586,0,8586,7411,1055,120,6686,999,1055,901,6,775,120,11.635220125786164,12.287444677381783,77.87095271372002,10.493827160493826,0.06988120195667365,9.026321919403681,1.397624039133473
gRNA_3084,0,0,0,0,0,0,0,0,0,0,0,0,0,0.0,0.0,0.0,0.0,0.0,0.0,0.0
gRNA_3086,0,0,0,0,0,0,0,0,0,0,0,0,0,0.0,0.0,0.0,0.0,0.0,0.0,0.0
gRNA_3090,4455,34,4421,2349,2029,43,1686,1403,2029,1332,365,922,45,31.7349016059715,45.89459398326171,38.13616828771771,30.12893010631079,8.256050667269848,20.855010178692606,1.0178692603483375
gRNA_3092,6061,575,5486,2854,2205,427,2067,1730,2205,1689,366,847,476,31.53481589500547,40.193219103171714,37.677725118483416,30.78745898651112,6.671527524608094,15.439300036456435,8.676631425446592
gRNA_3105,12841,430,12411,3234,8727,450,225,0,8727,12186,5,11706,475,0.0,70.31665458061397,1.8129079042784626,98.18709209572154,0.04028684231729917,94.31955523326081,3.827250020143421
gRNA_3107,0,0,0,0,0,0,0,0,0,0,0,0,0,0.0,0.0,0.0,0.0,0.0,0.0,0.0
gRNA_311,3648,0,3648,3573,26,49,2931,22,26,695,37,603,55,0.6030701754385964,0.712719298245614,80.3453947368421,19.051535087719298,1.0142543859649122,16.529605263157894,1.5076754385964912
gRNA_3110,15461,454,15007,13995,814,198,776,14,814,14217,387,12990,840,0.09328979809422269,5.424135403478377,5.17092023722263,94.73578996468315,2.5787965616045847,86.5596055174252,5.597387885653362
gRNA_3118,17577,0,17577,13191,3351,1035,11527,2557,3351,3493,183,2221,1089,14.54741992376401,19.06468680662229,65.58001934346021,19.87256073277579,1.0411332991978153,12.635830915400808,6.1955965181771635
gRNA_319,14045,0,14045,973,13000,72,846,11052,13000,2147,651,1414,82,78.68992524029905,92.55962976148095,6.023495906016376,15.286578853684585,4.6351014595941615,10.067639729441082,0.5838376646493414
gRNA_324,17017,83,16934,3890,12834,210,267,1664,12834,15003,5,14787,211,9.826384788000473,75.78835478918154,1.5767095783630565,88.59690563363647,0.029526396598559115,87.32136530057872,1.2460139364591944
gRNA_335,11719,659,11060,6672,4385,3,5730,3955,4385,1375,0,1372,3,35.75949367088608,39.64737793851718,51.80831826401446,12.432188065099457,0.0,12.40506329113924,0.027124773960217
gRNA_338,17233,0,17233,11297,5696,240,11227,5661,5696,345,0,105,240,32.84976498578309,33.05286369175419,65.14826205535891,2.001972958858005,0.0,0.6092961179133058,1.392676840944699
gRNA_349,12552,241,12311,6193,4950,1168,1812,826,4950,9673,474,7956,1243,6.7094468361627815,40.20794411501909,14.718544391194865,78.57200877264235,3.8502152546503123,64.62513199577613,10.096661522215905
gRNA_3522,927,0,927,1,924,2,0,0,924,927,0,925,2,0.0,99.67637540453075,0.0,100.0,0.0,99.78425026968716,0.2157497303128371
gRNA_3523,0,0,0,0,0,0,0,0,0,0,0,0,0,0.0,0.0,0.0,0.0,0.0,0.0,0.0
gRNA_3524,0,0,0,0,0,0,0,0,0,0,0,0,0,0.0,0.0,0.0,0.0,0.0,0.0,0.0
gRNA_3525,0,0,0,0,0,0,0,0,0,0,0,0,0,0.0,0.0,0.0,0.0,0.0,0.0,0.0
gRNA_3570,0,0,0,0,0,0,0,0,0,0,0,0,0,0.0,0.0,0.0,0.0,0.0,0.0,0.0
gRNA_3579,0,0,0,0,0,0,0,0,0,0,0,0,0,0.0,0.0,0.0,0.0,0.0,0.0,0.0
gRNA_3580,0,0,0,0,0,0,0,0,0,0,0,0,0,0.0,0.0,0.0,0.0,0.0,0.0,0.0
gRNA_362,11682,0,11682,11340,113,229,10568,106,113,1008,0,779,229,0.9073788734805684,0.9673001198424928,90.46396165040233,8.628659476117104,0.0,6.668378702277007,1.9602807738400958
gRNA_366,8935,280,8655,6106,1079,1470,5587,998,1079,2070,37,529,1504,11.530906990179087,12.46678220681687,64.5522819179665,23.91681109185442,0.42749855574812246,6.11207394569613,17.37723859041017
gRNA_3677,0,0,0,0,0,0,0,0,0,0,0,0,0,0.0,0.0,0.0,0.0,0.0,0.0,0.0
gRNA_3686,0,0,0,0,0,0,0,0,0,0,0,0,0,0.0,0.0,0.0,0.0,0.0,0.0,0.0
gRNA_3698,0,0,0,0,0,0,0,0,0,0,0,0,0,0.0,0.0,0.0,0.0,0.0,0.0,0.0
gRNA_3703,0,0,0,0,0,0,0,0,0,0,0,0,0,0.0,0.0,0.0,0.0,0.0,0.0,0.0
gRNA_381,4324,36,4288,903,3082,303,755,780,3082,2753,235,2192,326,18.19029850746269,71.875,17.607276119402986,64.20242537313433,5.480410447761194,51.11940298507462,7.602611940298508
gRNA_382,33698,1792,31906,5325,24583,1998,1176,5103,24583,25627,2704,20781,2142,15.99385695480474,77.0482040995424,3.6858271171566472,80.32031592803861,8.474895004074469,65.13195010342882,6.713470820535322
gRNA_383,8516,0,8516,7123,1284,109,5219,1267,1284,2030,0,1921,109,14.877876937529354,15.077501174260217,61.28464067637388,23.83748238609676,0.0,22.55753875058713,1.279943635509629
gRNA_389,13680,44,13636,2629,9666,1341,1726,6197,9666,5713,0,4372,1341,45.445878556761514,70.88589029040774,12.657670871223234,41.896450572015254,0.0,32.062188325022,9.834262246993253
gRNA_390,10078,93,9985,9954,10,21,1488,0,10,8497,237,8037,223,0.0,0.10015022533800699,14.902353530295443,85.09764646970456,2.373560340510766,80.49073610415624,2.233350025037556
gRNA_3905,0,0,0,0,0,0,0,0,0,0,0,0,0,0.0,0.0,0.0,0.0,0.0,0.0,0.0
gRNA_3906,0,0,0,0,0,0,0,0,0,0,0,0,0,0.0,0.0,0.0,0.0,0.0,0.0,0.0
gRNA_3909,1031,0,1031,0,1029,2,0,0,1029,1031,0,1029,2,0.0,99.80601357904946,0.0,100.0,0.0,99.80601357904946,0.19398642095053348
gRNA_3918,9277,2307,6970,6765,204,1,4850,168,204,1952,5,1262,685,2.410329985652798,2.9268292682926833,69.58393113342898,28.00573888091822,0.07173601147776185,18.106169296987087,9.827833572453372
gRNA_3922,8809,0,8809,4036,4750,23,1238,174,4750,7397,164,7192,41,1.9752525825859915,53.92212509933023,14.053808604835963,83.97093881257804,1.8617323192189807,81.64377341355433,0.4654330798047452
gRNA_3930,6039,464,5575,202,5373,0,6,0,5373,5569,15,5552,2,0.0,96.37668161434978,0.10762331838565023,99.89237668161435,0.26905829596412556,99.58744394618833,0.03587443946188341
gRNA_3936,9737,27,9710,3362,5988,360,22,0,5988,9688,5,8490,1193,0.0,61.66838311019568,0.22657054582904224,99.77342945417095,0.051493305870236865,87.4356333676622,12.286302780638517
gRNA_3963,11668,0,11668,1225,9071,1372,40,1,9071,11627,958,9061,1608,0.008570449091532397,77.74254370929037,0.34281796366129585,99.64861158724717,8.210490229688036,77.65683921837504,13.781282139184093
gRNA_3981,13827,806,13021,3198,9531,292,1898,7677,9531,3446,690,2137,619,58.95860532985178,73.19714307656862,14.576453421396208,26.464941248752016,5.2991321711082096,16.411949927040933,4.753859150602873
gRNA_3983,15003,0,15003,14935,20,48,14835,20,20,148,0,100,48,0.13330667199893353,0.13330667199893353,98.88022395520896,0.9864693727921082,0.0,0.6665333599946677,0.3199360127974405
gRNA_3993,7411,0,7411,5582,1829,0,3429,1560,1829,2422,1,2420,1,21.049790851437052,24.679530427742545,46.26905950613952,32.68114964242342,0.013493455673998112,32.654162731075424,0.013493455673998112
gRNA_3997,6947,1,6946,6139,414,393,3821,282,414,2843,427,2019,397,4.05989058450907,5.960264900662252,55.010077742585665,40.93003167290527,6.147422977253095,29.067088972070255,5.7155197235819175
gRNA_4,14904,997,13907,3280,9462,1165,2839,8942,9462,2126,35,913,1178,64.29855468469117,68.03767886675774,20.414179909398143,15.287265405910693,0.2516718199467894,6.565039188897677,8.470554397066225
gRNA_4001,9330,0,9330,4691,3546,1093,1862,2623,3546,4845,54,3652,1139,28.113612004287248,38.0064308681672,19.957127545551984,51.929260450160776,0.5787781350482315,39.142550911039656,12.207931404072884
gRNA_4007,8684,0,8684,8400,282,2,7399,272,282,1013,7,1004,2,3.1321971441731917,3.247351450944265,85.2026715799171,11.665131275909719,0.08060801473975127,11.561492399815753,0.023030861354214647
gRNA_4008,6354,463,5891,1398,4178,315,1330,3585,4178,976,2,650,324,60.855542352741466,70.92174503479885,22.576812086233236,16.567645561025294,0.03395009336275675,11.033780342895943,5.499915124766593
gRNA_4016,13961,622,13339,54,13133,152,41,11601,13133,1697,22,1522,153,86.97053752155334,98.45565634605292,0.3073693680185921,12.722093110428068,0.16492990479046404,11.410150685958467,1.1470125196791363
gRNA_4029,7066,0,7066,551,5729,786,328,4196,5729,2542,179,1541,822,59.38296065666573,81.0784036229833,4.641947353523918,35.97509198981036,2.5332578545145767,21.808661194452306,11.633172940843476
gRNA_4033,0,0,0,0,0,0,0,0,0,0,0,0,0,0.0,0.0,0.0,0.0,0.0,0.0,0.0
gRNA_4046,5949,177,5772,1005,4503,264,19,3549,4503,2204,668,1103,433,61.48648648648649,78.01455301455302,0.32917532917532916,38.18433818433819,11.573111573111573,19.10949410949411,7.501732501732501
gRNA_4057,13585,38,13547,2411,9779,1357,656,1,9779,12890,241,11238,1411,0.007381708127260649,72.18572377648188,4.842400531482985,95.15021776038975,1.7789916586698162,82.95563593415515,10.415590167564774
gRNA_4063,11215,65,11150,4017,7131,2,1013,3371,7131,6766,26,6738,2,30.233183856502244,63.955156950672645,9.085201793721973,60.68161434977578,0.23318385650224213,60.430493273542595,0.017937219730941704
gRNA_4068,12073,37,12036,566,11390,80,506,129,11390,11401,5,11316,80,1.0717846460618146,94.63276836158192,4.204054503157195,94.72416085078099,0.04154204054503157,94.01794616151545,0.6646726487205051
gRNA_4070,33630,546,33084,22483,10011,590,17251,8990,10011,6843,822,4797,1224,27.17325595453996,30.25933986216903,52.14302986337807,20.68371418208197,2.4845846935074354,14.499455930359087,3.6996735582154514
gRNA_4078,10103,1448,8655,950,7525,180,745,1038,7525,6872,282,5662,928,11.993067590987868,86.94396302715194,8.607741190063548,79.39919121894859,3.2582322357019065,65.41883304448297,10.72212593876372
gRNA_4080,11343,12,11331,4323,6524,484,3094,4906,6524,3331,42,2805,484,43.29714941311447,57.576559879975285,27.305621745653518,29.39722884123202,0.3706645485835319,24.755096637543023,4.271467655105463
gRNA_4081,15610,1,15609,13367,788,1454,8028,164,788,7417,0,5959,1458,1.0506758921135242,5.048369530399128,51.431866231020564,47.51745787686591,0.0,38.17669293356397,9.340764943301942
gRNA_4082,1688,0,1688,1638,25,25,1008,7,25,673,0,648,25,0.4146919431279621,1.481042654028436,59.71563981042654,39.8696682464455,0.0,38.388625592417064,1.481042654028436
gRNA_4084,16691,1559,15132,6135,8245,752,4415,6659,8245,4058,354,2238,1466,44.006079830822095,54.48717948717948,29.176579434311396,26.81734073486651,2.3394131641554323,14.789849325931801,9.688078244779277
gRNA_4096,3141,0,3141,100,2502,539,90,1154,2502,1897,15,1342,540,36.7398917542184,79.65616045845272,2.865329512893983,60.39477873288761,0.4775549188156638,42.72524673670806,17.191977077363894
gRNA_4195,0,0,0,0,0,0,0,0,0,0,0,0,0,0.0,0.0,0.0,0.0,0.0,0.0,0.0
gRNA_4437,14515,0,14515,11405,3102,8,9870,2136,3102,2509,25,1819,665,14.715811229762316,21.370995521873922,67.9986221150534,17.285566655184294,0.17223561832586978,12.531863589390285,4.581467447468136
gRNA_4440,0,0,0,0,0,0,0,0,0,0,0,0,0,0.0,0.0,0.0,0.0,0.0,0.0,0.0
gRNA_4454,13173,5,13168,12828,172,168,9836,24,172,3308,0,2818,490,0.18226002430133656,1.3061968408262454,74.69623329283111,25.121506682867555,0.0,21.400364520048605,3.721142162818955
gRNA_4456,9746,340,9406,4694,3096,1616,361,1305,3096,7740,996,4587,2157,13.87412290027642,32.9151605358282,3.8379757601530935,82.2879013395705,10.588985753774187,48.76674463108654,22.93217095470976
gRNA_4461,0,0,0,0,0,0,0,0,0,0,0,0,0,0.0,0.0,0.0,0.0,0.0,0.0,0.0
gRNA_4577,0,0,0,0,0,0,0,0,0,0,0,0,0,0.0,0.0,0.0,0.0,0.0,0.0,0.0
gRNA_4578,0,0,0,0,0,0,0,0,0,0,0,0,0,0.0,0.0,0.0,0.0,0.0,0.0,0.0
gRNA_4621,0,0,0,0,0,0,0,0,0,0,0,0,0,0.0,0.0,0.0,0.0,0.0,0.0,0.0
gRNA_4628,0,0,0,0,0,0,0,0,0,0,0,0,0,0.0,0.0,0.0,0.0,0.0,0.0,0.0
gRNA_4735,0,0,0,0,0,0,0,0,0,0,0,0,0,0.0,0.0,0.0,0.0,0.0,0.0,0.0
gRNA_4741,23809,1220,22589,16587,5526,476,2634,0,5526,19955,2767,16072,1116,0.0,24.463234317588206,11.660542742042587,88.3394572579574,12.249324892646865,71.14967462039046,4.940457744920094
gRNA_4744,13544,19,13525,3919,8720,886,1008,2434,8720,10083,1375,7614,1094,17.99630314232902,64.47319778188539,7.452865064695009,74.55083179297597,10.166358595194085,56.29574861367838,8.088724584103513
gRNA_4754,9076,1,9075,7976,1035,64,1665,14,1035,7396,2,7269,125,0.15426997245179064,11.40495867768595,18.34710743801653,81.49862258953168,0.02203856749311295,80.099173553719,1.3774104683195594
gRNA_4758,12277,23,12254,11563,380,311,0,0,380,12254,7,11310,937,0.0,3.101028235678146,0.0,100.0,0.05712420434143953,92.29639301452586,7.646482781132691
gRNA_4759,27743,129,27614,6552,20898,164,343,615,20898,26656,109,26170,377,2.227131165350909,75.6790034040704,1.2421235605127834,96.53074527413631,0.3947273122329253,94.77076845078584,1.365249511117549
gRNA_4763,10958,96,10862,3019,7452,391,0,0,7452,10862,109,9448,1305,0.0,68.6061498803167,0.0,100.0,1.003498434910698,86.98213956914013,12.014361995949182
gRNA_4770,586,0,586,0,586,0,0,0,586,586,0,586,0,0.0,100.0,0.0,100.0,0.0,100.0,0.0
gRNA_4782,0,0,0,0,0,0,0,0,0,0,0,0,0,0.0,0.0,0.0,0.0,0.0,0.0,0.0
gRNA_4829,0,0,0,0,0,0,0,0,0,0,0,0,0,0.0,0.0,0.0,0.0,0.0,0.0,0.0
gRNA_4888,0,0,0,0,0,0,0,0,0,0,0,0,0,0.0,0.0,0.0,0.0,0.0,0.0,0.0
gRNA_516,11545,129,11416,1899,9243,274,448,4150,9243,6818,650,5566,602,36.352487736510156,80.96531184302734,3.9243167484232657,59.72319551506657,5.693763139453399,48.756131744919415,5.273300630693764
gRNA_5191,80,0,80,11,0,69,9,0,0,71,0,2,69,0.0,0.0,11.25,88.75,0.0,2.5,86.25
gRNA_5194,1,0,1,0,1,0,0,0,1,1,0,1,0,0.0,100.0,0.0,100.0,0.0,100.0,0.0
gRNA_5200,885,0,885,815,6,64,460,3,6,422,1,357,64,0.3389830508474576,0.6779661016949152,51.9774011299435,47.68361581920904,0.11299435028248588,40.33898305084746,7.231638418079096
gRNA_5208,10376,523,9853,3100,6328,425,1107,3833,6328,4913,718,3002,1193,38.90185730234446,64.22409418451232,11.235156805034,49.86298589262154,7.287120673906425,30.467877803714604,12.107987415000506
gRNA_5216,2361,171,2190,1252,742,196,799,675,742,716,46,456,214,30.82191780821918,33.881278538812786,36.48401826484019,32.69406392694064,2.1004566210045663,20.82191780821918,9.771689497716896
gRNA_522,19336,324,19012,5414,10866,2732,1290,6471,10866,11251,2251,5385,3615,34.03639806438039,57.15337681464339,6.785188302124974,59.17841363349463,11.839890595413422,28.324216284451925,19.01430675362929
gRNA_5228,0,0,0,0,0,0,0,0,0,0,0,0,0,0.0,0.0,0.0,0.0,0.0,0.0,0.0
gRNA_523,2324,0,2324,340,1916,68,45,741,1916,1538,311,1052,175,31.884681583476766,82.44406196213426,1.93631669535284,66.1790017211704,13.382099827882959,45.26678141135972,7.530120481927711
gRNA_5236,0,0,0,0,0,0,0,0,0,0,0,0,0,0.0,0.0,0.0,0.0,0.0,0.0,0.0
gRNA_525,17152,220,16932,4429,11972,531,678,0,11972,16254,9,15564,681,0.0,70.70635483108906,4.004252303330971,95.99574769666903,0.05315379163713678,91.92062367115521,4.021970233876683
gRNA_526,32727,0,32727,5144,24974,2609,803,502,24974,31422,32,28622,2768,1.5339016714028173,76.31008036178079,2.4536315580407613,96.01246677055643,0.09777859259938278,87.45683991811043,8.457848259846608
gRNA_5287,7833,1,7832,1475,6117,240,602,3877,6117,3353,195,2897,261,49.50204290091931,78.10265577119509,7.686414708886619,42.81154239019408,2.489785495403473,36.989274770173644,3.332482124616956
gRNA_5291,21186,0,21186,1243,19155,788,724,5798,19155,14664,618,13253,793,27.36712923628811,90.4134806003965,3.417351080902483,69.2155196828094,2.9170206740300197,62.555461153592,3.743037855187388
gRNA_5297,13070,0,13070,6326,4620,2124,5976,2701,4620,4393,0,2269,2124,20.665646518745216,35.34812547819433,45.7230298393267,33.61132364192808,0.0,17.36036725325172,16.250956388676357
gRNA_5299,15306,89,15217,10358,4118,741,7151,1463,4118,6603,355,5459,789,9.614247223500033,27.06183873299599,46.99349411842019,43.39225865807978,2.3329171321548268,35.87435105474141,5.184990471183545
gRNA_5305,18845,0,18845,553,18291,1,76,78,18291,18691,302,18201,188,0.41390289201379676,97.06022817723535,0.40328999734677634,99.18280711063943,1.6025470947200848,96.58264791721942,0.9976120986999204
gRNA_5315,15992,0,15992,15683,126,183,14382,94,126,1516,50,1283,183,0.5877938969484743,0.7878939469734867,89.93246623311656,9.479739869934969,0.312656328164082,8.022761380690344,1.1443221610805403
gRNA_5318,5361,137,5224,2679,2168,377,308,942,2168,3974,0,3456,518,18.03215926493109,41.50076569678408,5.895865237366003,76.07197549770291,0.0,66.15620214395099,9.915773353751915
gRNA_5322,11622,0,11622,2185,9437,0,144,4,9437,11474,179,11273,22,0.03441748408191361,81.19944932025469,1.23902942694889,98.7265530889692,1.540182412665634,96.99707451385304,0.18929616245052486
gRNA_533,18754,556,18198,4105,13627,466,2536,12900,13627,2762,997,790,975,70.88691064952192,74.88185514891747,13.935597318386636,15.177492032091438,5.478624024618091,4.341136388614133,5.357731618859216
gRNA_5343,23178,0,23178,672,22362,144,80,61,22362,23037,0,22410,627,0.26318060229528,96.47942013978773,0.34515488825610496,99.39166450944862,0.0,96.68651307274139,2.7051514367072222
gRNA_5351,18984,108,18876,3282,14400,1194,1458,3051,14400,14367,3520,9501,1346,16.16338207247298,76.28734901462174,7.724094087730451,76.11252383979657,18.64801864801865,50.333757151938975,7.13074803983895
gRNA_5353,22779,846,21933,19163,2086,684,432,0,2086,21501,124,20623,754,0.0,9.510782838644964,1.9696347968814116,98.03036520311859,0.5653581361418867,94.02726485204941,3.4377422149272787
gRNA_5373,1,0,1,0,1,0,0,0,1,1,0,1,0,0.0,100.0,0.0,100.0,0.0,100.0,0.0
gRNA_5374,0,0,0,0,0,0,0,0,0,0,0,0,0,0.0,0.0,0.0,0.0,0.0,0.0,0.0
gRNA_538,11606,851,10755,3410,6276,1069,1184,5217,6276,4354,636,2290,1428,48.507670850767084,58.35425383542538,11.00883310088331,40.48349604834961,5.913528591352859,21.292422129242215,13.277545327754533
gRNA_5501,1,0,1,0,1,0,0,0,1,1,0,1,0,0.0,100.0,0.0,100.0,0.0,100.0,0.0
gRNA_553,13437,31,13406,2078,9852,1476,1102,3295,9852,9009,547,6971,1491,24.57854691928987,73.48948232134866,8.22019991048784,67.20125317022229,4.080262568998956,51.99910487841265,11.121885722810681
gRNA_5621,0,0,0,0,0,0,0,0,0,0,0,0,0,0.0,0.0,0.0,0.0,0.0,0.0,0.0
gRNA_5624,18,0,18,0,18,0,0,0,18,18,0,18,0,0.0,100.0,0.0,100.0,0.0,100.0,0.0
gRNA_5625,0,0,0,0,0,0,0,0,0,0,0,0,0,0.0,0.0,0.0,0.0,0.0,0.0,0.0
gRNA_568,13445,0,13445,4368,8802,275,2570,6402,8802,4473,35,4140,298,47.616214206024544,65.46671625139457,19.11491260691707,33.26887318705838,0.26031982149497956,30.792116028263294,2.216437337300112
gRNA_574,2276,0,2276,1625,1,650,727,0,1,1549,0,899,650,0.0,0.04393673110720562,31.942003514938488,68.05799648506151,0.0,39.49912126537786,28.558875219683657
gRNA_5740,1,0,1,1,0,0,1,0,0,0,0,0,0,0.0,0.0,100.0,0.0,0.0,0.0,0.0
gRNA_5781,5338,961,4377,700,2799,878,454,2048,2799,1875,8,989,878,46.79003883938771,63.94790952707334,10.372401188028329,42.83755997258396,0.18277358921635825,22.595384966872288,20.05940141649532
gRNA_5783,11804,0,11804,4012,7393,399,2362,6483,7393,2959,1428,960,571,54.92206031853609,62.631311419857674,20.010166045408337,25.067773636055573,12.097594035920027,8.132836326668926,4.8373432734666215
gRNA_5786,11626,505,11121,1996,8861,264,168,357,8861,10596,207,9158,1231,3.2101429727542485,79.67808650301232,1.5106555165902347,95.27920151065553,1.8613434043701107,82.3487096484129,11.069148457872494
gRNA_5795,15185,920,14265,779,13370,116,109,0,13370,14156,0,14033,123,0.0,93.72590255871013,0.7641079565369786,99.23589204346302,0.0,98.37364178058185,0.8622502628811778
gRNA_5803,23670,0,23670,143,20642,2885,63,4978,20642,18629,12,15638,2979,21.03084072665822,87.20743557245459,0.2661596958174905,78.7029995775243,0.050697084917617236,66.0667511618082,12.585551330798477
gRNA_5805,8622,46,8576,4615,2446,1515,91,1,2446,8484,0,6652,1832,0.011660447761194029,28.521455223880597,1.0611007462686566,98.92723880597015,0.0,77.56529850746269,21.361940298507463
gRNA_5906,10666,0,10666,9457,906,303,8334,779,906,1553,3,1247,303,7.303581473842115,8.494280892555786,78.13613350834427,14.560285017813612,0.028126757922370148,11.691355709731859,2.8408025501593848
gRNA_5911,29937,1186,28751,260,28469,22,92,488,28469,28171,512,27563,96,1.6973322667037667,99.01916455079824,0.3199888699523495,97.98267886334389,1.7808076240826407,95.86796980974574,0.3339014295154951
gRNA_592,25732,1489,24243,11061,12761,421,4342,5337,12761,14564,1578,10803,2183,22.01460215319886,52.6378748504723,17.910324629790043,60.0750732170111,6.509095408984036,44.56131666872912,9.00466113929794
gRNA_5920,6530,90,6440,6412,0,28,4218,0,0,2222,0,2194,28,0.0,0.0,65.4968944099379,34.50310559006211,0.0,34.068322981366464,0.43478260869565216
gRNA_5932,14879,0,14879,10662,3652,565,6464,2305,3652,6110,627,3932,1551,15.491632502184286,24.54466025942604,43.4437798239129,41.064587673902814,4.213992875865314,26.426507157739092,10.424087640298406
gRNA_5941,11181,0,11181,10997,152,32,10173,148,152,860,82,746,32,1.323674089974063,1.3594490653787676,90.98470619801449,7.691619712011448,0.7333869957964404,6.6720329129773726,0.2861998032376353
gRNA_5952,25800,0,25800,2551,22371,878,406,16647,22371,8747,485,7323,939,64.52325581395348,86.70930232558139,1.5736434108527133,33.9031007751938,1.8798449612403103,28.38372093023256,3.6395348837209305
gRNA_5954,20518,64,20454,978,18182,1294,133,6313,18182,14008,77,12634,1297,30.864378605651705,88.89214823506406,0.6502395619438741,68.48538183240443,0.37645448323066394,61.7678693654053,6.341057983768455
gRNA_5960,24924,1,24923,8089,15182,1652,7590,12677,15182,4656,13,2991,1652,50.86466316254062,60.91562010993861,30.45379769690647,18.681539140552903,0.05216065481683586,12.00096296593508,6.628415519800987
gRNA_5964,12451,265,12186,3338,8459,389,2253,2906,8459,7027,903,5704,420,23.847037584112915,69.41572296077466,18.488429345150173,57.66453307073691,7.4101427868045295,46.80781224355818,3.4465780403742
gRNA_605,8338,534,7804,2619,5081,104,2004,4866,5081,934,393,389,152,62.3526396719631,65.10763710917479,25.679138903126603,11.968221424910302,5.035879036391594,4.984623270117888,1.9477191184008202
gRNA_6080,0,0,0,0,0,0,0,0,0,0,0,0,0,0.0,0.0,0.0,0.0,0.0,0.0,0.0
gRNA_6081,0,0,0,0,0,0,0,0,0,0,0,0,0,0.0,0.0,0.0,0.0,0.0,0.0,0.0
gRNA_6087,0,0,0,0,0,0,0,0,0,0,0,0,0,0.0,0.0,0.0,0.0,0.0,0.0,0.0
gRNA_610,11181,1866,9315,3953,4620,742,139,1408,4620,7768,727,6210,831,15.115405260332796,49.59742351046699,1.492216854535695,83.39237788513151,7.804616210413312,66.66666666666666,8.92109500805153
gRNA_6101,5451,0,5451,2376,3046,29,924,2921,3046,1606,35,1161,410,53.58649789029536,55.87965510915428,16.951018161805173,29.46248394789947,0.6420840212804989,21.298844248761696,7.521555677857274
gRNA_6111,0,0,0,0,0,0,0,0,0,0,0,0,0,0.0,0.0,0.0,0.0,0.0,0.0,0.0
gRNA_6118,13748,60,13688,3050,10045,593,151,179,10045,13358,0,12151,1207,1.3077147866744594,73.385447106955,1.103156049094097,97.58912916423145,0.0,88.77118644067797,8.817942723553477
gRNA_6125,0,0,0,0,0,0,0,0,0,0,0,0,0,0.0,0.0,0.0,0.0,0.0,0.0,0.0
gRNA_6127,12962,59,12903,1748,10120,1035,906,3262,10120,8735,71,6587,2077,25.28094241649229,78.43137254901961,7.021622878400372,67.69743470510734,0.550259629543517,51.0501433775091,16.097031698054717
gRNA_6129,3239,71,3168,127,2296,745,101,1384,2296,1683,0,938,745,43.686868686868685,72.47474747474747,3.1881313131313127,53.125,0.0,29.608585858585855,23.516414141414142
gRNA_613,16480,34,16446,5079,9602,1765,929,975,9602,14542,543,11296,2703,5.928493250638453,58.38501763346711,5.6487899793262795,88.42271677003527,3.301714702663262,68.68539462483278,16.43560744253922
gRNA_6148,20402,12,20390,477,19511,402,3,16661,19511,3726,405,2826,495,81.71162334477685,95.68906326630702,0.014713094654242276,18.273663560568906,1.9862677783227072,13.859735164296225,2.4276606179499756
gRNA_6152,36130,2358,33772,1224,29793,2755,221,8891,29793,24660,1186,19953,3521,26.326542698093096,88.21805045599905,0.6543882506218169,73.01906905128509,3.5117849105768095,59.08148762288287,10.425796517825416
gRNA_6158,8500,0,8500,6840,861,799,1159,719,861,6622,2629,3101,892,8.458823529411765,10.129411764705882,13.63529411764706,77.90588235294118,30.929411764705883,36.48235294117647,10.494117647058824
gRNA_6160,9449,87,9362,4081,4964,317,1962,1825,4964,5575,147,5104,324,19.493697927793207,53.02285836359752,20.957060457167273,59.54924161503952,1.5701773125400558,54.51826532792139,3.460798974578082
gRNA_6166,7895,36,7859,4228,3199,432,2697,2324,3199,2838,72,2326,440,29.571192263646772,40.704924290622216,34.31734317343174,36.11146456292149,0.9161470925054078,29.596640793994144,5.5986766764219364
gRNA_617,11841,1,11840,4998,6639,203,244,370,6639,11226,565,8847,1814,3.125,56.072635135135144,2.060810810810811,94.8141891891892,4.77195945945946,74.72128378378379,15.320945945945946
gRNA_6170,27407,135,27272,3747,22664,861,389,15782,22664,11101,675,9285,1141,57.86887650337342,83.10354942798475,1.4263713699031975,40.704752126723385,2.475066001760047,34.04590789087709,4.183778234086242
gRNA_6176,8243,79,8164,5610,2402,152,1403,866,2402,5895,442,4844,609,10.607545320921117,29.421852033317002,17.185203331700148,72.20725134737873,5.414012738853503,59.333659970602646,7.459578637922587
gRNA_6178,94,45,49,1,37,11,0,32,37,17,0,5,12,65.3061224489796,75.51020408163265,0.0,34.69387755102041,0.0,10.204081632653061,24.489795918367346
gRNA_6179,14071,511,13560,1548,11811,201,3,390,11811,13167,1803,10834,530,2.8761061946902653,87.10176991150442,0.022123893805309734,97.10176991150442,13.29646017699115,79.89675516224189,3.908554572271387
gRNA_6181,4643,0,4643,465,4171,7,299,3520,4171,824,65,751,8,75.8130519060952,89.8341589489554,6.4398018522506995,17.747146241654104,1.3999569244023262,16.174886926556105,0.1723023906956709
gRNA_6197,8925,848,8077,4630,3414,33,2806,2806,3414,2465,90,2260,115,34.74062151789031,42.268168874582145,34.74062151789031,30.51875696421939,1.1142751021418844,27.98068589822954,1.4237959638479634
gRNA_6215,15811,655,15156,6097,8811,248,464,602,8811,14090,474,12968,648,3.9720242808128794,58.1353919239905,3.0614937978358405,92.96648192135129,3.127474267616785,85.56347321192926,4.275534441805226
gRNA_6218,8229,848,7381,6671,447,263,1541,0,447,5840,766,4307,767,0.0,6.056089960709931,20.877929819807616,79.12207018019238,10.377997561306056,58.35252675789189,10.391545860994446
gRNA_627,15218,0,15218,14066,995,157,205,0,995,15013,21,14121,871,0.0,6.538309896175582,1.3470889735839138,98.65291102641609,0.13799448022079117,92.79143119989486,5.723485346300434
gRNA_634,1946,0,1946,801,1067,78,0,0,1067,1946,0,1868,78,0.0,54.83042137718397,0.0,100.0,0.0,95.9917780061665,4.008221993833504
gRNA_635,8920,55,8865,2329,6313,223,67,316,6313,8482,2,8257,223,3.5645798082346305,71.2126339537507,0.7557811618725324,95.67963902989284,0.022560631697687534,93.141567963903,2.5155104342921604
gRNA_636,13220,95,13125,8999,3286,840,3333,2736,3286,7056,112,6040,904,20.845714285714287,25.036190476190477,25.394285714285715,53.76,0.8533333333333334,46.01904761904762,6.887619047619048
gRNA_6370,13625,443,13182,848,11935,399,4,3041,11935,10137,1232,8464,441,23.06933697466242,90.54013048095888,0.030344409042633892,76.90031861629495,9.346077985131238,64.20876953421332,3.345471096950387
gRNA_6374,11780,10,11770,11482,200,88,1289,149,200,10332,248,9924,160,1.265930331350892,1.6992353440951573,10.951571792693288,87.78249787595583,2.1070518266779947,84.31605777400169,1.3593882752761257
gRNA_6380,17574,533,17041,14616,2118,307,12689,1943,2118,2409,0,2102,307,11.401913033272695,12.428848072296226,74.46159262954052,14.136494337186784,0.0,12.33495686872836,1.8015374684584238
gRNA_6382,22321,77,22244,1359,20774,111,0,0,20774,22244,0,22131,113,0.0,93.39147635317389,0.0,100.0,0.0,99.49199784211473,0.5080021578852724
gRNA_6400,18674,968,17706,1991,12889,2826,423,10593,12889,6690,330,3393,2967,59.82717722805828,72.79453292669152,2.389020670958997,37.78380210098272,1.8637749915282955,19.162995594713657,16.757031514740767
gRNA_6406,6203,0,6203,2854,2361,988,1464,1959,2361,2780,22,1769,989,31.58149282605191,38.0622279542157,23.601483153312913,44.81702402063517,0.3546670965661777,28.518458810253104,15.943898113815896
gRNA_6407,17123,59,17064,15988,922,154,3681,0,922,13383,694,12481,208,0.0,5.403187998124706,21.571729957805907,78.42827004219409,4.067041725269573,73.14228785747773,1.2189404594467885
gRNA_6414,22841,742,22099,3963,17281,855,1653,9561,17281,10885,343,9430,1112,43.264401104122356,78.19810851169736,7.479976469523509,49.25562242635414,1.5521064301552108,42.67161410018553,5.0319018960133945
gRNA_6433,4604,0,4604,645,3948,11,441,2778,3948,1385,0,1348,37,60.3388357949609,85.75152041702867,9.578627280625543,30.082536924413557,0.0,29.278887923544744,0.8036490008688097
gRNA_6435,77,0,77,66,6,5,66,6,6,5,0,0,5,7.792207792207792,7.792207792207792,85.71428571428571,6.493506493506493,0.0,0.0,6.493506493506493
gRNA_6436,5797,183,5614,5291,154,169,2698,121,154,2795,1,2625,169,2.1553259707873176,2.7431421446384037,48.05842536515853,49.78624866405415,0.017812611328820803,46.758104738154614,3.010331314570716
gRNA_6441,1686,1029,657,0,657,0,0,19,657,638,1,637,0,2.89193302891933,100.0,0.0,97.10806697108066,0.15220700152207,96.9558599695586,0.0
gRNA_6452,7420,1,7419,6381,353,685,2034,229,353,5156,1023,3423,710,3.0866693624477692,4.758053646043941,27.416093813182368,69.49723682436985,13.78892033966842,46.13829357056207,9.570022914139372
gRNA_6455,30586,144,30442,3309,24588,2545,24,318,24588,30100,203,23452,6445,1.0446094211944024,80.76998883122003,0.0788384468825964,98.876552131923,0.6668418632152947,77.0383023454438,21.171407923263914
gRNA_646,3232,151,3081,1038,1786,257,7,0,1786,3074,0,2812,262,0.0,57.968192145407336,0.22719896137617657,99.77280103862383,0.0,91.26906848425836,8.503732554365467
gRNA_6461,5432,2,5430,4025,480,925,449,0,480,4981,949,3071,961,0.0,8.83977900552486,8.268876611418047,91.73112338858195,17.476979742173114,56.5561694290976,17.697974217311234
gRNA_6465,112,0,112,20,92,0,18,21,92,73,0,73,0,18.75,82.14285714285714,16.071428571428573,65.17857142857143,0.0,65.17857142857143,0.0
gRNA_6470,122,0,122,122,0,0,1,0,0,121,0,37,84,0.0,0.0,0.819672131147541,99.18032786885246,0.0,30.327868852459016,68.85245901639344
gRNA_6472,0,0,0,0,0,0,0,0,0,0,0,0,0,0.0,0.0,0.0,0.0,0.0,0.0,0.0
gRNA_6478,19353,428,18925,4027,14537,361,702,12,14537,18211,965,16719,527,0.06340819022457067,76.81373844121534,3.709379128137384,96.22721268163804,5.099075297225892,88.34346103038308,2.784676354029062
gRNA_6480,0,0,0,0,0,0,0,0,0,0,0,0,0,0.0,0.0,0.0,0.0,0.0,0.0,0.0
gRNA_6483,664,0,664,278,385,1,208,353,385,103,7,94,2,53.162650602409634,57.98192771084337,31.32530120481928,15.512048192771086,1.0542168674698795,14.156626506024098,0.30120481927710846
gRNA_6497,24487,364,24123,20407,2051,1665,8198,1337,2051,14588,2873,9295,2420,5.542428387845624,8.502259254653236,33.98416449032044,60.47340712183393,11.909795630725863,38.53169174646603,10.031919744642043
gRNA_6498,4221,0,4221,3466,273,482,1159,55,273,3007,0,2525,482,1.3030087656953329,6.467661691542288,27.45794835347074,71.23904288083392,0.0,59.81994787964937,11.419095001184553
gRNA_6519,1555,231,1324,37,1282,5,0,950,1282,374,29,309,36,71.75226586102718,96.82779456193353,0.0,28.247734138972806,2.190332326283988,23.338368580060422,2.719033232628399
gRNA_6520,10854,127,10727,1790,8766,171,109,4915,8766,5703,1159,4324,220,45.81896149902116,81.71902675491751,1.016127528665983,53.16491097231285,10.804511979118113,40.30949939405239,2.050899599142351
gRNA_6530,6580,22,6558,203,6352,3,172,4114,6352,2272,688,1355,229,62.73254040866117,96.85879841415066,2.6227508386703264,34.64470875266849,10.491003354681306,20.661787130222628,3.4919182677645626
gRNA_6532,21324,0,21324,1962,18255,1107,1774,14567,18255,4983,622,3235,1126,68.31269930594635,85.6077658975802,8.319264678296754,23.368036015756893,2.9169011442506094,15.170699681110486,5.2804351903957985
gRNA_6537,18587,0,18587,5212,12541,834,686,5300,12541,12601,531,10725,1345,28.51455318233174,67.47188895464572,3.6907516005810512,67.79469521708721,2.8568354226071984,57.70161941141658,7.236240383063432
gRNA_655,27567,6129,21438,16433,3543,1462,971,16,3543,20451,857,16887,2707,0.07463382778244239,16.526728239574588,4.529340423546973,95.39602574867058,3.9975744005970704,78.77134061013155,12.62711073794197
gRNA_6556,6360,0,6360,4807,1031,522,4644,984,1031,732,1,209,522,15.471698113207546,16.21069182389937,73.0188679245283,11.50943396226415,0.015723270440251572,3.2861635220125787,8.20754716981132
gRNA_656,12289,361,11928,3466,8032,430,1349,3160,8032,7419,2286,4601,532,26.492287055667337,67.33735747820255,11.30952380952381,62.19818913480886,19.164989939637827,38.57310529845741,4.460093896713615
gRNA_6564,5606,0,5606,3575,2002,29,2,0,2002,5604,4,5570,30,0.0,35.71173742418837,0.03567606136282554,99.96432393863718,0.07135212272565108,99.35783089546914,0.5351409204423832
gRNA_6566,37121,718,36403,7185,29179,39,2218,17597,29179,16588,832,13935,1821,48.3394225750625,80.15548169106943,6.092904430953492,45.56767299398401,2.2855259181935557,38.27981210339807,5.002334972392386
gRNA_6568,7908,96,7812,5242,1755,815,207,642,1755,6963,1415,4407,1141,8.218125960061444,22.465437788018434,2.6497695852534564,89.1321044546851,18.1131592421915,56.41321044546851,14.605734767025089
gRNA_6570,25548,1055,24493,3598,19248,1647,367,11,19248,24115,202,22165,1748,0.04491079083819867,78.58571836851345,1.498387294328992,98.4567019148328,0.824725431756012,90.49524353897031,7.136732944106479
gRNA_6573,18635,2,18633,12135,6463,35,2923,5576,6463,10134,3773,5500,861,29.925401169967262,34.68577255407074,15.687221596092954,54.38737723393978,20.249020554929427,29.517522674824235,4.620834004186122
gRNA_6580,11815,10,11805,413,11209,183,278,7700,11209,3827,312,3318,197,65.2265988987717,94.95129182549768,2.354934349851758,32.418466751376535,2.6429479034307497,28.106734434561627,1.6687844133841592
gRNA_6594,8167,122,8045,536,6599,910,48,5996,6599,2001,383,620,998,74.53076444996893,82.0261031696706,0.5966438781852083,24.872591671845868,4.760720944686141,7.706650093225606,12.405220633934121
gRNA_6602,12480,178,12302,3939,8246,117,1471,14,8246,10817,3,10586,228,0.11380263371809463,67.02975125995772,11.957405299951228,87.92879206633067,0.02438627865387742,86.05104860998212,1.8533571776946838
gRNA_6610,57782,1467,56315,3224,44117,8974,925,35535,44117,19855,1786,6802,11267,63.100417295569564,78.33969635088343,1.6425463908372548,35.25703631359318,3.1714463286868506,12.078487081594602,20.00710290331173
gRNA_6611,26560,78,26482,15012,8705,2765,6180,6515,8705,13787,3552,7410,2825,24.601616192130503,32.871384336530475,23.336605996525943,52.06177781134356,13.412884223245976,27.981270296805377,10.667623291292198
gRNA_6628,28288,80,28208,8342,14431,5435,2227,39,14431,25942,516,19392,6034,0.13825865002836074,51.15924560408395,7.894923425978447,91.96681792399319,1.8292682926829267,68.74645490640953,21.391094724900736
gRNA_6629,0,0,0,0,0,0,0,0,0,0,0,0,0,0.0,0.0,0.0,0.0,0.0,0.0,0.0
gRNA_663,8126,100,8026,1876,5688,462,1802,2287,5688,3937,13,3343,581,28.494891602292547,70.86967356092698,22.45203089957638,49.053077498131074,0.16197358584600052,41.6521305756292,7.238973336655868
gRNA_6630,19099,94,19005,581,17674,750,196,14593,17674,4216,2,3149,1065,76.78505656406209,92.99657984740858,1.0313075506445673,22.18363588529334,0.010523546435148644,16.56932386214154,5.6037884767166535
gRNA_6634,5099,384,4715,3971,712,32,103,0,712,4612,64,4468,80,0.0,15.100742311770944,2.1845174973488866,97.81548250265112,1.3573700954400847,94.76139978791093,1.6967126193001063
gRNA_6635,12842,882,11960,9396,2563,1,2185,299,2563,9476,2607,6756,113,2.5,21.429765886287626,18.269230769230766,79.23076923076923,21.797658862876254,56.48829431438127,0.9448160535117057
gRNA_6647,4393,680,3713,724,2773,216,74,2628,2773,1011,301,418,292,70.77834635065985,74.68354430379746,1.9929975760840288,27.228656073256126,8.106652302720173,11.257743064907084,7.864260705628872
gRNA_6651,14906,277,14629,3995,10536,98,616,2904,10536,11109,1044,9444,621,19.850980928293115,72.0213275001709,4.2108141363046006,75.93820493540228,7.136509672568186,64.5567024403582,4.244992822475904
gRNA_6652,5038,1,5037,558,4453,26,92,1291,4453,3654,24,3603,27,25.63033551717292,88.40579710144928,1.82648401826484,72.54318046456224,0.4764740917212627,71.53067301965456,0.5360333531864204
gRNA_6653,1292,0,1292,656,630,6,387,0,630,905,0,899,6,0.0,48.76160990712074,29.953560371517028,70.04643962848297,0.0,69.58204334365325,0.46439628482972134
gRNA_6666,6899,0,6899,6874,15,10,5825,12,15,1062,0,1052,10,0.1739382519205682,0.21742281490071025,84.43252645310915,15.393535294970285,0.0,15.248586751703144,0.14494854326714016
gRNA_6669,18533,108,18425,3268,14898,259,35,1,14898,18389,31,16017,2341,0.00542740841248304,80.85753052917232,0.18995929443690637,99.80461329715061,0.16824966078697423,86.93080054274084,12.705563093622796
gRNA_6687,23033,1129,21904,6756,14364,784,1814,9454,14364,10636,1015,8642,979,43.161066471877284,65.57706355003651,8.281592403214026,48.557341124908696,4.633856829802776,39.45398100803506,4.469503287070855
gRNA_6690,20557,1286,19271,1525,16177,1569,5,2882,16177,16384,2067,10954,3363,14.955113901717606,83.9447875045405,0.025945721550516318,85.01894037673188,10.725961288983447,56.841886772871156,17.451092314877275
gRNA_6696,1398,7,1391,16,803,572,0,13,803,1378,0,805,573,0.9345794392523363,57.72825305535586,0.0,99.06542056074767,0.0,57.872034507548534,41.19338605319914
gRNA_6704,4462,0,4462,1127,3245,90,817,2483,3245,1162,0,1072,90,55.647691618108475,72.72523532048409,18.310174809502467,26.042133572389066,0.0,24.02510085163604,2.0170327207530256
gRNA_6706,7168,48,7120,324,6778,18,71,3758,6778,3291,220,2437,634,52.78089887640449,95.19662921348313,0.9971910112359551,46.22191011235955,3.089887640449438,34.227528089887635,8.904494382022472
gRNA_6712,0,0,0,0,0,0,0,0,0,0,0,0,0,0.0,0.0,0.0,0.0,0.0,0.0,0.0
gRNA_672,3860,0,3860,943,2721,196,250,413,2721,3197,400,2527,270,10.699481865284973,70.49222797927462,6.476683937823833,82.82383419689118,10.362694300518134,65.46632124352331,6.994818652849741
gRNA_6720,7051,4,7047,5259,1392,396,811,24,1392,6212,260,5282,670,0.34057045551298426,19.753086419753085,11.508443309209593,88.15098623527741,3.6895132680573295,74.95388108414929,9.50759188307081
gRNA_6722,17359,495,16864,1427,14785,652,227,9214,14785,7423,646,6112,665,54.63709677419355,87.67196394686907,1.3460626185958253,44.016840607210625,3.8306451612903225,36.24288425047438,3.943311195445921
gRNA_6743,0,0,0,0,0,0,0,0,0,0,0,0,0,0.0,0.0,0.0,0.0,0.0,0.0,0.0
gRNA_6745,2,0,2,0,2,0,0,1,2,1,0,1,0,50.0,100.0,0.0,50.0,0.0,50.0,0.0
gRNA_6781,0,0,0,0,0,0,0,0,0,0,0,0,0,0.0,0.0,0.0,0.0,0.0,0.0,0.0
gRNA_6782,0,0,0,0,0,0,0,0,0,0,0,0,0,0.0,0.0,0.0,0.0,0.0,0.0,0.0
gRNA_6797,0,0,0,0,0,0,0,0,0,0,0,0,0,0.0,0.0,0.0,0.0,0.0,0.0,0.0
gRNA_6833,0,0,0,0,0,0,0,0,0,0,0,0,0,0.0,0.0,0.0,0.0,0.0,0.0,0.0
gRNA_6834,0,0,0,0,0,0,0,0,0,0,0,0,0,0.0,0.0,0.0,0.0,0.0,0.0,0.0
gRNA_6835,0,0,0,0,0,0,0,0,0,0,0,0,0,0.0,0.0,0.0,0.0,0.0,0.0,0.0
gRNA_6842,0,0,0,0,0,0,0,0,0,0,0,0,0,0.0,0.0,0.0,0.0,0.0,0.0,0.0
gRNA_6849,2,0,2,2,0,0,1,0,0,1,0,1,0,0.0,0.0,50.0,50.0,0.0,50.0,0.0
gRNA_687,12490,513,11977,2237,9685,55,299,6112,9685,5566,392,4979,195,51.03114302412958,80.8633213659514,2.496451532103198,46.47240544376722,3.2729398012857978,41.571345078066294,1.628120564415129
gRNA_690,16483,1453,15030,3426,10941,663,2470,626,10941,11934,460,8546,2928,4.165003326679973,72.79441117764472,16.43379906852961,79.40119760479043,3.0605455755156354,56.85961410512309,19.481037924151696
gRNA_694,2201,0,2201,1033,975,193,678,430,975,1093,62,836,195,19.536574284416176,44.29804634257156,30.804179918218992,49.65924579736483,2.8169014084507045,37.982735120399816,8.85960926851431
gRNA_7011,25023,83,24940,4349,20513,78,4066,18376,20513,2498,38,1658,802,73.68083400160384,82.2493985565357,16.303127506014434,10.016038492381716,0.15236567762630313,6.6479550922213315,3.2157177225340816
gRNA_7015,27464,203,27261,20182,6171,908,669,4,6171,26588,4,25653,931,0.014672976046366604,22.63673379553208,2.454055243754815,97.53127178019881,0.014672976046366604,94.10146362936062,3.415135174791827
gRNA_7021,12595,0,12595,5699,6760,136,970,2667,6760,8958,727,7753,478,21.1750694720127,53.672092100039706,7.701468836840015,71.12346169114728,5.772131798332672,61.556173084557365,3.7951568082572447
gRNA_7023,8267,0,8267,442,6127,1698,8,4204,6127,4055,1119,1050,1886,50.852788194024434,74.11394701826539,0.0967702915205032,49.05044151445506,13.535744526430385,12.701100762066044,22.81359622595863
gRNA_703,392,0,392,359,33,0,143,30,33,219,0,218,1,7.653061224489796,8.418367346938775,36.47959183673469,55.86734693877551,0.0,55.61224489795919,0.25510204081632654
gRNA_7030,8850,1,8849,8430,253,166,8295,249,253,305,0,139,166,2.813877274268279,2.859080122047689,93.73940558255171,3.4467171431800203,0.0,1.5707989603345012,1.8759181828455194
gRNA_7034,6949,0,6949,846,5875,228,808,5471,5875,670,59,335,276,78.73075262627717,84.54453878255865,11.62757231256296,9.64167506115988,0.8490430277737804,4.82083753057994,3.9717945028061594
gRNA_7043,1875,0,1875,621,1243,11,477,1150,1243,248,5,231,12,61.33333333333333,66.29333333333334,25.44,13.226666666666667,0.26666666666666666,12.32,0.64
gRNA_7045,14507,0,14507,3694,10572,241,1953,9778,10572,2776,1012,1493,271,67.40194388915695,72.87516371406907,13.462466395533191,19.13558971530985,6.975942648376646,10.291583373543807,1.8680636933893984
gRNA_705,3911,0,3911,74,3836,1,66,2404,3836,1441,0,1440,1,61.46765533111736,98.08233188442853,1.6875479417028894,36.844796727179755,0.0,36.81922781897213,0.025568908207619537
gRNA_7056,8518,190,8328,2464,5512,352,2076,5391,5512,861,1,297,563,64.73342939481267,66.18635926993277,24.927953890489913,10.338616714697405,0.012007684918347743,3.5662824207492796,6.7603266090297796
gRNA_7059,6565,0,6565,3437,2787,341,1914,1218,2787,3433,67,2567,799,18.552932216298554,42.45239908606246,29.154607768469155,52.29246001523229,1.0205635948210205,39.101294744859096,12.17060167555217
gRNA_7065,7147,396,6751,3017,3424,310,300,1755,3424,4696,59,4273,364,25.99614871870834,50.71841208709821,4.443786105762109,69.56006517552954,0.8739446007998815,63.29432676640497,5.391793808324693
gRNA_707,1458,0,1458,1393,28,37,1291,25,28,142,1,77,64,1.7146776406035666,1.9204389574759946,88.54595336076817,9.739368998628258,0.06858710562414265,5.2812071330589845,4.38957475994513
gRNA_710,10575,684,9891,737,7874,1280,188,7132,7874,2571,162,882,1527,72.10595490850268,79.60772419371146,1.9007178242847034,25.993327267212617,1.6378525932666061,8.9171974522293,15.438277221716712
gRNA_722,23076,8,23068,18191,4775,102,4491,2798,4775,15779,81,15285,413,12.129356684584707,20.699670539275186,19.46852783076123,68.40211548465408,0.3511357724986995,66.2606207733657,1.7903589387896652
gRNA_725,31435,1025,30410,21524,7533,1353,3971,356,7533,26083,1450,22762,1871,1.1706675435711937,24.77145675764551,13.058204537980927,85.77112791844787,4.768168365669188,74.85037816507727,6.152581387701414
gRNA_726,3926,0,3926,2327,1569,30,2144,987,1569,795,0,765,30,25.140091696383088,39.96434029546612,54.61029037187978,20.249617931737138,0.0,19.485481406011207,0.7641365257259297
gRNA_7276,17775,513,17262,6376,10289,597,331,28,10289,16903,44,16243,616,0.16220600162206003,59.60491252462056,1.9175066620322094,97.92028733634574,0.2548951454060943,94.09686015525432,3.5685320356853207
gRNA_7277,19141,947,18194,2107,15139,948,10,0,15139,18184,168,17002,1014,0.0,83.20875013740793,0.05496317467296911,99.94503682532702,0.923381334505881,93.44838957898209,5.5732659118390675
gRNA_7281,30341,0,30341,30205,99,37,20138,67,99,10136,1217,8836,83,0.22082330839458159,0.32629115718005336,66.37223558880723,33.40694110279819,4.011074124122475,29.1223097458884,0.2735572327873175
gRNA_731,15023,0,15023,11607,3373,43,701,0,3373,14322,0,13513,809,0.0,22.45223989882181,4.666178526259735,95.33382147374027,0.0,89.94874525727218,5.385076216468082
gRNA_733,11934,126,11808,902,8936,1970,778,6069,8936,4961,264,2726,1971,51.39735772357723,75.67750677506776,6.588753387533876,42.01388888888889,2.2357723577235773,23.086043360433607,16.692073170731707
gRNA_735,11158,1,11157,7492,3607,58,5055,3473,3607,2629,943,1535,151,31.128439544680468,32.32947925069463,45.307878461952136,23.563681993367393,8.452092856502643,13.758178721878641,1.3534104149861073
gRNA_7361,3624,0,3624,1620,2004,0,320,34,2004,3270,16,3052,202,0.9381898454746136,55.29801324503312,8.830022075055188,90.23178807947019,0.44150110375275936,84.21633554083886,5.5739514348785875
gRNA_7365,4915,70,4845,1970,2315,560,23,232,2315,4590,1750,1908,932,4.78844169246646,47.781217750258,0.4747162022703818,94.73684210526315,36.119711042311664,39.38080495356037,19.236326109391126
gRNA_7371,16066,2708,13358,6299,6586,473,4808,3915,6586,4635,1904,2228,503,29.308279682587212,49.3037879922144,35.99341218745321,34.69830812995958,14.253630783051355,16.679143584368916,3.7655337625393024
gRNA_7372,6769,0,6769,292,6476,1,131,1856,6476,4782,16,4752,14,27.419116560791846,95.67144334465948,1.935293248633476,70.64559019057468,0.23637169448958487,70.2023932634067,0.2068252326783868
gRNA_7379,11051,432,10619,320,9493,806,81,2522,9493,8016,28,7169,819,23.749882286467653,89.3963650061211,0.762783689612958,75.48733402391939,0.26367831245880025,67.51106507204068,7.712590639419907
gRNA_7393,0,0,0,0,0,0,0,0,0,0,0,0,0,0.0,0.0,0.0,0.0,0.0,0.0,0.0
gRNA_7394,9363,15,9348,1416,7908,24,40,270,7908,9038,187,8658,193,2.8883183568677793,84.59563543003851,0.42789901583226364,96.68378262729995,2.000427899015832,92.61874197689345,2.064612751390672
gRNA_7409,1854,150,1704,1560,136,8,139,0,136,1565,0,1491,74,0.0,7.981220657276995,8.157276995305164,91.84272300469483,0.0,87.5,4.342723004694836
gRNA_742,8739,584,8155,1071,6872,212,6,846,6872,7303,56,7002,245,10.374003678724709,84.26732066217045,0.07357449417535254,89.55242182709993,0.6866952789699571,85.86143470263642,3.004291845493562
gRNA_7420,6755,17,6738,2091,4637,10,147,0,4637,6591,0,6177,414,0.0,68.81864054615613,2.1816562778272486,97.81834372217276,0.0,91.67408726625112,6.144256455921639
gRNA_7426,8682,0,8682,3565,4869,248,1119,2242,4869,5321,723,4298,300,25.823542962451047,56.08154803040774,12.888735314443679,61.28772172310527,8.327574291637871,49.504722414190276,3.455425017277125
gRNA_7429,0,0,0,0,0,0,0,0,0,0,0,0,0,0.0,0.0,0.0,0.0,0.0,0.0,0.0
gRNA_7434,3797,996,2801,2065,31,705,234,0,31,2567,57,1798,712,0.0,1.1067475901463764,8.35415922884684,91.64584077115316,2.034987504462692,64.19136022848983,25.419493038200642
gRNA_7436,10678,1,10677,2694,7427,556,113,407,7427,10157,476,9101,580,3.811932190690269,69.56073803502856,1.0583497237051607,95.12971808560458,4.458181137023509,85.23929942867848,5.4322375199025945
gRNA_7444,13645,192,13453,2615,10830,8,173,0,10830,13280,66,12466,748,0.0,80.50249015089571,1.2859585222626924,98.71404147773731,0.49059689288634506,92.66334646547239,5.560098119378577
gRNA_7446,17401,2038,15363,3766,10219,1378,263,683,10219,14417,33,13006,1378,4.445746273514287,66.5169563236347,1.7119052268437154,93.84234849964199,0.21480179652411638,84.65794441189873,8.969602291219163
gRNA_7447,5080,267,4813,629,4178,6,50,18,4178,4745,671,4000,74,0.3739871182214835,86.806565551631,1.0388531061707875,98.58715977560773,13.941408684811968,83.108248493663,1.5375025971327654
gRNA_7448,11812,1084,10728,4628,5944,156,206,416,5944,10106,1222,8613,271,3.877703206562267,55.40641312453393,1.9202087994034303,94.2020879940343,11.390753169276659,80.28523489932886,2.526099925428784
gRNA_7450,10062,30,10032,5800,4088,144,97,1,4088,9934,9,9204,721,0.009968102073365232,40.749601275917065,0.9669059011164275,99.02312599681021,0.08971291866028708,91.74641148325358,7.187001594896332
gRNA_7462,19663,856,18807,10231,8097,479,330,187,8097,18290,651,17005,634,0.9943106290211091,43.053118519700114,1.7546658159196045,97.25102355505929,3.461477109586856,90.41846121125113,3.371085234221301
gRNA_748,10522,2,10520,2064,8351,105,1537,2545,8351,6438,2,5723,713,24.192015209125476,79.38212927756653,14.610266159695817,61.19771863117871,0.019011406844106463,54.40114068441064,6.777566539923955
gRNA_7481,0,0,0,0,0,0,0,0,0,0,0,0,0,0.0,0.0,0.0,0.0,0.0,0.0,0.0
gRNA_750,9662,416,9246,1668,7534,44,1445,3975,7534,3826,1,3781,44,42.99156391953277,81.48388492321004,15.628379839930782,41.38005624053645,0.010815487778498811,40.893359290504,0.4758814622539477
gRNA_7510,0,0,0,0,0,0,0,0,0,0,0,0,0,0.0,0.0,0.0,0.0,0.0,0.0,0.0
gRNA_7511,14,0,14,14,0,0,1,0,0,13,0,13,0,0.0,0.0,7.142857142857142,92.85714285714286,0.0,92.85714285714286,0.0
gRNA_7512,0,0,0,0,0,0,0,0,0,0,0,0,0,0.0,0.0,0.0,0.0,0.0,0.0,0.0
gRNA_7513,0,0,0,0,0,0,0,0,0,0,0,0,0,0.0,0.0,0.0,0.0,0.0,0.0,0.0
gRNA_7514,0,0,0,0,0,0,0,0,0,0,0,0,0,0.0,0.0,0.0,0.0,0.0,0.0,0.0
gRNA_7558,0,0,0,0,0,0,0,0,0,0,0,0,0,0.0,0.0,0.0,0.0,0.0,0.0,0.0
gRNA_756,24161,6,24155,1806,22225,124,265,15003,22225,8887,13,8700,174,62.111364106810186,92.00993583109087,1.0970813496170566,36.79155454357276,0.05381908507555371,36.017387704409025,0.7203477540881805
gRNA_7645,15261,0,15261,11091,3333,837,9292,3114,3333,2855,11,1916,928,20.40495380381364,21.839984273638688,60.88722888408361,18.707817312102744,0.07207915601860952,12.554878448332351,6.080859707751786
gRNA_7653,8115,56,8059,215,7180,664,187,7144,7180,728,0,62,666,88.64623402407247,89.09293957066635,2.320387144807048,9.033378831120487,0.0,0.7693262191338875,8.264052611986598
gRNA_766,17513,151,17362,223,17108,31,213,12569,17108,4580,390,3722,468,72.39373344084783,98.53703490381292,1.2268171869600277,26.37944937219214,2.2462849902085016,21.43762239373344,2.6955419882502016
gRNA_7660,9407,0,9407,8956,420,31,78,0,420,9329,541,8652,136,0.0,4.464760284894228,0.8291697671946423,99.17083023280536,5.751036462208994,91.97406186882108,1.4457319017752737
gRNA_7669,15156,48,15108,5437,9163,508,960,128,9163,14020,1,13002,1017,0.8472332539052158,60.649986761980415,6.354249404289118,92.79851734180566,0.006619009796134498,86.06036536934074,6.731532962668785
gRNA_7670,14651,13,14638,2892,10698,1048,1366,9400,10698,3872,14,1552,2306,64.21642300860773,73.08375461128568,9.331875939335974,26.451701052056293,0.09564148107664981,10.602541330782895,15.753518240196748
gRNA_7674,32902,615,32287,5628,24889,1770,1795,387,24889,30105,4,28331,1770,1.1986248335243286,77.0867531823954,5.55951311673429,93.24186204974139,0.012388887168210115,87.7473905906402,5.482082571932976
gRNA_7687,8650,0,8650,6761,1819,70,6441,1777,1819,432,131,229,72,20.54335260115607,21.028901734104046,74.46242774566474,4.994219653179191,1.5144508670520231,2.647398843930636,0.8323699421965317
gRNA_7690,16089,42,16047,1617,14370,60,71,21,14370,15955,1492,14153,310,0.13086558235184145,89.54944849504581,0.4424503022371783,99.42668411541098,9.29768804137845,88.19717081074344,1.9318252632890882
gRNA_7701,5361,9,5352,3814,1253,285,3005,963,1253,1384,487,603,294,17.993273542600896,23.411808669656203,56.14723467862481,25.85949177877429,9.099402092675636,11.266816143497758,5.493273542600897
gRNA_7709,5117,0,5117,1862,2942,313,1240,2790,2942,1087,0,774,313,54.524135235489545,57.494625757279664,24.23294899355091,21.24291577095955,0.0,15.126050420168067,6.11686535079148
gRNA_7710,35910,478,35432,24808,10271,353,3994,4372,10271,27066,990,24451,1625,12.339128471438247,28.987920523820275,11.272296229397154,76.3885752991646,2.7940844434409575,69.0082411379544,4.586249717769248
gRNA_7712,3635,48,3587,633,2711,243,207,1918,2711,1462,285,930,247,53.4708670197937,75.57847783663229,5.770839141343742,40.758293838862556,7.945358238081962,25.92695846110956,6.885977139671034
gRNA_7713,2606,0,2606,1210,1054,342,467,381,1054,1758,39,1358,361,14.62010744435917,40.44512663085188,17.92018419033001,67.45970836531082,1.4965464313123562,52.11051419800461,13.852647735993862
gRNA_7718,4536,0,4536,3656,623,257,2743,548,623,1245,10,978,257,12.081128747795415,13.734567901234568,60.47178130511463,27.447089947089946,0.2204585537918871,21.56084656084656,5.665784832451499
gRNA_772,224,0,224,212,3,9,24,2,3,198,4,138,56,0.8928571428571428,1.3392857142857142,10.714285714285714,88.39285714285714,1.7857142857142856,61.60714285714286,25.0
gRNA_7721,0,0,0,0,0,0,0,0,0,0,0,0,0,0.0,0.0,0.0,0.0,0.0,0.0,0.0
gRNA_7730,7929,10,7919,6376,1469,74,1739,931,1469,5249,160,4794,295,11.756534916024751,18.55032201035484,21.959843414572546,66.2836216694027,2.0204571284253063,60.53794671044324,3.725217830534158
gRNA_7731,17985,237,17748,3425,11927,2396,2152,11219,11927,4377,609,842,2926,63.21275636691458,67.201938246563,12.12530989407257,24.661933739012845,3.431372549019608,4.744196529186387,16.486364660806853
gRNA_7734,11419,651,10768,7625,2891,252,2029,4,2891,8735,30,7227,1478,0.03714710252600297,26.848068350668647,18.84286775631501,81.11998514115899,0.2786032689450223,67.11552748885586,13.725854383358099
gRNA_775,12526,0,12526,11029,1458,39,629,346,1458,11551,118,11037,396,2.7622545106179146,11.63978923838416,5.021555165256267,92.21619032412582,0.94204055564426,88.11272553089574,3.1614242375858215
gRNA_7750,16081,233,15848,14294,1470,84,295,50,1470,15503,403,14569,531,0.3154972236244321,9.275618374558304,1.8614336193841494,97.82306915699141,2.5429076224129226,91.92958101968702,3.3505805148914694
gRNA_7753,8911,0,8911,6989,810,1112,5598,779,810,2534,0,1422,1112,8.742004264392325,9.089888901357872,62.82123218493996,28.436763550667717,0.0,15.957804960161598,12.478958590506116
gRNA_7754,10667,1535,9132,4198,4553,381,1181,563,4553,7388,278,6725,385,6.165133596145423,49.85764345159877,12.932544897065265,80.9023215067893,3.0442400350416117,73.64213753832676,4.215943933420937
gRNA_7762,19042,27,19015,1628,17311,76,731,8419,17311,9865,1246,7594,1025,44.2755719169077,91.03865369445174,3.844333420983434,51.88009466210887,6.5527215356297654,39.93689192742572,5.390481199053379
gRNA_7812,0,0,0,0,0,0,0,0,0,0,0,0,0,0.0,0.0,0.0,0.0,0.0,0.0,0.0
gRNA_7813,0,0,0,0,0,0,0,0,0,0,0,0,0,0.0,0.0,0.0,0.0,0.0,0.0,0.0
gRNA_7816,0,0,0,0,0,0,0,0,0,0,0,0,0,0.0,0.0,0.0,0.0,0.0,0.0,0.0
gRNA_7839,0,0,0,0,0,0,0,0,0,0,0,0,0,0.0,0.0,0.0,0.0,0.0,0.0,0.0
gRNA_7843,0,0,0,0,0,0,0,0,0,0,0,0,0,0.0,0.0,0.0,0.0,0.0,0.0,0.0
gRNA_7883,2561,0,2561,2325,207,29,122,0,207,2439,146,2169,124,0.0,8.082780163998438,4.763764154627099,95.2362358453729,5.700898086684888,84.69347910972277,4.841858648965248
gRNA_7893,10328,24,10304,5071,4658,575,56,334,4658,9914,724,8561,629,3.241459627329193,45.20574534161491,0.5434782608695652,96.21506211180125,7.02639751552795,83.08423913043478,6.10442546583851
gRNA_7900,3203,0,3203,452,2068,683,12,1025,2068,2166,215,1267,684,32.001248829222604,64.56447080861693,0.3746487667811427,67.62410240399626,6.712457071495473,39.55666562597565,21.354979706525132
gRNA_7902,0,0,0,0,0,0,0,0,0,0,0,0,0,0.0,0.0,0.0,0.0,0.0,0.0,0.0
gRNA_7909,24404,48,24356,1942,21655,759,971,18533,21655,4852,364,3200,1288,76.09213335523074,88.91033010346526,3.9866973230415508,19.921169321727707,1.494498275578913,13.138446378715718,5.2882246674330755
gRNA_7910,36599,385,36214,14380,19433,2401,11358,14379,19433,10477,130,7158,3189,39.70563870326393,53.66156734964378,31.36356105373612,28.930800242999943,0.35897719114154747,19.765836416855358,8.805986635003038
gRNA_7914,19803,207,19596,813,18080,703,770,15378,18080,3448,309,2398,741,78.47519902020821,92.26372729128394,3.929373341498265,17.59542763829353,1.5768524188609923,12.237191263523169,3.781383955909369
gRNA_7918,0,0,0,0,0,0,0,0,0,0,0,0,0,0.0,0.0,0.0,0.0,0.0,0.0,0.0
gRNA_7928,16802,876,15926,5641,8113,2172,27,37,8113,15862,1962,11641,2259,0.2323245008162753,50.9418560843903,0.16953409519025492,99.59814140399347,12.319477583825192,73.09431118925028,14.184352630917996
gRNA_7931,20895,12,20883,3904,15884,1095,1034,2151,15884,17698,157,15995,1546,10.300244217784801,76.06186850548293,4.951395872240578,84.74835990997462,0.7518076904659292,76.59340133122635,7.403150888282335
gRNA_7943,29869,2994,26875,2119,23973,783,369,17984,23973,8522,1820,5865,837,66.91720930232559,89.20186046511628,1.3730232558139535,31.709767441860464,6.772093023255814,21.823255813953487,3.114418604651163
gRNA_7951,5817,611,5206,277,4504,425,44,6,4504,5156,10,4676,470,0.11525163273146369,86.51555897041875,0.8451786400307337,99.03956972723779,0.1920860545524395,89.81943910872072,9.028044563964656
gRNA_7952,4235,703,3532,2115,914,503,593,210,914,2729,700,1386,643,5.94563986409966,25.877689694224237,16.789354473386183,77.26500566251416,19.818799546998868,39.24122310305776,18.204983012457532
gRNA_7954,13666,807,12859,146,12189,524,114,10663,12189,2082,10,1548,524,82.92246675480209,94.78964149622833,0.8865386110895093,16.190994634108407,0.07776654483241309,12.038261140057548,4.074966949218446
gRNA_7955,13796,0,13796,1804,11835,157,213,1661,11835,11922,5,10396,1521,12.039721658451725,85.78573499565091,1.5439257755871267,86.41635256596115,0.03624238909828936,75.35517541316324,11.024934763699623
gRNA_796,20018,373,19645,2396,16497,752,135,13240,16497,6270,188,4963,1119,67.39628404174091,83.97556630185798,0.687197760244337,31.91651819801476,0.9569865105624841,25.263425808093665,5.6961058793586155
gRNA_7961,12747,183,12564,1680,10760,124,1,3,10760,12560,132,11168,1260,0.02387774594078319,85.64151544094237,0.00795924864692773,99.9681630054123,1.0506208213944603,88.88888888888889,10.028653295128938
gRNA_7964,28759,1449,27310,2134,24688,488,419,19953,24688,6938,57,6062,819,73.06114976199194,90.39912120102527,1.5342365433906995,25.404613694617357,0.20871475649945076,22.196997436836323,2.998901501281582
gRNA_7973,12156,23,12133,4532,6723,878,2164,5627,6723,4342,590,2586,1166,46.37764773757521,55.41086293579494,17.835654825682024,35.78669743674277,4.862770955246024,21.313772356383417,9.610154125113327
gRNA_7974,3508,1,3507,545,2672,290,0,2005,2672,1502,686,512,304,57.171371542629025,76.19047619047619,0.0,42.82862845737097,19.560878243512974,14.59937268320502,8.668377530652979
gRNA_7977,7370,243,7127,1,7113,13,0,0,7113,7127,16,7038,73,0.0,99.80356391188438,0.0,100.0,0.2244983864178476,98.75122772555073,1.02427388803143
gRNA_7993,20250,159,20091,1089,17841,1161,546,1922,17841,17623,857,15267,1499,9.566472549897965,88.80095565178439,2.717634761833657,87.71589268826838,4.2655915584092385,75.98924891742571,7.461052212433428
gRNA_7996,14264,1178,13086,2998,10068,20,0,1,10068,13085,186,12772,127,0.007641754546843955,76.93718477762495,0.0,99.99235824545316,1.4213663457129757,97.600489072291,0.9705028274491823
gRNA_7997,28081,122,27959,22068,3103,2788,1858,0,3103,26101,1761,21393,2947,0.0,11.098394077041382,6.645445116062806,93.3545548839372,6.29850853034801,76.51561214635717,10.54043420723202
gRNA_8005,19196,824,18372,1610,15247,1515,606,3846,15247,13920,1322,10331,2267,20.934030045721748,82.99042020465926,3.298497713912475,75.76747224036578,7.195732636620946,56.232310037012844,12.339429566731983
gRNA_804,14842,0,14842,5536,8004,1302,1091,1337,8004,12414,1915,7245,3254,9.008219916453308,53.92804204285137,7.350761352917397,83.64101873062928,12.902573777118986,48.81417598706374,21.92426896644657
gRNA_808,8471,0,8471,972,6760,739,322,3248,6760,4901,453,3617,831,38.34258056900012,79.80167630740172,3.801204108133632,57.85621532286625,5.347656711132098,42.69861881714083,9.809939794593319
gRNA_8103,27218,1107,26111,17720,7217,1174,12933,3211,7217,9967,128,8664,1175,12.297499138294206,27.639692083796103,49.53084906744284,38.17165179426296,0.49021485197809356,33.1814177932672,4.500019149017655
gRNA_8107,12714,325,12389,1158,11184,47,0,30,11184,12359,1670,10213,476,0.24215029461619178,90.27362983291628,0.0,99.7578497053838,13.479699733634675,82.43603196383889,3.8421180079102433
gRNA_8113,8349,82,8267,329,7268,670,135,1260,7268,6872,340,5807,725,15.241320914479257,87.91580984637716,1.6329986694084915,83.12568041611226,4.112737389621386,70.24313535744527,8.769807669045603
gRNA_8114,8612,42,8570,2880,5415,275,340,1130,5415,7100,341,6350,409,13.185530921820304,63.1855309218203,3.9673278879813303,82.84714119019837,3.978996499416569,74.09568261376897,4.772462077012835
gRNA_8121,10855,1,10854,4974,5725,155,522,2261,5725,8071,1032,5933,1106,20.831030035010134,52.74553160125299,4.809286898839138,74.35968306615072,9.508015478164731,54.66187580615441,10.189791781831582
gRNA_8129,2362,0,2362,620,1742,0,3,272,1742,2087,79,1989,19,11.51566469093988,73.7510584250635,0.12701100762066045,88.35732430143946,3.344623200677392,84.20829805249788,0.8044030482641829
gRNA_8139,5072,225,4847,2632,1687,528,11,218,1687,4618,1512,1555,1551,4.497627398390757,34.80503404167526,0.22694450175366207,95.27542809985559,31.194553331957913,32.081700020631324,31.999174747266352
gRNA_8143,22805,846,21959,4088,17314,557,448,13,17314,21498,805,19233,1460,0.05920123867207067,78.84694202832551,2.0401657634682815,97.90063299785965,3.6659228562320685,87.58595564461041,6.648754497017169
gRNA_8148,21853,9,21844,19916,1717,211,7362,1483,1717,12999,1129,11279,591,6.789049624610877,7.8602819996337665,33.70261856802783,59.508331807361294,5.168467313678813,51.63431605932979,2.7055484343526826
gRNA_8150,11361,0,11361,326,10980,55,68,5624,10980,5669,0,5520,149,49.5026846228325,96.646421969897,0.5985388610157557,49.89877651615175,0.0,48.58727224716134,1.3115042689904057
gRNA_8169,16531,14,16517,6047,10333,137,282,6,10333,16229,236,15821,172,0.036326209360053284,62.55978688623842,1.7073318399225041,98.25634195071744,1.428830901495429,95.78615971423382,1.041351334988194
gRNA_8172,23779,255,23524,8391,14975,158,16,0,14975,23508,359,22598,551,0.0,63.65839143002891,0.06801564359802754,99.93198435640197,1.5261010032307432,96.06359462676416,2.3422887264070735
gRNA_8173,22304,266,22038,2337,19662,39,213,1,19662,21824,860,20460,504,0.004537616843633724,89.21862237952627,0.9665123876939831,99.02894999546238,3.9023504855250026,92.839640620746,2.286958889191397
gRNA_8175,4105,1,4104,83,3901,120,1,1854,3901,2249,86,1990,173,45.17543859649123,95.05360623781677,0.024366471734892786,54.80019493177388,2.0955165692007798,48.48927875243665,4.215399610136452
gRNA_8183,5156,0,5156,3157,1301,698,2247,1259,1301,1650,767,168,715,24.418153607447636,25.232738557020944,43.580294802172226,32.00155159038014,14.87587276958883,3.2583397982932505,13.86733902249806
gRNA_8186,3580,0,3580,1782,1157,641,617,806,1157,2157,233,1230,694,22.51396648044693,32.31843575418994,17.23463687150838,60.2513966480447,6.5083798882681565,34.357541899441344,19.385474860335194
gRNA_8202,6573,285,6288,2187,3467,634,127,1,3467,6160,387,5046,727,0.015903307888040712,55.13676844783715,2.0197201017811706,97.96437659033079,6.154580152671755,80.24809160305344,11.561704834605598
gRNA_8218,24244,1518,22726,18370,4308,48,3917,143,4308,18666,937,17124,605,0.6292352371732818,18.956261550646836,17.23576520285136,82.13499955997537,4.123030889729825,75.34981958989704,2.6621490803484993
gRNA_8228,1,0,1,0,1,0,0,0,1,1,0,1,0,0.0,100.0,0.0,100.0,0.0,100.0,0.0
gRNA_8495,9057,314,8743,1454,6354,935,282,2546,6354,5915,217,4467,1231,29.120439208509662,72.67528308360974,3.225437492851424,67.65412329863891,2.481985588470777,51.092302413359256,14.079835296808877
gRNA_8496,15869,83,15786,748,11625,3413,281,1365,11625,14140,44,10341,3755,8.646902318510072,73.64120106423412,1.780058279488154,89.57303940200177,0.27872798682376787,65.50741163055872,23.786899784619283
gRNA_8497,9648,0,9648,4683,4371,594,2848,2493,4371,4307,512,3126,669,25.839552238805968,45.3047263681592,29.519071310116086,44.64137645107794,5.306799336650083,32.40049751243781,6.9340796019900495
gRNA_8498,18734,970,17764,8100,9269,395,47,104,9269,17613,434,14794,2385,0.5854537266381445,52.17856338662463,0.26458004953839226,99.14996622382345,2.443143436163026,83.28079261427607,13.426030173384373
gRNA_8499,6034,29,6005,731,4990,284,209,26,4990,5770,393,5044,333,0.43297252289758537,83.09741881765196,3.4804329725228977,96.08659450457951,6.544546211490425,83.99666944213155,5.545378850957535
gRNA_85,0,0,0,0,0,0,0,0,0,0,0,0,0,0.0,0.0,0.0,0.0,0.0,0.0,0.0
gRNA_8500,8748,25,8723,198,8474,51,172,713,8474,7838,33,7754,51,8.173793419695059,97.14547747334633,1.9717986931101685,89.85440788719478,0.37831021437578816,88.89143643242004,0.5846612403989453
gRNA_8501,13181,0,13181,1587,11244,350,725,5611,11244,6845,412,6043,390,42.56884910097868,85.30460511342083,5.500341400500721,51.9308094985206,3.125711251043168,45.84629390789773,2.958804339579698
gRNA_8502,7138,0,7138,5965,965,208,5497,334,965,1307,79,1019,209,4.6791818436536845,13.519193051274867,77.01036704959373,18.31045110675259,1.1067525917623984,14.275707481087139,2.927991033903054
gRNA_8503,7582,436,7146,5187,1852,107,4204,162,1852,2780,55,2618,107,2.2670025188916876,25.91659669745312,58.83011474951022,38.9028827315981,0.7696613490064371,36.635880212706404,1.4973411698852503
gRNA_8504,8571,0,8571,75,8487,9,0,3381,8487,5190,0,5153,37,39.44697234861743,99.01995099754987,0.0,60.55302765138257,0.0,60.121339400303356,0.43168825107922065
gRNA_8505,15612,236,15376,10993,3732,651,5055,1582,3732,8739,1064,6039,1636,10.288761706555672,24.271592091571282,32.875910509885536,56.835327783558796,6.919875130072841,39.275494276795,10.639958376690947
gRNA_8506,12709,1083,11626,4213,6492,921,3,1,6492,11622,111,9062,2449,0.00860141063134354,55.840357818682264,0.025804231894030624,99.96559435747463,0.954756580079133,77.94598314123516,21.06485463616033
gRNA_8507,20730,5308,15422,1808,13380,234,86,563,13380,14773,722,13257,794,3.650628971599015,86.75917520425367,0.5576449228375049,95.79172610556348,4.681623654519518,85.96161327973026,5.148489171313708
gRNA_8508,3717,0,3717,1785,1572,360,1022,400,1572,2295,3,1928,364,10.761366693570084,42.292171105730425,27.49529190207156,61.743341404358354,0.08071025020177562,51.869787463007796,9.792843691148775
gRNA_8509,9324,3,9321,9228,40,53,7727,7,40,1587,0,1534,53,0.0750992382791546,0.42913850445231194,82.89883059757537,17.02607016414548,0.0,16.457461645746164,0.5686085183993134
gRNA_8510,25745,1156,24589,7823,14878,1888,5395,556,14878,18638,317,15730,2591,2.261173695554923,60.50673065191753,21.940705193379152,75.79812111106592,1.2891943551994796,63.97169466021392,10.537232095652529
gRNA_8511,9574,228,9346,1516,6919,911,964,5,6919,8377,107,7300,970,0.053498823025893434,74.03167130323133,10.314573079392254,89.63192809758185,1.1448748127541195,78.10828161780441,10.378771667023326
gRNA_8512,11772,6,11766,3996,7703,67,1958,1,7703,9807,1246,8195,366,0.008499065102838687,65.46829848716641,16.64116947135815,83.350331463539,10.589835118137005,69.64983851776304,3.11065782763896
gRNA_8514,14510,98,14412,9537,4874,1,236,0,4874,14176,782,12794,600,0.0,33.819039689147935,1.637524285317791,98.3624757146822,5.426033860671662,88.77324451845683,4.163197335553705
gRNA_8515,1456,0,1456,274,1182,0,0,86,1182,1370,195,1079,96,5.906593406593406,81.18131868131869,0.0,94.0934065934066,13.392857142857142,74.10714285714286,6.593406593406594
gRNA_8516,17718,1850,15868,8933,6892,43,22,0,6892,15846,0,15299,547,0.0,43.4333249306781,0.13864381144441643,99.86135618855559,0.0,96.41416687673305,3.4471893118225356
gRNA_8517,9913,742,9171,5378,3734,59,1807,2,3734,7362,269,6745,348,0.02180787264202377,40.71529822265838,19.703412932068474,80.2747791952895,2.933158870352197,73.54705048522516,3.7945698397121363
gRNA_8518,16268,273,15995,378,15267,350,10,8131,15267,7854,531,6872,451,50.83463582369491,95.44857768052516,0.06251953735542357,49.10284463894967,3.319787433572992,42.963426070647074,2.8196311347296033
gRNA_8519,14922,67,14855,4644,9137,1074,240,24,9137,14591,1859,10524,2208,0.16156176371592057,61.50790979468192,1.6156176371592057,98.22282059912487,12.514304947829014,70.84483338943117,14.86368226186469
gRNA_8520,3714,186,3528,228,3034,266,0,186,3034,3342,475,2555,312,5.272108843537415,85.99773242630386,0.0,94.72789115646259,13.463718820861677,72.42063492063492,8.843537414965986
gRNA_8521,18716,114,18602,2616,15675,311,7,832,15675,17763,897,16289,577,4.472637350822492,84.26513278142134,0.03763036232663154,95.48973228685088,4.8220621438555,87.5658531340716,3.1018170089237715
gRNA_8522,14601,23,14578,2695,11713,170,515,4717,11713,9346,1487,7179,680,32.35697626560571,80.34709836740294,3.5327205377966795,64.11030319659761,10.200301824667307,49.24543833173275,4.6645630401975575
gRNA_8523,28555,58,28497,2557,23260,2680,1188,2042,23260,25267,285,21886,3096,7.165666561392427,81.622626943187,4.168859879987367,88.6654735586202,1.0001052742393937,76.8010667789592,10.864301505421624
gRNA_8524,14449,684,13765,1956,11744,65,372,1,11744,13392,72,12948,372,0.007264802034144569,85.31783508899382,2.7025063567017797,97.29022884126407,0.5230657464584091,94.06465673810389,2.7025063567017797
gRNA_8525,13283,98,13185,7042,6136,7,35,0,6136,13150,87,12972,91,0.0,46.53773227152067,0.26545316647705725,99.73454683352294,0.6598407281001137,98.38452787258248,0.6901782328403488
gRNA_8526,14376,744,13632,1136,12444,52,509,0,12444,13123,4,12983,136,0.0,91.28521126760563,3.733861502347418,96.26613849765259,0.029342723004694836,95.23914319248826,0.9976525821596244
gRNA_8527,16144,71,16073,7176,8637,260,1798,2,8637,14273,0,13998,275,0.012443227773284389,53.73607913892864,11.186461768182667,88.80109500404404,0.0,87.09015118521745,1.7109438188266035
gRNA_8528,9573,0,9573,6034,3377,162,638,0,3377,8935,224,8540,171,0.0,35.27629792123681,6.664577457432362,93.33542254256764,2.3399143424213937,89.20923430481564,1.7862738953306172
gRNA_8529,16562,3,16559,11982,4406,171,7786,1258,4406,7515,9,7289,217,7.597077118183465,26.607886949695033,47.019747569297664,45.38317531251887,0.05435110815870523,44.01835859653361,1.3104656078265597
gRNA_8530,18041,2,18039,12510,4759,770,4496,2563,4759,10980,513,9650,817,14.20810466212096,26.381728477188314,24.92377626254227,60.86811907533677,2.8438383502411444,53.495204833970845,4.529075891124785
gRNA_8531,14899,0,14899,13578,1149,172,649,19,1149,14231,714,13278,239,0.1275253372709578,7.711926974964762,4.355997046781663,95.51647761594738,4.792267937445467,89.1200751728304,1.6041345056715215
gRNA_8532,15876,139,15737,13786,824,1127,6569,341,824,8827,21,7671,1135,2.1668678909576156,5.236067865539811,41.74239054457647,56.09074156446591,0.1334434771557476,48.74499586960666,7.212302217703501
gRNA_8533,4,0,4,4,0,0,0,0,0,4,2,0,2,0.0,0.0,0.0,100.0,50.0,0.0,50.0
gRNA_8534,2341,384,1957,397,1427,133,3,3,1427,1951,0,1812,139,0.1532958610117527,72.91773122125701,0.1532958610117527,99.69340827797649,0.0,92.59070005109862,7.1027082268778745
gRNA_8694,14904,1877,13027,707,12242,78,349,5215,12242,7463,212,7136,115,40.032240730789894,93.9740538880786,2.67905120135104,57.28870806785906,1.6273892684424658,54.77853688493129,0.8827819144852999
gRNA_8699,1,0,1,1,0,0,0,0,0,1,0,1,0,0.0,0.0,0.0,100.0,0.0,100.0,0.0
gRNA_871,1,0,1,1,0,0,0,0,0,1,0,1,0,0.0,0.0,0.0,100.0,0.0,100.0,0.0
gRNA_8775,1,0,1,0,1,0,0,0,1,1,0,1,0,0.0,100.0,0.0,100.0,0.0,100.0,0.0
gRNA_8803,1,0,1,0,1,0,0,0,1,1,0,1,0,0.0,100.0,0.0,100.0,0.0,100.0,0.0
gRNA_8867,0,0,0,0,0,0,0,0,0,0,0,0,0,0.0,0.0,0.0,0.0,0.0,0.0,0.0
gRNA_895,0,0,0,0,0,0,0,0,0,0,0,0,0,0.0,0.0,0.0,0.0,0.0,0.0,0.0
gRNA_896,0,0,0,0,0,0,0,0,0,0,0,0,0,0.0,0.0,0.0,0.0,0.0,0.0,0.0
gRNA_8999,0,0,0,0,0,0,0,0,0,0,0,0,0,0.0,0.0,0.0,0.0,0.0,0.0,0.0
gRNA_9105,1,0,1,0,1,0,0,0,1,1,0,1,0,0.0,100.0,0.0,100.0,0.0,100.0,0.0
gRNA_9114,0,0,0,0,0,0,0,0,0,0,0,0,0,0.0,0.0,0.0,0.0,0.0,0.0,0.0
gRNA_9115,0,0,0,0,0,0,0,0,0,0,0,0,0,0.0,0.0,0.0,0.0,0.0,0.0,0.0
gRNA_937,12510,2,12508,11255,260,993,297,0,260,12211,131,10515,1565,0.0,2.078669651423089,2.374480332587144,97.62551966741285,1.0473297089862488,84.06619763351455,12.511992324912056
gRNA_944,5170,0,5170,4621,382,167,3180,341,382,1649,0,1482,167,6.595744680851063,7.388781431334623,61.50870406189555,31.895551257253384,0.0,28.665377176015472,3.230174081237911
gRNA_946,11797,68,11729,2945,8761,23,69,5853,8761,5807,2012,1979,1816,49.90195242561173,74.69519993179298,0.5882854463296103,49.50976212805866,17.154062579930088,16.872708670815925,15.482990877312645
gRNA_953,6542,5,6537,3719,1681,1137,758,541,1681,5238,75,3606,1557,8.275967569221356,25.71515985926266,11.595533119167815,80.12849931161084,1.1473152822395594,55.162918770078015,23.818265259293252
gRNA_958,13685,5,13680,1027,12652,1,113,1598,12652,11969,1096,10359,514,11.681286549707602,92.48538011695906,0.8260233918128655,87.49269005847952,8.011695906432749,75.72368421052632,3.757309941520468
gRNA_9710,7282,0,7282,5639,1559,84,476,190,1559,6616,54,6436,126,2.6091733040373524,21.40895358418017,6.536665751167262,90.85416094479538,0.7415545179895633,88.38231255149684,1.730293875308981
gRNA_9719,9542,0,9542,1474,7651,417,68,1318,7651,8156,842,6706,608,13.812617899811361,80.18235170823726,0.7126388597778244,85.47474324041082,8.82414588136659,70.2787675539719,6.371829805072311
gRNA_9723,11554,161,11393,10150,1231,12,1372,75,1231,9946,1679,7662,605,0.6582989554989906,10.804880189590099,12.042482225928202,87.29921881857281,14.737119283770737,67.25182129377689,5.310278241025191
gRNA_9732,10993,229,10764,8079,2306,379,10,5,2306,10749,1156,9055,538,0.046451133407655144,21.423262727610553,0.09290226681531029,99.86064659977704,10.739502043849871,84.12300260126348,4.998141954663693
gRNA_9736,11623,0,11623,197,10044,1382,2,4228,10044,7393,849,4719,1825,36.37615073561043,86.41486707390519,0.01720726146433795,63.60664200292524,7.304482491611459,40.6005334251054,15.701626086208382
gRNA_9742,3152,3,3149,1126,2022,1,505,1066,2022,1578,194,1306,78,33.85201651317878,64.2108605906637,16.036837091140043,50.111146395681175,6.160685932041917,41.473483645601775,2.4769768180374725
gRNA_9745,0,0,0,0,0,0,0,0,0,0,0,0,0,0.0,0.0,0.0,0.0,0.0,0.0,0.0
gRNA_990,12471,73,12398,4152,7902,344,2810,7370,7902,2218,495,1018,705,59.445071785771894,63.73608646555896,22.664945959025648,17.88998225520245,3.992579448298113,8.211001774479755,5.686401032424585
gRNA_996,7415,103,7312,998,6020,294,14,20,6020,7278,128,6719,431,0.2735229759299781,82.33041575492341,0.19146608315098468,99.53501094091904,1.75054704595186,91.89004376367615,5.894420131291028
