Guide_ID,Reads_in_input,Reads_lowqual,Reads_aligned_all_amplicons,Reads_aligned_WT,Reads_aligned_HDR,Reads_unaligned,WT,correct_edit,target_base_edit,byproduct_all,byproduct_INDEL,byproduct_sub,byproduct_ambiguous,corr_perc,target_base_edit_perc,WT_perc,byproduct_all_perc,byproduct_INDEL_perc,byproduct_sub_perc,byproduct_ambiguous_perc
gRNA_1000,0,0,0,0,0,0,0,0,0,0,0,0,0,0.0,0.0,0.0,0.0,0.0,0.0,0.0
gRNA_1004,388,0,388,351,16,21,337,15,16,36,0,15,21,3.865979381443299,4.123711340206185,86.85567010309279,9.278350515463918,0.0,3.865979381443299,5.412371134020619
gRNA_10049,0,0,0,0,0,0,0,0,0,0,0,0,0,0.0,0.0,0.0,0.0,0.0,0.0,0.0
gRNA_1006,485,0,485,479,0,6,418,0,0,67,0,61,6,0.0,0.0,86.18556701030928,13.814432989690722,0.0,12.577319587628866,1.2371134020618557
gRNA_10106,0,0,0,0,0,0,0,0,0,0,0,0,0,0.0,0.0,0.0,0.0,0.0,0.0,0.0
gRNA_10107,0,0,0,0,0,0,0,0,0,0,0,0,0,0.0,0.0,0.0,0.0,0.0,0.0,0.0
gRNA_1019,1506,0,1506,1505,0,1,1332,0,0,174,104,69,1,0.0,0.0,88.44621513944223,11.553784860557768,6.905710491367861,4.581673306772909,0.06640106241699867
gRNA_1023,1704,0,1704,1699,5,0,1298,1,5,405,1,404,0,0.05868544600938967,0.2934272300469483,76.17370892018779,23.767605633802816,0.05868544600938967,23.708920187793428,0.0
gRNA_10271,465,0,465,464,0,1,452,0,0,13,0,12,1,0.0,0.0,97.20430107526882,2.795698924731183,0.0,2.5806451612903225,0.21505376344086022
gRNA_10272,94,3,91,89,2,0,30,0,2,61,1,60,0,0.0,2.197802197802198,32.967032967032964,67.03296703296702,1.098901098901099,65.93406593406593,0.0
gRNA_10278,936,0,936,730,100,106,449,28,100,459,0,353,106,2.9914529914529915,10.683760683760683,47.97008547008547,49.03846153846153,0.0,37.71367521367522,11.324786324786325
gRNA_1032,913,0,913,870,19,24,774,13,19,126,0,102,24,1.4238773274917853,2.08105147864184,84.77546549835706,13.800657174151151,0.0,11.171960569550931,2.628696604600219
gRNA_1034,2070,0,2070,2069,0,1,1989,0,0,81,0,80,1,0.0,0.0,96.08695652173913,3.91304347826087,0.0,3.864734299516908,0.04830917874396135
gRNA_10342,0,0,0,0,0,0,0,0,0,0,0,0,0,0.0,0.0,0.0,0.0,0.0,0.0,0.0
gRNA_10343,0,0,0,0,0,0,0,0,0,0,0,0,0,0.0,0.0,0.0,0.0,0.0,0.0,0.0
gRNA_1036,0,0,0,0,0,0,0,0,0,0,0,0,0,0.0,0.0,0.0,0.0,0.0,0.0,0.0
gRNA_10363,0,0,0,0,0,0,0,0,0,0,0,0,0,0.0,0.0,0.0,0.0,0.0,0.0,0.0
gRNA_10424,2957,0,2957,2907,21,29,2489,11,21,457,14,412,31,0.37199864727764625,0.7101792357118701,84.17314846127833,15.454852891444032,0.4734528238079134,13.933040243490025,1.048359824146094
gRNA_10425,2368,0,2368,2343,15,10,2149,8,15,211,63,133,15,0.33783783783783783,0.6334459459459459,90.7516891891892,8.910472972972974,2.660472972972973,5.616554054054054,0.6334459459459459
gRNA_10429,1950,0,1950,1944,1,5,1636,0,1,314,0,309,5,0.0,0.05128205128205128,83.8974358974359,16.102564102564102,0.0,15.846153846153847,0.2564102564102564
gRNA_10432,3340,0,3340,3338,1,1,2820,1,1,519,0,518,1,0.029940119760479042,0.029940119760479042,84.4311377245509,15.538922155688622,0.0,15.508982035928142,0.029940119760479042
gRNA_10438,0,0,0,0,0,0,0,0,0,0,0,0,0,0.0,0.0,0.0,0.0,0.0,0.0,0.0
gRNA_10461,1231,1,1230,1169,2,59,1105,0,2,125,0,66,59,0.0,0.16260162601626016,89.83739837398373,10.16260162601626,0.0,5.365853658536586,4.796747967479675
gRNA_10465,17,0,17,13,2,2,8,2,2,7,0,5,2,11.76470588235294,11.76470588235294,47.05882352941176,41.17647058823529,0.0,29.411764705882355,11.76470588235294
gRNA_10473,487,0,487,464,10,13,452,10,10,25,0,12,13,2.0533880903490758,2.0533880903490758,92.81314168377823,5.133470225872689,0.0,2.4640657084188913,2.6694045174537986
gRNA_10504,0,0,0,0,0,0,0,0,0,0,0,0,0,0.0,0.0,0.0,0.0,0.0,0.0,0.0
gRNA_1052,338,147,191,185,2,4,132,1,2,58,0,54,4,0.5235602094240838,1.0471204188481675,69.10994764397905,30.36649214659686,0.0,28.272251308900525,2.094240837696335
gRNA_10547,0,0,0,0,0,0,0,0,0,0,0,0,0,0.0,0.0,0.0,0.0,0.0,0.0,0.0
gRNA_10548,0,0,0,0,0,0,0,0,0,0,0,0,0,0.0,0.0,0.0,0.0,0.0,0.0,0.0
gRNA_1055,1322,0,1322,1167,63,92,1144,63,63,115,0,23,92,4.765506807866869,4.765506807866869,86.535552193646,8.69894099848714,0.0,1.739788199697428,6.959152798789712
gRNA_10596,0,0,0,0,0,0,0,0,0,0,0,0,0,0.0,0.0,0.0,0.0,0.0,0.0,0.0
gRNA_10598,0,0,0,0,0,0,0,0,0,0,0,0,0,0.0,0.0,0.0,0.0,0.0,0.0,0.0
gRNA_10617,18,0,18,0,18,0,0,17,18,1,0,1,0,94.44444444444444,100.0,0.0,5.555555555555555,0.0,5.555555555555555,0.0
gRNA_1062,608,0,608,564,14,30,546,12,14,50,0,20,30,1.9736842105263157,2.302631578947368,89.80263157894737,8.223684210526317,0.0,3.289473684210526,4.934210526315789
gRNA_10634,0,0,0,0,0,0,0,0,0,0,0,0,0,0.0,0.0,0.0,0.0,0.0,0.0,0.0
gRNA_10657,0,0,0,0,0,0,0,0,0,0,0,0,0,0.0,0.0,0.0,0.0,0.0,0.0,0.0
gRNA_10664,0,0,0,0,0,0,0,0,0,0,0,0,0,0.0,0.0,0.0,0.0,0.0,0.0,0.0
gRNA_10738,275,0,275,275,0,0,272,0,0,3,0,3,0,0.0,0.0,98.9090909090909,1.090909090909091,0.0,1.090909090909091,0.0
gRNA_10745,133,0,133,132,0,1,124,0,0,9,0,8,1,0.0,0.0,93.23308270676691,6.7669172932330826,0.0,6.015037593984962,0.7518796992481203
gRNA_10750,1158,0,1158,1158,0,0,1122,0,0,36,0,36,0,0.0,0.0,96.89119170984456,3.1088082901554404,0.0,3.1088082901554404,0.0
gRNA_10752,701,0,701,701,0,0,698,0,0,3,0,3,0,0.0,0.0,99.57203994293866,0.42796005706134094,0.0,0.42796005706134094,0.0
gRNA_10775,1560,0,1560,1560,0,0,1148,0,0,412,0,412,0,0.0,0.0,73.58974358974359,26.410256410256412,0.0,26.410256410256412,0.0
gRNA_10777,1372,0,1372,1360,3,9,1351,2,3,19,0,10,9,0.1457725947521866,0.21865889212827988,98.46938775510205,1.3848396501457727,0.0,0.7288629737609329,0.6559766763848397
gRNA_10781,2044,0,2044,1442,320,282,1266,247,320,531,0,249,282,12.084148727984344,15.655577299412915,61.93737769080235,25.978473581213308,0.0,12.181996086105675,13.79647749510763
gRNA_10784,599,0,599,555,17,27,330,4,17,265,0,238,27,0.667779632721202,2.8380634390651087,55.09181969949917,44.24040066777963,0.0,39.73288814691152,4.507512520868113
gRNA_10909,0,0,0,0,0,0,0,0,0,0,0,0,0,0.0,0.0,0.0,0.0,0.0,0.0,0.0
gRNA_10912,8,0,8,8,0,0,4,0,0,4,0,4,0,0.0,0.0,50.0,50.0,0.0,50.0,0.0
gRNA_10917,0,0,0,0,0,0,0,0,0,0,0,0,0,0.0,0.0,0.0,0.0,0.0,0.0,0.0
gRNA_10925,6,0,6,6,0,0,3,0,0,3,0,3,0,0.0,0.0,50.0,50.0,0.0,50.0,0.0
gRNA_10942,1777,0,1777,1758,1,18,1600,1,1,176,0,158,18,0.056274620146314014,0.056274620146314014,90.03939223410242,9.904333145751266,0.0,8.891389983117614,1.0129431626336522
gRNA_10945,95,0,95,95,0,0,56,0,0,39,0,39,0,0.0,0.0,58.94736842105262,41.05263157894737,0.0,41.05263157894737,0.0
gRNA_10946,1,0,1,0,1,0,0,0,1,1,0,1,0,0.0,100.0,0.0,100.0,0.0,100.0,0.0
gRNA_10949,143,0,143,73,33,37,4,3,33,136,2,97,37,2.097902097902098,23.076923076923077,2.797202797202797,95.1048951048951,1.3986013986013985,67.83216783216784,25.874125874125873
gRNA_10961,374,0,374,374,0,0,328,0,0,46,0,46,0,0.0,0.0,87.70053475935828,12.299465240641712,0.0,12.299465240641712,0.0
gRNA_10969,0,0,0,0,0,0,0,0,0,0,0,0,0,0.0,0.0,0.0,0.0,0.0,0.0,0.0
gRNA_10971,0,0,0,0,0,0,0,0,0,0,0,0,0,0.0,0.0,0.0,0.0,0.0,0.0,0.0
gRNA_10974,19,0,19,15,3,1,10,2,3,7,0,5,2,10.526315789473683,15.789473684210526,52.63157894736842,36.84210526315789,0.0,26.31578947368421,10.526315789473683
gRNA_11071,0,0,0,0,0,0,0,0,0,0,0,0,0,0.0,0.0,0.0,0.0,0.0,0.0,0.0
gRNA_11077,462,0,462,459,1,2,424,0,1,38,0,36,2,0.0,0.21645021645021645,91.77489177489177,8.225108225108226,0.0,7.792207792207792,0.4329004329004329
gRNA_11100,1712,0,1712,1690,7,15,1677,7,7,28,0,13,15,0.40887850467289716,0.40887850467289716,97.9556074766355,1.6355140186915886,0.0,0.7593457943925234,0.8761682242990654
gRNA_11101,13,0,13,9,1,3,8,1,1,4,0,1,3,7.6923076923076925,7.6923076923076925,61.53846153846154,30.76923076923077,0.0,7.6923076923076925,23.076923076923077
gRNA_11110,1071,0,1071,1037,14,20,1021,13,14,37,0,17,20,1.2138188608776845,1.3071895424836601,95.33146591970122,3.454715219421102,0.0,1.5873015873015872,1.8674136321195145
gRNA_11118,77,0,77,77,0,0,41,0,0,36,0,36,0,0.0,0.0,53.246753246753244,46.75324675324675,0.0,46.75324675324675,0.0
gRNA_11120,405,0,405,404,1,0,371,1,1,33,0,33,0,0.24691358024691357,0.24691358024691357,91.60493827160494,8.148148148148149,0.0,8.148148148148149,0.0
gRNA_11149,1093,0,1093,1092,1,0,961,1,1,131,0,131,0,0.09149130832570906,0.09149130832570906,87.9231473010064,11.985361390667887,0.0,11.985361390667887,0.0
gRNA_11151,2932,0,2932,1913,402,617,1829,376,402,727,0,110,617,12.824010914051842,13.710777626193723,62.38062755798091,24.79536152796726,0.0,3.751705320600273,21.043656207366983
gRNA_1116,1010,0,1010,1008,2,0,951,1,2,58,0,58,0,0.09900990099009901,0.19801980198019803,94.15841584158416,5.742574257425743,0.0,5.742574257425743,0.0
gRNA_11160,428,0,428,382,17,29,35,3,17,390,0,360,30,0.7009345794392523,3.9719626168224296,8.177570093457943,91.1214953271028,0.0,84.11214953271028,7.009345794392523
gRNA_11163,305,0,305,161,55,89,143,52,55,110,8,13,89,17.04918032786885,18.0327868852459,46.885245901639344,36.0655737704918,2.622950819672131,4.2622950819672125,29.18032786885246
gRNA_11165,215,0,215,215,0,0,146,0,0,69,1,66,2,0.0,0.0,67.90697674418604,32.093023255813954,0.46511627906976744,30.697674418604652,0.9302325581395349
gRNA_11186,2,0,2,0,2,0,0,1,2,1,0,1,0,50.0,100.0,0.0,50.0,0.0,50.0,0.0
gRNA_11188,0,0,0,0,0,0,0,0,0,0,0,0,0,0.0,0.0,0.0,0.0,0.0,0.0,0.0
gRNA_11223,0,0,0,0,0,0,0,0,0,0,0,0,0,0.0,0.0,0.0,0.0,0.0,0.0,0.0
gRNA_1128,1264,0,1264,1164,37,63,990,34,37,240,131,30,79,2.689873417721519,2.9272151898734178,78.32278481012658,18.9873417721519,10.36392405063291,2.3734177215189876,6.25
gRNA_11284,0,0,0,0,0,0,0,0,0,0,0,0,0,0.0,0.0,0.0,0.0,0.0,0.0,0.0
gRNA_11285,0,0,0,0,0,0,0,0,0,0,0,0,0,0.0,0.0,0.0,0.0,0.0,0.0,0.0
gRNA_11305,6192,0,6192,0,6192,0,0,0,6192,6192,0,6192,0,0.0,100.0,0.0,100.0,0.0,100.0,0.0
gRNA_11315,0,0,0,0,0,0,0,0,0,0,0,0,0,0.0,0.0,0.0,0.0,0.0,0.0,0.0
gRNA_11324,0,0,0,0,0,0,0,0,0,0,0,0,0,0.0,0.0,0.0,0.0,0.0,0.0,0.0
gRNA_11361,3,0,3,3,0,0,3,0,0,0,0,0,0,0.0,0.0,100.0,0.0,0.0,0.0,0.0
gRNA_11371,651,0,651,648,1,2,525,0,1,126,0,124,2,0.0,0.15360983102918588,80.64516129032258,19.35483870967742,0.0,19.047619047619047,0.30721966205837176
gRNA_11372,0,0,0,0,0,0,0,0,0,0,0,0,0,0.0,0.0,0.0,0.0,0.0,0.0,0.0
gRNA_11374,0,0,0,0,0,0,0,0,0,0,0,0,0,0.0,0.0,0.0,0.0,0.0,0.0,0.0
gRNA_11375,17,16,1,0,1,0,0,0,1,1,0,1,0,0.0,100.0,0.0,100.0,0.0,100.0,0.0
gRNA_11380,827,0,827,328,175,324,138,79,175,610,0,286,324,9.552599758162032,21.16082224909311,16.68681983071342,73.76058041112455,0.0,34.582829504232166,39.177750906892385
gRNA_11386,4,0,4,4,0,0,3,0,0,1,0,1,0,0.0,0.0,75.0,25.0,0.0,25.0,0.0
gRNA_11398,145,0,145,61,47,37,24,19,47,102,0,65,37,13.10344827586207,32.41379310344827,16.551724137931036,70.34482758620689,0.0,44.827586206896555,25.517241379310345
gRNA_11401,1314,0,1314,1312,1,1,642,0,1,672,94,549,29,0.0,0.076103500761035,48.858447488584474,51.141552511415526,7.15372907153729,41.78082191780822,2.207001522070015
gRNA_11407,3522,41,3481,3476,2,3,3119,2,2,360,0,357,3,0.057454754380925024,0.057454754380925024,89.60068945705257,10.341855788566503,0.0,10.255673656995116,0.08618213157138753
gRNA_1141,1218,0,1218,1213,3,2,1191,3,3,24,0,22,2,0.24630541871921183,0.24630541871921183,97.78325123152709,1.9704433497536946,0.0,1.8062397372742198,0.16420361247947454
gRNA_11411,1039,0,1039,1037,0,2,850,0,0,189,2,185,2,0.0,0.0,81.80943214629451,18.190567853705485,0.192492781520693,17.805582290664102,0.192492781520693
gRNA_11416,332,0,332,139,77,116,129,66,77,137,0,21,116,19.879518072289155,23.19277108433735,38.855421686746986,41.265060240963855,0.0,6.325301204819277,34.93975903614458
gRNA_11422,738,0,738,684,13,41,661,12,13,65,0,24,41,1.6260162601626018,1.7615176151761516,89.56639566395664,8.807588075880759,0.0,3.2520325203252036,5.555555555555555
gRNA_11423,1405,0,1405,1214,79,112,1176,72,79,157,0,45,112,5.124555160142349,5.622775800711743,83.70106761565836,11.174377224199288,0.0,3.202846975088968,7.97153024911032
gRNA_11425,0,0,0,0,0,0,0,0,0,0,0,0,0,0.0,0.0,0.0,0.0,0.0,0.0,0.0
gRNA_11432,2266,0,2266,2263,3,0,2078,2,3,186,175,11,0,0.088261253309797,0.1323918799646955,91.70344218887908,8.20829655781112,7.722859664607237,0.48543689320388345,0.0
gRNA_11467,644,0,644,290,93,261,270,82,93,292,0,31,261,12.732919254658384,14.440993788819876,41.92546583850932,45.3416149068323,0.0,4.813664596273292,40.52795031055901
gRNA_1147,2480,0,2480,2047,160,273,1848,153,160,479,140,64,275,6.169354838709677,6.451612903225806,74.51612903225806,19.31451612903226,5.64516129032258,2.5806451612903225,11.088709677419354
gRNA_11474,16,0,16,15,0,1,15,0,0,1,0,0,1,0.0,0.0,93.75,6.25,0.0,0.0,6.25
gRNA_11478,48,0,48,48,0,0,19,0,0,29,0,29,0,0.0,0.0,39.58333333333333,60.416666666666664,0.0,60.416666666666664,0.0
gRNA_11482,4,0,4,4,0,0,2,0,0,2,0,2,0,0.0,0.0,50.0,50.0,0.0,50.0,0.0
gRNA_1149,0,0,0,0,0,0,0,0,0,0,0,0,0,0.0,0.0,0.0,0.0,0.0,0.0,0.0
gRNA_11495,2245,0,2245,2120,61,64,2081,57,61,107,0,43,64,2.5389755011135855,2.7171492204899774,92.69487750556793,4.766146993318485,0.0,1.915367483296214,2.8507795100222717
gRNA_11507,2,0,2,2,0,0,0,0,0,2,0,2,0,0.0,0.0,0.0,100.0,0.0,100.0,0.0
gRNA_11516,0,0,0,0,0,0,0,0,0,0,0,0,0,0.0,0.0,0.0,0.0,0.0,0.0,0.0
gRNA_11519,10,0,10,9,1,0,0,0,1,10,0,10,0,0.0,10.0,0.0,100.0,0.0,100.0,0.0
gRNA_11523,19,0,19,19,0,0,11,0,0,8,0,8,0,0.0,0.0,57.89473684210527,42.10526315789473,0.0,42.10526315789473,0.0
gRNA_11534,19,0,19,19,0,0,9,0,0,10,0,10,0,0.0,0.0,47.368421052631575,52.63157894736842,0.0,52.63157894736842,0.0
gRNA_11536,20,2,18,17,1,0,8,0,1,10,0,10,0,0.0,5.555555555555555,44.44444444444444,55.55555555555556,0.0,55.55555555555556,0.0
gRNA_1154,232,0,232,232,0,0,223,0,0,9,0,9,0,0.0,0.0,96.12068965517241,3.8793103448275863,0.0,3.8793103448275863,0.0
gRNA_11541,108,0,108,81,18,9,50,6,18,52,0,43,9,5.555555555555555,16.666666666666664,46.2962962962963,48.148148148148145,0.0,39.81481481481482,8.333333333333332
gRNA_1157,1281,0,1281,1276,0,5,1229,0,0,52,0,47,5,0.0,0.0,95.94067135050742,4.059328649492584,0.0,3.669008587041374,0.39032006245121
gRNA_11607,0,0,0,0,0,0,0,0,0,0,0,0,0,0.0,0.0,0.0,0.0,0.0,0.0,0.0
gRNA_11608,0,0,0,0,0,0,0,0,0,0,0,0,0,0.0,0.0,0.0,0.0,0.0,0.0,0.0
gRNA_11670,0,0,0,0,0,0,0,0,0,0,0,0,0,0.0,0.0,0.0,0.0,0.0,0.0,0.0
gRNA_11798,0,0,0,0,0,0,0,0,0,0,0,0,0,0.0,0.0,0.0,0.0,0.0,0.0,0.0
gRNA_11817,865,0,865,852,6,7,839,3,6,23,0,16,7,0.3468208092485549,0.6936416184971098,96.99421965317919,2.6589595375722546,0.0,1.8497109826589597,0.8092485549132947
gRNA_11821,284,0,284,124,59,101,58,32,59,194,0,93,101,11.267605633802818,20.774647887323944,20.422535211267608,68.30985915492957,0.0,32.74647887323944,35.563380281690144
gRNA_11827,73,0,73,70,1,2,30,0,1,43,0,41,2,0.0,1.36986301369863,41.0958904109589,58.9041095890411,0.0,56.16438356164384,2.73972602739726
gRNA_11829,459,15,444,442,1,1,393,0,1,51,0,50,1,0.0,0.22522522522522523,88.51351351351352,11.486486486486488,0.0,11.26126126126126,0.22522522522522523
gRNA_11835,149,0,149,144,5,0,35,0,5,114,0,114,0,0.0,3.3557046979865772,23.48993288590604,76.51006711409396,0.0,76.51006711409396,0.0
gRNA_11839,519,0,519,510,2,7,341,1,2,177,0,169,8,0.1926782273603083,0.3853564547206166,65.70327552986512,34.104046242774565,0.0,32.5626204238921,1.5414258188824663
gRNA_11848,94,0,94,94,0,0,91,0,0,3,0,3,0,0.0,0.0,96.80851063829788,3.1914893617021276,0.0,3.1914893617021276,0.0
gRNA_11850,284,0,284,266,8,10,243,6,8,35,0,25,10,2.112676056338028,2.8169014084507045,85.56338028169014,12.323943661971832,0.0,8.80281690140845,3.5211267605633805
gRNA_11863,234,0,234,234,0,0,71,0,0,163,0,163,0,0.0,0.0,30.34188034188034,69.65811965811966,0.0,69.65811965811966,0.0
gRNA_11866,144,0,144,113,11,20,88,9,11,47,0,27,20,6.25,7.638888888888889,61.111111111111114,32.63888888888889,0.0,18.75,13.88888888888889
gRNA_11872,63,0,63,35,10,18,32,9,10,22,0,4,18,14.285714285714285,15.873015873015872,50.79365079365079,34.92063492063492,0.0,6.349206349206349,28.57142857142857
gRNA_11948,4347,1,4346,4267,25,54,4189,22,25,135,0,81,54,0.5062126092959043,0.5752416014726185,96.38748274275196,3.1063046479521397,0.0,1.863782788771284,1.2425218591808558
gRNA_11970,2623,0,2623,2573,21,29,2042,12,21,569,0,540,29,0.4574914220358368,0.8006099885627144,77.84979031643157,21.692718261532594,0.0,20.587113991612657,1.1056042699199389
gRNA_11971,1865,0,1865,1860,1,4,1782,1,1,82,7,71,4,0.05361930294906167,0.05361930294906167,95.54959785522789,4.396782841823057,0.37533512064343166,3.8069705093833783,0.21447721179624668
gRNA_11980,1726,0,1726,1720,5,1,1398,5,5,323,0,322,1,0.28968713789107764,0.28968713789107764,80.9965237543453,18.713789107763613,0.0,18.6558516801854,0.057937427578215524
gRNA_11982,87,0,87,87,0,0,71,0,0,16,0,16,0,0.0,0.0,81.60919540229885,18.39080459770115,0.0,18.39080459770115,0.0
gRNA_11983,304,0,304,304,0,0,160,0,0,144,43,96,5,0.0,0.0,52.63157894736842,47.368421052631575,14.144736842105262,31.57894736842105,1.644736842105263
gRNA_11986,1194,0,1194,1191,0,3,685,0,0,509,0,506,3,0.0,0.0,57.37018425460636,42.629815745393635,0.0,42.3785594639866,0.25125628140703515
gRNA_12024,0,0,0,0,0,0,0,0,0,0,0,0,0,0.0,0.0,0.0,0.0,0.0,0.0,0.0
gRNA_12026,0,0,0,0,0,0,0,0,0,0,0,0,0,0.0,0.0,0.0,0.0,0.0,0.0,0.0
gRNA_12164,0,0,0,0,0,0,0,0,0,0,0,0,0,0.0,0.0,0.0,0.0,0.0,0.0,0.0
gRNA_12197,0,0,0,0,0,0,0,0,0,0,0,0,0,0.0,0.0,0.0,0.0,0.0,0.0,0.0
gRNA_12271,0,0,0,0,0,0,0,0,0,0,0,0,0,0.0,0.0,0.0,0.0,0.0,0.0,0.0
gRNA_12272,23,0,23,0,23,0,0,8,23,15,0,15,0,34.78260869565217,100.0,0.0,65.21739130434783,0.0,65.21739130434783,0.0
gRNA_12349,250,0,250,243,2,5,90,0,2,160,0,154,6,0.0,0.8,36.0,64.0,0.0,61.6,2.4
gRNA_12351,477,0,477,475,2,0,466,0,2,11,0,11,0,0.0,0.41928721174004197,97.69392033542978,2.3060796645702304,0.0,2.3060796645702304,0.0
gRNA_12364,34,0,34,34,0,0,19,0,0,15,0,12,3,0.0,0.0,55.88235294117647,44.11764705882353,0.0,35.294117647058826,8.823529411764707
gRNA_12371,1362,0,1362,1342,6,14,1025,4,6,333,0,319,14,0.2936857562408223,0.4405286343612335,75.25697503671071,24.44933920704846,0.0,23.42143906020558,1.0279001468428781
gRNA_12377,1630,0,1630,1605,7,18,1598,7,7,25,1,6,18,0.4294478527607362,0.4294478527607362,98.03680981595092,1.5337423312883436,0.06134969325153375,0.36809815950920244,1.1042944785276074
gRNA_12386,0,0,0,0,0,0,0,0,0,0,0,0,0,0.0,0.0,0.0,0.0,0.0,0.0,0.0
gRNA_12496,0,0,0,0,0,0,0,0,0,0,0,0,0,0.0,0.0,0.0,0.0,0.0,0.0,0.0
gRNA_12497,2,0,2,2,0,0,0,0,0,2,1,1,0,0.0,0.0,0.0,100.0,50.0,50.0,0.0
gRNA_12503,460,0,460,369,36,55,157,11,36,292,0,237,55,2.391304347826087,7.82608695652174,34.130434782608695,63.47826086956522,0.0,51.52173913043478,11.956521739130435
gRNA_12504,2451,0,2451,1960,201,290,1155,89,201,1207,0,887,320,3.631170950632395,8.200734394124847,47.123623011015916,49.24520603835169,0.0,36.18931048551612,13.055895552835578
gRNA_12505,87,0,87,87,0,0,71,0,0,16,0,16,0,0.0,0.0,81.60919540229885,18.39080459770115,0.0,18.39080459770115,0.0
gRNA_12506,297,2,295,293,1,1,224,0,1,71,0,70,1,0.0,0.3389830508474576,75.9322033898305,24.06779661016949,0.0,23.728813559322035,0.3389830508474576
gRNA_12507,31,0,31,28,3,0,20,0,3,11,0,11,0,0.0,9.67741935483871,64.51612903225806,35.483870967741936,0.0,35.483870967741936,0.0
gRNA_12511,195,0,195,189,5,1,128,3,5,64,0,63,1,1.5384615384615385,2.564102564102564,65.64102564102564,32.82051282051282,0.0,32.30769230769231,0.5128205128205128
gRNA_12512,157,30,127,102,8,17,89,7,8,31,0,14,17,5.511811023622047,6.299212598425196,70.07874015748031,24.409448818897637,0.0,11.023622047244094,13.385826771653544
gRNA_12513,319,0,319,233,25,61,144,12,25,163,0,92,71,3.761755485893417,7.836990595611286,45.141065830721004,51.09717868338558,0.0,28.84012539184953,22.25705329153605
gRNA_12514,2447,0,2447,2447,0,0,2245,0,0,202,0,202,0,0.0,0.0,91.74499387004495,8.255006129955047,0.0,8.255006129955047,0.0
gRNA_12515,1954,0,1954,1954,0,0,1890,0,0,64,0,64,0,0.0,0.0,96.72466734902764,3.2753326509723646,0.0,3.2753326509723646,0.0
gRNA_12516,3466,0,3466,3465,1,0,2460,1,1,1005,523,480,2,0.028851702250432775,0.028851702250432775,70.97518753606464,28.99596076168494,15.08944027697634,13.84881708020773,0.05770340450086555
gRNA_12517,1874,0,1874,1866,2,6,1181,1,2,692,356,310,26,0.05336179295624333,0.10672358591248667,63.020277481323376,36.926360725720386,18.996798292422625,16.542155816435432,1.3874066168623265
gRNA_12518,150,0,150,150,0,0,144,0,0,6,0,6,0,0.0,0.0,96.0,4.0,0.0,4.0,0.0
gRNA_12519,609,0,609,609,0,0,597,0,0,12,0,12,0,0.0,0.0,98.0295566502463,1.9704433497536946,0.0,1.9704433497536946,0.0
gRNA_12520,14,0,14,14,0,0,9,0,0,5,0,5,0,0.0,0.0,64.28571428571429,35.714285714285715,0.0,35.714285714285715,0.0
gRNA_12523,0,0,0,0,0,0,0,0,0,0,0,0,0,0.0,0.0,0.0,0.0,0.0,0.0,0.0
gRNA_12524,122,0,122,122,0,0,113,0,0,9,0,9,0,0.0,0.0,92.62295081967213,7.377049180327869,0.0,7.377049180327869,0.0
gRNA_12525,214,0,214,214,0,0,115,0,0,99,0,99,0,0.0,0.0,53.73831775700935,46.26168224299065,0.0,46.26168224299065,0.0
gRNA_12526,443,0,443,413,30,0,246,0,30,197,0,197,0,0.0,6.772009029345373,55.53047404063205,44.46952595936794,0.0,44.46952595936794,0.0
gRNA_12527,2639,0,2639,2610,10,19,2533,6,10,100,0,81,19,0.22735884804850323,0.378931413414172,95.98332701780977,3.7893141341417205,0.0,3.0693444486547934,0.7199696854869269
gRNA_12531,225,0,225,173,8,44,96,1,8,128,0,84,44,0.4444444444444444,3.5555555555555554,42.66666666666667,56.888888888888886,0.0,37.333333333333336,19.555555555555557
gRNA_12532,15,0,15,9,0,6,4,0,0,11,0,5,6,0.0,0.0,26.666666666666668,73.33333333333333,0.0,33.33333333333333,40.0
gRNA_12533,60,57,3,3,0,0,1,0,0,2,1,1,0,0.0,0.0,33.33333333333333,66.66666666666666,33.33333333333333,33.33333333333333,0.0
gRNA_12536,0,0,0,0,0,0,0,0,0,0,0,0,0,0.0,0.0,0.0,0.0,0.0,0.0,0.0
gRNA_12539,1385,0,1385,1383,2,0,1184,2,2,199,0,199,0,0.1444043321299639,0.1444043321299639,85.48736462093864,14.368231046931406,0.0,14.368231046931406,0.0
gRNA_12540,1690,0,1690,1644,16,30,1633,16,16,41,0,11,30,0.9467455621301776,0.9467455621301776,96.62721893491124,2.42603550295858,0.0,0.650887573964497,1.7751479289940828
gRNA_12541,2197,0,2197,2004,82,111,1959,76,82,162,1,50,111,3.459262630860264,3.732362312243969,89.1670459717797,7.373691397360036,0.04551661356395084,2.275830678197542,5.052344105598543
gRNA_12542,2116,425,1691,1668,10,13,1415,2,10,274,0,261,13,0.11827321111768185,0.5913660555884093,83.6782968657599,16.20342992312241,0.0,15.43465405085748,0.768775872264932
gRNA_12543,442,0,442,440,0,2,377,0,0,65,0,63,2,0.0,0.0,85.29411764705883,14.705882352941178,0.0,14.25339366515837,0.4524886877828055
gRNA_12544,927,0,927,916,5,6,773,4,5,150,2,142,6,0.4314994606256742,0.5393743257820928,83.38727076591155,16.181229773462782,0.2157497303128371,15.318230852211434,0.6472491909385114
gRNA_12545,91,0,91,78,3,10,58,2,3,31,0,20,11,2.197802197802198,3.296703296703297,63.73626373626373,34.065934065934066,0.0,21.978021978021978,12.087912087912088
gRNA_12546,410,0,410,310,35,65,224,22,35,164,0,99,65,5.365853658536586,8.536585365853659,54.63414634146342,40.0,0.0,24.146341463414632,15.853658536585366
gRNA_12548,2,0,2,2,0,0,1,0,0,1,0,1,0,0.0,0.0,50.0,50.0,0.0,50.0,0.0
gRNA_12550,953,114,839,823,5,11,532,4,5,303,0,280,23,0.47675804529201427,0.5959475566150179,63.4088200238379,36.11442193087008,0.0,33.373063170441,2.7413587604290823
gRNA_12551,22,0,22,22,0,0,13,0,0,9,0,9,0,0.0,0.0,59.09090909090909,40.909090909090914,0.0,40.909090909090914,0.0
gRNA_12552,1445,0,1445,1441,1,3,1154,1,1,290,0,287,3,0.06920415224913494,0.06920415224913494,79.86159169550173,20.069204152249135,0.0,19.86159169550173,0.20761245674740486
gRNA_12553,3574,0,3574,3262,131,181,1760,47,131,1767,0,1586,181,1.315053161723559,3.6653609401231115,49.24454392837157,49.44040290990487,0.0,44.37604924454393,5.06435366536094
gRNA_12554,701,0,701,701,0,0,687,0,0,14,0,14,0,0.0,0.0,98.00285306704708,1.9971469329529243,0.0,1.9971469329529243,0.0
gRNA_12555,3326,0,3326,3138,47,141,3018,39,47,269,0,128,141,1.1725796752856283,1.413108839446783,90.73962717979555,8.087793144918821,0.0,3.848466626578473,4.239326518340349
gRNA_12556,1,0,1,1,0,0,0,0,0,1,0,1,0,0.0,0.0,0.0,100.0,0.0,100.0,0.0
gRNA_12558,0,0,0,0,0,0,0,0,0,0,0,0,0,0.0,0.0,0.0,0.0,0.0,0.0,0.0
gRNA_12559,2,0,2,1,1,0,0,1,1,1,0,1,0,50.0,50.0,0.0,50.0,0.0,50.0,0.0
gRNA_12563,1316,1,1315,1315,0,0,970,0,0,345,15,330,0,0.0,0.0,73.76425855513308,26.23574144486692,1.1406844106463878,25.09505703422053,0.0
gRNA_12564,1992,37,1955,1952,2,1,1771,0,2,184,0,183,1,0.0,0.10230179028132991,90.58823529411765,9.411764705882353,0.0,9.360613810741688,0.051150895140664954
gRNA_12565,826,0,826,823,0,3,719,0,0,107,0,104,3,0.0,0.0,87.046004842615,12.953995157384988,0.0,12.590799031477,0.36319612590799033
gRNA_12566,336,0,336,336,0,0,317,0,0,19,0,19,0,0.0,0.0,94.34523809523809,5.654761904761905,0.0,5.654761904761905,0.0
gRNA_12567,0,0,0,0,0,0,0,0,0,0,0,0,0,0.0,0.0,0.0,0.0,0.0,0.0,0.0
gRNA_12568,1856,0,1856,753,471,632,598,347,471,911,0,268,643,18.69612068965517,25.377155172413797,32.2198275862069,49.084051724137936,0.0,14.439655172413794,34.644396551724135
gRNA_12569,2159,0,2159,2140,8,11,2029,4,8,126,0,115,11,0.18527095877721167,0.37054191755442334,93.97869383974063,5.836035201482168,0.0,5.326540064844836,0.5094951366373321
gRNA_12570,1050,0,1050,1039,0,11,941,0,0,109,0,40,69,0.0,0.0,89.61904761904762,10.380952380952381,0.0,3.8095238095238098,6.571428571428571
gRNA_12571,829,0,829,819,2,8,768,2,2,59,0,51,8,0.24125452352231602,0.24125452352231602,92.64173703256937,7.117008443908324,0.0,6.15199034981906,0.9650180940892641
gRNA_12572,990,0,990,984,1,5,945,0,1,45,0,40,5,0.0,0.10101010101010101,95.45454545454545,4.545454545454546,0.0,4.040404040404041,0.5050505050505051
gRNA_12573,2905,2,2903,2890,1,12,2568,0,1,335,0,323,12,0.0,0.03444712366517396,88.46021357216672,11.539786427833276,0.0,11.126420943851189,0.4133654839820875
gRNA_12574,2797,0,2797,2794,1,2,2720,1,1,76,0,74,2,0.03575259206292456,0.03575259206292456,97.24705041115482,2.7171969967822664,0.0,2.6456918126564175,0.07150518412584912
gRNA_12575,848,0,848,846,2,0,674,2,2,172,0,172,0,0.2358490566037736,0.2358490566037736,79.48113207547169,20.28301886792453,0.0,20.28301886792453,0.0
gRNA_12579,0,0,0,0,0,0,0,0,0,0,0,0,0,0.0,0.0,0.0,0.0,0.0,0.0,0.0
gRNA_12580,0,0,0,0,0,0,0,0,0,0,0,0,0,0.0,0.0,0.0,0.0,0.0,0.0,0.0
gRNA_12583,0,0,0,0,0,0,0,0,0,0,0,0,0,0.0,0.0,0.0,0.0,0.0,0.0,0.0
gRNA_12592,0,0,0,0,0,0,0,0,0,0,0,0,0,0.0,0.0,0.0,0.0,0.0,0.0,0.0
gRNA_12593,294,0,294,293,0,1,260,0,0,34,1,32,1,0.0,0.0,88.43537414965986,11.564625850340136,0.3401360544217687,10.884353741496598,0.3401360544217687
gRNA_12594,73,0,73,71,2,0,58,2,2,13,0,13,0,2.73972602739726,2.73972602739726,79.45205479452055,17.80821917808219,0.0,17.80821917808219,0.0
gRNA_12597,0,0,0,0,0,0,0,0,0,0,0,0,0,0.0,0.0,0.0,0.0,0.0,0.0,0.0
gRNA_12601,1,0,1,0,1,0,0,0,1,1,0,1,0,0.0,100.0,0.0,100.0,0.0,100.0,0.0
gRNA_12602,29,0,29,27,0,2,10,0,0,19,0,17,2,0.0,0.0,34.48275862068966,65.51724137931035,0.0,58.620689655172406,6.896551724137931
gRNA_12603,3148,0,3148,3122,14,12,894,4,14,2250,0,2238,12,0.12706480304955528,0.44472681067344344,28.398983481575602,71.47395171537484,0.0,71.09275730622618,0.3811944091486658
gRNA_12604,3,0,3,0,3,0,0,3,3,0,0,0,0,100.0,100.0,0.0,0.0,0.0,0.0,0.0
gRNA_12605,57,0,57,54,2,1,36,0,2,21,0,20,1,0.0,3.508771929824561,63.1578947368421,36.84210526315789,0.0,35.08771929824561,1.7543859649122806
gRNA_12611,1155,0,1155,1153,1,1,1010,1,1,144,0,143,1,0.08658008658008658,0.08658008658008658,87.44588744588745,12.467532467532468,0.0,12.380952380952381,0.08658008658008658
gRNA_12612,64,0,64,64,0,0,57,0,0,7,0,7,0,0.0,0.0,89.0625,10.9375,0.0,10.9375,0.0
gRNA_12613,520,82,438,352,35,51,314,24,35,100,0,49,51,5.47945205479452,7.9908675799086755,71.68949771689498,22.831050228310502,0.0,11.187214611872145,11.643835616438356
gRNA_12614,19,0,19,10,2,7,10,1,2,8,0,1,7,5.263157894736842,10.526315789473683,52.63157894736842,42.10526315789473,0.0,5.263157894736842,36.84210526315789
gRNA_12615,6,0,6,2,3,1,2,2,3,2,0,1,1,33.33333333333333,50.0,33.33333333333333,33.33333333333333,0.0,16.666666666666664,16.666666666666664
gRNA_12616,0,0,0,0,0,0,0,0,0,0,0,0,0,0.0,0.0,0.0,0.0,0.0,0.0,0.0
gRNA_12617,172,0,172,171,1,0,169,1,1,2,0,2,0,0.5813953488372093,0.5813953488372093,98.25581395348837,1.1627906976744187,0.0,1.1627906976744187,0.0
gRNA_12619,192,0,192,192,0,0,178,0,0,14,0,14,0,0.0,0.0,92.70833333333334,7.291666666666667,0.0,7.291666666666667,0.0
gRNA_12620,504,0,504,500,0,4,377,0,0,127,0,123,4,0.0,0.0,74.8015873015873,25.198412698412696,0.0,24.404761904761905,0.7936507936507936
gRNA_12621,1042,0,1042,1041,0,1,866,0,0,176,0,175,1,0.0,0.0,83.10940499040306,16.89059500959693,0.0,16.794625719769673,0.09596928982725528
gRNA_12622,1515,0,1515,1447,18,50,1223,8,18,284,0,234,50,0.528052805280528,1.188118811881188,80.72607260726072,18.745874587458747,0.0,15.445544554455445,3.3003300330033
gRNA_12623,394,58,336,286,29,21,135,11,29,190,0,169,21,3.273809523809524,8.630952380952381,40.17857142857143,56.547619047619044,0.0,50.297619047619044,6.25
gRNA_12626,0,0,0,0,0,0,0,0,0,0,0,0,0,0.0,0.0,0.0,0.0,0.0,0.0,0.0
gRNA_12627,4,0,4,4,0,0,1,0,0,3,0,3,0,0.0,0.0,25.0,75.0,0.0,75.0,0.0
gRNA_12628,2680,0,2680,2678,1,1,2134,0,1,546,0,545,1,0.0,0.0373134328358209,79.6268656716418,20.37313432835821,0.0,20.33582089552239,0.0373134328358209
gRNA_12629,1390,0,1390,1387,0,3,1302,0,0,88,1,84,3,0.0,0.0,93.66906474820144,6.330935251798561,0.07194244604316546,6.043165467625899,0.2158273381294964
gRNA_12630,1971,0,1971,1960,7,4,1739,1,7,231,186,38,7,0.050735667174023336,0.35514967021816335,88.22932521562659,11.71993911719939,9.43683409436834,1.9279553526128868,0.35514967021816335
gRNA_12631,581,0,581,581,0,0,484,0,0,97,1,95,1,0.0,0.0,83.30464716006884,16.69535283993115,0.17211703958691912,16.351118760757316,0.17211703958691912
gRNA_12632,777,0,777,764,3,10,556,0,3,221,0,211,10,0.0,0.3861003861003861,71.55727155727156,28.442728442728445,0.0,27.155727155727156,1.287001287001287
gRNA_12633,2763,0,2763,1635,457,671,1582,429,457,752,0,81,671,15.526601520086864,16.53999276149113,57.256605139341296,27.216793340571844,0.0,2.9315960912052117,24.28519724936663
gRNA_12634,1719,0,1719,828,400,491,581,249,400,889,5,389,495,14.485165794066319,23.269342641070388,33.79872018615474,51.716114019778935,0.29086678301337987,22.629435718440956,28.79581151832461
gRNA_12636,2394,0,2394,2379,9,6,2342,7,9,45,0,39,6,0.29239766081871343,0.37593984962406013,97.82790309106099,1.8796992481203008,0.0,1.6290726817042605,0.2506265664160401
gRNA_12652,0,0,0,0,0,0,0,0,0,0,0,0,0,0.0,0.0,0.0,0.0,0.0,0.0,0.0
gRNA_12831,0,0,0,0,0,0,0,0,0,0,0,0,0,0.0,0.0,0.0,0.0,0.0,0.0,0.0
gRNA_12833,947,0,947,944,1,2,858,0,1,89,0,87,2,0.0,0.10559662090813093,90.60190073917634,9.398099260823653,0.0,9.186906019007392,0.21119324181626187
gRNA_12838,163,0,163,89,25,49,27,10,25,126,0,77,49,6.134969325153374,15.337423312883436,16.56441717791411,77.30061349693251,0.0,47.239263803680984,30.061349693251532
gRNA_12848,285,0,285,285,0,0,255,0,0,30,0,29,1,0.0,0.0,89.47368421052632,10.526315789473683,0.0,10.175438596491228,0.3508771929824561
gRNA_12863,21,1,20,20,0,0,7,0,0,13,0,13,0,0.0,0.0,35.0,65.0,0.0,65.0,0.0
gRNA_12866,379,212,167,167,0,0,131,0,0,36,0,36,0,0.0,0.0,78.44311377245509,21.55688622754491,0.0,21.55688622754491,0.0
gRNA_12867,136,0,136,134,2,0,110,0,2,26,0,25,1,0.0,1.4705882352941175,80.88235294117648,19.11764705882353,0.0,18.38235294117647,0.7352941176470588
gRNA_12870,846,0,846,829,5,12,797,5,5,44,2,30,12,0.5910165484633569,0.5910165484633569,94.2080378250591,5.200945626477541,0.2364066193853428,3.546099290780142,1.4184397163120568
gRNA_12881,1277,0,1277,1274,2,1,824,0,2,453,0,452,1,0.0,0.15661707126076743,64.52623335943618,35.47376664056382,0.0,35.39545810493344,0.07830853563038372
gRNA_13011,0,0,0,0,0,0,0,0,0,0,0,0,0,0.0,0.0,0.0,0.0,0.0,0.0,0.0
gRNA_13017,0,0,0,0,0,0,0,0,0,0,0,0,0,0.0,0.0,0.0,0.0,0.0,0.0,0.0
gRNA_13026,13,0,13,11,1,1,9,0,1,4,0,3,1,0.0,7.6923076923076925,69.23076923076923,30.76923076923077,0.0,23.076923076923077,7.6923076923076925
gRNA_13039,1051,0,1051,668,204,179,593,158,204,300,0,121,179,15.033301617507137,19.410085632730734,56.42245480494766,28.5442435775452,0.0,11.512844909609896,17.0313986679353
gRNA_13043,315,0,315,307,6,2,228,1,6,86,0,84,2,0.31746031746031744,1.9047619047619049,72.38095238095238,27.3015873015873,0.0,26.666666666666668,0.6349206349206349
gRNA_1322,0,0,0,0,0,0,0,0,0,0,0,0,0,0.0,0.0,0.0,0.0,0.0,0.0,0.0
gRNA_1337,0,0,0,0,0,0,0,0,0,0,0,0,0,0.0,0.0,0.0,0.0,0.0,0.0,0.0
gRNA_1343,0,0,0,0,0,0,0,0,0,0,0,0,0,0.0,0.0,0.0,0.0,0.0,0.0,0.0
gRNA_13599,0,0,0,0,0,0,0,0,0,0,0,0,0,0.0,0.0,0.0,0.0,0.0,0.0,0.0
gRNA_13600,0,0,0,0,0,0,0,0,0,0,0,0,0,0.0,0.0,0.0,0.0,0.0,0.0,0.0
gRNA_13601,0,0,0,0,0,0,0,0,0,0,0,0,0,0.0,0.0,0.0,0.0,0.0,0.0,0.0
gRNA_13602,0,0,0,0,0,0,0,0,0,0,0,0,0,0.0,0.0,0.0,0.0,0.0,0.0,0.0
gRNA_13603,0,0,0,0,0,0,0,0,0,0,0,0,0,0.0,0.0,0.0,0.0,0.0,0.0,0.0
gRNA_13604,0,0,0,0,0,0,0,0,0,0,0,0,0,0.0,0.0,0.0,0.0,0.0,0.0,0.0
gRNA_13605,0,0,0,0,0,0,0,0,0,0,0,0,0,0.0,0.0,0.0,0.0,0.0,0.0,0.0
gRNA_13606,0,0,0,0,0,0,0,0,0,0,0,0,0,0.0,0.0,0.0,0.0,0.0,0.0,0.0
gRNA_13607,0,0,0,0,0,0,0,0,0,0,0,0,0,0.0,0.0,0.0,0.0,0.0,0.0,0.0
gRNA_13608,0,0,0,0,0,0,0,0,0,0,0,0,0,0.0,0.0,0.0,0.0,0.0,0.0,0.0
gRNA_13609,0,0,0,0,0,0,0,0,0,0,0,0,0,0.0,0.0,0.0,0.0,0.0,0.0,0.0
gRNA_13610,0,0,0,0,0,0,0,0,0,0,0,0,0,0.0,0.0,0.0,0.0,0.0,0.0,0.0
gRNA_13611,0,0,0,0,0,0,0,0,0,0,0,0,0,0.0,0.0,0.0,0.0,0.0,0.0,0.0
gRNA_13612,0,0,0,0,0,0,0,0,0,0,0,0,0,0.0,0.0,0.0,0.0,0.0,0.0,0.0
gRNA_13613,0,0,0,0,0,0,0,0,0,0,0,0,0,0.0,0.0,0.0,0.0,0.0,0.0,0.0
gRNA_13614,0,0,0,0,0,0,0,0,0,0,0,0,0,0.0,0.0,0.0,0.0,0.0,0.0,0.0
gRNA_13615,0,0,0,0,0,0,0,0,0,0,0,0,0,0.0,0.0,0.0,0.0,0.0,0.0,0.0
gRNA_13616,0,0,0,0,0,0,0,0,0,0,0,0,0,0.0,0.0,0.0,0.0,0.0,0.0,0.0
gRNA_13617,0,0,0,0,0,0,0,0,0,0,0,0,0,0.0,0.0,0.0,0.0,0.0,0.0,0.0
gRNA_13618,0,0,0,0,0,0,0,0,0,0,0,0,0,0.0,0.0,0.0,0.0,0.0,0.0,0.0
gRNA_13619,0,0,0,0,0,0,0,0,0,0,0,0,0,0.0,0.0,0.0,0.0,0.0,0.0,0.0
gRNA_13620,0,0,0,0,0,0,0,0,0,0,0,0,0,0.0,0.0,0.0,0.0,0.0,0.0,0.0
gRNA_13621,0,0,0,0,0,0,0,0,0,0,0,0,0,0.0,0.0,0.0,0.0,0.0,0.0,0.0
gRNA_13622,0,0,0,0,0,0,0,0,0,0,0,0,0,0.0,0.0,0.0,0.0,0.0,0.0,0.0
gRNA_13623,0,0,0,0,0,0,0,0,0,0,0,0,0,0.0,0.0,0.0,0.0,0.0,0.0,0.0
gRNA_13624,0,0,0,0,0,0,0,0,0,0,0,0,0,0.0,0.0,0.0,0.0,0.0,0.0,0.0
gRNA_13625,0,0,0,0,0,0,0,0,0,0,0,0,0,0.0,0.0,0.0,0.0,0.0,0.0,0.0
gRNA_13626,0,0,0,0,0,0,0,0,0,0,0,0,0,0.0,0.0,0.0,0.0,0.0,0.0,0.0
gRNA_13627,0,0,0,0,0,0,0,0,0,0,0,0,0,0.0,0.0,0.0,0.0,0.0,0.0,0.0
gRNA_13628,0,0,0,0,0,0,0,0,0,0,0,0,0,0.0,0.0,0.0,0.0,0.0,0.0,0.0
gRNA_13629,0,0,0,0,0,0,0,0,0,0,0,0,0,0.0,0.0,0.0,0.0,0.0,0.0,0.0
gRNA_13630,0,0,0,0,0,0,0,0,0,0,0,0,0,0.0,0.0,0.0,0.0,0.0,0.0,0.0
gRNA_13631,0,0,0,0,0,0,0,0,0,0,0,0,0,0.0,0.0,0.0,0.0,0.0,0.0,0.0
gRNA_13632,0,0,0,0,0,0,0,0,0,0,0,0,0,0.0,0.0,0.0,0.0,0.0,0.0,0.0
gRNA_13633,0,0,0,0,0,0,0,0,0,0,0,0,0,0.0,0.0,0.0,0.0,0.0,0.0,0.0
gRNA_13634,0,0,0,0,0,0,0,0,0,0,0,0,0,0.0,0.0,0.0,0.0,0.0,0.0,0.0
gRNA_13635,0,0,0,0,0,0,0,0,0,0,0,0,0,0.0,0.0,0.0,0.0,0.0,0.0,0.0
gRNA_13636,0,0,0,0,0,0,0,0,0,0,0,0,0,0.0,0.0,0.0,0.0,0.0,0.0,0.0
gRNA_13637,0,0,0,0,0,0,0,0,0,0,0,0,0,0.0,0.0,0.0,0.0,0.0,0.0,0.0
gRNA_13638,0,0,0,0,0,0,0,0,0,0,0,0,0,0.0,0.0,0.0,0.0,0.0,0.0,0.0
gRNA_13639,0,0,0,0,0,0,0,0,0,0,0,0,0,0.0,0.0,0.0,0.0,0.0,0.0,0.0
gRNA_13640,0,0,0,0,0,0,0,0,0,0,0,0,0,0.0,0.0,0.0,0.0,0.0,0.0,0.0
gRNA_13641,0,0,0,0,0,0,0,0,0,0,0,0,0,0.0,0.0,0.0,0.0,0.0,0.0,0.0
gRNA_13642,0,0,0,0,0,0,0,0,0,0,0,0,0,0.0,0.0,0.0,0.0,0.0,0.0,0.0
gRNA_13643,0,0,0,0,0,0,0,0,0,0,0,0,0,0.0,0.0,0.0,0.0,0.0,0.0,0.0
gRNA_13644,0,0,0,0,0,0,0,0,0,0,0,0,0,0.0,0.0,0.0,0.0,0.0,0.0,0.0
gRNA_13645,0,0,0,0,0,0,0,0,0,0,0,0,0,0.0,0.0,0.0,0.0,0.0,0.0,0.0
gRNA_13646,0,0,0,0,0,0,0,0,0,0,0,0,0,0.0,0.0,0.0,0.0,0.0,0.0,0.0
gRNA_13647,0,0,0,0,0,0,0,0,0,0,0,0,0,0.0,0.0,0.0,0.0,0.0,0.0,0.0
gRNA_13648,0,0,0,0,0,0,0,0,0,0,0,0,0,0.0,0.0,0.0,0.0,0.0,0.0,0.0
gRNA_13649,0,0,0,0,0,0,0,0,0,0,0,0,0,0.0,0.0,0.0,0.0,0.0,0.0,0.0
gRNA_13650,0,0,0,0,0,0,0,0,0,0,0,0,0,0.0,0.0,0.0,0.0,0.0,0.0,0.0
gRNA_13651,0,0,0,0,0,0,0,0,0,0,0,0,0,0.0,0.0,0.0,0.0,0.0,0.0,0.0
gRNA_13652,0,0,0,0,0,0,0,0,0,0,0,0,0,0.0,0.0,0.0,0.0,0.0,0.0,0.0
gRNA_13653,0,0,0,0,0,0,0,0,0,0,0,0,0,0.0,0.0,0.0,0.0,0.0,0.0,0.0
gRNA_13654,0,0,0,0,0,0,0,0,0,0,0,0,0,0.0,0.0,0.0,0.0,0.0,0.0,0.0
gRNA_13655,0,0,0,0,0,0,0,0,0,0,0,0,0,0.0,0.0,0.0,0.0,0.0,0.0,0.0
gRNA_13656,0,0,0,0,0,0,0,0,0,0,0,0,0,0.0,0.0,0.0,0.0,0.0,0.0,0.0
gRNA_13657,0,0,0,0,0,0,0,0,0,0,0,0,0,0.0,0.0,0.0,0.0,0.0,0.0,0.0
gRNA_13658,0,0,0,0,0,0,0,0,0,0,0,0,0,0.0,0.0,0.0,0.0,0.0,0.0,0.0
gRNA_13659,0,0,0,0,0,0,0,0,0,0,0,0,0,0.0,0.0,0.0,0.0,0.0,0.0,0.0
gRNA_13660,0,0,0,0,0,0,0,0,0,0,0,0,0,0.0,0.0,0.0,0.0,0.0,0.0,0.0
gRNA_13661,0,0,0,0,0,0,0,0,0,0,0,0,0,0.0,0.0,0.0,0.0,0.0,0.0,0.0
gRNA_13662,0,0,0,0,0,0,0,0,0,0,0,0,0,0.0,0.0,0.0,0.0,0.0,0.0,0.0
gRNA_13663,0,0,0,0,0,0,0,0,0,0,0,0,0,0.0,0.0,0.0,0.0,0.0,0.0,0.0
gRNA_13664,0,0,0,0,0,0,0,0,0,0,0,0,0,0.0,0.0,0.0,0.0,0.0,0.0,0.0
gRNA_13665,0,0,0,0,0,0,0,0,0,0,0,0,0,0.0,0.0,0.0,0.0,0.0,0.0,0.0
gRNA_13666,0,0,0,0,0,0,0,0,0,0,0,0,0,0.0,0.0,0.0,0.0,0.0,0.0,0.0
gRNA_13667,0,0,0,0,0,0,0,0,0,0,0,0,0,0.0,0.0,0.0,0.0,0.0,0.0,0.0
gRNA_13668,0,0,0,0,0,0,0,0,0,0,0,0,0,0.0,0.0,0.0,0.0,0.0,0.0,0.0
gRNA_13669,0,0,0,0,0,0,0,0,0,0,0,0,0,0.0,0.0,0.0,0.0,0.0,0.0,0.0
gRNA_13670,0,0,0,0,0,0,0,0,0,0,0,0,0,0.0,0.0,0.0,0.0,0.0,0.0,0.0
gRNA_13671,0,0,0,0,0,0,0,0,0,0,0,0,0,0.0,0.0,0.0,0.0,0.0,0.0,0.0
gRNA_13672,0,0,0,0,0,0,0,0,0,0,0,0,0,0.0,0.0,0.0,0.0,0.0,0.0,0.0
gRNA_13673,0,0,0,0,0,0,0,0,0,0,0,0,0,0.0,0.0,0.0,0.0,0.0,0.0,0.0
gRNA_13674,0,0,0,0,0,0,0,0,0,0,0,0,0,0.0,0.0,0.0,0.0,0.0,0.0,0.0
gRNA_13675,0,0,0,0,0,0,0,0,0,0,0,0,0,0.0,0.0,0.0,0.0,0.0,0.0,0.0
gRNA_13676,0,0,0,0,0,0,0,0,0,0,0,0,0,0.0,0.0,0.0,0.0,0.0,0.0,0.0
gRNA_13677,0,0,0,0,0,0,0,0,0,0,0,0,0,0.0,0.0,0.0,0.0,0.0,0.0,0.0
gRNA_13678,0,0,0,0,0,0,0,0,0,0,0,0,0,0.0,0.0,0.0,0.0,0.0,0.0,0.0
gRNA_13679,0,0,0,0,0,0,0,0,0,0,0,0,0,0.0,0.0,0.0,0.0,0.0,0.0,0.0
gRNA_1368,1829,0,1829,1828,1,0,1647,0,1,182,0,182,0,0.0,0.054674685620557675,90.04920721705851,9.950792782941498,0.0,9.950792782941498,0.0
gRNA_13680,0,0,0,0,0,0,0,0,0,0,0,0,0,0.0,0.0,0.0,0.0,0.0,0.0,0.0
gRNA_13681,0,0,0,0,0,0,0,0,0,0,0,0,0,0.0,0.0,0.0,0.0,0.0,0.0,0.0
gRNA_13682,0,0,0,0,0,0,0,0,0,0,0,0,0,0.0,0.0,0.0,0.0,0.0,0.0,0.0
gRNA_13683,0,0,0,0,0,0,0,0,0,0,0,0,0,0.0,0.0,0.0,0.0,0.0,0.0,0.0
gRNA_13684,0,0,0,0,0,0,0,0,0,0,0,0,0,0.0,0.0,0.0,0.0,0.0,0.0,0.0
gRNA_13685,0,0,0,0,0,0,0,0,0,0,0,0,0,0.0,0.0,0.0,0.0,0.0,0.0,0.0
gRNA_13686,0,0,0,0,0,0,0,0,0,0,0,0,0,0.0,0.0,0.0,0.0,0.0,0.0,0.0
gRNA_13687,0,0,0,0,0,0,0,0,0,0,0,0,0,0.0,0.0,0.0,0.0,0.0,0.0,0.0
gRNA_13688,0,0,0,0,0,0,0,0,0,0,0,0,0,0.0,0.0,0.0,0.0,0.0,0.0,0.0
gRNA_13689,0,0,0,0,0,0,0,0,0,0,0,0,0,0.0,0.0,0.0,0.0,0.0,0.0,0.0
gRNA_13690,0,0,0,0,0,0,0,0,0,0,0,0,0,0.0,0.0,0.0,0.0,0.0,0.0,0.0
gRNA_13691,0,0,0,0,0,0,0,0,0,0,0,0,0,0.0,0.0,0.0,0.0,0.0,0.0,0.0
gRNA_13692,0,0,0,0,0,0,0,0,0,0,0,0,0,0.0,0.0,0.0,0.0,0.0,0.0,0.0
gRNA_13693,0,0,0,0,0,0,0,0,0,0,0,0,0,0.0,0.0,0.0,0.0,0.0,0.0,0.0
gRNA_13694,0,0,0,0,0,0,0,0,0,0,0,0,0,0.0,0.0,0.0,0.0,0.0,0.0,0.0
gRNA_13695,0,0,0,0,0,0,0,0,0,0,0,0,0,0.0,0.0,0.0,0.0,0.0,0.0,0.0
gRNA_13696,0,0,0,0,0,0,0,0,0,0,0,0,0,0.0,0.0,0.0,0.0,0.0,0.0,0.0
gRNA_13697,0,0,0,0,0,0,0,0,0,0,0,0,0,0.0,0.0,0.0,0.0,0.0,0.0,0.0
gRNA_13698,0,0,0,0,0,0,0,0,0,0,0,0,0,0.0,0.0,0.0,0.0,0.0,0.0,0.0
gRNA_13699,0,0,0,0,0,0,0,0,0,0,0,0,0,0.0,0.0,0.0,0.0,0.0,0.0,0.0
gRNA_13700,0,0,0,0,0,0,0,0,0,0,0,0,0,0.0,0.0,0.0,0.0,0.0,0.0,0.0
gRNA_13701,0,0,0,0,0,0,0,0,0,0,0,0,0,0.0,0.0,0.0,0.0,0.0,0.0,0.0
gRNA_13702,0,0,0,0,0,0,0,0,0,0,0,0,0,0.0,0.0,0.0,0.0,0.0,0.0,0.0
gRNA_13703,0,0,0,0,0,0,0,0,0,0,0,0,0,0.0,0.0,0.0,0.0,0.0,0.0,0.0
gRNA_13704,0,0,0,0,0,0,0,0,0,0,0,0,0,0.0,0.0,0.0,0.0,0.0,0.0,0.0
gRNA_13705,0,0,0,0,0,0,0,0,0,0,0,0,0,0.0,0.0,0.0,0.0,0.0,0.0,0.0
gRNA_13706,0,0,0,0,0,0,0,0,0,0,0,0,0,0.0,0.0,0.0,0.0,0.0,0.0,0.0
gRNA_13707,0,0,0,0,0,0,0,0,0,0,0,0,0,0.0,0.0,0.0,0.0,0.0,0.0,0.0
gRNA_13708,0,0,0,0,0,0,0,0,0,0,0,0,0,0.0,0.0,0.0,0.0,0.0,0.0,0.0
gRNA_13709,0,0,0,0,0,0,0,0,0,0,0,0,0,0.0,0.0,0.0,0.0,0.0,0.0,0.0
gRNA_13710,0,0,0,0,0,0,0,0,0,0,0,0,0,0.0,0.0,0.0,0.0,0.0,0.0,0.0
gRNA_13711,0,0,0,0,0,0,0,0,0,0,0,0,0,0.0,0.0,0.0,0.0,0.0,0.0,0.0
gRNA_13712,0,0,0,0,0,0,0,0,0,0,0,0,0,0.0,0.0,0.0,0.0,0.0,0.0,0.0
gRNA_13713,0,0,0,0,0,0,0,0,0,0,0,0,0,0.0,0.0,0.0,0.0,0.0,0.0,0.0
gRNA_13714,0,0,0,0,0,0,0,0,0,0,0,0,0,0.0,0.0,0.0,0.0,0.0,0.0,0.0
gRNA_13715,0,0,0,0,0,0,0,0,0,0,0,0,0,0.0,0.0,0.0,0.0,0.0,0.0,0.0
gRNA_13716,0,0,0,0,0,0,0,0,0,0,0,0,0,0.0,0.0,0.0,0.0,0.0,0.0,0.0
gRNA_13717,0,0,0,0,0,0,0,0,0,0,0,0,0,0.0,0.0,0.0,0.0,0.0,0.0,0.0
gRNA_13718,0,0,0,0,0,0,0,0,0,0,0,0,0,0.0,0.0,0.0,0.0,0.0,0.0,0.0
gRNA_13719,0,0,0,0,0,0,0,0,0,0,0,0,0,0.0,0.0,0.0,0.0,0.0,0.0,0.0
gRNA_13720,0,0,0,0,0,0,0,0,0,0,0,0,0,0.0,0.0,0.0,0.0,0.0,0.0,0.0
gRNA_13721,0,0,0,0,0,0,0,0,0,0,0,0,0,0.0,0.0,0.0,0.0,0.0,0.0,0.0
gRNA_13722,0,0,0,0,0,0,0,0,0,0,0,0,0,0.0,0.0,0.0,0.0,0.0,0.0,0.0
gRNA_13723,0,0,0,0,0,0,0,0,0,0,0,0,0,0.0,0.0,0.0,0.0,0.0,0.0,0.0
gRNA_13724,0,0,0,0,0,0,0,0,0,0,0,0,0,0.0,0.0,0.0,0.0,0.0,0.0,0.0
gRNA_13725,0,0,0,0,0,0,0,0,0,0,0,0,0,0.0,0.0,0.0,0.0,0.0,0.0,0.0
gRNA_13726,0,0,0,0,0,0,0,0,0,0,0,0,0,0.0,0.0,0.0,0.0,0.0,0.0,0.0
gRNA_13727,0,0,0,0,0,0,0,0,0,0,0,0,0,0.0,0.0,0.0,0.0,0.0,0.0,0.0
gRNA_13728,0,0,0,0,0,0,0,0,0,0,0,0,0,0.0,0.0,0.0,0.0,0.0,0.0,0.0
gRNA_13729,0,0,0,0,0,0,0,0,0,0,0,0,0,0.0,0.0,0.0,0.0,0.0,0.0,0.0
gRNA_13730,0,0,0,0,0,0,0,0,0,0,0,0,0,0.0,0.0,0.0,0.0,0.0,0.0,0.0
gRNA_13731,0,0,0,0,0,0,0,0,0,0,0,0,0,0.0,0.0,0.0,0.0,0.0,0.0,0.0
gRNA_1376,0,0,0,0,0,0,0,0,0,0,0,0,0,0.0,0.0,0.0,0.0,0.0,0.0,0.0
gRNA_1381,0,0,0,0,0,0,0,0,0,0,0,0,0,0.0,0.0,0.0,0.0,0.0,0.0,0.0
gRNA_1382,0,0,0,0,0,0,0,0,0,0,0,0,0,0.0,0.0,0.0,0.0,0.0,0.0,0.0
gRNA_1383,0,0,0,0,0,0,0,0,0,0,0,0,0,0.0,0.0,0.0,0.0,0.0,0.0,0.0
gRNA_13855,953,0,953,932,8,13,908,7,8,38,0,25,13,0.7345225603357817,0.8394543546694648,95.27806925498426,3.987408184679958,0.0,2.6232948583420774,1.3641133263378804
gRNA_13860,2032,0,2032,2024,8,0,1897,8,8,127,0,127,0,0.39370078740157477,0.39370078740157477,93.35629921259843,6.25,0.0,6.25,0.0
gRNA_13871,0,0,0,0,0,0,0,0,0,0,0,0,0,0.0,0.0,0.0,0.0,0.0,0.0,0.0
gRNA_1389,901,0,901,894,5,2,450,1,5,450,1,447,2,0.11098779134295228,0.5549389567147613,49.944506104328525,49.944506104328525,0.11098779134295228,49.61154273029967,0.22197558268590456
gRNA_13903,1761,0,1761,1680,35,46,1656,33,35,72,0,26,46,1.8739352640545146,1.9875070982396368,94.03747870528109,4.088586030664395,0.0,1.4764338444065872,2.612152186257808
gRNA_13905,746,0,746,723,6,17,626,4,6,116,0,99,17,0.5361930294906166,0.8042895442359249,83.91420911528151,15.549597855227882,0.0,13.270777479892763,2.278820375335121
gRNA_13953,23,0,23,23,0,0,9,0,0,14,0,14,0,0.0,0.0,39.130434782608695,60.86956521739131,0.0,60.86956521739131,0.0
gRNA_1397,0,0,0,0,0,0,0,0,0,0,0,0,0,0.0,0.0,0.0,0.0,0.0,0.0,0.0
gRNA_14002,825,0,825,783,3,39,780,1,3,44,0,4,40,0.12121212121212122,0.36363636363636365,94.54545454545455,5.333333333333334,0.0,0.48484848484848486,4.848484848484849
gRNA_1404,174,0,174,174,0,0,150,0,0,24,0,24,0,0.0,0.0,86.20689655172413,13.793103448275861,0.0,13.793103448275861,0.0
gRNA_14080,384,0,384,269,43,72,248,37,43,99,0,27,72,9.635416666666668,11.197916666666668,64.58333333333334,25.78125,0.0,7.03125,18.75
gRNA_14104,1084,0,1084,1076,4,4,983,2,4,99,0,95,4,0.18450184501845018,0.36900369003690037,90.68265682656826,9.132841328413283,0.0,8.763837638376385,0.36900369003690037
gRNA_14164,1,0,1,1,0,0,1,0,0,0,0,0,0,0.0,0.0,100.0,0.0,0.0,0.0,0.0
gRNA_14242,376,0,376,373,3,0,263,2,3,111,0,111,0,0.5319148936170213,0.7978723404255319,69.9468085106383,29.521276595744684,0.0,29.521276595744684,0.0
gRNA_14243,586,0,586,585,0,1,368,0,0,218,0,217,1,0.0,0.0,62.79863481228669,37.20136518771331,0.0,37.03071672354949,0.17064846416382254
gRNA_14250,426,0,426,424,1,1,408,1,1,17,0,16,1,0.2347417840375587,0.2347417840375587,95.77464788732394,3.9906103286384975,0.0,3.755868544600939,0.2347417840375587
gRNA_14301,261,0,261,258,1,2,211,1,1,49,0,47,2,0.38314176245210724,0.38314176245210724,80.84291187739464,18.773946360153257,0.0,18.007662835249043,0.7662835249042145
gRNA_14304,2496,0,2496,2151,21,324,2131,20,21,345,0,21,324,0.8012820512820512,0.8413461538461539,85.37660256410257,13.822115384615385,0.0,0.8413461538461539,12.980769230769232
gRNA_14320,209,0,209,209,0,0,198,0,0,11,0,11,0,0.0,0.0,94.73684210526315,5.263157894736842,0.0,5.263157894736842,0.0
gRNA_14331,1649,308,1341,936,158,247,606,82,158,653,0,406,247,6.114839671886651,11.782252050708426,45.19015659955257,48.69500372856078,0.0,30.275913497390007,18.419090231170767
gRNA_14366,2474,1,2473,2303,63,107,1348,26,63,1099,23,964,112,1.0513546300040437,2.547513141932875,54.5086938940558,44.439951475940155,0.9300444803881924,38.98099474322685,4.528912252325111
gRNA_14367,1818,0,1818,1590,95,133,1020,45,95,753,2,618,133,2.4752475247524752,5.225522552255225,56.10561056105611,41.41914191419142,0.11001100110011,33.993399339933994,7.315731573157317
gRNA_14368,1830,0,1830,1560,105,165,921,32,105,877,0,712,165,1.7486338797814207,5.737704918032787,50.32786885245901,47.923497267759565,0.0,38.907103825136616,9.01639344262295
gRNA_14369,870,0,870,754,42,74,550,22,42,298,0,224,74,2.528735632183908,4.827586206896552,63.2183908045977,34.25287356321839,0.0,25.74712643678161,8.505747126436782
gRNA_14370,1351,0,1351,1349,0,2,1334,0,0,17,0,15,2,0.0,0.0,98.74167283493709,1.2583271650629164,0.0,1.1102886750555145,0.1480384900074019
gRNA_14371,803,0,803,803,0,0,603,0,0,200,0,200,0,0.0,0.0,75.093399750934,24.906600249066003,0.0,24.906600249066003,0.0
gRNA_14372,410,0,410,408,1,1,353,0,1,57,30,24,3,0.0,0.24390243902439024,86.09756097560975,13.902439024390246,7.317073170731707,5.853658536585367,0.7317073170731708
gRNA_14373,264,0,264,264,0,0,221,0,0,43,0,43,0,0.0,0.0,83.71212121212122,16.28787878787879,0.0,16.28787878787879,0.0
gRNA_14374,1602,0,1602,1163,202,237,1133,181,202,288,0,51,237,11.298377028714107,12.60923845193508,70.72409488139824,17.97752808988764,0.0,3.1835205992509366,14.794007490636703
gRNA_14375,1489,0,1489,1047,167,275,1016,161,167,312,0,37,275,10.81262592343855,11.215580926796507,68.23371390194761,20.953660174613834,0.0,2.4848891873740766,18.468770987239758
gRNA_14376,674,0,674,669,2,3,532,1,2,141,0,138,3,0.1483679525222552,0.2967359050445104,78.93175074183976,20.919881305637983,0.0,20.474777448071215,0.44510385756676557
gRNA_14377,1575,0,1575,1571,2,2,1306,1,2,268,0,266,2,0.06349206349206349,0.12698412698412698,82.92063492063491,17.015873015873016,0.0,16.88888888888889,0.12698412698412698
gRNA_14378,71,0,71,71,0,0,43,0,0,28,0,28,0,0.0,0.0,60.56338028169014,39.436619718309856,0.0,39.436619718309856,0.0
gRNA_14379,172,89,83,82,1,0,34,0,1,49,0,49,0,0.0,1.2048192771084338,40.963855421686745,59.036144578313255,0.0,59.036144578313255,0.0
gRNA_14380,16,0,16,3,1,12,3,1,1,12,0,0,12,6.25,6.25,18.75,75.0,0.0,0.0,75.0
gRNA_14381,1270,0,1270,1259,4,7,1221,2,4,47,0,40,7,0.15748031496062992,0.31496062992125984,96.14173228346456,3.7007874015748032,0.0,3.149606299212598,0.5511811023622047
gRNA_14382,23,0,23,23,0,0,16,0,0,7,0,7,0,0.0,0.0,69.56521739130434,30.434782608695656,0.0,30.434782608695656,0.0
gRNA_14383,16,0,16,14,1,1,12,1,1,3,0,2,1,6.25,6.25,75.0,18.75,0.0,12.5,6.25
gRNA_14384,1174,1,1173,1150,5,18,692,4,5,477,0,79,398,0.3410059676044331,0.4262574595055414,58.99403239556692,40.66496163682864,0.0,6.734867860187553,33.93009377664109
gRNA_14385,267,1,266,259,4,3,243,4,4,19,0,16,3,1.5037593984962405,1.5037593984962405,91.35338345864662,7.142857142857142,0.0,6.015037593984962,1.1278195488721803
gRNA_14386,858,0,858,687,22,149,419,11,22,428,123,127,178,1.282051282051282,2.564102564102564,48.83449883449884,49.883449883449885,14.335664335664337,14.801864801864802,20.745920745920746
gRNA_14387,334,0,334,310,5,19,275,3,5,56,0,37,19,0.8982035928143712,1.4970059880239521,82.33532934131736,16.766467065868262,0.0,11.077844311377245,5.688622754491018
gRNA_14388,450,0,450,414,7,29,344,4,7,102,1,72,29,0.8888888888888888,1.5555555555555556,76.44444444444444,22.666666666666664,0.2222222222222222,16.0,6.444444444444445
gRNA_14389,109,0,109,108,0,1,62,0,0,47,0,46,1,0.0,0.0,56.88073394495413,43.11926605504588,0.0,42.201834862385326,0.9174311926605505
gRNA_14390,972,0,972,965,4,3,700,1,4,271,0,268,3,0.102880658436214,0.411522633744856,72.0164609053498,27.88065843621399,0.0,27.572016460905353,0.30864197530864196
gRNA_14391,1079,0,1079,1066,4,9,648,0,4,431,0,422,9,0.0,0.3707136237256719,60.05560704355886,39.94439295644115,0.0,39.110287303058385,0.8341056533827619
gRNA_14392,1554,0,1554,1554,0,0,1397,0,0,157,0,157,0,0.0,0.0,89.8970398970399,10.102960102960102,0.0,10.102960102960102,0.0
gRNA_14393,4,0,4,3,0,1,1,0,0,3,0,2,1,0.0,0.0,25.0,75.0,0.0,50.0,25.0
gRNA_14394,611,0,611,600,2,9,439,1,2,171,0,162,9,0.16366612111292964,0.32733224222585927,71.84942716857611,27.986906710310965,0.0,26.5139116202946,1.4729950900163666
gRNA_14395,36,0,36,29,4,3,17,1,4,18,0,14,4,2.7777777777777777,11.11111111111111,47.22222222222222,50.0,0.0,38.88888888888889,11.11111111111111
gRNA_14396,23,0,23,20,3,0,12,0,3,11,0,11,0,0.0,13.043478260869565,52.17391304347826,47.82608695652174,0.0,47.82608695652174,0.0
gRNA_14397,2,0,2,1,1,0,0,0,1,2,0,2,0,0.0,50.0,0.0,100.0,0.0,100.0,0.0
gRNA_14402,8,0,8,3,3,2,1,2,3,5,0,3,2,25.0,37.5,12.5,62.5,0.0,37.5,25.0
gRNA_14407,987,0,987,824,63,100,681,52,63,254,34,119,101,5.268490374873354,6.382978723404255,68.9969604863222,25.734549138804457,3.4447821681864235,12.056737588652481,10.233029381965553
gRNA_14410,495,0,495,495,0,0,452,0,0,43,0,43,0,0.0,0.0,91.31313131313131,8.686868686868687,0.0,8.686868686868687,0.0
gRNA_14413,2,0,2,2,0,0,2,0,0,0,0,0,0,0.0,0.0,100.0,0.0,0.0,0.0,0.0
gRNA_14414,0,0,0,0,0,0,0,0,0,0,0,0,0,0.0,0.0,0.0,0.0,0.0,0.0,0.0
gRNA_14415,0,0,0,0,0,0,0,0,0,0,0,0,0,0.0,0.0,0.0,0.0,0.0,0.0,0.0
gRNA_14416,27,0,27,27,0,0,19,0,0,8,0,8,0,0.0,0.0,70.37037037037037,29.629629629629626,0.0,29.629629629629626,0.0
gRNA_14417,0,0,0,0,0,0,0,0,0,0,0,0,0,0.0,0.0,0.0,0.0,0.0,0.0,0.0
gRNA_14418,2,0,2,2,0,0,1,0,0,1,0,1,0,0.0,0.0,50.0,50.0,0.0,50.0,0.0
gRNA_14419,1,0,1,1,0,0,0,0,0,1,0,1,0,0.0,0.0,0.0,100.0,0.0,100.0,0.0
gRNA_14420,80,0,80,80,0,0,61,0,0,19,0,19,0,0.0,0.0,76.25,23.75,0.0,23.75,0.0
gRNA_14421,0,0,0,0,0,0,0,0,0,0,0,0,0,0.0,0.0,0.0,0.0,0.0,0.0,0.0
gRNA_14422,9,0,9,9,0,0,6,0,0,3,0,3,0,0.0,0.0,66.66666666666666,33.33333333333333,0.0,33.33333333333333,0.0
gRNA_14423,0,0,0,0,0,0,0,0,0,0,0,0,0,0.0,0.0,0.0,0.0,0.0,0.0,0.0
gRNA_14424,0,0,0,0,0,0,0,0,0,0,0,0,0,0.0,0.0,0.0,0.0,0.0,0.0,0.0
gRNA_14425,0,0,0,0,0,0,0,0,0,0,0,0,0,0.0,0.0,0.0,0.0,0.0,0.0,0.0
gRNA_14426,1,0,1,1,0,0,1,0,0,0,0,0,0,0.0,0.0,100.0,0.0,0.0,0.0,0.0
gRNA_14427,1,0,1,1,0,0,0,0,0,1,0,1,0,0.0,0.0,0.0,100.0,0.0,100.0,0.0
gRNA_14428,2,0,2,2,0,0,2,0,0,0,0,0,0,0.0,0.0,100.0,0.0,0.0,0.0,0.0
gRNA_14429,0,0,0,0,0,0,0,0,0,0,0,0,0,0.0,0.0,0.0,0.0,0.0,0.0,0.0
gRNA_14430,0,0,0,0,0,0,0,0,0,0,0,0,0,0.0,0.0,0.0,0.0,0.0,0.0,0.0
gRNA_14431,1,0,1,1,0,0,0,0,0,1,0,1,0,0.0,0.0,0.0,100.0,0.0,100.0,0.0
gRNA_14432,0,0,0,0,0,0,0,0,0,0,0,0,0,0.0,0.0,0.0,0.0,0.0,0.0,0.0
gRNA_14433,0,0,0,0,0,0,0,0,0,0,0,0,0,0.0,0.0,0.0,0.0,0.0,0.0,0.0
gRNA_14434,0,0,0,0,0,0,0,0,0,0,0,0,0,0.0,0.0,0.0,0.0,0.0,0.0,0.0
gRNA_14435,0,0,0,0,0,0,0,0,0,0,0,0,0,0.0,0.0,0.0,0.0,0.0,0.0,0.0
gRNA_14436,130,0,130,77,21,32,42,8,21,80,0,48,32,6.153846153846154,16.153846153846153,32.30769230769231,61.53846153846154,0.0,36.92307692307693,24.615384615384617
gRNA_14437,0,0,0,0,0,0,0,0,0,0,0,0,0,0.0,0.0,0.0,0.0,0.0,0.0,0.0
gRNA_14438,0,0,0,0,0,0,0,0,0,0,0,0,0,0.0,0.0,0.0,0.0,0.0,0.0,0.0
gRNA_14439,0,0,0,0,0,0,0,0,0,0,0,0,0,0.0,0.0,0.0,0.0,0.0,0.0,0.0
gRNA_14440,0,0,0,0,0,0,0,0,0,0,0,0,0,0.0,0.0,0.0,0.0,0.0,0.0,0.0
gRNA_14441,0,0,0,0,0,0,0,0,0,0,0,0,0,0.0,0.0,0.0,0.0,0.0,0.0,0.0
gRNA_14442,0,0,0,0,0,0,0,0,0,0,0,0,0,0.0,0.0,0.0,0.0,0.0,0.0,0.0
gRNA_14443,0,0,0,0,0,0,0,0,0,0,0,0,0,0.0,0.0,0.0,0.0,0.0,0.0,0.0
gRNA_14444,0,0,0,0,0,0,0,0,0,0,0,0,0,0.0,0.0,0.0,0.0,0.0,0.0,0.0
gRNA_14445,71,0,71,71,0,0,71,0,0,0,0,0,0,0.0,0.0,100.0,0.0,0.0,0.0,0.0
gRNA_14446,144,0,144,126,8,10,94,5,8,45,0,35,10,3.4722222222222223,5.555555555555555,65.27777777777779,31.25,0.0,24.305555555555554,6.944444444444445
gRNA_14447,11,1,10,8,2,0,7,2,2,1,0,1,0,20.0,20.0,70.0,10.0,0.0,10.0,0.0
gRNA_14448,437,0,437,434,1,2,331,0,1,106,0,104,2,0.0,0.2288329519450801,75.74370709382151,24.25629290617849,0.0,23.79862700228833,0.4576659038901602
gRNA_14449,176,0,176,144,32,0,112,0,32,64,0,37,27,0.0,18.181818181818183,63.63636363636363,36.36363636363637,0.0,21.022727272727273,15.340909090909092
gRNA_14450,2576,0,2576,2574,0,2,2454,0,0,122,0,120,2,0.0,0.0,95.2639751552795,4.736024844720497,0.0,4.658385093167702,0.07763975155279502
gRNA_14451,61,0,61,61,0,0,50,0,0,11,0,11,0,0.0,0.0,81.9672131147541,18.0327868852459,0.0,18.0327868852459,0.0
gRNA_14452,1186,0,1186,1140,18,28,889,11,18,286,0,258,28,0.927487352445194,1.5177065767284992,74.95784148397976,24.11467116357504,0.0,21.75379426644182,2.360876897133221
gRNA_14453,2,0,2,2,0,0,2,0,0,0,0,0,0,0.0,0.0,100.0,0.0,0.0,0.0,0.0
gRNA_14454,19,0,19,18,1,0,5,0,1,14,0,14,0,0.0,5.263157894736842,26.31578947368421,73.68421052631578,0.0,73.68421052631578,0.0
gRNA_14455,2810,0,2810,2723,68,19,2150,61,68,599,0,580,19,2.170818505338078,2.4199288256227756,76.51245551601423,21.31672597864769,0.0,20.640569395017792,0.6761565836298933
gRNA_14456,1381,0,1381,1378,0,3,1081,0,0,300,0,297,3,0.0,0.0,78.27661115133961,21.72338884866039,0.0,21.506154960173788,0.2172338884866039
gRNA_14457,1785,0,1785,1418,157,210,1404,154,157,227,0,17,210,8.627450980392156,8.795518207282914,78.65546218487395,12.717086834733893,0.0,0.9523809523809524,11.76470588235294
gRNA_14458,2203,0,2203,1901,105,197,1809,89,105,305,0,108,197,4.0399455288243304,4.766227871084884,82.11529732183386,13.844757149341808,0.0,4.902405810258738,8.942351339083068
gRNA_14459,900,0,900,896,1,3,621,0,1,279,1,275,3,0.0,0.1111111111111111,69.0,31.0,0.1111111111111111,30.555555555555557,0.33333333333333337
gRNA_14460,207,0,207,205,0,2,202,0,0,5,0,3,2,0.0,0.0,97.58454106280193,2.4154589371980677,0.0,1.4492753623188406,0.966183574879227
gRNA_14461,1834,0,1834,1763,24,47,1191,11,24,632,0,585,47,0.5997818974918212,1.3086150490730644,64.94002181025081,34.460196292257365,0.0,31.897491821155942,2.5627044711014175
gRNA_14462,1714,0,1714,1633,30,51,653,4,30,1057,0,1006,51,0.2333722287047841,1.7502917152858808,38.09801633605601,61.66861143523921,0.0,58.69311551925321,2.9754959159859977
gRNA_14463,504,0,504,498,1,5,472,0,1,32,0,27,5,0.0,0.1984126984126984,93.65079365079364,6.349206349206349,0.0,5.357142857142857,0.992063492063492
gRNA_14464,1465,0,1465,1464,0,1,1454,0,0,11,0,10,1,0.0,0.0,99.24914675767918,0.7508532423208191,0.0,0.6825938566552902,0.06825938566552901
gRNA_14465,1101,0,1101,1020,54,27,612,28,54,461,0,430,31,2.5431425976385107,4.904632152588556,55.5858310626703,41.87102633969119,0.0,39.055404178019984,2.815622161671208
gRNA_14466,0,0,0,0,0,0,0,0,0,0,0,0,0,0.0,0.0,0.0,0.0,0.0,0.0,0.0
gRNA_14467,1969,0,1969,1947,11,11,1467,2,11,500,0,489,11,0.10157440325038089,0.5586592178770949,74.5048247841544,25.393600812595224,0.0,24.83494159471813,0.5586592178770949
gRNA_14468,1961,0,1961,1953,2,6,1031,0,2,930,0,924,6,0.0,0.10198878123406425,52.57521672616012,47.42478327383988,0.0,47.11881693013768,0.3059663437021928
gRNA_14469,379,0,379,297,31,51,190,10,31,179,0,128,51,2.638522427440633,8.179419525065963,50.131926121372025,47.229551451187334,0.0,33.773087071240106,13.456464379947231
gRNA_14470,503,0,503,329,86,88,194,32,86,277,0,189,88,6.36182902584493,17.09741550695825,38.56858846918489,55.069582504970185,0.0,37.57455268389662,17.495029821073558
gRNA_14471,34,0,34,29,5,0,27,4,5,3,0,2,1,11.76470588235294,14.705882352941178,79.41176470588235,8.823529411764707,0.0,5.88235294117647,2.941176470588235
gRNA_14472,4427,0,4427,4414,0,13,4300,0,0,127,0,114,13,0.0,0.0,97.13124011746103,2.8687598825389653,0.0,2.575107296137339,0.2936525864016264
gRNA_14473,829,0,829,821,0,8,452,0,0,377,0,369,8,0.0,0.0,54.523522316043426,45.476477683956574,0.0,44.51145958986731,0.9650180940892641
gRNA_14474,1484,0,1484,1480,1,3,1411,1,1,72,0,69,3,0.06738544474393532,0.06738544474393532,95.08086253369272,4.8517520215633425,0.0,4.649595687331536,0.20215633423180593
gRNA_14475,130,0,130,130,0,0,82,0,0,48,0,48,0,0.0,0.0,63.07692307692307,36.92307692307693,0.0,36.92307692307693,0.0
gRNA_14476,0,0,0,0,0,0,0,0,0,0,0,0,0,0.0,0.0,0.0,0.0,0.0,0.0,0.0
gRNA_14477,12,0,12,11,1,0,7,0,1,5,0,5,0,0.0,8.333333333333332,58.333333333333336,41.66666666666667,0.0,41.66666666666667,0.0
gRNA_14478,35,0,35,28,3,4,8,1,3,26,0,22,4,2.857142857142857,8.571428571428571,22.857142857142858,74.28571428571429,0.0,62.857142857142854,11.428571428571429
gRNA_14479,165,0,165,165,0,0,27,0,0,138,132,3,3,0.0,0.0,16.363636363636363,83.63636363636363,80.0,1.8181818181818181,1.8181818181818181
gRNA_14480,883,0,883,876,1,6,856,1,1,26,0,20,6,0.11325028312570783,0.11325028312570783,96.94224235560588,2.944507361268403,0.0,2.2650056625141564,0.6795016987542469
gRNA_14481,3080,0,3080,2461,205,414,2214,158,205,708,35,257,416,5.12987012987013,6.6558441558441555,71.88311688311688,22.987012987012985,1.1363636363636365,8.344155844155845,13.506493506493506
gRNA_14482,0,0,0,0,0,0,0,0,0,0,0,0,0,0.0,0.0,0.0,0.0,0.0,0.0,0.0
gRNA_14483,1115,0,1115,1073,17,25,961,14,17,140,1,114,25,1.2556053811659191,1.5246636771300448,86.1883408071749,12.556053811659194,0.08968609865470852,10.22421524663677,2.242152466367713
gRNA_14484,10,0,10,10,0,0,4,0,0,6,0,6,0,0.0,0.0,40.0,60.0,0.0,60.0,0.0
gRNA_14485,35,0,35,35,0,0,21,0,0,14,0,14,0,0.0,0.0,60.0,40.0,0.0,40.0,0.0
gRNA_14486,539,0,539,535,0,4,515,0,0,24,0,20,4,0.0,0.0,95.54730983302412,4.452690166975881,0.0,3.710575139146568,0.7421150278293136
gRNA_14487,617,0,617,611,2,4,459,0,2,158,0,154,4,0.0,0.3241491085899514,74.39222042139384,25.60777957860616,0.0,24.959481361426256,0.6482982171799028
gRNA_14488,1511,0,1511,1492,10,9,1247,4,10,260,0,251,9,0.26472534745201853,0.6618133686300464,82.52812706816678,17.207147584381204,0.0,16.61151555261416,0.5956320317670417
gRNA_14489,2853,0,2853,2833,6,14,2598,6,6,249,0,235,14,0.2103049421661409,0.2103049421661409,91.062039957939,8.727655099894847,0.0,8.236943568173851,0.49071153172099546
gRNA_14490,1051,0,1051,1051,0,0,987,0,0,64,1,63,0,0.0,0.0,93.91056137012369,6.089438629876309,0.09514747859181732,5.99429115128449,0.0
gRNA_14491,1574,0,1574,1570,2,2,1315,0,2,259,221,34,4,0.0,0.12706480304955528,83.5451080050826,16.45489199491741,14.040660736975857,2.1601016518424396,0.25412960609911056
gRNA_14492,1065,0,1065,1054,2,9,953,0,2,112,0,103,9,0.0,0.18779342723004694,89.48356807511738,10.516431924882628,0.0,9.671361502347418,0.8450704225352111
gRNA_14493,1672,0,1672,1154,46,472,1098,45,46,529,0,57,472,2.6913875598086126,2.751196172248804,65.66985645933015,31.638755980861244,0.0,3.4090909090909087,28.22966507177033
gRNA_14494,1182,0,1182,1176,0,6,931,0,0,251,50,189,12,0.0,0.0,78.7648054145516,21.23519458544839,4.230118443316413,15.989847715736042,1.015228426395939
gRNA_14495,1564,0,1564,1555,4,5,1001,2,4,561,0,554,7,0.1278772378516624,0.2557544757033248,64.00255754475704,35.869565217391305,0.0,35.42199488491048,0.4475703324808184
gRNA_14496,4381,0,4381,4360,9,12,4294,9,9,78,0,66,12,0.20543254964619947,0.20543254964619947,98.01415202008674,1.7804154302670623,0.0,1.5065053640721298,0.27391006619493263
gRNA_14497,3960,0,3960,3558,161,241,2731,79,161,1150,0,883,267,1.994949494949495,4.065656565656566,68.96464646464646,29.040404040404038,0.0,22.297979797979796,6.742424242424243
gRNA_14498,487,0,487,484,0,3,418,0,0,69,0,66,3,0.0,0.0,85.83162217659137,14.168377823408623,0.0,13.552361396303903,0.6160164271047228
gRNA_14499,0,0,0,0,0,0,0,0,0,0,0,0,0,0.0,0.0,0.0,0.0,0.0,0.0,0.0
gRNA_14500,395,0,395,386,2,7,369,2,2,24,0,17,7,0.5063291139240507,0.5063291139240507,93.41772151898734,6.075949367088607,0.0,4.30379746835443,1.7721518987341773
gRNA_14501,1040,0,1040,1033,2,5,971,2,2,67,0,62,5,0.19230769230769232,0.19230769230769232,93.36538461538461,6.442307692307692,0.0,5.961538461538462,0.4807692307692308
gRNA_14502,6861,1,6860,6785,29,46,6302,19,29,539,0,493,46,0.27696793002915454,0.4227405247813411,91.865889212828,7.857142857142857,0.0,7.1865889212828,0.6705539358600583
gRNA_14503,151,0,151,149,2,0,64,0,2,87,0,87,0,0.0,1.3245033112582782,42.384105960264904,57.615894039735096,0.0,57.615894039735096,0.0
gRNA_14504,1874,0,1874,1873,1,0,1710,1,1,163,0,137,26,0.05336179295624333,0.05336179295624333,91.2486659551761,8.697972251867663,0.0,7.310565635005337,1.3874066168623265
gRNA_14505,1113,0,1113,1109,2,2,1084,2,2,27,5,20,2,0.17969451931716085,0.17969451931716085,97.39442946990117,2.4258760107816713,0.44923629829290207,1.7969451931716083,0.17969451931716085
gRNA_14506,2202,0,2202,2197,0,5,998,0,0,1204,0,1198,6,0.0,0.0,45.322434150772025,54.677565849227975,0.0,54.40508628519528,0.2724795640326975
gRNA_14507,636,0,636,636,0,0,629,0,0,7,0,7,0,0.0,0.0,98.89937106918238,1.10062893081761,0.0,1.10062893081761,0.0
gRNA_14508,1986,0,1986,1982,0,4,1938,0,0,48,0,44,4,0.0,0.0,97.58308157099698,2.416918429003021,0.0,2.2155085599194364,0.2014098690835851
gRNA_14509,1615,0,1615,1609,6,0,1579,0,6,36,27,8,1,0.0,0.37151702786377705,97.77089783281734,2.2291021671826625,1.671826625386997,0.49535603715170284,0.061919504643962855
gRNA_14510,1355,0,1355,1355,0,0,652,0,0,703,199,443,61,0.0,0.0,48.11808118081181,51.881918819188186,14.686346863468636,32.693726937269375,4.501845018450185
gRNA_14511,2431,0,2431,2430,1,0,1218,1,1,1212,0,1212,0,0.04113533525298231,0.04113533525298231,50.10283833813246,49.85602632661456,0.0,49.85602632661456,0.0
gRNA_14512,1838,0,1838,1289,249,300,1121,211,249,506,0,206,300,11.47986942328618,13.547334058759523,60.99020674646355,27.529923830250276,0.0,11.20783460282916,16.32208922742111
gRNA_14513,1438,0,1438,1438,0,0,475,0,0,963,0,963,0,0.0,0.0,33.031988873435324,66.96801112656468,0.0,66.96801112656468,0.0
gRNA_14514,358,0,358,331,9,18,327,8,9,23,0,5,18,2.2346368715083798,2.5139664804469275,91.34078212290503,6.424581005586592,0.0,1.3966480446927374,5.027932960893855
gRNA_14515,24,0,24,24,0,0,5,0,0,19,0,19,0,0.0,0.0,20.833333333333336,79.16666666666666,0.0,79.16666666666666,0.0
gRNA_14516,50,0,50,50,0,0,24,0,0,26,0,26,0,0.0,0.0,48.0,52.0,0.0,52.0,0.0
gRNA_14517,336,0,336,335,1,0,56,1,1,279,83,24,172,0.2976190476190476,0.2976190476190476,16.666666666666664,83.03571428571429,24.702380952380953,7.142857142857142,51.19047619047619
gRNA_14518,161,0,161,160,0,1,50,0,0,111,0,110,1,0.0,0.0,31.05590062111801,68.94409937888199,0.0,68.32298136645963,0.6211180124223602
gRNA_14519,2866,0,2866,2857,1,8,1221,0,1,1645,0,1637,8,0.0,0.034891835310537335,42.60293091416609,57.39706908583392,0.0,57.117934403349615,0.2791346824842987
gRNA_14520,883,0,883,879,1,3,377,0,1,506,0,503,3,0.0,0.11325028312570783,42.69535673839185,57.304643261608156,0.0,56.96489241223103,0.33975084937712347
gRNA_14521,1591,0,1591,1588,1,2,1483,1,1,107,0,105,2,0.06285355122564425,0.06285355122564425,93.21181646763043,6.725329981143934,0.0,6.599622878692646,0.1257071024512885
gRNA_14522,54,0,54,54,0,0,14,0,0,40,0,37,3,0.0,0.0,25.925925925925924,74.07407407407408,0.0,68.51851851851852,5.555555555555555
gRNA_14523,710,0,710,705,2,3,594,2,2,114,0,111,3,0.28169014084507044,0.28169014084507044,83.66197183098592,16.056338028169016,0.0,15.63380281690141,0.42253521126760557
gRNA_14524,869,0,869,860,4,5,781,3,4,85,0,80,5,0.34522439585730724,0.46029919447640966,89.87341772151899,9.781357882623706,0.0,9.205983889528193,0.5753739930955121
gRNA_14525,746,0,746,720,14,12,516,5,14,225,0,207,18,0.6702412868632708,1.876675603217158,69.16890080428955,30.160857908847184,0.0,27.74798927613941,2.4128686327077746
gRNA_14526,45,0,45,44,0,1,16,0,0,29,0,28,1,0.0,0.0,35.55555555555556,64.44444444444444,0.0,62.22222222222222,2.2222222222222223
gRNA_14527,1417,0,1417,1406,3,8,827,0,3,590,0,581,9,0.0,0.2117148906139732,58.36273817925194,41.63726182074806,0.0,41.002117148906144,0.6351446718419196
gRNA_14528,199,36,163,117,25,21,79,7,25,77,0,56,21,4.294478527607362,15.337423312883436,48.466257668711656,47.239263803680984,0.0,34.355828220858896,12.883435582822086
gRNA_14529,1019,0,1019,1018,1,0,695,0,1,324,0,324,0,0.0,0.09813542688910697,68.20412168792934,31.79587831207066,0.0,31.79587831207066,0.0
gRNA_14530,878,0,878,870,6,2,501,3,6,374,0,372,2,0.3416856492027335,0.683371298405467,57.061503416856496,42.59681093394077,0.0,42.369020501138955,0.22779043280182232
gRNA_14531,1275,0,1275,1264,3,8,1200,3,3,72,9,55,8,0.2352941176470588,0.2352941176470588,94.11764705882352,5.647058823529412,0.7058823529411765,4.313725490196078,0.6274509803921569
gRNA_14532,1670,0,1670,1276,245,149,891,164,245,615,0,466,149,9.820359281437126,14.67065868263473,53.35329341317365,36.82634730538922,0.0,27.904191616766465,8.922155688622754
gRNA_14533,1475,0,1475,1474,1,0,1086,0,1,389,0,389,0,0.0,0.06779661016949153,73.6271186440678,26.372881355932204,0.0,26.372881355932204,0.0
gRNA_14534,926,0,926,921,1,4,765,0,1,161,0,157,4,0.0,0.10799136069114472,82.6133909287257,17.386609071274297,0.0,16.954643628509718,0.4319654427645789
gRNA_14535,2678,0,2678,2674,0,4,2506,0,0,172,0,168,4,0.0,0.0,93.57729648991786,6.422703510082151,0.0,6.273338312173264,0.14936519790888725
gRNA_14536,1316,0,1316,1280,21,15,1158,5,21,153,0,138,15,0.3799392097264438,1.5957446808510638,87.99392097264437,11.626139817629179,0.0,10.486322188449847,1.1398176291793314
gRNA_14537,2814,0,2814,2806,0,8,2489,0,0,325,0,317,8,0.0,0.0,88.4506041222459,11.549395877754087,0.0,11.265103056147833,0.28429282160625446
gRNA_14538,3712,0,3712,3707,2,3,3521,1,2,190,0,187,3,0.02693965517241379,0.05387931034482758,94.85452586206897,5.118534482758621,0.0,5.037715517241379,0.08081896551724138
gRNA_14539,1410,0,1410,1323,27,60,1056,12,27,342,0,282,60,0.851063829787234,1.9148936170212765,74.8936170212766,24.25531914893617,0.0,20.0,4.25531914893617
gRNA_14540,811,0,811,805,0,6,786,0,0,25,0,19,6,0.0,0.0,96.9173859432799,3.082614056720099,0.0,2.342786683107275,0.7398273736128237
gRNA_14541,736,0,736,611,73,52,609,73,73,54,0,2,52,9.918478260869565,9.918478260869565,82.74456521739131,7.336956521739131,0.0,0.2717391304347826,7.065217391304348
gRNA_14542,963,0,963,963,0,0,807,0,0,156,0,156,0,0.0,0.0,83.8006230529595,16.1993769470405,0.0,16.1993769470405,0.0
gRNA_14543,943,0,943,942,0,1,904,0,0,39,12,26,1,0.0,0.0,95.864262990456,4.135737009544008,1.2725344644750796,2.757158006362672,0.10604453870625664
gRNA_14544,0,0,0,0,0,0,0,0,0,0,0,0,0,0.0,0.0,0.0,0.0,0.0,0.0,0.0
gRNA_14545,39,0,39,39,0,0,30,0,0,9,0,9,0,0.0,0.0,76.92307692307693,23.076923076923077,0.0,23.076923076923077,0.0
gRNA_14546,1568,0,1568,1349,86,133,1151,55,86,362,0,229,133,3.5076530612244894,5.48469387755102,73.40561224489795,23.08673469387755,0.0,14.604591836734693,8.482142857142858
gRNA_14547,717,0,717,713,1,3,651,0,1,66,0,63,3,0.0,0.1394700139470014,90.7949790794979,9.205020920502092,0.0,8.786610878661087,0.41841004184100417
gRNA_14548,540,0,540,524,2,14,408,0,2,132,0,118,14,0.0,0.3703703703703704,75.55555555555556,24.444444444444443,0.0,21.85185185185185,2.5925925925925926
gRNA_14549,1630,0,1630,1622,4,4,1564,3,4,63,0,59,4,0.18404907975460122,0.245398773006135,95.95092024539878,3.8650306748466257,0.0,3.6196319018404908,0.245398773006135
gRNA_14550,886,0,886,856,12,18,830,11,12,45,0,27,18,1.2415349887133182,1.3544018058690745,93.67945823927766,5.07900677200903,0.0,3.0474040632054176,2.0316027088036117
gRNA_14551,1645,0,1645,1459,151,35,991,74,151,580,0,544,36,4.498480243161095,9.179331306990882,60.24316109422493,35.25835866261398,0.0,33.06990881458967,2.188449848024316
gRNA_14552,528,0,528,516,8,4,436,4,8,88,0,84,4,0.7575757575757576,1.5151515151515151,82.57575757575758,16.666666666666664,0.0,15.909090909090908,0.7575757575757576
gRNA_14553,2342,0,2342,2328,9,5,1976,5,9,361,6,350,5,0.2134927412467976,0.3842869342442357,84.37233134073442,15.414175918018788,0.25619128949615716,14.944491887275833,0.2134927412467976
gRNA_14554,1029,0,1029,1029,0,0,950,0,0,79,0,79,0,0.0,0.0,92.3226433430515,7.6773566569484935,0.0,7.6773566569484935,0.0
gRNA_14555,751,0,751,745,4,2,671,2,4,78,0,76,2,0.2663115845539281,0.5326231691078562,89.34753661784288,10.386151797603196,0.0,10.119840213049267,0.2663115845539281
gRNA_14556,2297,0,2297,1983,117,197,1939,113,117,245,0,48,197,4.919460165433174,5.093600348280366,84.41445363517632,10.66608619939051,0.0,2.0896821941663037,8.576404005224205
gRNA_14557,2401,0,2401,2401,0,0,1771,0,0,630,0,630,0,0.0,0.0,73.76093294460642,26.239067055393583,0.0,26.239067055393583,0.0
gRNA_14558,1531,0,1531,1527,2,2,1425,2,2,104,0,102,2,0.13063357282821686,0.13063357282821686,93.0764206401045,6.792945787067277,0.0,6.662312214239059,0.13063357282821686
gRNA_14559,2847,0,2847,2817,12,18,2503,9,12,335,0,317,18,0.31612223393045313,0.42149631190727077,87.9171057253249,11.766772040744645,0.0,11.134527572883737,0.6322444678609063
gRNA_14560,0,0,0,0,0,0,0,0,0,0,0,0,0,0.0,0.0,0.0,0.0,0.0,0.0,0.0
gRNA_14561,2766,0,2766,2754,8,4,2669,8,8,89,0,85,4,0.28922631959508316,0.28922631959508316,96.49313087490961,3.2176428054953,0.0,3.0730296456977584,0.14461315979754158
gRNA_14562,1763,0,1763,1762,0,1,1630,0,0,133,0,132,1,0.0,0.0,92.45604083947816,7.543959160521838,0.0,7.487237663074304,0.05672149744753262
gRNA_14563,877,0,877,875,2,0,828,2,2,47,0,47,0,0.22805017103762829,0.22805017103762829,94.4127708095781,5.359179019384264,0.0,5.359179019384264,0.0
gRNA_14564,157,0,157,157,0,0,140,0,0,17,0,17,0,0.0,0.0,89.171974522293,10.828025477707007,0.0,10.828025477707007,0.0
gRNA_14565,1791,0,1791,1787,2,2,1726,2,2,63,0,61,2,0.11166945840312675,0.11166945840312675,96.37074260189839,3.5175879396984926,0.0,3.4059184812953656,0.11166945840312675
gRNA_14566,820,0,820,817,1,2,654,1,1,165,0,163,2,0.12195121951219512,0.12195121951219512,79.75609756097562,20.121951219512198,0.0,19.878048780487806,0.24390243902439024
gRNA_14567,530,1,529,466,34,29,392,25,34,112,0,83,29,4.725897920604915,6.427221172022684,74.10207939508507,21.17202268431002,0.0,15.689981096408317,5.482041587901701
gRNA_14568,552,0,552,465,43,44,421,35,43,96,0,52,44,6.340579710144928,7.789855072463768,76.26811594202898,17.391304347826086,0.0,9.420289855072465,7.971014492753622
gRNA_14569,118,0,118,116,0,2,98,0,0,20,0,18,2,0.0,0.0,83.05084745762711,16.94915254237288,0.0,15.254237288135593,1.694915254237288
gRNA_14570,207,0,207,186,7,14,107,1,7,99,0,85,14,0.4830917874396135,3.3816425120772946,51.690821256038646,47.82608695652174,0.0,41.06280193236715,6.763285024154589
gRNA_14571,7,0,7,6,1,0,6,0,1,1,0,1,0,0.0,14.285714285714285,85.71428571428571,14.285714285714285,0.0,14.285714285714285,0.0
gRNA_14572,192,0,192,175,10,7,109,5,10,78,0,71,7,2.604166666666667,5.208333333333334,56.770833333333336,40.625,0.0,36.97916666666667,3.6458333333333335
gRNA_14573,1200,1,1199,793,161,245,726,139,161,334,0,89,245,11.592994161801501,13.427856547122602,60.550458715596335,27.856547122602173,0.0,7.422852376980818,20.43369474562135
gRNA_14574,1147,0,1147,1142,3,2,864,0,3,283,0,281,2,0.0,0.26155187445510025,75.32693984306887,24.673060156931125,0.0,24.498692240627726,0.17436791630340018
gRNA_14575,1264,0,1264,1264,0,0,688,0,0,576,0,576,0,0.0,0.0,54.43037974683544,45.56962025316456,0.0,45.56962025316456,0.0
gRNA_14576,2383,0,2383,2345,26,12,2275,25,26,83,2,69,12,1.0490977759127151,1.0910616869492236,95.46789760805707,3.483004616030214,0.0839278220730172,2.8955098615190935,0.5035669324381032
gRNA_14577,1,0,1,0,1,0,0,1,1,0,0,0,0,100.0,100.0,0.0,0.0,0.0,0.0,0.0
gRNA_14578,347,0,347,330,9,8,231,8,9,108,0,100,8,2.3054755043227666,2.5936599423631126,66.57060518731988,31.12391930835735,0.0,28.818443804034583,2.3054755043227666
gRNA_14579,0,0,0,0,0,0,0,0,0,0,0,0,0,0.0,0.0,0.0,0.0,0.0,0.0,0.0
gRNA_14580,0,0,0,0,0,0,0,0,0,0,0,0,0,0.0,0.0,0.0,0.0,0.0,0.0,0.0
gRNA_14581,0,0,0,0,0,0,0,0,0,0,0,0,0,0.0,0.0,0.0,0.0,0.0,0.0,0.0
gRNA_14582,0,0,0,0,0,0,0,0,0,0,0,0,0,0.0,0.0,0.0,0.0,0.0,0.0,0.0
gRNA_14583,0,0,0,0,0,0,0,0,0,0,0,0,0,0.0,0.0,0.0,0.0,0.0,0.0,0.0
gRNA_14584,0,0,0,0,0,0,0,0,0,0,0,0,0,0.0,0.0,0.0,0.0,0.0,0.0,0.0
gRNA_14585,0,0,0,0,0,0,0,0,0,0,0,0,0,0.0,0.0,0.0,0.0,0.0,0.0,0.0
gRNA_14586,0,0,0,0,0,0,0,0,0,0,0,0,0,0.0,0.0,0.0,0.0,0.0,0.0,0.0
gRNA_14587,0,0,0,0,0,0,0,0,0,0,0,0,0,0.0,0.0,0.0,0.0,0.0,0.0,0.0
gRNA_14588,0,0,0,0,0,0,0,0,0,0,0,0,0,0.0,0.0,0.0,0.0,0.0,0.0,0.0
gRNA_14589,0,0,0,0,0,0,0,0,0,0,0,0,0,0.0,0.0,0.0,0.0,0.0,0.0,0.0
gRNA_14590,0,0,0,0,0,0,0,0,0,0,0,0,0,0.0,0.0,0.0,0.0,0.0,0.0,0.0
gRNA_14591,0,0,0,0,0,0,0,0,0,0,0,0,0,0.0,0.0,0.0,0.0,0.0,0.0,0.0
gRNA_14592,0,0,0,0,0,0,0,0,0,0,0,0,0,0.0,0.0,0.0,0.0,0.0,0.0,0.0
gRNA_14593,0,0,0,0,0,0,0,0,0,0,0,0,0,0.0,0.0,0.0,0.0,0.0,0.0,0.0
gRNA_14594,0,0,0,0,0,0,0,0,0,0,0,0,0,0.0,0.0,0.0,0.0,0.0,0.0,0.0
gRNA_14595,5,0,5,5,0,0,5,0,0,0,0,0,0,0.0,0.0,100.0,0.0,0.0,0.0,0.0
gRNA_14596,0,0,0,0,0,0,0,0,0,0,0,0,0,0.0,0.0,0.0,0.0,0.0,0.0,0.0
gRNA_14597,424,0,424,413,5,6,347,5,5,72,0,66,6,1.179245283018868,1.179245283018868,81.83962264150944,16.9811320754717,0.0,15.566037735849056,1.4150943396226416
gRNA_14598,741,0,741,735,1,5,413,0,1,328,0,323,5,0.0,0.1349527665317139,55.735492577597846,44.26450742240216,0.0,43.58974358974359,0.6747638326585695
gRNA_14599,5982,0,5982,5242,432,308,5177,419,432,386,1,77,308,7.004346372450685,7.221664994984955,86.54296221999331,6.452691407556001,0.016716817118020727,1.2871949180875961,5.1487796723503845
gRNA_14600,1315,0,1315,1077,229,9,833,222,229,260,0,250,10,16.88212927756654,17.41444866920152,63.346007604562736,19.771863117870723,0.0,19.011406844106464,0.7604562737642585
gRNA_14601,863,0,863,861,1,1,750,0,1,113,0,112,1,0.0,0.11587485515643105,86.90614136732329,13.093858632676708,0.0,12.977983777520278,0.11587485515643105
gRNA_14602,1538,0,1538,1517,8,13,1382,5,8,151,0,138,13,0.3250975292587776,0.5201560468140443,89.85695708712613,9.817945383615085,0.0,8.972691807542263,0.8452535760728219
gRNA_14603,489,0,489,391,36,62,280,20,36,189,0,127,62,4.08997955010225,7.361963190184049,57.259713701431494,38.65030674846626,0.0,25.971370143149286,12.678936605316974
gRNA_14604,5351,0,5351,5325,26,0,3893,15,26,1443,0,1443,0,0.2803214352457485,0.4858904877592973,72.75275649411324,26.966922070641004,0.0,26.966922070641004,0.0
gRNA_14605,3188,0,3188,3005,57,126,2789,43,57,356,0,230,126,1.3488080301129235,1.7879548306148056,87.48431618569637,11.166875784190715,0.0,7.214554579673776,3.9523212045169385
gRNA_14606,941,1,940,940,0,0,620,0,0,320,0,320,0,0.0,0.0,65.95744680851064,34.04255319148936,0.0,34.04255319148936,0.0
gRNA_14607,2573,0,2573,2570,1,2,2260,1,1,312,0,310,2,0.0388651379712398,0.0388651379712398,87.83521181500194,12.125923047026816,0.0,12.048192771084338,0.0777302759424796
gRNA_14608,659,0,659,645,8,6,431,4,8,224,0,218,6,0.6069802731411229,1.2139605462822458,65.402124430956,33.99089529590288,0.0,33.0804248861912,0.9104704097116844
gRNA_14609,1626,0,1626,1624,2,0,1591,1,2,34,0,34,0,0.06150061500615006,0.12300123001230012,97.84747847478474,2.091020910209102,0.0,2.091020910209102,0.0
gRNA_14610,950,0,950,792,98,60,789,97,98,64,0,4,60,10.210526315789474,10.31578947368421,83.05263157894737,6.7368421052631575,0.0,0.42105263157894735,6.315789473684211
gRNA_14611,3380,0,3380,3302,34,44,2862,21,34,497,0,453,44,0.621301775147929,1.0059171597633136,84.67455621301775,14.704142011834321,0.0,13.402366863905327,1.301775147928994
gRNA_14612,1200,0,1200,1197,2,1,949,0,2,251,0,250,1,0.0,0.16666666666666669,79.08333333333334,20.916666666666668,0.0,20.833333333333336,0.08333333333333334
gRNA_14613,314,0,314,314,0,0,308,0,0,6,0,6,0,0.0,0.0,98.08917197452229,1.910828025477707,0.0,1.910828025477707,0.0
gRNA_14614,436,0,436,434,2,0,408,2,2,26,0,26,0,0.45871559633027525,0.45871559633027525,93.57798165137615,5.963302752293578,0.0,5.963302752293578,0.0
gRNA_14615,2736,0,2736,2707,11,18,2564,6,11,166,0,148,18,0.21929824561403508,0.402046783625731,93.71345029239765,6.067251461988303,0.0,5.409356725146199,0.6578947368421052
gRNA_14616,851,0,851,850,0,1,844,0,0,7,0,6,1,0.0,0.0,99.17743830787309,0.8225616921269095,0.0,0.7050528789659225,0.11750881316098707
gRNA_14617,946,0,946,945,1,0,935,1,1,10,0,10,0,0.10570824524312897,0.10570824524312897,98.83720930232558,1.0570824524312896,0.0,1.0570824524312896,0.0
gRNA_14618,929,16,913,906,3,4,561,3,3,349,316,12,21,0.32858707557502737,0.32858707557502737,61.44578313253012,38.225629791894846,34.61117196056955,1.3143483023001095,2.3001095290251916
gRNA_14619,303,0,303,211,43,49,200,42,43,61,7,2,52,13.861386138613863,14.19141914191419,66.006600660066,20.13201320132013,2.31023102310231,0.6600660066006601,17.16171617161716
gRNA_14620,882,0,882,633,119,130,445,66,119,371,3,238,130,7.482993197278912,13.492063492063492,50.45351473922902,42.06349206349206,0.3401360544217687,26.984126984126984,14.73922902494331
gRNA_14621,400,0,400,393,3,4,392,3,3,5,0,1,4,0.75,0.75,98.0,1.25,0.0,0.25,1.0
gRNA_14622,1752,0,1752,1737,9,6,1729,9,9,14,0,8,6,0.5136986301369862,0.5136986301369862,98.68721461187214,0.7990867579908676,0.0,0.45662100456621,0.3424657534246575
gRNA_14623,914,0,914,913,0,1,859,0,0,55,0,54,1,0.0,0.0,93.98249452954049,6.017505470459518,0.0,5.908096280087528,0.10940919037199125
gRNA_14624,1740,0,1740,1740,0,0,1452,0,0,288,0,288,0,0.0,0.0,83.44827586206897,16.551724137931036,0.0,16.551724137931036,0.0
gRNA_14625,2846,0,2846,2843,3,0,2269,2,3,575,1,574,0,0.07027406886858749,0.10541110330288123,79.72593113141251,20.203794799718906,0.035137034434293744,20.16865776528461,0.0
gRNA_14626,963,0,963,963,0,0,939,0,0,24,0,24,0,0.0,0.0,97.50778816199377,2.4922118380062304,0.0,2.4922118380062304,0.0
gRNA_14627,2177,0,2177,2176,0,1,1966,0,0,211,0,210,1,0.0,0.0,90.30776297657327,9.692237023426733,0.0,9.646302250803858,0.045934772622875514
gRNA_14628,179,0,179,148,14,17,109,4,14,66,0,49,17,2.2346368715083798,7.82122905027933,60.893854748603346,36.87150837988827,0.0,27.37430167597765,9.497206703910614
gRNA_14629,1889,0,1889,1888,0,1,1822,0,0,67,0,66,1,0.0,0.0,96.45314981471678,3.5468501852832186,0.0,3.4939121228163046,0.05293806246691372
gRNA_14630,576,0,576,435,71,70,383,49,71,144,0,74,70,8.506944444444445,12.32638888888889,66.49305555555556,25.0,0.0,12.847222222222221,12.152777777777777
gRNA_14631,485,0,485,484,1,0,484,1,1,0,0,0,0,0.2061855670103093,0.2061855670103093,99.79381443298969,0.0,0.0,0.0,0.0
gRNA_14632,347,0,347,337,5,5,265,5,5,77,0,72,5,1.440922190201729,1.440922190201729,76.36887608069163,22.19020172910663,0.0,20.7492795389049,1.440922190201729
gRNA_14633,963,0,963,929,15,19,909,13,15,41,0,22,19,1.3499480789200415,1.557632398753894,94.39252336448598,4.257528556593977,0.0,2.284527518172378,1.9730010384215992
gRNA_14634,303,0,303,303,0,0,300,0,0,3,0,3,0,0.0,0.0,99.00990099009901,0.9900990099009901,0.0,0.9900990099009901,0.0
gRNA_14635,3119,0,3119,3102,5,12,2775,4,5,340,21,302,17,0.12824623276691247,0.1603077909586406,88.97082398204553,10.90092978518756,0.6732927220262905,9.682590573901892,0.545046489259378
gRNA_14636,2979,0,2979,2965,4,10,723,1,4,2255,0,2245,10,0.033568311513930846,0.13427324605572338,24.269889224572,75.69654246391406,0.0,75.36085934877475,0.3356831151393085
gRNA_14637,0,0,0,0,0,0,0,0,0,0,0,0,0,0.0,0.0,0.0,0.0,0.0,0.0,0.0
gRNA_14638,1119,0,1119,1119,0,0,1073,0,0,46,2,44,0,0.0,0.0,95.88918677390528,4.110813226094727,0.17873100983020554,3.932082216264522,0.0
gRNA_14639,1084,0,1084,1054,12,18,1033,9,12,42,0,24,18,0.8302583025830259,1.107011070110701,95.29520295202953,3.8745387453874542,0.0,2.214022140221402,1.6605166051660518
gRNA_14640,828,0,828,824,2,2,813,2,2,13,0,11,2,0.24154589371980675,0.24154589371980675,98.18840579710145,1.570048309178744,0.0,1.328502415458937,0.24154589371980675
gRNA_14641,2395,0,2395,2267,52,76,2246,51,52,98,0,22,76,2.1294363256784967,2.1711899791231732,93.77870563674323,4.091858037578288,0.0,0.918580375782881,3.1732776617954075
gRNA_14642,1431,0,1431,1427,4,0,1406,0,4,25,1,24,0,0.0,0.2795248078266946,98.25296995108316,1.7470300489168415,0.06988120195667365,1.6771488469601679,0.0
gRNA_14643,1508,94,1414,1397,6,11,1364,6,6,44,0,33,11,0.4243281471004243,0.4243281471004243,96.46393210749646,3.1117397454031117,0.0,2.333804809052334,0.7779349363507779
gRNA_14644,495,0,495,485,6,4,484,5,6,6,0,2,4,1.0101010101010102,1.2121212121212122,97.77777777777777,1.2121212121212122,0.0,0.40404040404040403,0.8080808080808081
gRNA_14645,290,0,290,290,0,0,263,0,0,27,0,27,0,0.0,0.0,90.6896551724138,9.310344827586208,0.0,9.310344827586208,0.0
gRNA_14646,383,0,383,383,0,0,307,0,0,76,14,53,9,0.0,0.0,80.15665796344648,19.843342036553523,3.6553524804177546,13.838120104438643,2.3498694516971277
gRNA_14647,3525,35,3490,3488,1,1,3397,0,1,93,0,91,2,0.0,0.028653295128939826,97.3352435530086,2.664756446991404,0.0,2.6074498567335245,0.05730659025787965
gRNA_14648,451,0,451,443,3,5,413,3,3,35,0,30,5,0.6651884700665188,0.6651884700665188,91.57427937915743,7.760532150776053,0.0,6.651884700665188,1.1086474501108647
gRNA_14649,1245,0,1245,897,156,192,834,122,156,289,0,97,192,9.799196787148594,12.530120481927712,66.98795180722892,23.21285140562249,0.0,7.791164658634537,15.421686746987953
gRNA_14650,498,0,498,225,137,136,220,135,137,143,0,7,136,27.10843373493976,27.510040160642568,44.17670682730924,28.714859437751006,0.0,1.4056224899598393,27.309236947791167
gRNA_14651,733,0,733,701,15,17,690,14,15,29,0,12,17,1.9099590723055935,2.046384720327422,94.1336971350614,3.956343792633015,0.0,1.6371077762619373,2.3192360163710775
gRNA_14652,2394,0,2394,2389,0,5,1487,0,0,907,0,902,5,0.0,0.0,62.113617376775274,37.886382623224726,0.0,37.67752715121136,0.20885547201336674
gRNA_14653,226,0,226,199,16,11,193,16,16,17,0,6,11,7.079646017699115,7.079646017699115,85.39823008849558,7.52212389380531,0.0,2.6548672566371683,4.867256637168142
gRNA_14654,418,0,418,366,16,36,352,15,16,51,0,15,36,3.588516746411483,3.827751196172249,84.21052631578947,12.200956937799043,0.0,3.588516746411483,8.61244019138756
gRNA_14655,1892,0,1892,1476,190,226,826,56,190,1010,0,784,226,2.9598308668076108,10.042283298097251,43.65750528541226,53.38266384778013,0.0,41.43763213530655,11.945031712473574
gRNA_14656,376,0,376,370,2,4,218,1,2,157,0,153,4,0.26595744680851063,0.5319148936170213,57.97872340425532,41.755319148936174,0.0,40.691489361702125,1.0638297872340425
gRNA_14657,0,0,0,0,0,0,0,0,0,0,0,0,0,0.0,0.0,0.0,0.0,0.0,0.0,0.0
gRNA_14658,0,0,0,0,0,0,0,0,0,0,0,0,0,0.0,0.0,0.0,0.0,0.0,0.0,0.0
gRNA_14659,0,0,0,0,0,0,0,0,0,0,0,0,0,0.0,0.0,0.0,0.0,0.0,0.0,0.0
gRNA_14660,0,0,0,0,0,0,0,0,0,0,0,0,0,0.0,0.0,0.0,0.0,0.0,0.0,0.0
gRNA_14661,0,0,0,0,0,0,0,0,0,0,0,0,0,0.0,0.0,0.0,0.0,0.0,0.0,0.0
gRNA_14662,0,0,0,0,0,0,0,0,0,0,0,0,0,0.0,0.0,0.0,0.0,0.0,0.0,0.0
gRNA_14663,0,0,0,0,0,0,0,0,0,0,0,0,0,0.0,0.0,0.0,0.0,0.0,0.0,0.0
gRNA_14664,0,0,0,0,0,0,0,0,0,0,0,0,0,0.0,0.0,0.0,0.0,0.0,0.0,0.0
gRNA_14665,0,0,0,0,0,0,0,0,0,0,0,0,0,0.0,0.0,0.0,0.0,0.0,0.0,0.0
gRNA_14666,0,0,0,0,0,0,0,0,0,0,0,0,0,0.0,0.0,0.0,0.0,0.0,0.0,0.0
gRNA_14667,0,0,0,0,0,0,0,0,0,0,0,0,0,0.0,0.0,0.0,0.0,0.0,0.0,0.0
gRNA_14668,0,0,0,0,0,0,0,0,0,0,0,0,0,0.0,0.0,0.0,0.0,0.0,0.0,0.0
gRNA_14669,0,0,0,0,0,0,0,0,0,0,0,0,0,0.0,0.0,0.0,0.0,0.0,0.0,0.0
gRNA_14670,0,0,0,0,0,0,0,0,0,0,0,0,0,0.0,0.0,0.0,0.0,0.0,0.0,0.0
gRNA_14671,0,0,0,0,0,0,0,0,0,0,0,0,0,0.0,0.0,0.0,0.0,0.0,0.0,0.0
gRNA_14672,0,0,0,0,0,0,0,0,0,0,0,0,0,0.0,0.0,0.0,0.0,0.0,0.0,0.0
gRNA_14673,0,0,0,0,0,0,0,0,0,0,0,0,0,0.0,0.0,0.0,0.0,0.0,0.0,0.0
gRNA_14674,0,0,0,0,0,0,0,0,0,0,0,0,0,0.0,0.0,0.0,0.0,0.0,0.0,0.0
gRNA_14675,0,0,0,0,0,0,0,0,0,0,0,0,0,0.0,0.0,0.0,0.0,0.0,0.0,0.0
gRNA_14676,0,0,0,0,0,0,0,0,0,0,0,0,0,0.0,0.0,0.0,0.0,0.0,0.0,0.0
gRNA_14677,0,0,0,0,0,0,0,0,0,0,0,0,0,0.0,0.0,0.0,0.0,0.0,0.0,0.0
gRNA_14678,0,0,0,0,0,0,0,0,0,0,0,0,0,0.0,0.0,0.0,0.0,0.0,0.0,0.0
gRNA_14679,0,0,0,0,0,0,0,0,0,0,0,0,0,0.0,0.0,0.0,0.0,0.0,0.0,0.0
gRNA_14680,0,0,0,0,0,0,0,0,0,0,0,0,0,0.0,0.0,0.0,0.0,0.0,0.0,0.0
gRNA_14681,0,0,0,0,0,0,0,0,0,0,0,0,0,0.0,0.0,0.0,0.0,0.0,0.0,0.0
gRNA_14682,0,0,0,0,0,0,0,0,0,0,0,0,0,0.0,0.0,0.0,0.0,0.0,0.0,0.0
gRNA_14683,0,0,0,0,0,0,0,0,0,0,0,0,0,0.0,0.0,0.0,0.0,0.0,0.0,0.0
gRNA_14684,0,0,0,0,0,0,0,0,0,0,0,0,0,0.0,0.0,0.0,0.0,0.0,0.0,0.0
gRNA_14685,0,0,0,0,0,0,0,0,0,0,0,0,0,0.0,0.0,0.0,0.0,0.0,0.0,0.0
gRNA_14686,0,0,0,0,0,0,0,0,0,0,0,0,0,0.0,0.0,0.0,0.0,0.0,0.0,0.0
gRNA_14687,0,0,0,0,0,0,0,0,0,0,0,0,0,0.0,0.0,0.0,0.0,0.0,0.0,0.0
gRNA_14688,0,0,0,0,0,0,0,0,0,0,0,0,0,0.0,0.0,0.0,0.0,0.0,0.0,0.0
gRNA_14689,0,0,0,0,0,0,0,0,0,0,0,0,0,0.0,0.0,0.0,0.0,0.0,0.0,0.0
gRNA_1469,570,0,570,570,0,0,265,0,0,305,0,305,0,0.0,0.0,46.49122807017544,53.50877192982456,0.0,53.50877192982456,0.0
gRNA_14690,0,0,0,0,0,0,0,0,0,0,0,0,0,0.0,0.0,0.0,0.0,0.0,0.0,0.0
gRNA_14691,0,0,0,0,0,0,0,0,0,0,0,0,0,0.0,0.0,0.0,0.0,0.0,0.0,0.0
gRNA_14692,0,0,0,0,0,0,0,0,0,0,0,0,0,0.0,0.0,0.0,0.0,0.0,0.0,0.0
gRNA_14693,0,0,0,0,0,0,0,0,0,0,0,0,0,0.0,0.0,0.0,0.0,0.0,0.0,0.0
gRNA_14694,0,0,0,0,0,0,0,0,0,0,0,0,0,0.0,0.0,0.0,0.0,0.0,0.0,0.0
gRNA_14695,0,0,0,0,0,0,0,0,0,0,0,0,0,0.0,0.0,0.0,0.0,0.0,0.0,0.0
gRNA_14696,0,0,0,0,0,0,0,0,0,0,0,0,0,0.0,0.0,0.0,0.0,0.0,0.0,0.0
gRNA_14697,0,0,0,0,0,0,0,0,0,0,0,0,0,0.0,0.0,0.0,0.0,0.0,0.0,0.0
gRNA_14698,0,0,0,0,0,0,0,0,0,0,0,0,0,0.0,0.0,0.0,0.0,0.0,0.0,0.0
gRNA_14699,0,0,0,0,0,0,0,0,0,0,0,0,0,0.0,0.0,0.0,0.0,0.0,0.0,0.0
gRNA_14700,0,0,0,0,0,0,0,0,0,0,0,0,0,0.0,0.0,0.0,0.0,0.0,0.0,0.0
gRNA_14701,0,0,0,0,0,0,0,0,0,0,0,0,0,0.0,0.0,0.0,0.0,0.0,0.0,0.0
gRNA_14702,0,0,0,0,0,0,0,0,0,0,0,0,0,0.0,0.0,0.0,0.0,0.0,0.0,0.0
gRNA_14703,0,0,0,0,0,0,0,0,0,0,0,0,0,0.0,0.0,0.0,0.0,0.0,0.0,0.0
gRNA_14704,0,0,0,0,0,0,0,0,0,0,0,0,0,0.0,0.0,0.0,0.0,0.0,0.0,0.0
gRNA_14705,0,0,0,0,0,0,0,0,0,0,0,0,0,0.0,0.0,0.0,0.0,0.0,0.0,0.0
gRNA_14706,0,0,0,0,0,0,0,0,0,0,0,0,0,0.0,0.0,0.0,0.0,0.0,0.0,0.0
gRNA_14707,0,0,0,0,0,0,0,0,0,0,0,0,0,0.0,0.0,0.0,0.0,0.0,0.0,0.0
gRNA_14708,0,0,0,0,0,0,0,0,0,0,0,0,0,0.0,0.0,0.0,0.0,0.0,0.0,0.0
gRNA_14709,0,0,0,0,0,0,0,0,0,0,0,0,0,0.0,0.0,0.0,0.0,0.0,0.0,0.0
gRNA_14710,0,0,0,0,0,0,0,0,0,0,0,0,0,0.0,0.0,0.0,0.0,0.0,0.0,0.0
gRNA_14711,0,0,0,0,0,0,0,0,0,0,0,0,0,0.0,0.0,0.0,0.0,0.0,0.0,0.0
gRNA_14712,0,0,0,0,0,0,0,0,0,0,0,0,0,0.0,0.0,0.0,0.0,0.0,0.0,0.0
gRNA_14713,0,0,0,0,0,0,0,0,0,0,0,0,0,0.0,0.0,0.0,0.0,0.0,0.0,0.0
gRNA_14714,0,0,0,0,0,0,0,0,0,0,0,0,0,0.0,0.0,0.0,0.0,0.0,0.0,0.0
gRNA_14715,0,0,0,0,0,0,0,0,0,0,0,0,0,0.0,0.0,0.0,0.0,0.0,0.0,0.0
gRNA_14716,0,0,0,0,0,0,0,0,0,0,0,0,0,0.0,0.0,0.0,0.0,0.0,0.0,0.0
gRNA_14717,0,0,0,0,0,0,0,0,0,0,0,0,0,0.0,0.0,0.0,0.0,0.0,0.0,0.0
gRNA_14718,0,0,0,0,0,0,0,0,0,0,0,0,0,0.0,0.0,0.0,0.0,0.0,0.0,0.0
gRNA_14719,0,0,0,0,0,0,0,0,0,0,0,0,0,0.0,0.0,0.0,0.0,0.0,0.0,0.0
gRNA_14720,0,0,0,0,0,0,0,0,0,0,0,0,0,0.0,0.0,0.0,0.0,0.0,0.0,0.0
gRNA_14721,0,0,0,0,0,0,0,0,0,0,0,0,0,0.0,0.0,0.0,0.0,0.0,0.0,0.0
gRNA_14722,0,0,0,0,0,0,0,0,0,0,0,0,0,0.0,0.0,0.0,0.0,0.0,0.0,0.0
gRNA_14723,0,0,0,0,0,0,0,0,0,0,0,0,0,0.0,0.0,0.0,0.0,0.0,0.0,0.0
gRNA_14724,0,0,0,0,0,0,0,0,0,0,0,0,0,0.0,0.0,0.0,0.0,0.0,0.0,0.0
gRNA_14725,0,0,0,0,0,0,0,0,0,0,0,0,0,0.0,0.0,0.0,0.0,0.0,0.0,0.0
gRNA_14726,0,0,0,0,0,0,0,0,0,0,0,0,0,0.0,0.0,0.0,0.0,0.0,0.0,0.0
gRNA_14727,0,0,0,0,0,0,0,0,0,0,0,0,0,0.0,0.0,0.0,0.0,0.0,0.0,0.0
gRNA_14728,0,0,0,0,0,0,0,0,0,0,0,0,0,0.0,0.0,0.0,0.0,0.0,0.0,0.0
gRNA_14729,0,0,0,0,0,0,0,0,0,0,0,0,0,0.0,0.0,0.0,0.0,0.0,0.0,0.0
gRNA_1473,50,0,50,32,17,1,20,0,17,30,0,29,1,0.0,34.0,40.0,60.0,0.0,57.99999999999999,2.0
gRNA_14730,0,0,0,0,0,0,0,0,0,0,0,0,0,0.0,0.0,0.0,0.0,0.0,0.0,0.0
gRNA_14731,0,0,0,0,0,0,0,0,0,0,0,0,0,0.0,0.0,0.0,0.0,0.0,0.0,0.0
gRNA_14732,0,0,0,0,0,0,0,0,0,0,0,0,0,0.0,0.0,0.0,0.0,0.0,0.0,0.0
gRNA_14733,0,0,0,0,0,0,0,0,0,0,0,0,0,0.0,0.0,0.0,0.0,0.0,0.0,0.0
gRNA_14734,0,0,0,0,0,0,0,0,0,0,0,0,0,0.0,0.0,0.0,0.0,0.0,0.0,0.0
gRNA_14735,0,0,0,0,0,0,0,0,0,0,0,0,0,0.0,0.0,0.0,0.0,0.0,0.0,0.0
gRNA_14736,0,0,0,0,0,0,0,0,0,0,0,0,0,0.0,0.0,0.0,0.0,0.0,0.0,0.0
gRNA_14737,0,0,0,0,0,0,0,0,0,0,0,0,0,0.0,0.0,0.0,0.0,0.0,0.0,0.0
gRNA_14738,0,0,0,0,0,0,0,0,0,0,0,0,0,0.0,0.0,0.0,0.0,0.0,0.0,0.0
gRNA_14739,0,0,0,0,0,0,0,0,0,0,0,0,0,0.0,0.0,0.0,0.0,0.0,0.0,0.0
gRNA_14740,0,0,0,0,0,0,0,0,0,0,0,0,0,0.0,0.0,0.0,0.0,0.0,0.0,0.0
gRNA_14741,0,0,0,0,0,0,0,0,0,0,0,0,0,0.0,0.0,0.0,0.0,0.0,0.0,0.0
gRNA_14742,0,0,0,0,0,0,0,0,0,0,0,0,0,0.0,0.0,0.0,0.0,0.0,0.0,0.0
gRNA_14743,0,0,0,0,0,0,0,0,0,0,0,0,0,0.0,0.0,0.0,0.0,0.0,0.0,0.0
gRNA_14744,0,0,0,0,0,0,0,0,0,0,0,0,0,0.0,0.0,0.0,0.0,0.0,0.0,0.0
gRNA_14745,0,0,0,0,0,0,0,0,0,0,0,0,0,0.0,0.0,0.0,0.0,0.0,0.0,0.0
gRNA_14746,0,0,0,0,0,0,0,0,0,0,0,0,0,0.0,0.0,0.0,0.0,0.0,0.0,0.0
gRNA_14747,0,0,0,0,0,0,0,0,0,0,0,0,0,0.0,0.0,0.0,0.0,0.0,0.0,0.0
gRNA_14748,0,0,0,0,0,0,0,0,0,0,0,0,0,0.0,0.0,0.0,0.0,0.0,0.0,0.0
gRNA_14749,0,0,0,0,0,0,0,0,0,0,0,0,0,0.0,0.0,0.0,0.0,0.0,0.0,0.0
gRNA_14750,0,0,0,0,0,0,0,0,0,0,0,0,0,0.0,0.0,0.0,0.0,0.0,0.0,0.0
gRNA_14751,0,0,0,0,0,0,0,0,0,0,0,0,0,0.0,0.0,0.0,0.0,0.0,0.0,0.0
gRNA_14752,0,0,0,0,0,0,0,0,0,0,0,0,0,0.0,0.0,0.0,0.0,0.0,0.0,0.0
gRNA_14753,0,0,0,0,0,0,0,0,0,0,0,0,0,0.0,0.0,0.0,0.0,0.0,0.0,0.0
gRNA_14754,0,0,0,0,0,0,0,0,0,0,0,0,0,0.0,0.0,0.0,0.0,0.0,0.0,0.0
gRNA_14755,0,0,0,0,0,0,0,0,0,0,0,0,0,0.0,0.0,0.0,0.0,0.0,0.0,0.0
gRNA_14756,0,0,0,0,0,0,0,0,0,0,0,0,0,0.0,0.0,0.0,0.0,0.0,0.0,0.0
gRNA_14757,0,0,0,0,0,0,0,0,0,0,0,0,0,0.0,0.0,0.0,0.0,0.0,0.0,0.0
gRNA_14758,0,0,0,0,0,0,0,0,0,0,0,0,0,0.0,0.0,0.0,0.0,0.0,0.0,0.0
gRNA_14759,0,0,0,0,0,0,0,0,0,0,0,0,0,0.0,0.0,0.0,0.0,0.0,0.0,0.0
gRNA_14760,0,0,0,0,0,0,0,0,0,0,0,0,0,0.0,0.0,0.0,0.0,0.0,0.0,0.0
gRNA_14761,0,0,0,0,0,0,0,0,0,0,0,0,0,0.0,0.0,0.0,0.0,0.0,0.0,0.0
gRNA_14762,0,0,0,0,0,0,0,0,0,0,0,0,0,0.0,0.0,0.0,0.0,0.0,0.0,0.0
gRNA_14763,0,0,0,0,0,0,0,0,0,0,0,0,0,0.0,0.0,0.0,0.0,0.0,0.0,0.0
gRNA_14764,0,0,0,0,0,0,0,0,0,0,0,0,0,0.0,0.0,0.0,0.0,0.0,0.0,0.0
gRNA_14765,0,0,0,0,0,0,0,0,0,0,0,0,0,0.0,0.0,0.0,0.0,0.0,0.0,0.0
gRNA_14766,0,0,0,0,0,0,0,0,0,0,0,0,0,0.0,0.0,0.0,0.0,0.0,0.0,0.0
gRNA_14767,0,0,0,0,0,0,0,0,0,0,0,0,0,0.0,0.0,0.0,0.0,0.0,0.0,0.0
gRNA_14768,0,0,0,0,0,0,0,0,0,0,0,0,0,0.0,0.0,0.0,0.0,0.0,0.0,0.0
gRNA_14769,0,0,0,0,0,0,0,0,0,0,0,0,0,0.0,0.0,0.0,0.0,0.0,0.0,0.0
gRNA_14770,0,0,0,0,0,0,0,0,0,0,0,0,0,0.0,0.0,0.0,0.0,0.0,0.0,0.0
gRNA_14771,0,0,0,0,0,0,0,0,0,0,0,0,0,0.0,0.0,0.0,0.0,0.0,0.0,0.0
gRNA_14772,0,0,0,0,0,0,0,0,0,0,0,0,0,0.0,0.0,0.0,0.0,0.0,0.0,0.0
gRNA_14773,0,0,0,0,0,0,0,0,0,0,0,0,0,0.0,0.0,0.0,0.0,0.0,0.0,0.0
gRNA_14774,0,0,0,0,0,0,0,0,0,0,0,0,0,0.0,0.0,0.0,0.0,0.0,0.0,0.0
gRNA_14775,0,0,0,0,0,0,0,0,0,0,0,0,0,0.0,0.0,0.0,0.0,0.0,0.0,0.0
gRNA_14776,0,0,0,0,0,0,0,0,0,0,0,0,0,0.0,0.0,0.0,0.0,0.0,0.0,0.0
gRNA_14777,0,0,0,0,0,0,0,0,0,0,0,0,0,0.0,0.0,0.0,0.0,0.0,0.0,0.0
gRNA_14778,0,0,0,0,0,0,0,0,0,0,0,0,0,0.0,0.0,0.0,0.0,0.0,0.0,0.0
gRNA_14779,0,0,0,0,0,0,0,0,0,0,0,0,0,0.0,0.0,0.0,0.0,0.0,0.0,0.0
gRNA_14780,0,0,0,0,0,0,0,0,0,0,0,0,0,0.0,0.0,0.0,0.0,0.0,0.0,0.0
gRNA_14781,0,0,0,0,0,0,0,0,0,0,0,0,0,0.0,0.0,0.0,0.0,0.0,0.0,0.0
gRNA_14782,0,0,0,0,0,0,0,0,0,0,0,0,0,0.0,0.0,0.0,0.0,0.0,0.0,0.0
gRNA_14783,0,0,0,0,0,0,0,0,0,0,0,0,0,0.0,0.0,0.0,0.0,0.0,0.0,0.0
gRNA_14784,0,0,0,0,0,0,0,0,0,0,0,0,0,0.0,0.0,0.0,0.0,0.0,0.0,0.0
gRNA_14785,0,0,0,0,0,0,0,0,0,0,0,0,0,0.0,0.0,0.0,0.0,0.0,0.0,0.0
gRNA_14786,0,0,0,0,0,0,0,0,0,0,0,0,0,0.0,0.0,0.0,0.0,0.0,0.0,0.0
gRNA_14787,0,0,0,0,0,0,0,0,0,0,0,0,0,0.0,0.0,0.0,0.0,0.0,0.0,0.0
gRNA_14788,0,0,0,0,0,0,0,0,0,0,0,0,0,0.0,0.0,0.0,0.0,0.0,0.0,0.0
gRNA_14789,0,0,0,0,0,0,0,0,0,0,0,0,0,0.0,0.0,0.0,0.0,0.0,0.0,0.0
gRNA_14790,0,0,0,0,0,0,0,0,0,0,0,0,0,0.0,0.0,0.0,0.0,0.0,0.0,0.0
gRNA_14791,0,0,0,0,0,0,0,0,0,0,0,0,0,0.0,0.0,0.0,0.0,0.0,0.0,0.0
gRNA_14792,0,0,0,0,0,0,0,0,0,0,0,0,0,0.0,0.0,0.0,0.0,0.0,0.0,0.0
gRNA_14793,0,0,0,0,0,0,0,0,0,0,0,0,0,0.0,0.0,0.0,0.0,0.0,0.0,0.0
gRNA_14794,0,0,0,0,0,0,0,0,0,0,0,0,0,0.0,0.0,0.0,0.0,0.0,0.0,0.0
gRNA_14795,0,0,0,0,0,0,0,0,0,0,0,0,0,0.0,0.0,0.0,0.0,0.0,0.0,0.0
gRNA_14796,0,0,0,0,0,0,0,0,0,0,0,0,0,0.0,0.0,0.0,0.0,0.0,0.0,0.0
gRNA_14797,0,0,0,0,0,0,0,0,0,0,0,0,0,0.0,0.0,0.0,0.0,0.0,0.0,0.0
gRNA_14798,0,0,0,0,0,0,0,0,0,0,0,0,0,0.0,0.0,0.0,0.0,0.0,0.0,0.0
gRNA_14799,0,0,0,0,0,0,0,0,0,0,0,0,0,0.0,0.0,0.0,0.0,0.0,0.0,0.0
gRNA_14800,0,0,0,0,0,0,0,0,0,0,0,0,0,0.0,0.0,0.0,0.0,0.0,0.0,0.0
gRNA_14801,0,0,0,0,0,0,0,0,0,0,0,0,0,0.0,0.0,0.0,0.0,0.0,0.0,0.0
gRNA_14802,0,0,0,0,0,0,0,0,0,0,0,0,0,0.0,0.0,0.0,0.0,0.0,0.0,0.0
gRNA_14803,0,0,0,0,0,0,0,0,0,0,0,0,0,0.0,0.0,0.0,0.0,0.0,0.0,0.0
gRNA_14804,0,0,0,0,0,0,0,0,0,0,0,0,0,0.0,0.0,0.0,0.0,0.0,0.0,0.0
gRNA_14805,0,0,0,0,0,0,0,0,0,0,0,0,0,0.0,0.0,0.0,0.0,0.0,0.0,0.0
gRNA_14806,0,0,0,0,0,0,0,0,0,0,0,0,0,0.0,0.0,0.0,0.0,0.0,0.0,0.0
gRNA_14807,0,0,0,0,0,0,0,0,0,0,0,0,0,0.0,0.0,0.0,0.0,0.0,0.0,0.0
gRNA_14808,0,0,0,0,0,0,0,0,0,0,0,0,0,0.0,0.0,0.0,0.0,0.0,0.0,0.0
gRNA_14809,0,0,0,0,0,0,0,0,0,0,0,0,0,0.0,0.0,0.0,0.0,0.0,0.0,0.0
gRNA_1481,543,0,543,541,2,0,491,0,2,52,0,52,0,0.0,0.3683241252302026,90.42357274401473,9.576427255985267,0.0,9.576427255985267,0.0
gRNA_14810,0,0,0,0,0,0,0,0,0,0,0,0,0,0.0,0.0,0.0,0.0,0.0,0.0,0.0
gRNA_14811,0,0,0,0,0,0,0,0,0,0,0,0,0,0.0,0.0,0.0,0.0,0.0,0.0,0.0
gRNA_14812,0,0,0,0,0,0,0,0,0,0,0,0,0,0.0,0.0,0.0,0.0,0.0,0.0,0.0
gRNA_14813,0,0,0,0,0,0,0,0,0,0,0,0,0,0.0,0.0,0.0,0.0,0.0,0.0,0.0
gRNA_14814,0,0,0,0,0,0,0,0,0,0,0,0,0,0.0,0.0,0.0,0.0,0.0,0.0,0.0
gRNA_14815,0,0,0,0,0,0,0,0,0,0,0,0,0,0.0,0.0,0.0,0.0,0.0,0.0,0.0
gRNA_14816,0,0,0,0,0,0,0,0,0,0,0,0,0,0.0,0.0,0.0,0.0,0.0,0.0,0.0
gRNA_14817,0,0,0,0,0,0,0,0,0,0,0,0,0,0.0,0.0,0.0,0.0,0.0,0.0,0.0
gRNA_14818,0,0,0,0,0,0,0,0,0,0,0,0,0,0.0,0.0,0.0,0.0,0.0,0.0,0.0
gRNA_14819,0,0,0,0,0,0,0,0,0,0,0,0,0,0.0,0.0,0.0,0.0,0.0,0.0,0.0
gRNA_1482,682,0,682,622,28,32,246,21,28,415,0,383,32,3.0791788856304985,4.105571847507331,36.070381231671554,60.85043988269795,0.0,56.158357771260995,4.69208211143695
gRNA_14820,0,0,0,0,0,0,0,0,0,0,0,0,0,0.0,0.0,0.0,0.0,0.0,0.0,0.0
gRNA_14821,0,0,0,0,0,0,0,0,0,0,0,0,0,0.0,0.0,0.0,0.0,0.0,0.0,0.0
gRNA_14822,0,0,0,0,0,0,0,0,0,0,0,0,0,0.0,0.0,0.0,0.0,0.0,0.0,0.0
gRNA_14823,0,0,0,0,0,0,0,0,0,0,0,0,0,0.0,0.0,0.0,0.0,0.0,0.0,0.0
gRNA_14824,0,0,0,0,0,0,0,0,0,0,0,0,0,0.0,0.0,0.0,0.0,0.0,0.0,0.0
gRNA_14825,0,0,0,0,0,0,0,0,0,0,0,0,0,0.0,0.0,0.0,0.0,0.0,0.0,0.0
gRNA_14826,0,0,0,0,0,0,0,0,0,0,0,0,0,0.0,0.0,0.0,0.0,0.0,0.0,0.0
gRNA_14827,0,0,0,0,0,0,0,0,0,0,0,0,0,0.0,0.0,0.0,0.0,0.0,0.0,0.0
gRNA_14828,0,0,0,0,0,0,0,0,0,0,0,0,0,0.0,0.0,0.0,0.0,0.0,0.0,0.0
gRNA_14829,0,0,0,0,0,0,0,0,0,0,0,0,0,0.0,0.0,0.0,0.0,0.0,0.0,0.0
gRNA_14830,0,0,0,0,0,0,0,0,0,0,0,0,0,0.0,0.0,0.0,0.0,0.0,0.0,0.0
gRNA_14831,0,0,0,0,0,0,0,0,0,0,0,0,0,0.0,0.0,0.0,0.0,0.0,0.0,0.0
gRNA_14832,0,0,0,0,0,0,0,0,0,0,0,0,0,0.0,0.0,0.0,0.0,0.0,0.0,0.0
gRNA_14833,0,0,0,0,0,0,0,0,0,0,0,0,0,0.0,0.0,0.0,0.0,0.0,0.0,0.0
gRNA_14834,0,0,0,0,0,0,0,0,0,0,0,0,0,0.0,0.0,0.0,0.0,0.0,0.0,0.0
gRNA_14835,0,0,0,0,0,0,0,0,0,0,0,0,0,0.0,0.0,0.0,0.0,0.0,0.0,0.0
gRNA_14836,0,0,0,0,0,0,0,0,0,0,0,0,0,0.0,0.0,0.0,0.0,0.0,0.0,0.0
gRNA_14837,0,0,0,0,0,0,0,0,0,0,0,0,0,0.0,0.0,0.0,0.0,0.0,0.0,0.0
gRNA_14838,0,0,0,0,0,0,0,0,0,0,0,0,0,0.0,0.0,0.0,0.0,0.0,0.0,0.0
gRNA_14839,0,0,0,0,0,0,0,0,0,0,0,0,0,0.0,0.0,0.0,0.0,0.0,0.0,0.0
gRNA_14840,0,0,0,0,0,0,0,0,0,0,0,0,0,0.0,0.0,0.0,0.0,0.0,0.0,0.0
gRNA_14841,0,0,0,0,0,0,0,0,0,0,0,0,0,0.0,0.0,0.0,0.0,0.0,0.0,0.0
gRNA_14842,0,0,0,0,0,0,0,0,0,0,0,0,0,0.0,0.0,0.0,0.0,0.0,0.0,0.0
gRNA_14843,0,0,0,0,0,0,0,0,0,0,0,0,0,0.0,0.0,0.0,0.0,0.0,0.0,0.0
gRNA_14844,0,0,0,0,0,0,0,0,0,0,0,0,0,0.0,0.0,0.0,0.0,0.0,0.0,0.0
gRNA_14845,0,0,0,0,0,0,0,0,0,0,0,0,0,0.0,0.0,0.0,0.0,0.0,0.0,0.0
gRNA_14846,0,0,0,0,0,0,0,0,0,0,0,0,0,0.0,0.0,0.0,0.0,0.0,0.0,0.0
gRNA_14847,0,0,0,0,0,0,0,0,0,0,0,0,0,0.0,0.0,0.0,0.0,0.0,0.0,0.0
gRNA_14848,0,0,0,0,0,0,0,0,0,0,0,0,0,0.0,0.0,0.0,0.0,0.0,0.0,0.0
gRNA_14849,0,0,0,0,0,0,0,0,0,0,0,0,0,0.0,0.0,0.0,0.0,0.0,0.0,0.0
gRNA_14850,0,0,0,0,0,0,0,0,0,0,0,0,0,0.0,0.0,0.0,0.0,0.0,0.0,0.0
gRNA_14851,0,0,0,0,0,0,0,0,0,0,0,0,0,0.0,0.0,0.0,0.0,0.0,0.0,0.0
gRNA_14852,0,0,0,0,0,0,0,0,0,0,0,0,0,0.0,0.0,0.0,0.0,0.0,0.0,0.0
gRNA_14853,0,0,0,0,0,0,0,0,0,0,0,0,0,0.0,0.0,0.0,0.0,0.0,0.0,0.0
gRNA_14854,0,0,0,0,0,0,0,0,0,0,0,0,0,0.0,0.0,0.0,0.0,0.0,0.0,0.0
gRNA_14855,0,0,0,0,0,0,0,0,0,0,0,0,0,0.0,0.0,0.0,0.0,0.0,0.0,0.0
gRNA_14856,0,0,0,0,0,0,0,0,0,0,0,0,0,0.0,0.0,0.0,0.0,0.0,0.0,0.0
gRNA_14857,0,0,0,0,0,0,0,0,0,0,0,0,0,0.0,0.0,0.0,0.0,0.0,0.0,0.0
gRNA_14858,0,0,0,0,0,0,0,0,0,0,0,0,0,0.0,0.0,0.0,0.0,0.0,0.0,0.0
gRNA_14859,0,0,0,0,0,0,0,0,0,0,0,0,0,0.0,0.0,0.0,0.0,0.0,0.0,0.0
gRNA_1486,1095,0,1095,1094,0,1,1079,0,0,16,0,6,10,0.0,0.0,98.53881278538813,1.461187214611872,0.0,0.547945205479452,0.91324200913242
gRNA_14860,0,0,0,0,0,0,0,0,0,0,0,0,0,0.0,0.0,0.0,0.0,0.0,0.0,0.0
gRNA_14861,0,0,0,0,0,0,0,0,0,0,0,0,0,0.0,0.0,0.0,0.0,0.0,0.0,0.0
gRNA_14862,0,0,0,0,0,0,0,0,0,0,0,0,0,0.0,0.0,0.0,0.0,0.0,0.0,0.0
gRNA_14863,0,0,0,0,0,0,0,0,0,0,0,0,0,0.0,0.0,0.0,0.0,0.0,0.0,0.0
gRNA_14864,0,0,0,0,0,0,0,0,0,0,0,0,0,0.0,0.0,0.0,0.0,0.0,0.0,0.0
gRNA_14865,0,0,0,0,0,0,0,0,0,0,0,0,0,0.0,0.0,0.0,0.0,0.0,0.0,0.0
gRNA_14866,0,0,0,0,0,0,0,0,0,0,0,0,0,0.0,0.0,0.0,0.0,0.0,0.0,0.0
gRNA_14867,0,0,0,0,0,0,0,0,0,0,0,0,0,0.0,0.0,0.0,0.0,0.0,0.0,0.0
gRNA_14868,0,0,0,0,0,0,0,0,0,0,0,0,0,0.0,0.0,0.0,0.0,0.0,0.0,0.0
gRNA_14869,0,0,0,0,0,0,0,0,0,0,0,0,0,0.0,0.0,0.0,0.0,0.0,0.0,0.0
gRNA_14870,0,0,0,0,0,0,0,0,0,0,0,0,0,0.0,0.0,0.0,0.0,0.0,0.0,0.0
gRNA_14871,0,0,0,0,0,0,0,0,0,0,0,0,0,0.0,0.0,0.0,0.0,0.0,0.0,0.0
gRNA_14872,0,0,0,0,0,0,0,0,0,0,0,0,0,0.0,0.0,0.0,0.0,0.0,0.0,0.0
gRNA_14873,0,0,0,0,0,0,0,0,0,0,0,0,0,0.0,0.0,0.0,0.0,0.0,0.0,0.0
gRNA_14874,0,0,0,0,0,0,0,0,0,0,0,0,0,0.0,0.0,0.0,0.0,0.0,0.0,0.0
gRNA_14875,0,0,0,0,0,0,0,0,0,0,0,0,0,0.0,0.0,0.0,0.0,0.0,0.0,0.0
gRNA_14876,0,0,0,0,0,0,0,0,0,0,0,0,0,0.0,0.0,0.0,0.0,0.0,0.0,0.0
gRNA_14877,0,0,0,0,0,0,0,0,0,0,0,0,0,0.0,0.0,0.0,0.0,0.0,0.0,0.0
gRNA_14878,0,0,0,0,0,0,0,0,0,0,0,0,0,0.0,0.0,0.0,0.0,0.0,0.0,0.0
gRNA_14879,0,0,0,0,0,0,0,0,0,0,0,0,0,0.0,0.0,0.0,0.0,0.0,0.0,0.0
gRNA_14880,0,0,0,0,0,0,0,0,0,0,0,0,0,0.0,0.0,0.0,0.0,0.0,0.0,0.0
gRNA_14881,0,0,0,0,0,0,0,0,0,0,0,0,0,0.0,0.0,0.0,0.0,0.0,0.0,0.0
gRNA_14882,0,0,0,0,0,0,0,0,0,0,0,0,0,0.0,0.0,0.0,0.0,0.0,0.0,0.0
gRNA_14883,0,0,0,0,0,0,0,0,0,0,0,0,0,0.0,0.0,0.0,0.0,0.0,0.0,0.0
gRNA_14884,0,0,0,0,0,0,0,0,0,0,0,0,0,0.0,0.0,0.0,0.0,0.0,0.0,0.0
gRNA_14885,0,0,0,0,0,0,0,0,0,0,0,0,0,0.0,0.0,0.0,0.0,0.0,0.0,0.0
gRNA_14886,0,0,0,0,0,0,0,0,0,0,0,0,0,0.0,0.0,0.0,0.0,0.0,0.0,0.0
gRNA_14887,0,0,0,0,0,0,0,0,0,0,0,0,0,0.0,0.0,0.0,0.0,0.0,0.0,0.0
gRNA_14888,0,0,0,0,0,0,0,0,0,0,0,0,0,0.0,0.0,0.0,0.0,0.0,0.0,0.0
gRNA_14889,0,0,0,0,0,0,0,0,0,0,0,0,0,0.0,0.0,0.0,0.0,0.0,0.0,0.0
gRNA_14890,0,0,0,0,0,0,0,0,0,0,0,0,0,0.0,0.0,0.0,0.0,0.0,0.0,0.0
gRNA_14891,0,0,0,0,0,0,0,0,0,0,0,0,0,0.0,0.0,0.0,0.0,0.0,0.0,0.0
gRNA_14892,0,0,0,0,0,0,0,0,0,0,0,0,0,0.0,0.0,0.0,0.0,0.0,0.0,0.0
gRNA_14893,0,0,0,0,0,0,0,0,0,0,0,0,0,0.0,0.0,0.0,0.0,0.0,0.0,0.0
gRNA_14894,0,0,0,0,0,0,0,0,0,0,0,0,0,0.0,0.0,0.0,0.0,0.0,0.0,0.0
gRNA_14895,0,0,0,0,0,0,0,0,0,0,0,0,0,0.0,0.0,0.0,0.0,0.0,0.0,0.0
gRNA_14896,0,0,0,0,0,0,0,0,0,0,0,0,0,0.0,0.0,0.0,0.0,0.0,0.0,0.0
gRNA_14897,0,0,0,0,0,0,0,0,0,0,0,0,0,0.0,0.0,0.0,0.0,0.0,0.0,0.0
gRNA_14898,0,0,0,0,0,0,0,0,0,0,0,0,0,0.0,0.0,0.0,0.0,0.0,0.0,0.0
gRNA_14899,0,0,0,0,0,0,0,0,0,0,0,0,0,0.0,0.0,0.0,0.0,0.0,0.0,0.0
gRNA_14900,0,0,0,0,0,0,0,0,0,0,0,0,0,0.0,0.0,0.0,0.0,0.0,0.0,0.0
gRNA_14901,0,0,0,0,0,0,0,0,0,0,0,0,0,0.0,0.0,0.0,0.0,0.0,0.0,0.0
gRNA_14902,0,0,0,0,0,0,0,0,0,0,0,0,0,0.0,0.0,0.0,0.0,0.0,0.0,0.0
gRNA_14903,0,0,0,0,0,0,0,0,0,0,0,0,0,0.0,0.0,0.0,0.0,0.0,0.0,0.0
gRNA_14904,0,0,0,0,0,0,0,0,0,0,0,0,0,0.0,0.0,0.0,0.0,0.0,0.0,0.0
gRNA_14905,0,0,0,0,0,0,0,0,0,0,0,0,0,0.0,0.0,0.0,0.0,0.0,0.0,0.0
gRNA_14906,0,0,0,0,0,0,0,0,0,0,0,0,0,0.0,0.0,0.0,0.0,0.0,0.0,0.0
gRNA_14907,0,0,0,0,0,0,0,0,0,0,0,0,0,0.0,0.0,0.0,0.0,0.0,0.0,0.0
gRNA_14908,0,0,0,0,0,0,0,0,0,0,0,0,0,0.0,0.0,0.0,0.0,0.0,0.0,0.0
gRNA_14909,0,0,0,0,0,0,0,0,0,0,0,0,0,0.0,0.0,0.0,0.0,0.0,0.0,0.0
gRNA_14910,0,0,0,0,0,0,0,0,0,0,0,0,0,0.0,0.0,0.0,0.0,0.0,0.0,0.0
gRNA_14911,0,0,0,0,0,0,0,0,0,0,0,0,0,0.0,0.0,0.0,0.0,0.0,0.0,0.0
gRNA_14912,0,0,0,0,0,0,0,0,0,0,0,0,0,0.0,0.0,0.0,0.0,0.0,0.0,0.0
gRNA_14913,0,0,0,0,0,0,0,0,0,0,0,0,0,0.0,0.0,0.0,0.0,0.0,0.0,0.0
gRNA_14914,0,0,0,0,0,0,0,0,0,0,0,0,0,0.0,0.0,0.0,0.0,0.0,0.0,0.0
gRNA_14915,0,0,0,0,0,0,0,0,0,0,0,0,0,0.0,0.0,0.0,0.0,0.0,0.0,0.0
gRNA_14916,0,0,0,0,0,0,0,0,0,0,0,0,0,0.0,0.0,0.0,0.0,0.0,0.0,0.0
gRNA_14917,0,0,0,0,0,0,0,0,0,0,0,0,0,0.0,0.0,0.0,0.0,0.0,0.0,0.0
gRNA_14918,0,0,0,0,0,0,0,0,0,0,0,0,0,0.0,0.0,0.0,0.0,0.0,0.0,0.0
gRNA_14919,0,0,0,0,0,0,0,0,0,0,0,0,0,0.0,0.0,0.0,0.0,0.0,0.0,0.0
gRNA_14920,0,0,0,0,0,0,0,0,0,0,0,0,0,0.0,0.0,0.0,0.0,0.0,0.0,0.0
gRNA_14921,0,0,0,0,0,0,0,0,0,0,0,0,0,0.0,0.0,0.0,0.0,0.0,0.0,0.0
gRNA_14922,0,0,0,0,0,0,0,0,0,0,0,0,0,0.0,0.0,0.0,0.0,0.0,0.0,0.0
gRNA_14923,0,0,0,0,0,0,0,0,0,0,0,0,0,0.0,0.0,0.0,0.0,0.0,0.0,0.0
gRNA_14924,0,0,0,0,0,0,0,0,0,0,0,0,0,0.0,0.0,0.0,0.0,0.0,0.0,0.0
gRNA_14925,0,0,0,0,0,0,0,0,0,0,0,0,0,0.0,0.0,0.0,0.0,0.0,0.0,0.0
gRNA_14926,0,0,0,0,0,0,0,0,0,0,0,0,0,0.0,0.0,0.0,0.0,0.0,0.0,0.0
gRNA_14927,0,0,0,0,0,0,0,0,0,0,0,0,0,0.0,0.0,0.0,0.0,0.0,0.0,0.0
gRNA_14928,0,0,0,0,0,0,0,0,0,0,0,0,0,0.0,0.0,0.0,0.0,0.0,0.0,0.0
gRNA_14929,0,0,0,0,0,0,0,0,0,0,0,0,0,0.0,0.0,0.0,0.0,0.0,0.0,0.0
gRNA_14930,0,0,0,0,0,0,0,0,0,0,0,0,0,0.0,0.0,0.0,0.0,0.0,0.0,0.0
gRNA_14931,0,0,0,0,0,0,0,0,0,0,0,0,0,0.0,0.0,0.0,0.0,0.0,0.0,0.0
gRNA_14932,0,0,0,0,0,0,0,0,0,0,0,0,0,0.0,0.0,0.0,0.0,0.0,0.0,0.0
gRNA_14933,0,0,0,0,0,0,0,0,0,0,0,0,0,0.0,0.0,0.0,0.0,0.0,0.0,0.0
gRNA_14934,0,0,0,0,0,0,0,0,0,0,0,0,0,0.0,0.0,0.0,0.0,0.0,0.0,0.0
gRNA_14935,0,0,0,0,0,0,0,0,0,0,0,0,0,0.0,0.0,0.0,0.0,0.0,0.0,0.0
gRNA_14936,0,0,0,0,0,0,0,0,0,0,0,0,0,0.0,0.0,0.0,0.0,0.0,0.0,0.0
gRNA_14937,0,0,0,0,0,0,0,0,0,0,0,0,0,0.0,0.0,0.0,0.0,0.0,0.0,0.0
gRNA_14938,0,0,0,0,0,0,0,0,0,0,0,0,0,0.0,0.0,0.0,0.0,0.0,0.0,0.0
gRNA_14939,0,0,0,0,0,0,0,0,0,0,0,0,0,0.0,0.0,0.0,0.0,0.0,0.0,0.0
gRNA_14940,0,0,0,0,0,0,0,0,0,0,0,0,0,0.0,0.0,0.0,0.0,0.0,0.0,0.0
gRNA_14941,0,0,0,0,0,0,0,0,0,0,0,0,0,0.0,0.0,0.0,0.0,0.0,0.0,0.0
gRNA_14942,0,0,0,0,0,0,0,0,0,0,0,0,0,0.0,0.0,0.0,0.0,0.0,0.0,0.0
gRNA_14943,0,0,0,0,0,0,0,0,0,0,0,0,0,0.0,0.0,0.0,0.0,0.0,0.0,0.0
gRNA_14944,0,0,0,0,0,0,0,0,0,0,0,0,0,0.0,0.0,0.0,0.0,0.0,0.0,0.0
gRNA_14945,0,0,0,0,0,0,0,0,0,0,0,0,0,0.0,0.0,0.0,0.0,0.0,0.0,0.0
gRNA_14946,0,0,0,0,0,0,0,0,0,0,0,0,0,0.0,0.0,0.0,0.0,0.0,0.0,0.0
gRNA_14947,0,0,0,0,0,0,0,0,0,0,0,0,0,0.0,0.0,0.0,0.0,0.0,0.0,0.0
gRNA_14948,0,0,0,0,0,0,0,0,0,0,0,0,0,0.0,0.0,0.0,0.0,0.0,0.0,0.0
gRNA_14949,0,0,0,0,0,0,0,0,0,0,0,0,0,0.0,0.0,0.0,0.0,0.0,0.0,0.0
gRNA_14950,0,0,0,0,0,0,0,0,0,0,0,0,0,0.0,0.0,0.0,0.0,0.0,0.0,0.0
gRNA_14951,0,0,0,0,0,0,0,0,0,0,0,0,0,0.0,0.0,0.0,0.0,0.0,0.0,0.0
gRNA_14952,0,0,0,0,0,0,0,0,0,0,0,0,0,0.0,0.0,0.0,0.0,0.0,0.0,0.0
gRNA_14953,0,0,0,0,0,0,0,0,0,0,0,0,0,0.0,0.0,0.0,0.0,0.0,0.0,0.0
gRNA_14954,0,0,0,0,0,0,0,0,0,0,0,0,0,0.0,0.0,0.0,0.0,0.0,0.0,0.0
gRNA_14955,0,0,0,0,0,0,0,0,0,0,0,0,0,0.0,0.0,0.0,0.0,0.0,0.0,0.0
gRNA_14956,0,0,0,0,0,0,0,0,0,0,0,0,0,0.0,0.0,0.0,0.0,0.0,0.0,0.0
gRNA_14957,0,0,0,0,0,0,0,0,0,0,0,0,0,0.0,0.0,0.0,0.0,0.0,0.0,0.0
gRNA_14958,0,0,0,0,0,0,0,0,0,0,0,0,0,0.0,0.0,0.0,0.0,0.0,0.0,0.0
gRNA_14959,0,0,0,0,0,0,0,0,0,0,0,0,0,0.0,0.0,0.0,0.0,0.0,0.0,0.0
gRNA_14960,0,0,0,0,0,0,0,0,0,0,0,0,0,0.0,0.0,0.0,0.0,0.0,0.0,0.0
gRNA_14961,0,0,0,0,0,0,0,0,0,0,0,0,0,0.0,0.0,0.0,0.0,0.0,0.0,0.0
gRNA_14962,0,0,0,0,0,0,0,0,0,0,0,0,0,0.0,0.0,0.0,0.0,0.0,0.0,0.0
gRNA_14963,0,0,0,0,0,0,0,0,0,0,0,0,0,0.0,0.0,0.0,0.0,0.0,0.0,0.0
gRNA_14964,0,0,0,0,0,0,0,0,0,0,0,0,0,0.0,0.0,0.0,0.0,0.0,0.0,0.0
gRNA_14965,0,0,0,0,0,0,0,0,0,0,0,0,0,0.0,0.0,0.0,0.0,0.0,0.0,0.0
gRNA_14966,0,0,0,0,0,0,0,0,0,0,0,0,0,0.0,0.0,0.0,0.0,0.0,0.0,0.0
gRNA_14967,0,0,0,0,0,0,0,0,0,0,0,0,0,0.0,0.0,0.0,0.0,0.0,0.0,0.0
gRNA_14968,0,0,0,0,0,0,0,0,0,0,0,0,0,0.0,0.0,0.0,0.0,0.0,0.0,0.0
gRNA_14969,0,0,0,0,0,0,0,0,0,0,0,0,0,0.0,0.0,0.0,0.0,0.0,0.0,0.0
gRNA_1497,583,0,583,491,30,62,488,30,30,65,0,3,62,5.145797598627787,5.145797598627787,83.704974271012,11.149228130360205,0.0,0.5145797598627788,10.634648370497427
gRNA_14970,0,0,0,0,0,0,0,0,0,0,0,0,0,0.0,0.0,0.0,0.0,0.0,0.0,0.0
gRNA_14971,0,0,0,0,0,0,0,0,0,0,0,0,0,0.0,0.0,0.0,0.0,0.0,0.0,0.0
gRNA_14972,0,0,0,0,0,0,0,0,0,0,0,0,0,0.0,0.0,0.0,0.0,0.0,0.0,0.0
gRNA_14973,0,0,0,0,0,0,0,0,0,0,0,0,0,0.0,0.0,0.0,0.0,0.0,0.0,0.0
gRNA_14974,0,0,0,0,0,0,0,0,0,0,0,0,0,0.0,0.0,0.0,0.0,0.0,0.0,0.0
gRNA_14975,0,0,0,0,0,0,0,0,0,0,0,0,0,0.0,0.0,0.0,0.0,0.0,0.0,0.0
gRNA_14976,0,0,0,0,0,0,0,0,0,0,0,0,0,0.0,0.0,0.0,0.0,0.0,0.0,0.0
gRNA_14977,0,0,0,0,0,0,0,0,0,0,0,0,0,0.0,0.0,0.0,0.0,0.0,0.0,0.0
gRNA_14978,0,0,0,0,0,0,0,0,0,0,0,0,0,0.0,0.0,0.0,0.0,0.0,0.0,0.0
gRNA_14979,0,0,0,0,0,0,0,0,0,0,0,0,0,0.0,0.0,0.0,0.0,0.0,0.0,0.0
gRNA_14980,0,0,0,0,0,0,0,0,0,0,0,0,0,0.0,0.0,0.0,0.0,0.0,0.0,0.0
gRNA_14981,0,0,0,0,0,0,0,0,0,0,0,0,0,0.0,0.0,0.0,0.0,0.0,0.0,0.0
gRNA_14982,0,0,0,0,0,0,0,0,0,0,0,0,0,0.0,0.0,0.0,0.0,0.0,0.0,0.0
gRNA_14983,0,0,0,0,0,0,0,0,0,0,0,0,0,0.0,0.0,0.0,0.0,0.0,0.0,0.0
gRNA_14984,0,0,0,0,0,0,0,0,0,0,0,0,0,0.0,0.0,0.0,0.0,0.0,0.0,0.0
gRNA_14985,0,0,0,0,0,0,0,0,0,0,0,0,0,0.0,0.0,0.0,0.0,0.0,0.0,0.0
gRNA_14986,0,0,0,0,0,0,0,0,0,0,0,0,0,0.0,0.0,0.0,0.0,0.0,0.0,0.0
gRNA_14987,0,0,0,0,0,0,0,0,0,0,0,0,0,0.0,0.0,0.0,0.0,0.0,0.0,0.0
gRNA_14988,0,0,0,0,0,0,0,0,0,0,0,0,0,0.0,0.0,0.0,0.0,0.0,0.0,0.0
gRNA_14989,0,0,0,0,0,0,0,0,0,0,0,0,0,0.0,0.0,0.0,0.0,0.0,0.0,0.0
gRNA_14990,0,0,0,0,0,0,0,0,0,0,0,0,0,0.0,0.0,0.0,0.0,0.0,0.0,0.0
gRNA_14991,0,0,0,0,0,0,0,0,0,0,0,0,0,0.0,0.0,0.0,0.0,0.0,0.0,0.0
gRNA_14992,0,0,0,0,0,0,0,0,0,0,0,0,0,0.0,0.0,0.0,0.0,0.0,0.0,0.0
gRNA_14993,0,0,0,0,0,0,0,0,0,0,0,0,0,0.0,0.0,0.0,0.0,0.0,0.0,0.0
gRNA_14994,0,0,0,0,0,0,0,0,0,0,0,0,0,0.0,0.0,0.0,0.0,0.0,0.0,0.0
gRNA_14995,0,0,0,0,0,0,0,0,0,0,0,0,0,0.0,0.0,0.0,0.0,0.0,0.0,0.0
gRNA_14996,0,0,0,0,0,0,0,0,0,0,0,0,0,0.0,0.0,0.0,0.0,0.0,0.0,0.0
gRNA_14997,0,0,0,0,0,0,0,0,0,0,0,0,0,0.0,0.0,0.0,0.0,0.0,0.0,0.0
gRNA_14998,0,0,0,0,0,0,0,0,0,0,0,0,0,0.0,0.0,0.0,0.0,0.0,0.0,0.0
gRNA_14999,0,0,0,0,0,0,0,0,0,0,0,0,0,0.0,0.0,0.0,0.0,0.0,0.0,0.0
gRNA_15000,0,0,0,0,0,0,0,0,0,0,0,0,0,0.0,0.0,0.0,0.0,0.0,0.0,0.0
gRNA_15001,0,0,0,0,0,0,0,0,0,0,0,0,0,0.0,0.0,0.0,0.0,0.0,0.0,0.0
gRNA_15002,0,0,0,0,0,0,0,0,0,0,0,0,0,0.0,0.0,0.0,0.0,0.0,0.0,0.0
gRNA_15003,0,0,0,0,0,0,0,0,0,0,0,0,0,0.0,0.0,0.0,0.0,0.0,0.0,0.0
gRNA_15004,0,0,0,0,0,0,0,0,0,0,0,0,0,0.0,0.0,0.0,0.0,0.0,0.0,0.0
gRNA_15005,0,0,0,0,0,0,0,0,0,0,0,0,0,0.0,0.0,0.0,0.0,0.0,0.0,0.0
gRNA_15006,0,0,0,0,0,0,0,0,0,0,0,0,0,0.0,0.0,0.0,0.0,0.0,0.0,0.0
gRNA_15007,0,0,0,0,0,0,0,0,0,0,0,0,0,0.0,0.0,0.0,0.0,0.0,0.0,0.0
gRNA_15008,0,0,0,0,0,0,0,0,0,0,0,0,0,0.0,0.0,0.0,0.0,0.0,0.0,0.0
gRNA_15009,0,0,0,0,0,0,0,0,0,0,0,0,0,0.0,0.0,0.0,0.0,0.0,0.0,0.0
gRNA_15010,0,0,0,0,0,0,0,0,0,0,0,0,0,0.0,0.0,0.0,0.0,0.0,0.0,0.0
gRNA_15011,0,0,0,0,0,0,0,0,0,0,0,0,0,0.0,0.0,0.0,0.0,0.0,0.0,0.0
gRNA_1503,483,0,483,155,95,233,146,89,95,248,0,15,233,18.426501035196686,19.66873706004141,30.22774327122153,51.345755693581786,0.0,3.1055900621118013,48.24016563146998
gRNA_1506,704,0,704,438,111,155,394,86,111,224,0,69,155,12.215909090909092,15.767045454545455,55.96590909090909,31.818181818181817,0.0,9.801136363636363,22.017045454545457
gRNA_1551,0,0,0,0,0,0,0,0,0,0,0,0,0,0.0,0.0,0.0,0.0,0.0,0.0,0.0
gRNA_1556,2920,0,2920,2917,3,0,2126,0,3,794,0,794,0,0.0,0.10273972602739725,72.80821917808218,27.19178082191781,0.0,27.19178082191781,0.0
gRNA_1565,36,0,36,31,2,3,7,2,2,27,0,24,3,5.555555555555555,5.555555555555555,19.444444444444446,75.0,0.0,66.66666666666666,8.333333333333332
gRNA_1567,777,0,777,680,37,60,400,13,37,364,0,304,60,1.673101673101673,4.761904761904762,51.48005148005148,46.846846846846844,0.0,39.12483912483912,7.722007722007722
gRNA_1576,945,0,945,944,1,0,464,1,1,480,0,480,0,0.10582010582010583,0.10582010582010583,49.1005291005291,50.79365079365079,0.0,50.79365079365079,0.0
gRNA_1580,1103,0,1103,984,43,76,838,32,43,233,0,157,76,2.901178603807797,3.8984587488667275,75.97461468721669,21.12420670897552,0.0,14.233907524932004,6.890299184043518
gRNA_1726,0,0,0,0,0,0,0,0,0,0,0,0,0,0.0,0.0,0.0,0.0,0.0,0.0,0.0
gRNA_1891,2171,0,2171,2170,0,1,2149,0,0,22,0,21,1,0.0,0.0,98.98664210041456,1.0133578995854444,0.0,0.9672961768770152,0.046061722708429294
gRNA_1899,1223,0,1223,1171,18,34,600,3,18,620,0,586,34,0.24529844644317253,1.4717906786590351,49.05968928863451,50.695012264922326,0.0,47.914963205233036,2.7800490596892886
gRNA_19,785,0,785,785,0,0,761,0,0,24,0,24,0,0.0,0.0,96.94267515923568,3.0573248407643314,0.0,3.0573248407643314,0.0
gRNA_1902,295,0,295,275,9,11,243,7,9,45,0,34,11,2.3728813559322033,3.050847457627119,82.37288135593221,15.254237288135593,0.0,11.525423728813559,3.728813559322034
gRNA_1911,820,0,820,818,1,1,806,0,1,14,0,13,1,0.0,0.12195121951219512,98.29268292682927,1.707317073170732,0.0,1.5853658536585367,0.12195121951219512
gRNA_1915,286,0,286,285,0,1,244,0,0,42,16,18,8,0.0,0.0,85.3146853146853,14.685314685314685,5.594405594405594,6.293706293706294,2.797202797202797
gRNA_1977,0,0,0,0,0,0,0,0,0,0,0,0,0,0.0,0.0,0.0,0.0,0.0,0.0,0.0
gRNA_2,0,0,0,0,0,0,0,0,0,0,0,0,0,0.0,0.0,0.0,0.0,0.0,0.0,0.0
gRNA_21,309,306,3,0,3,0,0,1,3,2,0,1,1,33.33333333333333,100.0,0.0,66.66666666666666,0.0,33.33333333333333,33.33333333333333
gRNA_2117,5,0,5,5,0,0,4,0,0,1,0,1,0,0.0,0.0,80.0,20.0,0.0,20.0,0.0
gRNA_2134,0,0,0,0,0,0,0,0,0,0,0,0,0,0.0,0.0,0.0,0.0,0.0,0.0,0.0
gRNA_2209,141,0,141,135,4,2,115,1,4,25,0,23,2,0.7092198581560284,2.8368794326241136,81.56028368794325,17.73049645390071,0.0,16.312056737588655,1.4184397163120568
gRNA_2213,192,0,192,110,45,37,108,45,45,39,0,2,37,23.4375,23.4375,56.25,20.3125,0.0,1.0416666666666665,19.270833333333336
gRNA_2220,8,0,8,8,0,0,2,0,0,6,0,6,0,0.0,0.0,25.0,75.0,0.0,75.0,0.0
gRNA_2221,753,572,181,168,13,0,76,8,13,97,0,97,0,4.41988950276243,7.18232044198895,41.988950276243095,53.591160220994475,0.0,53.591160220994475,0.0
gRNA_2228,822,0,822,520,104,198,502,102,104,218,0,20,198,12.408759124087592,12.652068126520682,61.0705596107056,26.520681265206814,0.0,2.4330900243309004,24.087591240875913
gRNA_2237,1650,0,1650,1564,65,21,1153,5,65,492,0,471,21,0.30303030303030304,3.939393939393939,69.87878787878788,29.818181818181817,0.0,28.545454545454547,1.2727272727272727
gRNA_2248,82,0,82,66,4,12,12,0,4,70,0,58,12,0.0,4.878048780487805,14.634146341463413,85.36585365853658,0.0,70.73170731707317,14.634146341463413
gRNA_2252,1416,0,1416,1415,1,0,816,0,1,600,0,235,365,0.0,0.07062146892655367,57.6271186440678,42.3728813559322,0.0,16.596045197740114,25.77683615819209
gRNA_2254,979,0,979,957,12,10,741,8,12,230,0,220,10,0.8171603677221655,1.2257405515832482,75.68947906026557,23.493360572012257,0.0,22.47191011235955,1.0214504596527068
gRNA_2256,1460,0,1460,1459,1,0,558,0,1,902,485,379,38,0.0,0.0684931506849315,38.21917808219178,61.78082191780822,33.21917808219178,25.958904109589042,2.6027397260273974
gRNA_2265,0,0,0,0,0,0,0,0,0,0,0,0,0,0.0,0.0,0.0,0.0,0.0,0.0,0.0
gRNA_2266,345,0,345,343,1,1,256,1,1,88,0,87,1,0.2898550724637681,0.2898550724637681,74.20289855072464,25.507246376811594,0.0,25.217391304347824,0.2898550724637681
gRNA_2278,396,0,396,395,0,1,110,0,0,286,5,279,2,0.0,0.0,27.77777777777778,72.22222222222221,1.2626262626262625,70.45454545454545,0.5050505050505051
gRNA_2291,257,0,257,256,1,0,190,0,1,67,0,67,0,0.0,0.38910505836575876,73.92996108949417,26.07003891050584,0.0,26.07003891050584,0.0
gRNA_2309,250,0,250,247,0,3,177,0,0,73,0,70,3,0.0,0.0,70.8,29.2,0.0,28.000000000000004,1.2
gRNA_2319,679,0,679,660,8,11,569,6,8,104,26,58,20,0.8836524300441826,1.1782032400589102,83.79970544918999,15.316642120765833,3.829160530191458,8.541973490427099,2.945508100147275
gRNA_2320,944,0,944,918,7,19,886,7,7,51,2,30,19,0.7415254237288136,0.7415254237288136,93.85593220338984,5.402542372881356,0.211864406779661,3.1779661016949152,2.0127118644067794
gRNA_2330,2618,0,2618,1489,446,683,1128,294,446,1196,0,513,683,11.229946524064172,17.03590527119939,43.086325439266616,45.683728036669216,0.0,19.59511077158136,26.088617265087855
gRNA_2385,0,0,0,0,0,0,0,0,0,0,0,0,0,0.0,0.0,0.0,0.0,0.0,0.0,0.0
gRNA_2394,478,0,478,477,1,0,450,1,1,27,0,27,0,0.20920502092050208,0.20920502092050208,94.14225941422593,5.648535564853557,0.0,5.648535564853557,0.0
gRNA_2401,0,0,0,0,0,0,0,0,0,0,0,0,0,0.0,0.0,0.0,0.0,0.0,0.0,0.0
gRNA_2420,14,0,14,13,1,0,12,0,1,2,0,2,0,0.0,7.142857142857142,85.71428571428571,14.285714285714285,0.0,14.285714285714285,0.0
gRNA_2421,476,0,476,467,6,3,429,3,6,44,0,41,3,0.6302521008403361,1.2605042016806722,90.12605042016807,9.243697478991598,0.0,8.61344537815126,0.6302521008403361
gRNA_2430,1254,0,1254,1252,1,1,956,0,1,298,8,289,1,0.0,0.07974481658692185,76.2360446570973,23.76395534290271,0.6379585326953748,23.046251993620416,0.07974481658692185
gRNA_2432,1965,0,1965,950,457,558,378,155,457,1432,0,874,558,7.888040712468193,23.25699745547074,19.236641221374047,72.87531806615776,0.0,44.478371501272264,28.396946564885496
gRNA_2433,3314,0,3314,3311,1,2,3228,1,1,85,0,83,2,0.030175015087507546,0.030175015087507546,97.40494870247434,2.5648762824381413,0.0,2.504526252263126,0.06035003017501509
gRNA_2436,7,0,7,7,0,0,4,0,0,3,0,3,0,0.0,0.0,57.14285714285714,42.857142857142854,0.0,42.857142857142854,0.0
gRNA_2443,464,0,464,463,0,1,302,0,0,162,0,161,1,0.0,0.0,65.08620689655173,34.91379310344828,0.0,34.69827586206897,0.21551724137931033
gRNA_2444,392,0,392,392,0,0,388,0,0,4,0,4,0,0.0,0.0,98.9795918367347,1.0204081632653061,0.0,1.0204081632653061,0.0
gRNA_2447,919,0,919,895,6,18,701,5,6,213,0,195,18,0.544069640914037,0.6528835690968444,76.278563656148,23.177366702937977,0.0,21.218715995647443,1.958650707290533
gRNA_2448,459,0,459,445,5,9,298,4,5,157,0,148,9,0.8714596949891068,1.0893246187363834,64.92374727668845,34.20479302832244,0.0,32.24400871459695,1.9607843137254901
gRNA_2449,80,0,80,28,25,27,10,14,25,56,0,29,27,17.5,31.25,12.5,70.0,0.0,36.25,33.75
gRNA_2450,597,0,597,584,6,7,570,5,6,22,1,14,7,0.8375209380234505,1.0050251256281406,95.47738693467338,3.6850921273031827,0.16750418760469013,2.3450586264656614,1.1725293132328307
gRNA_2451,522,0,522,520,1,1,462,0,1,60,8,47,5,0.0,0.19157088122605362,88.50574712643679,11.494252873563218,1.532567049808429,9.003831417624522,0.9578544061302682
gRNA_2452,354,0,354,354,0,0,307,0,0,47,0,47,0,0.0,0.0,86.7231638418079,13.27683615819209,0.0,13.27683615819209,0.0
gRNA_2453,43,0,43,43,0,0,38,0,0,5,0,5,0,0.0,0.0,88.37209302325581,11.627906976744185,0.0,11.627906976744185,0.0
gRNA_2454,88,0,88,87,0,1,77,0,0,11,2,8,1,0.0,0.0,87.5,12.5,2.272727272727273,9.090909090909092,1.1363636363636365
gRNA_2455,820,0,820,720,71,29,651,62,71,107,0,78,29,7.560975609756097,8.658536585365853,79.39024390243902,13.048780487804878,0.0,9.512195121951219,3.536585365853658
gRNA_2456,146,0,146,144,2,0,106,1,2,39,0,39,0,0.684931506849315,1.36986301369863,72.6027397260274,26.71232876712329,0.0,26.71232876712329,0.0
gRNA_2459,1696,0,1696,1682,3,11,1587,3,3,106,0,95,11,0.1768867924528302,0.1768867924528302,93.57311320754717,6.25,0.0,5.601415094339623,0.6485849056603774
gRNA_2460,16,0,16,15,0,1,4,0,0,12,0,11,1,0.0,0.0,25.0,75.0,0.0,68.75,6.25
gRNA_2461,214,0,214,209,3,2,67,0,3,147,0,145,2,0.0,1.4018691588785046,31.308411214953267,68.69158878504673,0.0,67.7570093457944,0.9345794392523363
gRNA_2462,1425,0,1425,1425,0,0,1257,0,0,168,0,168,0,0.0,0.0,88.21052631578948,11.789473684210526,0.0,11.789473684210526,0.0
gRNA_2463,3695,0,3695,3662,18,15,3551,2,18,142,1,126,15,0.05412719891745603,0.4871447902571042,96.10284167794316,3.8430311231393772,0.027063599458728015,3.4100135317997293,0.40595399188092013
gRNA_2464,1453,0,1453,1451,1,1,1139,1,1,313,0,312,1,0.06882312456985547,0.06882312456985547,78.38953888506538,21.541637990364762,0.0,21.472814865794906,0.06882312456985547
gRNA_2465,600,62,538,516,7,15,476,5,7,57,0,42,15,0.929368029739777,1.3011152416356877,88.47583643122677,10.594795539033457,0.0,7.806691449814126,2.7881040892193307
gRNA_2467,34,12,22,22,0,0,10,0,0,12,0,12,0,0.0,0.0,45.45454545454545,54.54545454545454,0.0,54.54545454545454,0.0
gRNA_2468,1286,0,1286,1253,33,0,1072,24,33,190,0,190,0,1.8662519440124419,2.5660964230171075,83.35925349922239,14.774494556765164,0.0,14.774494556765164,0.0
gRNA_2469,1485,0,1485,944,198,343,638,120,198,727,0,384,343,8.080808080808081,13.333333333333334,42.96296296296296,48.95622895622896,0.0,25.858585858585858,23.097643097643097
gRNA_2470,2393,0,2393,1851,212,330,1343,111,212,939,0,609,330,4.638529043042206,8.85917258671124,56.12202256581696,39.23944839114083,0.0,25.449226911826162,13.790221479314669
gRNA_2471,58,0,58,43,6,9,16,1,6,41,0,32,9,1.7241379310344827,10.344827586206897,27.586206896551722,70.6896551724138,0.0,55.172413793103445,15.517241379310345
gRNA_2474,0,0,0,0,0,0,0,0,0,0,0,0,0,0.0,0.0,0.0,0.0,0.0,0.0,0.0
gRNA_2475,492,0,492,491,1,0,419,1,1,72,0,72,0,0.20325203252032523,0.20325203252032523,85.16260162601627,14.634146341463413,0.0,14.634146341463413,0.0
gRNA_2476,900,0,900,892,3,5,785,2,3,113,0,108,5,0.2222222222222222,0.33333333333333337,87.22222222222223,12.555555555555555,0.0,12.0,0.5555555555555556
gRNA_2477,75,0,75,75,0,0,70,0,0,5,0,5,0,0.0,0.0,93.33333333333333,6.666666666666667,0.0,6.666666666666667,0.0
gRNA_2478,32,0,32,30,2,0,28,1,2,3,0,3,0,3.125,6.25,87.5,9.375,0.0,9.375,0.0
gRNA_2479,1431,0,1431,1308,56,67,1126,31,56,274,0,207,67,2.166317260656883,3.913347309573725,78.68623340321453,19.14744933612858,0.0,14.465408805031446,4.682040531097135
gRNA_2480,1218,0,1218,1035,78,105,564,27,78,627,0,522,105,2.2167487684729066,6.403940886699508,46.30541871921182,51.47783251231527,0.0,42.857142857142854,8.620689655172415
gRNA_2481,773,0,773,664,65,44,634,62,65,77,0,33,44,8.020698576972833,8.408796895213454,82.01811125485123,9.961190168175937,0.0,4.269081500646831,5.692108667529108
gRNA_2482,2053,0,2053,1625,171,257,1393,125,171,535,0,278,257,6.088650754992694,8.329274232830004,67.85192401363858,26.059425231368728,0.0,13.54115927910375,12.51826595226498
gRNA_2483,1097,0,1097,892,90,115,804,68,90,225,0,110,115,6.198723792160438,8.20419325432999,73.29079307201458,20.510483135824977,0.0,10.027347310847768,10.48313582497721
gRNA_2484,4911,0,4911,4086,283,542,3807,248,283,856,0,310,546,5.049888006515984,5.762573813887192,77.5198533903482,17.43025860313582,0.0,6.312360008144981,11.117898594990837
gRNA_2485,2774,0,2774,2272,214,288,2064,163,214,547,0,259,288,5.8759913482335975,7.714491708723864,74.40519105984139,19.718817591925017,0.0,9.336697909156452,10.382119682768565
gRNA_2486,1395,0,1395,1218,91,86,1198,79,91,118,0,32,86,5.663082437275985,6.5232974910394255,85.87813620071685,8.45878136200717,0.0,2.293906810035842,6.164874551971327
gRNA_2487,2507,0,2507,2103,206,198,2069,203,206,235,0,37,198,8.097327483047467,8.216992421220583,82.52891902672516,9.373753490227363,0.0,1.4758675708017552,7.897885919425608
gRNA_2488,2657,107,2550,2121,157,272,2082,149,157,319,0,47,272,5.843137254901961,6.1568627450980395,81.64705882352942,12.509803921568627,0.0,1.843137254901961,10.666666666666668
gRNA_2489,92,0,92,90,0,2,70,0,0,22,0,20,2,0.0,0.0,76.08695652173914,23.91304347826087,0.0,21.73913043478261,2.1739130434782608
gRNA_2490,667,0,667,664,1,2,657,1,1,9,0,7,2,0.14992503748125938,0.14992503748125938,98.50074962518741,1.3493253373313343,0.0,1.0494752623688157,0.29985007496251875
gRNA_2491,3768,820,2948,2945,2,1,2573,1,2,374,0,154,220,0.033921302578018994,0.06784260515603799,87.27951153324288,12.686567164179104,0.0,5.223880597014925,7.462686567164178
gRNA_2492,1213,0,1213,1212,0,1,1146,0,0,67,0,66,1,0.0,0.0,94.4765045342127,5.523495465787304,0.0,5.441055234954658,0.08244023083264633
gRNA_2493,1298,0,1298,1295,2,1,1283,2,2,13,0,12,1,0.15408320493066258,0.15408320493066258,98.84437596302003,1.0015408320493067,0.0,0.9244992295839755,0.07704160246533129
gRNA_2495,155,0,155,139,8,8,66,3,8,86,0,78,8,1.935483870967742,5.161290322580645,42.58064516129032,55.483870967741936,0.0,50.32258064516129,5.161290322580645
gRNA_2496,2479,0,2479,2387,55,37,2037,40,55,402,0,351,51,1.6135538523598225,2.2186365469947558,82.17022993142396,16.216216216216218,0.0,14.15893505445744,2.0572811617587736
gRNA_2497,321,0,321,320,1,0,281,1,1,39,0,39,0,0.3115264797507788,0.3115264797507788,87.53894080996885,12.149532710280374,0.0,12.149532710280374,0.0
gRNA_2498,689,0,689,685,2,2,611,2,2,76,0,74,2,0.29027576197387517,0.29027576197387517,88.67924528301887,11.030478955007258,0.0,10.740203193033382,0.29027576197387517
gRNA_2499,278,0,278,184,37,57,174,33,37,71,0,14,57,11.870503597122301,13.309352517985612,62.589928057553955,25.539568345323744,0.0,5.0359712230215825,20.503597122302157
gRNA_2500,451,0,451,203,168,80,196,165,168,90,0,10,80,36.58536585365854,37.250554323725055,43.45898004434589,19.955654101995567,0.0,2.2172949002217295,17.738359201773836
gRNA_2501,714,0,714,713,1,0,531,1,1,182,9,173,0,0.1400560224089636,0.1400560224089636,74.36974789915966,25.49019607843137,1.2605042016806722,24.2296918767507,0.0
gRNA_2502,1375,0,1375,1374,0,1,982,0,0,393,0,392,1,0.0,0.0,71.41818181818181,28.581818181818182,0.0,28.50909090909091,0.07272727272727272
gRNA_2503,19,0,19,19,0,0,9,0,0,10,0,10,0,0.0,0.0,47.368421052631575,52.63157894736842,0.0,52.63157894736842,0.0
gRNA_2532,10,0,10,10,0,0,10,0,0,0,0,0,0,0.0,0.0,100.0,0.0,0.0,0.0,0.0
gRNA_2569,0,0,0,0,0,0,0,0,0,0,0,0,0,0.0,0.0,0.0,0.0,0.0,0.0,0.0
gRNA_2658,0,0,0,0,0,0,0,0,0,0,0,0,0,0.0,0.0,0.0,0.0,0.0,0.0,0.0
gRNA_2677,959,0,959,955,0,4,531,0,0,428,270,140,18,0.0,0.0,55.370177267987486,44.629822732012514,28.154327424400417,14.5985401459854,1.8769551616266946
gRNA_2682,1,0,1,0,1,0,0,0,1,1,0,1,0,0.0,100.0,0.0,100.0,0.0,100.0,0.0
gRNA_2690,1333,0,1333,1328,1,4,1219,0,1,114,0,110,4,0.0,0.07501875468867217,91.44786196549137,8.552138034508626,0.0,8.252063015753938,0.30007501875468867
gRNA_2695,86,0,86,85,0,1,60,0,0,26,0,25,1,0.0,0.0,69.76744186046511,30.23255813953488,0.0,29.069767441860467,1.1627906976744187
gRNA_2703,126,0,126,0,126,0,0,0,126,126,0,126,0,0.0,100.0,0.0,100.0,0.0,100.0,0.0
gRNA_2707,205,0,205,192,6,7,186,1,6,18,0,11,7,0.4878048780487805,2.9268292682926833,90.73170731707317,8.780487804878048,0.0,5.365853658536586,3.414634146341464
gRNA_2719,1510,0,1510,1084,202,224,1059,192,202,259,0,35,224,12.71523178807947,13.37748344370861,70.13245033112582,17.1523178807947,0.0,2.3178807947019866,14.834437086092716
gRNA_2736,0,0,0,0,0,0,0,0,0,0,0,0,0,0.0,0.0,0.0,0.0,0.0,0.0,0.0
gRNA_2738,1470,0,1470,1379,0,91,1126,0,0,344,0,253,91,0.0,0.0,76.59863945578232,23.401360544217688,0.0,17.210884353741495,6.190476190476191
gRNA_2747,0,0,0,0,0,0,0,0,0,0,0,0,0,0.0,0.0,0.0,0.0,0.0,0.0,0.0
gRNA_2749,527,0,527,496,14,17,444,14,14,69,0,52,17,2.6565464895635675,2.6565464895635675,84.25047438330171,13.092979127134724,0.0,9.867172675521822,3.225806451612903
gRNA_2760,37,0,37,35,2,0,17,0,2,20,0,20,0,0.0,5.405405405405405,45.94594594594595,54.054054054054056,0.0,54.054054054054056,0.0
gRNA_2764,136,0,136,68,37,31,39,15,37,82,0,51,31,11.029411764705882,27.205882352941174,28.676470588235293,60.29411764705882,0.0,37.5,22.794117647058822
gRNA_2770,2879,0,2879,2060,292,527,1985,274,292,620,3,78,539,9.517193469954845,10.142410559221952,68.94755123306705,21.535255296978118,0.10420284821118443,2.7092740534907955,18.721778395276136
gRNA_2772,827,0,827,827,0,0,706,0,0,121,0,121,0,0.0,0.0,85.36880290205562,14.631197097944376,0.0,14.631197097944376,0.0
gRNA_2773,464,0,464,303,70,91,155,15,70,294,0,203,91,3.2327586206896552,15.086206896551724,33.4051724137931,63.36206896551724,0.0,43.75,19.612068965517242
gRNA_2775,0,0,0,0,0,0,0,0,0,0,0,0,0,0.0,0.0,0.0,0.0,0.0,0.0,0.0
gRNA_2795,1558,0,1558,1533,9,16,1071,1,9,486,0,470,16,0.06418485237483953,0.5776636713735559,68.74197689345316,31.193838254172015,0.0,30.166880616174584,1.0269576379974326
gRNA_2800,1018,0,1018,1018,0,0,848,0,0,170,0,170,0,0.0,0.0,83.30058939096267,16.699410609037326,0.0,16.699410609037326,0.0
gRNA_2808,55,0,55,14,14,27,8,9,14,38,0,11,27,16.363636363636363,25.454545454545453,14.545454545454545,69.0909090909091,0.0,20.0,49.09090909090909
gRNA_2810,0,0,0,0,0,0,0,0,0,0,0,0,0,0.0,0.0,0.0,0.0,0.0,0.0,0.0
gRNA_2831,317,0,317,307,10,0,113,9,10,195,0,195,0,2.8391167192429023,3.1545741324921135,35.646687697160885,61.51419558359621,0.0,61.51419558359621,0.0
gRNA_2853,930,56,874,869,1,4,341,1,1,532,437,68,27,0.11441647597254005,0.11441647597254005,39.016018306636155,60.86956521739131,50.0,7.780320366132723,3.0892448512585813
gRNA_2854,114,1,113,111,2,0,97,0,2,16,0,16,0,0.0,1.7699115044247788,85.84070796460178,14.15929203539823,0.0,14.15929203539823,0.0
gRNA_2863,2094,0,2094,2088,2,4,2048,2,2,44,0,40,4,0.09551098376313276,0.09551098376313276,97.80324737344795,2.1012416427889207,0.0,1.9102196752626552,0.19102196752626552
gRNA_2867,1360,0,1360,1346,6,8,1267,4,6,89,0,80,9,0.29411764705882354,0.4411764705882353,93.16176470588235,6.544117647058824,0.0,5.88235294117647,0.6617647058823529
gRNA_2869,1060,1,1059,1024,17,18,872,9,17,178,3,157,18,0.84985835694051,1.6052880075542966,82.34183191690275,16.80830972615675,0.28328611898017,14.825306893295561,1.69971671388102
gRNA_2871,24,0,24,20,4,0,12,0,4,12,5,7,0,0.0,16.666666666666664,50.0,50.0,20.833333333333336,29.166666666666668,0.0
gRNA_289,1249,0,1249,1240,3,6,480,0,3,769,0,763,6,0.0,0.24019215372297836,38.43074459567654,61.569255404323464,0.0,61.088871096877504,0.4803843074459567
gRNA_295,34,0,34,33,1,0,16,0,1,18,0,18,0,0.0,2.941176470588235,47.05882352941176,52.94117647058824,0.0,52.94117647058824,0.0
gRNA_3011,0,0,0,0,0,0,0,0,0,0,0,0,0,0.0,0.0,0.0,0.0,0.0,0.0,0.0
gRNA_3012,0,0,0,0,0,0,0,0,0,0,0,0,0,0.0,0.0,0.0,0.0,0.0,0.0,0.0
gRNA_303,159,0,159,149,4,6,120,0,4,39,0,33,6,0.0,2.515723270440252,75.47169811320755,24.528301886792452,0.0,20.754716981132077,3.7735849056603774
gRNA_3031,0,0,0,0,0,0,0,0,0,0,0,0,0,0.0,0.0,0.0,0.0,0.0,0.0,0.0
gRNA_304,761,0,761,757,3,1,618,2,3,141,0,140,1,0.2628120893561104,0.39421813403416556,81.2089356110381,18.528252299605782,0.0,18.396846254927727,0.1314060446780552
gRNA_3052,1441,215,1226,1216,7,3,1081,3,7,142,15,122,5,0.24469820554649263,0.5709624796084829,88.17292006525285,11.582381729200652,1.2234910277324633,9.9510603588907,0.40783034257748774
gRNA_3057,4,0,4,4,0,0,1,0,0,3,0,3,0,0.0,0.0,25.0,75.0,0.0,75.0,0.0
gRNA_3065,707,0,707,703,3,1,681,3,3,23,0,22,1,0.4243281471004243,0.4243281471004243,96.32248939179632,3.253182461103253,0.0,3.1117397454031117,0.14144271570014144
gRNA_3067,1734,3,1731,1697,13,21,1670,11,13,50,0,29,21,0.635470826112074,0.7510109763142693,96.47602541883305,2.8885037550548818,0.0,1.6753321779318313,1.2131715771230502
gRNA_3073,1107,0,1107,815,175,117,600,157,175,350,0,233,117,14.182475158084914,15.808491418247517,54.20054200542005,31.616982836495033,0.0,21.04787714543812,10.569105691056912
gRNA_3077,1288,0,1288,1266,13,9,1130,7,13,151,0,142,9,0.5434782608695652,1.0093167701863355,87.73291925465838,11.72360248447205,0.0,11.024844720496894,0.6987577639751553
gRNA_3084,0,0,0,0,0,0,0,0,0,0,0,0,0,0.0,0.0,0.0,0.0,0.0,0.0,0.0
gRNA_3086,0,0,0,0,0,0,0,0,0,0,0,0,0,0.0,0.0,0.0,0.0,0.0,0.0,0.0
gRNA_3090,542,0,542,540,0,2,457,0,0,85,0,83,2,0.0,0.0,84.31734317343174,15.682656826568268,0.0,15.313653136531366,0.36900369003690037
gRNA_3092,791,0,791,777,8,6,759,6,8,26,0,20,6,0.7585335018963337,1.0113780025284451,95.95448798988622,3.286978508217446,0.0,2.5284450063211126,0.7585335018963337
gRNA_3105,317,0,317,309,4,4,242,2,4,73,0,69,4,0.6309148264984227,1.2618296529968454,76.34069400630915,23.02839116719243,0.0,21.766561514195583,1.2618296529968454
gRNA_3107,0,0,0,0,0,0,0,0,0,0,0,0,0,0.0,0.0,0.0,0.0,0.0,0.0,0.0
gRNA_311,499,0,499,490,1,8,451,1,1,47,0,39,8,0.2004008016032064,0.2004008016032064,90.38076152304609,9.418837675350701,0.0,7.8156312625250495,1.6032064128256511
gRNA_3110,552,7,545,530,6,9,517,6,6,22,0,13,9,1.1009174311926606,1.1009174311926606,94.86238532110092,4.036697247706423,0.0,2.385321100917431,1.651376146788991
gRNA_3118,3251,0,3251,3242,1,8,3016,1,1,234,37,188,9,0.030759766225776686,0.030759766225776686,92.77145493694248,7.197785296831744,1.1381113503537372,5.782836050446017,0.27683789603199016
gRNA_319,693,0,693,682,4,7,626,2,4,65,18,40,7,0.2886002886002886,0.5772005772005772,90.33189033189034,9.37950937950938,2.5974025974025974,5.772005772005772,1.0101010101010102
gRNA_324,1803,0,1803,1599,108,96,938,28,108,837,0,741,96,1.552967276760954,5.990016638935108,52.024403771491954,46.422628951747086,0.0,41.098169717138106,5.324459234608985
gRNA_335,766,0,766,766,0,0,764,0,0,2,0,2,0,0.0,0.0,99.73890339425587,0.26109660574412535,0.0,0.26109660574412535,0.0
gRNA_338,1491,0,1491,1487,2,2,1420,2,2,69,0,67,2,0.1341381623071764,0.1341381623071764,95.23809523809523,4.627766599597585,0.0,4.493628437290409,0.1341381623071764
gRNA_349,1209,0,1209,1123,29,57,898,16,29,295,0,238,57,1.3234077750206783,2.3986765922249793,74.27626137303557,24.400330851943757,0.0,19.685690653432587,4.714640198511166
gRNA_3522,0,0,0,0,0,0,0,0,0,0,0,0,0,0.0,0.0,0.0,0.0,0.0,0.0,0.0
gRNA_3523,0,0,0,0,0,0,0,0,0,0,0,0,0,0.0,0.0,0.0,0.0,0.0,0.0,0.0
gRNA_3524,0,0,0,0,0,0,0,0,0,0,0,0,0,0.0,0.0,0.0,0.0,0.0,0.0,0.0
gRNA_3525,0,0,0,0,0,0,0,0,0,0,0,0,0,0.0,0.0,0.0,0.0,0.0,0.0,0.0
gRNA_3570,0,0,0,0,0,0,0,0,0,0,0,0,0,0.0,0.0,0.0,0.0,0.0,0.0,0.0
gRNA_3579,0,0,0,0,0,0,0,0,0,0,0,0,0,0.0,0.0,0.0,0.0,0.0,0.0,0.0
gRNA_3580,0,0,0,0,0,0,0,0,0,0,0,0,0,0.0,0.0,0.0,0.0,0.0,0.0,0.0
gRNA_362,1902,0,1902,1897,2,3,1862,0,2,40,0,37,3,0.0,0.10515247108307045,97.89695057833859,2.1030494216614093,0.0,1.9453207150368035,0.15772870662460567
gRNA_366,1971,0,1971,1947,13,11,1890,10,13,71,0,60,11,0.5073566717402334,0.6595636732623034,95.8904109589041,3.602232369355657,0.0,3.0441400304414,0.5580923389142567
gRNA_3677,0,0,0,0,0,0,0,0,0,0,0,0,0,0.0,0.0,0.0,0.0,0.0,0.0,0.0
gRNA_3686,0,0,0,0,0,0,0,0,0,0,0,0,0,0.0,0.0,0.0,0.0,0.0,0.0,0.0
gRNA_3698,0,0,0,0,0,0,0,0,0,0,0,0,0,0.0,0.0,0.0,0.0,0.0,0.0,0.0
gRNA_3703,0,0,0,0,0,0,0,0,0,0,0,0,0,0.0,0.0,0.0,0.0,0.0,0.0,0.0
gRNA_381,350,0,350,246,40,64,227,33,40,90,0,26,64,9.428571428571429,11.428571428571429,64.85714285714286,25.71428571428571,0.0,7.428571428571429,18.285714285714285
gRNA_382,1926,0,1926,1445,199,282,924,101,199,901,0,619,282,5.244029075804776,10.332294911734165,47.97507788161994,46.780893042575286,0.0,32.13914849428868,14.641744548286603
gRNA_383,1167,0,1167,1167,0,0,893,0,0,274,0,274,0,0.0,0.0,76.52099400171379,23.479005998286205,0.0,23.479005998286205,0.0
gRNA_389,1313,0,1313,1312,1,0,893,0,1,420,0,420,0,0.0,0.07616146230007616,68.012185833968,31.987814166031985,0.0,31.987814166031985,0.0
gRNA_390,360,0,360,360,0,0,342,0,0,18,0,18,0,0.0,0.0,95.0,5.0,0.0,5.0,0.0
gRNA_3905,0,0,0,0,0,0,0,0,0,0,0,0,0,0.0,0.0,0.0,0.0,0.0,0.0,0.0
gRNA_3906,0,0,0,0,0,0,0,0,0,0,0,0,0,0.0,0.0,0.0,0.0,0.0,0.0,0.0
gRNA_3909,0,0,0,0,0,0,0,0,0,0,0,0,0,0.0,0.0,0.0,0.0,0.0,0.0,0.0
gRNA_3918,583,0,583,583,0,0,456,0,0,127,0,127,0,0.0,0.0,78.21612349914237,21.783876500857634,0.0,21.783876500857634,0.0
gRNA_3922,1919,0,1919,1893,15,11,1638,6,15,275,0,264,11,0.3126628452318916,0.7816571130797291,85.35695674830642,14.330380406461698,0.0,13.75716519020323,0.5732152162584679
gRNA_3930,19,0,19,19,0,0,7,0,0,12,5,7,0,0.0,0.0,36.84210526315789,63.1578947368421,26.31578947368421,36.84210526315789,0.0
gRNA_3936,22,13,9,6,1,2,5,0,1,4,0,2,2,0.0,11.11111111111111,55.55555555555556,44.44444444444444,0.0,22.22222222222222,22.22222222222222
gRNA_3963,37,0,37,35,2,0,15,0,2,22,0,22,0,0.0,5.405405405405405,40.54054054054054,59.45945945945946,0.0,59.45945945945946,0.0
gRNA_3981,2238,0,2238,1945,101,192,1795,84,101,359,0,167,192,3.753351206434316,4.5129579982126895,80.20554066130474,16.04110813226095,0.0,7.462019660411082,8.579088471849866
gRNA_3983,1260,0,1260,1256,1,3,1234,1,1,25,0,22,3,0.07936507936507936,0.07936507936507936,97.93650793650794,1.984126984126984,0.0,1.746031746031746,0.2380952380952381
gRNA_3993,362,0,362,362,0,0,230,0,0,132,0,132,0,0.0,0.0,63.53591160220995,36.46408839779006,0.0,36.46408839779006,0.0
gRNA_3997,729,0,729,673,20,36,462,9,20,258,34,173,51,1.2345679012345678,2.7434842249657065,63.37448559670782,35.390946502057616,4.663923182441701,23.73113854595336,6.995884773662551
gRNA_4,743,0,743,518,108,117,385,93,108,265,0,79,186,12.516823687752353,14.535666218034994,51.81695827725438,35.66621803499327,0.0,10.632570659488561,25.033647375504707
gRNA_4001,802,0,802,801,1,0,437,0,1,365,256,96,13,0.0,0.12468827930174563,54.48877805486284,45.51122194513716,31.92019950124688,11.970074812967582,1.6209476309226933
gRNA_4007,1154,0,1154,1154,0,0,1070,0,0,84,0,84,0,0.0,0.0,92.72097053726169,7.279029462738301,0.0,7.279029462738301,0.0
gRNA_4008,500,0,500,497,2,1,437,2,2,61,32,28,1,0.4,0.4,87.4,12.2,6.4,5.6000000000000005,0.2
gRNA_4016,133,0,133,122,6,5,118,4,6,11,0,6,5,3.007518796992481,4.511278195488721,88.7218045112782,8.270676691729323,0.0,4.511278195488721,3.7593984962406015
gRNA_4029,518,0,518,129,173,216,121,163,173,234,0,18,216,31.467181467181465,33.397683397683394,23.35907335907336,45.173745173745175,0.0,3.474903474903475,41.6988416988417
gRNA_4033,0,0,0,0,0,0,0,0,0,0,0,0,0,0.0,0.0,0.0,0.0,0.0,0.0,0.0
gRNA_4046,41,0,41,41,0,0,28,0,0,13,0,13,0,0.0,0.0,68.29268292682927,31.70731707317073,0.0,31.70731707317073,0.0
gRNA_4057,814,0,814,813,1,0,677,0,1,137,0,133,4,0.0,0.12285012285012285,83.16953316953317,16.830466830466833,0.0,16.33906633906634,0.4914004914004914
gRNA_4063,985,0,985,985,0,0,544,0,0,441,0,441,0,0.0,0.0,55.22842639593909,44.77157360406092,0.0,44.77157360406092,0.0
gRNA_4068,742,14,728,683,31,14,635,19,31,74,0,60,14,2.60989010989011,4.258241758241758,87.22527472527473,10.164835164835164,0.0,8.241758241758241,1.9230769230769231
gRNA_4070,5454,0,5454,5439,5,10,5183,5,5,266,9,247,10,0.09167583425009168,0.09167583425009168,95.03116978364503,4.8771543821048775,0.16501650165016502,4.528786211954529,0.18335166850018336
gRNA_4078,5,0,5,3,2,0,1,1,2,3,0,3,0,20.0,40.0,20.0,60.0,0.0,60.0,0.0
gRNA_4080,896,0,896,848,20,28,656,16,20,224,0,196,28,1.7857142857142856,2.232142857142857,73.21428571428571,25.0,0.0,21.875,3.125
gRNA_4081,2851,0,2851,2790,22,39,2418,10,22,423,0,384,39,0.350754121360926,0.7716590669940372,84.8123465450719,14.83689933356717,0.0,13.468958260259559,1.3679410733076114
gRNA_4082,191,0,191,186,1,4,104,0,1,87,0,83,4,0.0,0.5235602094240838,54.45026178010471,45.54973821989529,0.0,43.455497382198956,2.094240837696335
gRNA_4084,1604,0,1604,1487,47,70,1339,38,47,227,0,157,70,2.369077306733167,2.9301745635910224,83.47880299251871,14.15211970074813,0.0,9.788029925187033,4.364089775561098
gRNA_4096,183,0,183,142,18,23,135,16,18,32,0,9,23,8.743169398907105,9.836065573770492,73.77049180327869,17.48633879781421,0.0,4.918032786885246,12.568306010928962
gRNA_4195,0,0,0,0,0,0,0,0,0,0,0,0,0,0.0,0.0,0.0,0.0,0.0,0.0,0.0
gRNA_4437,1943,0,1943,1939,2,2,1814,1,2,128,0,126,2,0.0514668039114771,0.1029336078229542,93.36078229541945,6.587750900669069,0.0,6.484817292846114,0.1029336078229542
gRNA_4440,0,0,0,0,0,0,0,0,0,0,0,0,0,0.0,0.0,0.0,0.0,0.0,0.0,0.0
gRNA_4454,4483,0,4483,4341,48,94,3564,27,48,892,3,792,97,0.6022752621012715,1.070711577068927,79.50033459736784,19.897390140530895,0.06691947356680794,17.666741021637296,2.1637296453267902
gRNA_4456,134,0,134,134,0,0,85,0,0,49,0,49,0,0.0,0.0,63.43283582089553,36.56716417910448,0.0,36.56716417910448,0.0
gRNA_4461,0,0,0,0,0,0,0,0,0,0,0,0,0,0.0,0.0,0.0,0.0,0.0,0.0,0.0
gRNA_4577,0,0,0,0,0,0,0,0,0,0,0,0,0,0.0,0.0,0.0,0.0,0.0,0.0,0.0
gRNA_4578,0,0,0,0,0,0,0,0,0,0,0,0,0,0.0,0.0,0.0,0.0,0.0,0.0,0.0
gRNA_4621,0,0,0,0,0,0,0,0,0,0,0,0,0,0.0,0.0,0.0,0.0,0.0,0.0,0.0
gRNA_4628,0,0,0,0,0,0,0,0,0,0,0,0,0,0.0,0.0,0.0,0.0,0.0,0.0,0.0
gRNA_4735,0,0,0,0,0,0,0,0,0,0,0,0,0,0.0,0.0,0.0,0.0,0.0,0.0,0.0
gRNA_4741,3041,0,3041,3040,0,1,1846,0,0,1195,0,1193,2,0.0,0.0,60.70371588293324,39.296284117066755,0.0,39.23051627754028,0.06576783952647156
gRNA_4744,590,0,590,590,0,0,457,0,0,133,0,133,0,0.0,0.0,77.45762711864407,22.54237288135593,0.0,22.54237288135593,0.0
gRNA_4754,260,0,260,260,0,0,190,0,0,70,0,70,0,0.0,0.0,73.07692307692307,26.923076923076923,0.0,26.923076923076923,0.0
gRNA_4758,35,0,35,31,2,2,7,0,2,28,0,26,2,0.0,5.714285714285714,20.0,80.0,0.0,74.28571428571429,5.714285714285714
gRNA_4759,965,0,965,923,19,23,733,12,19,220,0,197,23,1.2435233160621761,1.9689119170984457,75.95854922279793,22.797927461139896,0.0,20.414507772020727,2.383419689119171
gRNA_4763,72,0,72,71,1,0,16,1,1,55,0,55,0,1.3888888888888888,1.3888888888888888,22.22222222222222,76.38888888888889,0.0,76.38888888888889,0.0
gRNA_4770,0,0,0,0,0,0,0,0,0,0,0,0,0,0.0,0.0,0.0,0.0,0.0,0.0,0.0
gRNA_4782,0,0,0,0,0,0,0,0,0,0,0,0,0,0.0,0.0,0.0,0.0,0.0,0.0,0.0
gRNA_4829,0,0,0,0,0,0,0,0,0,0,0,0,0,0.0,0.0,0.0,0.0,0.0,0.0,0.0
gRNA_4888,0,0,0,0,0,0,0,0,0,0,0,0,0,0.0,0.0,0.0,0.0,0.0,0.0,0.0
gRNA_516,900,0,900,879,12,9,481,2,12,417,0,408,9,0.2222222222222222,1.3333333333333335,53.44444444444445,46.33333333333333,0.0,45.33333333333333,1.0
gRNA_5191,0,0,0,0,0,0,0,0,0,0,0,0,0,0.0,0.0,0.0,0.0,0.0,0.0,0.0
gRNA_5194,0,0,0,0,0,0,0,0,0,0,0,0,0,0.0,0.0,0.0,0.0,0.0,0.0,0.0
gRNA_5200,158,0,158,157,1,0,70,1,1,87,0,87,0,0.6329113924050633,0.6329113924050633,44.303797468354425,55.06329113924051,0.0,55.06329113924051,0.0
gRNA_5208,686,0,686,675,4,7,423,2,4,261,0,254,7,0.2915451895043732,0.5830903790087464,61.66180758017493,38.0466472303207,0.0,37.02623906705539,1.0204081632653061
gRNA_5216,48,0,48,45,1,2,32,0,1,16,0,14,2,0.0,2.083333333333333,66.66666666666666,33.33333333333333,0.0,29.166666666666668,4.166666666666666
gRNA_522,417,0,417,157,71,189,145,67,71,205,0,12,193,16.06714628297362,17.026378896882495,34.77218225419664,49.16067146282973,0.0,2.877697841726619,46.28297362110312
gRNA_5228,0,0,0,0,0,0,0,0,0,0,0,0,0,0.0,0.0,0.0,0.0,0.0,0.0,0.0
gRNA_523,40,0,40,40,0,0,17,0,0,23,0,23,0,0.0,0.0,42.5,57.49999999999999,0.0,57.49999999999999,0.0
gRNA_5236,0,0,0,0,0,0,0,0,0,0,0,0,0,0.0,0.0,0.0,0.0,0.0,0.0,0.0
gRNA_525,833,0,833,831,2,0,654,0,2,179,0,179,0,0.0,0.24009603841536614,78.51140456182473,21.48859543817527,0.0,21.48859543817527,0.0
gRNA_526,3101,0,3101,3097,2,2,1984,0,2,1117,0,1115,2,0.0,0.06449532408900355,63.97936149629152,36.02063850370848,0.0,35.956143179619474,0.06449532408900355
gRNA_5287,389,2,387,298,1,88,161,0,1,226,0,138,88,0.0,0.2583979328165375,41.60206718346253,58.39793281653747,0.0,35.65891472868217,22.739018087855296
gRNA_5291,813,0,813,525,143,145,486,125,143,202,0,57,145,15.375153751537516,17.589175891758916,59.77859778597786,24.846248462484624,0.0,7.011070110701106,17.83517835178352
gRNA_5297,3184,0,3184,2155,435,594,2130,427,435,627,0,33,594,13.410804020100503,13.662060301507536,66.89698492462311,19.69221105527638,0.0,1.0364321608040201,18.65577889447236
gRNA_5299,3312,0,3312,3287,7,18,3250,5,7,57,0,39,18,0.15096618357487923,0.2113526570048309,98.1280193236715,1.7210144927536233,0.0,1.177536231884058,0.5434782608695652
gRNA_5305,526,0,526,516,4,6,363,1,4,162,0,156,6,0.19011406844106463,0.7604562737642585,69.01140684410646,30.798479087452474,0.0,29.65779467680608,1.1406844106463878
gRNA_5315,3060,0,3060,3012,25,23,2461,19,25,580,400,147,33,0.6209150326797386,0.8169934640522877,80.42483660130719,18.954248366013072,13.071895424836603,4.803921568627452,1.0784313725490196
gRNA_5318,732,0,732,677,23,32,104,6,23,622,0,590,32,0.819672131147541,3.1420765027322406,14.207650273224044,84.97267759562843,0.0,80.60109289617486,4.371584699453552
gRNA_5322,457,0,457,456,1,0,356,0,1,101,86,11,4,0.0,0.2188183807439825,77.89934354485777,22.100656455142232,18.818380743982495,2.4070021881838075,0.87527352297593
gRNA_533,923,0,923,920,1,2,875,1,1,47,1,44,2,0.10834236186348861,0.10834236186348861,94.79956663055255,5.092091007583965,0.10834236186348861,4.7670639219935,0.21668472372697722
gRNA_5343,417,0,417,208,82,127,95,17,82,305,0,178,127,4.07673860911271,19.664268585131893,22.781774580335732,73.14148681055156,0.0,42.68585131894484,30.455635491606714
gRNA_5351,761,0,761,582,80,99,530,62,80,169,0,70,99,8.14717477003942,10.512483574244415,69.64520367936925,22.207621550591327,0.0,9.198423127463863,13.009198423127463
gRNA_5353,72,0,72,65,7,0,58,0,7,14,0,14,0,0.0,9.722222222222223,80.55555555555556,19.444444444444446,0.0,19.444444444444446,0.0
gRNA_5373,0,0,0,0,0,0,0,0,0,0,0,0,0,0.0,0.0,0.0,0.0,0.0,0.0,0.0
gRNA_5374,0,0,0,0,0,0,0,0,0,0,0,0,0,0.0,0.0,0.0,0.0,0.0,0.0,0.0
gRNA_538,1697,0,1697,1697,0,0,1488,0,0,209,0,209,0,0.0,0.0,87.68414849734826,12.315851502651737,0.0,12.315851502651737,0.0
gRNA_5501,0,0,0,0,0,0,0,0,0,0,0,0,0,0.0,0.0,0.0,0.0,0.0,0.0,0.0
gRNA_553,745,0,745,741,4,0,675,3,4,67,5,62,0,0.4026845637583893,0.5369127516778524,90.60402684563759,8.993288590604028,0.6711409395973155,8.322147651006711,0.0
gRNA_5621,0,0,0,0,0,0,0,0,0,0,0,0,0,0.0,0.0,0.0,0.0,0.0,0.0,0.0
gRNA_5624,43,0,43,1,42,0,0,0,42,43,0,43,0,0.0,97.67441860465115,0.0,100.0,0.0,100.0,0.0
gRNA_5625,0,0,0,0,0,0,0,0,0,0,0,0,0,0.0,0.0,0.0,0.0,0.0,0.0,0.0
gRNA_568,1045,0,1045,964,25,56,655,9,25,381,0,325,56,0.8612440191387559,2.3923444976076556,62.67942583732058,36.45933014354067,0.0,31.100478468899524,5.358851674641149
gRNA_574,183,0,183,182,0,1,92,0,0,91,0,90,1,0.0,0.0,50.27322404371585,49.72677595628415,0.0,49.18032786885246,0.546448087431694
gRNA_5740,0,0,0,0,0,0,0,0,0,0,0,0,0,0.0,0.0,0.0,0.0,0.0,0.0,0.0
gRNA_5781,721,0,721,268,290,163,197,190,290,334,0,171,163,26.352288488210817,40.221914008321775,27.323162274618586,46.3245492371706,0.0,23.71705963938974,22.607489597780862
gRNA_5783,2664,0,2664,2663,1,0,2599,1,1,64,0,64,0,0.03753753753753754,0.03753753753753754,97.56006006006007,2.4024024024024024,0.0,2.4024024024024024,0.0
gRNA_5786,326,0,326,320,6,0,251,0,6,75,0,75,0,0.0,1.8404907975460123,76.99386503067484,23.006134969325153,0.0,23.006134969325153,0.0
gRNA_5795,617,0,617,614,1,2,495,0,1,122,31,85,6,0.0,0.1620745542949757,80.22690437601297,19.773095623987032,5.024311183144246,13.776337115072934,0.9724473257698543
gRNA_5803,943,0,943,566,168,209,191,70,168,682,441,27,214,7.423117709437964,17.815482502651115,20.254506892895016,72.32237539766702,46.76564156945917,2.863202545068929,22.693531283138917
gRNA_5805,48,0,48,36,5,7,25,2,5,21,0,14,7,4.166666666666666,10.416666666666668,52.083333333333336,43.75,0.0,29.166666666666668,14.583333333333334
gRNA_5906,1250,0,1250,1222,15,13,1087,11,15,152,0,139,13,0.88,1.2,86.96000000000001,12.16,0.0,11.12,1.04
gRNA_5911,2601,0,2601,2514,60,27,1787,31,60,783,0,756,27,1.1918492887351018,2.306805074971165,68.7043444828912,30.103806228373703,0.0,29.06574394463668,1.0380622837370241
gRNA_592,1368,0,1368,1367,1,0,1273,1,1,94,0,94,0,0.07309941520467836,0.07309941520467836,93.05555555555556,6.871345029239766,0.0,6.871345029239766,0.0
gRNA_5920,2788,0,2788,2778,3,7,2041,1,3,746,0,739,7,0.03586800573888092,0.10760401721664276,73.20659971305595,26.757532281205165,0.0,26.506456241033,0.2510760401721664
gRNA_5932,1171,0,1171,1170,1,0,1141,1,1,29,0,29,0,0.08539709649871904,0.08539709649871904,97.43808710503843,2.4765157984628523,0.0,2.4765157984628523,0.0
gRNA_5941,1729,0,1729,1717,5,7,1701,5,5,23,0,16,7,0.2891844997108155,0.2891844997108155,98.38056680161942,1.3302486986697513,0.0,0.9253903990746095,0.4048582995951417
gRNA_5952,1055,0,1055,899,68,88,786,62,68,207,0,119,88,5.876777251184834,6.4454976303317535,74.50236966824644,19.620853080568722,0.0,11.27962085308057,8.341232227488153
gRNA_5954,352,0,352,298,24,30,222,19,24,111,0,81,30,5.3977272727272725,6.8181818181818175,63.06818181818182,31.53409090909091,0.0,23.011363636363637,8.522727272727272
gRNA_5960,4631,0,4631,3490,535,606,3373,483,535,775,0,169,606,10.429712805009716,11.552580436190887,72.83524076873246,16.735046426257828,0.0,3.649319801338804,13.085726624919026
gRNA_5964,1096,0,1096,1093,3,0,1070,0,3,26,0,26,0,0.0,0.2737226277372263,97.62773722627736,2.3722627737226274,0.0,2.3722627737226274,0.0
gRNA_605,646,0,646,646,0,0,582,0,0,64,0,64,0,0.0,0.0,90.09287925696594,9.907120743034056,0.0,9.907120743034056,0.0
gRNA_6080,0,0,0,0,0,0,0,0,0,0,0,0,0,0.0,0.0,0.0,0.0,0.0,0.0,0.0
gRNA_6081,0,0,0,0,0,0,0,0,0,0,0,0,0,0.0,0.0,0.0,0.0,0.0,0.0,0.0
gRNA_6087,0,0,0,0,0,0,0,0,0,0,0,0,0,0.0,0.0,0.0,0.0,0.0,0.0,0.0
gRNA_610,19,0,19,9,3,7,8,2,3,9,0,2,7,10.526315789473683,15.789473684210526,42.10526315789473,47.368421052631575,0.0,10.526315789473683,36.84210526315789
gRNA_6101,712,0,712,709,2,1,354,2,2,356,0,355,1,0.2808988764044944,0.2808988764044944,49.71910112359551,50.0,0.0,49.859550561797754,0.1404494382022472
gRNA_6111,0,0,0,0,0,0,0,0,0,0,0,0,0,0.0,0.0,0.0,0.0,0.0,0.0,0.0
gRNA_6118,1034,0,1034,333,345,356,302,310,345,422,0,66,356,29.980657640232106,33.36557059961315,29.206963249516445,40.81237911025145,0.0,6.382978723404255,34.4294003868472
gRNA_6125,0,0,0,0,0,0,0,0,0,0,0,0,0,0.0,0.0,0.0,0.0,0.0,0.0,0.0
gRNA_6127,527,0,527,441,55,31,292,36,55,199,0,168,31,6.83111954459203,10.436432637571158,55.40796963946869,37.76091081593928,0.0,31.87855787476281,5.88235294117647
gRNA_6129,0,0,0,0,0,0,0,0,0,0,0,0,0,0.0,0.0,0.0,0.0,0.0,0.0,0.0
gRNA_613,316,0,316,316,0,0,310,0,0,6,4,2,0,0.0,0.0,98.10126582278481,1.89873417721519,1.2658227848101267,0.6329113924050633,0.0
gRNA_6148,98,0,98,30,5,63,5,3,5,90,0,11,79,3.061224489795918,5.1020408163265305,5.1020408163265305,91.83673469387756,0.0,11.224489795918368,80.61224489795919
gRNA_6152,1355,5,1350,952,152,246,831,125,152,394,0,142,252,9.25925925925926,11.25925925925926,61.55555555555555,29.185185185185187,0.0,10.518518518518519,18.666666666666668
gRNA_6158,533,0,533,533,0,0,520,0,0,13,0,13,0,0.0,0.0,97.5609756097561,2.4390243902439024,0.0,2.4390243902439024,0.0
gRNA_6160,768,0,768,768,0,0,671,0,0,97,0,97,0,0.0,0.0,87.36979166666666,12.630208333333334,0.0,12.630208333333334,0.0
gRNA_6166,837,0,837,707,62,68,599,41,62,197,0,129,68,4.898446833930705,7.4074074074074066,71.56511350059738,23.536439665471924,0.0,15.412186379928317,8.124253285543608
gRNA_617,404,0,404,259,55,90,209,30,55,165,0,75,90,7.425742574257425,13.613861386138614,51.73267326732673,40.84158415841584,0.0,18.564356435643564,22.277227722772277
gRNA_6170,941,0,941,916,13,12,285,0,13,656,0,644,12,0.0,1.381509032943677,30.28692879914984,69.71307120085017,0.0,68.43783209351754,1.2752391073326248
gRNA_6176,541,0,541,516,15,10,467,12,15,62,0,52,10,2.2181146025878005,2.7726432532347505,86.32162661737523,11.460258780036968,0.0,9.611829944547134,1.8484288354898337
gRNA_6178,0,0,0,0,0,0,0,0,0,0,0,0,0,0.0,0.0,0.0,0.0,0.0,0.0,0.0
gRNA_6179,8,6,2,0,2,0,0,0,2,2,0,2,0,0.0,100.0,0.0,100.0,0.0,100.0,0.0
gRNA_6181,517,0,517,508,4,5,429,3,4,85,0,80,5,0.5802707930367506,0.7736943907156674,82.97872340425532,16.44100580270793,0.0,15.473887814313347,0.9671179883945842
gRNA_6197,792,0,792,785,2,5,498,0,2,294,0,289,5,0.0,0.25252525252525254,62.878787878787875,37.121212121212125,0.0,36.48989898989899,0.6313131313131313
gRNA_6215,456,0,456,438,15,3,399,6,15,51,0,48,3,1.3157894736842104,3.289473684210526,87.5,11.18421052631579,0.0,10.526315789473683,0.6578947368421052
gRNA_6218,626,0,626,626,0,0,339,0,0,287,91,190,6,0.0,0.0,54.153354632587856,45.846645367412144,14.536741214057509,30.35143769968051,0.9584664536741214
gRNA_627,136,0,136,136,0,0,98,0,0,38,0,38,0,0.0,0.0,72.05882352941177,27.941176470588236,0.0,27.941176470588236,0.0
gRNA_634,0,0,0,0,0,0,0,0,0,0,0,0,0,0.0,0.0,0.0,0.0,0.0,0.0,0.0
gRNA_635,137,0,137,106,10,21,47,4,10,86,0,65,21,2.9197080291970803,7.2992700729927,34.306569343065696,62.77372262773723,0.0,47.44525547445255,15.328467153284672
gRNA_636,1882,0,1882,1731,59,92,940,20,59,922,0,830,92,1.0626992561105209,3.1349628055260363,49.94686503719448,48.99043570669501,0.0,44.10201912858661,4.888416578108395
gRNA_6370,4,0,4,3,1,0,2,1,1,1,0,1,0,25.0,25.0,50.0,25.0,0.0,25.0,0.0
gRNA_6374,1135,0,1135,1076,27,32,841,13,27,281,0,249,32,1.145374449339207,2.378854625550661,74.09691629955947,24.75770925110132,0.0,21.938325991189426,2.8193832599118944
gRNA_6380,1225,0,1225,1220,1,4,1094,1,1,130,0,126,4,0.0816326530612245,0.0816326530612245,89.3061224489796,10.612244897959183,0.0,10.285714285714285,0.326530612244898
gRNA_6382,73,0,73,72,1,0,0,0,1,73,0,73,0,0.0,1.36986301369863,0.0,100.0,0.0,100.0,0.0
gRNA_6400,857,0,857,756,40,61,156,4,40,697,0,542,155,0.4667444574095682,4.667444574095683,18.203033838973163,81.33022170361727,0.0,63.243873978996504,18.08634772462077
gRNA_6406,467,0,467,333,49,85,180,28,49,259,6,163,90,5.995717344753747,10.492505353319057,38.54389721627409,55.46038543897216,1.284796573875803,34.90364025695932,19.271948608137045
gRNA_6407,1530,0,1530,1529,1,0,1444,1,1,85,0,85,0,0.065359477124183,0.065359477124183,94.37908496732025,5.555555555555555,0.0,5.555555555555555,0.0
gRNA_6414,1502,0,1502,1478,5,19,1224,4,5,274,0,255,19,0.2663115845539281,0.3328894806924101,81.49134487350199,18.242343541944077,0.0,16.977363515312916,1.2649800266311584
gRNA_6433,140,0,140,134,3,3,94,2,3,44,0,40,4,1.4285714285714286,2.142857142857143,67.14285714285714,31.428571428571427,0.0,28.57142857142857,2.857142857142857
gRNA_6435,163,0,163,161,1,1,45,1,1,117,0,116,1,0.6134969325153374,0.6134969325153374,27.607361963190186,71.77914110429448,0.0,71.16564417177914,0.6134969325153374
gRNA_6436,910,0,910,842,33,35,750,25,33,135,0,100,35,2.7472527472527473,3.626373626373627,82.41758241758241,14.835164835164836,0.0,10.989010989010989,3.8461538461538463
gRNA_6441,0,0,0,0,0,0,0,0,0,0,0,0,0,0.0,0.0,0.0,0.0,0.0,0.0,0.0
gRNA_6452,415,0,415,403,6,6,361,5,6,49,0,43,6,1.2048192771084338,1.4457831325301205,86.98795180722891,11.80722891566265,0.0,10.361445783132531,1.4457831325301205
gRNA_6455,41,0,41,17,18,6,12,5,18,24,0,8,16,12.195121951219512,43.90243902439025,29.268292682926827,58.536585365853654,0.0,19.51219512195122,39.02439024390244
gRNA_646,17,0,17,17,0,0,1,0,0,16,0,16,0,0.0,0.0,5.88235294117647,94.11764705882352,0.0,94.11764705882352,0.0
gRNA_6461,38,0,38,37,1,0,6,0,1,32,0,32,0,0.0,2.631578947368421,15.789473684210526,84.21052631578947,0.0,84.21052631578947,0.0
gRNA_6465,73,0,73,71,1,1,57,0,1,16,0,15,1,0.0,1.36986301369863,78.08219178082192,21.91780821917808,0.0,20.54794520547945,1.36986301369863
gRNA_6470,0,0,0,0,0,0,0,0,0,0,0,0,0,0.0,0.0,0.0,0.0,0.0,0.0,0.0
gRNA_6472,0,0,0,0,0,0,0,0,0,0,0,0,0,0.0,0.0,0.0,0.0,0.0,0.0,0.0
gRNA_6478,407,0,407,402,1,4,332,1,1,74,0,70,4,0.2457002457002457,0.2457002457002457,81.57248157248156,18.181818181818183,0.0,17.1990171990172,0.9828009828009828
gRNA_6480,0,0,0,0,0,0,0,0,0,0,0,0,0,0.0,0.0,0.0,0.0,0.0,0.0,0.0
gRNA_6483,250,0,250,248,1,1,6,0,1,244,0,243,1,0.0,0.4,2.4,97.6,0.0,97.2,0.4
gRNA_6497,1774,34,1740,1486,85,169,1061,41,85,638,0,469,169,2.3563218390804597,4.885057471264368,60.97701149425288,36.666666666666664,0.0,26.95402298850575,9.71264367816092
gRNA_6498,1085,183,902,733,54,115,240,11,54,651,0,536,115,1.2195121951219512,5.986696230598669,26.607538802660752,72.1729490022173,0.0,59.42350332594235,12.749445676274945
gRNA_6519,7,0,7,4,2,1,2,1,2,4,0,3,1,14.285714285714285,28.57142857142857,28.57142857142857,57.14285714285714,0.0,42.857142857142854,14.285714285714285
gRNA_6520,793,0,793,771,7,15,213,4,7,576,0,561,15,0.5044136191677175,0.8827238335435058,26.86002522068096,72.63556116015133,0.0,70.74401008827238,1.8915510718789406
gRNA_6530,806,0,806,763,19,24,733,17,19,56,0,32,24,2.109181141439206,2.357320099255583,90.94292803970222,6.9478908188585615,0.0,3.970223325062035,2.977667493796526
gRNA_6532,505,0,505,463,11,31,431,10,11,64,0,33,31,1.9801980198019802,2.178217821782178,85.34653465346534,12.673267326732674,0.0,6.534653465346535,6.138613861386139
gRNA_6537,2237,0,2237,2236,1,0,2164,0,1,73,0,73,0,0.0,0.044702726866338846,96.73670093875727,3.263299061242736,0.0,3.263299061242736,0.0
gRNA_655,775,2,773,623,12,138,310,5,12,458,0,320,138,0.646830530401035,1.5523932729624839,40.10349288486417,59.2496765847348,0.0,41.39715394566624,17.852522639068564
gRNA_6556,1934,0,1934,1718,72,144,1675,65,72,194,0,50,144,3.3609100310237854,3.722854188210962,86.60806618407446,10.031023784901757,0.0,2.5853154084798344,7.445708376421924
gRNA_656,2957,0,2957,2947,9,1,2652,2,9,303,0,302,1,0.06763611768684477,0.3043625295908015,89.68549205275617,10.246871829556984,0.0,10.213053770713561,0.033818058843422386
gRNA_6564,4,0,4,4,0,0,3,0,0,1,0,1,0,0.0,0.0,75.0,25.0,0.0,25.0,0.0
gRNA_6566,4730,0,4730,4680,17,33,4452,15,17,263,0,230,33,0.3171247357293869,0.3594080338266385,94.12262156448203,5.560253699788584,0.0,4.862579281183932,0.6976744186046512
gRNA_6568,174,0,174,107,26,41,65,9,26,100,0,59,41,5.172413793103448,14.942528735632186,37.35632183908046,57.47126436781609,0.0,33.90804597701149,23.563218390804597
gRNA_6570,127,0,127,39,0,88,11,0,0,116,0,28,88,0.0,0.0,8.661417322834646,91.33858267716536,0.0,22.04724409448819,69.29133858267717
gRNA_6573,439,0,439,430,9,0,413,9,9,17,0,17,0,2.050113895216401,2.050113895216401,94.07744874715262,3.8724373576309796,0.0,3.8724373576309796,0.0
gRNA_6580,698,0,698,695,2,1,435,1,2,262,192,57,13,0.14326647564469913,0.28653295128939826,62.32091690544412,37.53581661891118,27.507163323782237,8.166189111747851,1.8624641833810889
gRNA_6594,731,0,731,695,30,6,534,18,30,179,0,120,59,2.462380300957592,4.1039671682626535,73.05061559507524,24.48700410396717,0.0,16.415868673050614,8.071135430916552
gRNA_6602,333,0,333,332,1,0,117,0,1,216,0,216,0,0.0,0.3003003003003003,35.13513513513514,64.86486486486487,0.0,64.86486486486487,0.0
gRNA_6610,3930,0,3930,3573,224,133,3219,142,224,569,0,436,133,3.6132315521628495,5.699745547073792,81.90839694656489,14.478371501272264,0.0,11.094147582697202,3.3842239185750635
gRNA_6611,2684,0,2684,2572,68,44,2544,27,68,113,0,69,44,1.005961251862891,2.533532041728763,94.7839046199702,4.210134128166915,0.0,2.570789865871833,1.639344262295082
gRNA_6628,602,0,602,551,20,31,524,18,20,60,0,29,31,2.990033222591362,3.322259136212625,87.04318936877077,9.966777408637874,0.0,4.817275747508306,5.149501661129568
gRNA_6629,0,0,0,0,0,0,0,0,0,0,0,0,0,0.0,0.0,0.0,0.0,0.0,0.0,0.0
gRNA_663,1022,0,1022,1010,7,5,980,1,7,41,0,36,5,0.09784735812133072,0.684931506849315,95.8904109589041,4.011741682974559,0.0,3.522504892367906,0.4892367906066536
gRNA_6630,210,0,210,118,31,61,91,20,31,99,0,38,61,9.523809523809524,14.761904761904763,43.333333333333336,47.14285714285714,0.0,18.095238095238095,29.04761904761905
gRNA_6634,12,0,12,11,0,1,10,0,0,2,0,1,1,0.0,0.0,83.33333333333334,16.666666666666664,0.0,8.333333333333332,8.333333333333332
gRNA_6635,460,0,460,460,0,0,407,0,0,53,0,53,0,0.0,0.0,88.47826086956522,11.521739130434783,0.0,11.521739130434783,0.0
gRNA_6647,98,7,91,50,22,19,37,20,22,34,10,5,19,21.978021978021978,24.175824175824175,40.65934065934066,37.362637362637365,10.989010989010989,5.4945054945054945,20.87912087912088
gRNA_6651,443,0,443,438,3,2,249,1,3,193,0,191,2,0.2257336343115124,0.6772009029345373,56.20767494356659,43.566591422121896,0.0,43.115124153498876,0.4514672686230248
gRNA_6652,185,0,185,185,0,0,3,0,0,182,179,3,0,0.0,0.0,1.6216216216216217,98.37837837837839,96.75675675675676,1.6216216216216217,0.0
gRNA_6653,19,0,19,18,0,1,14,0,0,5,0,4,1,0.0,0.0,73.68421052631578,26.31578947368421,0.0,21.052631578947366,5.263157894736842
gRNA_6666,802,0,802,801,0,1,674,0,0,128,0,127,1,0.0,0.0,84.03990024937656,15.96009975062344,0.0,15.835411471321695,0.12468827930174563
gRNA_6669,13,0,13,10,2,1,5,0,2,8,0,7,1,0.0,15.384615384615385,38.46153846153847,61.53846153846154,0.0,53.84615384615385,7.6923076923076925
gRNA_6687,2040,0,2040,2028,5,7,741,0,5,1299,0,1292,7,0.0,0.24509803921568626,36.3235294117647,63.67647058823529,0.0,63.33333333333333,0.3431372549019608
gRNA_6690,43,0,43,39,4,0,12,2,4,29,0,29,0,4.651162790697675,9.30232558139535,27.906976744186046,67.44186046511628,0.0,67.44186046511628,0.0
gRNA_6696,0,0,0,0,0,0,0,0,0,0,0,0,0,0.0,0.0,0.0,0.0,0.0,0.0,0.0
gRNA_6704,169,0,169,152,9,8,121,5,9,43,0,35,8,2.9585798816568047,5.325443786982249,71.59763313609467,25.443786982248522,0.0,20.710059171597635,4.733727810650888
gRNA_6706,13,0,13,9,2,2,0,0,2,13,0,11,2,0.0,15.384615384615385,0.0,100.0,0.0,84.61538461538461,15.384615384615385
gRNA_6712,0,0,0,0,0,0,0,0,0,0,0,0,0,0.0,0.0,0.0,0.0,0.0,0.0,0.0
gRNA_672,2,0,2,0,1,1,0,0,1,2,0,1,1,0.0,50.0,0.0,100.0,0.0,50.0,50.0
gRNA_6720,742,0,742,738,1,3,419,0,1,323,32,282,9,0.0,0.13477088948787064,56.46900269541779,43.53099730458221,4.31266846361186,38.00539083557952,1.2129380053908356
gRNA_6722,1443,0,1443,564,500,379,510,456,500,477,0,98,379,31.600831600831604,34.65003465003465,35.343035343035346,33.056133056133056,0.0,6.791406791406791,26.264726264726264
gRNA_6743,0,0,0,0,0,0,0,0,0,0,0,0,0,0.0,0.0,0.0,0.0,0.0,0.0,0.0
gRNA_6745,0,0,0,0,0,0,0,0,0,0,0,0,0,0.0,0.0,0.0,0.0,0.0,0.0,0.0
gRNA_6781,0,0,0,0,0,0,0,0,0,0,0,0,0,0.0,0.0,0.0,0.0,0.0,0.0,0.0
gRNA_6782,0,0,0,0,0,0,0,0,0,0,0,0,0,0.0,0.0,0.0,0.0,0.0,0.0,0.0
gRNA_6797,0,0,0,0,0,0,0,0,0,0,0,0,0,0.0,0.0,0.0,0.0,0.0,0.0,0.0
gRNA_6833,0,0,0,0,0,0,0,0,0,0,0,0,0,0.0,0.0,0.0,0.0,0.0,0.0,0.0
gRNA_6834,0,0,0,0,0,0,0,0,0,0,0,0,0,0.0,0.0,0.0,0.0,0.0,0.0,0.0
gRNA_6835,0,0,0,0,0,0,0,0,0,0,0,0,0,0.0,0.0,0.0,0.0,0.0,0.0,0.0
gRNA_6842,0,0,0,0,0,0,0,0,0,0,0,0,0,0.0,0.0,0.0,0.0,0.0,0.0,0.0
gRNA_6849,0,0,0,0,0,0,0,0,0,0,0,0,0,0.0,0.0,0.0,0.0,0.0,0.0,0.0
gRNA_687,377,0,377,365,3,9,227,2,3,148,0,139,9,0.5305039787798408,0.7957559681697612,60.212201591511935,39.257294429708224,0.0,36.87002652519894,2.3872679045092835
gRNA_690,761,0,761,697,25,39,693,21,25,47,0,8,39,2.759526938239159,3.28515111695138,91.06438896189225,6.176084099868594,0.0,1.0512483574244416,5.124835742444152
gRNA_694,88,0,88,59,8,21,57,8,8,23,0,2,21,9.090909090909092,9.090909090909092,64.77272727272727,26.136363636363637,0.0,2.272727272727273,23.863636363636363
gRNA_7011,3743,0,3743,3733,5,5,3527,5,5,211,0,206,5,0.13358268768367618,0.13358268768367618,94.2292278920652,5.6371894202511355,0.0,5.50360673256746,0.13358268768367618
gRNA_7015,647,0,647,626,6,15,481,4,6,162,0,146,16,0.6182380216383307,0.9273570324574961,74.34312210200927,25.0386398763524,0.0,22.56568778979907,2.472952086553323
gRNA_7021,989,0,989,986,0,3,575,0,0,414,0,411,3,0.0,0.0,58.139534883720934,41.86046511627907,0.0,41.55712841253792,0.3033367037411527
gRNA_7023,10,0,10,3,5,2,3,5,5,2,0,0,2,50.0,50.0,30.0,20.0,0.0,0.0,20.0
gRNA_703,2,0,2,2,0,0,1,0,0,1,0,1,0,0.0,0.0,50.0,50.0,0.0,50.0,0.0
gRNA_7030,2403,0,2403,2396,2,5,2370,1,2,32,0,27,5,0.04161464835622139,0.08322929671244278,98.62671660424469,1.3316687473990845,0.0,1.1235955056179776,0.20807324178110698
gRNA_7034,908,0,908,809,44,55,503,40,44,365,57,253,55,4.405286343612335,4.845814977973569,55.396475770925115,40.198237885462554,6.277533039647578,27.863436123348016,6.057268722466961
gRNA_7043,306,0,306,306,0,0,286,0,0,20,0,20,0,0.0,0.0,93.4640522875817,6.535947712418301,0.0,6.535947712418301,0.0
gRNA_7045,1130,0,1130,1086,15,29,905,13,15,212,0,183,29,1.1504424778761062,1.3274336283185841,80.08849557522124,18.761061946902654,0.0,16.194690265486724,2.566371681415929
gRNA_705,33,0,33,32,0,1,28,0,0,5,0,4,1,0.0,0.0,84.84848484848484,15.151515151515152,0.0,12.121212121212121,3.0303030303030303
gRNA_7056,1692,0,1692,1692,0,0,1605,0,0,87,0,87,0,0.0,0.0,94.8581560283688,5.141843971631205,0.0,5.141843971631205,0.0
gRNA_7059,391,0,391,391,0,0,368,0,0,23,0,23,0,0.0,0.0,94.11764705882352,5.88235294117647,0.0,5.88235294117647,0.0
gRNA_7065,221,0,221,219,0,2,196,0,0,25,0,23,2,0.0,0.0,88.68778280542986,11.312217194570136,0.0,10.407239819004525,0.904977375565611
gRNA_707,227,0,227,227,0,0,18,0,0,209,195,13,1,0.0,0.0,7.929515418502203,92.07048458149781,85.90308370044053,5.726872246696035,0.4405286343612335
gRNA_710,1237,0,1237,948,173,116,619,88,173,530,0,414,116,7.113985448666129,13.985448666127729,50.04042037186742,42.84559417946645,0.0,33.46806790622473,9.377526273241713
gRNA_722,3177,0,3177,3126,14,37,2935,9,14,233,0,196,37,0.28328611898017,0.44066729619137546,92.38275102297764,7.333962858042178,0.0,6.169342146679257,1.164620711362921
gRNA_725,2024,0,2024,1762,97,165,1632,75,97,317,0,152,165,3.705533596837945,4.792490118577075,80.63241106719367,15.66205533596838,0.0,7.5098814229249005,8.152173913043478
gRNA_726,312,1,311,302,6,3,297,6,6,8,0,5,3,1.929260450160772,1.929260450160772,95.4983922829582,2.572347266881029,0.0,1.607717041800643,0.964630225080386
gRNA_7276,752,105,647,524,51,72,181,8,51,458,1,385,72,1.2364760432766615,7.8825347758887165,27.97527047913447,70.78825347758887,0.1545595054095827,59.50540958268934,11.128284389489954
gRNA_7277,13,1,12,7,1,4,2,0,1,10,0,6,4,0.0,8.333333333333332,16.666666666666664,83.33333333333334,0.0,50.0,33.33333333333333
gRNA_7281,2826,0,2826,2823,0,3,2725,0,0,101,0,98,3,0.0,0.0,96.42604387827318,3.573956121726822,0.0,3.4677990092002826,0.10615711252653928
gRNA_731,752,0,752,725,2,25,571,2,2,179,0,154,25,0.26595744680851063,0.26595744680851063,75.93085106382979,23.8031914893617,0.0,20.47872340425532,3.324468085106383
gRNA_733,1387,0,1387,957,173,257,764,137,173,486,0,229,257,9.877433309300649,12.47296322999279,55.08291276135544,35.039653929343906,0.0,16.51045421773612,18.529199711607784
gRNA_735,895,0,895,886,2,7,752,1,2,142,0,135,7,0.11173184357541899,0.22346368715083798,84.02234636871509,15.865921787709498,0.0,15.083798882681565,0.782122905027933
gRNA_7361,69,0,69,69,0,0,48,0,0,21,0,21,0,0.0,0.0,69.56521739130434,30.434782608695656,0.0,30.434782608695656,0.0
gRNA_7365,3,0,3,3,0,0,3,0,0,0,0,0,0,0.0,0.0,100.0,0.0,0.0,0.0,0.0
gRNA_7371,754,0,754,749,0,5,717,0,0,37,0,32,5,0.0,0.0,95.09283819628646,4.907161803713528,0.0,4.244031830238726,0.6631299734748011
gRNA_7372,76,0,76,76,0,0,36,0,0,40,0,40,0,0.0,0.0,47.368421052631575,52.63157894736842,0.0,52.63157894736842,0.0
gRNA_7379,365,0,365,362,3,0,191,1,3,173,3,160,10,0.273972602739726,0.821917808219178,52.32876712328767,47.397260273972606,0.821917808219178,43.83561643835616,2.73972602739726
gRNA_7393,0,0,0,0,0,0,0,0,0,0,0,0,0,0.0,0.0,0.0,0.0,0.0,0.0,0.0
gRNA_7394,554,0,554,522,9,23,507,6,9,41,0,18,23,1.083032490974729,1.6245487364620936,91.51624548736463,7.400722021660649,0.0,3.2490974729241873,4.1516245487364625
gRNA_7409,3,0,3,3,0,0,1,0,0,2,0,1,1,0.0,0.0,33.33333333333333,66.66666666666666,0.0,33.33333333333333,33.33333333333333
gRNA_742,39,12,27,26,0,1,10,0,0,17,0,16,1,0.0,0.0,37.03703703703704,62.96296296296296,0.0,59.25925925925925,3.7037037037037033
gRNA_7420,129,0,129,129,0,0,64,0,0,65,0,65,0,0.0,0.0,49.6124031007752,50.3875968992248,0.0,50.3875968992248,0.0
gRNA_7426,692,34,658,649,2,7,477,2,2,179,0,165,14,0.303951367781155,0.303951367781155,72.49240121580547,27.203647416413375,0.0,25.07598784194529,2.127659574468085
gRNA_7429,4,0,4,4,0,0,0,0,0,4,0,4,0,0.0,0.0,0.0,100.0,0.0,100.0,0.0
gRNA_7434,36,1,35,35,0,0,15,0,0,20,0,20,0,0.0,0.0,42.857142857142854,57.14285714285714,0.0,57.14285714285714,0.0
gRNA_7436,113,0,113,95,6,12,88,5,6,20,1,6,13,4.424778761061947,5.3097345132743365,77.87610619469027,17.699115044247787,0.8849557522123894,5.3097345132743365,11.504424778761061
gRNA_7444,144,0,144,144,0,0,127,0,0,17,0,16,1,0.0,0.0,88.19444444444444,11.805555555555555,0.0,11.11111111111111,0.6944444444444444
gRNA_7446,1316,0,1316,1179,87,50,145,8,87,1163,0,1111,52,0.60790273556231,6.6109422492401215,11.018237082066868,88.37386018237082,0.0,84.4224924012158,3.951367781155015
gRNA_7447,25,0,25,24,1,0,14,0,1,11,0,11,0,0.0,4.0,56.00000000000001,44.0,0.0,44.0,0.0
gRNA_7448,401,0,401,379,10,12,72,3,10,326,0,314,12,0.7481296758104738,2.493765586034913,17.955112219451372,81.29675810473816,0.0,78.30423940149626,2.9925187032418954
gRNA_7450,149,10,139,133,3,3,24,0,3,115,0,111,4,0.0,2.158273381294964,17.26618705035971,82.73381294964028,0.0,79.85611510791367,2.877697841726619
gRNA_7462,650,0,650,636,11,3,359,4,11,287,0,284,3,0.6153846153846154,1.6923076923076923,55.230769230769226,44.15384615384615,0.0,43.69230769230769,0.46153846153846156
gRNA_748,498,0,498,454,15,29,412,10,15,76,0,47,29,2.0080321285140563,3.0120481927710845,82.73092369477911,15.261044176706829,0.0,9.437751004016064,5.8232931726907635
gRNA_7481,0,0,0,0,0,0,0,0,0,0,0,0,0,0.0,0.0,0.0,0.0,0.0,0.0,0.0
gRNA_750,2204,1,2203,1792,408,3,1403,401,408,399,0,396,3,18.202451202905127,18.520199727644123,63.68588288697231,18.11166591012256,0.0,17.975487970948706,0.13617793917385385
gRNA_7510,0,0,0,0,0,0,0,0,0,0,0,0,0,0.0,0.0,0.0,0.0,0.0,0.0,0.0
gRNA_7511,2,0,2,0,2,0,0,0,2,2,0,2,0,0.0,100.0,0.0,100.0,0.0,100.0,0.0
gRNA_7512,0,0,0,0,0,0,0,0,0,0,0,0,0,0.0,0.0,0.0,0.0,0.0,0.0,0.0
gRNA_7513,0,0,0,0,0,0,0,0,0,0,0,0,0,0.0,0.0,0.0,0.0,0.0,0.0,0.0
gRNA_7514,0,0,0,0,0,0,0,0,0,0,0,0,0,0.0,0.0,0.0,0.0,0.0,0.0,0.0
gRNA_7558,0,0,0,0,0,0,0,0,0,0,0,0,0,0.0,0.0,0.0,0.0,0.0,0.0,0.0
gRNA_756,1077,0,1077,808,140,129,787,130,140,160,0,31,129,12.070566388115136,12.999071494893222,73.07335190343547,14.856081708449395,0.0,2.8783658310120708,11.977715877437326
gRNA_7645,3138,0,3138,3124,1,13,2769,1,1,368,0,355,13,0.03186743148502231,0.03186743148502231,88.24091778202677,11.72721478648821,0.0,11.312938177182918,0.41427660930529
gRNA_7653,2112,0,2112,2107,2,3,1950,1,2,161,0,158,3,0.04734848484848485,0.0946969696969697,92.32954545454545,7.6231060606060606,0.0,7.481060606060606,0.14204545454545456
gRNA_766,3199,365,2834,2656,81,97,2611,78,81,145,2,40,103,2.7522935779816518,2.858151023288638,92.13126323218066,5.116443189837685,0.07057163020465773,1.4114326040931546,3.6344389555398733
gRNA_7660,101,0,101,101,0,0,78,0,0,23,0,23,0,0.0,0.0,77.22772277227723,22.772277227722775,0.0,22.772277227722775,0.0
gRNA_7669,1701,0,1701,1323,163,215,1270,144,163,287,0,70,217,8.465608465608465,9.58259847148736,74.66196355085243,16.872427983539097,0.0,4.11522633744856,12.757201646090536
gRNA_7670,2232,93,2139,2099,18,22,1416,9,18,714,0,692,22,0.42075736325385693,0.8415147265077139,66.19915848527349,33.38008415147265,0.0,32.35156615240767,1.0285179990649838
gRNA_7674,494,0,494,480,7,7,291,1,7,202,0,195,7,0.20242914979757085,1.417004048582996,58.906882591093115,40.89068825910931,0.0,39.473684210526315,1.417004048582996
gRNA_7687,498,0,498,492,2,4,483,1,2,14,0,10,4,0.2008032128514056,0.4016064257028112,96.98795180722891,2.8112449799196786,0.0,2.0080321285140563,0.8032128514056224
gRNA_7690,179,0,179,145,10,24,88,2,10,89,0,65,24,1.1173184357541899,5.58659217877095,49.162011173184354,49.72067039106145,0.0,36.312849162011176,13.40782122905028
gRNA_7701,900,0,900,900,0,0,868,0,0,32,0,32,0,0.0,0.0,96.44444444444444,3.5555555555555554,0.0,3.5555555555555554,0.0
gRNA_7709,693,0,693,480,105,108,455,99,105,139,0,31,108,14.285714285714285,15.151515151515152,65.65656565656566,20.057720057720058,0.0,4.473304473304474,15.584415584415584
gRNA_7710,4607,0,4607,4606,0,1,3501,0,0,1106,0,1105,1,0.0,0.0,75.99305404818753,24.006945951812458,0.0,23.985239852398525,0.021706099413935316
gRNA_7712,143,0,143,64,38,41,56,34,38,53,0,12,41,23.776223776223777,26.573426573426573,39.16083916083916,37.06293706293706,0.0,8.391608391608392,28.671328671328673
gRNA_7713,497,0,497,328,69,100,150,36,69,311,0,211,100,7.2434607645875255,13.883299798792756,30.181086519114686,62.57545271629779,0.0,42.45472837022133,20.12072434607646
gRNA_7718,652,0,652,652,0,0,544,0,0,108,0,108,0,0.0,0.0,83.43558282208589,16.56441717791411,0.0,16.56441717791411,0.0
gRNA_772,1,0,1,0,0,1,0,0,0,1,0,0,1,0.0,0.0,0.0,100.0,0.0,0.0,100.0
gRNA_7721,0,0,0,0,0,0,0,0,0,0,0,0,0,0.0,0.0,0.0,0.0,0.0,0.0,0.0
gRNA_7730,1539,0,1539,1512,10,17,471,1,10,1067,0,1050,17,0.0649772579597141,0.649772579597141,30.60428849902534,69.33073424301494,0.0,68.2261208576998,1.1046133853151396
gRNA_7731,1392,0,1392,1391,1,0,1285,1,1,106,0,106,0,0.07183908045977011,0.07183908045977011,92.3132183908046,7.614942528735632,0.0,7.614942528735632,0.0
gRNA_7734,1293,0,1293,1285,3,5,1139,1,3,153,0,148,5,0.07733952049497293,0.23201856148491878,88.08971384377416,11.832946635730858,0.0,11.446249033255993,0.3866976024748647
gRNA_775,1412,0,1412,1387,3,22,365,0,3,1047,0,1025,22,0.0,0.2124645892351275,25.84985835694051,74.15014164305948,0.0,72.59206798866855,1.5580736543909348
gRNA_7750,1160,0,1160,1159,0,1,261,0,0,899,0,898,1,0.0,0.0,22.5,77.5,0.0,77.41379310344828,0.08620689655172414
gRNA_7753,1286,0,1286,1042,84,160,1016,74,84,196,0,36,160,5.7542768273716955,6.531881804043546,79.00466562986003,15.241057542768274,0.0,2.7993779160186625,12.441679626749611
gRNA_7754,392,0,392,387,0,5,354,0,0,38,0,33,5,0.0,0.0,90.3061224489796,9.693877551020408,0.0,8.418367346938775,1.2755102040816326
gRNA_7762,2639,0,2639,2639,0,0,2179,0,0,460,0,460,0,0.0,0.0,82.56915498294809,17.43084501705191,0.0,17.43084501705191,0.0
gRNA_7812,0,0,0,0,0,0,0,0,0,0,0,0,0,0.0,0.0,0.0,0.0,0.0,0.0,0.0
gRNA_7813,0,0,0,0,0,0,0,0,0,0,0,0,0,0.0,0.0,0.0,0.0,0.0,0.0,0.0
gRNA_7816,0,0,0,0,0,0,0,0,0,0,0,0,0,0.0,0.0,0.0,0.0,0.0,0.0,0.0
gRNA_7839,0,0,0,0,0,0,0,0,0,0,0,0,0,0.0,0.0,0.0,0.0,0.0,0.0,0.0
gRNA_7843,0,0,0,0,0,0,0,0,0,0,0,0,0,0.0,0.0,0.0,0.0,0.0,0.0,0.0
gRNA_7883,95,22,73,73,0,0,49,0,0,24,15,6,3,0.0,0.0,67.12328767123287,32.87671232876712,20.54794520547945,8.21917808219178,4.10958904109589
gRNA_7893,375,0,375,374,1,0,157,0,1,218,0,91,127,0.0,0.26666666666666666,41.86666666666667,58.13333333333334,0.0,24.266666666666666,33.86666666666667
gRNA_7900,1,0,1,1,0,0,1,0,0,0,0,0,0,0.0,0.0,100.0,0.0,0.0,0.0,0.0
gRNA_7902,0,0,0,0,0,0,0,0,0,0,0,0,0,0.0,0.0,0.0,0.0,0.0,0.0,0.0
gRNA_7909,606,0,606,479,121,6,351,115,121,140,2,125,13,18.976897689768975,19.966996699669966,57.920792079207914,23.1023102310231,0.33003300330033003,20.627062706270628,2.145214521452145
gRNA_7910,3062,98,2964,2753,75,136,2608,66,75,290,0,154,136,2.2267206477732793,2.5303643724696356,87.98920377867746,9.784075573549257,0.0,5.195681511470985,4.588394062078273
gRNA_7914,1619,0,1619,1381,59,179,1320,52,59,247,0,68,179,3.211859172328598,3.644224830142063,81.53180975911056,15.256331068560842,0.0,4.2001235330450895,11.056207535515751
gRNA_7918,0,0,0,0,0,0,0,0,0,0,0,0,0,0.0,0.0,0.0,0.0,0.0,0.0,0.0
gRNA_7928,117,0,117,87,6,24,46,2,6,69,0,45,24,1.7094017094017095,5.128205128205128,39.31623931623932,58.97435897435898,0.0,38.46153846153847,20.51282051282051
gRNA_7931,3385,0,3385,1715,657,1013,1441,506,657,1438,0,425,1013,14.948301329394386,19.409158050221563,42.57016248153619,42.48153618906942,0.0,12.55539143279173,29.926144756277694
gRNA_7943,291,0,291,146,78,67,110,46,78,135,0,68,67,15.807560137457044,26.804123711340207,37.80068728522337,46.391752577319586,0.0,23.367697594501717,23.02405498281787
gRNA_7951,32,0,32,31,1,0,24,0,1,8,0,8,0,0.0,3.125,75.0,25.0,0.0,25.0,0.0
gRNA_7952,141,0,141,140,0,1,77,0,0,64,0,63,1,0.0,0.0,54.60992907801418,45.39007092198582,0.0,44.680851063829785,0.7092198581560284
gRNA_7954,1535,0,1535,1503,10,22,1438,8,10,89,0,67,22,0.5211726384364821,0.6514657980456027,93.68078175895765,5.798045602605863,0.0,4.364820846905538,1.4332247557003257
gRNA_7955,1336,3,1333,1305,11,17,1286,7,11,40,0,23,17,0.5251312828207052,0.8252063015753939,96.47411852963242,3.0007501875468865,0.0,1.72543135783946,1.275318829707427
gRNA_796,58,0,58,49,8,1,45,6,8,7,0,6,1,10.344827586206897,13.793103448275861,77.58620689655173,12.068965517241379,0.0,10.344827586206897,1.7241379310344827
gRNA_7961,3,0,3,3,0,0,1,0,0,2,0,2,0,0.0,0.0,33.33333333333333,66.66666666666666,0.0,66.66666666666666,0.0
gRNA_7964,387,0,387,378,1,8,320,0,1,67,0,59,8,0.0,0.2583979328165375,82.68733850129199,17.31266149870801,0.0,15.245478036175712,2.0671834625323
gRNA_7973,777,0,777,776,1,0,530,1,1,246,8,237,1,0.1287001287001287,0.1287001287001287,68.21106821106821,31.66023166023166,1.0296010296010296,30.501930501930502,0.1287001287001287
gRNA_7974,25,0,25,0,1,24,0,1,1,24,0,0,24,4.0,4.0,0.0,96.0,0.0,0.0,96.0
gRNA_7977,0,0,0,0,0,0,0,0,0,0,0,0,0,0.0,0.0,0.0,0.0,0.0,0.0,0.0
gRNA_7993,197,0,197,195,2,0,131,2,2,64,2,62,0,1.015228426395939,1.015228426395939,66.49746192893402,32.48730964467005,1.015228426395939,31.472081218274113,0.0
gRNA_7996,0,0,0,0,0,0,0,0,0,0,0,0,0,0.0,0.0,0.0,0.0,0.0,0.0,0.0
gRNA_7997,2206,0,2206,2201,1,4,1390,0,1,816,0,812,4,0.0,0.04533091568449683,63.00997280145059,36.99002719854941,0.0,36.80870353581142,0.1813236627379873
gRNA_8005,1626,0,1626,1626,0,0,1355,0,0,271,0,271,0,0.0,0.0,83.33333333333334,16.666666666666664,0.0,16.666666666666664,0.0
gRNA_804,267,0,267,266,1,0,261,0,1,6,0,6,0,0.0,0.37453183520599254,97.75280898876404,2.247191011235955,0.0,2.247191011235955,0.0
gRNA_808,1892,0,1892,1880,4,8,1427,1,4,464,0,456,8,0.052854122621564484,0.21141649048625794,75.42283298097252,24.52431289640592,0.0,24.101479915433405,0.42283298097251587
gRNA_8103,3181,0,3181,2785,205,191,2540,177,205,464,66,204,194,5.5642879597610815,6.444514303678088,79.84910405532851,14.586607984910405,2.0748192392329456,6.413077648538196,6.098711097139264
gRNA_8107,5,0,5,1,4,0,0,0,4,5,0,5,0,0.0,80.0,0.0,100.0,0.0,100.0,0.0
gRNA_8113,58,0,58,50,2,6,11,0,2,47,0,1,46,0.0,3.4482758620689653,18.96551724137931,81.03448275862068,0.0,1.7241379310344827,79.3103448275862
gRNA_8114,560,0,560,419,49,92,168,39,49,353,0,261,92,6.964285714285714,8.75,30.0,63.035714285714285,0.0,46.60714285714286,16.428571428571427
gRNA_8121,495,0,495,412,28,55,326,15,28,154,0,99,55,3.0303030303030303,5.656565656565657,65.85858585858585,31.11111111111111,0.0,20.0,11.11111111111111
gRNA_8129,2,0,2,2,0,0,2,0,0,0,0,0,0,0.0,0.0,100.0,0.0,0.0,0.0,0.0
gRNA_8139,3,0,3,3,0,0,0,0,0,3,0,3,0,0.0,0.0,0.0,100.0,0.0,100.0,0.0
gRNA_8143,812,0,812,795,7,10,723,4,7,85,0,75,10,0.49261083743842365,0.8620689655172413,89.03940886699507,10.467980295566502,0.0,9.236453201970443,1.2315270935960592
gRNA_8148,2038,0,2038,1998,14,26,1738,7,14,293,0,267,26,0.34347399411187435,0.6869479882237487,85.27968596663396,14.376840039254171,0.0,13.10107948969578,1.2757605495583906
gRNA_8150,37,0,37,27,4,6,14,1,4,22,0,16,6,2.7027027027027026,10.81081081081081,37.83783783783784,59.45945945945946,0.0,43.24324324324324,16.216216216216218
gRNA_8169,107,0,107,99,2,6,37,1,2,69,0,63,6,0.9345794392523363,1.8691588785046727,34.57943925233645,64.48598130841121,0.0,58.87850467289719,5.607476635514018
gRNA_8172,43,0,43,30,3,10,11,0,3,32,0,22,10,0.0,6.976744186046512,25.581395348837212,74.4186046511628,0.0,51.162790697674424,23.25581395348837
gRNA_8173,46,0,46,44,2,0,36,1,2,9,0,9,0,2.1739130434782608,4.3478260869565215,78.26086956521739,19.565217391304348,0.0,19.565217391304348,0.0
gRNA_8175,17,0,17,0,17,0,0,0,17,17,0,17,0,0.0,100.0,0.0,100.0,0.0,100.0,0.0
gRNA_8183,429,0,429,429,0,0,387,0,0,42,17,25,0,0.0,0.0,90.20979020979021,9.79020979020979,3.9627039627039626,5.827505827505827,0.0
gRNA_8186,148,16,132,132,0,0,95,0,0,37,0,37,0,0.0,0.0,71.96969696969697,28.030303030303028,0.0,28.030303030303028,0.0
gRNA_8202,36,0,36,33,0,3,9,0,0,27,0,24,3,0.0,0.0,25.0,75.0,0.0,66.66666666666666,8.333333333333332
gRNA_8218,468,6,462,453,6,3,432,0,6,30,0,27,3,0.0,1.2987012987012987,93.5064935064935,6.493506493506493,0.0,5.844155844155844,0.6493506493506493
gRNA_8228,0,0,0,0,0,0,0,0,0,0,0,0,0,0.0,0.0,0.0,0.0,0.0,0.0,0.0
gRNA_8495,76,0,76,75,1,0,59,0,1,17,0,17,0,0.0,1.3157894736842104,77.63157894736842,22.36842105263158,0.0,22.36842105263158,0.0
gRNA_8496,66,0,66,64,1,1,45,0,1,21,0,20,1,0.0,1.5151515151515151,68.18181818181817,31.818181818181817,0.0,30.303030303030305,1.5151515151515151
gRNA_8497,486,0,486,462,8,16,378,4,8,104,10,78,16,0.823045267489712,1.646090534979424,77.77777777777779,21.39917695473251,2.05761316872428,16.049382716049383,3.292181069958848
gRNA_8498,163,0,163,132,23,8,67,1,23,95,3,82,10,0.6134969325153374,14.11042944785276,41.104294478527606,58.282208588957054,1.8404907975460123,50.306748466257666,6.134969325153374
gRNA_8499,366,0,366,274,36,56,226,23,36,117,0,61,56,6.284153005464481,9.836065573770492,61.74863387978142,31.967213114754102,0.0,16.666666666666664,15.300546448087433
gRNA_85,0,0,0,0,0,0,0,0,0,0,0,0,0,0.0,0.0,0.0,0.0,0.0,0.0,0.0
gRNA_8500,1755,0,1755,1201,245,309,1083,159,245,513,0,204,309,9.05982905982906,13.96011396011396,61.70940170940171,29.230769230769234,0.0,11.623931623931623,17.60683760683761
gRNA_8501,311,0,311,304,3,4,198,2,3,111,0,107,4,0.6430868167202572,0.964630225080386,63.665594855305464,35.69131832797427,0.0,34.40514469453376,1.2861736334405145
gRNA_8502,1262,0,1262,1208,23,31,1184,22,23,56,0,25,31,1.7432646592709984,1.8225039619651346,93.81933438985737,4.437400950871632,0.0,1.9809825673534072,2.456418383518225
gRNA_8503,833,0,833,806,12,15,798,12,12,23,0,8,15,1.440576230492197,1.440576230492197,95.7983193277311,2.7611044417767108,0.0,0.9603841536614646,1.800720288115246
gRNA_8504,31,0,31,29,2,0,13,1,2,17,4,12,1,3.225806451612903,6.451612903225806,41.935483870967744,54.83870967741935,12.903225806451612,38.70967741935484,3.225806451612903
gRNA_8505,1060,0,1060,964,45,51,620,19,45,421,0,370,51,1.7924528301886793,4.245283018867925,58.490566037735846,39.716981132075475,0.0,34.90566037735849,4.811320754716982
gRNA_8506,4,1,3,2,0,1,1,0,0,2,0,1,1,0.0,0.0,33.33333333333333,66.66666666666666,0.0,33.33333333333333,33.33333333333333
gRNA_8507,301,2,299,185,75,39,101,6,75,192,5,147,40,2.0066889632107023,25.08361204013378,33.77926421404682,64.21404682274247,1.6722408026755853,49.163879598662206,13.377926421404682
gRNA_8508,87,0,87,52,13,22,51,13,13,23,0,1,22,14.942528735632186,14.942528735632186,58.620689655172406,26.436781609195403,0.0,1.1494252873563218,25.287356321839084
gRNA_8509,818,0,818,815,1,2,719,0,1,99,0,97,2,0.0,0.12224938875305623,87.89731051344744,12.102689486552567,0.0,11.858190709046456,0.24449877750611246
gRNA_8510,2571,0,2571,2540,7,24,2153,3,7,415,0,391,24,0.11668611435239205,0.2722676001555815,83.7417347335667,16.1415791520809,0.0,15.208090237261764,0.9334889148191364
gRNA_8511,203,0,203,200,2,1,186,2,2,15,0,14,1,0.9852216748768473,0.9852216748768473,91.62561576354679,7.389162561576355,0.0,6.896551724137931,0.49261083743842365
gRNA_8512,509,0,509,495,11,3,475,2,11,32,0,20,12,0.3929273084479371,2.161100196463654,93.32023575638507,6.286836935166994,0.0,3.9292730844793713,2.357563850687623
gRNA_8514,436,0,436,436,0,0,242,0,0,194,0,194,0,0.0,0.0,55.5045871559633,44.4954128440367,0.0,44.4954128440367,0.0
gRNA_8515,2,0,2,2,0,0,0,0,0,2,0,2,0,0.0,0.0,0.0,100.0,0.0,100.0,0.0
gRNA_8516,127,0,127,122,3,2,65,0,3,62,1,40,21,0.0,2.3622047244094486,51.181102362204726,48.818897637795274,0.7874015748031495,31.496062992125985,16.535433070866144
gRNA_8517,488,0,488,484,3,1,403,2,3,83,0,82,1,0.4098360655737705,0.6147540983606558,82.58196721311475,17.008196721311474,0.0,16.80327868852459,0.20491803278688525
gRNA_8518,253,0,253,212,13,28,62,8,13,183,3,39,141,3.1620553359683794,5.138339920948617,24.50592885375494,72.33201581027669,1.185770750988142,15.41501976284585,55.73122529644269
gRNA_8519,0,0,0,0,0,0,0,0,0,0,0,0,0,0.0,0.0,0.0,0.0,0.0,0.0,0.0
gRNA_8520,2,0,2,2,0,0,2,0,0,0,0,0,0,0.0,0.0,100.0,0.0,0.0,0.0,0.0
gRNA_8521,677,0,677,205,430,42,29,285,430,363,142,157,64,42.09748892171344,63.515509601181684,4.283604135893649,53.61890694239291,20.974889217134415,23.190546528803544,9.453471196454949
gRNA_8522,1971,0,1971,273,1581,117,190,1153,1581,628,2,507,119,58.498224251648914,80.2130898021309,9.639776763064434,31.861998985286654,0.10147133434804667,25.72298325722983,6.037544393708777
gRNA_8523,1698,0,1698,685,516,497,534,390,516,774,0,277,497,22.968197879858657,30.3886925795053,31.448763250883395,45.583038869257955,0.0,16.3133097762073,29.26972909305065
gRNA_8524,195,1,194,157,37,0,87,0,37,107,0,107,0,0.0,19.072164948453608,44.84536082474227,55.154639175257735,0.0,55.154639175257735,0.0
gRNA_8525,1184,0,1184,1179,5,0,750,0,5,434,8,408,18,0.0,0.4222972972972973,63.3445945945946,36.6554054054054,0.6756756756756757,34.45945945945946,1.5202702702702704
gRNA_8526,365,0,365,356,7,2,214,0,7,151,0,149,2,0.0,1.9178082191780823,58.63013698630137,41.369863013698634,0.0,40.821917808219176,0.547945205479452
gRNA_8527,2159,0,2159,2149,10,0,1892,0,10,267,1,265,1,0.0,0.4631773969430292,87.63316350162113,12.366836498378879,0.04631773969430292,12.274201018990274,0.04631773969430292
gRNA_8528,950,0,950,945,5,0,676,1,5,273,9,264,0,0.10526315789473684,0.5263157894736842,71.15789473684211,28.73684210526316,0.9473684210526316,27.789473684210524,0.0
gRNA_8529,1697,0,1697,1673,10,14,1470,7,10,220,1,205,14,0.41249263406010606,0.5892751915144373,86.62345315262228,12.964054213317619,0.05892751915144372,12.080141426045964,0.8249852681202121
gRNA_8530,1129,101,1028,912,40,76,504,14,40,510,0,434,76,1.3618677042801557,3.8910505836575875,49.0272373540856,49.61089494163424,0.0,42.217898832684824,7.392996108949417
gRNA_8531,188,0,188,177,2,9,131,2,2,55,0,46,9,1.0638297872340425,1.0638297872340425,69.68085106382979,29.25531914893617,0.0,24.46808510638298,4.787234042553192
gRNA_8532,1695,0,1695,1535,51,109,931,24,51,740,0,631,109,1.415929203539823,3.0088495575221237,54.92625368731563,43.657817109144545,0.0,37.227138643067846,6.430678466076696
gRNA_8533,4,0,4,4,0,0,3,0,0,1,0,1,0,0.0,0.0,75.0,25.0,0.0,25.0,0.0
gRNA_8534,4,0,4,3,1,0,2,1,1,1,0,1,0,25.0,25.0,50.0,25.0,0.0,25.0,0.0
gRNA_8694,227,0,227,210,10,7,209,3,10,15,0,8,7,1.3215859030837005,4.405286343612335,92.07048458149781,6.607929515418502,0.0,3.524229074889868,3.0837004405286343
gRNA_8699,0,0,0,0,0,0,0,0,0,0,0,0,0,0.0,0.0,0.0,0.0,0.0,0.0,0.0
gRNA_871,0,0,0,0,0,0,0,0,0,0,0,0,0,0.0,0.0,0.0,0.0,0.0,0.0,0.0
gRNA_8775,0,0,0,0,0,0,0,0,0,0,0,0,0,0.0,0.0,0.0,0.0,0.0,0.0,0.0
gRNA_8803,0,0,0,0,0,0,0,0,0,0,0,0,0,0.0,0.0,0.0,0.0,0.0,0.0,0.0
gRNA_8867,0,0,0,0,0,0,0,0,0,0,0,0,0,0.0,0.0,0.0,0.0,0.0,0.0,0.0
gRNA_895,0,0,0,0,0,0,0,0,0,0,0,0,0,0.0,0.0,0.0,0.0,0.0,0.0,0.0
gRNA_896,0,0,0,0,0,0,0,0,0,0,0,0,0,0.0,0.0,0.0,0.0,0.0,0.0,0.0
gRNA_8999,0,0,0,0,0,0,0,0,0,0,0,0,0,0.0,0.0,0.0,0.0,0.0,0.0,0.0
gRNA_9105,0,0,0,0,0,0,0,0,0,0,0,0,0,0.0,0.0,0.0,0.0,0.0,0.0,0.0
gRNA_9114,0,0,0,0,0,0,0,0,0,0,0,0,0,0.0,0.0,0.0,0.0,0.0,0.0,0.0
gRNA_9115,0,0,0,0,0,0,0,0,0,0,0,0,0,0.0,0.0,0.0,0.0,0.0,0.0,0.0
gRNA_937,490,0,490,489,0,1,396,0,0,94,0,93,1,0.0,0.0,80.81632653061224,19.183673469387756,0.0,18.979591836734695,0.20408163265306123
gRNA_944,1214,0,1214,1179,12,23,845,5,12,364,0,341,23,0.41186161449752884,0.9884678747940692,69.60461285008238,29.983525535420096,0.0,28.08896210873147,1.8945634266886324
gRNA_946,639,0,639,629,5,5,593,5,5,41,0,36,5,0.7824726134585289,0.7824726134585289,92.80125195618153,6.416275430359937,0.0,5.633802816901409,0.7824726134585289
gRNA_953,426,0,426,426,0,0,73,0,0,353,0,353,0,0.0,0.0,17.136150234741784,82.86384976525821,0.0,82.86384976525821,0.0
gRNA_958,56,0,56,53,3,0,50,0,3,6,0,6,0,0.0,5.357142857142857,89.28571428571429,10.714285714285714,0.0,10.714285714285714,0.0
gRNA_9710,157,0,157,156,0,1,134,0,0,23,0,22,1,0.0,0.0,85.35031847133759,14.64968152866242,0.0,14.012738853503185,0.6369426751592357
gRNA_9719,147,0,147,135,6,6,47,2,6,98,0,92,6,1.3605442176870748,4.081632653061225,31.97278911564626,66.66666666666666,0.0,62.585034013605444,4.081632653061225
gRNA_9723,291,0,291,289,0,2,274,0,0,17,0,15,2,0.0,0.0,94.15807560137456,5.841924398625429,0.0,5.154639175257731,0.6872852233676976
gRNA_9732,245,42,203,96,40,67,92,40,40,71,0,4,67,19.704433497536947,19.704433497536947,45.320197044334975,34.97536945812808,0.0,1.9704433497536946,33.004926108374384
gRNA_9736,46,0,46,27,11,8,24,9,11,13,0,5,8,19.565217391304348,23.91304347826087,52.17391304347826,28.26086956521739,0.0,10.869565217391305,17.391304347826086
gRNA_9742,76,0,76,76,0,0,76,0,0,0,0,0,0,0.0,0.0,100.0,0.0,0.0,0.0,0.0
gRNA_9745,0,0,0,0,0,0,0,0,0,0,0,0,0,0.0,0.0,0.0,0.0,0.0,0.0,0.0
gRNA_990,1274,0,1274,1138,53,83,984,42,53,248,0,165,83,3.296703296703297,4.160125588697017,77.2370486656201,19.46624803767661,0.0,12.951334379905807,6.5149136577708004
gRNA_996,367,0,367,365,2,0,102,0,2,265,0,265,0,0.0,0.544959128065395,27.79291553133515,72.20708446866485,0.0,72.20708446866485,0.0
